Gene stable ID,Drosophila melanogaster - (Fruit fly) gene name,Drosophila melanogaster - (Fruit fly) gene stable ID,"Drosophila melanogaster - (Fruit fly) orthology confidence [0 low, 1 high]",Drosophila melanogaster - (Fruit fly) homology type
LOC6902552,CG8173,FBgn0030864,0,ortholog_one2many
LOC6897207,CG43210,FBgn0262846,1,ortholog_one2one
LOC4814018,PGRP-LF,FBgn0035977,1,ortholog_one2one
LOC4817869,TfIIS,FBgn0010422,1,ortholog_one2one
LOC6898001,RhoGAP93B,FBgn0038853,1,ortholog_one2one
LOC4816216,CG13077,FBgn0032810,1,ortholog_one2one
LOC4803285,bnl,FBgn0014135,1,ortholog_one2one
LOC4817791,net,FBgn0002931,1,ortholog_one2one
LOC4817676,mEFTs,FBgn0032646,1,ortholog_one2one
LOC117184822,COX6B,FBgn0031066,1,ortholog_one2many
LOC6901969,Ubr3,FBgn0260970,1,ortholog_one2one
LOC4815235,dtn,FBgn0262730,1,ortholog_one2one
LOC4816431,Tif-IA,FBgn0032988,1,ortholog_one2one
LOC4812752,CG14566,FBgn0037127,1,ortholog_one2one
LOC4816590,ms(2)34Fe,FBgn0261529,1,ortholog_one2one
LOC6900993,CG16985,FBgn0035355,1,ortholog_one2many
LOC6898126,CG30427,FBgn0043792,1,ortholog_one2one
LOC26533571,Nipped-A,FBgn0053554,0,ortholog_one2one
LOC6896880,CG31161,FBgn0051161,0,ortholog_one2many
LOC6896880,CCY,FBgn0267592,0,ortholog_one2many
LOC4815739,CG14406,FBgn0030595,1,ortholog_one2one
LOC4818162,CG9150,FBgn0031775,1,ortholog_one2one
LOC4804449,GEFmeso,FBgn0050115,1,ortholog_one2one
LOC4800403,RpS7,FBgn0039757,1,ortholog_one2one
LOC4812651,Teh3,FBgn0040697,1,ortholog_one2one
LOC4803278,CG7432,FBgn0038727,1,ortholog_one2one
LOC6897344,mask,FBgn0043884,1,ortholog_one2one
LOC4813320,mv,FBgn0288310,1,ortholog_one2one
LOC4811983,nes,FBgn0026630,1,ortholog_one2many
LOC4800669,ALiX,FBgn0086346,0,ortholog_one2one
LOC4805173,CG9344,FBgn0034564,0,ortholog_one2one
LOC4801897,Osi11,FBgn0037418,1,ortholog_one2one
LOC4801842,Smg6,FBgn0039260,0,ortholog_one2one
LOC4803736,l(2)k09913,FBgn0021979,0,ortholog_one2one
LOC4800665,CG12883,FBgn0039538,1,ortholog_one2many
LOC4800665,CG14610,FBgn0037477,0,ortholog_one2many
LOC6900072,Con,FBgn0005775,1,ortholog_one2one
LOC6903464,Su(H),FBgn0004837,1,ortholog_one2one
LOC4803658,cer,FBgn0034443,1,ortholog_one2one
LOC4803733,Gr59b,FBgn0045482,1,ortholog_one2one
LOC4805224,Alp2,FBgn0283480,1,ortholog_one2many
LOC4805224,Alp8,FBgn0034712,1,ortholog_one2many
LOC4813399,Tmhs,FBgn0262624,1,ortholog_one2one
LOC26532264,CG13285,FBgn0035611,1,ortholog_one2one
LOC4816407,CG9008,FBgn0028540,1,ortholog_one2one
LOC6898277,CG42837,FBgn0262026,1,ortholog_one2one
LOC6897864,alpha-Est6,FBgn0015574,1,ortholog_one2one
LOC4813265,Grip163,FBgn0026432,1,ortholog_one2one
LOC4817633,Or22b,FBgn0026397,0,ortholog_many2many
LOC4817633,Or22a,FBgn0026398,0,ortholog_many2many
LOC4815690,CG1662,FBgn0030481,1,ortholog_one2one
LOC4802721,Pbp95,FBgn0037540,1,ortholog_one2one
LOC4800380,PH4alphaNE1,FBgn0039780,1,ortholog_one2one
LOC4804850,Pms2,FBgn0011660,1,ortholog_one2one
LOC4812371,Rexo5,FBgn0286051,1,ortholog_one2one
LOC4812629,laza,FBgn0037163,1,ortholog_one2one
LOC6903438,CG42784,FBgn0263354,0,ortholog_one2one
LOC6902399,CG9568,FBgn0032087,1,ortholog_one2many
LOC4813817,Tasp1,FBgn0263602,1,ortholog_one2one
LOC4805263,Gr58a,FBgn0041239,1,ortholog_one2one
LOC4803060,CG17199,FBgn0038775,1,ortholog_one2one
LOC6903259,CG5245,FBgn0038047,0,ortholog_one2many
LOC4812083,CG5104,FBgn0037009,1,ortholog_one2one
LOC26534452,l(2)41Ab,FBgn0262123,0,ortholog_one2one
LOC6899796,CG13096,FBgn0032050,1,ortholog_one2one
LOC4813423,Ppat-Dpck,FBgn0035632,1,ortholog_one2one
LOC4813724,skd,FBgn0003415,1,ortholog_one2one
LOC6901591,Crag,FBgn0025864,1,ortholog_one2one
LOC4802010,CG9588,FBgn0038166,1,ortholog_one2one
LOC4817198,Tbcd,FBgn0027509,1,ortholog_one2one
LOC4815167,CG15199,FBgn0030270,1,ortholog_one2one
LOC4815604,norpA,FBgn0262738,1,ortholog_one2one
LOC4812221,Tim13,FBgn0036204,1,ortholog_one2one
LOC6903343,bchs,FBgn0043362,1,ortholog_one2one
LOC4817073,yellow-b,FBgn0032601,1,ortholog_one2one
LOC6898455,CG32117,FBgn0052117,0,ortholog_one2many
LOC6898455,uno,FBgn0033258,1,ortholog_one2many
LOC4800724,CG31204,FBgn0051204,1,ortholog_one2one
LOC4813303,Wdr92,FBgn0036771,1,ortholog_one2one
LOC4815860,kdn,FBgn0261955,1,ortholog_one2one
LOC6902051,RpL30,FBgn0086710,0,ortholog_one2many
LOC6898245,CG4409,FBgn0034128,1,ortholog_one2one
LOC6900122,CG42538,FBgn0260646,0,ortholog_one2many
LOC4814310,CG15044,FBgn0030928,1,ortholog_one2one
LOC4816236,CG42369,FBgn0259715,1,ortholog_one2one
LOC4803794,Menl-2,FBgn0029153,1,ortholog_one2one
LOC4803620,CG9890,FBgn0034814,1,ortholog_one2one
LOC4818017,eya,FBgn0000320,1,ortholog_one2one
LOC117184168,Ir31a,FBgn0051718,0,ortholog_one2many
LOC4814598,CG8568,FBgn0030841,0,ortholog_one2one
LOC117184221,Ube4A,FBgn0028467,0,ortholog_one2many
LOC4812322,miple1,FBgn0027111,1,ortholog_one2one
LOC6900645,bma,FBgn0085385,1,ortholog_one2one
LOC4804311,RpL12,FBgn0034968,1,ortholog_one2one
LOC4816726,Trf5,FBgn0031446,1,ortholog_one2one
LOC4803547,Ance-5,FBgn0035076,1,ortholog_one2one
LOC6896677,CG31897,FBgn0051897,0,ortholog_one2one
LOC4803351,CG8230,FBgn0027607,1,ortholog_one2one
LOC4801161,Vha100-1,FBgn0028671,1,ortholog_one2one
LOC4815811,CG14270,FBgn0029665,1,ortholog_one2one
LOC4817828,CG11617,FBgn0031232,1,ortholog_one2one
LOC4812121,CG4982,FBgn0036598,1,ortholog_one2one
LOC6900056,CG42540,FBgn0260657,1,ortholog_one2one
LOC4816858,Ns4,FBgn0032882,1,ortholog_one2one
LOC6901624,CG32537,FBgn0052537,1,ortholog_one2many
LOC4817052,papi,FBgn0031401,1,ortholog_one2one
LOC4813235,CG33160,FBgn0053160,1,ortholog_one2one
LOC4804471,CG3906,FBgn0034871,1,ortholog_one2one
LOC4816305,Mondo,FBgn0032940,1,ortholog_one2one
LOC4814783,Prosalpha4T1,FBgn0265606,0,ortholog_many2many
LOC4814783,Prosalpha4,FBgn0004066,0,ortholog_many2many
LOC6902935,Sec24CD,FBgn0262126,1,ortholog_one2one
LOC6899120,CG14321,FBgn0038540,0,ortholog_one2one
LOC4800304,CG31038,FBgn0051038,1,ortholog_one2one
LOC4815615,Chpf,FBgn0263005,1,ortholog_one2one
LOC4801266,CG9799,FBgn0038146,1,ortholog_one2one
LOC4802026,Dhod,FBgn0000447,1,ortholog_one2one
LOC4817129,ChLD3,FBgn0032598,1,ortholog_one2one
LOC4815450,CG1571,FBgn0029993,1,ortholog_one2one
LOC4802508,Ubc6,FBgn0004436,1,ortholog_one2one
LOC4800401,CG9737,FBgn0039758,1,ortholog_one2one
LOC4816448,Ku80,FBgn0041627,1,ortholog_one2one
LOC26533605,CG17192,FBgn0039472,1,ortholog_many2many
LOC26533605,CG17191,FBgn0039473,1,ortholog_many2many
LOC26533605,CG6283,FBgn0039474,1,ortholog_many2many
LOC4817002,shv,FBgn0031256,1,ortholog_one2one
LOC117183542,CG42383,FBgn0259729,1,ortholog_one2one
LOC4815912,pcx,FBgn0003048,1,ortholog_one2one
LOC117185100,mRpL3,FBgn0030686,0,ortholog_one2many
LOC4803763,Ugt49C1,FBgn0034605,1,ortholog_one2one
LOC6901004,Ypel,FBgn0030183,0,ortholog_one2one
LOC4813781,CG13074,FBgn0036567,1,ortholog_one2one
LOC6902423,Grl43a,FBgn0033202,0,ortholog_one2one
LOC4813403,Kap-alpha1,FBgn0024889,1,ortholog_one2one
LOC6898674,CG34200,FBgn0085229,1,ortholog_one2many
LOC6898674,CG15461,FBgn0040649,0,ortholog_one2many
LOC4814511,CG5445,FBgn0030838,0,ortholog_one2one
LOC4802649,Tsp96F,FBgn0027865,1,ortholog_one2one
LOC4816048,PhKgamma,FBgn0011754,1,ortholog_one2one
LOC4813124,Est-P,FBgn0000594,1,ortholog_many2many
LOC4813124,Est-6,FBgn0000592,1,ortholog_many2many
LOC6897053,CG14253,FBgn0039467,1,ortholog_one2one
LOC4813818,mex1,FBgn0004228,1,ortholog_one2one
LOC4817015,Btk,FBgn0003502,1,ortholog_one2one
LOC4804081,CG12129,FBgn0033475,1,ortholog_one2one
LOC4813751,CG13930,FBgn0035256,1,ortholog_one2one
LOC4803442,CG30158,FBgn0050158,1,ortholog_one2one
LOC13036323,Map205,FBgn0002645,1,ortholog_one2one
LOC4803289,Dpck,FBgn0037469,1,ortholog_one2one
LOC6897125,Rbp,FBgn0262483,1,ortholog_one2one
LOC6901081,bves,FBgn0031150,1,ortholog_one2one
LOC5384072,Gyc89Db,FBgn0038436,1,ortholog_one2one
LOC4801696,Nepl19,FBgn0039612,1,ortholog_one2one
LOC6899357,Graf,FBgn0030685,0,ortholog_one2one
LOC4804673,CCHa1-R,FBgn0050106,1,ortholog_one2one
LOC4815755,CG9522,FBgn0030587,1,ortholog_one2one
LOC4812463,Aplip1,FBgn0040281,1,ortholog_one2one
LOC4811689,Fis1,FBgn0039969,0,ortholog_one2one
LOC6900300,nab,FBgn0259986,1,ortholog_one2one
LOC6897641,laf,FBgn0020280,0,ortholog_one2one
LOC6901668,CG32679,FBgn0052679,0,ortholog_one2one
LOC4817577,CG15432,FBgn0031603,1,ortholog_one2one
LOC6897850,Sas-4,FBgn0011020,1,ortholog_one2one
LOC4813727,CG14995,FBgn0035497,1,ortholog_one2one
LOC4813801,ppl,FBgn0027945,1,ortholog_one2one
LOC26532934,CG46443,FBgn0287213,1,ortholog_one2one
LOC6898272,CG34185,FBgn0085214,1,ortholog_one2one
LOC4805696,MED16,FBgn0034707,1,ortholog_one2one
LOC6900714,Lcp65Ag1,FBgn0020638,1,ortholog_many2many
LOC6900714,Lcp65Ae,FBgn0020640,1,ortholog_many2many
LOC6900714,Lcp65Ag3,FBgn0086611,1,ortholog_many2many
LOC6900714,Lcp65Af,FBgn0020639,1,ortholog_many2many
LOC6900714,Lcp65Ag2,FBgn0020637,1,ortholog_many2many
LOC6901072,CG33557,FBgn0053557,1,ortholog_one2one
LOC4816278,CG8813,FBgn0031476,1,ortholog_one2one
LOC13036380,kmr,FBgn0085412,1,ortholog_one2one
LOC4816888,MESR3,FBgn0032694,1,ortholog_one2one
LOC4812815,MED1,FBgn0037109,1,ortholog_one2one
LOC4804785,CG14500,FBgn0034318,0,ortholog_one2one
LOC4813425,Papss,FBgn0020389,1,ortholog_one2one
LOC4800693,Tmtc4,FBgn0038324,1,ortholog_one2one
LOC4816030,rho-4,FBgn0030318,0,ortholog_one2one
LOC6903406,Naxd,FBgn0036848,0,ortholog_one2one
LOC6897477,Spf30,FBgn0039977,0,ortholog_one2one
LOC4800530,Srp72,FBgn0038810,1,ortholog_one2one
LOC4818098,CG5958,FBgn0031913,1,ortholog_one2one
LOC6897141,CG31051,FBgn0051051,1,ortholog_one2one
LOC6898780,Pdk,FBgn0017558,1,ortholog_one2one
LOC4815658,usp,FBgn0003964,1,ortholog_one2one
LOC4804093,fat-spondin,FBgn0026721,1,ortholog_one2one
LOC4815446,CG7860,FBgn0030653,0,ortholog_one2one
LOC117184174,Bug22,FBgn0032248,0,ortholog_one2one
LOC4803005,CG8112,FBgn0037612,1,ortholog_one2one
LOC4813536,Capr,FBgn0042134,1,ortholog_one2one
LOC4811989,ttm2,FBgn0035124,1,ortholog_one2one
LOC26532572,mthl3,FBgn0028956,0,ortholog_many2many
LOC26532572,mth,FBgn0023000,1,ortholog_many2many
LOC26532572,mthl2,FBgn0035623,0,ortholog_many2many
LOC26532572,mthl4,FBgn0034219,0,ortholog_many2many
LOC4812676,Su(P),FBgn0004465,1,ortholog_one2one
LOC4800683,Or98a,FBgn0039551,1,ortholog_one2many
LOC6902299,sog,FBgn0003463,0,ortholog_one2one
LOC4803985,ave,FBgn0050476,1,ortholog_one2one
LOC4812777,CG32176,FBgn0052176,1,ortholog_one2one
LOC6900262,CG9452,FBgn0036877,1,ortholog_one2one
LOC4812206,Arl1,FBgn0000115,1,ortholog_one2one
LOC4813789,SNCF,FBgn0036349,1,ortholog_one2one
LOC4800256,janA,FBgn0001280,1,ortholog_one2one
LOC6903085,CG2617,FBgn0032877,1,ortholog_one2many
LOC26531981,elfless,FBgn0032660,0,ortholog_many2many
LOC26531981,CG43058,FBgn0262360,0,ortholog_many2many
LOC4813063,Fit1,FBgn0035498,1,ortholog_one2one
LOC6897317,jar,FBgn0011225,1,ortholog_one2one
LOC4803147,RpL3,FBgn0020910,1,ortholog_one2one
LOC6901796,CG42541,FBgn0260658,1,ortholog_one2one
LOC6898990,Cht12,FBgn0050293,1,ortholog_one2many
LOC6901842,CG14050,FBgn0040392,0,ortholog_one2one
LOC4813922,ebd2,FBgn0037076,1,ortholog_one2one
LOC4801823,CG2187,FBgn0017448,1,ortholog_one2one
LOC4812864,CG42269,FBgn0259164,1,ortholog_one2one
LOC4818147,chic,FBgn0000308,1,ortholog_one2one
LOC4804614,Nplp1,FBgn0035092,1,ortholog_one2one
LOC4804169,Dp,FBgn0011763,1,ortholog_one2one
LOC4811997,CycA,FBgn0000404,0,ortholog_one2one
LOC4814106,ProRS-m,FBgn0027082,1,ortholog_one2one
LOC6902594,CG14013,FBgn0031720,1,ortholog_one2one
LOC6899768,Vps11,FBgn0052350,0,ortholog_one2one
LOC4816445,Naa20B,FBgn0051851,1,ortholog_one2one
LOC4802446,Orco,FBgn0037324,1,ortholog_one2one
LOC26534030,vap,FBgn0003969,0,ortholog_one2one
LOC4815364,Dlip1,FBgn0040467,1,ortholog_one2one
LOC4800391,CG2218,FBgn0039767,1,ortholog_one2one
LOC6898086,Spn42Dd,FBgn0028988,1,ortholog_one2one
LOC6900331,CG33702,FBgn0053702,1,ortholog_one2one
LOC4814551,CG12540,FBgn0030570,1,ortholog_one2one
LOC4802235,CG18599,FBgn0038592,1,ortholog_one2one
LOC4803988,Trs31,FBgn0266723,1,ortholog_one2one
LOC4816116,CG32988,FBgn0052988,1,ortholog_one2many
LOC4816116,CG32983,FBgn0052983,1,ortholog_one2many
LOC4802585,mfas,FBgn0260745,1,ortholog_one2one
LOC6898532,Vang,FBgn0015838,1,ortholog_one2one
LOC4801004,CG6040,FBgn0038679,1,ortholog_one2one
LOC6896863,CG7606,FBgn0040565,1,ortholog_one2one
LOC4801761,Pisd,FBgn0026576,1,ortholog_one2one
LOC4805353,CG8401,FBgn0034069,1,ortholog_one2one
LOC4812774,CG12316,FBgn0036483,1,ortholog_one2one
LOC4812687,alphaTub67C,FBgn0087040,1,ortholog_one2one
LOC4817036,CG31673,FBgn0051673,1,ortholog_one2one
LOC4802854,l(3)05822,FBgn0010877,0,ortholog_one2one
LOC4816362,aph-1,FBgn0031458,1,ortholog_one2one
LOC4816434,Marf1,FBgn0039972,0,ortholog_one2one
LOC117183174,CG18367,FBgn0034460,1,ortholog_one2one
LOC4816964,Mtpalpha,FBgn0028479,1,ortholog_one2one
LOC4805309,alka,FBgn0033558,1,ortholog_one2one
LOC4815875,Obp8a,FBgn0030103,1,ortholog_one2one
LOC4814882,Rbm13,FBgn0030067,1,ortholog_one2one
LOC4804863,Khc-73,FBgn0019968,1,ortholog_one2one
LOC4812082,CG10863,FBgn0027552,1,ortholog_one2one
LOC4802362,CG31098,FBgn0051098,1,ortholog_one2one
LOC4802689,sll,FBgn0038524,1,ortholog_one2one
LOC4805307,LTV1,FBgn0027525,1,ortholog_one2one
LOC6900151,Rh4,FBgn0003250,0,ortholog_one2one
LOC4813242,CG32091,FBgn0052091,1,ortholog_one2one
LOC6902019,Pits,FBgn0030400,1,ortholog_one2one
LOC4803173,CG7215,FBgn0038571,1,ortholog_one2one
LOC4813544,CG14105,FBgn0036359,0,ortholog_one2one
LOC4805187,Cyp9h1,FBgn0033775,1,ortholog_one2one
LOC4804741,CG9067,FBgn0033605,1,ortholog_one2one
LOC4817782,CG5861,FBgn0015338,1,ortholog_one2one
LOC4812220,CG3437,FBgn0035998,1,ortholog_one2one
LOC4812795,CG6628,FBgn0036072,1,ortholog_one2one
LOC4800286,CG42557,FBgn0260759,1,ortholog_one2one
LOC4800432,CG5805,FBgn0039223,1,ortholog_one2one
LOC4804907,boca,FBgn0004132,1,ortholog_one2one
LOC4804275,Cpr49Ae,FBgn0033728,1,ortholog_one2one
LOC26532133,CG42538,FBgn0260646,0,ortholog_one2many
LOC4805532,Tmtc3,FBgn0020312,1,ortholog_one2one
LOC4813455,Pdi,FBgn0286818,1,ortholog_one2one
LOC4803467,Tsp42Eo,FBgn0033136,1,ortholog_one2one
LOC4804896,rho-7,FBgn0033672,1,ortholog_one2one
LOC4800463,Cisd2,FBgn0062442,1,ortholog_one2one
LOC6898025,Yeti,FBgn0267398,0,ortholog_one2one
LOC4802745,Cont,FBgn0037240,1,ortholog_one2one
LOC4815163,CG12118,FBgn0030101,1,ortholog_one2one
LOC4800652,SF1,FBgn0025571,1,ortholog_one2one
LOC4813458,CheA75a,FBgn0036783,1,ortholog_one2one
LOC6898776,sub,FBgn0003545,0,ortholog_one2one
LOC4803379,Hen1,FBgn0033686,1,ortholog_one2one
LOC4811933,CG14455,FBgn0037175,1,ortholog_one2one
LOC4817119,Saf6,FBgn0031281,1,ortholog_one2one
LOC6899750,CG17486,FBgn0032997,0,ortholog_one2one
LOC6901123,CG12219,FBgn0043796,1,ortholog_one2one
LOC4802213,Kaz-m1,FBgn0002578,1,ortholog_one2one
LOC4804067,tn,FBgn0265356,1,ortholog_one2one
LOC6899878,bt,FBgn0005666,1,ortholog_one2one
LOC4817849,CG11601,FBgn0031244,1,ortholog_one2one
LOC6901028,Bx,FBgn0265598,1,ortholog_one2one
LOC4815038,Scamp,FBgn0040285,1,ortholog_one2one
LOC4804132,Coq9,FBgn0050493,1,ortholog_one2one
LOC6897213,Sid,FBgn0039593,0,ortholog_one2many
LOC6897213,CG33346,FBgn0053346,0,ortholog_one2many
LOC4811859,CG3808,FBgn0036838,1,ortholog_one2one
LOC4814151,RpL8,FBgn0261602,1,ortholog_one2one
LOC6903520,milt,FBgn0262872,1,ortholog_one2one
LOC6899232,CG16853,FBgn0028941,1,ortholog_one2one
LOC6901231,CG5107,FBgn0039342,0,ortholog_one2one
LOC4817896,B4,FBgn0023407,1,ortholog_one2one
LOC4814837,CG4617,FBgn0029936,1,ortholog_one2one
LOC4803136,Ugt303A1,FBgn0040252,1,ortholog_one2one
LOC4802568,Zip89B,FBgn0038412,1,ortholog_one2one
LOC4816430,Nubpl,FBgn0032986,0,ortholog_one2one
LOC4803025,CG32797,FBgn0052797,0,ortholog_one2one
LOC4803848,CG42260,FBgn0259145,1,ortholog_one2one
LOC6903886,Fen1,FBgn0025832,1,ortholog_one2one
LOC6903076,Sptz,FBgn0037897,0,ortholog_one2one
LOC4813464,CG6610,FBgn0035675,1,ortholog_one2one
LOC117185616,His4:CG33889,FBgn0053889,0,ortholog_one2many
LOC6901882,CG17600,FBgn0031195,1,ortholog_one2one
LOC6897893,Pif1B,FBgn0046874,0,ortholog_one2one
LOC4804758,wuc,FBgn0033770,1,ortholog_one2one
LOC4802804,CG9444,FBgn0037730,0,ortholog_one2one
LOC4803106,CG14866,FBgn0038315,1,ortholog_one2one
LOC4815239,Ir7c,FBgn0029966,1,ortholog_one2one
LOC4812199,CG32413,FBgn0052413,1,ortholog_one2one
LOC4804540,Eglp4,FBgn0034885,1,ortholog_one2one
LOC26532415,wrm2,FBgn0264303,1,ortholog_one2one
LOC4816652,Gli,FBgn0001987,1,ortholog_one2one
LOC4816474,CG11149,FBgn0031732,1,ortholog_one2one
LOC4804768,CG15615,FBgn0034159,1,ortholog_one2one
LOC4814584,CG2059,FBgn0029942,1,ortholog_one2one
LOC4804721,CG12923,FBgn0033461,1,ortholog_one2one
LOC4804626,CG8929,FBgn0034504,1,ortholog_one2one
LOC4813647,ArfGAP1,FBgn0020655,1,ortholog_one2one
LOC4803704,CG15674,FBgn0034642,1,ortholog_one2one
LOC4800492,ppk19,FBgn0039679,1,ortholog_one2one
LOC6902601,Cyp6t1,FBgn0031182,0,ortholog_one2one
LOC4817259,Wdr59,FBgn0032339,1,ortholog_one2one
LOC4814022,Slc45-1,FBgn0035968,1,ortholog_one2one
LOC4817436,jet,FBgn0031652,1,ortholog_one2one
LOC4817466,Ppt2,FBgn0032358,1,ortholog_one2one
LOC4811819,danr,FBgn0039283,1,ortholog_one2one
LOC4805156,CG6337,FBgn0033873,1,ortholog_one2one
LOC4813837,CG9018,FBgn0035318,1,ortholog_one2one
LOC4804427,maf-S,FBgn0034534,1,ortholog_one2one
LOC6903964,Surf6,FBgn0038746,1,ortholog_one2one
LOC6897056,CG31077,FBgn0051077,0,ortholog_one2one
LOC4815539,CG31205,FBgn0051205,0,ortholog_one2many
LOC4815539,CG14780,FBgn0025383,1,ortholog_one2many
LOC4800604,CG18473,FBgn0037683,1,ortholog_one2one
LOC4805373,CG6362,FBgn0028740,1,ortholog_one2one
LOC6900118,nSyb,FBgn0013342,1,ortholog_one2one
LOC6897906,Hsc70-4,FBgn0266599,0,ortholog_one2many
LOC4801435,CG14301,FBgn0038632,1,ortholog_one2one
LOC4814862,CG14234,FBgn0031065,1,ortholog_one2one
LOC4816344,eIF3i,FBgn0015834,1,ortholog_one2one
LOC4813828,Ir76b,FBgn0036937,1,ortholog_one2one
LOC4818115,CG31637,FBgn0051637,1,ortholog_one2one
LOC13036349,CG42650,FBgn0261502,1,ortholog_one2one
LOC6897462,hyd,FBgn0002431,0,ortholog_one2one
LOC4812543,CG3402,FBgn0035148,1,ortholog_one2one
LOC4804238,CG12910,FBgn0033502,1,ortholog_one2one
LOC4805600,CG16837,FBgn0035009,1,ortholog_one2one
LOC4805161,S-Lap7,FBgn0033868,1,ortholog_one2one
LOC4803221,Alg9,FBgn0039293,1,ortholog_one2one
LOC6902939,COX7AL2,FBgn0085201,1,ortholog_one2one
LOC4816374,BicC,FBgn0000182,1,ortholog_one2one
LOC6896664,Ktch,FBgn0039821,1,ortholog_one2one
LOC4818197,tadr,FBgn0032911,1,ortholog_one2one
LOC4801758,Rox8,FBgn0005649,1,ortholog_one2one
LOC4804130,Dgat2,FBgn0033215,1,ortholog_one2one
LOC6897117,CG31064,FBgn0051064,0,ortholog_one2one
LOC4811835,Cdk5alpha,FBgn0027491,0,ortholog_one2one
LOC4816663,VGlut,FBgn0031424,1,ortholog_one2one
LOC6903449,ND-B22,FBgn0032511,1,ortholog_one2one
LOC6898626,CG13227,FBgn0033589,1,ortholog_one2one
LOC4816676,Pax,FBgn0041789,1,ortholog_many2many
LOC4813681,CG9389,FBgn0037064,1,ortholog_one2one
LOC4814074,Cpsf6,FBgn0035872,1,ortholog_one2one
LOC4818179,CG31612,FBgn0051612,1,ortholog_one2one
LOC4817985,Uba4,FBgn0032054,1,ortholog_one2one
LOC6899177,Lcch3,FBgn0010240,0,ortholog_one2one
LOC4804602,CG13871,FBgn0034502,1,ortholog_one2one
LOC4812261,CG5910,FBgn0036993,1,ortholog_one2one
LOC6900084,CG33523,FBgn0053523,1,ortholog_one2one
LOC4802814,CG5276,FBgn0037900,1,ortholog_one2one
LOC6899484,Clic,FBgn0030529,0,ortholog_one2many
LOC4803099,Zip88E,FBgn0038312,1,ortholog_one2one
LOC4800449,CG31125,FBgn0051125,1,ortholog_one2one
LOC4813888,CG34428,FBgn0085457,1,ortholog_one2one
LOC4816451,CG13083,FBgn0032789,1,ortholog_one2one
LOC4804250,Dgp-1,FBgn0027836,0,ortholog_one2one
LOC4814748,XRCC1,FBgn0026751,1,ortholog_one2one
LOC6901913,CG8173,FBgn0030864,1,ortholog_one2many
LOC4801440,CG7694,FBgn0038627,1,ortholog_one2one
LOC4803076,CG17190,FBgn0038761,1,ortholog_one2one
LOC4817231,CG33120,FBgn0053120,1,ortholog_one2many
LOC4801540,hdly,FBgn0038842,1,ortholog_one2one
LOC4804730,Or47a,FBgn0026386,1,ortholog_one2one
LOC4812671,CG11586,FBgn0035520,1,ortholog_one2one
LOC4801367,put,FBgn0003169,1,ortholog_one2one
LOC26532884,CG44253,FBgn0265188,1,ortholog_one2one
LOC4800353,TrpRS,FBgn0010803,1,ortholog_one2one
LOC4802098,Patr-1,FBgn0266053,1,ortholog_one2one
LOC4815323,Dhc16F,FBgn0283476,1,ortholog_one2one
LOC4812724,Pex7,FBgn0035922,1,ortholog_one2one
LOC4802499,dpr16,FBgn0037295,0,ortholog_one2one
LOC4817939,tsh,FBgn0003866,1,ortholog_one2one
LOC4800456,jus,FBgn0039647,1,ortholog_one2one
LOC4801896,Osi9,FBgn0037416,1,ortholog_one2one
LOC4814425,CG15445,FBgn0031161,1,ortholog_one2one
LOC4803729,CG9876,FBgn0034821,1,ortholog_one2one
LOC4804996,CG31960,FBgn0051960,0,ortholog_one2one
LOC4802732,Lipt2,FBgn0037251,1,ortholog_one2one
LOC4805649,BBS4,FBgn0033578,1,ortholog_one2one
LOC6903613,wgn,FBgn0030941,1,ortholog_one2one
LOC4816926,L2HGDH,FBgn0032729,1,ortholog_one2one
LOC4815686,Rbp1-like,FBgn0030479,1,ortholog_one2one
LOC6901534,UQCR-6.4L,FBgn0262842,0,ortholog_one2many
LOC4817392,LSm7,FBgn0261068,1,ortholog_one2one
LOC4802677,PolZ2,FBgn0037345,1,ortholog_one2one
LOC117184264,robl37BC,FBgn0028569,1,ortholog_one2one
LOC6898901,OstDelta,FBgn0034277,1,ortholog_one2one
LOC6896728,CG34299,FBgn0085328,1,ortholog_one2one
LOC4801889,Osi16,FBgn0051561,1,ortholog_one2one
LOC6898685,CG6701,FBgn0033889,1,ortholog_one2one
LOC4812920,loj,FBgn0061492,1,ortholog_one2one
LOC26533591,SamDC,FBgn0019932,0,ortholog_one2one
LOC6903579,H15,FBgn0016660,1,ortholog_one2one
LOC4816758,CG17350,FBgn0032772,1,ortholog_one2one
LOC6901036,kek4,FBgn0032484,0,ortholog_one2one
LOC4812309,CG32037,FBgn0052037,1,ortholog_one2one
LOC4813272,dbo,FBgn0040230,1,ortholog_one2one
LOC6902242,CG34028,FBgn0054028,1,ortholog_one2one
LOC4813465,CG32104,FBgn0052104,1,ortholog_one2one
LOC4816664,CG6431,FBgn0032289,1,ortholog_one2one
LOC4814732,CG9400,FBgn0030562,1,ortholog_one2one
LOC4817889,loqs,FBgn0032515,1,ortholog_one2one
LOC4815259,CheA7a,FBgn0029948,1,ortholog_one2one
LOC4816022,CG4438,FBgn0032115,0,ortholog_one2many
LOC4816022,CG11444,FBgn0029715,0,ortholog_one2many
LOC4813623,yellow-g2,FBgn0035328,1,ortholog_one2one
LOC4812248,Clk,FBgn0023076,1,ortholog_one2one
LOC4817449,CG9331,FBgn0032889,1,ortholog_one2one
LOC4816949,spz3,FBgn0031959,1,ortholog_one2one
LOC4814943,CG32638,FBgn0052638,1,ortholog_one2one
LOC6897166,CG43063,FBgn0262365,1,ortholog_one2one
LOC4813510,Mocs1,FBgn0263241,0,ortholog_one2one
LOC4804675,rhi,FBgn0004400,0,ortholog_one2one
LOC4812023,Hexo1,FBgn0041630,1,ortholog_one2one
LOC4803182,CG7985,FBgn0028499,1,ortholog_one2one
LOC4803591,CG2127,FBgn0033286,1,ortholog_one2one
LOC6900008,CG34248,FBgn0085277,1,ortholog_one2one
LOC4800653,pins,FBgn0040080,1,ortholog_one2one
LOC4802651,CG5886,FBgn0039379,1,ortholog_one2one
LOC4803236,pug,FBgn0020385,0,ortholog_one2one
LOC6898413,dnr1,FBgn0260866,1,ortholog_one2one
LOC4801220,bb8,FBgn0039071,1,ortholog_one2one
LOC6898892,Mgtor,FBgn0013756,0,ortholog_one2one
LOC6903411,IFT52,FBgn0031829,1,ortholog_one2one
LOC6896931,ETHR,FBgn0038874,1,ortholog_one2one
LOC4813365,slif,FBgn0037203,1,ortholog_one2one
LOC4813176,CG8539,FBgn0035791,1,ortholog_one2one
LOC4804798,BomBc2,FBgn0034331,1,ortholog_one2one
LOC4815591,l(1)G0320,FBgn0028327,1,ortholog_one2one
LOC6898339,Su(z)2,FBgn0265623,1,ortholog_one2one
LOC4801408,CG11656,FBgn0038109,1,ortholog_one2one
LOC4813269,CG6592,FBgn0035669,1,ortholog_one2one
LOC6896859,CG30384,FBgn0050384,0,ortholog_one2one
LOC4817868,CG9098,FBgn0031762,1,ortholog_one2one
LOC4802069,CCT3,FBgn0015019,1,ortholog_one2one
LOC4818096,Wdr82,FBgn0032030,1,ortholog_one2one
LOC4816667,GluRIIB,FBgn0020429,1,ortholog_one2one
LOC4813085,OXA1L,FBgn0027615,1,ortholog_one2one
LOC4817599,TBC1D23,FBgn0031304,1,ortholog_one2one
LOC4814467,v,FBgn0003965,1,ortholog_one2one
LOC4816238,Nepl4,FBgn0031805,0,ortholog_one2one
LOC4804094,tef,FBgn0086350,0,ortholog_one2one
LOC4816439,DnaJ-H,FBgn0032474,1,ortholog_one2one
LOC4817558,Mal-B1,FBgn0032381,1,ortholog_one2one
LOC4803313,CG5399,FBgn0038353,1,ortholog_one2one
LOC6903279,CG5245,FBgn0038047,0,ortholog_one2many
LOC4814059,Roc1b,FBgn0040291,0,ortholog_one2one
LOC4800964,Polr1H,FBgn0038903,1,ortholog_one2one
LOC4814108,FucTD,FBgn0035217,1,ortholog_one2one
LOC4800359,CG16734,FBgn0037667,1,ortholog_one2many
LOC4801584,Ada2b,FBgn0037555,1,ortholog_one2one
LOC6897492,Hex-t2,FBgn0042710,0,ortholog_one2one
LOC117184529,Snp,FBgn0265192,0,ortholog_one2many
LOC4813906,ara,FBgn0015904,1,ortholog_one2one
LOC4817533,CG33543,FBgn0053543,1,ortholog_one2one
LOC4803908,en,FBgn0000577,1,ortholog_one2one
LOC4804179,CG6435,FBgn0034165,1,ortholog_one2one
LOC4818033,CG15219,FBgn0040519,0,ortholog_one2one
LOC4817943,Hel25E,FBgn0014189,1,ortholog_one2one
LOC6899070,CG30419,FBgn0050419,1,ortholog_one2one
LOC4813661,CG6650,FBgn0036402,1,ortholog_one2one
LOC4813725,fz,FBgn0001085,1,ortholog_one2one
LOC6898079,Epac,FBgn0085421,1,ortholog_one2one
LOC4803819,Khc,FBgn0001308,1,ortholog_one2one
LOC6903640,ATPsyndelta,FBgn0028342,1,ortholog_one2one
LOC4813449,RpL18,FBgn0035753,1,ortholog_one2one
LOC6902022,Sec16,FBgn0052654,1,ortholog_one2one
LOC4804779,CG10916,FBgn0034312,1,ortholog_one2one
LOC4800722,gskt,FBgn0046332,1,ortholog_one2one
LOC4814256,Sp1,FBgn0020378,1,ortholog_one2one
LOC4803086,RhoGAP92B,FBgn0038747,1,ortholog_one2one
LOC4801704,DppIII,FBgn0037580,1,ortholog_one2one
LOC15382899,Xrcc2,FBgn0030931,0,ortholog_one2one
LOC4816867,zf30C,FBgn0270924,1,ortholog_one2one
LOC4801287,CG11069,FBgn0039244,1,ortholog_one2one
LOC4811647,CG40472,FBgn0085736,0,ortholog_one2many
LOC4811647,ND-AGGG,FBgn0058002,0,ortholog_one2many
LOC4816633,NTPase,FBgn0024947,0,ortholog_one2one
LOC4815977,dmrt11E,FBgn0030477,1,ortholog_one2one
LOC4816840,Send2,FBgn0264253,0,ortholog_one2one
LOC4812029,st,FBgn0003515,1,ortholog_one2one
LOC4801475,CG5391,FBgn0038943,1,ortholog_one2one
LOC4802731,CG14650,FBgn0037252,1,ortholog_one2one
LOC4814570,CG12481,FBgn0030542,1,ortholog_one2one
LOC4817456,hook,FBgn0001202,1,ortholog_one2many
LOC26533897,dpr21,FBgn0260995,0,ortholog_one2one
LOC4813096,Gr64a,FBgn0045479,1,ortholog_one2one
LOC4800469,stg,FBgn0003525,1,ortholog_one2one
LOC4817678,qua,FBgn0003187,1,ortholog_one2one
LOC4802443,PEK,FBgn0037327,1,ortholog_one2one
LOC4800511,Wdr24,FBgn0027518,1,ortholog_one2one
LOC6902928,CG42658,FBgn0261523,0,ortholog_one2many
LOC4817670,CG6870,FBgn0032652,1,ortholog_one2one
LOC4812262,DopEcR,FBgn0035538,1,ortholog_one2one
LOC4804679,CG30105,FBgn0050105,1,ortholog_one2one
LOC4816644,CG31698,FBgn0051698,1,ortholog_one2one
LOC4805372,CG18635,FBgn0034279,1,ortholog_one2one
LOC4813897,CG7573,FBgn0036153,1,ortholog_one2one
LOC4814000,Use1,FBgn0035965,1,ortholog_one2one
LOC4817545,Pkg21D,FBgn0000442,1,ortholog_one2one
LOC6902772,CG4592,FBgn0032162,1,ortholog_one2one
LOC4805246,tpr,FBgn0034661,1,ortholog_one2one
LOC4801688,CG43998,FBgn0264740,1,ortholog_one2one
LOC4813397,CG7906,FBgn0036417,1,ortholog_one2one
LOC4801899,Osi7,FBgn0037414,1,ortholog_one2one
LOC4804056,Jheh1,FBgn0010053,1,ortholog_one2one
LOC4812348,Prp6,FBgn0036828,1,ortholog_one2one
LOC4804038,slv,FBgn0025469,1,ortholog_one2one
LOC6898157,CG11044,FBgn0034484,0,ortholog_one2one
LOC4802761,CG1092,FBgn0037228,1,ortholog_one2one
LOC4818134,CG17294,FBgn0032032,1,ortholog_one2one
LOC6897282,CG14355,FBgn0038208,0,ortholog_one2many
LOC4811769,CG4968,FBgn0032214,0,ortholog_one2one
LOC4805300,Pof,FBgn0035047,1,ortholog_one2one
LOC4812260,CG2021,FBgn0035271,1,ortholog_one2one
LOC4815623,Cpr11A,FBgn0030394,1,ortholog_one2one
LOC4815983,CG2924,FBgn0023528,1,ortholog_one2one
LOC6898977,Usp20-33,FBgn0033916,1,ortholog_one2one
LOC4817017,fusl,FBgn0031702,1,ortholog_one2one
LOC4814925,Rab18,FBgn0015794,1,ortholog_one2one
LOC6903881,EloC,FBgn0266711,1,ortholog_one2one
LOC4805718,CG9822,FBgn0034623,1,ortholog_one2one
LOC4801998,CG31337,FBgn0051337,1,ortholog_one2one
LOC4813439,tap,FBgn0015550,1,ortholog_one2one
LOC4815734,CG32808,FBgn0052808,1,ortholog_one2one
LOC4813027,CG1136,FBgn0035490,1,ortholog_one2one
LOC4813049,CG17839,FBgn0036454,1,ortholog_one2one
LOC6899891,PMCA,FBgn0259214,1,ortholog_one2one
LOC4816343,Ski6,FBgn0032487,1,ortholog_one2one
LOC4815200,Cp7Fb,FBgn0014465,1,ortholog_one2one
LOC6897514,CG32719,FBgn0052719,0,ortholog_one2one
LOC6900536,CG15140,FBgn0032631,0,ortholog_one2one
LOC6898404,gem,FBgn0050011,1,ortholog_one2one
LOC6903654,pippin,FBgn0034909,1,ortholog_one2one
LOC4817303,TTLL4B,FBgn0031574,1,ortholog_one2one
LOC4811747,stw,FBgn0286203,0,ortholog_one2one
LOC4802339,Hel89B,FBgn0022787,1,ortholog_one2one
LOC6898968,pio,FBgn0020521,1,ortholog_one2one
LOC4817257,Arglu1,FBgn0051712,1,ortholog_one2one
LOC4801285,CG13643,FBgn0040601,1,ortholog_one2one
LOC4813481,Lcp65Ad,FBgn0020641,1,ortholog_one2one
LOC4800637,CG9986,FBgn0039589,1,ortholog_one2one
LOC4817380,CG2772,FBgn0031533,1,ortholog_one2one
LOC4816666,CG7631,FBgn0028945,1,ortholog_one2one
LOC6902899,CG18538,FBgn0034324,0,ortholog_many2many
LOC6902899,CG18537,FBgn0034323,0,ortholog_many2many
LOC6902899,CG18536,FBgn0034322,0,ortholog_many2many
LOC6898366,CG5084,FBgn0034288,1,ortholog_one2one
LOC4803698,pirk,FBgn0034647,1,ortholog_one2one
LOC4817215,Pen,FBgn0287720,1,ortholog_one2one
LOC4811895,ple,FBgn0005626,1,ortholog_one2one
LOC4802977,CG18745,FBgn0042102,1,ortholog_one2one
LOC4803841,Obp59a,FBgn0034766,1,ortholog_one2one
LOC4800262,CG7912,FBgn0039736,1,ortholog_one2one
LOC4813844,CG7857,FBgn0026738,1,ortholog_one2one
LOC4816769,CG17134,FBgn0032304,1,ortholog_one2one
LOC4801353,lbl,FBgn0008651,1,ortholog_one2one
LOC4815677,Grp170,FBgn0023529,1,ortholog_one2one
LOC6903238,Dhc36C,FBgn0013810,1,ortholog_one2one
LOC4803240,myd,FBgn0051475,1,ortholog_one2one
LOC4804713,Pal1,FBgn0283510,1,ortholog_one2one
LOC4818173,PRL-1,FBgn0024734,0,ortholog_one2one
LOC4816331,poe,FBgn0011230,1,ortholog_one2one
LOC6899448,RpL36,FBgn0002579,0,ortholog_one2many
LOC6901044,CG6873,FBgn0030951,1,ortholog_one2one
LOC6898989,Cht12,FBgn0050293,1,ortholog_one2many
LOC6901274,CG14419,FBgn0029639,1,ortholog_one2one
LOC4816996,Cyp4e3,FBgn0015035,1,ortholog_one2one
LOC4813264,CG12502,FBgn0035171,1,ortholog_one2one
LOC4813665,Fad2,FBgn0029172,1,ortholog_one2one
LOC4804712,CG1418,FBgn0033468,1,ortholog_one2one
LOC4800994,Rnb,FBgn0039696,1,ortholog_one2one
LOC4812141,Gr68a,FBgn0041231,1,ortholog_one2one
LOC6903093,CG17470,FBgn0032869,0,ortholog_one2one
LOC4812245,CG9231,FBgn0036887,1,ortholog_one2one
LOC4817918,aurB,FBgn0024227,1,ortholog_one2one
LOC4815785,C3G,FBgn0259228,1,ortholog_one2one
LOC4801786,mora,FBgn0029503,1,ortholog_one2one
LOC26533860,CG33521,FBgn0250819,1,ortholog_one2one
LOC4803146,CG6693,FBgn0037878,1,ortholog_one2one
LOC4814624,CG17065,FBgn0031099,1,ortholog_one2one
LOC6898920,CG17290,FBgn0034201,1,ortholog_one2one
LOC4803964,CG12869,FBgn0033943,1,ortholog_one2one
LOC4815862,e(y)2,FBgn0000618,1,ortholog_one2one
LOC4815456,Prx2,FBgn0040309,1,ortholog_one2one
LOC4804932,Sin3A,FBgn0022764,1,ortholog_one2one
LOC4812180,Klp68D,FBgn0004381,1,ortholog_one2one
LOC4800443,slo,FBgn0003429,1,ortholog_one2one
LOC4813980,CG7564,FBgn0036734,1,ortholog_one2one
LOC4816420,PICK1,FBgn0032447,1,ortholog_one2one
LOC6898777,Camta,FBgn0287478,1,ortholog_one2one
LOC4814502,CG4789,FBgn0030792,0,ortholog_one2one
LOC4803488,CG12164,FBgn0033158,1,ortholog_one2one
LOC4802255,Scr,FBgn0003339,1,ortholog_one2one
LOC4812218,CG33060,FBgn0053060,1,ortholog_one2one
LOC4814055,rhea,FBgn0260442,0,ortholog_one2one
LOC4802096,Trm7-32,FBgn0038471,1,ortholog_one2one
LOC4816902,Ugt301D1,FBgn0032684,1,ortholog_one2one
LOC4813636,dpr10,FBgn0052057,1,ortholog_one2one
LOC4817845,CG13081,FBgn0032804,1,ortholog_one2one
LOC4816905,CG43707,FBgn0263846,1,ortholog_one2one
LOC6898693,CG1620,FBgn0033183,1,ortholog_one2one
LOC6902978,CG34132,FBgn0083968,1,ortholog_one2one
LOC4816538,Ca-Ma2d,FBgn0261999,0,ortholog_one2one
LOC6898957,Orc6,FBgn0023180,0,ortholog_one2one
LOC4803023,hng2,FBgn0037634,1,ortholog_one2one
LOC4815723,sn,FBgn0003447,1,ortholog_one2one
LOC4802611,Pglym87,FBgn0011270,1,ortholog_one2one
LOC4811846,lgs,FBgn0039907,1,ortholog_one2one
LOC4816092,Lrpprc2,FBgn0027794,0,ortholog_one2one
LOC4814087,ERR,FBgn0035849,1,ortholog_one2one
LOC4801673,lqfR,FBgn0261279,1,ortholog_one2one
LOC4805569,CG8343,FBgn0040502,1,ortholog_one2many
LOC4813846,JTBR,FBgn0025820,1,ortholog_one2many
LOC4804911,Gpo2,FBgn0033190,1,ortholog_one2one
LOC4801870,Noa36,FBgn0026400,0,ortholog_one2one
LOC4816925,CG8460,FBgn0031996,1,ortholog_one2one
LOC4816388,CG13085,FBgn0032780,1,ortholog_one2one
LOC4802648,Vha26,FBgn0283535,0,ortholog_one2one
LOC4812145,CG13877,FBgn0035112,1,ortholog_one2one
LOC6897077,Ser,FBgn0004197,1,ortholog_one2one
LOC4812563,mTerf3,FBgn0037008,1,ortholog_one2one
LOC6897582,VhaPPA1-2,FBgn0262514,1,ortholog_one2one
LOC4815197,CG4239,FBgn0030745,1,ortholog_one2one
LOC4804181,CG6472,FBgn0034166,1,ortholog_one2one
LOC4817050,CG14277,FBgn0032008,1,ortholog_one2one
LOC6897635,corto,FBgn0010313,1,ortholog_one2one
LOC6899551,gus,FBgn0026238,0,ortholog_one2one
LOC4813190,mub,FBgn0262737,1,ortholog_one2one
LOC6901455,CG4666,FBgn0029838,1,ortholog_one2one
LOC6902830,CG7179,FBgn0020880,1,ortholog_one2one
LOC4812775,CG5567,FBgn0036760,1,ortholog_one2one
LOC117183318,Cyp12a5,FBgn0038680,1,ortholog_many2many
LOC117183318,Cyp12a4,FBgn0038681,1,ortholog_many2many
LOC4815648,Pi4KIIIalpha,FBgn0267350,1,ortholog_one2one
LOC4814337,CG15772,FBgn0029799,1,ortholog_one2one
LOC6900821,CG18234,FBgn0265268,1,ortholog_one2one
LOC4817384,CG10650,FBgn0046302,1,ortholog_one2one
LOC4812280,Dhc64C,FBgn0261797,1,ortholog_one2one
LOC4802043,CG12171,FBgn0037354,1,ortholog_one2one
LOC4817148,CG7231,FBgn0031968,1,ortholog_one2one
LOC4802310,CG32945,FBgn0052945,0,ortholog_one2one
LOC6897908,Indy-2,FBgn0260466,1,ortholog_one2one
LOC4801659,CG5376,FBgn0038977,1,ortholog_one2one
LOC4816229,CycK,FBgn0025674,1,ortholog_one2one
LOC6897957,htl,FBgn0010389,1,ortholog_one2one
LOC4816273,CG10730,FBgn0032843,1,ortholog_one2one
LOC117183165,Vha16-4,FBgn0262513,1,ortholog_one2many
LOC4802175,tx,FBgn0288888,1,ortholog_one2one
LOC4812605,CG9184,FBgn0035208,1,ortholog_one2one
LOC26532955,pyd3,FBgn0037513,0,ortholog_one2one
LOC4814271,Cyp308a1,FBgn0030949,1,ortholog_one2one
LOC4801766,Syx1A,FBgn0013343,1,ortholog_one2one
LOC6902986,mts,FBgn0004177,1,ortholog_one2one
LOC4805091,Dyb,FBgn0033739,1,ortholog_one2one
LOC4804882,CG30015,FBgn0050015,1,ortholog_one2one
LOC4811798,Crk,FBgn0024811,1,ortholog_one2one
LOC4816603,Uxt,FBgn0259982,1,ortholog_one2one
LOC4817657,CG31741,FBgn0051741,1,ortholog_one2one
LOC4816099,CG9518,FBgn0030590,1,ortholog_one2one
LOC6898468,Vmat,FBgn0260964,1,ortholog_one2one
LOC4800613,sit,FBgn0038986,1,ortholog_one2one
LOC6900625,nuf,FBgn0013718,1,ortholog_one2one
LOC26533437,TBC1D16,FBgn0032249,0,ortholog_one2one
LOC6896782,CG11977,FBgn0037650,0,ortholog_one2one
LOC4801881,CG17919,FBgn0037433,1,ortholog_one2one
LOC4812372,CG13046,FBgn0036595,1,ortholog_one2one
LOC4801830,EndoA,FBgn0038659,1,ortholog_one2one
LOC6896740,CG15531,FBgn0039755,1,ortholog_one2one
LOC4818072,CG31624,FBgn0051624,1,ortholog_one2many
LOC4818072,CG31988,FBgn0051988,1,ortholog_one2many
LOC4814512,CG1628,FBgn0030218,1,ortholog_one2many
LOC4815601,GAA1,FBgn0029818,1,ortholog_one2one
LOC4812711,Acbp5,FBgn0035926,1,ortholog_one2one
LOC6898169,CG33506,FBgn0053506,1,ortholog_one2one
LOC4815587,SPR,FBgn0029768,1,ortholog_one2one
LOC6896789,CG34008,FBgn0054008,0,ortholog_one2one
LOC26533103,CG43208,FBgn0262844,1,ortholog_one2one
LOC4813008,Ciz1,FBgn0027567,1,ortholog_one2one
LOC4815134,CG2681,FBgn0024997,1,ortholog_one2one
LOC4800334,Chchd3,FBgn0010808,1,ortholog_one2one
LOC6897132,CG30036,FBgn0050036,0,ortholog_one2many
LOC6897132,CG30037,FBgn0050037,0,ortholog_one2many
LOC6897020,eff,FBgn0011217,1,ortholog_one2one
LOC4804321,snama,FBgn0086129,1,ortholog_one2one
LOC4805363,Vps50,FBgn0034271,1,ortholog_one2one
LOC6901602,CG10962,FBgn0030073,1,ortholog_one2one
LOC6898566,FANCI,FBgn0033354,0,ortholog_one2one
LOC4815922,CG16721,FBgn0029820,1,ortholog_one2one
LOC6897888,CG8202,FBgn0037622,1,ortholog_one2one
LOC6902261,CG8565,FBgn0030697,0,ortholog_one2one
LOC4817379,cbt,FBgn0043364,1,ortholog_one2one
LOC4817981,CG6565,FBgn0032513,1,ortholog_one2one
LOC6896959,sav,FBgn0053193,1,ortholog_one2one
LOC4801396,pic,FBgn0260962,1,ortholog_one2one
LOC4800374,PH4alphaEFB,FBgn0039776,1,ortholog_one2one
LOC4802451,RagA-B,FBgn0037647,0,ortholog_one2one
LOC4817485,chif,FBgn0000307,1,ortholog_one2one
LOC117184506,CG13713,FBgn0042199,1,ortholog_one2one
LOC4803027,Rel,FBgn0014018,1,ortholog_one2one
LOC6898036,sona,FBgn0034903,1,ortholog_one2one
LOC4812500,hiro,FBgn0035154,1,ortholog_one2one
LOC4812630,CG11449,FBgn0037162,1,ortholog_one2one
LOC4801033,CG6293,FBgn0037807,1,ortholog_one2one
LOC4801050,Det,FBgn0264291,1,ortholog_one2one
LOC4816101,raw,FBgn0003209,1,ortholog_one2one
LOC6902354,SA1,FBgn0020616,1,ortholog_one2one
LOC4815517,CG14210,FBgn0031040,1,ortholog_one2one
LOC4813749,Cpr65Az,FBgn0035686,1,ortholog_one2one
LOC26533298,TTLL4A,FBgn0026147,0,ortholog_one2one
LOC4803803,CG4282,FBgn0034114,1,ortholog_one2one
LOC4805111,Urod,FBgn0033428,1,ortholog_one2one
LOC6901162,mip130,FBgn0023509,1,ortholog_one2one
LOC4813650,CG12984,FBgn0037042,1,ortholog_one2one
LOC117185596,stwl,FBgn0003459,0,ortholog_one2many
LOC4816379,Pgk,FBgn0250906,1,ortholog_one2one
LOC4813561,CG7248,FBgn0036229,1,ortholog_one2one
LOC6901184,CG4119,FBgn0028474,1,ortholog_one2one
LOC4801178,CG42534,FBgn0260487,1,ortholog_one2one
LOC4816195,CG3430,FBgn0031875,1,ortholog_one2one
LOC6903199,Hez,FBgn0036057,0,ortholog_one2one
LOC4817008,CG7164,FBgn0031946,1,ortholog_one2one
LOC6899401,elfless,FBgn0032660,0,ortholog_many2many
LOC6899401,CG43058,FBgn0262360,0,ortholog_many2many
LOC6900502,Ccn,FBgn0052183,0,ortholog_one2one
LOC4801355,lbe,FBgn0011278,1,ortholog_one2one
LOC4816460,CG31769,FBgn0051769,0,ortholog_one2many
LOC4816460,CG15293,FBgn0028526,1,ortholog_one2many
LOC6897278,CG33109,FBgn0053109,1,ortholog_one2one
LOC4814586,Pat1,FBgn0029878,0,ortholog_one2one
LOC4801893,CG15594,FBgn0037421,1,ortholog_one2one
LOC4812478,CG14968,FBgn0035431,1,ortholog_one2one
LOC4814238,mldr,FBgn0029858,1,ortholog_one2one
LOC4812249,CG11437,FBgn0037165,1,ortholog_one2one
LOC4815216,CG8661,FBgn0030837,1,ortholog_one2one
LOC6900452,CG7369,FBgn0037188,0,ortholog_one2one
LOC6901509,Tim17a2,FBgn0037307,0,ortholog_many2many
LOC6901509,Tim17a1,FBgn0038018,0,ortholog_many2many
LOC4804037,Vps28,FBgn0021814,1,ortholog_one2one
LOC4817837,vig,FBgn0024183,1,ortholog_one2one
LOC4816395,Pk34A,FBgn0028410,1,ortholog_one2one
LOC4813047,Pfdn6,FBgn0036918,1,ortholog_one2one
LOC4805410,Sobp,FBgn0033654,1,ortholog_one2one
LOC4804266,CG13160,FBgn0033720,1,ortholog_one2one
LOC6900340,AGO2,FBgn0087035,1,ortholog_one2many
LOC4802475,kkv,FBgn0001311,1,ortholog_one2one
LOC4803396,Snap29,FBgn0034913,1,ortholog_one2one
LOC6897571,CG10560,FBgn0039325,1,ortholog_many2many
LOC6897571,CG10553,FBgn0039324,1,ortholog_many2many
LOC4815870,snf,FBgn0003449,1,ortholog_one2one
LOC6903002,FucTA,FBgn0036485,0,ortholog_one2many
LOC6901317,Lsm12a,FBgn0030364,1,ortholog_one2one
LOC4800763,CG31266,FBgn0051266,1,ortholog_one2one
LOC117184072,CG15145,FBgn0032649,1,ortholog_many2many
LOC117184072,CG15144,FBgn0032648,1,ortholog_many2many
LOC117184072,CG15143,FBgn0032647,1,ortholog_many2many
LOC4801680,CG7059,FBgn0038957,1,ortholog_one2one
LOC4802282,CG31482,FBgn0051482,1,ortholog_one2many
LOC4815049,deltaCOP,FBgn0028969,1,ortholog_one2one
LOC6902221,ATP7,FBgn0030343,0,ortholog_one2one
LOC4813519,bmm,FBgn0036449,1,ortholog_one2one
LOC26532302,ppk27,FBgn0035458,1,ortholog_one2one
LOC6896986,Mitofilin,FBgn0019960,1,ortholog_one2one
LOC6902815,Hsp60B,FBgn0011244,0,ortholog_one2one
LOC6901809,Top1,FBgn0004924,1,ortholog_one2one
LOC4814804,Ant2,FBgn0025111,1,ortholog_one2one
LOC117185605,His4:CG33889,FBgn0053889,1,ortholog_one2many
LOC4812689,fry,FBgn0016081,1,ortholog_one2one
LOC4814749,Cpr12A,FBgn0030494,1,ortholog_one2one
LOC4800280,Jon99Ci,FBgn0003358,1,ortholog_one2one
LOC4801580,Polr2I,FBgn0004855,1,ortholog_one2one
LOC6899974,Psf1,FBgn0035194,0,ortholog_one2one
LOC6897035,larp,FBgn0261618,1,ortholog_one2one
LOC4802376,Elp1,FBgn0037926,1,ortholog_one2one
LOC4812227,CG10866,FBgn0035475,1,ortholog_one2one
LOC4804528,l(2)dtl,FBgn0013548,1,ortholog_one2one
LOC4816394,Gr39a,FBgn0264556,1,ortholog_one2one
LOC4801340,CG7715,FBgn0038646,1,ortholog_one2one
LOC4812020,Cpr73D,FBgn0036680,1,ortholog_one2one
LOC4816883,VhaSFD,FBgn0027779,1,ortholog_one2one
LOC4815726,CG2247,FBgn0030320,0,ortholog_one2one
LOC4816177,Nse1,FBgn0031848,1,ortholog_one2one
LOC6900324,GAPsec,FBgn0035916,1,ortholog_one2one
LOC4814813,Rab39,FBgn0029959,1,ortholog_one2one
LOC4816114,Nlg2,FBgn0031866,1,ortholog_one2one
LOC4817929,CG6675,FBgn0032973,0,ortholog_one2one
LOC6903676,CG33095,FBgn0053095,1,ortholog_one2one
LOC6898039,CG17327,FBgn0038107,1,ortholog_one2one
LOC6898763,ATP8A,FBgn0259221,0,ortholog_one2one
LOC4802312,CG9775,FBgn0037261,1,ortholog_one2one
LOC117183175,Gs1,FBgn0001142,1,ortholog_one2one
LOC4815020,CG8944,FBgn0030680,0,ortholog_one2one
LOC4802726,D1,FBgn0000412,0,ortholog_one2one
LOC6901700,CG17580,FBgn0040755,0,ortholog_one2one
LOC4805347,VGAT,FBgn0033911,1,ortholog_one2one
LOC4803150,GCC88,FBgn0037881,1,ortholog_one2one
LOC6897608,Sdhaf3,FBgn0038437,1,ortholog_one2one
LOC4814848,Pdzd8,FBgn0030358,1,ortholog_one2one
LOC4817318,CG2818,FBgn0031566,1,ortholog_one2one
LOC4803226,CG14691,FBgn0037829,1,ortholog_one2one
LOC4816410,CG31826,FBgn0051826,1,ortholog_one2one
LOC4816687,Arpc2,FBgn0032859,1,ortholog_one2one
LOC4813499,CG4613,FBgn0036427,1,ortholog_one2one
LOC6903498,CG42685,FBgn0261571,1,ortholog_one2many
LOC4803999,Ns2,FBgn0034243,1,ortholog_one2one
LOC4802699,AP-1mu,FBgn0024833,1,ortholog_one2one
LOC6897705,CG9641,FBgn0031483,0,ortholog_one2one
LOC6897853,Syt4,FBgn0028400,1,ortholog_one2one
LOC6903926,Rrp47,FBgn0030711,0,ortholog_one2one
LOC4805362,Hyccin,FBgn0034269,1,ortholog_one2one
LOC4813343,eIF2A,FBgn0037135,1,ortholog_one2one
LOC117184366,baf,FBgn0031977,0,ortholog_one2many
LOC4800636,CG10011,FBgn0039590,1,ortholog_one2one
LOC4803474,esn,FBgn0263934,1,ortholog_one2one
LOC4811790,ND-MLRQ,FBgn0052230,0,ortholog_one2one
LOC4805132,trpl,FBgn0005614,1,ortholog_one2one
LOC6897578,CG17806,FBgn0038548,0,ortholog_one2many
LOC4800270,Spn100A,FBgn0039795,1,ortholog_one2one
LOC117184073,CG5245,FBgn0038047,0,ortholog_one2many
LOC4811687,mav,FBgn0039914,0,ortholog_one2one
LOC4816592,Drp1,FBgn0026479,1,ortholog_many2many
LOC4813021,Targ1,FBgn0053054,1,ortholog_one2one
LOC4805590,CG4612,FBgn0035016,1,ortholog_one2one
LOC4800898,Takl1,FBgn0046689,1,ortholog_one2one
LOC4804600,CG11200,FBgn0034500,1,ortholog_one2one
LOC6898638,CG8768,FBgn0033769,1,ortholog_one2one
LOC4812150,Act79B,FBgn0000045,1,ortholog_one2one
LOC4801433,CG31224,FBgn0051224,1,ortholog_one2one
LOC4817441,CG6012,FBgn0032615,1,ortholog_one2one
LOC4817520,wry,FBgn0051665,0,ortholog_one2one
LOC6899962,Pdk1,FBgn0020386,1,ortholog_one2one
LOC4811732,CG7309,FBgn0032314,1,ortholog_one2one
LOC6898067,AANATL3,FBgn0032839,0,ortholog_many2many
LOC6898067,AANATL4,FBgn0034429,0,ortholog_many2many
LOC6903140,CG33673,FBgn0053673,1,ortholog_one2one
LOC4803627,CG15099,FBgn0034400,1,ortholog_one2one
LOC6903008,CG17211,FBgn0032414,0,ortholog_one2one
LOC6903247,CG15631,FBgn0031626,0,ortholog_one2one
LOC4815208,Zw10,FBgn0004643,1,ortholog_one2one
LOC6899057,Ste:CG33237,FBgn0053237,0,ortholog_one2many
LOC6899057,Ste:CG33245,FBgn0053245,0,ortholog_one2many
LOC6899057,Ste:CG33246,FBgn0053246,0,ortholog_one2many
LOC6899057,Ste:CG33239,FBgn0053239,0,ortholog_one2many
LOC6899057,Ste:CG33236,FBgn0053236,0,ortholog_one2many
LOC6899057,SteXh:CG42398,FBgn0259817,0,ortholog_one2many
LOC6899057,Ste:CG33247,FBgn0053247,0,ortholog_one2many
LOC6899057,Ste:CG33242,FBgn0053242,0,ortholog_one2many
LOC6899057,Ste12DOR,FBgn0044817,0,ortholog_one2many
LOC6899057,Ssl,FBgn0015300,1,ortholog_one2many
LOC6899057,Ste:CG33240,FBgn0053240,0,ortholog_one2many
LOC6899057,Ste:CG33238,FBgn0053238,0,ortholog_one2many
LOC6899057,CG40635,FBgn0085506,0,ortholog_one2many
LOC6899057,Ste:CG33243,FBgn0053243,0,ortholog_one2many
LOC6899057,Ste:CG33241,FBgn0053241,0,ortholog_one2many
LOC6899057,Ste:CG33244,FBgn0053244,0,ortholog_one2many
LOC4805207,babos,FBgn0034724,1,ortholog_one2one
LOC4802052,cas,FBgn0004878,1,ortholog_one2one
LOC13036525,CG42822,FBgn0262004,1,ortholog_many2many
LOC13036525,CG42821,FBgn0262003,1,ortholog_many2many
LOC6902673,CG8509,FBgn0030696,0,ortholog_one2one
LOC4815793,HLH3B,FBgn0011276,1,ortholog_one2one
LOC6898187,CG13175,FBgn0033693,1,ortholog_one2one
LOC4802576,aurA,FBgn0000147,1,ortholog_one2one
LOC4804955,CG15128,FBgn0034467,1,ortholog_one2one
LOC4814427,hec,FBgn0030437,1,ortholog_one2one
LOC4812675,CG11583,FBgn0035524,0,ortholog_one2one
LOC4813927,barc,FBgn0037081,1,ortholog_one2one
LOC4814053,CG15212,FBgn0040842,1,ortholog_one2one
LOC4814805,CG15203,FBgn0030261,1,ortholog_one2one
LOC4814721,sdt,FBgn0261873,1,ortholog_one2one
LOC4814564,CG7326,FBgn0030970,1,ortholog_one2one
LOC4817185,r2d2,FBgn0031951,1,ortholog_one2many
LOC6900206,Sarm,FBgn0262579,0,ortholog_one2one
LOC4803649,pea,FBgn0086895,1,ortholog_one2one
LOC4802567,Sulf1,FBgn0040271,0,ortholog_one2one
LOC4816348,RtcB,FBgn0032781,1,ortholog_one2one
LOC4812861,CG13887,FBgn0035165,1,ortholog_one2one
LOC4800646,Sgs5,FBgn0003375,1,ortholog_one2many
LOC4800646,Sgs5bis,FBgn0038523,1,ortholog_one2many
LOC4813813,PCID2,FBgn0036184,1,ortholog_one2one
LOC4802094,CG4009,FBgn0038469,1,ortholog_one2one
LOC4814191,CG4880,FBgn0030803,0,ortholog_one2one
LOC4804298,Xxylt,FBgn0034959,1,ortholog_one2one
LOC4812710,Fhos,FBgn0266084,1,ortholog_one2one
LOC4803200,Irbp,FBgn0011774,0,ortholog_one2one
LOC4800635,CG9988,FBgn0039591,1,ortholog_one2one
LOC4812481,CG4477,FBgn0035971,0,ortholog_one2one
LOC4803918,Prosalpha5,FBgn0016697,1,ortholog_one2one
LOC4811824,Bili,FBgn0039282,1,ortholog_one2one
LOC4801480,Sec20,FBgn0037383,1,ortholog_one2one
LOC6901007,PIP82,FBgn0024943,0,ortholog_one2one
LOC4812655,CG43367,FBgn0263110,0,ortholog_one2one
LOC4801147,CG6051,FBgn0039492,1,ortholog_one2one
LOC4816545,Ube4B,FBgn0032467,1,ortholog_one2one
LOC4816182,CdGAPr,FBgn0032821,1,ortholog_one2one
LOC6902114,CG32532,FBgn0052532,1,ortholog_one2one
LOC4802199,Sld5,FBgn0039403,1,ortholog_one2one
LOC6898238,Sema2a,FBgn0011260,1,ortholog_one2one
LOC4801534,cd,FBgn0263986,0,ortholog_one2one
LOC6898244,Parp16,FBgn0034129,1,ortholog_one2one
LOC4800462,Brd8,FBgn0039654,1,ortholog_one2one
LOC4800575,CG10365,FBgn0039109,1,ortholog_one2one
LOC4815649,CG11699,FBgn0030311,1,ortholog_one2one
LOC4817727,CG6712,FBgn0032408,1,ortholog_one2one
LOC4812784,CG7841,FBgn0036502,1,ortholog_one2one
LOC4803617,twi,FBgn0003900,1,ortholog_one2one
LOC4801376,mah,FBgn0285912,1,ortholog_one2one
LOC4817395,Tengl2,FBgn0052463,1,ortholog_one2one
LOC4802087,CG3534,FBgn0038463,1,ortholog_one2one
LOC4801405,ry,FBgn0003308,1,ortholog_one2one
LOC4813216,Adgf-A,FBgn0036752,0,ortholog_one2one
LOC4802430,CG14671,FBgn0037340,1,ortholog_one2many
LOC4817455,PGAP5,FBgn0031997,1,ortholog_one2one
LOC4815864,Cluap1,FBgn0031196,1,ortholog_one2one
LOC6902796,Wnt4,FBgn0010453,1,ortholog_one2one
LOC4803566,CG2736,FBgn0035090,1,ortholog_one2one
LOC4802363,RIOK2,FBgn0039306,1,ortholog_one2one
LOC4802964,alpha-Est2,FBgn0015570,1,ortholog_one2one
LOC4803153,Arfip,FBgn0037884,1,ortholog_one2one
LOC6898502,Cyp4p1,FBgn0015037,1,ortholog_many2many
LOC6898502,Cyp4p3,FBgn0033397,1,ortholog_many2many
LOC6898502,Cyp4p2,FBgn0033395,1,ortholog_many2many
LOC4800884,GluRIID,FBgn0028422,1,ortholog_one2one
LOC117184255,RnrL,FBgn0011703,0,ortholog_one2one
LOC4814589,CG42249,FBgn0259101,1,ortholog_one2one
LOC4814210,CG34348,FBgn0085377,0,ortholog_one2one
LOC4811892,tzn,FBgn0037024,1,ortholog_one2one
LOC6896966,CG31139,FBgn0051139,1,ortholog_one2one
LOC4815137,Gclc,FBgn0040319,0,ortholog_one2one
LOC4802551,mRpS33,FBgn0038426,1,ortholog_one2one
LOC4812626,CG6836,FBgn0036834,1,ortholog_one2one
LOC4814091,Tnpo,FBgn0024921,1,ortholog_one2one
LOC4815019,CG15890,FBgn0030576,1,ortholog_one2one
LOC4812782,RpS12,FBgn0286213,1,ortholog_one2one
LOC4816936,vari,FBgn0250785,1,ortholog_one2one
LOC4804027,Dic3,FBgn0033248,1,ortholog_one2one
LOC4817480,Pgant2,FBgn0031530,1,ortholog_one2one
LOC6900366,mop,FBgn0036448,1,ortholog_one2one
LOC4801342,VAChT,FBgn0270928,1,ortholog_one2one
LOC4804123,Rdh1,FBgn0033205,0,ortholog_one2one
LOC4814741,CG8326,FBgn0030851,1,ortholog_one2one
LOC6901062,CARPB,FBgn0052698,1,ortholog_one2one
LOC4814122,Gen,FBgn0263831,1,ortholog_one2one
LOC6900074,CG34265,FBgn0085294,1,ortholog_one2one
LOC4801699,Veneno,FBgn0037583,1,ortholog_one2one
LOC4812167,CG32280,FBgn0052280,0,ortholog_one2one
LOC4800744,SPARC,FBgn0026562,1,ortholog_one2one
LOC6902259,Polr2E,FBgn0033571,0,ortholog_one2many
LOC4813879,Ilk,FBgn0028427,1,ortholog_one2one
LOC4813079,Sytbeta,FBgn0261090,0,ortholog_one2one
LOC4813138,CapaR,FBgn0037100,1,ortholog_one2one
LOC6902033,CG3556,FBgn0029708,1,ortholog_one2one
LOC6903594,polo,FBgn0003124,0,ortholog_one2many
LOC4814892,AnxB11,FBgn0030749,1,ortholog_one2one
LOC13036311,CG34138,FBgn0083974,1,ortholog_one2one
LOC117184263,CG31800,FBgn0051800,1,ortholog_one2many
LOC4805665,CG8366,FBgn0034054,1,ortholog_one2one
LOC6897936,Ugt302C1,FBgn0040259,1,ortholog_one2many
LOC4813436,Cpr65Ea,FBgn0035735,1,ortholog_one2one
LOC4801987,kek6,FBgn0039862,1,ortholog_one2one
LOC26533390,NO66,FBgn0266570,0,ortholog_one2many
LOC4814921,Spx,FBgn0015818,1,ortholog_one2one
LOC4812219,CG9300,FBgn0036886,1,ortholog_one2one
LOC4814654,CG12995,FBgn0030826,1,ortholog_one2one
LOC4802990,mRpS9,FBgn0037529,1,ortholog_one2one
LOC6896949,CG5466,FBgn0038815,1,ortholog_one2one
LOC4812779,prc,FBgn0028573,1,ortholog_one2one
LOC4804326,CG3257,FBgn0034978,1,ortholog_one2one
LOC4805007,Cul1,FBgn0015509,1,ortholog_one2one
LOC4803017,CG33189,FBgn0053189,1,ortholog_one2one
LOC4814039,CG4911,FBgn0035959,1,ortholog_one2one
LOC6903218,can,FBgn0011569,0,ortholog_one2many
LOC4812292,Dis3l2,FBgn0035111,1,ortholog_one2one
LOC4812140,Srp9,FBgn0035827,1,ortholog_one2one
LOC6900461,Chro,FBgn0044324,1,ortholog_one2one
LOC117185633,His1:CG33801,FBgn0053801,0,ortholog_many2many
LOC117185633,His1:CG33807,FBgn0053807,0,ortholog_many2many
LOC117185633,His1:CG33819,FBgn0053819,1,ortholog_many2many
LOC117185633,His1:CG33840,FBgn0053840,0,ortholog_many2many
LOC117185633,His1:CG33843,FBgn0053843,0,ortholog_many2many
LOC117185633,His1:CG33846,FBgn0053846,0,ortholog_many2many
LOC117185633,His1:CG33810,FBgn0053810,0,ortholog_many2many
LOC117185633,His1:CG33804,FBgn0053804,1,ortholog_many2many
LOC117185633,His1:CG33816,FBgn0053816,0,ortholog_many2many
LOC117185633,His1:CG33837,FBgn0053837,0,ortholog_many2many
LOC117185633,His1:CG33861,FBgn0053861,0,ortholog_many2many
LOC117185633,His1:CG33855,FBgn0053855,0,ortholog_many2many
LOC117185633,His1:CG33825,FBgn0053825,1,ortholog_many2many
LOC117185633,His1:CG33852,FBgn0053852,0,ortholog_many2many
LOC117185633,His1:CG33831,FBgn0053831,1,ortholog_many2many
LOC117185633,His1:CG33828,FBgn0053828,1,ortholog_many2many
LOC117185633,His1:CG33864,FBgn0053864,0,ortholog_many2many
LOC117185633,His1:CG33813,FBgn0053813,1,ortholog_many2many
LOC117185633,His1:CG31617,FBgn0051617,0,ortholog_many2many
LOC117185633,His1:CG33849,FBgn0053849,0,ortholog_many2many
LOC117185633,His1:CG33822,FBgn0053822,0,ortholog_many2many
LOC117185633,His1:CG33858,FBgn0053858,0,ortholog_many2many
LOC117185633,His1:CG33834,FBgn0053834,0,ortholog_many2many
LOC6901830,Or92a,FBgn0038798,0,ortholog_one2one
LOC4815985,Rph,FBgn0030230,1,ortholog_one2one
LOC6899617,kl-2,FBgn0001313,0,ortholog_one2one
LOC6903470,side-II,FBgn0259213,1,ortholog_one2one
LOC6903375,lmgB,FBgn0085470,1,ortholog_one2one
LOC4802606,CG4860,FBgn0037999,1,ortholog_one2one
LOC4800995,sro,FBgn0262112,1,ortholog_one2one
LOC4816017,CG14618,FBgn0031189,1,ortholog_one2one
LOC4804888,Lsm11,FBgn0033450,1,ortholog_one2one
LOC4815383,CG8142,FBgn0030871,1,ortholog_one2one
LOC117185039,can,FBgn0011569,0,ortholog_one2many
LOC6902081,mei-38,FBgn0260986,1,ortholog_one2one
LOC4802574,CG31211,FBgn0051211,1,ortholog_one2one
LOC6902269,Mlc-c,FBgn0004687,1,ortholog_one2one
LOC4815086,CG15343,FBgn0030029,1,ortholog_one2one
LOC6902321,CG1801,FBgn0031171,1,ortholog_one2one
LOC4801021,Rrp46,FBgn0037815,1,ortholog_one2one
LOC4802947,RacGAP84C,FBgn0045843,1,ortholog_one2one
LOC4812451,Pop4,FBgn0035831,1,ortholog_one2one
LOC4815989,CG15471,FBgn0029726,0,ortholog_one2one
LOC4801511,Snap24,FBgn0266720,1,ortholog_one2one
LOC4812298,CG3819,FBgn0036833,1,ortholog_one2one
LOC4802151,CG17780,FBgn0039197,1,ortholog_one2one
LOC6898556,ena,FBgn0000578,1,ortholog_one2one
LOC4800829,Scgbeta,FBgn0038042,1,ortholog_one2one
LOC4817359,CG10874,FBgn0031395,1,ortholog_one2one
LOC4815031,CG6048,FBgn0029827,1,ortholog_one2one
LOC6902813,lwr,FBgn0010602,0,ortholog_one2many
LOC6898981,PIP5K59B,FBgn0034789,1,ortholog_one2one
LOC6900076,eIF1,FBgn0035423,1,ortholog_one2one
LOC6901850,CG42376,FBgn0259722,1,ortholog_one2one
LOC4801109,RpL4,FBgn0003279,1,ortholog_one2one
LOC4817841,CG11029,FBgn0031735,1,ortholog_one2one
LOC4818128,slmo,FBgn0029161,1,ortholog_one2one
LOC4805314,Gasz,FBgn0033273,0,ortholog_one2one
LOC4803873,sotv,FBgn0029175,1,ortholog_one2one
LOC6899806,ci,FBgn0004859,1,ortholog_one2one
LOC4801905,Osi2,FBgn0037410,1,ortholog_one2one
LOC6897354,CG14835,FBgn0035782,0,ortholog_one2one
LOC4813362,CG8072,FBgn0036070,1,ortholog_one2one
LOC4805555,GrlHz,FBgn0034804,1,ortholog_one2one
LOC4817790,Sam-S,FBgn0005278,1,ortholog_one2one
LOC6901688,nonA,FBgn0004227,1,ortholog_many2many
LOC6901688,nonA-l,FBgn0015520,0,ortholog_many2many
LOC4800327,Ctr1C,FBgn0062411,1,ortholog_one2one
LOC6900918,CG33233,FBgn0053233,1,ortholog_one2one
LOC4816775,CG15408,FBgn0031523,1,ortholog_one2one
GeneID_44805047,mt:ND2,FBgn0013680,0,ortholog_one2one
LOC4816860,drongo,FBgn0020304,1,ortholog_one2one
LOC4816364,Cul3,FBgn0261268,1,ortholog_one2one
LOC4816170,PrBP,FBgn0032059,1,ortholog_one2one
LOC4802172,Uck,FBgn0263398,1,ortholog_one2one
LOC4805488,conv,FBgn0261269,1,ortholog_one2one
LOC26532036,CG34027,FBgn0054027,0,ortholog_one2one
LOC117183529,CG44438,FBgn0265631,1,ortholog_one2one
LOC4811768,CG16952,FBgn0030701,0,ortholog_one2many
LOC4800791,CG14893,FBgn0038451,1,ortholog_one2one
LOC4816707,amd,FBgn0000075,1,ortholog_one2many
LOC117184527,Snp,FBgn0265192,0,ortholog_one2many
LOC6903365,FucTB,FBgn0032117,1,ortholog_one2many
LOC4802275,CG1307,FBgn0026566,1,ortholog_one2one
LOC4815608,Marf,FBgn0029870,1,ortholog_one2one
LOC117185611,His2A:CG33844,FBgn0053844,1,ortholog_one2one
LOC6903123,Tpr2,FBgn0032586,1,ortholog_one2many
LOC6901470,CG12236,FBgn0029822,1,ortholog_one2one
LOC4815935,Lsd-2,FBgn0030608,1,ortholog_one2one
LOC4801963,Drice,FBgn0019972,1,ortholog_one2one
LOC4800603,Srr,FBgn0037684,1,ortholog_one2one
LOC6901827,Pkd2,FBgn0041195,0,ortholog_one2many
LOC4813363,Tom,FBgn0026320,1,ortholog_one2one
LOC6899063,SerT,FBgn0010414,1,ortholog_one2one
LOC4803821,fidipidine,FBgn0025519,1,ortholog_one2one
LOC4801379,Osbp,FBgn0020626,1,ortholog_one2one
LOC4815738,Rpt6,FBgn0020369,1,ortholog_one2one
LOC6898360,CG30460,FBgn0050460,1,ortholog_one2one
LOC6900246,Prx1,FBgn0036490,0,ortholog_one2one
LOC4817941,Pfas,FBgn0000052,1,ortholog_one2one
LOC4805743,botv,FBgn0027535,1,ortholog_one2many
LOC4816504,dbf,FBgn0287630,1,ortholog_one2one
LOC4803080,CG4465,FBgn0038750,1,ortholog_one2one
LOC6902239,CG12206,FBgn0029662,1,ortholog_one2one
LOC4816573,Lim3,FBgn0002023,1,ortholog_one2many
LOC6897613,CG14667,FBgn0037317,1,ortholog_one2one
LOC4817652,CG5758,FBgn0032666,1,ortholog_one2one
LOC4803535,CG13154,FBgn0033736,1,ortholog_one2one
LOC6902837,CG15800,FBgn0034904,0,ortholog_one2many
LOC4802553,Fntb,FBgn0038424,1,ortholog_one2one
LOC4804251,Rgk1,FBgn0264753,1,ortholog_one2one
LOC4814908,CG8945,FBgn0030815,1,ortholog_one2one
LOC6902773,CG4594,FBgn0032161,1,ortholog_one2one
LOC4817880,CG14014,FBgn0031718,1,ortholog_one2one
LOC4801485,CG10979,FBgn0037379,1,ortholog_one2one
LOC4813015,Nufip,FBgn0036812,1,ortholog_one2one
LOC117184389,CG45101,FBgn0266540,1,ortholog_one2one
LOC4812573,pyx,FBgn0035113,1,ortholog_one2one
LOC4812697,mfr,FBgn0266757,1,ortholog_one2one
LOC4815147,CG7766,FBgn0030087,1,ortholog_one2one
LOC4800694,Hibch,FBgn0038326,1,ortholog_one2one
LOC4814961,rumpel,FBgn0029950,1,ortholog_one2one
LOC6897018,kibra,FBgn0262127,1,ortholog_one2one
LOC4802874,Bin1,FBgn0024491,1,ortholog_one2one
LOC4815454,CG14627,FBgn0040361,1,ortholog_one2one
LOC4814513,vex,FBgn0259241,1,ortholog_one2one
LOC6902791,CG31792,FBgn0051792,1,ortholog_one2many
LOC6902791,l(2)03659,FBgn0010549,0,ortholog_one2many
LOC6902791,CG7627,FBgn0032026,1,ortholog_one2many
LOC6901013,CG13003,FBgn0030798,1,ortholog_one2one
LOC4815741,BCL7-like,FBgn0026149,1,ortholog_one2one
LOC4803657,HPS1,FBgn0033973,1,ortholog_one2one
LOC6900196,bab2,FBgn0025525,1,ortholog_one2one
LOC6902659,CG18563,FBgn0032639,0,ortholog_many2many
LOC6902659,CG14990,FBgn0035496,0,ortholog_many2many
LOC6902659,SPH93,FBgn0032638,0,ortholog_many2many
LOC6902659,CG18478,FBgn0028517,0,ortholog_many2many
LOC6902659,CG3117,FBgn0031471,0,ortholog_many2many
LOC6902659,CG31827,FBgn0051827,0,ortholog_many2many
LOC4811847,onecut,FBgn0028996,0,ortholog_one2one
LOC4817042,CG5149,FBgn0031904,1,ortholog_one2one
LOC4817375,CG3604,FBgn0031562,1,ortholog_one2one
LOC4812165,tow,FBgn0035719,1,ortholog_one2one
LOC6903212,RFeSP,FBgn0021906,0,ortholog_one2one
LOC4800737,CG46339,FBgn0285963,1,ortholog_one2one
LOC4816782,cpb,FBgn0011570,1,ortholog_one2one
LOC4811821,Nepl16,FBgn0039277,1,ortholog_one2one
LOC4815146,Bx42,FBgn0004856,1,ortholog_one2one
LOC4803875,Ntmt,FBgn0033457,0,ortholog_one2one
LOC6901878,Gmap,FBgn0027287,1,ortholog_one2one
LOC6902289,Polr2E,FBgn0033571,0,ortholog_one2many
LOC4813604,dop,FBgn0267390,1,ortholog_one2one
LOC4803971,Sec61beta,FBgn0010638,1,ortholog_one2one
LOC15382872,Stacl,FBgn0263980,1,ortholog_one2one
LOC4801240,CG5934,FBgn0039505,1,ortholog_one2one
LOC4815377,Moe,FBgn0011661,1,ortholog_one2one
LOC4812834,CG7148,FBgn0046301,1,ortholog_one2one
LOC6901246,betaTub65B,FBgn0052396,0,ortholog_one2one
LOC4801494,CG17625,FBgn0039002,0,ortholog_one2one
LOC6898748,CG7730,FBgn0036689,0,ortholog_one2many
LOC26532232,Cad96Ca,FBgn0022800,1,ortholog_one2one
LOC4802887,msps,FBgn0027948,1,ortholog_one2one
LOC4803868,CG8441,FBgn0034086,1,ortholog_one2one
LOC4800237,Nlp,FBgn0016685,1,ortholog_one2one
LOC4803760,Lapsyn,FBgn0034602,1,ortholog_one2one
LOC4802325,glob1,FBgn0027657,1,ortholog_one2one
LOC4804472,CG13558,FBgn0034869,1,ortholog_one2one
LOC4812529,wnd,FBgn0036896,1,ortholog_one2one
LOC4800366,CG7016,FBgn0039238,1,ortholog_one2one
LOC4800479,CG2310,FBgn0039665,1,ortholog_one2one
LOC6897031,Dlc90F,FBgn0024432,0,ortholog_one2one
LOC6899068,nvy,FBgn0005636,1,ortholog_one2one
LOC4803898,caly,FBgn0262166,1,ortholog_one2one
LOC4802898,Polr2G,FBgn0051155,1,ortholog_one2one
LOC6898765,BaraA2,FBgn0288447,0,ortholog_one2many
LOC6898765,BaraA1,FBgn0053470,1,ortholog_one2many
LOC4804388,mip120,FBgn0033846,1,ortholog_one2one
LOC4805507,CG3216,FBgn0034568,1,ortholog_one2one
LOC6898794,CG33798,FBgn0053798,0,ortholog_many2many
LOC6898794,CG33632,FBgn0053632,0,ortholog_many2many
LOC6898794,CG33764,FBgn0053764,0,ortholog_many2many
LOC6898794,CG33463,FBgn0053463,0,ortholog_many2many
LOC6898794,CG33658,FBgn0053658,0,ortholog_many2many
LOC6898794,CG33723,FBgn0053723,0,ortholog_many2many
LOC6898794,CG33912,FBgn0053912,0,ortholog_many2many
LOC4817883,CG13994,FBgn0031772,1,ortholog_one2one
LOC6900027,Serinc,FBgn0028399,1,ortholog_one2one
LOC4804605,hppy,FBgn0263395,1,ortholog_one2one
LOC4805561,sli,FBgn0264089,1,ortholog_one2one
LOC4813336,Su(z)12,FBgn0020887,1,ortholog_one2one
LOC6897399,CG13408,FBgn0038929,0,ortholog_one2many
LOC6901545,CG32767,FBgn0052767,1,ortholog_one2one
LOC4805678,CG34189,FBgn0085218,1,ortholog_one2one
LOC4813247,E(z),FBgn0000629,1,ortholog_one2one
LOC4800656,CG5612,FBgn0039529,1,ortholog_one2one
LOC4814454,Flacc,FBgn0030974,1,ortholog_one2one
LOC4804582,Mys45A,FBgn0033379,1,ortholog_one2one
LOC4811662,CG12643,FBgn0040942,0,ortholog_one2one
LOC6902356,CG13771,FBgn0031844,0,ortholog_one2many
LOC4813915,CG5665,FBgn0036977,1,ortholog_one2one
LOC4802538,Syx18,FBgn0039212,0,ortholog_one2one
LOC4804921,dpa,FBgn0015929,1,ortholog_one2one
LOC4814705,yl,FBgn0004649,1,ortholog_one2one
LOC4814737,CG6428,FBgn0029689,1,ortholog_one2one
LOC4815602,su(w[a]),FBgn0003638,0,ortholog_one2one
LOC6901130,Femcoat,FBgn0041252,1,ortholog_one2one
LOC4812621,CG7509,FBgn0035575,1,ortholog_one2one
LOC4811934,Csp,FBgn0004179,0,ortholog_one2one
LOC4817658,Arr1,FBgn0000120,1,ortholog_one2one
LOC4801081,plum,FBgn0039431,1,ortholog_one2one
LOC4818107,CG31915,FBgn0051915,1,ortholog_one2one
LOC4805650,Cyp12d1-d,FBgn0053503,1,ortholog_one2many
LOC4805650,Cyp12d1-p,FBgn0050489,1,ortholog_one2many
LOC6897163,Su(var)3-7,FBgn0003598,1,ortholog_one2one
LOC4811726,Wnt5,FBgn0010194,0,ortholog_one2one
LOC4800734,CG6330,FBgn0039464,1,ortholog_one2one
LOC4803962,CG30076,FBgn0050076,1,ortholog_one2one
LOC6898119,Mvk,FBgn0061359,0,ortholog_one2one
LOC4812696,Tsp66E,FBgn0035936,1,ortholog_one2one
LOC4804288,Sox14,FBgn0005612,1,ortholog_one2one
LOC4816453,CG3165,FBgn0031484,1,ortholog_one2one
LOC4813963,Las,FBgn0029158,1,ortholog_one2one
LOC4813002,ClC-c,FBgn0036566,1,ortholog_one2one
LOC6900422,CG7290,FBgn0036949,1,ortholog_one2many
LOC4813946,Oseg1,FBgn0265102,1,ortholog_one2one
LOC4803036,Prosbeta3,FBgn0026380,1,ortholog_one2one
LOC4815045,mnb,FBgn0259168,1,ortholog_one2one
LOC4804960,Obp56d,FBgn0034470,1,ortholog_one2one
LOC4803287,Ire1,FBgn0261984,1,ortholog_one2one
GeneID_44805023,mt:CoIII,FBgn0013676,1,ortholog_one2one
LOC4801753,LSm3,FBgn0051184,1,ortholog_one2many
LOC4803164,CG7785,FBgn0038564,1,ortholog_one2one
LOC4817928,CG5177,FBgn0031908,1,ortholog_one2one
LOC26534338,CG46320,FBgn0284236,1,ortholog_one2one
LOC4813988,CG13314,FBgn0035949,1,ortholog_one2one
LOC4813787,Mpcp2,FBgn0026409,1,ortholog_one2one
LOC4813460,ScsbetaG,FBgn0029118,1,ortholog_one2one
LOC4817593,Atg4a,FBgn0031298,1,ortholog_one2one
LOC4813322,dib,FBgn0000449,1,ortholog_one2one
LOC6902010,nrv1,FBgn0015776,0,ortholog_one2many
LOC4805231,vlc,FBgn0259978,0,ortholog_one2one
LOC4805206,CG6044,FBgn0034725,1,ortholog_one2one
LOC4801332,amon,FBgn0023179,1,ortholog_one2one
LOC6900145,CG13051,FBgn0040799,0,ortholog_one2many
LOC4804100,PPO1,FBgn0283437,1,ortholog_one2one
LOC4801731,stumps,FBgn0020299,1,ortholog_one2one
LOC4814185,Fdx1,FBgn0011769,1,ortholog_one2one
LOC4816945,ND-15,FBgn0031228,0,ortholog_one2one
LOC4802045,Wdr33,FBgn0046222,1,ortholog_one2one
LOC4816338,Not3,FBgn0033029,0,ortholog_one2one
LOC4800756,cal1,FBgn0038478,1,ortholog_one2one
LOC4804195,CG12917,FBgn0033490,1,ortholog_one2many
LOC4817609,CG5080,FBgn0031313,1,ortholog_one2one
LOC6896845,Hrb98DE,FBgn0001215,1,ortholog_one2one
LOC6902171,BoYb,FBgn0037205,0,ortholog_one2one
LOC4804515,Or45a,FBgn0033404,1,ortholog_one2one
LOC26533208,CG16719,FBgn0036029,0,ortholog_one2many
LOC4815853,Cp110,FBgn0031191,1,ortholog_one2one
LOC6897484,CG33340,FBgn0053340,1,ortholog_one2one
LOC4804287,PPP1R15,FBgn0034948,1,ortholog_one2one
LOC4813973,CG5498,FBgn0027565,1,ortholog_one2one
LOC4818143,COX5B,FBgn0031830,1,ortholog_one2one
LOC4805196,Nmda1,FBgn0013305,1,ortholog_one2one
LOC4800547,Ir94g,FBgn0039079,1,ortholog_one2one
LOC4805280,Sara,FBgn0026369,1,ortholog_one2one
LOC4805692,CG8303,FBgn0034143,1,ortholog_one2one
LOC4817749,Tom70,FBgn0032397,1,ortholog_one2many
LOC4803910,Egm,FBgn0086712,1,ortholog_one2one
LOC26533926,Grl40a,FBgn0084001,1,ortholog_one2many
LOC4817576,morgue,FBgn0027609,1,ortholog_one2one
LOC4805673,CG7856,FBgn0033056,0,ortholog_one2one
LOC4815381,CG2889,FBgn0030206,1,ortholog_one2one
LOC13036368,Snap25,FBgn0011288,0,ortholog_one2one
LOC6902609,mRpS18B,FBgn0032849,1,ortholog_one2one
LOC4817054,CG8353,FBgn0032002,1,ortholog_one2one
LOC4801646,rdx,FBgn0264493,1,ortholog_one2one
LOC4803089,Art3,FBgn0038306,1,ortholog_one2one
LOC4803380,CG8646,FBgn0033763,1,ortholog_one2one
LOC4818180,CG10337,FBgn0032805,1,ortholog_one2one
LOC6896745,CG4408,FBgn0039073,1,ortholog_one2one
LOC6900256,CG12519,FBgn0036872,1,ortholog_one2many
LOC6900256,CG32212,FBgn0052212,0,ortholog_one2many
LOC4805471,Ufc1,FBgn0034061,1,ortholog_one2one
LOC4815043,CG31007,FBgn0051007,0,ortholog_one2one
LOC4804446,CG5323,FBgn0034362,1,ortholog_one2one
LOC4801048,CG5292,FBgn0038491,1,ortholog_one2one
LOC4814989,CG12994,FBgn0040877,1,ortholog_one2one
LOC4801772,Tsc1,FBgn0026317,1,ortholog_one2one
LOC6896911,CG33784,FBgn0053784,1,ortholog_many2many
LOC6896911,CG33783,FBgn0053783,1,ortholog_many2many
LOC4813917,mirr,FBgn0014343,1,ortholog_one2one
LOC4815559,Vps26,FBgn0014411,0,ortholog_one2one
LOC6901264,can,FBgn0011569,0,ortholog_one2many
LOC4812679,Abl,FBgn0000017,1,ortholog_one2one
LOC4804235,CG12909,FBgn0033507,1,ortholog_one2one
LOC6898430,CG43327,FBgn0263032,1,ortholog_one2one
LOC6900325,S-Lap2,FBgn0052351,1,ortholog_one2one
LOC4815277,snz,FBgn0029976,1,ortholog_one2one
LOC6901623,CG8051,FBgn0031012,0,ortholog_one2one
LOC4804277,Cpr49Ah,FBgn0033731,1,ortholog_one2one
LOC6902478,CG8673,FBgn0031986,0,ortholog_one2many
LOC4813441,Pcyt1,FBgn0041342,0,ortholog_one2one
LOC6898168,CG13018,FBgn0040751,1,ortholog_one2one
LOC6897152,Muc91C,FBgn0038642,1,ortholog_one2one
LOC4804762,CG13148,FBgn0033767,1,ortholog_one2one
LOC6896751,CG34150,FBgn0083986,1,ortholog_one2one
LOC4804951,CG11018,FBgn0034464,1,ortholog_one2one
LOC4815080,Or1a,FBgn0029521,1,ortholog_one2one
LOC6903723,Atg8b,FBgn0038539,1,ortholog_one2one
LOC4812532,vn,FBgn0003984,1,ortholog_one2one
LOC4815916,TrxT,FBgn0029752,1,ortholog_one2one
LOC4804377,Rpn13,FBgn0033886,0,ortholog_one2one
LOC26534035,SNRPG,FBgn0261791,0,ortholog_many2many
LOC4815444,ras,FBgn0003204,1,ortholog_one2one
LOC4818127,Gpo3,FBgn0028848,1,ortholog_one2one
LOC5687544,TwdlD,FBgn0039444,1,ortholog_one2one
LOC6898398,mute,FBgn0085444,1,ortholog_one2one
LOC6899858,dpr7,FBgn0053481,0,ortholog_one2one
LOC4803635,sax,FBgn0003317,1,ortholog_one2one
LOC4803114,Fdh,FBgn0011768,1,ortholog_one2one
LOC4814229,Frq2,FBgn0083228,1,ortholog_one2one
LOC4805473,CG8389,FBgn0034063,1,ortholog_one2one
LOC4815920,Miga,FBgn0030037,1,ortholog_one2one
LOC117183697,Or98a,FBgn0039551,0,ortholog_one2many
LOC4815372,ac,FBgn0000022,1,ortholog_one2one
LOC117183288,mael,FBgn0016034,0,ortholog_one2many
LOC6901870,tilB,FBgn0014395,0,ortholog_one2one
LOC6902106,CG14630,FBgn0014903,1,ortholog_one2one
LOC4813592,rt,FBgn0003292,1,ortholog_one2one
LOC4811658,RhoGAP102A,FBgn0259216,1,ortholog_one2one
LOC6896785,Octbeta2R,FBgn0038063,1,ortholog_one2one
LOC4801911,CG31559,FBgn0051559,1,ortholog_one2one
LOC4818106,Cox11,FBgn0051648,1,ortholog_one2one
LOC4813430,CG7328,FBgn0036942,1,ortholog_one2one
LOC4804399,hbn,FBgn0008636,1,ortholog_one2one
LOC4817995,Df31,FBgn0022893,1,ortholog_one2one
LOC4817799,CG6785,FBgn0032399,1,ortholog_one2one
LOC4817788,Pex19,FBgn0032407,1,ortholog_one2one
LOC117183786,CG43659,FBgn0263707,1,ortholog_one2one
LOC4804867,CG30467,FBgn0050467,1,ortholog_one2one
LOC4805546,Hacl,FBgn0034488,1,ortholog_one2one
LOC4817333,Pex12,FBgn0031282,1,ortholog_one2many
LOC4814880,Tango4,FBgn0030365,1,ortholog_one2one
LOC6901724,Usp39,FBgn0030969,1,ortholog_one2one
LOC6899378,ND-49,FBgn0039909,1,ortholog_one2one
LOC4805624,nord,FBgn0050418,1,ortholog_one2one
LOC4817182,rho-6,FBgn0032415,1,ortholog_one2one
LOC6897665,Cyp313a1,FBgn0038236,0,ortholog_many2many
LOC6897665,Cyp313a3,FBgn0038007,1,ortholog_many2many
LOC6897665,Cyp313a2,FBgn0038006,1,ortholog_many2many
LOC6897665,Cyp313a5,FBgn0038005,1,ortholog_many2many
LOC4804382,cbc,FBgn0033842,1,ortholog_one2one
LOC4802001,CG9269,FBgn0038161,1,ortholog_one2one
LOC6903667,Rnf146,FBgn0036897,0,ortholog_one2many
LOC4800666,Sce,FBgn0003330,1,ortholog_one2one
LOC4815118,Usp7,FBgn0030366,1,ortholog_one2one
LOC4813630,Fbp1,FBgn0000639,1,ortholog_one2one
LOC6900231,Spt20,FBgn0036374,1,ortholog_one2one
LOC6903316,CG5731,FBgn0032192,0,ortholog_one2one
LOC6899078,Nop60B,FBgn0259937,1,ortholog_one2one
LOC6898247,CG43187,FBgn0262816,1,ortholog_one2one
LOC4801647,Orc2,FBgn0015270,1,ortholog_one2one
LOC4817302,robl22E,FBgn0028570,1,ortholog_one2one
LOC4803706,CG3500,FBgn0034849,1,ortholog_one2one
LOC4800555,beat-IV,FBgn0039089,1,ortholog_one2one
LOC117185407,CG17147,FBgn0260393,1,ortholog_one2many
LOC6897586,TfIIFalpha,FBgn0010282,0,ortholog_one2many
LOC6897237,CG34302,FBgn0085331,0,ortholog_one2one
LOC6902031,CG34417,FBgn0085446,1,ortholog_one2one
LOC26532481,Sfxn1-3,FBgn0037239,0,ortholog_one2many
LOC4814153,CG16985,FBgn0035355,1,ortholog_one2many
LOC6899312,LManI,FBgn0032253,0,ortholog_one2one
LOC6901287,N,FBgn0004647,1,ortholog_one2one
LOC6899804,Grip75,FBgn0026431,1,ortholog_one2one
LOC4800323,Ptx1,FBgn0020912,1,ortholog_one2one
LOC4814790,CG9114,FBgn0030628,1,ortholog_one2one
LOC4816369,spict,FBgn0032451,1,ortholog_one2one
LOC4801484,CG11000,FBgn0263353,1,ortholog_one2one
LOC4812288,ND-ACP,FBgn0011361,1,ortholog_one2one
LOC6901555,CG2930,FBgn0028491,1,ortholog_one2one
LOC117183739,CG13589,FBgn0035011,1,ortholog_one2many
LOC4817243,Cog8,FBgn0287204,1,ortholog_one2one
LOC4815579,CG14624,FBgn0040357,1,ortholog_one2one
LOC6897345,CG31464,FBgn0051464,1,ortholog_one2one
LOC4812520,CG13708,FBgn0035577,1,ortholog_one2one
LOC26533548,rl,FBgn0003256,0,ortholog_one2one
LOC6901546,ogre,FBgn0004646,1,ortholog_one2one
LOC4816024,CG2540,FBgn0030411,1,ortholog_one2one
LOC4805525,CG10527,FBgn0034583,1,ortholog_one2one
LOC6900990,Fitm,FBgn0035586,1,ortholog_one2one
LOC4803202,mRpL40,FBgn0037892,1,ortholog_one2one
LOC4813132,thoc6,FBgn0036263,1,ortholog_one2one
LOC4804281,CG8834,FBgn0033733,1,ortholog_one2one
LOC4803092,Hsc70-4,FBgn0266599,1,ortholog_one2many
LOC6902280,CG40486,FBgn0263830,1,ortholog_one2one
LOC4814970,CG11816,FBgn0030495,1,ortholog_one2one
LOC4801604,CG1951,FBgn0039623,1,ortholog_one2one
LOC4815215,Or19b,FBgn0062565,0,ortholog_one2many
LOC4815215,Or19a,FBgn0041626,1,ortholog_one2many
LOC4802717,unc-45,FBgn0288846,1,ortholog_one2one
LOC6902820,CG11912,FBgn0031248,1,ortholog_one2many
LOC6896659,mael,FBgn0016034,0,ortholog_one2many
LOC6902118,mRpS14,FBgn0044030,1,ortholog_one2one
LOC4801651,CG31517,FBgn0047199,1,ortholog_one2one
LOC6900174,Rsph3,FBgn0052392,1,ortholog_one2one
LOC4815401,CG15725,FBgn0030417,1,ortholog_one2one
LOC4801726,Jig,FBgn0038239,1,ortholog_one2one
LOC4802773,CG31516,FBgn0051516,1,ortholog_one2one
LOC4815168,CG32631,FBgn0052631,1,ortholog_one2one
LOC6898005,AOX1,FBgn0267408,1,ortholog_one2many
LOC117183538,CheA56a,FBgn0262595,0,ortholog_many2many
LOC117183538,CheA46a,FBgn0262594,1,ortholog_many2many
LOC117183538,CheA29a,FBgn0053194,0,ortholog_many2many
LOC4817355,CG17258,FBgn0031496,1,ortholog_one2one
LOC4804553,AIMP3,FBgn0050185,1,ortholog_one2one
LOC4812301,CG11357,FBgn0035558,1,ortholog_one2one
LOC4805407,Ir48c,FBgn0033651,1,ortholog_one2one
LOC4813165,CG7991,FBgn0035260,0,ortholog_one2one
LOC4801107,NSD,FBgn0039559,1,ortholog_one2one
LOC4804656,AGBE,FBgn0053138,1,ortholog_one2one
LOC6903291,PNUTS,FBgn0053526,0,ortholog_one2one
LOC4804187,PIG-V,FBgn0265174,1,ortholog_one2one
LOC6901690,fw,FBgn0001083,1,ortholog_one2one
LOC4816854,Rab5,FBgn0014010,1,ortholog_one2one
LOC6901886,CG17450,FBgn0040028,0,ortholog_one2many
LOC6901886,CG32820,FBgn0052820,0,ortholog_one2many
LOC6901886,CG32819,FBgn0052819,1,ortholog_one2many
LOC4817348,l(2)gd1,FBgn0261983,1,ortholog_one2one
LOC6902055,Prosalpha7,FBgn0023175,0,ortholog_one2many
LOC4803140,SdhC,FBgn0037873,1,ortholog_one2one
LOC4802368,idc,FBgn0038768,0,ortholog_one2one
LOC6903064,Ncoa6,FBgn0031698,1,ortholog_one2one
LOC117184525,Snp,FBgn0265192,0,ortholog_one2many
LOC4815353,crm,FBgn0000376,1,ortholog_one2one
LOC4804060,DptB,FBgn0034407,1,ortholog_one2one
LOC4802584,CG3397,FBgn0037975,1,ortholog_one2one
LOC4812232,CG32170,FBgn0052170,1,ortholog_one2one
LOC4815847,tw,FBgn0086368,0,ortholog_one2one
LOC4800267,Sas-6,FBgn0039731,1,ortholog_one2one
LOC4803565,Phk-3,FBgn0035089,1,ortholog_one2one
LOC6898567,Jhbp10,FBgn0053680,1,ortholog_one2one
LOC6898488,CG11180,FBgn0034528,1,ortholog_one2one
LOC4800601,Or85f,FBgn0037685,1,ortholog_one2one
LOC4813001,CG32075,FBgn0052075,1,ortholog_one2one
LOC4812004,Rev1,FBgn0035150,1,ortholog_one2one
LOC6897836,CG6006,FBgn0063649,1,ortholog_one2one
LOC4814842,Arfrp1,FBgn0030088,1,ortholog_one2one
LOC6898374,par-1,FBgn0260934,0,ortholog_one2one
LOC6903364,RpS28-like,FBgn0085211,1,ortholog_one2one
LOC4812422,wac,FBgn0035120,1,ortholog_one2one
LOC4801824,CG7720,FBgn0038652,1,ortholog_one2one
LOC6903499,CG42685,FBgn0261571,1,ortholog_one2many
LOC4813842,Tsp66A,FBgn0035786,1,ortholog_one2one
LOC6902218,boil,FBgn0029730,0,ortholog_one2one
LOC4816003,CG2157,FBgn0030244,1,ortholog_one2one
LOC4803191,Non3,FBgn0038585,1,ortholog_one2one
LOC4816622,Arpc1,FBgn0001961,1,ortholog_one2one
LOC4815691,CG11679,FBgn0030678,0,ortholog_one2one
LOC4802767,CG14642,FBgn0037222,1,ortholog_one2one
LOC4816513,Jhbp14,FBgn0027586,1,ortholog_one2one
LOC4817803,Atet,FBgn0020762,1,ortholog_one2one
LOC4800382,CG31371,FBgn0051371,1,ortholog_one2one
LOC6896994,Cyp12a5,FBgn0038680,1,ortholog_many2many
LOC6896994,Cyp12a4,FBgn0038681,1,ortholog_many2many
LOC4812666,pav,FBgn0011692,1,ortholog_one2one
LOC4803332,CG10395,FBgn0033019,0,ortholog_one2one
LOC6900419,CG42674,FBgn0261556,1,ortholog_one2one
LOC6897876,CG18748,FBgn0042105,1,ortholog_one2one
LOC4801101,Nep7,FBgn0039564,1,ortholog_one2many
LOC4801101,Nepl12,FBgn0037727,0,ortholog_one2many
LOC4805489,Ih,FBgn0263397,1,ortholog_one2one
LOC6903125,mtgo,FBgn0259735,1,ortholog_one2one
LOC4805215,CG5819,FBgn0034717,1,ortholog_one2one
LOC6896747,Nepl18,FBgn0039611,0,ortholog_one2one
LOC4818174,Oatp30B,FBgn0032123,1,ortholog_one2one
LOC4812604,Rint1,FBgn0035762,1,ortholog_one2one
LOC4805479,Snrk,FBgn0033915,1,ortholog_one2one
LOC6897560,slx1,FBgn0037263,1,ortholog_one2one
LOC4816254,Daao2,FBgn0031860,1,ortholog_one2one
LOC4817016,jp,FBgn0032129,1,ortholog_one2one
LOC4802222,CG14546,FBgn0039395,1,ortholog_one2one
LOC4818009,Coq6,FBgn0031713,1,ortholog_one2one
LOC4804490,Ice1,FBgn0034853,1,ortholog_one2one
LOC6897967,Rlip,FBgn0026056,0,ortholog_one2one
LOC4813541,obst-H,FBgn0053983,1,ortholog_one2one
LOC4801687,CG13601,FBgn0039126,1,ortholog_one2one
LOC4804118,CG5098,FBgn0034300,1,ortholog_one2one
LOC4813711,CG4835,FBgn0035607,1,ortholog_one2one
LOC4803073,PIG-L,FBgn0038763,1,ortholog_one2one
LOC4803711,CG30412,FBgn0050412,1,ortholog_one2one
LOC4803938,CG4853,FBgn0034230,1,ortholog_one2one
LOC4802247,Rab11,FBgn0015790,1,ortholog_one2one
LOC6902849,capu,FBgn0000256,1,ortholog_many2many
LOC4804683,CG6484,FBgn0034247,1,ortholog_one2one
LOC4802667,RpL27,FBgn0039359,1,ortholog_one2one
LOC4802347,CG31099,FBgn0051099,1,ortholog_one2one
LOC6900601,Ir76a,FBgn0260874,1,ortholog_one2one
LOC4805330,Git,FBgn0033539,1,ortholog_one2one
LOC4802737,srl,FBgn0037248,1,ortholog_one2one
LOC4802674,jigr1,FBgn0039350,1,ortholog_one2one
LOC4801755,Mettl3,FBgn0039139,1,ortholog_one2one
LOC4813850,CG6951,FBgn0036959,1,ortholog_one2one
LOC4802413,CG5116,FBgn0039339,1,ortholog_one2one
LOC4813279,scyl,FBgn0041094,1,ortholog_one2one
LOC6897129,mRpS21,FBgn0044511,1,ortholog_one2one
LOC6903689,mRpL3,FBgn0030686,0,ortholog_one2many
LOC4813645,CG11131,FBgn0037204,1,ortholog_one2one
LOC6900007,CG13068,FBgn0036588,1,ortholog_one2one
LOC6897291,Art9,FBgn0038188,1,ortholog_one2one
LOC4813325,Als2,FBgn0037116,1,ortholog_one2one
LOC6901161,Ldaf1,FBgn0052803,1,ortholog_one2one
LOC4804384,bbc,FBgn0033844,1,ortholog_one2one
LOC6901308,CkIIbeta2,FBgn0026136,0,ortholog_one2many
LOC4812074,Sc2,FBgn0035471,1,ortholog_one2one
LOC4817047,for,FBgn0000721,1,ortholog_one2one
LOC4803942,BEAF-32,FBgn0015602,1,ortholog_one2one
LOC4813139,CG15014,FBgn0035532,1,ortholog_one2one
LOC6902762,cta,FBgn0000384,0,ortholog_one2one
LOC4803069,CG4854,FBgn0038766,1,ortholog_one2one
LOC6900031,CG43373,FBgn0263131,1,ortholog_one2one
LOC6896809,CG10182,FBgn0039091,1,ortholog_many2many
LOC6896809,CG16723,FBgn0039092,1,ortholog_many2many
LOC6896809,CG13325,FBgn0033792,0,ortholog_many2many
LOC6896809,CG33337,FBgn0053337,1,ortholog_many2many
LOC6896809,CG10183,FBgn0039093,1,ortholog_many2many
LOC4802334,CG4287,FBgn0038388,1,ortholog_one2one
LOC4812275,mRpL15,FBgn0036990,1,ortholog_one2one
LOC6896882,CAH6,FBgn0039838,1,ortholog_many2many
LOC6896882,CAH16,FBgn0040628,1,ortholog_many2many
LOC4818130,CG6055,FBgn0031918,1,ortholog_one2one
LOC4812354,Gr77a,FBgn0045474,1,ortholog_one2one
LOC6903236,CG15145,FBgn0032649,1,ortholog_many2many
LOC6903236,CG15144,FBgn0032648,1,ortholog_many2many
LOC6903236,CG15143,FBgn0032647,1,ortholog_many2many
LOC4803264,Dys,FBgn0260003,1,ortholog_one2one
LOC4818031,Aldh,FBgn0012036,1,ortholog_one2one
LOC4812747,LanB2,FBgn0267348,1,ortholog_one2one
LOC4803646,Prosap,FBgn0040752,1,ortholog_one2one
LOC6901802,Alms1b,FBgn0025387,1,ortholog_one2many
LOC6901802,Alms1a,FBgn0025388,1,ortholog_one2many
LOC26534076,CG43315,FBgn0263020,1,ortholog_one2one
LOC4811728,nAChRalpha4,FBgn0266347,0,ortholog_one2one
LOC4815489,PGRP-SA,FBgn0030310,0,ortholog_one2one
LOC4816398,OtopLb,FBgn0031514,1,ortholog_one2one
LOC4813677,Cep135,FBgn0036480,1,ortholog_one2one
LOC4800856,Rab1,FBgn0285937,1,ortholog_one2one
LOC4800413,CG11498,FBgn0039749,1,ortholog_one2one
LOC4802595,CG14739,FBgn0037987,1,ortholog_one2one
LOC4814608,Edem1,FBgn0023511,1,ortholog_one2one
LOC4815788,CG9240,FBgn0030669,1,ortholog_one2one
LOC26532794,CG43709,FBgn0263848,1,ortholog_one2one
LOC4804482,Or59a,FBgn0026384,1,ortholog_one2one
LOC4812129,S6k,FBgn0283472,1,ortholog_one2one
LOC4817595,PolrMT,FBgn0261938,1,ortholog_one2one
LOC4813159,CG43163,FBgn0262719,1,ortholog_one2one
LOC4814890,MED18,FBgn0026873,1,ortholog_one2one
LOC6902588,Ran-like,FBgn0036497,0,ortholog_one2one
LOC4801966,ncd,FBgn0002924,1,ortholog_one2one
LOC6901037,CG42450,FBgn0259927,1,ortholog_one2one
LOC5384074,E(spl)m3-HLH,FBgn0002609,1,ortholog_one2one
LOC117184476,Ir7f,FBgn0259188,1,ortholog_one2one
LOC6899606,CG8578,FBgn0030699,0,ortholog_one2one
LOC4814494,sesB,FBgn0003360,1,ortholog_one2one
LOC6901216,Pdcd4,FBgn0030520,1,ortholog_one2one
LOC4804184,CG15614,FBgn0034168,1,ortholog_one2one
LOC4814760,elav,FBgn0260400,1,ortholog_one2one
LOC4802153,CG17782,FBgn0039195,1,ortholog_one2one
LOC4800412,VhaAC45RP,FBgn0051030,1,ortholog_one2one
LOC4816640,Sbat,FBgn0051950,1,ortholog_one2one
LOC117185115,mt:ND6,FBgn0013685,0,ortholog_one2many
LOC4804651,Orc3,FBgn0005654,1,ortholog_one2one
LOC15382900,CG43795,FBgn0264339,0,ortholog_one2one
LOC6899781,mmd,FBgn0259110,0,ortholog_one2one
LOC4815909,HIP-R,FBgn0029676,0,ortholog_one2many
LOC4815909,HIP,FBgn0260484,0,ortholog_one2many
LOC4801175,CG3330,FBgn0039511,1,ortholog_one2one
LOC4812170,Mettl5,FBgn0036856,1,ortholog_one2one
LOC4804954,CG15127,FBgn0040730,1,ortholog_one2one
LOC4801602,beta4GalNAcTB,FBgn0039625,1,ortholog_one2one
LOC4811911,CG12012,FBgn0035444,1,ortholog_one2one
LOC4812900,CG16762,FBgn0035343,1,ortholog_one2one
LOC6898229,CG30098,FBgn0050098,0,ortholog_one2many
LOC6900029,CG13063,FBgn0036601,0,ortholog_many2many
LOC6900029,CG13043,FBgn0036600,0,ortholog_many2many
LOC4803321,CG13625,FBgn0039210,1,ortholog_one2one
LOC117185410,CG6996,FBgn0036950,1,ortholog_one2many
LOC4816595,Top2,FBgn0284220,1,ortholog_one2one
LOC4811713,PlexB,FBgn0025740,1,ortholog_one2one
LOC6897502,CG34130,FBgn0083966,1,ortholog_one2one
LOC4803044,MED28,FBgn0039337,1,ortholog_one2one
LOC6898409,CG12209,FBgn0033498,1,ortholog_one2many
LOC4813908,ppk26,FBgn0035785,1,ortholog_one2one
LOC4801255,CG6118,FBgn0038339,1,ortholog_one2one
LOC4815431,CG14411,FBgn0030582,0,ortholog_one2one
LOC4816893,yip2,FBgn0040064,1,ortholog_one2one
LOC4802801,COX5A,FBgn0019624,1,ortholog_one2one
LOC4804444,CG5493,FBgn0034364,1,ortholog_one2one
LOC4800465,Usp1,FBgn0028476,1,ortholog_one2one
LOC6898947,CG34230,FBgn0085259,1,ortholog_one2one
LOC4800266,CG15525,FBgn0039732,1,ortholog_one2one
LOC4804586,CG18659,FBgn0027561,1,ortholog_one2one
LOC4803426,Tdc2,FBgn0050446,1,ortholog_one2one
LOC4812614,TyrRS,FBgn0027080,1,ortholog_one2one
LOC4801479,elfless,FBgn0032660,0,ortholog_many2many
LOC4801479,CG43058,FBgn0262360,0,ortholog_many2many
LOC4804517,ODA-Dnal1,FBgn0033408,1,ortholog_one2one
LOC6903380,dachs,FBgn0262029,1,ortholog_one2one
LOC4805574,CG17994,FBgn0033072,1,ortholog_one2one
LOC4802102,Keap1,FBgn0038475,1,ortholog_one2one
LOC4801632,twf,FBgn0038206,1,ortholog_one2one
LOC4800764,CG5255,FBgn0038485,1,ortholog_one2one
LOC6901837,crn,FBgn0000377,1,ortholog_one2one
LOC4812591,P5CS,FBgn0037146,1,ortholog_one2one
LOC4803622,Phb2,FBgn0010551,1,ortholog_one2one
LOC6901502,CG11585,FBgn0030543,1,ortholog_one2one
LOC4812346,CG14109,FBgn0036364,1,ortholog_one2one
LOC4814484,VhaAC39-1,FBgn0285910,1,ortholog_one2one
LOC6901409,corolla,FBgn0267967,0,ortholog_one2one
LOC117184715,Afg3l2,FBgn0036702,1,ortholog_one2many
LOC4813376,mRpS26,FBgn0036774,1,ortholog_one2one
LOC6903584,del,FBgn0086251,0,ortholog_one2one
LOC4803213,Nup37,FBgn0039301,1,ortholog_one2one
LOC4812865,Obp69a,FBgn0011279,1,ortholog_one2one
LOC4804637,Bbd,FBgn0034512,1,ortholog_one2one
LOC6902292,Cda4,FBgn0052499,0,ortholog_one2one
LOC4813583,Rap1,FBgn0004636,1,ortholog_one2one
LOC4803233,CG31278,FBgn0051278,1,ortholog_one2one
LOC117184562,barr,FBgn0014127,0,ortholog_one2many
LOC26533818,CG43779,FBgn0264301,1,ortholog_one2one
LOC4815540,c12.2,FBgn0040234,1,ortholog_one2one
LOC6899795,CG13097,FBgn0032051,1,ortholog_one2one
LOC4802383,CG7142,FBgn0038595,1,ortholog_one2one
LOC4803429,CG3270,FBgn0033093,1,ortholog_one2one
LOC4812524,Myo61F,FBgn0010246,1,ortholog_one2one
LOC6897828,osa,FBgn0261885,1,ortholog_one2one
LOC4814168,CG7550,FBgn0035839,1,ortholog_one2one
LOC6903115,CG31817,FBgn0028899,0,ortholog_one2one
LOC4803974,CG12861,FBgn0033953,1,ortholog_one2one
LOC4817423,Nepl7,FBgn0032442,1,ortholog_one2one
LOC4803930,qkr54B,FBgn0022987,1,ortholog_one2one
LOC4803232,CG31373,FBgn0051373,1,ortholog_one2one
LOC4815497,RpL17,FBgn0029897,0,ortholog_one2one
LOC4802698,BckdhA,FBgn0037709,1,ortholog_one2one
LOC4817774,GluRIIC,FBgn0046113,1,ortholog_one2one
LOC117185676,CG15548,FBgn0039812,1,ortholog_one2one
LOC4802527,CG44098,FBgn0264907,1,ortholog_one2one
LOC6901408,svr,FBgn0004648,1,ortholog_one2one
LOC6898406,KCNQ,FBgn0033494,1,ortholog_one2one
LOC4817408,CG10570,FBgn0040992,1,ortholog_one2one
LOC26533384,CG13358,FBgn0026874,1,ortholog_one2one
LOC4811876,CG11537,FBgn0035400,1,ortholog_one2one
LOC4803304,CG12278,FBgn0038847,1,ortholog_one2one
LOC13036441,knk,FBgn0001321,1,ortholog_one2one
LOC4811834,Mulk,FBgn0260750,0,ortholog_one2one
LOC4801642,CG9922,FBgn0038196,1,ortholog_one2one
LOC4815071,CHOp24,FBgn0029709,1,ortholog_one2one
LOC4817937,Agpat2,FBgn0026718,1,ortholog_one2one
LOC4816025,Arp6,FBgn0011741,1,ortholog_one2one
LOC4812387,Pex16,FBgn0037019,1,ortholog_one2one
LOC6901420,CG10352,FBgn0030348,1,ortholog_one2one
LOC4814453,CG7332,FBgn0030973,1,ortholog_one2one
LOC6898980,CG8547,FBgn0033919,1,ortholog_one2one
LOC4817777,ninaA,FBgn0002936,1,ortholog_one2one
LOC4801968,Vps16B,FBgn0039702,1,ortholog_one2one
LOC4814107,CG1246,FBgn0035360,1,ortholog_one2one
LOC6898338,CG13321,FBgn0033787,1,ortholog_one2one
LOC4813921,CG32436,FBgn0052436,1,ortholog_one2one
LOC4800742,CG5500,FBgn0039461,1,ortholog_one2one
LOC6897425,CG8036,FBgn0037607,0,ortholog_one2one
LOC4800333,dco,FBgn0002413,1,ortholog_one2one
LOC4816500,UK114,FBgn0086691,1,ortholog_one2one
LOC4814819,Mnt,FBgn0023215,1,ortholog_one2one
LOC4814731,Tcs4,FBgn0031060,1,ortholog_one2one
LOC4814568,Ork1,FBgn0017561,0,ortholog_one2one
LOC4813071,Syx13,FBgn0036341,1,ortholog_one2one
LOC4815429,CG3655,FBgn0040397,1,ortholog_one2one
LOC4803514,DCP1,FBgn0034921,1,ortholog_one2one
LOC4812773,Cpr78E,FBgn0037114,1,ortholog_one2one
LOC6897916,Xport-B,FBgn0260234,1,ortholog_one2one
LOC4815990,CG3184,FBgn0029892,1,ortholog_one2one
LOC4804821,CG30116,FBgn0028496,1,ortholog_one2one
LOC4813700,CG18581,FBgn0036466,1,ortholog_one2one
LOC6901846,Fum1,FBgn0286222,1,ortholog_one2one
LOC4801909,Osi1,FBgn0037406,1,ortholog_one2one
LOC6900899,rogdi,FBgn0036697,1,ortholog_one2one
LOC4801280,Osi22,FBgn0038133,1,ortholog_one2one
LOC4804571,CNT2,FBgn0025709,1,ortholog_one2one
LOC4811988,Hem,FBgn0011771,0,ortholog_one2one
LOC4805485,beta4GalNAcTA,FBgn0027538,1,ortholog_one2one
LOC15382901,ND-51L1,FBgn0034251,1,ortholog_one2one
LOC4812342,vsg,FBgn0045823,1,ortholog_one2one
LOC4802547,Pak3,FBgn0044826,1,ortholog_one2one
LOC4815915,OtopLc,FBgn0259150,1,ortholog_one2one
LOC4813195,CG10681,FBgn0036291,1,ortholog_one2one
LOC4817987,meng,FBgn0031855,1,ortholog_one2one
LOC4812464,Cht2,FBgn0022702,1,ortholog_one2one
LOC4805634,Asph,FBgn0034075,1,ortholog_one2one
LOC6902540,Taf10,FBgn0028398,1,ortholog_one2one
LOC4813479,Acbp4,FBgn0035742,1,ortholog_one2one
LOC6903503,Adhr,FBgn0000056,1,ortholog_one2one
LOC4805577,Pld,FBgn0286511,1,ortholog_one2one
LOC26533936,CG40498,FBgn0069969,0,ortholog_one2many
LOC4816138,CG16826,FBgn0032505,0,ortholog_one2one
LOC6897044,betaTub97EF,FBgn0003890,1,ortholog_one2one
LOC4813819,CG7560,FBgn0036157,1,ortholog_one2one
LOC6901051,mia,FBgn0014342,0,ortholog_one2one
LOC4814776,schlank,FBgn0040918,1,ortholog_one2one
LOC6899545,mbl,FBgn0265487,1,ortholog_one2one
LOC6897446,abd-A,FBgn0000014,1,ortholog_one2one
LOC4803955,vir,FBgn0003977,1,ortholog_one2one
LOC4817122,Ipk2,FBgn0031267,1,ortholog_one2one
LOC4816447,CG3793,FBgn0028507,1,ortholog_one2one
LOC6897557,CG42724,FBgn0261641,1,ortholog_one2one
LOC4805545,CG4286,FBgn0034601,1,ortholog_one2one
LOC4802239,CG12320,FBgn0038590,1,ortholog_one2one
LOC4817604,Tfb4,FBgn0031309,1,ortholog_one2one
LOC4813772,galla-2,FBgn0036107,1,ortholog_one2one
LOC4813248,CG32099,FBgn0052099,1,ortholog_one2one
LOC4802170,crb,FBgn0259685,1,ortholog_one2one
LOC6901422,CG14408,FBgn0030581,0,ortholog_one2one
LOC4813952,Afg3l2,FBgn0036702,1,ortholog_one2many
LOC6901206,wcy,FBgn0030812,1,ortholog_one2one
LOC4816582,Tsp39D,FBgn0032943,1,ortholog_one2one
LOC4813463,CG17233,FBgn0036958,1,ortholog_one2one
LOC6901266,CG32795,FBgn0040384,1,ortholog_one2one
LOC4803243,CG11703,FBgn0038690,0,ortholog_one2one
LOC4804016,pcs,FBgn0033988,0,ortholog_one2one
LOC117184953,SsRbeta,FBgn0011016,0,ortholog_one2many
LOC4812678,Mo25,FBgn0017572,1,ortholog_one2one
LOC4814720,Ahcy,FBgn0014455,1,ortholog_one2one
LOC4802140,Jhbp12,FBgn0039203,1,ortholog_one2one
LOC6900880,rgn,FBgn0261258,1,ortholog_one2one
LOC4814561,Paics,FBgn0020513,0,ortholog_one2one
LOC6902920,baf,FBgn0031977,1,ortholog_one2many
LOC4804149,Hsf,FBgn0001222,1,ortholog_one2one
LOC4805737,Vha14-1,FBgn0262512,1,ortholog_one2one
LOC4802269,Ccp84Ag,FBgn0004777,1,ortholog_one2one
LOC4800921,CG7031,FBgn0039027,1,ortholog_one2one
LOC4813152,CG14153,FBgn0036094,1,ortholog_one2one
LOC4812945,CG7320,FBgn0036782,1,ortholog_one2one
LOC4815174,run,FBgn0003300,1,ortholog_one2one
LOC4815183,CG15373,FBgn0030889,1,ortholog_one2one
LOC4801473,CG7080,FBgn0038941,1,ortholog_one2one
LOC6897993,CG34286,FBgn0085315,1,ortholog_one2one
LOC4817491,CG5888,FBgn0028523,1,ortholog_one2one
LOC4814505,Ir7a,FBgn0029961,1,ortholog_one2one
LOC4815376,Appl,FBgn0000108,1,ortholog_one2one
LOC4803522,kcc,FBgn0261794,1,ortholog_one2one
LOC4802702,CG16790,FBgn0037713,1,ortholog_one2one
LOC4813873,CG4069,FBgn0036301,1,ortholog_one2one
LOC4815843,CG14212,FBgn0031045,1,ortholog_one2one
LOC4816000,Scgdelta,FBgn0025391,1,ortholog_one2one
LOC4803394,Nxt1,FBgn0028411,1,ortholog_one2one
LOC26533486,CG33282,FBgn0053282,1,ortholog_one2many
LOC4802940,Obp84a,FBgn0011282,1,ortholog_one2one
LOC4812847,CG6885,FBgn0036810,1,ortholog_one2one
LOC4816812,Cyp28d2,FBgn0031688,1,ortholog_one2many
LOC4816812,Cyp28d1,FBgn0031689,1,ortholog_one2many
LOC6903853,Tsp42Er,FBgn0033139,1,ortholog_one2one
LOC4813377,Polr3D,FBgn0036775,1,ortholog_one2one
LOC4800660,tau,FBgn0266579,1,ortholog_one2one
LOC4804073,5-HT1A,FBgn0004168,1,ortholog_one2one
LOC4801525,Nagk,FBgn0038321,1,ortholog_one2one
LOC4803229,CG14689,FBgn0037826,1,ortholog_many2many
LOC4803229,CG31391,FBgn0051391,0,ortholog_many2many
LOC4803229,CG31467,FBgn0051467,0,ortholog_many2many
LOC6896831,CG13380,FBgn0036799,0,ortholog_one2many
LOC4802951,CG31496,FBgn0051496,1,ortholog_one2one
LOC6898189,CG42379,FBgn0259725,0,ortholog_one2one
LOC4815991,nonC,FBgn0263968,1,ortholog_one2one
LOC4803308,peg,FBgn0046763,1,ortholog_one2one
LOC4816089,AgmNAT,FBgn0029813,0,ortholog_one2one
LOC4803259,Aptx,FBgn0038704,1,ortholog_one2one
LOC4803195,RpL24-like,FBgn0037899,1,ortholog_one2one
LOC6900854,Grl62a,FBgn0259703,1,ortholog_one2one
LOC4812045,mad2,FBgn0035640,1,ortholog_one2many
LOC4815447,LIMK1,FBgn0283712,1,ortholog_one2one
LOC4816648,Eogt,FBgn0264672,1,ortholog_one2one
LOC4802512,opa,FBgn0003002,1,ortholog_one2one
LOC4802289,Neurochondrin,FBgn0037447,1,ortholog_one2one
LOC4801288,CG31121,FBgn0051121,1,ortholog_one2one
LOC4803882,CG17385,FBgn0033934,1,ortholog_one2one
LOC26532064,Klp3A,FBgn0011606,1,ortholog_one2many
LOC4817829,Trmt6,FBgn0031832,1,ortholog_one2one
LOC4802429,Snm1,FBgn0037338,1,ortholog_one2one
LOC4817476,CG15414,FBgn0031542,1,ortholog_one2one
LOC4813538,CG14565,FBgn0037129,1,ortholog_one2one
LOC4804284,CG10904,FBgn0034945,1,ortholog_one2one
LOC4803029,hyx,FBgn0037657,1,ortholog_one2one
LOC4812059,loaf,FBgn0036202,1,ortholog_one2one
LOC4805221,CG30278,FBgn0050278,1,ortholog_one2one
LOC6900700,CG13727,FBgn0036711,1,ortholog_one2one
LOC4804968,CG13872,FBgn0034477,1,ortholog_one2one
LOC4814894,Dlic,FBgn0030276,1,ortholog_one2many
LOC4802713,Nep2,FBgn0027570,1,ortholog_one2one
LOC4817737,Cyp303a1,FBgn0001992,1,ortholog_one2one
LOC4801841,CG6005,FBgn0038672,1,ortholog_one2one
LOC4814351,pkm,FBgn0030317,0,ortholog_one2one
LOC6898085,Spn42Da,FBgn0265137,1,ortholog_one2one
LOC6902491,indra,FBgn0035213,0,ortholog_one2many
LOC4800289,CG15528,FBgn0039742,1,ortholog_one2one
LOC26532482,CG42655,FBgn0261507,1,ortholog_one2one
LOC4804017,CG7639,FBgn0033989,0,ortholog_one2one
LOC6899812,Dyrk3,FBgn0027101,0,ortholog_one2one
LOC4800335,Sox100B,FBgn0024288,1,ortholog_one2one
LOC4815614,CG4768,FBgn0030790,1,ortholog_one2one
LOC4817564,Or33a,FBgn0026392,1,ortholog_one2one
LOC4805059,CG8738,FBgn0033321,1,ortholog_one2one
LOC4805548,CG13869,FBgn0034486,1,ortholog_one2one
LOC6902957,Cap-D2,FBgn0039680,0,ortholog_one2many
LOC117183207,CG43055,FBgn0262357,0,ortholog_many2many
LOC117183207,Sfp24F,FBgn0259958,0,ortholog_many2many
LOC6902631,CG12112,FBgn0030048,0,ortholog_one2many
LOC4803887,Obp50d,FBgn0050074,1,ortholog_one2one
LOC4812730,S-Lap1,FBgn0035915,1,ortholog_one2one
LOC4803718,LS2,FBgn0034834,1,ortholog_one2one
LOC4815182,CG12531,FBgn0031064,1,ortholog_one2one
LOC4815628,CG3842,FBgn0029866,1,ortholog_one2one
LOC6898868,Nt5c,FBgn0033426,1,ortholog_one2one
LOC4812715,Prm,FBgn0003149,1,ortholog_one2one
LOC4801575,Pli,FBgn0025574,1,ortholog_one2one
LOC4804557,sut4,FBgn0028560,1,ortholog_one2many
LOC4804625,MED8,FBgn0034503,1,ortholog_one2one
LOC4801768,CG18428,FBgn0039149,1,ortholog_one2one
LOC6902841,CG34176,FBgn0085205,1,ortholog_one2one
LOC4813609,Or67c,FBgn0036078,1,ortholog_one2one
LOC4817378,CG3513,FBgn0031559,1,ortholog_one2one
LOC4801616,MetRS-m,FBgn0027083,1,ortholog_one2one
LOC4816841,CG4270,FBgn0031407,1,ortholog_one2one
LOC4813151,CG32066,FBgn0052066,1,ortholog_one2one
LOC4816077,CG11378,FBgn0040364,1,ortholog_one2one
LOC117184543,Sumo,FBgn0264922,0,ortholog_one2many
LOC6901137,CG16824,FBgn0040973,0,ortholog_one2many
LOC6901137,CG13364,FBgn0026879,0,ortholog_one2many
LOC4800295,PH4alphaPV,FBgn0051015,1,ortholog_one2one
LOC6900547,Sox21b,FBgn0042630,1,ortholog_one2one
LOC4812819,yellow-k,FBgn0036504,1,ortholog_one2one
LOC6903293,CG17328,FBgn0028895,1,ortholog_one2one
LOC117183222,mthl11,FBgn0045443,1,ortholog_one2many
LOC4805144,Smyd4-4,FBgn0027495,0,ortholog_one2one
LOC4812156,Liprin-beta,FBgn0036376,1,ortholog_one2one
LOC6898226,Sik3,FBgn0262103,1,ortholog_one2one
LOC4813473,CG8641,FBgn0035733,0,ortholog_one2one
LOC6901005,CG15760,FBgn0030508,1,ortholog_one2one
LOC4813299,ND-24L,FBgn0036706,1,ortholog_one2one
LOC4815419,CG12773,FBgn0024365,1,ortholog_one2one
LOC4804076,Cdk5,FBgn0013762,1,ortholog_one2one
LOC4812757,enc,FBgn0004875,1,ortholog_one2one
LOC4817616,CG4896,FBgn0031319,1,ortholog_many2many
LOC4817616,CG4887,FBgn0031318,1,ortholog_many2many
LOC4801252,CG31068,FBgn0051068,1,ortholog_one2one
LOC4801530,wake,FBgn0266418,1,ortholog_one2one
LOC117184524,Snp,FBgn0265192,0,ortholog_one2many
LOC6896833,CG34295,FBgn0085324,1,ortholog_one2one
LOC4814442,CG42237,FBgn0250862,1,ortholog_one2one
LOC4813771,NHP2,FBgn0029148,0,ortholog_one2one
LOC4812729,Cdc6,FBgn0035918,1,ortholog_one2one
LOC6899530,DIP-lambda,FBgn0267428,0,ortholog_one2one
LOC4813720,CG14966,FBgn0035415,1,ortholog_one2one
LOC4816560,CG9643,FBgn0031485,1,ortholog_one2one
LOC6899246,Polr3A,FBgn0030687,0,ortholog_one2one
LOC4812780,TfIIEalpha,FBgn0015828,1,ortholog_one2one
LOC4804406,Ipk1,FBgn0050295,1,ortholog_one2one
LOC4813448,geko,FBgn0020300,1,ortholog_one2one
LOC6900646,Taf2,FBgn0011836,1,ortholog_one2one
LOC4813018,eRF1,FBgn0036974,1,ortholog_one2one
LOC4816591,wb,FBgn0261563,1,ortholog_one2one
LOC13036479,CG34375,FBgn0085404,1,ortholog_one2one
LOC4814289,Set2,FBgn0030486,1,ortholog_one2one
LOC4801993,Act87E,FBgn0000046,1,ortholog_one2one
LOC4802031,5-HT2B,FBgn0261929,1,ortholog_one2one
LOC6902515,Rtnl1,FBgn0053113,1,ortholog_one2one
LOC6897413,CG14355,FBgn0038208,0,ortholog_one2many
LOC6898392,Fa2h,FBgn0050502,1,ortholog_one2one
LOC4804385,drk,FBgn0004638,1,ortholog_one2one
LOC4815963,CG11384,FBgn0040363,1,ortholog_one2one
LOC4817910,Kr-h2,FBgn0266449,1,ortholog_one2one
LOC4803709,CG9863,FBgn0034846,1,ortholog_one2one
LOC4817669,Sytalpha,FBgn0261089,1,ortholog_one2one
LOC26533670,mRpS7,FBgn0032236,0,ortholog_one2one
LOC6898177,CG30203,FBgn0050203,1,ortholog_one2one
LOC4812399,Golgin104,FBgn0036614,1,ortholog_one2one
LOC6898572,CG15109,FBgn0034416,0,ortholog_one2many
LOC4805359,CG4927,FBgn0034139,0,ortholog_one2one
LOC4801204,CG17283,FBgn0038505,1,ortholog_one2one
LOC117184109,CG41378,FBgn0085638,0,ortholog_one2one
LOC26534020,Stim,FBgn0045073,0,ortholog_one2one
LOC4802270,Ccp84Af,FBgn0004778,1,ortholog_one2one
LOC4802048,Rab23,FBgn0037364,1,ortholog_one2one
LOC4802523,Ccdc39,FBgn0037276,1,ortholog_one2one
LOC4816135,CG31636,FBgn0051636,1,ortholog_one2one
LOC4814177,Hsp22,FBgn0001223,1,ortholog_one2one
LOC6902953,ham,FBgn0045852,1,ortholog_one2one
LOC117184108,CG12547,FBgn0250830,0,ortholog_one2one
LOC4801366,His4:CG33875,FBgn0053875,0,ortholog_one2one
LOC4817486,RpL7,FBgn0005593,1,ortholog_one2one
LOC4813608,Prim2,FBgn0259676,1,ortholog_one2one
LOC4818016,CG17075,FBgn0031239,1,ortholog_one2one
LOC4811938,CG13288,FBgn0035648,1,ortholog_one2one
LOC4816525,CG5787,FBgn0032454,1,ortholog_one2one
LOC4812845,CG10584,FBgn0037045,1,ortholog_one2one
LOC6902690,CG33090,FBgn0028916,1,ortholog_one2one
LOC4813164,CG13931,FBgn0035258,1,ortholog_one2one
LOC4813763,CG5618,FBgn0036975,1,ortholog_one2one
LOC4818014,Stam,FBgn0027363,1,ortholog_one2one
LOC6903542,Akap200,FBgn0027932,1,ortholog_one2one
LOC4804604,CG10737,FBgn0034420,1,ortholog_one2many
LOC6898501,Ate1,FBgn0025720,1,ortholog_one2one
LOC4815768,Karl,FBgn0030334,1,ortholog_one2one
LOC4804180,CG8910,FBgn0025833,1,ortholog_one2one
LOC4816176,CG10631,FBgn0032817,1,ortholog_one2one
LOC4814385,CG34436,FBgn0085465,0,ortholog_one2many
LOC4814385,Ser7,FBgn0019929,1,ortholog_one2many
LOC4814385,CG34437,FBgn0085466,0,ortholog_one2many
LOC6897054,CG31076,FBgn0051076,1,ortholog_one2one
LOC6899499,eEF1beta,FBgn0028737,0,ortholog_one2many
LOC4802918,CG10068,FBgn0037473,1,ortholog_one2one
LOC4803917,Vajk4,FBgn0050101,1,ortholog_one2one
LOC4814173,Sf3b6,FBgn0035692,1,ortholog_one2one
LOC4816145,Polr1F,FBgn0042092,1,ortholog_one2one
LOC6898294,cnk,FBgn0286070,1,ortholog_one2one
LOC4803109,CG6236,FBgn0038318,1,ortholog_one2one
LOC26533299,elfless,FBgn0032660,0,ortholog_many2many
LOC26533299,CG43058,FBgn0262360,0,ortholog_many2many
LOC4801898,Osi10a,FBgn0286976,1,ortholog_one2one
LOC4802923,CG2656,FBgn0037478,1,ortholog_one2one
LOC4816708,spel1,FBgn0015546,0,ortholog_one2one
LOC4803693,Tbp,FBgn0003687,1,ortholog_one2one
LOC4813356,Zasp67,FBgn0036044,1,ortholog_one2one
LOC4814263,fu,FBgn0001079,1,ortholog_one2one
LOC4801427,dind,FBgn0286828,1,ortholog_one2one
LOC4813809,Lk,FBgn0028418,1,ortholog_one2one
LOC6900909,nwk,FBgn0263456,1,ortholog_one2one
LOC4814216,tth,FBgn0030502,0,ortholog_one2one
LOC4801971,CG11755,FBgn0037611,0,ortholog_one2one
LOC4803234,CG14684,FBgn0037824,1,ortholog_one2one
LOC5384076,AOX4,FBgn0038350,1,ortholog_many2many
LOC5384076,AOX3,FBgn0038349,1,ortholog_many2many
LOC4813253,wit,FBgn0024179,1,ortholog_one2one
LOC4800839,trus,FBgn0038055,1,ortholog_one2one
LOC4804042,CG44251,FBgn0265186,1,ortholog_one2one
LOC6898443,CG33627,FBgn0053627,1,ortholog_one2one
LOC4801407,CG8031,FBgn0038110,1,ortholog_one2one
LOC4804049,CG13326,FBgn0033794,1,ortholog_one2one
LOC4802834,HisCl1,FBgn0037950,1,ortholog_one2one
LOC4816639,NimB1,FBgn0027929,1,ortholog_one2one
LOC4812748,Or67b,FBgn0036019,0,ortholog_one2one
LOC4801937,CG1971,FBgn0039881,1,ortholog_one2one
LOC4812028,fwd,FBgn0004373,1,ortholog_one2one
LOC4811936,serp,FBgn0260653,1,ortholog_one2one
LOC6900083,Cln7,FBgn0035767,1,ortholog_one2one
LOC4817798,CG6770,FBgn0032400,1,ortholog_one2one
LOC4804392,CG13332,FBgn0033851,1,ortholog_one2one
LOC4804610,CG11906,FBgn0034425,0,ortholog_one2one
LOC26533820,CG5167,FBgn0038038,1,ortholog_one2one
LOC4812954,gnu,FBgn0001120,1,ortholog_one2one
LOC4801820,CG2150,FBgn0003065,1,ortholog_one2one
LOC4803839,robo1,FBgn0005631,1,ortholog_one2one
LOC4815125,CG15912,FBgn0029712,0,ortholog_one2one
LOC4814308,Ntf-2,FBgn0031145,1,ortholog_one2one
LOC6900857,sls,FBgn0086906,1,ortholog_one2one
LOC6901263,Arl6IP1,FBgn0038453,0,ortholog_one2many
LOC4816921,Wnt10,FBgn0031903,1,ortholog_one2one
LOC4804621,CG30428,FBgn0050428,0,ortholog_one2one
LOC4802227,CG31091,FBgn0051091,0,ortholog_one2one
LOC6898270,CG10731,FBgn0034081,1,ortholog_one2one
LOC4817969,CG1428,FBgn0032967,1,ortholog_one2one
LOC4817110,zuc,FBgn0261266,1,ortholog_one2one
LOC4800668,CG12880,FBgn0046258,1,ortholog_one2one
LOC4817903,CG14005,FBgn0031739,1,ortholog_one2one
LOC4814618,Yp3,FBgn0004047,1,ortholog_one2one
LOC26533233,CG42878,FBgn0262170,1,ortholog_one2one
LOC4800658,CG5611,FBgn0039531,1,ortholog_one2one
LOC6896712,CG7903,FBgn0039730,1,ortholog_one2one
LOC6897670,Poc1,FBgn0036354,0,ortholog_many2many
LOC4802897,CG12241,FBgn0038304,1,ortholog_one2one
LOC4817654,CG15152,FBgn0032665,1,ortholog_one2one
LOC6900437,Mp,FBgn0260660,0,ortholog_one2one
LOC4814604,cm,FBgn0000330,1,ortholog_one2one
LOC4816129,CG31635,FBgn0051635,1,ortholog_one2one
LOC4802936,Noc3,FBgn0037489,1,ortholog_one2one
LOC6901180,CG12061,FBgn0040031,1,ortholog_one2one
LOC4802291,CG9727,FBgn0037445,1,ortholog_one2one
LOC26533691,Ssu72,FBgn0031054,1,ortholog_one2one
LOC4815030,eas,FBgn0000536,1,ortholog_one2one
LOC4816634,NimB5,FBgn0028936,1,ortholog_one2one
LOC4814139,tut,FBgn0052364,1,ortholog_one2one
LOC4804054,CG15084,FBgn0034402,1,ortholog_one2one
LOC4817740,CG3164,FBgn0288229,1,ortholog_one2one
LOC4815176,Peritrophin-A,FBgn0022770,1,ortholog_one2one
LOC4815412,Ranbp21,FBgn0031051,1,ortholog_one2one
LOC4815023,CG8675,FBgn0030834,1,ortholog_one2one
LOC4803366,CG8079,FBgn0034002,1,ortholog_one2one
LOC4812594,spz5,FBgn0035379,1,ortholog_one2one
LOC4801592,puc,FBgn0243512,1,ortholog_one2one
LOC4803855,CG30274,FBgn0050274,1,ortholog_one2one
LOC4811964,PIG-C,FBgn0035435,1,ortholog_one2one
LOC4804448,CG10927,FBgn0034360,1,ortholog_one2one
LOC6902228,Nemp,FBgn0030768,1,ortholog_one2many
LOC4813006,CG32276,FBgn0047135,1,ortholog_one2one
LOC4804967,Toll-7,FBgn0034476,1,ortholog_one2one
LOC6898788,clos,FBgn0261016,1,ortholog_one2one
LOC4801829,CG14292,FBgn0038658,1,ortholog_one2one
LOC4811918,ND-B14.5AL,FBgn0037172,1,ortholog_one2one
LOC4803341,Dh31-R,FBgn0052843,1,ortholog_one2one
LOC26534253,CG7530,FBgn0038256,1,ortholog_one2one
LOC4813470,ImpL1,FBgn0001256,1,ortholog_one2one
LOC4802273,agt,FBgn0024912,1,ortholog_one2one
LOC4816953,Nak,FBgn0015772,1,ortholog_one2one
LOC4816322,gkt,FBgn0260817,1,ortholog_one2one
LOC117183281,CG16734,FBgn0037667,1,ortholog_one2many
LOC4815749,CG2200,FBgn0030447,1,ortholog_one2one
LOC6898744,CG30379,FBgn0050379,0,ortholog_one2many
LOC4814340,CG1998,FBgn0030485,0,ortholog_one2one
LOC6896840,can,FBgn0011569,0,ortholog_one2many
LOC4805226,Alp7,FBgn0034710,1,ortholog_one2one
LOC4802572,asun,FBgn0020407,1,ortholog_one2one
LOC4801201,CG5866,FBgn0038508,1,ortholog_one2one
LOC6901840,Vml,FBgn0085362,1,ortholog_one2one
LOC4803545,NKAIN,FBgn0085442,1,ortholog_one2one
LOC4812380,CG13070,FBgn0036586,1,ortholog_one2one
LOC4813386,CG13907,FBgn0035173,1,ortholog_one2one
LOC4803537,CG33672,FBgn0061360,1,ortholog_one2one
LOC4800736,CG14252,FBgn0039462,1,ortholog_one2one
LOC4801311,Dhc98D,FBgn0013813,1,ortholog_one2one
LOC6902613,barr,FBgn0014127,0,ortholog_one2many
LOC26532710,His4:CG33877,FBgn0053877,1,ortholog_one2many
LOC26532710,His4:CG33869,FBgn0053869,0,ortholog_one2many
LOC26532710,His4:CG33881,FBgn0053881,0,ortholog_one2many
LOC26532710,His4:CG33871,FBgn0053871,0,ortholog_one2many
LOC26532710,His4:CG33879,FBgn0053879,0,ortholog_one2many
LOC26532710,His4:CG31611,FBgn0051611,1,ortholog_one2many
LOC4814592,amx,FBgn0000077,1,ortholog_one2one
LOC4816019,CG11695,FBgn0030316,1,ortholog_one2one
LOC4815899,CG10804,FBgn0029663,1,ortholog_one2one
LOC4816635,gammaTub23C,FBgn0260639,1,ortholog_one2one
LOC4804574,Dbp45A,FBgn0010220,1,ortholog_one2one
LOC4802723,CG3223,FBgn0037538,1,ortholog_one2one
LOC6898965,CG42360,FBgn0259742,1,ortholog_one2one
LOC26533428,Ir7e,FBgn0259189,1,ortholog_one2one
LOC4802184,Ald1,FBgn0000064,1,ortholog_one2one
LOC4800573,CG10300,FBgn0039107,1,ortholog_one2one
LOC4801075,CG13408,FBgn0038929,1,ortholog_one2many
LOC4816680,CG2991,FBgn0031474,1,ortholog_one2one
LOC4817332,Nin,FBgn0000228,1,ortholog_one2one
LOC4816532,Cpr23B,FBgn0031467,1,ortholog_one2one
LOC4813345,Uev1A,FBgn0035601,1,ortholog_one2one
LOC4802588,KLHL18,FBgn0037978,1,ortholog_one2one
LOC6902437,Prosalpha3T,FBgn0261395,0,ortholog_one2one
LOC4812499,Cht7,FBgn0035398,1,ortholog_one2one
LOC6901443,CG6847,FBgn0030884,1,ortholog_one2one
LOC4814621,r-cup,FBgn0031142,1,ortholog_one2one
LOC26534211,CG31808,FBgn0062978,1,ortholog_one2one
LOC4813188,Sf3a2,FBgn0036314,1,ortholog_one2one
LOC6900227,CG8119,FBgn0030664,0,ortholog_one2many
LOC4814294,D2hgdh,FBgn0023507,1,ortholog_one2one
LOC6902135,e(y)3,FBgn0087008,1,ortholog_one2one
LOC6899834,Mitf,FBgn0263112,1,ortholog_one2one
LOC4801683,CG18596,FBgn0038953,1,ortholog_one2one
LOC4804323,enok,FBgn0034975,1,ortholog_one2one
LOC4802573,bor,FBgn0287225,1,ortholog_one2one
LOC4817602,MFS3,FBgn0031307,1,ortholog_one2one
LOC4801576,TfIIA-S,FBgn0013347,0,ortholog_one2one
LOC4803923,Bap55,FBgn0025716,1,ortholog_one2one
LOC4814541,CG14194,FBgn0030996,1,ortholog_one2one
LOC4803105,Tm2,FBgn0004117,1,ortholog_one2one
LOC4804861,CG12964,FBgn0034022,1,ortholog_one2one
LOC4814443,Ocrl,FBgn0023508,1,ortholog_one2one
LOC6898305,clt,FBgn0000326,0,ortholog_one2one
LOC4803037,CG11980,FBgn0037652,1,ortholog_one2one
LOC26534449,CG44622,FBgn0265833,0,ortholog_one2one
LOC4803239,CG5555,FBgn0038686,1,ortholog_one2one
LOC6896862,CG10761,FBgn0030015,0,ortholog_one2many
LOC4800509,CIA30,FBgn0039689,1,ortholog_one2one
LOC26533186,CG13674,FBgn0035858,1,ortholog_one2one
LOC4817806,Nhe1,FBgn0026787,1,ortholog_one2one
LOC4816233,Fic,FBgn0263278,1,ortholog_one2one
LOC4802860,TyrR,FBgn0038542,1,ortholog_one2one
LOC6902586,CG12511,FBgn0031729,1,ortholog_one2many
LOC4814205,CG11164,FBgn0030507,1,ortholog_one2one
LOC13036356,CG42727,FBgn0261680,1,ortholog_one2one
LOC4815643,CG13367,FBgn0025634,1,ortholog_one2one
LOC4802548,CG14882,FBgn0038429,1,ortholog_one2one
LOC4803427,CG30161,FBgn0050161,0,ortholog_one2many
LOC4803427,CG15909,FBgn0033090,0,ortholog_one2many
LOC4800236,CG31013,FBgn0051013,1,ortholog_one2many
LOC4816702,CG7953,FBgn0028533,1,ortholog_one2one
LOC6901678,disco-r,FBgn0285879,1,ortholog_one2one
LOC4804727,Listericin,FBgn0033593,1,ortholog_one2one
LOC4814846,CG1812,FBgn0031119,1,ortholog_one2one
LOC4804430,Rcd6,FBgn0034530,1,ortholog_one2one
LOC4800972,lsn,FBgn0260940,1,ortholog_one2one
LOC4811823,dan,FBgn0039286,1,ortholog_one2one
LOC6897013,CG12817,FBgn0037798,1,ortholog_one2one
LOC6898742,CG13898,FBgn0035161,0,ortholog_one2one
LOC4804319,CG13564,FBgn0034973,1,ortholog_one2one
LOC4817442,Polr2J,FBgn0032634,1,ortholog_one2one
LOC4813785,CG5114,FBgn0036460,1,ortholog_one2one
LOC6897694,CG5024,FBgn0039373,1,ortholog_one2many
LOC6897694,CG17770,FBgn0039374,1,ortholog_one2many
LOC4800312,dj-1beta,FBgn0039802,1,ortholog_one2one
LOC4816458,CG34124,FBgn0083960,1,ortholog_one2one
LOC4817991,CG7099,FBgn0032517,1,ortholog_one2one
LOC6903530,Aatf,FBgn0031851,1,ortholog_one2one
LOC4816068,CG42699,FBgn0261610,1,ortholog_one2one
LOC4803397,CG5554,FBgn0034914,1,ortholog_one2many
LOC4802482,Prosbeta7,FBgn0250746,1,ortholog_one2one
LOC4816871,ebi,FBgn0263933,1,ortholog_one2one
LOC4816206,Nf-YB,FBgn0032816,1,ortholog_one2one
LOC6897390,glob3,FBgn0037385,1,ortholog_one2one
LOC4813404,Cyp305a1,FBgn0036910,1,ortholog_one2one
LOC6902310,Tom70,FBgn0032397,0,ortholog_one2many
LOC4817623,robo3,FBgn0041097,1,ortholog_one2one
LOC4802434,NKCC,FBgn0051547,1,ortholog_one2one
LOC4802608,CG12256,FBgn0038002,1,ortholog_one2one
LOC4817287,CG6230,FBgn0027582,1,ortholog_one2one
LOC4801654,ems,FBgn0000576,1,ortholog_one2one
LOC4812758,Awh,FBgn0013751,1,ortholog_one2one
LOC4803135,Ugt302C1,FBgn0040259,1,ortholog_one2many
LOC4801167,eIF2D,FBgn0041588,1,ortholog_one2one
LOC4803575,Mlh1,FBgn0011659,1,ortholog_one2one
LOC13036512,TTLL15,FBgn0037838,1,ortholog_one2one
LOC4813091,dsb,FBgn0035290,1,ortholog_one2one
LOC4805185,CG12374,FBgn0033774,1,ortholog_one2one
LOC4814014,Uqcc1,FBgn0035722,1,ortholog_one2one
LOC4813401,FoxK,FBgn0036134,1,ortholog_one2one
LOC4803772,Sgf29,FBgn0050390,1,ortholog_one2one
LOC4800398,CG18404,FBgn0039761,1,ortholog_one2one
LOC4814560,Acat1,FBgn0029969,1,ortholog_one2one
LOC4812188,Mtch,FBgn0027786,1,ortholog_one2one
LOC4802488,Tim17a2,FBgn0037307,1,ortholog_many2many
LOC4802488,Tim17a1,FBgn0038018,0,ortholog_many2many
LOC4814332,Naxe,FBgn0030178,1,ortholog_one2one
LOC4814187,Klp67A,FBgn0004379,1,ortholog_one2one
LOC6900668,CG18809,FBgn0042132,0,ortholog_one2many
LOC4803006,Cks85A,FBgn0037613,1,ortholog_one2one
LOC4805736,Impbeta11,FBgn0284254,1,ortholog_one2one
LOC6901339,otu,FBgn0003023,1,ortholog_one2one
LOC4802127,Ythdf,FBgn0039261,1,ortholog_one2one
LOC4811945,CG13894,FBgn0035157,1,ortholog_one2one
LOC4802805,eca,FBgn0069242,1,ortholog_one2many
LOC4802805,p24-2,FBgn0053105,0,ortholog_one2many
LOC4816378,vls,FBgn0003978,1,ortholog_one2many
LOC4812378,pbl,FBgn0003041,1,ortholog_one2one
LOC6898467,CG13330,FBgn0033848,1,ortholog_one2one
LOC4801428,CG7702,FBgn0038638,1,ortholog_one2one
LOC4812961,EAChm,FBgn0036470,1,ortholog_one2one
LOC6901715,CG12096,FBgn0030457,1,ortholog_one2one
LOC6903341,Tom7,FBgn0033357,0,ortholog_one2many
LOC4802685,CG14323,FBgn0038529,1,ortholog_one2one
LOC6903149,Kebab,FBgn0028952,1,ortholog_one2one
LOC4805001,drosha,FBgn0026722,1,ortholog_one2one
LOC4812294,Sfxn2,FBgn0036843,1,ortholog_one2one
LOC4815339,mRpL16,FBgn0023519,1,ortholog_one2one
LOC4814042,CG5026,FBgn0035945,1,ortholog_one2one
LOC4805316,CG12341,FBgn0033550,1,ortholog_one2one
LOC4804594,CG16868,FBgn0034498,1,ortholog_one2one
LOC6902757,CG40006,FBgn0058006,0,ortholog_one2one
LOC6897009,CG3999,FBgn0037801,1,ortholog_one2one
LOC4814243,phtm,FBgn0004959,1,ortholog_one2one
LOC6900987,CG42445,FBgn0259916,1,ortholog_one2one
LOC4805368,HLH54F,FBgn0022740,1,ortholog_many2many
LOC4815758,CG4653,FBgn0030776,1,ortholog_one2one
LOC4804866,CG30471,FBgn0050471,1,ortholog_one2one
LOC6901911,chas,FBgn0263258,1,ortholog_one2one
LOC4813452,CG5895,FBgn0036560,1,ortholog_one2one
LOC6899889,mael,FBgn0016034,0,ortholog_one2many
LOC4804726,CG13215,FBgn0033592,1,ortholog_one2one
LOC4801948,soti,FBgn0038225,1,ortholog_one2one
LOC4800550,CG10175,FBgn0039084,1,ortholog_one2one
LOC6897401,ca,FBgn0000247,1,ortholog_one2one
LOC6898834,Pp1-Y1,FBgn0261399,0,ortholog_one2one
LOC4813638,Rcd5,FBgn0263832,1,ortholog_one2many
LOC4802953,wa-cup,FBgn0037502,1,ortholog_one2one
LOC4802254,Antp,FBgn0260642,1,ortholog_one2one
LOC26533379,mt:Cyt-b,FBgn0013678,0,ortholog_one2many
LOC6902035,bi,FBgn0000179,1,ortholog_one2one
LOC6903444,CG10859,FBgn0032520,1,ortholog_one2one
LOC4817864,l(2)37Bb,FBgn0002021,1,ortholog_one2one
LOC4804305,MAN1,FBgn0034962,1,ortholog_one2one
LOC4803526,Galphas,FBgn0001123,1,ortholog_one2one
LOC4804282,Alas,FBgn0020764,1,ortholog_one2one
LOC4802234,Vps39,FBgn0038593,1,ortholog_one2one
LOC4816443,CG8243,FBgn0033349,0,ortholog_many2many
LOC4816443,CenG1A,FBgn0028509,1,ortholog_many2many
LOC4817553,esc,FBgn0000588,1,ortholog_one2one
LOC6901050,vls,FBgn0003978,0,ortholog_one2many
LOC4802504,CG14662,FBgn0037291,1,ortholog_one2one
LOC4800544,Ir94e,FBgn0259194,1,ortholog_one2one
LOC4801369,Hr96,FBgn0015240,1,ortholog_one2one
LOC117183684,CG43328,FBgn0263033,1,ortholog_one2one
LOC4817137,CG17633,FBgn0032144,1,ortholog_one2one
LOC26533184,CG42798,FBgn0261932,1,ortholog_one2one
LOC4815974,Pink1,FBgn0029891,1,ortholog_one2one
LOC4817549,Eaat2,FBgn0026438,1,ortholog_one2one
LOC4813150,mei-P22,FBgn0016036,1,ortholog_one2one
LOC4800447,CG31126,FBgn0051126,1,ortholog_one2one
LOC4802799,CG6959,FBgn0037956,1,ortholog_one2one
LOC4803479,nec,FBgn0002930,1,ortholog_one2one
LOC4812761,polo,FBgn0003124,1,ortholog_one2many
LOC4802757,MP1,FBgn0027930,1,ortholog_one2one
LOC4805629,cN-IIIB,FBgn0034988,1,ortholog_one2one
LOC4815356,CG1504,FBgn0031100,1,ortholog_one2one
LOC6898856,CG10494,FBgn0034634,1,ortholog_one2one
LOC4811870,nAChRbeta1,FBgn0000038,1,ortholog_one2one
LOC4803401,CG3663,FBgn0035044,0,ortholog_one2one
LOC6896732,CecB,FBgn0000278,0,ortholog_many2many
LOC6896732,CecC,FBgn0000279,1,ortholog_many2many
LOC4817066,CG17855,FBgn0032124,0,ortholog_one2one
LOC6901931,CG1523,FBgn0039601,0,ortholog_one2many
LOC4813639,CG11570,FBgn0036230,1,ortholog_one2one
LOC6900144,CG13051,FBgn0040799,0,ortholog_one2many
LOC4817132,Mon1,FBgn0031640,1,ortholog_one2one
LOC6901962,Tbh,FBgn0010329,1,ortholog_one2one
LOC4816544,CG8679,FBgn0032934,1,ortholog_one2one
LOC4801840,gukh,FBgn0026239,1,ortholog_one2one
LOC6897336,Kal1,FBgn0039155,1,ortholog_one2one
LOC4812164,l(3)72Dn,FBgn0263605,1,ortholog_one2one
LOC4803902,lms,FBgn0034520,0,ortholog_one2one
LOC6901757,barr,FBgn0014127,0,ortholog_one2many
LOC6899784,NfI,FBgn0042696,0,ortholog_one2one
LOC6901289,CG5274,FBgn0036987,0,ortholog_one2many
LOC4804717,FMRFa,FBgn0000715,1,ortholog_one2one
LOC26532118,ppk10,FBgn0065110,1,ortholog_one2one
LOC4817334,Pvr,FBgn0032006,1,ortholog_one2one
LOC4817711,Hacd1,FBgn0032394,1,ortholog_one2one
LOC4813487,Sec3,FBgn0266669,1,ortholog_one2one
LOC4814497,aspr,FBgn0031089,1,ortholog_one2one
LOC4801572,CG33111,FBgn0053111,1,ortholog_one2one
LOC26532209,p120ctn,FBgn0260799,0,ortholog_one2many
LOC6901473,flw,FBgn0000711,1,ortholog_one2one
LOC4812883,CG6409,FBgn0036106,1,ortholog_one2one
LOC4804934,stil,FBgn0003527,1,ortholog_one2one
LOC4804121,Spn55B,FBgn0028983,0,ortholog_one2one
LOC4817613,CG31922,FBgn0051922,1,ortholog_one2many
LOC4805013,CG12822,FBgn0033229,1,ortholog_one2one
LOC6898397,Ufm1,FBgn0085220,1,ortholog_one2one
LOC4817274,CG13692,FBgn0031254,1,ortholog_one2one
LOC4811756,CG15916,FBgn0030704,0,ortholog_one2one
LOC6898517,Eglp2,FBgn0034883,0,ortholog_one2one
LOC4816198,CG9289,FBgn0032058,1,ortholog_one2one
LOC117185595,stwl,FBgn0003459,0,ortholog_one2many
LOC4804496,plu,FBgn0003114,1,ortholog_one2one
LOC6901151,CG32815,FBgn0052815,1,ortholog_one2one
LOC4815084,Caf1-180,FBgn0030054,1,ortholog_one2one
LOC4802495,Vps37B,FBgn0037299,1,ortholog_one2one
LOC6901632,Tlk,FBgn0283657,1,ortholog_one2one
LOC4813381,CG14102,FBgn0036906,0,ortholog_one2one
LOC4803656,Ciao1,FBgn0033972,1,ortholog_one2one
LOC4805605,Pgam5-2,FBgn0035004,1,ortholog_one2one
LOC4803312,CG31446,FBgn0051446,1,ortholog_one2one
LOC4814079,RecQ4,FBgn0040290,1,ortholog_one2one
LOC4814824,CG1764,FBgn0030467,0,ortholog_one2one
LOC4805112,CG12929,FBgn0033429,1,ortholog_one2one
LOC4815334,fh,FBgn0030092,1,ortholog_one2one
LOC6900297,CG17028,FBgn0036552,1,ortholog_one2one
LOC4801152,spn-D,FBgn0003482,1,ortholog_one2one
LOC6903743,Snp,FBgn0265192,0,ortholog_one2many
LOC6898326,CG34283,FBgn0085312,0,ortholog_many2many
LOC6898326,CG32625,FBgn0052625,0,ortholog_many2many
LOC4804225,CG12898,FBgn0033516,1,ortholog_one2many
LOC4804225,CG33477,FBgn0053477,1,ortholog_one2many
LOC6902985,CG14537,FBgn0031954,1,ortholog_one2one
LOC4817720,PLCXD,FBgn0032402,1,ortholog_one2one
LOC4817863,rau,FBgn0031745,1,ortholog_one2one
LOC6897384,akirin,FBgn0082598,0,ortholog_one2many
LOC6902465,Vap33,FBgn0029687,0,ortholog_one2many
LOC4815204,CG12608,FBgn0030630,1,ortholog_many2many
LOC6902512,CG34125,FBgn0083961,1,ortholog_one2one
LOC4817411,Scgalpha,FBgn0032013,1,ortholog_one2one
LOC4815335,CG7065,FBgn0030091,1,ortholog_one2one
LOC4812785,sNPF-R,FBgn0036934,1,ortholog_one2one
LOC4816703,nesd,FBgn0032848,1,ortholog_one2one
LOC4800388,CG15537,FBgn0039770,1,ortholog_one2one
LOC6903655,CG4763,FBgn0034910,0,ortholog_one2one
LOC4812349,Ir75d,FBgn0036829,1,ortholog_one2one
LOC4817915,Fbw5,FBgn0031773,1,ortholog_one2one
LOC6900069,CG13705,FBgn0035582,1,ortholog_one2one
LOC4801108,nenya,FBgn0051053,1,ortholog_one2many
LOC4801108,narya,FBgn0031018,0,ortholog_one2many
LOC6903436,CG16852,FBgn0028942,0,ortholog_one2many
LOC4814358,CG15578,FBgn0040905,1,ortholog_one2many
LOC4814358,CG15577,FBgn0040904,1,ortholog_one2many
LOC4800460,Cyt-c1L,FBgn0039651,1,ortholog_one2one
LOC4800738,Ets97D,FBgn0004510,1,ortholog_one2one
LOC4804166,CG4646,FBgn0033810,1,ortholog_one2one
LOC6898912,Gbp2,FBgn0034200,1,ortholog_one2one
LOC4805558,ReepA,FBgn0261564,1,ortholog_one2one
LOC4802836,l(3)neo38,FBgn0265276,1,ortholog_one2one
LOC4803961,ttv,FBgn0265974,1,ortholog_one2one
LOC6897293,E5,FBgn0008646,1,ortholog_one2one
LOC4814962,CG14803,FBgn0023513,1,ortholog_one2one
LOC4812169,miple2,FBgn0029002,1,ortholog_one2one
LOC4815379,CG2680,FBgn0024995,1,ortholog_one2one
LOC4805340,Cyp49a1,FBgn0033524,1,ortholog_one2one
LOC6898764,CG30059,FBgn0260475,1,ortholog_one2many
LOC6898764,CG18278,FBgn0033836,0,ortholog_one2many
LOC4802823,CG10898,FBgn0037911,1,ortholog_one2one
LOC6898100,lbm,FBgn0016032,1,ortholog_one2one
LOC4814137,ru,FBgn0003295,1,ortholog_one2one
LOC4815541,c12.1,FBgn0040235,1,ortholog_one2one
LOC6903071,CG11815,FBgn0035299,0,ortholog_one2one
LOC4804547,Pi3K59F,FBgn0015277,1,ortholog_one2one
LOC26532348,CG42830,FBgn0262017,1,ortholog_one2one
LOC4801394,2mit,FBgn0260793,1,ortholog_one2one
LOC4812166,CG14820,FBgn0035718,1,ortholog_one2one
LOC4813064,Tmep,FBgn0035236,1,ortholog_one2one
LOC4816244,ppk7,FBgn0031802,0,ortholog_one2one
LOC6897795,CG42598,FBgn0260997,0,ortholog_one2many
LOC6897795,CG41284,FBgn0085599,0,ortholog_one2many
LOC4801679,CG13857,FBgn0038958,1,ortholog_one2one
LOC6897434,SecS,FBgn0037347,1,ortholog_one2one
LOC4817068,lwr,FBgn0010602,1,ortholog_one2many
LOC4814306,CG9686,FBgn0030158,1,ortholog_one2one
LOC26533195,CG14431,FBgn0029922,1,ortholog_one2one
LOC4800608,CG6937,FBgn0038989,1,ortholog_one2one
LOC4800574,nau,FBgn0002922,1,ortholog_one2one
LOC6897367,MtnB,FBgn0002869,1,ortholog_one2one
LOC4812759,CG34382,FBgn0085411,1,ortholog_one2one
LOC4813061,CG10418,FBgn0036277,1,ortholog_one2one
LOC26532833,Vti1b,FBgn0264751,1,ortholog_one2many
LOC4812493,CG32095,FBgn0052095,0,ortholog_one2one
LOC4802401,CG3984,FBgn0038291,1,ortholog_one2one
LOC4817266,Pus10,FBgn0031227,1,ortholog_one2one
LOC4802317,ND-23,FBgn0017567,1,ortholog_one2one
LOC4804381,arr,FBgn0000119,1,ortholog_one2one
LOC4804459,rad50,FBgn0034728,1,ortholog_one2one
LOC4816852,CG7025,FBgn0031930,1,ortholog_one2one
LOC6901676,fd19B,FBgn0031086,0,ortholog_one2one
LOC6902610,fok,FBgn0263773,1,ortholog_one2one
LOC4804460,CG10344,FBgn0034729,1,ortholog_one2one
LOC26532407,Obp85a,FBgn0037589,1,ortholog_one2one
LOC4817123,betaggt-I,FBgn0015000,1,ortholog_one2one
LOC6902946,polo,FBgn0003124,0,ortholog_one2many
LOC6901707,His2B:CG33876,FBgn0053876,0,ortholog_many2many
LOC6901707,His2B:CG33886,FBgn0053886,0,ortholog_many2many
LOC6901707,His2B:CG33868,FBgn0053868,0,ortholog_many2many
LOC4816192,CG9483,FBgn0032072,1,ortholog_one2one
LOC6903962,ClpX,FBgn0038745,1,ortholog_one2one
LOC4805062,CG5348,FBgn0034156,0,ortholog_one2many
LOC4805062,CG12376,FBgn0033323,1,ortholog_one2many
LOC4816772,CG6415,FBgn0032287,1,ortholog_one2one
LOC4803854,stl,FBgn0086408,1,ortholog_one2one
LOC6901456,Tsp5D,FBgn0029837,1,ortholog_one2one
LOC4802709,CG8301,FBgn0037717,1,ortholog_one2one
LOC6902219,CG32772,FBgn0052772,1,ortholog_one2one
LOC4805364,Ir54a,FBgn0034272,1,ortholog_one2one
LOC4804178,CG6421,FBgn0025827,1,ortholog_one2one
LOC6899976,ddbt,FBgn0284444,1,ortholog_one2one
LOC4813130,Est-P,FBgn0000594,1,ortholog_many2many
LOC4813130,Est-6,FBgn0000592,1,ortholog_many2many
LOC4800975,CG31431,FBgn0051431,1,ortholog_one2one
LOC6902800,crol,FBgn0020309,0,ortholog_one2one
LOC4816882,Tsen2,FBgn0051812,1,ortholog_one2one
LOC4816956,hoe1,FBgn0041150,1,ortholog_one2one
LOC4802795,CG31368,FBgn0051368,1,ortholog_one2one
LOC4817499,CG5968,FBgn0032588,1,ortholog_one2one
LOC6902116,CoRest,FBgn0261573,1,ortholog_one2one
LOC117184693,Gabat,FBgn0036927,1,ortholog_one2one
LOC6900497,sff,FBgn0036544,1,ortholog_one2one
LOC4802758,cpx,FBgn0041605,1,ortholog_one2one
LOC6902182,CG13694,FBgn0031219,0,ortholog_one2one
LOC4817083,Cka,FBgn0044323,1,ortholog_one2one
LOC117184652,CG33272,FBgn0053272,0,ortholog_many2many
LOC117184652,CG33270,FBgn0053270,0,ortholog_many2many
LOC117184652,CG33269,FBgn0053269,0,ortholog_many2many
LOC117184652,CG33500,FBgn0053500,0,ortholog_many2many
LOC117184652,CG33271,FBgn0053271,0,ortholog_many2many
LOC4805133,CG1690,FBgn0033442,1,ortholog_one2one
LOC4813834,CG8960,FBgn0035315,1,ortholog_one2one
LOC13036406,CG17806,FBgn0038548,0,ortholog_one2many
LOC4815237,Grip84,FBgn0026430,1,ortholog_one2many
LOC4804711,eIF3j,FBgn0027619,1,ortholog_one2one
LOC4805308,CtsL1,FBgn0013770,0,ortholog_one2one
LOC4801083,Gfat2,FBgn0039580,1,ortholog_one2one
LOC6899742,tay,FBgn0260938,0,ortholog_one2one
LOC4817406,CG4537,FBgn0032153,1,ortholog_one2one
LOC4803041,E(var)3-9,FBgn0260243,1,ortholog_one2one
LOC4802320,cv-d,FBgn0265048,1,ortholog_one2one
LOC6898814,antr,FBgn0050488,1,ortholog_one2one
LOC4816868,Ugt36D1,FBgn0032713,1,ortholog_one2one
LOC4815102,CG15201,FBgn0030272,1,ortholog_one2one
LOC4812352,Ugt316A1,FBgn0036842,1,ortholog_one2one
LOC4800629,CG9997,FBgn0039597,1,ortholog_one2one
LOC117184536,mt:ND5,FBgn0013684,0,ortholog_one2many
LOC4812152,Cpr76Bb,FBgn0036879,1,ortholog_one2one
LOC6902840,CG15423,FBgn0031580,1,ortholog_one2one
LOC4802380,CG8064,FBgn0038597,1,ortholog_one2one
LOC4817314,IM33,FBgn0031561,1,ortholog_one2many
LOC4817314,CG43165,FBgn0262721,1,ortholog_one2many
LOC4802481,Cerk,FBgn0037315,1,ortholog_one2one
LOC4802807,Ddrgk1,FBgn0038868,0,ortholog_one2one
LOC4813341,CG7945,FBgn0036505,1,ortholog_one2one
LOC6902824,CG43235,FBgn0262880,1,ortholog_one2one
LOC6900176,Grl65a,FBgn0041232,1,ortholog_one2one
LOC6902419,CG5245,FBgn0038047,0,ortholog_one2many
LOC4814236,lin-52,FBgn0029800,1,ortholog_one2one
LOC4812210,Hn,FBgn0001208,1,ortholog_one2one
LOC26533297,CG45080,FBgn0266455,0,ortholog_one2many
LOC26533297,CG44142,FBgn0264991,0,ortholog_one2many
LOC6899984,HP4,FBgn0035829,1,ortholog_one2one
LOC4815081,mRpL38,FBgn0030552,1,ortholog_one2one
LOC4816651,Vha68-1,FBgn0265262,1,ortholog_one2one
LOC6902910,CG15628,FBgn0031632,1,ortholog_one2one
LOC4812483,fz2,FBgn0016797,1,ortholog_one2one
LOC4814290,CG32551,FBgn0052551,1,ortholog_one2one
LOC4813803,oxt,FBgn0015360,1,ortholog_one2one
LOC117185406,CG13813,FBgn0036956,1,ortholog_one2many
LOC6900736,Ilp5,FBgn0044048,1,ortholog_one2one
LOC4804476,CG13557,FBgn0034867,1,ortholog_one2one
LOC4814304,Nep6,FBgn0030425,1,ortholog_one2one
LOC4816171,Dus3,FBgn0032819,1,ortholog_one2one
LOC4816081,shf,FBgn0003390,1,ortholog_one2one
LOC4802386,CG31360,FBgn0051360,1,ortholog_one2one
LOC4816533,Duox,FBgn0283531,1,ortholog_one2one
LOC4816477,CG33125,FBgn0053125,0,ortholog_one2one
LOC4801560,Rpt5,FBgn0028684,1,ortholog_one2one
LOC117184683,CG45073,FBgn0266443,0,ortholog_one2many
LOC4813563,CG11279,FBgn0036342,1,ortholog_one2one
LOC4818036,muc,FBgn0283658,1,ortholog_one2one
LOC4812196,Sk2,FBgn0052484,1,ortholog_one2one
LOC4813589,CG14111,FBgn0036350,1,ortholog_one2one
LOC4801740,RpS19b,FBgn0039129,1,ortholog_many2many
LOC117184047,Cyp4ac2,FBgn0031694,1,ortholog_one2one
LOC4801210,lute,FBgn0262871,1,ortholog_one2one
LOC4805376,Ubc10,FBgn0026316,1,ortholog_one2one
LOC6902878,Ugt37D1,FBgn0040260,1,ortholog_one2one
LOC4814094,Nulp1,FBgn0027549,1,ortholog_one2one
LOC6901176,CG17168,FBgn0039943,1,ortholog_one2one
LOC6897602,HDAC3,FBgn0025825,1,ortholog_one2one
LOC4805616,CG13578,FBgn0035000,1,ortholog_one2one
LOC4801962,Cchl,FBgn0038925,0,ortholog_one2one
LOC6902344,CG17377,FBgn0031859,1,ortholog_one2one
LOC6900690,CG34001,FBgn0054001,1,ortholog_one2one
LOC4817293,CG10343,FBgn0032703,1,ortholog_one2one
LOC4801583,CG9636,FBgn0037556,1,ortholog_one2one
LOC26533452,CG13185,FBgn0033661,0,ortholog_one2many
LOC6897376,Osi17,FBgn0037427,1,ortholog_one2one
LOC6897844,Mlp84B,FBgn0014863,1,ortholog_one2one
LOC4805524,Cht9,FBgn0034582,1,ortholog_one2one
LOC4815056,CG12507,FBgn0030729,1,ortholog_one2one
LOC4817262,Shaw,FBgn0003386,1,ortholog_one2one
LOC6897559,MED31,FBgn0037262,1,ortholog_one2one
LOC4815426,Met,FBgn0002723,1,ortholog_one2one
LOC4803815,CG15705,FBgn0034104,1,ortholog_one2one
LOC4802068,CG10324,FBgn0038454,1,ortholog_one2one
LOC4817823,CG15278,FBgn0032554,1,ortholog_one2one
LOC6900612,CG11593,FBgn0035488,1,ortholog_one2one
LOC6903271,CG9777,FBgn0030764,0,ortholog_one2many
LOC6903271,CG6304,FBgn0032624,0,ortholog_one2many
LOC4800912,lmd,FBgn0039039,1,ortholog_one2one
LOC13036553,Sps2,FBgn0032224,0,ortholog_one2one
LOC4801558,Hmgcr,FBgn0263782,1,ortholog_one2one
LOC6897260,Lsp1beta,FBgn0002563,0,ortholog_one2many
LOC6897260,Lsp1alpha,FBgn0002562,0,ortholog_one2many
LOC4814507,CG8915,FBgn0030833,1,ortholog_one2one
LOC4805135,CG1698,FBgn0033443,1,ortholog_one2one
LOC4814779,disco,FBgn0000459,1,ortholog_one2one
LOC26533564,ich,FBgn0286204,0,ortholog_one2one
LOC4814515,CG42449,FBgn0259926,1,ortholog_one2one
LOC4800612,bond,FBgn0260942,1,ortholog_one2one
LOC4800655,dsd,FBgn0039528,1,ortholog_one2one
LOC4801776,Slimp,FBgn0051133,1,ortholog_one2one
LOC4812766,vito,FBgn0052418,1,ortholog_one2one
LOC6903158,Crys,FBgn0005664,1,ortholog_one2one
LOC6900213,CG10154,FBgn0036361,1,ortholog_one2one
LOC6897886,CG11760,FBgn0037615,1,ortholog_one2one
LOC6898915,CG43107,FBgn0262567,1,ortholog_one2one
LOC4815975,CG14626,FBgn0040360,1,ortholog_one2one
LOC4813560,Ugt305A1,FBgn0042179,1,ortholog_one2one
LOC4816825,Vha100-5,FBgn0032373,1,ortholog_one2one
LOC4801964,Etfb,FBgn0039697,1,ortholog_one2one
LOC4802381,CG14312,FBgn0038596,1,ortholog_one2one
LOC4817404,CG7781,FBgn0032021,1,ortholog_one2one
LOC4801631,140up,FBgn0010340,1,ortholog_one2one
LOC6901845,APC7,FBgn0029879,1,ortholog_one2one
LOC4817430,CG13949,FBgn0031288,1,ortholog_one2one
LOC4817158,mRpL24,FBgn0031651,1,ortholog_one2one
LOC4805487,Sps1,FBgn0261270,1,ortholog_one2one
LOC4801029,sle,FBgn0037810,1,ortholog_one2one
LOC4812389,CG33791,FBgn0035240,1,ortholog_one2one
LOC4817313,TbCMF46,FBgn0032163,1,ortholog_one2one
LOC6902916,Pde11,FBgn0085370,1,ortholog_one2one
LOC4814663,Nipsnap,FBgn0030724,0,ortholog_one2one
LOC6903280,CG34159,FBgn0085188,1,ortholog_one2one
LOC6901103,fne,FBgn0086675,1,ortholog_one2one
LOC4812283,CG11342,FBgn0035537,1,ortholog_one2one
LOC6901928,CG33178,FBgn0053178,1,ortholog_one2one
LOC4812852,lin-28,FBgn0035626,1,ortholog_one2one
LOC4812663,ImpL2,FBgn0001257,1,ortholog_one2one
LOC4804283,or,FBgn0003008,1,ortholog_one2one
LOC4817256,CG5435,FBgn0032431,1,ortholog_one2one
LOC4816108,sip2,FBgn0031878,1,ortholog_one2one
LOC4814949,dome,FBgn0043903,1,ortholog_one2one
LOC4803824,CG15708,FBgn0034099,1,ortholog_one2many
LOC4803824,CG12684,FBgn0029717,0,ortholog_one2many
LOC26533264,CG32576,FBgn0052576,1,ortholog_one2one
LOC6897045,CG42487,FBgn0259990,1,ortholog_one2one
LOC4812649,CG18675,FBgn0040696,1,ortholog_one2one
LOC6901728,Had1,FBgn0286508,1,ortholog_one2one
LOC4801734,CG7071,FBgn0260467,1,ortholog_one2one
LOC4800850,Oga,FBgn0038870,1,ortholog_one2one
LOC4801419,grsm,FBgn0040493,1,ortholog_one2one
LOC4805209,wrapper,FBgn0025878,1,ortholog_one2one
LOC6897073,CG5880,FBgn0039489,1,ortholog_one2one
LOC4817240,ed,FBgn0000547,1,ortholog_one2one
LOC4814552,CG9917,FBgn0030740,0,ortholog_one2one
LOC4802416,CG5111,FBgn0039343,1,ortholog_one2one
LOC6900741,Claspin,FBgn0052251,1,ortholog_one2one
LOC4804644,Cpr57A,FBgn0034517,1,ortholog_one2one
LOC4801031,CG12818,FBgn0037809,1,ortholog_one2one
LOC4805671,l(2)k09848,FBgn0284246,1,ortholog_one2one
LOC6901221,CG5070,FBgn0030824,1,ortholog_one2one
LOC4813657,CG6865,FBgn0036817,1,ortholog_one2one
LOC4816866,CG2617,FBgn0032877,1,ortholog_one2many
LOC4818057,CG4168,FBgn0028888,1,ortholog_one2one
LOC4814417,Cyp18a1,FBgn0010383,1,ortholog_one2one
LOC4813256,ftz-f1,FBgn0001078,1,ortholog_one2one
LOC6902428,AANATL5,FBgn0034426,0,ortholog_one2many
LOC6902428,AANATL6,FBgn0034428,0,ortholog_one2many
LOC4800726,PNPase,FBgn0039846,1,ortholog_one2one
LOC4800695,Atg4b,FBgn0038325,1,ortholog_one2one
LOC4805421,Zip48C,FBgn0033665,1,ortholog_one2one
LOC6903350,COX6AL2,FBgn0036830,0,ortholog_one2many
LOC4816746,oaf,FBgn0011818,1,ortholog_one2one
LOC117183565,CG17974,FBgn0034624,1,ortholog_one2one
LOC4817513,CG17648,FBgn0031364,1,ortholog_one2one
LOC4817034,bsf,FBgn0284256,1,ortholog_one2one
LOC4814123,Srp54k,FBgn0010747,1,ortholog_one2one
LOC4812214,mRpS35,FBgn0035374,1,ortholog_one2one
LOC6898494,Polr2K,FBgn0262954,1,ortholog_one2one
LOC4803072,psidin,FBgn0243511,1,ortholog_one2one
LOC6901491,X11Lbeta,FBgn0052677,1,ortholog_one2one
LOC6897872,CG10919,FBgn0037514,1,ortholog_one2one
LOC4812741,Ir67a,FBgn0036010,1,ortholog_one2one
LOC4812191,Trxr2,FBgn0037170,1,ortholog_one2one
LOC4815024,sicily,FBgn0030352,1,ortholog_one2one
LOC4813346,Acbp6,FBgn0035743,1,ortholog_one2one
LOC117185617,His4:CG33901,FBgn0053901,1,ortholog_one2many
LOC117185617,His4:CG33899,FBgn0053899,1,ortholog_one2many
LOC6901481,Rcd5,FBgn0263832,0,ortholog_one2many
LOC4805188,Or49b,FBgn0028963,1,ortholog_one2one
LOC4800893,CG31199,FBgn0051199,1,ortholog_one2one
LOC6901857,RhoGAP1A,FBgn0025836,1,ortholog_one2one
LOC4815647,mahe,FBgn0029979,1,ortholog_one2one
LOC4800457,CG14515,FBgn0039648,1,ortholog_one2one
LOC4813119,Dnai2,FBgn0036195,1,ortholog_one2one
LOC4805322,Mat1,FBgn0024956,1,ortholog_one2one
LOC4816464,Sfmbt,FBgn0032475,1,ortholog_one2one
LOC4811951,CG32409,FBgn0052409,1,ortholog_one2one
LOC26533173,CG8673,FBgn0031986,1,ortholog_one2many
LOC4802888,CG5013,FBgn0038396,1,ortholog_one2one
LOC4812764,Ent3,FBgn0036319,1,ortholog_one2one
LOC4804494,yellow-d,FBgn0041712,1,ortholog_one2one
LOC4800381,PH4alphaMP,FBgn0026190,1,ortholog_one2one
LOC4814573,CG14427,FBgn0029931,0,ortholog_one2one
LOC4816232,Acox3,FBgn0031813,1,ortholog_one2one
LOC117184614,CG43968,FBgn0264699,0,ortholog_one2one
LOC6900355,Ctps,FBgn0266452,1,ortholog_one2one
LOC6901459,CG5921,FBgn0029835,1,ortholog_one2one
LOC26533071,Or71a,FBgn0036474,1,ortholog_one2one
LOC4801543,Ktl,FBgn0038839,0,ortholog_one2one
LOC4804550,Dcp-1,FBgn0010501,1,ortholog_one2one
LOC4817472,Cep97,FBgn0031575,1,ortholog_one2one
LOC4817210,phr6-4,FBgn0016054,1,ortholog_one2one
LOC6902529,Slh,FBgn0264978,1,ortholog_one2one
LOC4803460,Tsp42Eh,FBgn0033129,1,ortholog_one2one
LOC4802237,Ada2a,FBgn0263738,1,ortholog_one2one
LOC4816402,NimB4,FBgn0028542,1,ortholog_one2one
LOC4812535,qm,FBgn0019662,1,ortholog_one2one
LOC4800339,Mayo,FBgn0039818,0,ortholog_one2one
LOC4805321,CG33144,FBgn0053144,1,ortholog_one2one
LOC4817638,CG18131,FBgn0031343,0,ortholog_one2one
LOC4805150,Echs1,FBgn0033879,1,ortholog_one2one
LOC4818150,CG9109,FBgn0031765,1,ortholog_one2one
LOC6898815,CG30486,FBgn0050486,1,ortholog_one2one
LOC6900207,fan,FBgn0028379,1,ortholog_one2many
LOC4812601,Or63a,FBgn0035382,1,ortholog_one2one
LOC4814594,Gs2,FBgn0001145,1,ortholog_one2one
LOC6900747,CG46394,FBgn0286872,0,ortholog_one2one
LOC4801423,CG31345,FBgn0051345,1,ortholog_one2one
LOC4814522,raptor,FBgn0029840,1,ortholog_one2one
LOC4800308,eIF4H2,FBgn0039797,1,ortholog_one2one
LOC4813305,Cyp4d21,FBgn0031925,0,ortholog_one2many
LOC4813305,Cyp4d20,FBgn0035344,1,ortholog_one2many
LOC15382898,CG34224,FBgn0085253,1,ortholog_one2many
LOC4813207,Dscam2,FBgn0265296,1,ortholog_one2one
LOC4802138,CG13623,FBgn0039205,1,ortholog_one2one
LOC6901390,slpr,FBgn0030018,1,ortholog_one2one
LOC26533777,CG10097,FBgn0038033,1,ortholog_many2many
LOC26533777,Sgp,FBgn0032055,0,ortholog_many2many
LOC6902748,beta3GalTII,FBgn0033315,0,ortholog_one2one
LOC4803982,AttA,FBgn0012042,1,ortholog_many2many
LOC4803982,AttB,FBgn0041581,1,ortholog_many2many
LOC4804131,tor,FBgn0003733,1,ortholog_one2one
LOC4803554,CG3760,FBgn0022343,1,ortholog_one2one
LOC4813422,Gr64c,FBgn0045477,1,ortholog_one2one
LOC4800336,CG11317,FBgn0039816,1,ortholog_one2one
LOC4803913,Roc2,FBgn0044020,1,ortholog_one2one
LOC4803590,boly,FBgn0050362,1,ortholog_one2many
LOC4803590,CG4691,FBgn0028870,0,ortholog_one2many
LOC6900941,BI-1,FBgn0035871,1,ortholog_one2many
LOC4816556,Pih1D1,FBgn0032455,1,ortholog_one2one
LOC4816917,daed,FBgn0031398,1,ortholog_one2one
LOC4805289,CG18327,FBgn0033904,0,ortholog_one2one
LOC6902264,CG15646,FBgn0030665,1,ortholog_many2many
LOC6902264,CG12708,FBgn0030666,0,ortholog_many2many
LOC6897058,CG17192,FBgn0039472,1,ortholog_many2many
LOC6897058,CG17191,FBgn0039473,1,ortholog_many2many
LOC6897058,CG6283,FBgn0039474,1,ortholog_many2many
LOC4804189,CG9010,FBgn0034173,1,ortholog_one2one
LOC4813862,scramb1,FBgn0052056,1,ortholog_one2one
LOC4804491,Golgin245,FBgn0034854,1,ortholog_one2one
LOC4815007,Ugalt,FBgn0024994,1,ortholog_one2one
LOC4803178,CG12321,FBgn0038577,1,ortholog_one2one
LOC6899355,Hs6st,FBgn0038755,1,ortholog_one2one
LOC4803469,Pgant3,FBgn0027558,1,ortholog_one2one
LOC6901019,Tsf1,FBgn0022355,1,ortholog_one2one
LOC4813791,CG32109,FBgn0052109,1,ortholog_one2one
LOC6898622,Sec24AB,FBgn0033460,1,ortholog_one2one
LOC26534208,His2A:CG33850,FBgn0053850,1,ortholog_one2many
LOC4812557,Prosbeta6,FBgn0002284,1,ortholog_one2one
LOC4814758,CG8958,FBgn0030725,1,ortholog_one2one
LOC4811885,PXo,FBgn0035649,1,ortholog_one2one
LOC6897800,CG17698,FBgn0040056,0,ortholog_one2one
LOC6902133,Tim9b,FBgn0027358,1,ortholog_one2one
LOC4802212,E(spl)m2-BFM,FBgn0002592,1,ortholog_one2one
LOC4803305,Dhc93AB,FBgn0013812,1,ortholog_one2one
LOC4817581,CG33003,FBgn0053003,1,ortholog_one2one
LOC4813387,endos,FBgn0061515,0,ortholog_one2one
LOC4816684,Tektin-A,FBgn0028902,1,ortholog_one2one
LOC6897281,CG14355,FBgn0038208,0,ortholog_one2many
LOC117183185,Snp,FBgn0265192,0,ortholog_one2many
LOC6897220,Ir94b,FBgn0051424,1,ortholog_many2many
LOC6897220,Ir94c,FBgn0051423,1,ortholog_many2many
LOC6897220,Ir94a,FBgn0051164,0,ortholog_many2many
LOC4811937,upSET,FBgn0036398,1,ortholog_one2one
LOC4814196,Nrg,FBgn0264975,0,ortholog_one2one
LOC4814510,Sirt4,FBgn0029783,1,ortholog_one2one
LOC4802250,Tbc1d22,FBgn0038855,1,ortholog_one2one
LOC4816869,Ugt36F1,FBgn0027074,1,ortholog_one2one
LOC6898380,LRR,FBgn0033212,1,ortholog_one2one
LOC4805213,T3dh,FBgn0017482,1,ortholog_one2one
LOC26532143,CG3558,FBgn0025681,0,ortholog_one2many
LOC6901719,CG32750,FBgn0052750,0,ortholog_one2one
LOC4800393,mRpS18C,FBgn0039765,1,ortholog_one2one
LOC4815772,Coq7,FBgn0029502,1,ortholog_one2one
LOC4804080,CG12128,FBgn0033473,0,ortholog_one2one
LOC4812253,PDCD-5,FBgn0036580,1,ortholog_one2one
LOC26533344,CG42392,FBgn0259738,1,ortholog_one2one
LOC4817489,CaBP1,FBgn0025678,1,ortholog_one2one
LOC4818126,CG9014,FBgn0028847,1,ortholog_one2one
LOC4812633,rno,FBgn0035106,1,ortholog_one2one
LOC4801015,hth,FBgn0001235,1,ortholog_one2one
LOC6900161,CG13026,FBgn0036656,1,ortholog_one2one
LOC4804137,mRpL52,FBgn0033208,1,ortholog_one2one
LOC4816456,CG31848,FBgn0051848,1,ortholog_one2many
LOC6902881,glu,FBgn0015391,1,ortholog_one2one
LOC4812186,CG1271,FBgn0035392,1,ortholog_one2one
LOC4812425,CG14969,FBgn0035440,0,ortholog_one2one
LOC4804133,CG30496,FBgn0050496,1,ortholog_one2one
LOC4812674,Ctl1,FBgn0035523,1,ortholog_one2one
LOC4802743,CG14646,FBgn0037241,1,ortholog_one2one
LOC4813457,CG32269,FBgn0052269,1,ortholog_one2one
LOC4818155,DCTN5-p25,FBgn0040228,1,ortholog_one2one
LOC4817354,SerRS,FBgn0031497,1,ortholog_one2one
LOC6900545,Pex1,FBgn0013563,1,ortholog_one2one
LOC4817381,CG8837,FBgn0031520,1,ortholog_one2one
LOC4813160,CG7173,FBgn0037099,1,ortholog_one2one
LOC6901581,zld,FBgn0259789,1,ortholog_one2one
LOC4803354,Tom7,FBgn0033357,1,ortholog_one2many
LOC4814986,I-3,FBgn0261624,1,ortholog_one2one
LOC4805713,Acox57D-d,FBgn0034629,1,ortholog_one2one
LOC6900275,Glg1,FBgn0264561,1,ortholog_one2one
LOC4804516,CG13954,FBgn0033405,1,ortholog_one2one
LOC4815786,slgA,FBgn0003423,1,ortholog_one2one
LOC4805575,Ttc7,FBgn0021847,1,ortholog_one2one
LOC4814277,Rip11,FBgn0027335,1,ortholog_one2one
LOC4817086,CG13131,FBgn0032175,0,ortholog_one2one
LOC4814402,CG33080,FBgn0053080,1,ortholog_one2one
LOC6898672,ZnT41F,FBgn0025693,1,ortholog_one2one
LOC6898497,SkpF,FBgn0034863,1,ortholog_one2one
LOC4802390,RpS5b,FBgn0038277,1,ortholog_one2one
LOC117184398,Nup133,FBgn0039004,0,ortholog_one2many
LOC4811826,CG4957,FBgn0032205,0,ortholog_one2one
LOC4812021,nudC,FBgn0021768,1,ortholog_one2one
LOC6900943,CG7213,FBgn0035861,1,ortholog_one2one
LOC4804950,CG15125,FBgn0034463,1,ortholog_one2one
LOC26533432,CG46442,FBgn0287212,1,ortholog_one2one
LOC4813221,CG10576,FBgn0035630,1,ortholog_one2one
LOC26531963,brat,FBgn0010300,1,ortholog_one2one
LOC4801022,Irp-1B,FBgn0024957,1,ortholog_one2one
LOC4804087,PIG-N,FBgn0033479,1,ortholog_one2many
LOC4811838,Pten,FBgn0026379,0,ortholog_one2one
LOC4814031,CG9948,FBgn0035721,1,ortholog_one2one
LOC4816061,Usp2,FBgn0031187,1,ortholog_one2one
LOC4801035,pont,FBgn0040078,1,ortholog_one2one
LOC4800606,pasi2,FBgn0037680,1,ortholog_one2one
LOC4802115,CG31103,FBgn0051103,1,ortholog_one2one
LOC6897343,MED25,FBgn0038760,0,ortholog_one2one
LOC4803120,Leash,FBgn0037856,1,ortholog_one2one
LOC4800976,CG31178,FBgn0064912,1,ortholog_one2one
LOC6903539,CG31226,FBgn0051226,0,ortholog_one2one
LOC6899656,CG10562,FBgn0039326,1,ortholog_many2many
LOC6899656,CHKov1,FBgn0045761,1,ortholog_many2many
LOC117184492,CG8939,FBgn0030720,0,ortholog_one2one
LOC4804744,CG13220,FBgn0033608,1,ortholog_one2one
LOC4804243,Dark,FBgn0263864,1,ortholog_one2one
LOC6897421,Hrb87F,FBgn0004237,1,ortholog_one2one
LOC4803992,Cc2d2a,FBgn0263113,1,ortholog_one2one
LOC26533267,ORY,FBgn0046323,0,ortholog_one2one
LOC4803777,Panx,FBgn0034617,1,ortholog_one2one
LOC4818111,obst-E,FBgn0031737,1,ortholog_one2one
LOC4804691,CG12849,FBgn0035068,1,ortholog_one2one
LOC26532810,Charon,FBgn0031317,1,ortholog_one2many
LOC4817175,Acn,FBgn0263198,1,ortholog_one2one
LOC4813028,obst-G,FBgn0036228,1,ortholog_one2one
LOC4811866,Aldh7A1,FBgn0036857,1,ortholog_one2one
LOC4802411,Mau2,FBgn0038300,1,ortholog_one2one
LOC4812015,Gagr,FBgn0036627,1,ortholog_one2one
LOC4816419,stol,FBgn0028863,0,ortholog_one2one
LOC4801614,CG14841,FBgn0038218,1,ortholog_one2one
LOC6902175,Sxl,FBgn0264270,0,ortholog_one2one
LOC4801312,beat-VI,FBgn0039584,1,ortholog_one2one
LOC4801513,Alg12,FBgn0037743,1,ortholog_one2one
LOC26533890,CG14459,FBgn0037171,1,ortholog_one2one
LOC4815871,CG11638,FBgn0040351,1,ortholog_one2one
LOC4804058,Jheh2,FBgn0034405,1,ortholog_one2one
LOC4813684,Cul6,FBgn0036332,1,ortholog_one2one
LOC4804781,CG5726,FBgn0034313,1,ortholog_one2one
LOC6897060,CG6277,FBgn0039475,1,ortholog_many2many
LOC6897060,CG6271,FBgn0039476,1,ortholog_many2many
LOC4815556,CG12990,FBgn0030859,1,ortholog_one2one
LOC4812669,CG15011,FBgn0035518,1,ortholog_one2one
LOC4800268,CG12069,FBgn0039796,1,ortholog_one2one
LOC4814636,Arp8,FBgn0030877,1,ortholog_one2one
LOC4804325,CG3253,FBgn0041706,1,ortholog_one2one
LOC4813112,CG13474,FBgn0036439,1,ortholog_one2one
LOC4801246,pll,FBgn0010441,1,ortholog_one2one
LOC4800578,CG17111,FBgn0039048,1,ortholog_one2one
LOC4800927,Nepl13,FBgn0039022,1,ortholog_one2one
LOC4813685,CG32447,FBgn0052447,1,ortholog_one2one
LOC4803464,Tsp42Ej,FBgn0033132,1,ortholog_one2one
LOC4812672,VhaM9.7-a,FBgn0035521,1,ortholog_one2one
LOC4816636,Rrp1,FBgn0004584,1,ortholog_one2one
LOC4802203,gro,FBgn0001139,1,ortholog_one2one
LOC4803001,mRpL19,FBgn0037608,0,ortholog_one2one
LOC4804102,Elk,FBgn0011589,1,ortholog_one2one
LOC4805494,fd59A,FBgn0004896,1,ortholog_one2one
LOC4818064,CG1416,FBgn0032961,1,ortholog_one2one
LOC4814232,CG43386,FBgn0263216,1,ortholog_one2one
LOC4801010,nanos,FBgn0002962,1,ortholog_one2one
LOC4815025,CG12991,FBgn0030847,0,ortholog_one2one
LOC6900263,brv1,FBgn0036874,0,ortholog_one2many
LOC6903699,Pp2B-14D,FBgn0011826,0,ortholog_one2one
LOC4815625,Sap30,FBgn0030788,1,ortholog_one2one
LOC6903952,CG8476,FBgn0038127,1,ortholog_one2one
LOC4800861,SIFaR,FBgn0038880,1,ortholog_one2one
LOC4800811,GstD5,FBgn0010041,1,ortholog_one2many
LOC4800811,GstD3,FBgn0010039,1,ortholog_one2many
LOC4800811,GstD4,FBgn0010040,1,ortholog_one2many
LOC4800811,GstD2,FBgn0010038,1,ortholog_one2many
LOC6903435,CG6788,FBgn0030880,0,ortholog_one2many
LOC4802146,nAChRalpha2,FBgn0000039,1,ortholog_one2one
LOC4805240,CG30398,FBgn0050398,1,ortholog_one2one
LOC4815668,REG,FBgn0029133,1,ortholog_one2many
LOC4812709,CG13310,FBgn0035928,1,ortholog_one2one
LOC5495515,GstE3,FBgn0063497,1,ortholog_one2many
LOC4814774,CG1958,FBgn0029940,0,ortholog_one2one
LOC4815196,Grip91,FBgn0001612,0,ortholog_one2one
LOC4801649,Ipp,FBgn0016672,1,ortholog_one2one
LOC4805666,Cyp4aa1,FBgn0034053,0,ortholog_one2one
LOC6897033,BomT3,FBgn0038930,0,ortholog_one2one
LOC4804148,Dlip3,FBgn0040465,1,ortholog_one2one
LOC4811667,CG5727,FBgn0032193,0,ortholog_one2one
LOC4805298,SiaT,FBgn0035050,1,ortholog_one2one
LOC4813491,CG33170,FBgn0053170,1,ortholog_one2many
LOC6898669,Mal-A5,FBgn0050359,0,ortholog_many2many
LOC4817950,Tap42,FBgn0051852,1,ortholog_one2one
LOC26534064,CG33172,FBgn0053172,0,ortholog_one2one
LOC6901188,CG31551,FBgn0051551,0,ortholog_one2one
LOC4816954,CG8360,FBgn0032001,1,ortholog_one2one
LOC4811731,CG14069,FBgn0032315,1,ortholog_one2one
LOC4800875,Dtg,FBgn0038071,1,ortholog_one2one
LOC4803171,CG7218,FBgn0038569,1,ortholog_one2one
LOC6900022,CG13058,FBgn0036610,1,ortholog_one2one
LOC4812999,CG12768,FBgn0037206,1,ortholog_one2one
LOC4805483,Hsc70-5,FBgn0001220,1,ortholog_one2one
LOC4813653,CG5535,FBgn0036764,1,ortholog_one2one
LOC4800918,Or94a,FBgn0039033,1,ortholog_one2one
LOC4804143,pds5,FBgn0260012,1,ortholog_one2one
LOC4816566,CG9933,FBgn0028965,1,ortholog_one2one
LOC4814069,Pxn,FBgn0011828,1,ortholog_one2one
LOC4801585,PolI,FBgn0037554,1,ortholog_one2one
LOC6900942,Dscam4,FBgn0263219,1,ortholog_one2one
LOC6902418,CG5245,FBgn0038047,0,ortholog_one2many
LOC6900855,Grl62b,FBgn0259702,1,ortholog_one2one
LOC4813916,CG13901,FBgn0035164,1,ortholog_one2one
LOC117183967,CG43064,FBgn0262366,0,ortholog_one2many
LOC4802839,CG14722,FBgn0037943,1,ortholog_one2one
LOC4802902,ninaE,FBgn0002940,1,ortholog_one2one
LOC4816563,CG17127,FBgn0032299,1,ortholog_one2one
LOC4817338,Nedd8,FBgn0032725,1,ortholog_one2one
LOC4802207,E(spl)mgamma-HLH,FBgn0002735,1,ortholog_one2one
LOC6900261,Qsox2,FBgn0038919,0,ortholog_one2many
LOC4800920,CG13840,FBgn0039028,1,ortholog_one2one
LOC4816828,Ndf,FBgn0043456,1,ortholog_one2one
LOC6901705,Fpgs2,FBgn0051773,0,ortholog_one2many
LOC4814378,IntS6,FBgn0261383,1,ortholog_one2one
GeneID_44805038,mt:ND6,FBgn0013685,1,ortholog_one2many
LOC4804416,Gr57a,FBgn0041240,1,ortholog_one2one
LOC4804969,CG8654,FBgn0034479,1,ortholog_one2one
LOC4803151,CG17187,FBgn0037882,1,ortholog_one2one
LOC117183962,CG31272,FBgn0051272,1,ortholog_one2many
LOC6903017,CG33281,FBgn0053281,1,ortholog_one2one
LOC4804404,CAH15,FBgn0034560,1,ortholog_one2one
LOC4800895,CG42322,FBgn0259222,1,ortholog_one2one
LOC6901622,CG14196,FBgn0031002,1,ortholog_one2one
LOC6900697,blot,FBgn0027660,1,ortholog_one2one
LOC4814002,CG5068,FBgn0035951,1,ortholog_one2one
LOC4814384,kairos,FBgn0030913,1,ortholog_one2one
LOC6898789,CG30340,FBgn0050340,1,ortholog_one2one
LOC4816923,CG2794,FBgn0031265,1,ortholog_one2one
LOC4818167,TTLL3A,FBgn0031854,1,ortholog_one2one
LOC4815096,Dop2R,FBgn0053517,1,ortholog_one2one
LOC4802067,Arl6IP1,FBgn0038453,1,ortholog_one2many
LOC4800830,CG17202,FBgn0038043,1,ortholog_one2one
LOC6898902,CG14488,FBgn0034278,1,ortholog_one2one
LOC6900879,Tbc1d8-9,FBgn0037074,1,ortholog_one2one
LOC4814440,p115,FBgn0040087,1,ortholog_one2one
LOC6900216,CG10713,FBgn0036360,1,ortholog_one2one
LOC4814852,Rbcn-3B,FBgn0023510,1,ortholog_one2one
LOC4803318,CG5623,FBgn0038357,1,ortholog_one2one
LOC117184694,Nca,FBgn0013303,1,ortholog_one2one
LOC4812916,QIL1,FBgn0036726,1,ortholog_one2one
LOC4816878,BuGZ,FBgn0032600,1,ortholog_one2one
LOC6897605,CG8319,FBgn0037722,1,ortholog_one2one
LOC4803201,mgr,FBgn0264694,1,ortholog_one2one
LOC4816029,ND-ASHI,FBgn0029888,1,ortholog_one2one
LOC4817804,CG6766,FBgn0032398,1,ortholog_one2one
LOC4816621,Orc5,FBgn0015271,1,ortholog_one2one
LOC6897432,bel,FBgn0263231,1,ortholog_one2one
LOC4814328,Rbf,FBgn0015799,1,ortholog_one2one
LOC4805120,CG30338,FBgn0050338,1,ortholog_one2one
LOC6902076,CG32809,FBgn0023531,1,ortholog_one2one
LOC4816912,LeuRS,FBgn0284253,1,ortholog_one2one
LOC4813419,CG13699,FBgn0036781,1,ortholog_one2one
LOC4804558,CG2269,FBgn0033484,1,ortholog_one2one
LOC4816033,inc,FBgn0025394,1,ortholog_one2one
LOC4813987,pix,FBgn0086706,1,ortholog_one2one
LOC4812379,Sbds,FBgn0035714,1,ortholog_one2one
LOC4816536,CG13084,FBgn0032788,1,ortholog_one2one
LOC6897355,CG3491,FBgn0028887,0,ortholog_one2many
LOC4813173,melt,FBgn0023001,1,ortholog_one2one
LOC4802298,CG10286,FBgn0037439,1,ortholog_one2one
LOC4813398,obst-F,FBgn0036947,1,ortholog_one2many
LOC4817536,CG4238,FBgn0031384,1,ortholog_one2one
LOC6897890,CG34301,FBgn0085330,1,ortholog_one2one
LOC4802695,CG31176,FBgn0051176,1,ortholog_one2one
LOC4802205,E(spl)m8-HLH,FBgn0000591,1,ortholog_one2one
LOC6903431,CG33643,FBgn0053643,1,ortholog_many2many
LOC6903431,CG33645,FBgn0053645,1,ortholog_many2many
LOC4814023,CG4476,FBgn0035969,1,ortholog_one2one
LOC4804842,Tsp42A,FBgn0033042,0,ortholog_one2one
LOC4813302,CG17687,FBgn0036348,0,ortholog_one2one
LOC4816179,Nha1,FBgn0031865,1,ortholog_one2one
LOC4813591,Cyp4d8,FBgn0015033,1,ortholog_one2one
LOC4815583,CG8860,FBgn0033691,0,ortholog_one2many
LOC4815583,Sec61gamma,FBgn0031049,0,ortholog_one2many
LOC4800667,CG31055,FBgn0051055,0,ortholog_one2one
LOC4815206,CG10793,FBgn0288967,0,ortholog_one2one
LOC4801400,CG11670,FBgn0038114,1,ortholog_one2one
LOC6898425,Ndg,FBgn0026403,1,ortholog_one2one
LOC4800728,Loxl1,FBgn0039848,1,ortholog_one2one
LOC6898078,hlk,FBgn0010482,1,ortholog_one2one
LOC6899094,Acp53C14c,FBgn0053530,1,ortholog_one2one
LOC4802816,CG5281,FBgn0037902,1,ortholog_one2one
LOC4816704,CG10747,FBgn0032845,1,ortholog_one2one
LOC4814477,CG16903,FBgn0040394,0,ortholog_one2one
LOC4817286,RpL37A,FBgn0261608,0,ortholog_one2one
LOC6897310,Doa,FBgn0265998,1,ortholog_one2one
LOC4803823,CngA,FBgn0261612,1,ortholog_one2one
LOC6902896,bun,FBgn0259176,1,ortholog_one2one
LOC4801196,CG14330,FBgn0038512,1,ortholog_one2one
LOC117184208,CG13082,FBgn0032803,1,ortholog_one2one
LOC4804328,tamo,FBgn0041582,1,ortholog_one2one
LOC4813311,Cep290,FBgn0035168,1,ortholog_one2one
LOC4800458,CG11899,FBgn0014427,1,ortholog_one2one
LOC4814291,CG1889,FBgn0030164,1,ortholog_one2one
LOC4801286,CG10845,FBgn0039246,1,ortholog_one2one
LOC4803735,CG3085,FBgn0034816,1,ortholog_one2one
LOC6903193,CG5565,FBgn0031335,1,ortholog_one2many
LOC4818032,gudu,FBgn0031905,1,ortholog_one2one
LOC6899934,Eip63F-1,FBgn0004910,1,ortholog_one2one
LOC4805691,CG5089,FBgn0034144,0,ortholog_one2one
LOC26533329,Prosalpha6T,FBgn0032492,0,ortholog_one2many
LOC4818062,CG13398,FBgn0032042,1,ortholog_one2one
LOC4811715,CG3592,FBgn0029642,0,ortholog_one2one
LOC4802427,CG12746,FBgn0037341,1,ortholog_one2one
LOC4804455,hbs,FBgn0287864,1,ortholog_one2one
LOC6902880,Mhc,FBgn0264695,1,ortholog_one2one
LOC6903758,CG33784,FBgn0053784,1,ortholog_many2many
LOC6903758,CG33783,FBgn0053783,1,ortholog_many2many
LOC4814536,dlg1,FBgn0001624,1,ortholog_one2one
LOC6902823,CG33252,FBgn0053252,0,ortholog_one2many
LOC6902823,CG32588,FBgn0052588,0,ortholog_one2many
LOC6902823,CG12535,FBgn0029657,0,ortholog_one2many
LOC6902823,CG9030,FBgn0030599,0,ortholog_one2many
LOC6902823,CG43075,FBgn0262485,0,ortholog_one2many
LOC4813648,CG6168,FBgn0036154,1,ortholog_one2one
LOC6901699,Cyp28a5,FBgn0028940,0,ortholog_one2one
LOC6902283,CG42346,FBgn0259677,1,ortholog_one2one
LOC4816069,Or2a,FBgn0023523,1,ortholog_one2one
LOC4804262,ana3,FBgn0266111,1,ortholog_one2one
LOC4817167,CG31706,FBgn0051706,1,ortholog_one2one
LOC4814387,CG9691,FBgn0030160,1,ortholog_one2one
LOC6899006,Pu,FBgn0003162,1,ortholog_one2one
LOC4812118,Ptp61F,FBgn0267487,0,ortholog_one2one
LOC4800429,Ude,FBgn0039226,1,ortholog_one2one
LOC6902845,Cdc37,FBgn0011573,0,ortholog_one2many
LOC4802432,Itpr,FBgn0010051,1,ortholog_one2one
LOC6901720,Tom70,FBgn0032397,0,ortholog_one2many
LOC4816808,Mettl14,FBgn0032016,1,ortholog_one2one
LOC4802868,CG5342,FBgn0037916,1,ortholog_one2one
LOC4817248,PGAP2,FBgn0031284,1,ortholog_one2one
LOC4812918,Tsen54,FBgn0036266,1,ortholog_one2one
LOC4801805,Sgt1,FBgn0265101,1,ortholog_one2many
LOC4815646,CG16782,FBgn0029659,0,ortholog_one2one
LOC6897748,CG9399,FBgn0037715,1,ortholog_one2one
LOC4815902,CG4678,FBgn0030778,1,ortholog_one2one
LOC6902871,CG43394,FBgn0263256,1,ortholog_one2one
LOC4816473,Pyroxd1,FBgn0032846,1,ortholog_one2one
LOC6897962,CG14315,FBgn0038568,1,ortholog_one2many
LOC4815660,goe,FBgn0027528,1,ortholog_one2one
LOC4816688,l(2)34Fc,FBgn0261534,1,ortholog_one2one
LOC6897539,CG32440,FBgn0052440,0,ortholog_one2one
LOC6901730,CG3632,FBgn0030735,1,ortholog_one2one
LOC4815858,Pp4-19C,FBgn0023177,1,ortholog_one2one
LOC6897597,msi,FBgn0011666,1,ortholog_one2one
LOC4800767,TwdlW,FBgn0038487,1,ortholog_one2one
LOC4812239,MED10,FBgn0036581,1,ortholog_one2one
LOC117184412,CG1628,FBgn0030218,1,ortholog_one2many
LOC4802211,E(spl)m4-BFM,FBgn0002629,1,ortholog_one2one
LOC6896726,heca,FBgn0010113,1,ortholog_one2one
LOC4800371,jdp,FBgn0027654,1,ortholog_one2one
LOC4812744,CG3306,FBgn0036016,0,ortholog_one2one
LOC4800851,CG3337,FBgn0038871,1,ortholog_one2one
LOC4803480,Spn43Ad,FBgn0044011,1,ortholog_one2one
LOC4803024,CG9837,FBgn0037635,1,ortholog_one2one
LOC6897171,elm,FBgn0037358,1,ortholog_one2one
LOC6897218,PKD,FBgn0038603,1,ortholog_one2one
LOC4813298,Brr2,FBgn0263599,1,ortholog_one2one
LOC4812255,Rac1,FBgn0010333,1,ortholog_one2one
LOC4804915,PIG-G,FBgn0033187,1,ortholog_one2one
LOC4803633,puml,FBgn0033226,1,ortholog_one2one
LOC4801086,CG12516,FBgn0039577,1,ortholog_one2one
LOC4816381,CG16798,FBgn0032856,1,ortholog_one2one
LOC4801329,TwdlQ,FBgn0039448,1,ortholog_one2one
LOC4815565,CG3038,FBgn0040373,1,ortholog_one2one
LOC6898465,CG33155,FBgn0053155,1,ortholog_one2one
LOC4803272,subdued,FBgn0038721,1,ortholog_many2many
LOC6898978,SmydA-1,FBgn0033917,1,ortholog_one2one
LOC13036301,CG40470,FBgn0058470,0,ortholog_one2one
LOC5495513,Acox57D-p,FBgn0034628,1,ortholog_one2one
LOC4812867,Su(var)3-3,FBgn0260397,1,ortholog_one2many
LOC6902652,CG43064,FBgn0262366,0,ortholog_one2many
LOC4811686,CG11360,FBgn0039920,0,ortholog_one2one
LOC4817159,synr,FBgn0031650,1,ortholog_one2one
LOC26532019,CG42741,FBgn0261705,1,ortholog_one2one
LOC4813283,GNBP1,FBgn0040323,1,ortholog_one2one
LOC4816928,CG31954,FBgn0051954,1,ortholog_one2one
LOC4814458,CG4332,FBgn0030456,1,ortholog_one2one
LOC4815428,CG4325,FBgn0026878,1,ortholog_one2one
LOC4811749,CaMKI,FBgn0016126,1,ortholog_one2one
LOC4800514,GatA,FBgn0260779,1,ortholog_one2one
LOC4817033,Ndae1,FBgn0259111,1,ortholog_one2one
LOC4816422,Ifrd1,FBgn0051694,1,ortholog_one2one
LOC6902988,CG34015,FBgn0054015,0,ortholog_one2one
LOC4805613,Rpn8,FBgn0002787,1,ortholog_one2one
LOC4804875,RN-tre,FBgn0020620,1,ortholog_one2one
LOC6903551,santa-maria,FBgn0025697,1,ortholog_one2one
LOC4801959,CG13409,FBgn0038926,0,ortholog_one2one
LOC4814235,betaCOP,FBgn0008635,1,ortholog_one2one
LOC26532284,CG44250,FBgn0265185,1,ortholog_one2one
LOC6902113,CG3690,FBgn0040350,1,ortholog_one2one
LOC4814429,Cyp4g1,FBgn0010019,1,ortholog_one2one
LOC6902945,Rcd5,FBgn0263832,0,ortholog_one2many
LOC4802850,Ho,FBgn0037933,1,ortholog_one2one
LOC6898275,CG34442,FBgn0085471,1,ortholog_one2one
LOC6900728,Egfrap,FBgn0053993,1,ortholog_one2one
LOC4805317,mms4,FBgn0033549,1,ortholog_one2one
LOC4805043,Pgi,FBgn0003074,1,ortholog_one2one
LOC4801809,CG11694,FBgn0037571,1,ortholog_one2one
LOC4814812,spdi,FBgn0025633,1,ortholog_one2one
LOC4813878,Sras,FBgn0029121,1,ortholog_one2one
LOC4803579,dpn,FBgn0010109,1,ortholog_one2one
LOC4803315,CG31294,FBgn0051294,1,ortholog_one2one
LOC4801741,CG5854,FBgn0039130,1,ortholog_one2one
LOC6896825,BBIP1,FBgn0260237,1,ortholog_one2one
LOC4805158,fl(2)d,FBgn0000662,1,ortholog_one2one
LOC4816615,CG17549,FBgn0032774,1,ortholog_one2one
LOC4817398,CG3609,FBgn0031418,1,ortholog_one2one
LOC6900848,CG6310,FBgn0036121,0,ortholog_one2one
LOC4815830,temp,FBgn0027296,1,ortholog_one2one
LOC4814971,Traf6,FBgn0265464,1,ortholog_one2one
LOC4813924,CG32437,FBgn0052437,0,ortholog_one2many
LOC4800516,CG14285,FBgn0038674,1,ortholog_one2one
LOC6896749,CG5808,FBgn0027617,1,ortholog_one2one
LOC6897494,CG6503,FBgn0040606,1,ortholog_one2one
LOC4804429,CG13436,FBgn0034532,1,ortholog_one2one
LOC4803181,Ssdp,FBgn0011481,1,ortholog_one2one
LOC4811967,Tektin-C,FBgn0035638,1,ortholog_one2one
LOC4803859,MFS1,FBgn0050272,1,ortholog_one2one
LOC6896811,CG31145,FBgn0051145,1,ortholog_one2one
LOC4803468,Tsp42Ep,FBgn0033137,1,ortholog_one2one
LOC4816436,CG18302,FBgn0032266,1,ortholog_one2one
LOC4812902,PolH,FBgn0037141,1,ortholog_one2one
LOC6900315,CG34427,FBgn0085456,1,ortholog_one2one
LOC4800418,Ppi1,FBgn0051025,1,ortholog_one2one
LOC6900739,Naa60,FBgn0036039,1,ortholog_one2one
LOC4804617,gol,FBgn0004919,1,ortholog_one2one
LOC4803014,CG8236,FBgn0037626,1,ortholog_one2one
LOC4813874,CG13295,FBgn0035674,1,ortholog_one2one
LOC4813997,CG5644,FBgn0035948,1,ortholog_one2one
LOC4803631,zda,FBgn0034368,0,ortholog_one2one
LOC4805633,Ric,FBgn0265605,1,ortholog_one2one
LOC6897851,sas,FBgn0002306,1,ortholog_one2one
LOC6900511,gry,FBgn0286567,0,ortholog_one2one
LOC4800806,Gr89a,FBgn0038440,1,ortholog_one2one
LOC4815371,y,FBgn0004034,1,ortholog_one2one
LOC4815619,CG14221,FBgn0031042,1,ortholog_one2one
LOC6900884,CG34462,FBgn0085491,1,ortholog_one2one
LOC4817961,CG4218,FBgn0250844,1,ortholog_one2one
LOC4813545,CG1317,FBgn0035333,1,ortholog_one2one
LOC6899977,CG34453,FBgn0085482,1,ortholog_one2one
LOC6902103,Scsalpha2,FBgn0038708,0,ortholog_one2one
LOC4812716,Cp16,FBgn0000356,1,ortholog_one2one
LOC4817454,cnir,FBgn0243513,1,ortholog_one2one
LOC4800349,ATPsynC,FBgn0039830,1,ortholog_one2one
LOC4803373,CCT5,FBgn0010621,0,ortholog_one2one
LOC4815349,CG15450,FBgn0031132,1,ortholog_one2one
LOC4805174,CG15650,FBgn0034565,0,ortholog_one2one
LOC6898770,CG4679,FBgn0033816,0,ortholog_one2one
LOC4802952,Ir84a,FBgn0037501,1,ortholog_one2one
LOC4817541,Or22c,FBgn0026396,1,ortholog_one2one
LOC117183192,mthl11,FBgn0045443,1,ortholog_one2many
LOC6903590,CG33509,FBgn0053509,1,ortholog_one2one
LOC4817822,mmy,FBgn0259749,1,ortholog_one2one
LOC4801983,CstF50,FBgn0039867,1,ortholog_one2one
LOC4805204,PolE4,FBgn0034726,1,ortholog_one2one
LOC6900004,CG34247,FBgn0085276,1,ortholog_one2one
LOC4800981,dnd,FBgn0038916,1,ortholog_one2one
LOC4812332,nSMase,FBgn0035421,1,ortholog_one2one
LOC4812835,CG32448,FBgn0052448,1,ortholog_one2one
LOC6901379,elfless,FBgn0032660,0,ortholog_many2many
LOC6901379,CG43058,FBgn0262360,0,ortholog_many2many
LOC13036455,pre-mod(mdg4)-E,FBgn0266172,0,ortholog_one2one
LOC4801665,AP-2mu,FBgn0263351,1,ortholog_one2one
LOC4803775,Arms,FBgn0261554,1,ortholog_one2one
LOC4817707,osi,FBgn0040985,1,ortholog_one2one
LOC4816829,Spindly,FBgn0031549,1,ortholog_one2one
LOC6896715,Mgat2,FBgn0039738,1,ortholog_one2one
LOC4801190,CG5646,FBgn0039525,1,ortholog_one2one
LOC6901093,rsh,FBgn0265597,0,ortholog_one2one
LOC4814105,CG7366,FBgn0035855,0,ortholog_one2one
LOC4803510,TM4SF,FBgn0020372,1,ortholog_one2one
LOC6901295,lky,FBgn0031082,0,ortholog_one2one
LOC4804108,CG5773,FBgn0034290,1,ortholog_one2one
LOC4800643,ATPsynCF6,FBgn0016119,0,ortholog_one2one
LOC4813735,mat,FBgn0035176,1,ortholog_one2one
LOC4817923,CG3769,FBgn0032119,1,ortholog_one2one
LOC4817605,Vps29,FBgn0031310,1,ortholog_one2one
LOC4815566,Kmn1,FBgn0027259,1,ortholog_one2one
LOC4803475,Cyp9b2,FBgn0015039,1,ortholog_one2many
LOC4803475,Cyp9b1,FBgn0015038,1,ortholog_one2many
LOC6903469,CAH6,FBgn0039838,0,ortholog_many2many
LOC6903469,CAH16,FBgn0040628,0,ortholog_many2many
LOC6902524,CG34447,FBgn0085476,1,ortholog_one2one
LOC4816112,Sumo,FBgn0264922,1,ortholog_one2many
LOC6899126,botv,FBgn0027535,0,ortholog_one2many
LOC6903317,udd,FBgn0033261,0,ortholog_one2one
LOC4812720,CG6511,FBgn0035923,1,ortholog_one2one
LOC117183184,sowah,FBgn0036302,1,ortholog_one2one
LOC4813435,Girdin,FBgn0283724,1,ortholog_one2one
LOC4802729,CG31523,FBgn0051523,1,ortholog_one2one
LOC4811716,CG31998,FBgn0051998,1,ortholog_one2one
LOC6899833,RpLP2,FBgn0003274,0,ortholog_one2one
LOC6902474,CG8673,FBgn0031986,0,ortholog_one2many
LOC4816440,swm,FBgn0002044,1,ortholog_one2one
LOC4803950,SMC2,FBgn0027783,1,ortholog_one2one
LOC6897519,moi,FBgn0261019,1,ortholog_one2one
LOC4805076,CG30350,FBgn0050350,1,ortholog_one2one
LOC4803347,CG10814,FBgn0033830,1,ortholog_one2one
LOC4800614,CG5326,FBgn0038983,1,ortholog_one2one
LOC6898519,egr,FBgn0033483,1,ortholog_one2one
LOC4814416,Fas2,FBgn0000635,1,ortholog_one2one
LOC4803145,CG6689,FBgn0037877,1,ortholog_one2one
LOC4805099,Or47b,FBgn0026385,1,ortholog_one2one
LOC4800436,AstA,FBgn0015591,1,ortholog_one2one
LOC6897153,CG31347,FBgn0051347,1,ortholog_one2one
LOC4805500,Gmer,FBgn0267823,1,ortholog_one2one
LOC4803977,mspo,FBgn0020269,1,ortholog_one2one
LOC4805435,CG13594,FBgn0035041,1,ortholog_one2one
LOC4816009,DAAM,FBgn0025641,1,ortholog_one2one
LOC4816879,Glyp,FBgn0004507,1,ortholog_one2one
LOC4802893,GATAe,FBgn0038391,1,ortholog_one2one
LOC4811776,zfh2,FBgn0004607,1,ortholog_one2one
LOC6902682,S-Lap3,FBgn0045770,0,ortholog_one2many
LOC6896711,Acph-1,FBgn0000032,1,ortholog_one2one
LOC4800358,CG16736,FBgn0037668,1,ortholog_one2one
LOC4800879,CG18530,FBgn0042207,1,ortholog_one2many
LOC4800879,CG11598,FBgn0038067,1,ortholog_one2many
LOC4800879,CG11600,FBgn0038068,1,ortholog_one2many
LOC4815696,CG3168,FBgn0029896,0,ortholog_one2one
LOC6901966,sws,FBgn0003656,1,ortholog_one2one
LOC4816535,beat-IIIc,FBgn0032629,1,ortholog_one2one
LOC6901784,CG34338,FBgn0085367,1,ortholog_one2one
LOC6902405,Lar,FBgn0000464,0,ortholog_one2one
LOC4816835,Mtp,FBgn0266369,1,ortholog_one2one
LOC4805404,Ir48b,FBgn0033648,1,ortholog_one2one
LOC4803533,CG8520,FBgn0033734,1,ortholog_one2one
LOC4815093,Zpr1,FBgn0030096,1,ortholog_one2one
LOC6896929,Hsp70Ab,FBgn0013276,0,ortholog_many2many
LOC6896929,Hsp70Bb,FBgn0013278,0,ortholog_many2many
LOC6896929,Hsp70Bbb,FBgn0051354,0,ortholog_many2many
LOC6896929,Hsp70Ba,FBgn0013277,1,ortholog_many2many
LOC6896929,Hsp70Aa,FBgn0013275,0,ortholog_many2many
LOC6896929,Hsp70Bc,FBgn0013279,0,ortholog_many2many
LOC4816246,CG9497,FBgn0031800,1,ortholog_one2one
LOC6897098,CG32246,FBgn0052246,0,ortholog_one2one
LOC4812830,eg,FBgn0000560,1,ortholog_one2one
LOC4802377,CG42327,FBgn0259227,1,ortholog_one2one
LOC4812308,PIG-F,FBgn0036893,1,ortholog_one2one
LOC6899082,Jhe,FBgn0010052,1,ortholog_one2one
LOC26532027,CG12691,FBgn0029701,0,ortholog_one2one
LOC4803406,CG3420,FBgn0033100,1,ortholog_one2one
LOC4812571,Bmcp,FBgn0036199,1,ortholog_one2one
LOC4801449,Vha100-2,FBgn0028670,1,ortholog_one2one
LOC4805337,CG11777,FBgn0033527,1,ortholog_one2one
LOC4816597,CG17544,FBgn0032775,1,ortholog_one2one
LOC4805312,Lsm10,FBgn0033554,1,ortholog_one2one
LOC6902973,CG31776,FBgn0051776,1,ortholog_one2one
LOC4804615,gsb-n,FBgn0001147,1,ortholog_one2one
LOC6901912,CG8188,FBgn0030863,1,ortholog_one2one
LOC6898271,CG9568,FBgn0032087,0,ortholog_one2many
LOC4801281,apn,FBgn0038132,1,ortholog_one2one
LOC4817232,CG3436,FBgn0031229,0,ortholog_one2one
LOC4814562,CG4041,FBgn0029736,1,ortholog_one2one
LOC4817272,Clp,FBgn0015621,1,ortholog_one2one
LOC4812620,Est-Q,FBgn0037090,1,ortholog_one2one
LOC4816930,CG2614,FBgn0032873,1,ortholog_one2one
LOC4800814,GstD8,FBgn0010044,1,ortholog_one2one
LOC4811811,eIF4G1,FBgn0023213,1,ortholog_one2one
LOC4815375,CG3568,FBgn0029710,0,ortholog_one2one
LOC4800252,CG5180,FBgn0043457,1,ortholog_one2one
LOC4815191,CG11178,FBgn0030499,1,ortholog_one2one
LOC4813816,Blos2,FBgn0036118,1,ortholog_one2one
LOC4817181,ATPsynGL,FBgn0031941,1,ortholog_one2one
LOC6900567,Srrm1,FBgn0036340,1,ortholog_one2one
LOC4811994,Rh50,FBgn0028699,1,ortholog_one2one
LOC4814234,mRpL49,FBgn0030433,1,ortholog_one2one
LOC6898377,mei-W68,FBgn0002716,1,ortholog_one2one
LOC4805134,CG1688,FBgn0027589,1,ortholog_one2one
LOC4813601,Best4,FBgn0036491,0,ortholog_one2one
LOC4800343,mesh,FBgn0051004,1,ortholog_one2one
LOC4804648,Tsf3,FBgn0034094,1,ortholog_one2one
LOC4815624,Lamtor5,FBgn0026090,0,ortholog_one2one
LOC6903142,Nplp4,FBgn0040717,1,ortholog_one2one
LOC4816330,Vajk3,FBgn0028544,1,ortholog_one2one
LOC4813215,mRpL2,FBgn0036135,0,ortholog_one2one
LOC4801663,Pebp1,FBgn0038973,1,ortholog_one2one
LOC4801862,eIF3g2,FBgn0038796,1,ortholog_one2one
LOC4803286,MICU3,FBgn0038735,1,ortholog_one2one
LOC6900688,CG14151,FBgn0036089,1,ortholog_one2one
LOC4804689,Dll,FBgn0000157,1,ortholog_one2one
LOC4801885,Osi19,FBgn0037429,1,ortholog_one2one
LOC6897169,CG2182,FBgn0037360,1,ortholog_one2one
LOC4801132,CG6277,FBgn0039475,1,ortholog_many2many
LOC4801132,CG6271,FBgn0039476,1,ortholog_many2many
LOC4800950,B9d1,FBgn0038342,1,ortholog_one2one
LOC6901183,Coa7,FBgn0039965,1,ortholog_one2one
LOC4814258,CG32647,FBgn0052647,0,ortholog_one2one
LOC4812726,CG13305,FBgn0035921,1,ortholog_one2one
LOC4812347,fax,FBgn0014163,1,ortholog_one2one
LOC4814729,trr,FBgn0023518,1,ortholog_one2one
LOC4812936,Targ2,FBgn0053056,1,ortholog_one2one
LOC4803651,CG13016,FBgn0033899,1,ortholog_one2one
LOC4800889,CG4000,FBgn0038820,1,ortholog_one2one
LOC4805160,Cpr50Cb,FBgn0033869,1,ortholog_one2one
LOC4803940,CG4866,FBgn0034232,1,ortholog_one2one
LOC4803451,CG30159,FBgn0050159,1,ortholog_one2one
LOC4816487,Lamp1,FBgn0032949,0,ortholog_one2one
LOC6896909,CG33784,FBgn0053784,1,ortholog_many2many
LOC6896909,CG33783,FBgn0053783,1,ortholog_many2many
LOC4805055,ptc,FBgn0003892,1,ortholog_one2many
LOC4814359,CG6891,FBgn0030955,1,ortholog_one2one
LOC4817635,CG33128,FBgn0053128,1,ortholog_one2one
LOC6900124,CG30383,FBgn0050383,0,ortholog_one2one
LOC4815278,CG14805,FBgn0023514,1,ortholog_one2one
LOC4804981,Cyp317a1,FBgn0033982,1,ortholog_one2one
LOC4803303,CG31189,FBgn0051189,1,ortholog_one2one
LOC4813214,caup,FBgn0015919,1,ortholog_one2one
LOC4803407,CG9436,FBgn0033101,1,ortholog_one2one
LOC4812273,NT1,FBgn0261526,1,ortholog_one2one
LOC6902183,CG5126,FBgn0031320,0,ortholog_one2one
LOC4800772,Npc2e,FBgn0051410,1,ortholog_one2one
LOC4814318,CG32694,FBgn0052694,1,ortholog_one2one
LOC4801289,CG11089,FBgn0039241,1,ortholog_one2one
LOC4800621,WASp,FBgn0024273,1,ortholog_one2one
LOC4816551,Nos,FBgn0011676,1,ortholog_one2one
LOC4816166,fbp,FBgn0032820,1,ortholog_one2one
LOC4813682,ms(3)K81,FBgn0002838,0,ortholog_one2many
LOC4813682,HipHop,FBgn0036815,1,ortholog_one2many
LOC4815731,pigs,FBgn0029881,1,ortholog_one2one
LOC4817065,Snx6,FBgn0032005,1,ortholog_one2one
LOC4814897,CG9915,FBgn0030738,1,ortholog_one2one
LOC4816122,borr,FBgn0032105,1,ortholog_one2one
LOC6897857,CG43290,FBgn0262982,1,ortholog_one2one
LOC4818048,CG13999,FBgn0031753,1,ortholog_one2one
LOC4815543,c11.1,FBgn0040236,1,ortholog_one2one
LOC117185631,His1:CG33801,FBgn0053801,0,ortholog_many2many
LOC117185631,His1:CG33807,FBgn0053807,1,ortholog_many2many
LOC117185631,His1:CG33819,FBgn0053819,0,ortholog_many2many
LOC117185631,His1:CG33840,FBgn0053840,0,ortholog_many2many
LOC117185631,His1:CG33843,FBgn0053843,1,ortholog_many2many
LOC117185631,His1:CG33846,FBgn0053846,0,ortholog_many2many
LOC117185631,His1:CG33810,FBgn0053810,1,ortholog_many2many
LOC117185631,His1:CG33804,FBgn0053804,1,ortholog_many2many
LOC117185631,His1:CG33816,FBgn0053816,1,ortholog_many2many
LOC117185631,His1:CG33837,FBgn0053837,0,ortholog_many2many
LOC117185631,His1:CG33861,FBgn0053861,1,ortholog_many2many
LOC117185631,His1:CG33855,FBgn0053855,0,ortholog_many2many
LOC117185631,His1:CG33825,FBgn0053825,1,ortholog_many2many
LOC117185631,His1:CG33852,FBgn0053852,0,ortholog_many2many
LOC117185631,His1:CG33831,FBgn0053831,0,ortholog_many2many
LOC117185631,His1:CG33828,FBgn0053828,0,ortholog_many2many
LOC117185631,His1:CG33864,FBgn0053864,0,ortholog_many2many
LOC117185631,His1:CG33813,FBgn0053813,1,ortholog_many2many
LOC117185631,His1:CG31617,FBgn0051617,0,ortholog_many2many
LOC117185631,His1:CG33849,FBgn0053849,0,ortholog_many2many
LOC117185631,His1:CG33822,FBgn0053822,1,ortholog_many2many
LOC117185631,His1:CG33858,FBgn0053858,0,ortholog_many2many
LOC117185631,His1:CG33834,FBgn0053834,1,ortholog_many2many
LOC4805045,CG8252,FBgn0033344,1,ortholog_one2one
LOC4801489,CG8534,FBgn0037761,0,ortholog_one2many
LOC4801489,CG9458,FBgn0037765,0,ortholog_one2many
LOC4801489,CG9459,FBgn0037764,0,ortholog_one2many
LOC4801489,eloF,FBgn0037762,0,ortholog_one2many
LOC6898911,Gbp1,FBgn0034199,1,ortholog_one2one
LOC117185080,RpS2,FBgn0004867,0,ortholog_one2many
LOC4813483,Rbbp5,FBgn0036973,1,ortholog_one2one
LOC4801579,su(Hw),FBgn0003567,1,ortholog_one2one
LOC4801763,SMC1,FBgn0040283,1,ortholog_one2one
LOC4802803,nmdyn-D7,FBgn0028997,1,ortholog_one2one
LOC4813529,CG42268,FBgn0259163,1,ortholog_one2one
LOC6896875,l(1)10Bb,FBgn0001491,0,ortholog_one2one
LOC26533928,tctn,FBgn0261697,1,ortholog_one2one
LOC4803840,CG30259,FBgn0050259,1,ortholog_one2one
LOC4816881,Rbsn-5,FBgn0261064,1,ortholog_one2one
LOC6900413,CG5897,FBgn0036220,1,ortholog_one2one
LOC4802682,CG14322,FBgn0038532,1,ortholog_one2one
LOC4805401,Buffy,FBgn0040491,1,ortholog_one2one
LOC6897799,CG41099,FBgn0039955,0,ortholog_one2one
LOC4812746,Tmc,FBgn0267796,0,ortholog_one2one
LOC4801234,Irk1,FBgn0265042,1,ortholog_one2one
LOC4812513,Hmbs,FBgn0010786,1,ortholog_one2one
LOC4811751,CG12375,FBgn0031987,0,ortholog_one2many
LOC4805476,EMC7,FBgn0034066,1,ortholog_one2one
LOC6896760,CG11898,FBgn0039645,1,ortholog_one2one
LOC6902148,eag,FBgn0000535,0,ortholog_many2many
LOC4816552,Taf10b,FBgn0026324,1,ortholog_one2one
LOC6900041,CG33514,FBgn0053514,1,ortholog_one2one
LOC4805445,CG13587,FBgn0035031,1,ortholog_one2one
LOC4800938,RNF220,FBgn0039013,1,ortholog_one2one
LOC4816132,C1GalTA,FBgn0032078,1,ortholog_one2one
LOC6896874,mil,FBgn0267366,1,ortholog_one2many
LOC6902604,crc,FBgn0000370,1,ortholog_one2one
LOC4818018,cl,FBgn0000318,1,ortholog_one2one
LOC4804869,Vha36-1,FBgn0022097,1,ortholog_one2one
LOC6901423,rut,FBgn0003301,1,ortholog_one2one
LOC4804814,CG5174,FBgn0034345,1,ortholog_one2one
LOC4815595,CG7872,FBgn0030658,0,ortholog_one2one
LOC4816249,PDZ-GEF,FBgn0265778,1,ortholog_one2one
LOC4816028,moody,FBgn0025631,1,ortholog_one2one
LOC4814725,CG32683,FBgn0052683,1,ortholog_one2one
LOC4801953,natalisin,FBgn0085417,1,ortholog_one2one
LOC4803784,loopin-1,FBgn0259795,1,ortholog_one2one
LOC4816202,CG10366,FBgn0032814,1,ortholog_one2one
LOC6900907,Rdl,FBgn0004244,1,ortholog_one2one
LOC4815622,OtopLa,FBgn0259994,1,ortholog_one2one
LOC4813702,CG12520,FBgn0036324,1,ortholog_one2one
LOC4812681,CG6761,FBgn0036031,1,ortholog_one2one
LOC6902597,CG32603,FBgn0052603,0,ortholog_one2many
LOC6902597,CG11350,FBgn0035552,0,ortholog_one2many
LOC6902597,CG31626,FBgn0051626,1,ortholog_one2many
LOC4805378,Dhit,FBgn0028743,1,ortholog_one2one
LOC6898449,CG4049,FBgn0034976,1,ortholog_one2one
LOC4804495,RpS18,FBgn0010411,1,ortholog_one2one
LOC4815463,CG15317,FBgn0030137,1,ortholog_one2one
LOC117185208,mRpL33,FBgn0040907,0,ortholog_one2many
LOC117184592,TTLL5,FBgn0051108,0,ortholog_one2many
LOC4816350,CG9426,FBgn0032485,1,ortholog_one2one
LOC4811905,Rich,FBgn0028500,1,ortholog_one2one
LOC4811855,CG13251,FBgn0037014,1,ortholog_one2one
LOC4816698,Trf,FBgn0010287,1,ortholog_one2one
LOC4801578,IFT54,FBgn0038221,1,ortholog_one2one
LOC117184251,Mdh1,FBgn0262782,0,ortholog_one2one
LOC4800923,Usp12-46,FBgn0039025,0,ortholog_one2one
LOC6896731,CecB,FBgn0000278,0,ortholog_many2many
LOC6896731,CecC,FBgn0000279,1,ortholog_many2many
LOC4803103,l(3)neo43,FBgn0011476,1,ortholog_one2one
LOC4800248,CG7943,FBgn0039741,1,ortholog_one2one
LOC6903371,CG13110,FBgn0032111,1,ortholog_one2many
LOC4804345,Cul4,FBgn0033260,1,ortholog_one2one
LOC4803638,CG12825,FBgn0033221,1,ortholog_one2many
LOC4803638,CG12824,FBgn0033222,1,ortholog_one2many
LOC6896876,CG8010,FBgn0031008,0,ortholog_one2many
LOC4802697,CG9386,FBgn0037708,1,ortholog_one2one
LOC4815171,cyr,FBgn0030001,1,ortholog_one2one
LOC4802911,alphaTub84B,FBgn0003884,1,ortholog_one2one
LOC4812407,Reg-2,FBgn0016715,1,ortholog_one2one
LOC4815771,CG5062,FBgn0029747,0,ortholog_one2one
LOC6899051,tomboy40,FBgn0033074,1,ortholog_one2one
LOC4804970,18w,FBgn0287775,1,ortholog_one2one
LOC4814738,Vap33,FBgn0029687,1,ortholog_one2many
LOC4800591,GstZ1,FBgn0037696,1,ortholog_one2one
LOC6903169,Psf2,FBgn0261976,1,ortholog_one2one
LOC6898564,CG34038,FBgn0054038,1,ortholog_one2one
LOC4817142,Cog3,FBgn0031536,1,ortholog_one2one
LOC4814044,CG32032,FBgn0043806,1,ortholog_one2one
LOC4817504,Trpgamma,FBgn0032593,1,ortholog_one2one
LOC4814394,CG2972,FBgn0030177,1,ortholog_one2one
LOC4803655,Ercc1,FBgn0028434,1,ortholog_one2one
LOC6903879,kappaB-Ras,FBgn0040513,0,ortholog_one2one
LOC4813162,HGTX,FBgn0040318,1,ortholog_one2one
LOC4801437,fray,FBgn0023083,1,ortholog_one2one
LOC4801402,snk,FBgn0003450,1,ortholog_one2one
LOC4802470,Dhfr,FBgn0004087,1,ortholog_one2one
LOC4803619,DCTN3-p24,FBgn0010622,1,ortholog_one2one
LOC4803543,Vps25,FBgn0022027,0,ortholog_one2one
LOC6900648,Srrm234,FBgn0035253,1,ortholog_one2one
LOC26533243,Mvd,FBgn0030683,0,ortholog_one2many
LOC4803716,ord,FBgn0003009,1,ortholog_one2one
LOC4814150,pns,FBgn0035229,1,ortholog_one2one
LOC4801739,CG13599,FBgn0039128,1,ortholog_one2one
LOC6901874,Grip128,FBgn0026433,1,ortholog_one2one
LOC4805622,CG3376,FBgn0034997,1,ortholog_one2one
LOC4800487,alph,FBgn0086361,1,ortholog_one2one
LOC4812136,CG13032,FBgn0036652,1,ortholog_one2one
LOC4801026,cwo,FBgn0259938,1,ortholog_one2one
LOC4803540,Qsox1,FBgn0033814,0,ortholog_one2one
LOC4803787,S-Lap8,FBgn0034132,1,ortholog_one2one
LOC6903170,Traf4,FBgn0026319,1,ortholog_one2one
LOC4801413,CG7091,FBgn0038099,1,ortholog_one2one
LOC4804992,ckn,FBgn0033987,1,ortholog_one2one
LOC4803603,Cyp4ad1,FBgn0033292,1,ortholog_one2one
LOC6902968,Drgx,FBgn0085369,1,ortholog_one2one
LOC4802720,CG2747,FBgn0037541,1,ortholog_one2one
LOC4817371,CG13126,FBgn0032168,1,ortholog_one2one
LOC26533805,Gprk1,FBgn0260798,0,ortholog_one2one
LOC4804796,CG18538,FBgn0034324,1,ortholog_many2many
LOC4804796,CG18537,FBgn0034323,1,ortholog_many2many
LOC4804796,CG18536,FBgn0034322,1,ortholog_many2many
LOC4814305,CG6290,FBgn0030921,1,ortholog_one2one
LOC4813800,bc10,FBgn0040239,1,ortholog_one2one
LOC6897950,Alg1,FBgn0038552,1,ortholog_one2one
LOC6901506,CG1368,FBgn0030539,1,ortholog_one2one
LOC4800825,Sol1,FBgn0085431,1,ortholog_one2one
LOC4815053,CG17982,FBgn0030006,1,ortholog_one2one
LOC4803402,CG4806,FBgn0260456,1,ortholog_one2one
LOC4817911,Klp31E,FBgn0032243,0,ortholog_one2one
LOC4813920,CG3288,FBgn0037030,1,ortholog_one2one
LOC4813198,mmm,FBgn0035799,1,ortholog_one2one
LOC4800774,Fancl,FBgn0037781,1,ortholog_one2one
LOC6897092,wdb,FBgn0027492,1,ortholog_one2one
LOC4801979,CG1896,FBgn0039870,1,ortholog_one2one
LOC4800953,CG7900,FBgn0037548,1,ortholog_one2one
LOC4805248,CG4363,FBgn0034663,1,ortholog_one2one
LOC4818166,HemK1,FBgn0031817,1,ortholog_one2one
LOC4817203,CG4230,FBgn0031683,1,ortholog_one2one
LOC13036433,CG42525,FBgn0260430,1,ortholog_one2one
LOC4800854,CG5892,FBgn0038873,1,ortholog_one2one
LOC4814162,Dhrs4,FBgn0035588,1,ortholog_one2one
LOC4804348,sand,FBgn0033257,1,ortholog_one2one
LOC6898348,Ack-like,FBgn0263998,1,ortholog_one2one
LOC4801110,BCAS2,FBgn0039558,1,ortholog_one2one
LOC4803482,Adk3,FBgn0026602,1,ortholog_one2one
LOC6898146,Lcp1,FBgn0002531,1,ortholog_many2many
LOC6898146,Lcp2,FBgn0002533,1,ortholog_many2many
LOC4804613,uzip,FBgn0004055,1,ortholog_one2one
LOC4803261,CG31221,FBgn0051221,1,ortholog_one2one
LOC6899877,mGluR,FBgn0019985,1,ortholog_one2one
LOC4817867,CG9263,FBgn0032530,1,ortholog_one2one
LOC6903880,Psi,FBgn0014870,1,ortholog_one2one
LOC4814579,Gr10b,FBgn0030297,1,ortholog_one2one
LOC6899793,bab1,FBgn0004870,1,ortholog_one2one
LOC4816275,CG9886,FBgn0031428,1,ortholog_one2one
LOC4802388,CG3817,FBgn0038275,1,ortholog_one2one
LOC4803654,eIF3m,FBgn0033902,1,ortholog_one2one
LOC4817275,CG13282,FBgn0032612,1,ortholog_one2one
LOC4815066,CG32668,FBgn0052668,1,ortholog_one2one
LOC4813779,Ccdc56,FBgn0261353,1,ortholog_one2one
LOC4813037,CG8833,FBgn0036386,1,ortholog_one2one
LOC6901249,exu,FBgn0000615,0,ortholog_one2many
LOC4816632,SelT,FBgn0031670,1,ortholog_one2one
LOC6901854,Roc1a,FBgn0025638,1,ortholog_one2one
LOC4817704,tweek,FBgn0261671,0,ortholog_one2one
LOC4801871,fkh,FBgn0000659,0,ortholog_one2one
LOC4803079,mira,FBgn0021776,1,ortholog_one2one
LOC4817875,CG13995,FBgn0031770,1,ortholog_one2one
LOC26532645,Cpr49Ac,FBgn0033725,1,ortholog_one2one
LOC4816571,IFT43,FBgn0032446,1,ortholog_one2one
LOC4818067,CG9171,FBgn0031738,1,ortholog_one2one
LOC4815437,Actn,FBgn0000667,1,ortholog_one2one
LOC4800845,dmt,FBgn0278604,1,ortholog_one2one
LOC4802187,CG6073,FBgn0039417,1,ortholog_one2one
LOC4802490,CG1113,FBgn0037304,1,ortholog_one2one
LOC4803611,Mal-A8,FBgn0033297,1,ortholog_one2one
LOC4813240,CG13239,FBgn0037197,1,ortholog_one2one
LOC6900729,PGRP-LD,FBgn0260458,1,ortholog_one2one
LOC6900180,CG32847,FBgn0052847,0,ortholog_one2one
LOC4805080,Sec31,FBgn0033339,1,ortholog_one2one
LOC4812225,CG10907,FBgn0036207,1,ortholog_one2one
LOC4817223,Wnt6,FBgn0031902,1,ortholog_one2one
LOC4804249,MED9,FBgn0260401,1,ortholog_one2one
LOC4803621,CG15096,FBgn0034394,1,ortholog_one2one
LOC4802675,CRMP,FBgn0023023,1,ortholog_one2one
LOC4803098,CG14864,FBgn0038311,0,ortholog_one2one
LOC4801531,Gclm,FBgn0046114,0,ortholog_one2one
LOC6898473,CG34115,FBgn0083951,1,ortholog_one2one
LOC4802577,CG12213,FBgn0260742,1,ortholog_one2one
LOC4812008,mRpL12,FBgn0011787,1,ortholog_one2one
LOC4814744,Clic,FBgn0030529,1,ortholog_one2many
LOC4814547,CG12723,FBgn0030459,1,ortholog_one2one
LOC6901082,CG32512,FBgn0052512,1,ortholog_one2one
LOC6899316,conu,FBgn0039994,0,ortholog_one2one
LOC4817894,mtm,FBgn0025742,1,ortholog_one2one
LOC4801928,disp,FBgn0029088,1,ortholog_one2one
LOC4800948,mAChR-B,FBgn0037546,1,ortholog_one2one
LOC4817467,Oatp33Eb,FBgn0032435,1,ortholog_one2one
LOC26534315,Mob3,FBgn0259482,0,ortholog_one2one
LOC4815803,Ten-a,FBgn0267001,0,ortholog_one2one
LOC4812786,sstn,FBgn0036476,1,ortholog_one2one
LOC117184843,CG3788,FBgn0034800,0,ortholog_one2many
LOC4812403,CG11523,FBgn0037156,1,ortholog_one2one
LOC6896778,Obp99c,FBgn0039682,1,ortholog_one2one
LOC4816618,Snapin,FBgn0031455,1,ortholog_one2one
LOC4800489,CG1907,FBgn0039674,1,ortholog_one2one
LOC117183509,ptc,FBgn0003892,1,ortholog_one2many
LOC6897975,tomboy20,FBgn0037828,1,ortholog_one2one
LOC4813659,CG14448,FBgn0037191,1,ortholog_one2one
LOC4802141,CG13622,FBgn0039202,1,ortholog_one2one
LOC117184409,me31B,FBgn0004419,0,ortholog_one2many
LOC4802114,CG45076,FBgn0266446,1,ortholog_one2one
LOC4817583,CG3652,FBgn0031600,1,ortholog_one2one
LOC6897074,CG5909,FBgn0039495,1,ortholog_one2one
LOC6902073,CG3795,FBgn0025378,1,ortholog_one2one
LOC6898258,CG42565,FBgn0260767,1,ortholog_one2one
LOC4816567,CG15395,FBgn0031440,1,ortholog_one2one
LOC4812469,GNBP3,FBgn0040321,1,ortholog_one2one
LOC4812880,Pfdn4,FBgn0035603,1,ortholog_one2one
LOC4802969,CG2616,FBgn0037512,1,ortholog_one2one
LOC4805352,casp,FBgn0034068,1,ortholog_one2one
LOC4800846,trbd,FBgn0037734,1,ortholog_one2one
LOC4805399,Camp,FBgn0034210,1,ortholog_one2one
LOC4802206,E(spl)m7-HLH,FBgn0002633,1,ortholog_one2one
LOC4801045,Best1,FBgn0040238,1,ortholog_one2one
LOC4801828,Rh2,FBgn0003248,1,ortholog_one2one
LOC4804529,sigmar,FBgn0034894,1,ortholog_one2one
LOC4812938,Clc,FBgn0024814,1,ortholog_one2one
LOC4803416,CG15236,FBgn0033108,1,ortholog_one2one
LOC6899113,CG32756,FBgn0052756,0,ortholog_one2many
LOC6899113,CG12728,FBgn0029825,0,ortholog_one2many
LOC4817370,mRpL48,FBgn0031357,1,ortholog_one2one
LOC4816947,alpha4GT1,FBgn0031491,1,ortholog_one2many
LOC4805659,ATPCL,FBgn0020236,1,ortholog_one2one
LOC4814345,CG7058,FBgn0030961,1,ortholog_one2one
LOC4812890,CG17732,FBgn0036923,0,ortholog_one2one
LOC4813413,pzg,FBgn0259785,1,ortholog_one2one
LOC6903644,CG2962,FBgn0030186,1,ortholog_one2one
LOC4804703,GstE12,FBgn0027590,1,ortholog_one2one
LOC4802768,Gel,FBgn0010225,1,ortholog_one2one
LOC4816795,tim,FBgn0014396,1,ortholog_one2one
LOC4801264,GILT1,FBgn0038149,1,ortholog_one2one
LOC6902230,Nemp,FBgn0030768,1,ortholog_one2many
LOC4816168,CG18088,FBgn0032082,1,ortholog_one2one
LOC4800823,Cyp9f2,FBgn0038037,1,ortholog_one2many
LOC4800823,Cyp9f3,FBgn0038034,1,ortholog_one2many
LOC4801676,CG13850,FBgn0038961,1,ortholog_one2one
LOC117184169,Ir31a,FBgn0051718,0,ortholog_one2many
LOC4805355,CG8405,FBgn0034071,1,ortholog_one2one
LOC4803521,Nap1,FBgn0015268,1,ortholog_one2one
LOC6897068,CG14258,FBgn0039482,1,ortholog_one2one
LOC4803762,Ugt49B1,FBgn0027073,1,ortholog_one2one
LOC4800945,Cyp6d4,FBgn0039006,1,ortholog_one2one
LOC4803774,CG9752,FBgn0034614,1,ortholog_one2one
LOC4813996,Srp68,FBgn0035947,1,ortholog_one2one
LOC4812062,Tmem43,FBgn0035825,1,ortholog_one2one
LOC4803911,atos,FBgn0033638,1,ortholog_one2one
LOC6901311,CG42340,FBgn0259242,0,ortholog_one2one
LOC4801387,CG11686,FBgn0040551,1,ortholog_one2one
LOC6900132,CG32087,FBgn0052087,1,ortholog_one2one
LOC4813078,Mes2,FBgn0037207,1,ortholog_one2one
LOC4812494,Gk1,FBgn0025592,1,ortholog_one2one
LOC4801194,CG5823,FBgn0038515,1,ortholog_one2one
LOC5495521,Nepl20,FBgn0039613,0,ortholog_one2many
LOC5495521,Nepl21,FBgn0027578,0,ortholog_one2many
LOC6900309,TrpA1,FBgn0035934,1,ortholog_one2one
LOC6903223,arx,FBgn0036826,0,ortholog_one2many
LOC4812098,SsRbeta,FBgn0011016,1,ortholog_one2many
LOC6901068,CG1468,FBgn0030157,1,ortholog_one2one
LOC4815819,CG3226,FBgn0029882,1,ortholog_one2one
LOC4800703,CG31156,FBgn0051156,1,ortholog_one2one
LOC4812914,Duba,FBgn0036180,1,ortholog_one2one
LOC4800392,CG15536,FBgn0039766,1,ortholog_one2one
LOC4801958,Fadd,FBgn0038928,1,ortholog_one2one
LOC4801904,Osi3,FBgn0037411,1,ortholog_one2one
LOC4802984,CG31473,FBgn0051473,1,ortholog_one2one
LOC4801143,CG6066,FBgn0039488,1,ortholog_one2one
LOC4812771,mRpL23,FBgn0035335,1,ortholog_one2one
LOC6903510,CG13137,FBgn0032188,0,ortholog_one2one
LOC6902355,cup,FBgn0000392,1,ortholog_one2one
LOC4804487,Mtmr6,FBgn0028497,1,ortholog_one2one
LOC4813744,CG8620,FBgn0040837,1,ortholog_one2many
LOC6902742,CG1344,FBgn0027507,0,ortholog_one2one
LOC4815368,p-cup,FBgn0030840,0,ortholog_one2one
LOC4801723,Pde6,FBgn0038237,1,ortholog_one2one
LOC4804525,CG18128,FBgn0034898,1,ortholog_one2one
LOC6900222,CG14613,FBgn0031188,0,ortholog_one2many
LOC4802018,lds,FBgn0002542,1,ortholog_one2one
LOC26532275,RpL38,FBgn0040007,0,ortholog_one2one
LOC4814676,g,FBgn0001087,1,ortholog_one2one
LOC4817800,CG31975,FBgn0051975,1,ortholog_one2one
LOC4812517,CG17746,FBgn0035425,1,ortholog_one2one
LOC6898511,wun2,FBgn0041087,1,ortholog_one2one
LOC6899798,mRpL51,FBgn0032053,1,ortholog_one2one
LOC6896955,Syp,FBgn0038826,1,ortholog_one2one
LOC4815547,CG9519,FBgn0030589,1,ortholog_one2one
LOC4800696,Cog2,FBgn0026634,1,ortholog_one2one
LOC6903006,Tim8,FBgn0027359,0,ortholog_one2many
LOC6898956,exp,FBgn0033668,1,ortholog_one2one
LOC4804639,CG13427,FBgn0034514,1,ortholog_one2one
LOC4802061,jagn,FBgn0037374,1,ortholog_one2one
LOC4801827,CG14297,FBgn0038655,1,ortholog_one2one
LOC4804755,Taz,FBgn0026619,1,ortholog_one2one
LOC4802404,Glys,FBgn0266064,1,ortholog_one2one
LOC4816720,CG31823,FBgn0051823,1,ortholog_one2one
LOC4812581,Jhbp6,FBgn0037174,1,ortholog_one2one
LOC4804607,cora,FBgn0010434,1,ortholog_one2one
LOC117185048,elfless,FBgn0032660,0,ortholog_many2many
LOC117185048,CG43058,FBgn0262360,0,ortholog_many2many
LOC4813807,ver,FBgn0262524,1,ortholog_one2one
LOC4802981,CG2641,FBgn0037518,1,ortholog_one2one
LOC4802448,Or83a,FBgn0037322,1,ortholog_one2one
LOC4817852,Pburs,FBgn0264810,1,ortholog_one2one
LOC6903466,mol,FBgn0086711,1,ortholog_one2one
LOC4801306,CG9312,FBgn0038179,1,ortholog_one2one
LOC6901253,nAChRalpha3,FBgn0015519,1,ortholog_one2one
LOC4814553,CG3679,FBgn0027521,1,ortholog_one2one
LOC4804739,TpnC47D,FBgn0010423,1,ortholog_one2one
LOC4804737,Cpr47Ec,FBgn0033600,1,ortholog_one2one
LOC6900566,CG17672,FBgn0083978,1,ortholog_one2one
LOC4817263,Tspo,FBgn0031263,1,ortholog_one2one
LOC4813420,CG7341,FBgn0036777,1,ortholog_one2one
LOC4811972,galene,FBgn0035192,0,ortholog_one2one
LOC4812807,CG7017,FBgn0036951,1,ortholog_one2many
LOC4817547,Gr21a,FBgn0041250,1,ortholog_one2one
LOC6896706,CG2246,FBgn0039790,1,ortholog_one2one
LOC4815564,CG3740,FBgn0023530,1,ortholog_one2one
LOC4812879,Ir64a,FBgn0035604,0,ortholog_one2one
LOC26533104,CG34171,FBgn0085200,1,ortholog_one2one
LOC4804075,CG30466,FBgn0050466,0,ortholog_one2one
LOC4812501,CG17129,FBgn0035151,0,ortholog_one2many
LOC4815527,CG12237,FBgn0031048,0,ortholog_one2one
LOC4805020,Tsp47F,FBgn0033629,1,ortholog_one2one
LOC4817996,Ret,FBgn0011829,1,ortholog_one2one
LOC4805694,Tab2,FBgn0086358,0,ortholog_one2one
LOC6901466,CG32755,FBgn0052755,1,ortholog_one2one
LOC4815780,anox,FBgn0064116,1,ortholog_one2one
LOC4813549,Dysb,FBgn0036819,1,ortholog_one2one
LOC6897520,CG5793,FBgn0038858,1,ortholog_one2one
LOC26531986,l(3)80Fg,FBgn0287183,0,ortholog_one2one
LOC117184825,CG43675,FBgn0263750,0,ortholog_one2many
LOC117184825,CG15368,FBgn0030104,1,ortholog_one2many
LOC4802075,CG31275,FBgn0063261,1,ortholog_one2one
LOC6902129,CG10588,FBgn0037037,0,ortholog_one2many
LOC4813385,CG7879,FBgn0035235,1,ortholog_one2one
LOC4812475,BNIP3,FBgn0037007,1,ortholog_one2one
LOC6903229,CG4955,FBgn0030814,0,ortholog_one2many
LOC6899206,Cadps,FBgn0053653,0,ortholog_one2one
LOC4802880,Mic26-27,FBgn0038400,1,ortholog_one2one
LOC4812753,scramb2,FBgn0035390,1,ortholog_one2one
LOC6897738,Vha16-3,FBgn0028667,0,ortholog_one2one
LOC4817271,CG15422,FBgn0031579,1,ortholog_one2one
LOC4814985,CG18508,FBgn0028746,1,ortholog_one2one
LOC6897978,CG14689,FBgn0037826,1,ortholog_many2many
LOC6897978,CG31391,FBgn0051391,0,ortholog_many2many
LOC6897978,CG31467,FBgn0051467,0,ortholog_many2many
LOC6902127,CG8757,FBgn0036380,0,ortholog_one2one
LOC4817551,CycY,FBgn0032378,1,ortholog_one2one
LOC4805519,CG15653,FBgn0034578,1,ortholog_one2one
LOC6897767,CG9173,FBgn0035218,0,ortholog_one2many
LOC6898873,psq,FBgn0263102,1,ortholog_one2one
LOC4805301,CG1888,FBgn0033421,1,ortholog_one2one
LOC4801738,Rpt2,FBgn0015282,1,ortholog_one2one
LOC4817112,CG15141,FBgn0032635,1,ortholog_one2one
LOC4804696,CG3589,FBgn0035065,1,ortholog_one2one
LOC4802229,Mco3,FBgn0039387,1,ortholog_one2one
LOC4813440,CG4328,FBgn0036274,1,ortholog_one2one
LOC4803541,CG4676,FBgn0033815,1,ortholog_one2one
LOC4804879,CG18568,FBgn0033888,1,ortholog_one2one
LOC4812783,Zmynd10,FBgn0266709,1,ortholog_one2one
LOC6896919,CG10340,FBgn0022344,1,ortholog_one2one
LOC6898537,Hydr1,FBgn0033382,1,ortholog_one2one
LOC4812932,Adi1,FBgn0052068,1,ortholog_one2one
LOC4817922,CG31913,FBgn0051913,1,ortholog_one2one
LOC6898803,NAT1,FBgn0010488,1,ortholog_one2one
LOC4801518,CG34409,FBgn0085438,1,ortholog_one2one
LOC4800958,CG31198,FBgn0051198,1,ortholog_one2one
LOC4813042,CG7607,FBgn0036145,1,ortholog_one2one
LOC4811982,CG13876,FBgn0035109,1,ortholog_one2one
LOC4812181,Trs20,FBgn0266724,1,ortholog_many2many
LOC4801613,CG14839,FBgn0038219,1,ortholog_one2one
LOC4800998,yata,FBgn0260990,1,ortholog_one2one
LOC6903582,CG14269,FBgn0029658,0,ortholog_one2one
LOC4812289,Exn,FBgn0261547,1,ortholog_one2one
LOC4800719,pHCl-2,FBgn0039840,1,ortholog_one2one
LOC4814595,et,FBgn0031055,0,ortholog_one2one
LOC6896914,Spn85F,FBgn0037772,1,ortholog_one2one
LOC4811850,Ephrin,FBgn0040324,1,ortholog_one2one
LOC6901742,RhoGAP18B,FBgn0261461,0,ortholog_one2one
LOC4813556,ZC3H3,FBgn0035900,1,ortholog_one2one
LOC4804464,CG4752,FBgn0034733,1,ortholog_one2one
LOC4805140,CG17019,FBgn0033783,1,ortholog_one2one
LOC4805468,CG13151,FBgn0033750,1,ortholog_one2one
LOC4801381,Trf4-2,FBgn0039251,1,ortholog_one2one
LOC6898246,Menl-1,FBgn0029154,1,ortholog_one2one
LOC4815360,Drak,FBgn0052666,1,ortholog_one2one
LOC4815529,CG9281,FBgn0030672,1,ortholog_one2one
LOC4802340,CG11902,FBgn0028647,1,ortholog_one2one
LOC6897099,CG7695,FBgn0038631,0,ortholog_one2one
LOC4814673,CG5928,FBgn0029836,1,ortholog_one2one
LOC4800698,CG6171,FBgn0026737,1,ortholog_one2one
LOC4817717,dpr19,FBgn0032233,0,ortholog_one2one
LOC4811977,Ccz1,FBgn0035470,1,ortholog_one2one
LOC4814019,CG10063,FBgn0035727,1,ortholog_one2one
LOC6901675,CG42353,FBgn0259699,1,ortholog_one2one
LOC6900236,Spn42De,FBgn0033115,0,ortholog_one2one
LOC26534294,CG43218,FBgn0262854,1,ortholog_one2one
LOC4813041,CG14958,FBgn0035413,1,ortholog_one2one
LOC4800775,ohgt,FBgn0037780,1,ortholog_one2one
LOC6902136,CG11122,FBgn0030266,1,ortholog_one2one
LOC4817429,CG3036,FBgn0031645,1,ortholog_one2one
LOC26533500,CG43057,FBgn0262359,0,ortholog_one2many
LOC6898369,Muc55B,FBgn0034294,1,ortholog_one2one
LOC4801282,CG15888,FBgn0038131,1,ortholog_one2one
LOC4813358,skl,FBgn0036786,1,ortholog_one2one
LOC4817687,slf,FBgn0287234,1,ortholog_one2one
LOC4813019,CG7888,FBgn0036116,1,ortholog_one2one
LOC4813716,Cyp312a1,FBgn0036778,1,ortholog_one2one
LOC4813739,wls,FBgn0036141,1,ortholog_one2one
LOC4814939,CG32537,FBgn0052537,1,ortholog_one2many
LOC4814241,CG4615,FBgn0029935,0,ortholog_one2one
LOC6902746,CG32061,FBgn0052061,0,ortholog_one2many
LOC4803692,stum,FBgn0050263,1,ortholog_one2one
LOC4803249,Delta,FBgn0000463,1,ortholog_one2one
LOC4815955,Dbct,FBgn0030612,1,ortholog_one2one
LOC6896675,CG33920,FBgn0053920,0,ortholog_one2one
LOC6901382,CG15740,FBgn0030340,0,ortholog_one2one
LOC4816150,CG32982,FBgn0052982,1,ortholog_one2one
LOC6899618,ARY,FBgn0058064,0,ortholog_one2one
LOC117184427,CG32236,FBgn0046793,1,ortholog_one2one
LOC6903547,CG42819,FBgn0262001,1,ortholog_one2one
LOC4803643,Gdap2,FBgn0042135,1,ortholog_one2one
LOC4802970,CG11286,FBgn0037516,1,ortholog_one2one
LOC4805530,CG9394,FBgn0034588,1,ortholog_one2one
LOC26533837,CG5245,FBgn0038047,0,ortholog_one2many
LOC4801510,CG8478,FBgn0037746,1,ortholog_one2one
LOC117183714,CG13324,FBgn0033789,1,ortholog_many2many
LOC117183714,CG13323,FBgn0033788,1,ortholog_many2many
LOC4803945,hui,FBgn0033968,1,ortholog_one2one
LOC4814833,TH1,FBgn0010416,1,ortholog_one2one
LOC4811783,Actbeta,FBgn0024913,1,ortholog_one2one
LOC4803227,TkR86C,FBgn0004841,1,ortholog_one2one
LOC4805400,CG13196,FBgn0033645,1,ortholog_one2one
LOC4805619,betaTub60D,FBgn0288686,1,ortholog_one2one
LOC4814149,CG15213,FBgn0040843,1,ortholog_one2one
LOC4812665,Sqor,FBgn0035515,1,ortholog_one2one
LOC6897403,CG17568,FBgn0032763,0,ortholog_one2one
LOC4804827,Strica,FBgn0033051,1,ortholog_one2one
LOC6897176,CG7966,FBgn0038115,1,ortholog_one2one
LOC4803121,Ak3,FBgn0042094,1,ortholog_one2one
LOC4801371,beta4GalT7,FBgn0039258,1,ortholog_one2one
LOC4811787,Sox102F,FBgn0039938,1,ortholog_one2one
LOC4817902,stc,FBgn0001978,1,ortholog_one2one
LOC6898393,eEF1beta,FBgn0028737,1,ortholog_one2many
LOC4802041,RpL13A,FBgn0037351,1,ortholog_one2one
LOC4817201,Apoltp,FBgn0032136,1,ortholog_one2one
LOC4814650,Btnd,FBgn0029848,1,ortholog_one2one
LOC4803065,CG17193,FBgn0040571,0,ortholog_one2one
LOC6900234,CG34256,FBgn0085285,1,ortholog_one2one
LOC4803782,CG4945,FBgn0034137,1,ortholog_one2one
LOC4801935,FeCH,FBgn0266268,1,ortholog_one2one
LOC6896965,CG7029,FBgn0039026,0,ortholog_one2one
LOC4816194,CG31729,FBgn0051729,0,ortholog_one2one
LOC4800244,lili,FBgn0027539,1,ortholog_one2one
LOC4812904,Sec63,FBgn0035771,1,ortholog_one2many
LOC4805556,CG9849,FBgn0034803,1,ortholog_one2one
LOC4800657,Mtl,FBgn0039532,1,ortholog_one2one
LOC4814134,Gr66a,FBgn0035870,1,ortholog_one2one
LOC4804560,RpLP0-like,FBgn0033485,1,ortholog_one2one
LOC4804383,cid,FBgn0040477,1,ortholog_one2one
LOC4817452,SmE,FBgn0261790,1,ortholog_one2one
LOC4817778,mRpL4,FBgn0001995,1,ortholog_one2one
LOC6899894,Syt7,FBgn0039900,0,ortholog_one2one
LOC6903079,CG14401,FBgn0032900,1,ortholog_one2one
LOC26532788,CG43088,FBgn0262534,0,ortholog_one2one
LOC4814952,CG3526,FBgn0040355,0,ortholog_one2many
LOC4804135,U2A,FBgn0033210,1,ortholog_one2one
LOC4812957,CG14174,FBgn0036036,1,ortholog_one2one
LOC4817055,Ttc19,FBgn0032744,1,ortholog_one2one
LOC4815108,CG5254,FBgn0040383,0,ortholog_one2one
LOC4815149,SdhBL,FBgn0030975,1,ortholog_one2one
LOC6896780,CG34296,FBgn0085325,1,ortholog_one2one
LOC4805699,Fbxo42,FBgn0034704,1,ortholog_one2one
LOC4802324,CG14877,FBgn0038380,1,ortholog_one2one
LOC4812258,CG8519,FBgn0035711,1,ortholog_one2one
LOC117184565,CG13465,FBgn0040809,1,ortholog_many2many
LOC117184565,BobA,FBgn0040487,1,ortholog_many2many
LOC4818141,Hakai,FBgn0032812,0,ortholog_one2one
LOC4801690,sba,FBgn0016754,1,ortholog_one2one
LOC4814932,rux,FBgn0003302,1,ortholog_one2one
LOC4817094,Sirup,FBgn0031971,1,ortholog_one2one
LOC4814733,CG6867,FBgn0030887,1,ortholog_one2one
LOC4815827,CG15369,FBgn0030105,1,ortholog_one2one
LOC6901853,Hmt4-20,FBgn0025639,1,ortholog_one2one
LOC6900541,Fum3,FBgn0036162,0,ortholog_one2one
LOC4812588,RhoGEF4,FBgn0035761,1,ortholog_one2one
LOC6896697,PH4alphaNE3,FBgn0051017,1,ortholog_one2many
LOC4813179,CG6833,FBgn0036405,1,ortholog_one2one
LOC4812706,CG13312,FBgn0035931,1,ortholog_one2one
LOC6903296,Ugt307A1,FBgn0031887,1,ortholog_one2one
LOC4811754,MSBP,FBgn0030703,0,ortholog_one2one
LOC4801794,Spps,FBgn0039169,1,ortholog_one2one
LOC4813194,IleRS-m,FBgn0036569,1,ortholog_one2one
LOC4802483,CG1161,FBgn0037313,1,ortholog_one2one
LOC4811665,sun,FBgn0014391,0,ortholog_one2one
LOC4802219,CG14540,FBgn0039398,1,ortholog_one2one
LOC4817713,c(2)M,FBgn0028525,1,ortholog_one2one
LOC6903472,CG8728,FBgn0033235,0,ortholog_one2many
LOC4813993,CG32040,FBgn0052040,1,ortholog_one2one
LOC4816287,CG4161,FBgn0028892,1,ortholog_one2one
LOC4800588,CG31457,FBgn0051457,1,ortholog_one2one
LOC4814136,Cdc5,FBgn0265574,0,ortholog_one2one
LOC4803894,Arc2,FBgn0033928,0,ortholog_one2one
LOC4818028,CG11629,FBgn0032965,0,ortholog_one2one
LOC4815828,CG9514,FBgn0030592,1,ortholog_one2one
LOC4801184,CG13972,FBgn0039522,1,ortholog_one2one
LOC4803117,CG14695,FBgn0037850,1,ortholog_one2many
LOC26532175,Muc96D,FBgn0051439,0,ortholog_one2one
LOC4801969,Atg16,FBgn0039705,0,ortholog_one2one
LOC6898149,Cyp4e1,FBgn0015034,1,ortholog_many2many
LOC6898149,Cyp4e2,FBgn0014469,1,ortholog_many2many
LOC4812728,Zasp66,FBgn0035917,1,ortholog_one2one
LOC4803830,CG43326,FBgn0263031,1,ortholog_one2one
LOC6898040,CG7488,FBgn0038106,0,ortholog_one2one
LOC4813765,msl-3,FBgn0002775,1,ortholog_one2one
LOC6896742,Rad17,FBgn0025808,0,ortholog_one2one
LOC4814281,CG15046,FBgn0030927,1,ortholog_one2one
LOC6902132,Pstk,FBgn0031041,1,ortholog_one2one
LOC4801992,Ir87a,FBgn0038153,1,ortholog_one2one
LOC4801103,Gp93,FBgn0039562,1,ortholog_one2one
LOC4801547,KaiR1D,FBgn0038837,1,ortholog_one2one
LOC6898698,CG33679,FBgn0053679,0,ortholog_one2one
LOC6902298,Chsy,FBgn0030662,0,ortholog_one2one
LOC6897155,Fancm,FBgn0038889,1,ortholog_one2one
LOC4817668,CG15147,FBgn0032654,1,ortholog_one2one
LOC4814165,Yod1,FBgn0035593,1,ortholog_one2one
LOC4814816,Mer,FBgn0086384,1,ortholog_one2one
LOC4804962,Obp56e,FBgn0034471,1,ortholog_one2one
LOC4812686,CG16719,FBgn0036029,1,ortholog_one2many
LOC6897148,TwdlR,FBgn0051081,1,ortholog_one2one
LOC4800324,Sap-r,FBgn0000416,1,ortholog_one2one
LOC117185659,CG44090,FBgn0264899,1,ortholog_one2one
LOC6897801,CG40045,FBgn0058045,0,ortholog_one2one
LOC4815315,Mec2,FBgn0030993,1,ortholog_one2one
LOC4813075,HIPP1,FBgn0037027,1,ortholog_one2one
LOC6903558,CG43783,FBgn0264305,0,ortholog_one2many
LOC4814129,Tcs5,FBgn0035590,1,ortholog_one2one
LOC4816514,CG14043,FBgn0031659,1,ortholog_one2one
LOC6903103,CG43233,FBgn0262878,1,ortholog_one2one
LOC4813243,CG10973,FBgn0036306,1,ortholog_one2one
LOC4801624,CG3199,FBgn0038210,0,ortholog_one2one
LOC4805002,rnh1,FBgn0023171,1,ortholog_one2one
LOC4812509,CG3408,FBgn0036008,1,ortholog_one2one
LOC4804055,CG18190,FBgn0034403,1,ortholog_one2one
LOC4815573,CG14778,FBgn0029580,1,ortholog_one2one
LOC4817133,CG10336,FBgn0032698,1,ortholog_one2one
LOC4801226,wda,FBgn0039067,1,ortholog_one2one
LOC4804512,Drep2,FBgn0028408,1,ortholog_one2one
LOC4802982,CG18268,FBgn0037520,1,ortholog_one2one
LOC4815218,Trf4-1,FBgn0030049,1,ortholog_one2one
LOC6902571,CG18284,FBgn0043825,0,ortholog_many2many
LOC6902571,CG31872,FBgn0051872,0,ortholog_many2many
LOC6902571,CG17097,FBgn0265264,0,ortholog_many2many
LOC5384075,AOX4,FBgn0038350,1,ortholog_many2many
LOC5384075,AOX3,FBgn0038349,1,ortholog_many2many
LOC4805110,CG12384,FBgn0033624,1,ortholog_one2one
LOC6902633,CG6788,FBgn0030880,0,ortholog_one2many
LOC4814546,Coq5,FBgn0030460,1,ortholog_one2one
LOC6900588,ssp2,FBgn0036389,1,ortholog_one2one
LOC4818171,CG1421,FBgn0032966,1,ortholog_one2one
LOC4816811,Myo28B1,FBgn0040299,1,ortholog_one2one
LOC4816767,OS9,FBgn0042129,1,ortholog_one2one
LOC6897499,Prosbeta2R2,FBgn0037296,0,ortholog_one2many
LOC117183968,MED7,FBgn0051390,1,ortholog_one2many
LOC6903174,CG14340,FBgn0031302,1,ortholog_one2one
LOC4800299,Cad99C,FBgn0039709,1,ortholog_one2one
LOC26534447,Cen,FBgn0032876,0,ortholog_one2one
LOC4804833,BubR1,FBgn0263855,1,ortholog_one2one
LOC4801831,Sgsh,FBgn0038660,1,ortholog_one2one
LOC4804443,CG5335,FBgn0034365,1,ortholog_one2one
LOC4818097,tplus3b,FBgn0051703,0,ortholog_one2many
LOC4818097,tplus3a,FBgn0051702,0,ortholog_one2many
LOC4813543,IntS9,FBgn0036570,1,ortholog_one2one
LOC6903240,CG5245,FBgn0038047,0,ortholog_one2many
LOC6898231,CG44245,FBgn0265180,1,ortholog_one2one
LOC4805449,CG3511,FBgn0035027,1,ortholog_many2many
LOC6898627,CG34223,FBgn0085252,1,ortholog_one2one
LOC4813191,Sh3beta,FBgn0035772,1,ortholog_one2one
LOC4815687,swa,FBgn0003655,0,ortholog_one2one
LOC4803423,PGAP3,FBgn0033088,1,ortholog_one2one
LOC4818169,Peritrophin-15b,FBgn0040958,1,ortholog_one2one
LOC4811775,Asator,FBgn0039908,1,ortholog_many2many
LOC6896963,klg,FBgn0017590,1,ortholog_one2one
LOC4811697,AsnRS,FBgn0086443,1,ortholog_one2one
LOC4814543,baz,FBgn0000163,1,ortholog_one2one
LOC26532882,btl,FBgn0285896,1,ortholog_one2one
LOC6900388,Arf1,FBgn0010348,0,ortholog_one2many
LOC117184538,CRIF,FBgn0037102,1,ortholog_one2one
LOC13036427,Oamb,FBgn0024944,1,ortholog_one2one
LOC4813827,gogo,FBgn0052227,1,ortholog_one2one
LOC4801697,spg,FBgn0264324,0,ortholog_one2one
LOC6900836,CG10969,FBgn0036310,0,ortholog_one2one
LOC6900793,CG16775,FBgn0036767,1,ortholog_one2many
LOC4801571,mbc,FBgn0015513,1,ortholog_many2many
LOC4812985,INPP5E,FBgn0036273,1,ortholog_one2one
LOC26532247,alpha4GT1,FBgn0031491,1,ortholog_one2many
LOC4812128,kri,FBgn0035639,1,ortholog_one2one
LOC15382870,BomS6,FBgn0040733,1,ortholog_one2one
LOC4811817,TTLL5,FBgn0051108,1,ortholog_one2many
LOC6901054,Ptpmeg2,FBgn0028341,1,ortholog_one2one
LOC4802669,CG4743,FBgn0039357,1,ortholog_one2one
LOC6903026,CG43725,FBgn0263971,1,ortholog_one2one
LOC4800315,CG15544,FBgn0039804,1,ortholog_one2one
LOC4801943,Afti,FBgn0038223,1,ortholog_one2one
LOC4804457,qkr58E-2,FBgn0022985,1,ortholog_one2one
LOC4813941,Jon66Ci,FBgn0035886,1,ortholog_one2one
LOC4803154,CG17721,FBgn0037885,1,ortholog_one2one
LOC26533200,Sirt6,FBgn0037802,0,ortholog_one2one
LOC6900890,Csas,FBgn0052220,0,ortholog_one2one
LOC6903428,CG16852,FBgn0028942,1,ortholog_one2many
LOC4818001,step,FBgn0086779,1,ortholog_one2one
LOC4802875,CG8927,FBgn0038405,1,ortholog_one2one
LOC4817174,CG43755,FBgn0264086,1,ortholog_one2one
LOC26532847,CG42654,FBgn0261506,1,ortholog_one2one
LOC6903104,CG7367,FBgn0031976,1,ortholog_one2one
LOC4801995,side-IV,FBgn0038156,1,ortholog_one2one
LOC4815774,CG9673,FBgn0030775,1,ortholog_one2one
LOC6900048,CG32248,FBgn0052248,1,ortholog_one2one
LOC4801237,VhaAC39-2,FBgn0039058,1,ortholog_one2one
LOC6900073,CG17030,FBgn0035584,1,ortholog_one2one
LOC4814071,CG12084,FBgn0043458,1,ortholog_one2one
LOC6896686,CG12071,FBgn0039808,1,ortholog_one2one
LOC4812895,sens,FBgn0002573,1,ortholog_one2one
LOC4802621,CG4115,FBgn0038017,1,ortholog_one2one
LOC4804708,Usp15-31,FBgn0050421,1,ortholog_one2one
LOC4812770,CG8993,FBgn0035334,1,ortholog_one2one
LOC6897554,TfIIFalpha,FBgn0010282,1,ortholog_one2many
LOC6903978,mRpL33,FBgn0040907,0,ortholog_one2many
LOC4817796,RpL7-like,FBgn0032404,1,ortholog_one2one
LOC4812419,ICA69,FBgn0037050,0,ortholog_one2one
LOC4816463,CG31917,FBgn0031668,1,ortholog_one2one
LOC4817108,TM9SF2,FBgn0032880,1,ortholog_one2one
LOC4816300,CG18095,FBgn0028872,1,ortholog_one2one
LOC6896970,Act88F,FBgn0000047,1,ortholog_one2one
LOC6897109,CG31418,FBgn0051418,1,ortholog_one2many
LOC6897109,CG31419,FBgn0051419,1,ortholog_one2many
LOC6900482,tral,FBgn0041775,1,ortholog_one2one
LOC4816337,CG8245,FBgn0033031,0,ortholog_one2one
LOC117185142,Su(var)3-3,FBgn0260397,1,ortholog_one2many
LOC6902447,CG12123,FBgn0030039,0,ortholog_one2many
LOC4804387,mEFTu1,FBgn0024556,1,ortholog_one2one
LOC6898971,Nurf-38,FBgn0016687,1,ortholog_one2one
LOC4815236,CG44422,FBgn0265595,1,ortholog_one2one
LOC6903241,CG5245,FBgn0038047,0,ortholog_one2many
LOC4804296,Rsph4a,FBgn0034957,1,ortholog_one2one
LOC4817792,ft,FBgn0001075,1,ortholog_one2one
LOC4817227,tkv,FBgn0003716,1,ortholog_one2one
LOC4812286,unc-13-4A,FBgn0035756,1,ortholog_one2one
LOC4813614,CG17364,FBgn0036391,1,ortholog_one2one
LOC4803771,CG30392,FBgn0050392,1,ortholog_one2one
LOC4817432,CG7203,FBgn0031942,1,ortholog_one2one
LOC6896776,CG11470,FBgn0039671,1,ortholog_one2one
LOC4803675,Vha36-2,FBgn0033706,1,ortholog_one2one
LOC4803391,Ssrp,FBgn0010278,1,ortholog_one2one
LOC6902723,Sos,FBgn0001965,1,ortholog_one2one
LOC4816274,Cpr65Eb,FBgn0035736,0,ortholog_one2many
LOC4813641,Sod1,FBgn0003462,1,ortholog_one2one
LOC4804972,CG11041,FBgn0034481,1,ortholog_one2one
LOC4818137,yellow-c,FBgn0041713,1,ortholog_one2one
LOC4814879,PIG-Q,FBgn0086448,1,ortholog_one2one
LOC4805618,slbo,FBgn0005638,1,ortholog_one2one
LOC6902765,CG13539,FBgn0034833,0,ortholog_one2one
LOC4803128,Ugt302K1,FBgn0040251,1,ortholog_one2one
LOC6901384,CG45072,FBgn0266442,0,ortholog_one2many
LOC4816167,Tsp29Fa,FBgn0032074,1,ortholog_one2one
LOC26533744,Mgat4a,FBgn0036446,1,ortholog_one2one
LOC4812931,Usp10,FBgn0052479,1,ortholog_one2one
LOC4814396,AANATL7,FBgn0040376,1,ortholog_one2one
LOC6897405,CG10139,FBgn0033951,0,ortholog_one2one
LOC4815533,CG15728,FBgn0030409,1,ortholog_one2one
LOC4816318,CG16890,FBgn0028932,1,ortholog_one2one
LOC4805565,Mlf,FBgn0034051,1,ortholog_one2one
LOC4812436,sturkopf,FBgn0035206,1,ortholog_one2one
LOC4804848,CG7791,FBgn0033038,1,ortholog_one2one
LOC4817518,CG31933,FBgn0051933,0,ortholog_one2many
LOC4803101,CG4338,FBgn0038313,1,ortholog_one2one
LOC4816386,CG16974,FBgn0032479,1,ortholog_one2one
LOC4814116,Setx,FBgn0035842,1,ortholog_one2many
LOC4812114,DnaJ-1,FBgn0263106,0,ortholog_one2one
LOC6899195,ArgRS,FBgn0027093,1,ortholog_one2many
LOC4816885,CG3662,FBgn0031285,1,ortholog_one2one
LOC4814891,CG43759,FBgn0264090,1,ortholog_one2one
LOC4812075,kni,FBgn0001320,1,ortholog_one2one
LOC4803957,Cpsf160,FBgn0024698,1,ortholog_one2one
LOC4816185,Wee1,FBgn0011737,1,ortholog_one2one
LOC4804421,Lrt,FBgn0034540,0,ortholog_one2one
LOC4817952,CG9377,FBgn0032507,1,ortholog_one2one
LOC26533253,CG14664,FBgn0040682,0,ortholog_one2one
LOC4802023,p,FBgn0086679,1,ortholog_one2one
LOC4816537,nht,FBgn0041103,1,ortholog_one2one
LOC4817512,CG17712,FBgn0027597,1,ortholog_one2one
LOC4803570,Dolk,FBgn0034141,0,ortholog_one2one
LOC6898070,CG34214,FBgn0085243,0,ortholog_one2one
LOC6899744,Lrp4,FBgn0030706,0,ortholog_one2one
LOC4813062,Pfdn2,FBgn0010741,0,ortholog_one2one
LOC4815209,CG12662,FBgn0030074,1,ortholog_one2one
LOC4801781,TBC1d7,FBgn0039158,1,ortholog_one2one
LOC4816208,Sema1a,FBgn0011259,1,ortholog_one2one
LOC4801746,CG31140,FBgn0051140,1,ortholog_one2one
LOC4814197,CG4872,FBgn0030799,1,ortholog_one2one
LOC4813087,CG5883,FBgn0036225,1,ortholog_one2one
LOC6898437,CG10073,FBgn0034440,0,ortholog_one2many
LOC4814171,UbcE2M,FBgn0035853,1,ortholog_one2one
LOC6899900,CG43330,FBgn0263035,1,ortholog_one2one
LOC4805389,CG46491,FBgn0287631,1,ortholog_one2one
LOC6901860,CG17707,FBgn0025835,1,ortholog_one2one
LOC4805004,MFS12,FBgn0033234,1,ortholog_one2one
LOC6902320,SLIRP1,FBgn0064117,1,ortholog_one2one
LOC4803758,Ntan1,FBgn0034371,0,ortholog_one2one
LOC6900427,Spn77Ba,FBgn0262057,1,ortholog_one2many
LOC6900427,Spn77Bc,FBgn0036970,1,ortholog_one2many
LOC6900427,Spn77Bb,FBgn0036969,0,ortholog_one2many
LOC4812047,Pgant6,FBgn0035375,1,ortholog_one2one
LOC6903523,RfC3,FBgn0032244,0,ortholog_one2one
LOC4813254,CG7252,FBgn0036226,1,ortholog_one2many
LOC117185202,NO66,FBgn0266570,0,ortholog_one2many
LOC4804434,Hil,FBgn0050147,1,ortholog_one2one
LOC4815518,CG15646,FBgn0030665,0,ortholog_many2many
LOC4815518,CG12708,FBgn0030666,1,ortholog_many2many
LOC6900875,Cpr78Cb,FBgn0037068,1,ortholog_one2one
LOC4803879,phyl,FBgn0013725,1,ortholog_one2one
LOC13036429,CG34303,FBgn0085332,1,ortholog_one2one
LOC4802494,Kat60,FBgn0040208,1,ortholog_one2one
LOC4803558,CG3770,FBgn0035085,1,ortholog_one2one
LOC4803343,CG4734,FBgn0033826,1,ortholog_one2one
LOC4813956,Rpn10,FBgn0015283,1,ortholog_one2one
LOC4813182,Krn,FBgn0052179,1,ortholog_one2one
LOC4812537,scf,FBgn0025682,1,ortholog_one2many
LOC4811703,Zyx,FBgn0011642,1,ortholog_one2one
LOC6897373,CG9286,FBgn0038183,1,ortholog_one2one
LOC4804086,magu,FBgn0262169,1,ortholog_one2one
LOC4812519,Oat,FBgn0022774,1,ortholog_one2one
LOC4814486,Or9a,FBgn0030204,1,ortholog_one2one
LOC4805081,ana2,FBgn0027513,1,ortholog_one2one
LOC4815107,Cmtr1,FBgn0029693,1,ortholog_one2one
LOC6902645,Rbp9,FBgn0010263,1,ortholog_one2one
LOC13036497,hemo,FBgn0262823,1,ortholog_one2one
LOC4803362,scb,FBgn0286785,1,ortholog_one2many
LOC4803362,ItgaPS4,FBgn0034005,1,ortholog_one2many
LOC4803362,ItgaPS5,FBgn0034880,0,ortholog_one2many
LOC4817567,CG15435,FBgn0031608,1,ortholog_one2one
LOC4814034,Fife,FBgn0264606,0,ortholog_one2one
LOC4812026,CG15020,FBgn0035543,1,ortholog_one2one
LOC4800794,CG12783,FBgn0038448,1,ortholog_one2one
LOC6900296,brm,FBgn0000212,1,ortholog_many2many
LOC4804083,COX7C,FBgn0040773,1,ortholog_one2one
LOC4805310,CG12325,FBgn0033557,1,ortholog_one2one
LOC6898541,dom,FBgn0020306,0,ortholog_one2one
LOC4814683,ase,FBgn0000137,1,ortholog_one2one
LOC4817087,escl,FBgn0032391,1,ortholog_one2one
LOC4802838,CG6923,FBgn0037944,1,ortholog_one2one
LOC4804775,spab,FBgn0033358,1,ortholog_one2one
LOC4802500,CG12590,FBgn0037294,0,ortholog_one2one
LOC6902032,BigH1,FBgn0038252,0,ortholog_one2one
LOC6901055,CG3106,FBgn0030148,1,ortholog_one2one
LOC4805152,Syngr,FBgn0033876,1,ortholog_one2one
LOC4803358,ND-51L2,FBgn0034007,1,ortholog_one2one
LOC4805741,CG8204,FBgn0034033,1,ortholog_one2one
LOC6900764,CG12289,FBgn0036160,1,ortholog_one2one
LOC4801636,CG12402,FBgn0038202,1,ortholog_one2one
LOC4804261,CG9416,FBgn0034438,1,ortholog_one2one
LOC117183162,CG12868,FBgn0033945,1,ortholog_one2many
LOC4817762,CG5708,FBgn0032196,0,ortholog_one2one
LOC6903205,CG7420,FBgn0031344,1,ortholog_one2many
LOC4811779,Abcd1,FBgn0039890,1,ortholog_one2one
LOC6897751,smash,FBgn0263346,1,ortholog_one2one
LOC4814656,Uba5,FBgn0030305,1,ortholog_one2one
LOC4817413,brwl,FBgn0032130,1,ortholog_one2one
LOC4812382,UQCR-C2,FBgn0250814,1,ortholog_one2many
LOC4800790,CG46467,FBgn0287598,1,ortholog_one2one
LOC6897625,Mms19,FBgn0037301,1,ortholog_one2one
LOC6900826,CG42495,FBgn0260027,1,ortholog_one2one
LOC4814248,ZAP3,FBgn0052685,1,ortholog_one2one
LOC4816142,Gas41,FBgn0031873,1,ortholog_one2one
LOC4818194,l(2)05287,FBgn0284251,1,ortholog_one2one
LOC6897407,awd,FBgn0000150,1,ortholog_one2one
LOC4801617,CG9624,FBgn0038213,1,ortholog_one2one
LOC6902708,Ance-2,FBgn0032535,1,ortholog_one2many
LOC4804609,rib,FBgn0003254,0,ortholog_one2one
LOC4801537,Alp5,FBgn0038845,1,ortholog_one2one
LOC26533006,CG44004,FBgn0264746,1,ortholog_one2many
LOC26533006,CG44006,FBgn0264748,1,ortholog_one2many
LOC26533006,CG44005,FBgn0264747,1,ortholog_one2many
LOC6896695,PH4alphaNE3,FBgn0051017,1,ortholog_one2many
LOC4804165,CG4630,FBgn0033809,1,ortholog_one2one
LOC4801618,CG9631,FBgn0027563,1,ortholog_one2one
LOC6897855,rn,FBgn0267337,1,ortholog_one2one
LOC4803250,Ino80,FBgn0289122,1,ortholog_one2one
LOC4803004,M1BP,FBgn0037621,1,ortholog_one2one
LOC6903619,sordd1,FBgn0030693,0,ortholog_one2many
LOC6903619,sordd2,FBgn0052581,0,ortholog_one2many
LOC4812928,mu2,FBgn0002872,1,ortholog_one2many
LOC6902623,sick,FBgn0263873,0,ortholog_one2one
LOC4811932,CG11367,FBgn0037185,1,ortholog_one2one
LOC26532954,CG32801,FBgn0052801,1,ortholog_one2one
LOC6901084,unc,FBgn0003950,1,ortholog_one2one
LOC15382895,Or56a,FBgn0034473,1,ortholog_one2many
LOC4800664,Hsdl2,FBgn0039537,1,ortholog_one2one
LOC6901388,CG18262,FBgn0030012,1,ortholog_one2one
LOC4815605,kek5,FBgn0031016,0,ortholog_one2one
LOC4803518,CG5339,FBgn0034925,1,ortholog_one2one
LOC6901452,Meics,FBgn0025874,0,ortholog_many2many
LOC4816904,CG6739,FBgn0031926,1,ortholog_one2one
LOC4803837,RYBP,FBgn0034763,1,ortholog_one2one
LOC4805183,Rab32,FBgn0002567,1,ortholog_one2one
LOC4803270,CG7342,FBgn0038716,1,ortholog_one2one
LOC6898228,CG44434,FBgn0265626,0,ortholog_one2one
LOC4801096,CG4849,FBgn0039566,1,ortholog_one2one
LOC6900952,Best2,FBgn0035696,1,ortholog_one2one
LOC4804173,Inos,FBgn0025885,0,ortholog_one2one
LOC6902130,CG14219,FBgn0031033,1,ortholog_many2many
LOC6902130,CG14205,FBgn0031034,0,ortholog_many2many
LOC6901600,CG7744,FBgn0034447,0,ortholog_one2one
LOC4816224,CG9287,FBgn0032057,1,ortholog_one2one
LOC4814937,vnd,FBgn0261930,1,ortholog_one2one
LOC4815795,CG6294,FBgn0030640,1,ortholog_one2one
LOC4814188,mRRF1,FBgn0035980,1,ortholog_one2one
LOC4815576,CG11409,FBgn0024366,1,ortholog_one2one
LOC6897917,CG34316,FBgn0085345,1,ortholog_one2one
LOC4811971,CG10486,FBgn0035647,1,ortholog_one2one
LOC4803599,CSN7,FBgn0028836,1,ortholog_one2one
LOC6900554,dre4,FBgn0002183,1,ortholog_one2one
LOC4805092,Lac,FBgn0010238,1,ortholog_one2one
LOC4800500,dmrt99B,FBgn0039683,1,ortholog_one2one
LOC4801771,GatB,FBgn0039153,1,ortholog_one2one
LOC4811996,CG14130,FBgn0036210,0,ortholog_one2one
LOC6902326,Mnr,FBgn0052521,1,ortholog_one2one
LOC6903311,TfIIB,FBgn0004915,0,ortholog_one2one
LOC4816130,CG16825,FBgn0032503,1,ortholog_one2one
LOC4812002,CG42272,FBgn0259167,1,ortholog_one2one
LOC4818131,CG9536,FBgn0031818,1,ortholog_one2one
LOC6900002,Hsc20,FBgn0263606,1,ortholog_one2one
LOC4804973,CG16894,FBgn0034483,1,ortholog_one2one
LOC4814627,Tim8,FBgn0027359,1,ortholog_one2many
LOC4816611,COX4,FBgn0032833,1,ortholog_one2one
LOC6903446,CG16956,FBgn0032523,1,ortholog_one2one
LOC4802842,CG12594,FBgn0037941,1,ortholog_one2one
LOC4805079,DCTN2-p50,FBgn0021825,1,ortholog_one2one
LOC4803295,dmrt93B,FBgn0038851,1,ortholog_one2one
LOC4803507,CG5569,FBgn0034919,1,ortholog_one2one
LOC4815359,Hex-A,FBgn0001186,0,ortholog_one2one
LOC6902390,spi,FBgn0005672,1,ortholog_one2one
LOC4804483,CG9815,FBgn0034861,1,ortholog_one2one
LOC4802683,CG14325,FBgn0038531,1,ortholog_one2one
LOC4805614,Slik,FBgn0035001,1,ortholog_one2one
LOC6899108,gom,FBgn0029084,1,ortholog_one2one
LOC6897297,mats,FBgn0038965,1,ortholog_one2one
LOC4801861,Tmlh,FBgn0038795,1,ortholog_one2one
LOC26533400,Muc12Ea,FBgn0052602,1,ortholog_one2one
LOC4802382,eIF1A,FBgn0026250,1,ortholog_one2one
LOC6902804,Sf3b1,FBgn0031266,1,ortholog_one2one
LOC4815018,CG2145,FBgn0030251,1,ortholog_one2one
LOC4804140,Rep,FBgn0026378,0,ortholog_one2one
LOC6900247,pip,FBgn0003089,1,ortholog_one2one
LOC6900087,Rcc1,FBgn0002638,0,ortholog_one2one
LOC4814005,Ac78C,FBgn0024150,0,ortholog_one2one
LOC4818108,B9d2,FBgn0261683,0,ortholog_one2one
LOC6902715,GatC,FBgn0064115,1,ortholog_one2one
LOC4814297,CG13760,FBgn0040375,1,ortholog_one2one
LOC4817350,CG4017,FBgn0032143,1,ortholog_one2one
LOC4802837,Lk6,FBgn0017581,1,ortholog_one2one
LOC4813498,eyg,FBgn0000625,1,ortholog_one2one
LOC4817463,CG15160,FBgn0032688,1,ortholog_one2one
LOC6898108,Incenp,FBgn0260991,1,ortholog_one2many
LOC4805115,CG1827,FBgn0033431,1,ortholog_one2one
LOC4802144,nAChRbeta2,FBgn0004118,1,ortholog_one2one
LOC4804733,Cpr47Eb,FBgn0033598,1,ortholog_one2one
LOC6903283,CG31898,FBgn0051898,0,ortholog_one2one
LOC4804253,fest,FBgn0034435,1,ortholog_one2one
LOC117185158,CycD,FBgn0010315,0,ortholog_one2many
LOC4817797,JhI-21,FBgn0028425,1,ortholog_one2one
LOC6897878,sgll,FBgn0051472,1,ortholog_one2one
LOC6898058,CG8229,FBgn0033356,1,ortholog_one2one
LOC117184919,CycJ,FBgn0010317,1,ortholog_one2many
LOC4812977,CG42553,FBgn0260755,1,ortholog_one2one
LOC4805211,CG11298,FBgn0034721,1,ortholog_one2one
LOC4801457,CG15803,FBgn0038606,1,ortholog_one2one
LOC4813714,CG14837,FBgn0035797,1,ortholog_one2one
LOC4814189,Pdxk,FBgn0085484,1,ortholog_one2one
LOC4816034,CG2652,FBgn0025838,1,ortholog_one2one
LOC4800913,CG6688,FBgn0039038,1,ortholog_one2one
LOC6897459,CG11791,FBgn0039266,0,ortholog_one2one
LOC4812569,CG13033,FBgn0036638,1,ortholog_one2one
LOC6902595,clumsy,FBgn0026255,0,ortholog_one2one
LOC4801283,CG8630,FBgn0038130,1,ortholog_one2one
LOC6902343,Aasdh,FBgn0027780,0,ortholog_one2one
LOC4803087,CG31344,FBgn0051344,1,ortholog_one2one
LOC4803689,Tim10,FBgn0027360,1,ortholog_one2one
LOC4803377,CG8407,FBgn0033687,1,ortholog_one2one
LOC6898899,Lsp2,FBgn0002565,0,ortholog_one2one
LOC4813409,Ir68b,FBgn0036250,0,ortholog_one2one
LOC4815635,Ankle2,FBgn0028343,1,ortholog_one2one
LOC6897901,Fur1,FBgn0004509,0,ortholog_one2one
LOC4801409,CG7518,FBgn0038108,0,ortholog_one2one
LOC4804887,Hao,FBgn0061356,1,ortholog_one2one
LOC4801947,Dnaaf5,FBgn0288976,1,ortholog_one2one
LOC4811893,mthl8,FBgn0052475,1,ortholog_one2one
LOC4817397,CG13127,FBgn0032176,1,ortholog_one2one
LOC15382892,CG30323,FBgn0050323,1,ortholog_one2one
LOC6897168,Cnep1r2,FBgn0036090,0,ortholog_one2many
LOC6902347,CG17375,FBgn0031861,1,ortholog_one2one
LOC6902658,Nil,FBgn0039421,0,ortholog_one2one
LOC4802533,Rlb1,FBgn0014022,1,ortholog_one2one
LOC6896948,Cyp313a4,FBgn0038076,1,ortholog_one2many
LOC4816263,CG18661,FBgn0040964,0,ortholog_one2one
LOC4813506,CG13810,FBgn0035313,1,ortholog_one2one
LOC4805278,Sdc,FBgn0010415,1,ortholog_one2one
LOC4805245,CG18735,FBgn0042098,1,ortholog_one2one
LOC4800754,CG14244,FBgn0040607,0,ortholog_one2one
LOC13036329,CG42633,FBgn0261356,1,ortholog_one2one
LOC4803022,CG9839,FBgn0037633,1,ortholog_one2one
LOC4803384,Iswi,FBgn0011604,1,ortholog_one2one
LOC4803939,APC10,FBgn0034231,1,ortholog_one2one
GeneID_44805041,mt:ND1,FBgn0013679,1,ortholog_one2one
LOC4813294,Alp9,FBgn0035620,1,ortholog_one2one
LOC4817546,CG3544,FBgn0031279,1,ortholog_one2one
LOC4811956,CG9705,FBgn0036661,1,ortholog_one2one
LOC6898690,CG34231,FBgn0085260,1,ortholog_one2one
LOC4805509,Prosalpha3,FBgn0261394,1,ortholog_one2one
LOC4814538,Klp3A,FBgn0011606,1,ortholog_one2many
LOC6897482,CG13614,FBgn0039194,1,ortholog_one2one
LOC4811807,myo,FBgn0026199,1,ortholog_one2one
LOC6902206,CG5541,FBgn0030603,1,ortholog_one2one
LOC6903318,CG17684,FBgn0263780,0,ortholog_one2one
LOC6897965,wrd,FBgn0042693,1,ortholog_one2one
LOC6897601,Hcs,FBgn0037332,1,ortholog_one2one
LOC4813741,U4-U6-60K,FBgn0036733,0,ortholog_one2one
LOC4800246,Sry-delta,FBgn0003512,1,ortholog_one2one
LOC6897794,FASN3,FBgn0287184,0,ortholog_one2one
LOC4804942,Ir56b,FBgn0034456,1,ortholog_one2one
LOC4812094,Oseg4,FBgn0035264,1,ortholog_one2one
LOC13036506,CG42446,FBgn0259917,1,ortholog_one2one
LOC4817343,CG3246,FBgn0031538,1,ortholog_one2one
LOC4803392,CG5543,FBgn0034908,1,ortholog_one2one
LOC4813231,ect,FBgn0000451,1,ortholog_one2one
LOC4812303,CG11396,FBgn0037022,1,ortholog_one2one
LOC4814098,Vps8,FBgn0035704,1,ortholog_one2one
LOC4802933,CG14606,FBgn0037485,1,ortholog_one2one
LOC4800521,Hug,FBgn0028374,1,ortholog_one2one
LOC4816040,CG3719,FBgn0024986,1,ortholog_one2one
LOC4812270,CG32407,FBgn0052407,1,ortholog_one2one
LOC4815487,G9a,FBgn0040372,1,ortholog_one2one
LOC4803193,Trm7-34,FBgn0038861,0,ortholog_one2one
LOC4803809,CG7747,FBgn0034109,1,ortholog_one2one
LOC6901279,CG3598,FBgn0025645,1,ortholog_one2one
LOC4817994,Fbp2,FBgn0000640,1,ortholog_one2one
LOC4804397,link,FBgn0033855,1,ortholog_one2one
LOC6903447,Vm34Ca,FBgn0003983,1,ortholog_one2one
LOC4818168,CG31910,FBgn0051910,1,ortholog_one2one
LOC4802870,mtSSB,FBgn0010438,1,ortholog_one2one
LOC4814976,APC4,FBgn0052707,1,ortholog_one2many
LOC6898159,Fatp2,FBgn0265187,1,ortholog_one2one
LOC4818088,Caper,FBgn0031883,1,ortholog_one2one
LOC4816392,CG3557,FBgn0031423,1,ortholog_one2one
LOC4816258,CG9586,FBgn0032101,1,ortholog_one2one
LOC4813918,comm2,FBgn0041160,1,ortholog_one2one
LOC117185043,ng4,FBgn0010296,0,ortholog_one2one
LOC13036432,CG34292,FBgn0085321,0,ortholog_one2many
LOC4812555,jv,FBgn0263973,1,ortholog_one2one
LOC6900998,Atat,FBgn0035989,1,ortholog_one2one
LOC4802333,Sap47,FBgn0013334,1,ortholog_one2one
LOC5384073,alpha-Est8,FBgn0015576,1,ortholog_one2one
LOC4800622,CG1647,FBgn0039602,1,ortholog_one2one
LOC6897920,CCT6,FBgn0027329,0,ortholog_one2many
LOC4804685,CG16896,FBgn0035073,0,ortholog_one2one
LOC4814530,sl,FBgn0003416,1,ortholog_one2one
LOC6901627,CG8010,FBgn0031008,0,ortholog_one2many
LOC4813773,CG44837,FBgn0266100,1,ortholog_one2one
LOC4817186,Ugt36A1,FBgn0015663,1,ortholog_one2one
LOC4804752,ox,FBgn0011227,1,ortholog_one2one
LOC26532009,Phs,FBgn0036522,1,ortholog_one2one
LOC6898503,Cyp4p1,FBgn0015037,1,ortholog_many2many
LOC6898503,Cyp4p3,FBgn0033397,1,ortholog_many2many
LOC6898503,Cyp4p2,FBgn0033395,1,ortholog_many2many
LOC4815891,ppk28,FBgn0030795,0,ortholog_one2one
LOC6901714,Lgr4,FBgn0085440,1,ortholog_one2one
LOC26532112,CG8260,FBgn0030684,0,ortholog_one2many
LOC4814871,Rubicon,FBgn0030055,1,ortholog_one2one
LOC4802679,alt,FBgn0038535,1,ortholog_one2one
LOC4814680,CG9578,FBgn0031094,1,ortholog_one2one
LOC6899871,Gar1,FBgn0011824,0,ortholog_one2one
LOC4812553,CG9330,FBgn0036888,1,ortholog_one2one
LOC4802843,CG14720,FBgn0037940,1,ortholog_one2one
LOC4817866,twe,FBgn0002673,0,ortholog_one2one
LOC4817057,CG13116,FBgn0032139,1,ortholog_one2one
LOC4800631,AstA-R2,FBgn0039595,1,ortholog_one2one
LOC4812541,CG14961,FBgn0035439,0,ortholog_one2one
LOC6903012,CG9662,FBgn0031529,1,ortholog_one2one
LOC6897284,Recs1,FBgn0038209,1,ortholog_one2one
LOC4816780,Spn31A,FBgn0032178,1,ortholog_one2one
LOC4815890,CG9213,FBgn0030655,0,ortholog_one2one
LOC4803188,repo,FBgn0011701,1,ortholog_one2one
LOC6902805,Nle,FBgn0021874,1,ortholog_one2one
LOC4813961,SAK,FBgn0026371,1,ortholog_one2one
LOC4804944,Ir56d,FBgn0034458,1,ortholog_one2one
LOC4818066,D12,FBgn0027490,1,ortholog_one2one
LOC4817101,Trx2,FBgn0040070,1,ortholog_one2one
LOC4802464,CG10405,FBgn0038431,1,ortholog_one2one
LOC4803275,CG6195,FBgn0038723,1,ortholog_one2one
LOC4811679,Cand1,FBgn0027568,0,ortholog_one2one
LOC4815557,pdgy,FBgn0027601,1,ortholog_one2one
LOC4804936,Cyp301a1,FBgn0033753,1,ortholog_one2one
LOC6900424,CG33258,FBgn0053258,0,ortholog_many2many
LOC6900424,CG13075,FBgn0036563,0,ortholog_many2many
LOC26534002,CG42367,FBgn0259713,1,ortholog_one2one
LOC4802550,ema,FBgn0038427,1,ortholog_one2one
LOC4813575,CG7506,FBgn0035805,1,ortholog_one2one
LOC6901974,CG3857,FBgn0023520,1,ortholog_one2one
LOC4800281,trp,FBgn0003861,1,ortholog_one2one
LOC6901710,sno,FBgn0265630,1,ortholog_one2one
LOC4815743,CG32591,FBgn0052591,1,ortholog_one2one
LOC4800931,HP1c,FBgn0039019,1,ortholog_one2one
LOC4804697,TyrRS-m,FBgn0035064,1,ortholog_one2one
LOC4812355,CG13252,FBgn0037016,0,ortholog_one2one
LOC117184821,CG18809,FBgn0042132,1,ortholog_one2many
LOC4800468,SP1029,FBgn0263236,1,ortholog_one2many
LOC4800468,CG31445,FBgn0051445,1,ortholog_one2many
LOC4804588,alc,FBgn0260972,1,ortholog_one2one
LOC4816084,Mcm6,FBgn0025815,1,ortholog_one2one
LOC4804497,PCNA,FBgn0005655,1,ortholog_one2one
LOC4818095,STUB1,FBgn0027052,1,ortholog_one2one
LOC4817721,RpL40,FBgn0003941,1,ortholog_one2one
LOC4814791,HDAC6,FBgn0026428,1,ortholog_one2one
LOC4801270,Lip3,FBgn0023495,1,ortholog_one2one
LOC4816901,Tbcc,FBgn0051961,1,ortholog_one2one
LOC4805267,CG9308,FBgn0034681,1,ortholog_one2one
LOC13036369,CG34107,FBgn0083943,1,ortholog_one2one
LOC6899550,TpnC41C,FBgn0013348,0,ortholog_one2one
LOC4803885,Obp50e,FBgn0033931,1,ortholog_one2one
LOC117185052,t,FBgn0086367,1,ortholog_one2many
LOC4817982,dsf,FBgn0015381,1,ortholog_one2one
LOC4805324,Daao1,FBgn0033543,1,ortholog_one2one
LOC6900677,Gem3,FBgn0011802,1,ortholog_one2one
LOC4803032,Kcmf1,FBgn0037655,1,ortholog_one2one
LOC4813380,SREBP,FBgn0261283,1,ortholog_one2one
LOC117183534,CG30356,FBgn0050356,0,ortholog_one2one
LOC4802930,lap,FBgn0086372,1,ortholog_one2one
LOC4804098,Sply,FBgn0010591,1,ortholog_one2one
LOC6900178,MCU,FBgn0042185,1,ortholog_one2one
LOC4801554,CG31223,FBgn0051223,1,ortholog_one2one
LOC4817859,CG9135,FBgn0031769,1,ortholog_one2one
LOC6900698,CG15635,FBgn0031617,0,ortholog_one2one
LOC6898644,flz,FBgn0286782,1,ortholog_one2one
LOC6901984,fln,FBgn0005633,0,ortholog_one2one
LOC4816602,Scox,FBgn0262467,1,ortholog_one2one
LOC6897821,Dh44,FBgn0012344,0,ortholog_one2one
LOC4803056,cic,FBgn0262582,1,ortholog_one2one
LOC4813094,lqf,FBgn0028582,1,ortholog_many2many
LOC4805275,CG2921,FBgn0034689,1,ortholog_one2one
LOC4801591,CG7878,FBgn0037549,1,ortholog_one2one
LOC4814640,Cbp80,FBgn0022942,1,ortholog_one2one
LOC4813625,Pex10,FBgn0035233,1,ortholog_one2one
LOC6903210,CG1532,FBgn0031143,0,ortholog_one2many
LOC26532478,l(2)SH0834,FBgn0267365,0,ortholog_one2one
LOC4812763,CG8543,FBgn0035787,1,ortholog_one2one
LOC4802218,boss,FBgn0000206,1,ortholog_one2one
LOC4805637,CG30095,FBgn0050095,1,ortholog_one2one
LOC6898828,CG10097,FBgn0038033,0,ortholog_many2many
LOC6898828,Sgp,FBgn0032055,0,ortholog_many2many
LOC4802749,CG1103,FBgn0037235,1,ortholog_one2one
LOC4805194,Balat,FBgn0033778,1,ortholog_one2one
LOC4801244,woc,FBgn0010328,1,ortholog_one2one
LOC4816051,CG14787,FBgn0027793,1,ortholog_one2one
LOC6898296,robls54B,FBgn0263233,1,ortholog_one2one
LOC4802846,CG18765,FBgn0042110,1,ortholog_one2one
LOC4804568,CG13743,FBgn0033368,1,ortholog_one2one
LOC6900259,CG14096,FBgn0036871,0,ortholog_many2many
LOC6900259,CG18294,FBgn0036873,1,ortholog_many2many
LOC4804336,kermit,FBgn0010504,1,ortholog_one2one
LOC4805609,prom,FBgn0259210,1,ortholog_one2one
LOC4812731,CG6282,FBgn0035914,1,ortholog_one2one
LOC4812420,mthl10,FBgn0035132,0,ortholog_one2one
LOC4801227,EloA,FBgn0039066,1,ortholog_one2one
LOC4802200,Cmpk,FBgn0028833,1,ortholog_one2one
LOC4817650,Socs36E,FBgn0041184,1,ortholog_one2one
LOC4816115,CG3635,FBgn0032981,0,ortholog_one2one
LOC117183766,CG43272,FBgn0262961,1,ortholog_one2one
LOC4813966,CG5282,FBgn0036986,1,ortholog_one2one
LOC4803747,CG17821,FBgn0034383,1,ortholog_one2one
LOC6898752,sprt,FBgn0082585,1,ortholog_one2one
LOC4817358,Ada1-1,FBgn0051865,1,ortholog_one2many
LOC4817358,Ada1-2,FBgn0051866,1,ortholog_one2many
LOC4815505,CG14434,FBgn0029915,1,ortholog_one2one
LOC4818063,Naglu,FBgn0014417,1,ortholog_one2one
LOC6902457,CG17036,FBgn0032449,1,ortholog_one2many
LOC4815802,CG12379,FBgn0030676,1,ortholog_one2one
LOC4802555,ss,FBgn0003513,1,ortholog_one2one
LOC4813312,CG6938,FBgn0036235,1,ortholog_one2one
LOC6902611,pr,FBgn0003141,1,ortholog_one2one
LOC4802156,CG13613,FBgn0039193,1,ortholog_one2one
LOC6897181,CG46281,FBgn0283439,0,ortholog_one2one
LOC6900019,CG13060,FBgn0036606,0,ortholog_many2many
LOC6900019,CG13041,FBgn0036605,1,ortholog_many2many
LOC4801698,Inx3,FBgn0265274,0,ortholog_one2one
LOC4803511,CG4882,FBgn0025336,1,ortholog_one2one
LOC6902177,Tsp3A,FBgn0040334,0,ortholog_one2one
LOC4805331,CG11883,FBgn0033538,1,ortholog_one2one
LOC4800355,ATP6AP2,FBgn0037671,1,ortholog_one2one
LOC4813324,CG11248,FBgn0037117,1,ortholog_one2one
LOC4812831,CG7272,FBgn0036501,1,ortholog_one2one
LOC6898504,Cyp4p1,FBgn0015037,1,ortholog_many2many
LOC6898504,Cyp4p3,FBgn0033397,1,ortholog_many2many
LOC6898504,Cyp4p2,FBgn0033395,1,ortholog_many2many
LOC4803598,CG2121,FBgn0033289,1,ortholog_one2one
LOC4814787,Cyp6v1,FBgn0031126,1,ortholog_one2one
LOC4801550,RpS30,FBgn0038834,1,ortholog_one2one
LOC4802136,Cftr,FBgn0039207,1,ortholog_one2one
LOC117183718,CG3735,FBgn0034933,1,ortholog_one2one
LOC4811985,CG15012,FBgn0035528,1,ortholog_one2one
LOC6896733,CecB,FBgn0000278,0,ortholog_many2many
LOC6896733,CecC,FBgn0000279,1,ortholog_many2many
LOC6900526,Or69a,FBgn0041622,1,ortholog_one2one
LOC6901800,CG3062,FBgn0025612,1,ortholog_one2one
LOC6899109,CG34205,FBgn0085234,1,ortholog_one2one
LOC4800860,CG3301,FBgn0038878,1,ortholog_one2one
LOC4802891,Jhbp4,FBgn0038394,1,ortholog_one2one
LOC6898650,sbb,FBgn0285917,1,ortholog_one2one
LOC4817814,Pcp,FBgn0003046,1,ortholog_one2one
LOC4813740,Alg10,FBgn0052076,1,ortholog_one2one
LOC6902669,t-Grip91,FBgn0028901,0,ortholog_one2one
LOC4813171,SCCRO,FBgn0036510,1,ortholog_one2one
LOC4817537,CG42296,FBgn0259192,1,ortholog_one2one
LOC4817173,Proc,FBgn0045038,1,ortholog_one2one
LOC4812211,ND-30,FBgn0266582,1,ortholog_one2one
LOC4800894,CG31200,FBgn0051200,1,ortholog_one2one
LOC4815090,CG2701,FBgn0024973,1,ortholog_one2one
LOC4814480,Atg5,FBgn0029943,1,ortholog_one2one
LOC6902042,CG1637,FBgn0030245,1,ortholog_one2one
LOC4812791,CrebA,FBgn0004396,1,ortholog_one2one
LOC4815503,rb,FBgn0003210,1,ortholog_one2one
LOC4813437,Arf1,FBgn0010348,1,ortholog_one2many
LOC6898888,Sdb,FBgn0050069,1,ortholog_one2one
LOC4805388,GstS1,FBgn0010226,1,ortholog_one2one
LOC4814388,CG1791,FBgn0030163,1,ortholog_one2one
LOC4813012,Brd,FBgn0000216,1,ortholog_one2one
LOC4816008,CG32812,FBgn0025642,1,ortholog_one2one
LOC4815610,CG42749,FBgn0261803,1,ortholog_one2one
LOC6903043,AGO2,FBgn0087035,0,ortholog_one2many
LOC4816481,lace,FBgn0002524,1,ortholog_one2one
LOC4803428,Rpp25,FBgn0033092,1,ortholog_one2one
LOC4815480,sofe,FBgn0030242,1,ortholog_one2many
LOC4815480,feo,FBgn0030241,1,ortholog_one2many
LOC6899937,scaf6,FBgn0261872,1,ortholog_one2one
LOC4803746,Hs3st-A,FBgn0053147,0,ortholog_one2one
LOC4804090,CG12920,FBgn0033481,1,ortholog_one2one
LOC4800956,CG7910,FBgn0037547,0,ortholog_one2one
LOC6903298,MICU1,FBgn0031893,1,ortholog_one2many
LOC6898479,CG15225,FBgn0034551,1,ortholog_one2one
LOC13036560,Sfp84E,FBgn0259974,0,ortholog_one2one
LOC4801977,nero,FBgn0261479,1,ortholog_one2one
LOC13036374,RYa-R,FBgn0004842,1,ortholog_one2one
LOC4800503,CG15506,FBgn0039686,1,ortholog_one2one
LOC26532152,CG14096,FBgn0036871,0,ortholog_many2many
LOC26532152,CG18294,FBgn0036873,0,ortholog_many2many
LOC6897786,Gfat1,FBgn0287209,1,ortholog_one2one
LOC6898988,Cht8,FBgn0034580,1,ortholog_one2one
LOC4817422,Bka,FBgn0010520,1,ortholog_one2one
LOC6898959,Got1,FBgn0001124,0,ortholog_one2one
LOC26532352,CG42554,FBgn0260756,1,ortholog_one2one
LOC4815761,Ldsdh1,FBgn0029994,1,ortholog_one2one
LOC6899342,CG10417,FBgn0033021,0,ortholog_one2one
LOC6898034,CG10822,FBgn0034478,0,ortholog_one2one
LOC4800978,P5CDh2,FBgn0053092,1,ortholog_one2one
LOC6897256,eIF4G2,FBgn0260634,1,ortholog_one2one
LOC4816186,CG12439,FBgn0032094,1,ortholog_one2one
LOC4800278,alpha-Man-Ic,FBgn0051202,1,ortholog_one2one
LOC6898203,Tret1-2,FBgn0033644,0,ortholog_one2one
LOC6898237,CG33655,FBgn0250824,1,ortholog_one2one
LOC4816993,msl-1,FBgn0005617,0,ortholog_one2one
LOC6898379,CG34216,FBgn0085245,1,ortholog_one2one
LOC6902199,sphe,FBgn0030774,1,ortholog_one2one
LOC4816564,mRF1,FBgn0032486,1,ortholog_one2one
LOC117183243,Wdr37,FBgn0038617,1,ortholog_one2many
LOC117183245,Vti1b,FBgn0264751,1,ortholog_one2many
LOC26534038,CG34423,FBgn0085452,1,ortholog_one2one
LOC4801787,CG5515,FBgn0039163,1,ortholog_one2one
LOC4812287,CG8607,FBgn0035760,1,ortholog_one2one
LOC6902308,Tpt,FBgn0053057,0,ortholog_one2one
LOC4817327,CG10338,FBgn0032700,1,ortholog_one2one
LOC4802643,CG31259,FBgn0051259,1,ortholog_one2many
LOC4802643,CG31454,FBgn0051454,1,ortholog_one2many
LOC4803754,CG15071,FBgn0034377,1,ortholog_one2one
LOC4800934,Dcr-1,FBgn0039016,1,ortholog_one2one
LOC4812362,sinah,FBgn0259794,1,ortholog_one2one
LOC26534363,CG12863,FBgn0033948,0,ortholog_one2one
LOC6897576,CG13658,FBgn0039315,1,ortholog_many2many
LOC6897576,CG31300,FBgn0051300,1,ortholog_many2many
LOC6897576,CG31104,FBgn0051104,1,ortholog_many2many
LOC6897576,CG11893,FBgn0039316,1,ortholog_many2many
LOC4812508,l(3)76BDm,FBgn0260655,1,ortholog_one2one
LOC4814964,CG15322,FBgn0031088,1,ortholog_one2one
LOC4813689,CG5906,FBgn0036217,1,ortholog_one2one
LOC4816864,Brd7-9,FBgn0031947,1,ortholog_one2one
LOC6902749,RpL5,FBgn0064225,0,ortholog_one2one
LOC4803413,ubl,FBgn0022224,1,ortholog_one2one
LOC4812872,CG13919,FBgn0035248,1,ortholog_one2one
LOC6897103,CG42823,FBgn0262005,1,ortholog_one2many
LOC6902683,aust,FBgn0032104,0,ortholog_one2many
LOC6903126,Tim9a,FBgn0030480,0,ortholog_one2many
LOC6897402,Naa20A,FBgn0031043,0,ortholog_one2many
LOC117183373,St2,FBgn0037665,1,ortholog_one2many
LOC6903014,GramD1B,FBgn0085423,1,ortholog_one2one
LOC4812968,Eig71Eh,FBgn0014848,1,ortholog_one2many
LOC4812968,Eig71Ef,FBgn0004593,1,ortholog_one2many
LOC6896989,Trf2,FBgn0261793,0,ortholog_one2many
LOC4816197,sens-2,FBgn0051632,1,ortholog_one2one
LOC6903603,CG12268,FBgn0039131,1,ortholog_one2many
LOC4812080,mbf1,FBgn0262732,1,ortholog_one2one
LOC4813411,Deaf1,FBgn0013799,1,ortholog_one2one
LOC4817832,CG43322,FBgn0263027,1,ortholog_one2one
LOC4805567,CG14589,FBgn0033063,1,ortholog_one2one
LOC4800926,Nepl14,FBgn0039023,1,ortholog_one2one
LOC4817855,CG17078,FBgn0086855,1,ortholog_one2one
LOC4813284,Sgf11,FBgn0036804,1,ortholog_one2one
LOC4817321,nis,FBgn0031347,0,ortholog_one2one
LOC4803831,CG13510,FBgn0034758,1,ortholog_one2one
LOC4804965,Obp56g,FBgn0034474,1,ortholog_one2one
LOC4800793,CG17562,FBgn0038449,1,ortholog_one2one
LOC117185017,dsx-c73A,FBgn0261799,1,ortholog_one2one
LOC6897885,nxf2,FBgn0036640,0,ortholog_one2one
LOC26533223,CG34263,FBgn0085292,1,ortholog_one2one
LOC4802586,Tk,FBgn0037976,1,ortholog_one2one
LOC4800313,zfh1,FBgn0004606,1,ortholog_one2one
LOC6902271,Pop1,FBgn0026702,1,ortholog_one2one
LOC4801501,CG8500,FBgn0037754,1,ortholog_one2one
LOC4812025,ND-39,FBgn0037001,1,ortholog_one2one
LOC4802085,EMC2A,FBgn0038462,1,ortholog_one2many
LOC4802085,EMC2B,FBgn0038461,1,ortholog_one2many
LOC6900602,CG34116,FBgn0083952,1,ortholog_one2one
LOC4814648,CG11095,FBgn0030528,1,ortholog_one2one
LOC4813823,D,FBgn0000411,1,ortholog_one2one
LOC4805139,sug,FBgn0033782,1,ortholog_one2one
LOC4815004,CG15754,FBgn0030492,1,ortholog_one2one
LOC4805184,CG8026,FBgn0033391,1,ortholog_one2one
LOC4817725,Bcs1,FBgn0032195,0,ortholog_one2one
LOC4816416,NimC4,FBgn0260011,1,ortholog_one2one
LOC4817113,Rsph9,FBgn0051803,1,ortholog_one2one
LOC4802433,Nmdar1,FBgn0010399,1,ortholog_one2one
LOC6897285,PK1-R,FBgn0038201,1,ortholog_one2one
LOC4814239,mei-9,FBgn0002707,1,ortholog_one2one
LOC4803131,Ugt304A1,FBgn0040250,1,ortholog_one2one
LOC6897381,Vha14-2,FBgn0037402,1,ortholog_one2one
LOC4816401,CG18558,FBgn0031469,1,ortholog_one2one
LOC4814478,sbm,FBgn0030574,1,ortholog_one2one
LOC4815499,CG13005,FBgn0030794,1,ortholog_one2one
LOC6899149,CG32645,FBgn0052645,1,ortholog_one2one
LOC6901066,CG45061,FBgn0266431,1,ortholog_many2many
LOC6901066,CG45060,FBgn0266430,0,ortholog_many2many
LOC4816682,CG31650,FBgn0031673,1,ortholog_one2one
LOC4812310,ArfGAP3,FBgn0037182,1,ortholog_one2one
LOC4814312,CG1986,FBgn0030162,1,ortholog_one2one
LOC4817580,Dim1,FBgn0031601,1,ortholog_one2one
LOC4802161,Golgin84,FBgn0039188,1,ortholog_one2one
LOC4812360,Chs2,FBgn0029091,1,ortholog_one2one
LOC4802872,CG6126,FBgn0038407,1,ortholog_one2one
LOC4812525,CG32487,FBgn0052487,1,ortholog_one2one
LOC4801061,CG14857,FBgn0038262,1,ortholog_one2one
LOC4801743,CG12268,FBgn0039131,1,ortholog_one2many
LOC4800253,spn-A,FBgn0003479,1,ortholog_one2one
LOC117185413,CG17145,FBgn0036953,1,ortholog_one2many
LOC4800842,Polr3C,FBgn0038057,1,ortholog_one2one
LOC4816057,Obp19c,FBgn0031111,1,ortholog_one2one
LOC4813738,Cad74A,FBgn0036715,1,ortholog_one2one
LOC6900436,CG32391,FBgn0052391,1,ortholog_one2one
LOC4818163,CG5160,FBgn0031906,1,ortholog_one2one
LOC4800383,spdo,FBgn0260440,1,ortholog_one2one
LOC4801920,Rm62,FBgn0003261,1,ortholog_one2one
LOC4802901,CG4733,FBgn0038744,1,ortholog_one2one
LOC4801253,alpha-Man-Ib,FBgn0039634,0,ortholog_one2one
LOC4813704,Chmp1,FBgn0036805,1,ortholog_one2one
LOC4812975,TM9SF3,FBgn0035622,1,ortholog_one2one
LOC4814257,Pde9,FBgn0259171,1,ortholog_one2one
LOC4805484,CG8531,FBgn0033918,1,ortholog_one2one
LOC6897037,Mst98Ca,FBgn0002865,1,ortholog_one2one
LOC6903554,CG13380,FBgn0036799,0,ortholog_one2many
LOC6898160,CG15098,FBgn0034398,1,ortholog_one2one
LOC6902222,CG34241,FBgn0250825,0,ortholog_one2one
LOC26532643,CG44000,FBgn0264742,1,ortholog_one2one
LOC4813825,ND-SGDH,FBgn0011455,1,ortholog_one2one
LOC6897647,Acyp2,FBgn0038363,1,ortholog_one2one
LOC4812027,knrl,FBgn0001323,1,ortholog_one2one
LOC4817579,CG15431,FBgn0031602,1,ortholog_one2one
LOC6897562,EndoU,FBgn0038381,1,ortholog_one2one
LOC4816502,CG16800,FBgn0032462,1,ortholog_one2one
LOC4813367,DCP2,FBgn0036534,1,ortholog_one2one
LOC4804763,Nup188,FBgn0033766,1,ortholog_one2one
LOC4815586,frma,FBgn0029769,1,ortholog_one2one
LOC4803365,Hex-C,FBgn0001187,1,ortholog_one2one
LOC4815035,Dora,FBgn0085430,0,ortholog_one2one
LOC6897081,CG42814,FBgn0261996,1,ortholog_one2one
LOC4812184,alphaCOP,FBgn0025725,1,ortholog_one2one
LOC6903334,Kdm5,FBgn0031759,1,ortholog_one2one
LOC6897100,CG42822,FBgn0262004,1,ortholog_many2many
LOC6897100,CG42821,FBgn0262003,1,ortholog_many2many
LOC4815522,east,FBgn0261954,1,ortholog_one2one
LOC4815921,Rilpl,FBgn0024985,1,ortholog_one2one
LOC4815730,CG2186,FBgn0030243,1,ortholog_one2one
LOC4813826,CG9004,FBgn0035336,1,ortholog_one2one
LOC4815047,CG17803,FBgn0038547,0,ortholog_one2one
LOC4802980,CG10086,FBgn0037517,1,ortholog_one2one
LOC4804025,ACC,FBgn0033246,1,ortholog_one2one
LOC4801341,CG7714,FBgn0038645,1,ortholog_one2one
LOC4801462,Ir94b,FBgn0051424,0,ortholog_many2many
LOC4801462,Ir94c,FBgn0051423,0,ortholog_many2many
LOC4801462,Ir94a,FBgn0051164,0,ortholog_many2many
LOC4817681,Lamtor3,FBgn0032642,1,ortholog_one2one
LOC4815641,beta-Spec,FBgn0250788,1,ortholog_one2one
LOC4815227,CG15239,FBgn0029681,1,ortholog_one2one
LOC4804409,sktl,FBgn0016984,1,ortholog_one2one
LOC4804177,CG6429,FBgn0046999,1,ortholog_one2one
LOC4816803,Rack1,FBgn0020618,1,ortholog_one2one
LOC4813616,t-Grip84,FBgn0035800,1,ortholog_one2one
LOC26533240,CG43325,FBgn0263030,1,ortholog_one2one
LOC4817736,CG13258,FBgn0032582,1,ortholog_one2one
LOC4801640,Npc2b,FBgn0038198,1,ortholog_one2one
LOC4803325,scaf,FBgn0033033,0,ortholog_one2one
LOC117183563,His4:CG33897,FBgn0053897,1,ortholog_one2many
LOC117183563,His4:CG33907,FBgn0053907,1,ortholog_one2many
LOC4805422,reb,FBgn0033667,1,ortholog_one2one
LOC4800779,CG3909,FBgn0027524,1,ortholog_one2one
LOC4817618,CG5001,FBgn0031322,1,ortholog_one2one
LOC4816210,l(2)k09022,FBgn0086451,1,ortholog_one2one
LOC4813671,Prestin,FBgn0036770,1,ortholog_one2one
LOC4801762,Hsp68,FBgn0001230,1,ortholog_one2many
LOC4817447,CG10333,FBgn0032690,1,ortholog_one2one
LOC4816579,CG16865,FBgn0028919,1,ortholog_one2one
LOC4803067,Regnase-1,FBgn0038769,0,ortholog_one2one
LOC6899197,RpS3,FBgn0002622,0,ortholog_one2many
LOC4817824,CG4480,FBgn0032553,1,ortholog_one2one
LOC4800572,CG10301,FBgn0039106,1,ortholog_one2one
LOC6899062,PIG-Z,FBgn0266438,1,ortholog_one2one
LOC4817949,CG31855,FBgn0051855,1,ortholog_one2one
LOC4817517,Gr22e,FBgn0045497,1,ortholog_one2one
LOC6897112,pnt,FBgn0003118,1,ortholog_one2one
LOC4814211,Tango2,FBgn0030503,1,ortholog_one2one
LOC4816907,CG7742,FBgn0031690,1,ortholog_one2one
LOC4815382,dyw,FBgn0000092,0,ortholog_one2one
LOC117185634,His1:CG33801,FBgn0053801,0,ortholog_many2many
LOC117185634,His1:CG33807,FBgn0053807,0,ortholog_many2many
LOC117185634,His1:CG33819,FBgn0053819,1,ortholog_many2many
LOC117185634,His1:CG33840,FBgn0053840,0,ortholog_many2many
LOC117185634,His1:CG33843,FBgn0053843,0,ortholog_many2many
LOC117185634,His1:CG33846,FBgn0053846,0,ortholog_many2many
LOC117185634,His1:CG33810,FBgn0053810,1,ortholog_many2many
LOC117185634,His1:CG33804,FBgn0053804,0,ortholog_many2many
LOC117185634,His1:CG33816,FBgn0053816,1,ortholog_many2many
LOC117185634,His1:CG33837,FBgn0053837,0,ortholog_many2many
LOC117185634,His1:CG33861,FBgn0053861,0,ortholog_many2many
LOC117185634,His1:CG33855,FBgn0053855,0,ortholog_many2many
LOC117185634,His1:CG33825,FBgn0053825,0,ortholog_many2many
LOC117185634,His1:CG33852,FBgn0053852,0,ortholog_many2many
LOC117185634,His1:CG33831,FBgn0053831,0,ortholog_many2many
LOC117185634,His1:CG33828,FBgn0053828,0,ortholog_many2many
LOC117185634,His1:CG33864,FBgn0053864,1,ortholog_many2many
LOC117185634,His1:CG33813,FBgn0053813,1,ortholog_many2many
LOC117185634,His1:CG31617,FBgn0051617,0,ortholog_many2many
LOC117185634,His1:CG33849,FBgn0053849,0,ortholog_many2many
LOC117185634,His1:CG33822,FBgn0053822,0,ortholog_many2many
LOC117185634,His1:CG33858,FBgn0053858,0,ortholog_many2many
LOC117185634,His1:CG33834,FBgn0053834,0,ortholog_many2many
LOC4803115,CG4596,FBgn0037849,1,ortholog_one2many
LOC4801141,CAH9,FBgn0039486,1,ortholog_one2one
LOC4815987,Trf2,FBgn0261793,0,ortholog_one2many
LOC4813900,CG13473,FBgn0036442,1,ortholog_one2one
LOC6898835,PpD5,FBgn0005778,0,ortholog_one2one
LOC4805123,CG1902,FBgn0033434,1,ortholog_one2one
LOC4814524,dpr14,FBgn0029974,1,ortholog_one2one
LOC4814348,CG6961,FBgn0030959,1,ortholog_one2many
LOC4814348,CG18259,FBgn0030956,1,ortholog_one2many
LOC6901858,CG3335,FBgn0036018,0,ortholog_one2one
LOC4812488,CG11811,FBgn0036099,1,ortholog_one2one
LOC4801151,ppk31,FBgn0051065,1,ortholog_one2one
LOC4805234,Ppcdc,FBgn0050290,1,ortholog_one2one
LOC6898250,CG15710,FBgn0034120,0,ortholog_one2one
LOC4805431,peo,FBgn0288856,0,ortholog_one2one
LOC6898642,mam,FBgn0002643,0,ortholog_one2one
LOC4801658,CCT1,FBgn0003676,1,ortholog_one2one
LOC4801703,sip3,FBgn0039875,1,ortholog_one2one
LOC4817861,Ent2,FBgn0263916,0,ortholog_one2one
LOC4800616,AdipoR,FBgn0038984,1,ortholog_one2one
LOC4815995,Grx5,FBgn0030584,0,ortholog_one2one
LOC4800303,CG7950,FBgn0260468,1,ortholog_one2one
LOC4817226,ex,FBgn0004583,1,ortholog_one2one
LOC4817076,und,FBgn0283478,1,ortholog_one2one
LOC4817617,Tgt,FBgn0031321,1,ortholog_one2one
LOC4813484,Pmi,FBgn0044419,1,ortholog_one2one
LOC4815844,CG12496,FBgn0040385,1,ortholog_one2one
LOC6899907,CG33767,FBgn0053767,1,ortholog_one2many
LOC4817335,ND-PDSW,FBgn0021967,1,ortholog_one2one
LOC4801079,CG14238,FBgn0039429,1,ortholog_one2one
LOC4815180,NdufV3,FBgn0030292,1,ortholog_one2one
LOC4800867,bap,FBgn0004862,0,ortholog_one2one
LOC4803404,Mccc2,FBgn0042083,1,ortholog_one2one
LOC4812030,Ddx1,FBgn0015075,1,ortholog_one2one
LOC6898625,CG13228,FBgn0033588,1,ortholog_one2one
LOC6903339,Gpdh1,FBgn0001128,1,ortholog_one2one
LOC4812411,CG13023,FBgn0036677,1,ortholog_one2one
LOC4800951,AdamTS-A,FBgn0286071,1,ortholog_one2one
LOC6897658,CG31358,FBgn0051358,0,ortholog_many2many
LOC6897658,CG14736,FBgn0037986,1,ortholog_many2many
LOC4814597,Nup205,FBgn0031078,1,ortholog_one2one
LOC4812195,CG10565,FBgn0037051,1,ortholog_many2many
LOC4802997,nom,FBgn0037617,1,ortholog_one2one
LOC6900368,Trl,FBgn0013263,1,ortholog_one2one
LOC4817482,Cdc14,FBgn0031952,1,ortholog_one2one
LOC6897607,CG42232,FBgn0250754,1,ortholog_one2one
LOC4813183,Vta1,FBgn0035251,1,ortholog_one2one
LOC4811707,Cog4,FBgn0032258,1,ortholog_one2one
LOC4817770,Usp14,FBgn0032216,0,ortholog_one2one
LOC6904030,elfless,FBgn0032660,0,ortholog_many2many
LOC6904030,CG43058,FBgn0262360,0,ortholog_many2many
LOC4802794,Dnali1,FBgn0037962,1,ortholog_one2one
LOC4803705,mahj,FBgn0034641,1,ortholog_one2one
LOC6899102,CG34457,FBgn0085486,1,ortholog_one2one
LOC6901115,wupA,FBgn0283471,0,ortholog_one2one
LOC4817600,Iris,FBgn0031305,1,ortholog_one2one
LOC4804895,RnrS,FBgn0011704,1,ortholog_one2one
LOC4805122,CG30339,FBgn0050339,1,ortholog_one2one
LOC4811992,CG13040,FBgn0036608,1,ortholog_one2one
LOC4804063,prod,FBgn0014269,1,ortholog_one2one
LOC4814667,Mrgn1,FBgn0030514,1,ortholog_one2one
LOC6897701,CG5039,FBgn0039356,1,ortholog_one2one
LOC6897487,TORIP,FBgn0036908,0,ortholog_one2one
LOC4802654,Acam,FBgn0011273,1,ortholog_one2many
LOC6902643,Pect,FBgn0032482,1,ortholog_one2one
LOC4804841,Or42a,FBgn0033041,0,ortholog_one2many
LOC4800476,CG2321,FBgn0039663,1,ortholog_one2one
LOC4803298,Cortactin,FBgn0025865,1,ortholog_one2one
LOC26532751,CG12112,FBgn0030048,0,ortholog_one2many
LOC6902692,Nrd1,FBgn0030344,0,ortholog_one2many
LOC6900706,GstO2,FBgn0035906,1,ortholog_one2one
LOC6903295,CG9068,FBgn0034106,0,ortholog_one2one
LOC4803345,CG17048,FBgn0033828,1,ortholog_one2one
LOC6899914,CG33772,FBgn0053772,1,ortholog_one2one
LOC4817418,Bub1,FBgn0031696,1,ortholog_one2one
LOC6897666,CG17738,FBgn0038009,1,ortholog_one2one
LOC6897793,CG40160,FBgn0058160,0,ortholog_one2one
LOC4800580,CG6738,FBgn0039053,1,ortholog_one2many
LOC4800580,CG17109,FBgn0039051,1,ortholog_one2many
LOC4800580,CG6733,FBgn0039052,1,ortholog_one2many
LOC4816076,Tmf,FBgn0029912,1,ortholog_one2one
LOC4815330,regucalcin,FBgn0030362,1,ortholog_one2one
LOC4817728,ovm,FBgn0051976,1,ortholog_one2one
LOC4816107,Hmgcl,FBgn0031877,1,ortholog_one2one
LOC4805024,Gr47b,FBgn0041241,1,ortholog_one2many
LOC4805142,Sans,FBgn0033785,1,ortholog_one2one
LOC4816280,CG15254,FBgn0028949,1,ortholog_one2one
LOC6898812,CG13334,FBgn0033856,1,ortholog_one2one
LOC6898370,CG34386,FBgn0085415,1,ortholog_one2one
LOC4812465,CG13921,FBgn0035267,1,ortholog_one2one
LOC4812891,Ir67b,FBgn0036083,1,ortholog_one2one
LOC4813929,CG5664,FBgn0037082,1,ortholog_one2many
LOC4813241,RIOK1,FBgn0036187,1,ortholog_one2one
LOC6900819,AstC-R1,FBgn0036790,1,ortholog_one2one
LOC6901907,waw,FBgn0024182,1,ortholog_one2one
LOC6902972,sob,FBgn0004892,1,ortholog_one2one
LOC26534170,CG13455,FBgn0036498,1,ortholog_one2one
LOC6902140,Flo2,FBgn0264078,0,ortholog_one2one
LOC4815297,Hira,FBgn0022786,1,ortholog_one2one
LOC4805350,RpS23,FBgn0033912,1,ortholog_one2one
LOC26534282,CG42380,FBgn0259726,1,ortholog_one2one
LOC4805601,CG3494,FBgn0035008,1,ortholog_one2one
LOC4815078,dod,FBgn0015379,0,ortholog_one2one
LOC4800776,CG12811,FBgn0037779,1,ortholog_one2one
LOC117183602,Cht12,FBgn0050293,1,ortholog_one2many
LOC4815996,Usp30,FBgn0029819,1,ortholog_one2one
LOC4817965,Tehao,FBgn0026760,1,ortholog_one2one
LOC4800275,CG7920,FBgn0039737,1,ortholog_one2one
LOC6902205,be,FBgn0052594,1,ortholog_one2one
LOC4814980,CG14818,FBgn0026088,1,ortholog_one2one
LOC6896748,Saf-B,FBgn0039229,1,ortholog_one2one
LOC6901921,CG43737,FBgn0263994,1,ortholog_one2one
LOC4816935,CG9328,FBgn0032886,1,ortholog_one2one
LOC4801172,bigmax,FBgn0039509,1,ortholog_one2one
LOC117183167,CG15145,FBgn0032649,1,ortholog_many2many
LOC117183167,CG15144,FBgn0032648,1,ortholog_many2many
LOC117183167,CG15143,FBgn0032647,1,ortholog_many2many
LOC6903226,btv,FBgn0023096,1,ortholog_one2one
LOC6902656,CG18563,FBgn0032639,0,ortholog_many2many
LOC6902656,CG14990,FBgn0035496,0,ortholog_many2many
LOC6902656,SPH93,FBgn0032638,0,ortholog_many2many
LOC6902656,CG18478,FBgn0028517,0,ortholog_many2many
LOC6902656,CG3117,FBgn0031471,0,ortholog_many2many
LOC6902656,CG31827,FBgn0051827,0,ortholog_many2many
LOC4802975,CG18744,FBgn0042101,1,ortholog_one2one
LOC4813692,CG9628,FBgn0036433,1,ortholog_one2one
LOC4804351,sut1,FBgn0028563,1,ortholog_one2one
LOC4815715,HERC2,FBgn0031107,1,ortholog_one2one
LOC4817556,CG44008,FBgn0264750,1,ortholog_one2one
LOC4805015,Smyd4-3,FBgn0033633,1,ortholog_one2one
LOC4803367,Lnpk,FBgn0033309,1,ortholog_one2one
LOC6898118,thoc5,FBgn0034939,0,ortholog_one2one
LOC4803684,Cyp6t3,FBgn0033697,1,ortholog_one2one
LOC4815083,Vps4,FBgn0283469,0,ortholog_one2one
LOC4803604,Cyp4e1,FBgn0015034,1,ortholog_many2many
LOC4803604,Cyp4e2,FBgn0014469,1,ortholog_many2many
LOC4816539,Cyp309a2,FBgn0041337,1,ortholog_one2one
LOC6903243,BicD,FBgn0000183,0,ortholog_one2one
LOC4802125,5PtaseI,FBgn0259178,1,ortholog_one2one
LOC4816970,CG5790,FBgn0032677,1,ortholog_one2one
LOC4817326,CG10383,FBgn0032699,1,ortholog_one2one
LOC4800659,Tusp,FBgn0039530,1,ortholog_one2one
LOC4813153,CG9760,FBgn0036259,1,ortholog_one2one
LOC6898754,CG13204,FBgn0033627,0,ortholog_one2many
LOC4817978,Mco1,FBgn0032116,1,ortholog_one2one
LOC4812929,Cnb,FBgn0035295,1,ortholog_one2one
LOC4812702,CG13308,FBgn0035932,1,ortholog_one2one
LOC4816169,CG31862,FBgn0051862,0,ortholog_one2one
LOC4801902,Osi5,FBgn0037413,1,ortholog_one2one
LOC4816631,lilli,FBgn0041111,1,ortholog_one2one
LOC4802673,Tnks,FBgn0027508,1,ortholog_one2one
LOC4804285,CG3065,FBgn0034946,1,ortholog_one2one
LOC4814167,LanA,FBgn0002526,1,ortholog_one2one
LOC4814997,HP1b,FBgn0030082,1,ortholog_one2one
LOC4800369,CG9702,FBgn0039787,1,ortholog_one2one
LOC6896995,Cyp12a5,FBgn0038680,1,ortholog_many2many
LOC6896995,Cyp12a4,FBgn0038681,1,ortholog_many2many
LOC4802489,Enoph,FBgn0037305,1,ortholog_one2one
LOC4816082,mst,FBgn0020272,0,ortholog_one2one
LOC4802727,CG11997,FBgn0037662,1,ortholog_one2one
LOC4804329,Zfrp8,FBgn0021875,1,ortholog_one2one
LOC6896707,Jon99Fi,FBgn0039778,0,ortholog_many2many
LOC6896707,Jon99Ciii,FBgn0003357,0,ortholog_many2many
LOC6896707,Jon99Cii,FBgn0003356,1,ortholog_many2many
LOC6896707,Jon99Fii,FBgn0039777,0,ortholog_many2many
LOC4803190,CG7168,FBgn0038586,1,ortholog_one2one
LOC4815575,Tango10,FBgn0030330,1,ortholog_one2one
LOC6902496,fan,FBgn0028379,0,ortholog_one2many
LOC4814240,CG12716,FBgn0030439,1,ortholog_one2one
LOC4815331,CG1785,FBgn0030061,1,ortholog_one2one
LOC6898166,CG42287,FBgn0259183,1,ortholog_one2one
LOC4814868,mamo,FBgn0267033,1,ortholog_one2one
LOC6901118,z,FBgn0004050,1,ortholog_one2one
LOC6903186,CG7634,FBgn0037101,0,ortholog_one2many
LOC4803838,Ppa,FBgn0020257,1,ortholog_one2one
LOC4817115,CG4291,FBgn0031287,1,ortholog_one2one
LOC6898223,Or98a,FBgn0039551,0,ortholog_one2many
LOC4803896,CG8613,FBgn0033924,0,ortholog_one2one
LOC6898198,Or65c,FBgn0041623,0,ortholog_many2many
LOC6898198,Or65b,FBgn0041624,0,ortholog_many2many
LOC6898198,Or65a,FBgn0041625,0,ortholog_many2many
LOC26533245,His1:CG33801,FBgn0053801,0,ortholog_many2many
LOC26533245,His1:CG33807,FBgn0053807,0,ortholog_many2many
LOC26533245,His1:CG33819,FBgn0053819,0,ortholog_many2many
LOC26533245,His1:CG33840,FBgn0053840,0,ortholog_many2many
LOC26533245,His1:CG33843,FBgn0053843,0,ortholog_many2many
LOC26533245,His1:CG33846,FBgn0053846,0,ortholog_many2many
LOC26533245,His1:CG33810,FBgn0053810,0,ortholog_many2many
LOC26533245,His1:CG33804,FBgn0053804,0,ortholog_many2many
LOC26533245,His1:CG33816,FBgn0053816,0,ortholog_many2many
LOC26533245,His1:CG33837,FBgn0053837,1,ortholog_many2many
LOC26533245,His1:CG33861,FBgn0053861,0,ortholog_many2many
LOC26533245,His1:CG33855,FBgn0053855,0,ortholog_many2many
LOC26533245,His1:CG33825,FBgn0053825,1,ortholog_many2many
LOC26533245,His1:CG33852,FBgn0053852,0,ortholog_many2many
LOC26533245,His1:CG33831,FBgn0053831,1,ortholog_many2many
LOC26533245,His1:CG33828,FBgn0053828,1,ortholog_many2many
LOC26533245,His1:CG33864,FBgn0053864,0,ortholog_many2many
LOC26533245,His1:CG33813,FBgn0053813,0,ortholog_many2many
LOC26533245,His1:CG31617,FBgn0051617,0,ortholog_many2many
LOC26533245,His1:CG33849,FBgn0053849,0,ortholog_many2many
LOC26533245,His1:CG33822,FBgn0053822,1,ortholog_many2many
LOC26533245,His1:CG33858,FBgn0053858,0,ortholog_many2many
LOC26533245,His1:CG33834,FBgn0053834,1,ortholog_many2many
LOC6903267,REG,FBgn0029133,0,ortholog_one2many
LOC4812320,CG8209,FBgn0035830,1,ortholog_one2many
LOC4801338,CG14302,FBgn0038647,1,ortholog_one2one
LOC4812041,CG13926,FBgn0035243,1,ortholog_one2one
LOC4814727,CG15202,FBgn0030271,1,ortholog_one2one
LOC26532961,smp-30,FBgn0038257,1,ortholog_one2one
LOC6902903,CLIP-190,FBgn0020503,1,ortholog_one2one
LOC4801855,Ir92a,FBgn0038789,1,ortholog_one2one
LOC4804153,CG5742,FBgn0034304,1,ortholog_one2one
LOC4805293,CG2852,FBgn0034753,0,ortholog_one2one
LOC4816620,senju,FBgn0031676,1,ortholog_one2one
LOC26533608,CG42372,FBgn0259718,1,ortholog_one2one
LOC4816493,MRP,FBgn0032456,1,ortholog_one2one
LOC4800946,obe,FBgn0038344,1,ortholog_one2one
LOC4813185,Cln3,FBgn0036756,1,ortholog_one2one
LOC4815857,bbx,FBgn0024251,1,ortholog_one2one
LOC6901954,wapl,FBgn0004655,0,ortholog_one2one
LOC4803884,Dh44-R1,FBgn0033932,1,ortholog_one2one
LOC4801877,Nsf2,FBgn0266464,1,ortholog_one2one
LOC4801929,CG14676,FBgn0037388,1,ortholog_one2one
LOC4816796,CG13690,FBgn0031252,1,ortholog_one2one
LOC6898447,Rap2l,FBgn0283666,1,ortholog_one2one
LOC6902960,r2d2,FBgn0031951,0,ortholog_one2many
LOC6901559,CG9903,FBgn0030756,0,ortholog_one2one
LOC4804612,mip40,FBgn0034430,0,ortholog_one2one
LOC4817219,SoYb,FBgn0051755,1,ortholog_one2one
LOC4802542,CG9590,FBgn0038360,1,ortholog_one2one
LOC6900308,CNMaR,FBgn0053696,1,ortholog_one2one
LOC4817477,tank,FBgn0031635,1,ortholog_one2one
LOC4816119,Coprox,FBgn0021944,1,ortholog_one2one
LOC4802619,CG10041,FBgn0038014,1,ortholog_one2one
LOC4817021,vir-1,FBgn0043841,1,ortholog_one2one
LOC6900117,ABCB7,FBgn0035244,1,ortholog_one2one
LOC4805087,ced-6,FBgn0029092,1,ortholog_one2one
LOC4815640,IntS2,FBgn0030858,1,ortholog_one2one
LOC4816490,CG17118,FBgn0032291,1,ortholog_one2one
LOC6896683,CG33483,FBgn0053483,1,ortholog_one2many
LOC6903313,Nipped-B,FBgn0026401,0,ortholog_one2one
LOC4803290,Ref1,FBgn0010774,1,ortholog_one2one
LOC6900130,Muc68D,FBgn0036203,1,ortholog_one2one
LOC4812147,CG10357,FBgn0035453,1,ortholog_one2one
LOC4804906,Vps13,FBgn0033194,1,ortholog_one2one
LOC6897350,CG34284,FBgn0085313,1,ortholog_one2one
LOC4816365,barr,FBgn0014127,1,ortholog_one2many
LOC4816752,Trim9,FBgn0051721,0,ortholog_one2one
LOC4801970,CG8043,FBgn0037610,0,ortholog_one2one
LOC4802883,Mhcl,FBgn0026059,1,ortholog_one2one
LOC4802632,Ada,FBgn0037661,1,ortholog_one2one
LOC4816920,CG4598,FBgn0032160,1,ortholog_one2one
LOC4804082,oys,FBgn0033476,1,ortholog_one2one
LOC6896762,CG14507,FBgn0039655,1,ortholog_one2one
LOC4816547,l(2)34Fd,FBgn0261535,1,ortholog_one2one
LOC4802056,Sym,FBgn0037371,1,ortholog_one2one
LOC4815288,vilya,FBgn0283545,1,ortholog_one2one
LOC4812400,CG17026,FBgn0036550,1,ortholog_one2one
LOC117183169,FucTB,FBgn0032117,1,ortholog_one2many
LOC4812285,srw,FBgn0261952,1,ortholog_one2one
LOC4801325,TwdlP,FBgn0039435,1,ortholog_one2one
LOC6902518,CG14042,FBgn0260451,1,ortholog_one2one
LOC4817584,Tps1,FBgn0027560,1,ortholog_one2one
LOC4801488,CG16904,FBgn0037763,1,ortholog_one2one
LOC6901075,indra,FBgn0035213,0,ortholog_one2many
LOC4812926,Reck,FBgn0036463,1,ortholog_one2one
LOC4815433,CG3546,FBgn0029716,0,ortholog_one2one
LOC6897485,CG33339,FBgn0053339,1,ortholog_one2one
LOC4803283,Acsx2,FBgn0038732,1,ortholog_one2one
LOC4801292,CG2698,FBgn0037536,0,ortholog_one2one
LOC4804486,CG3520,FBgn0034859,1,ortholog_one2one
LOC4804330,Naa35,FBgn0034982,1,ortholog_one2one
LOC4803241,cry,FBgn0025680,1,ortholog_one2one
LOC6903039,cmet,FBgn0040232,1,ortholog_one2many
LOC6903039,cana,FBgn0040233,0,ortholog_one2many
LOC4812251,Dab,FBgn0000414,1,ortholog_one2one
LOC6901398,CG3777,FBgn0024989,0,ortholog_one2one
LOC4805155,CG6329,FBgn0033872,1,ortholog_one2one
LOC4802359,CG31102,FBgn0051102,1,ortholog_one2one
LOC4815013,yin,FBgn0265575,1,ortholog_one2one
LOC4815477,Amun,FBgn0030328,1,ortholog_one2one
LOC4804709,eve,FBgn0000606,1,ortholog_one2one
LOC6901833,Cyp4d2,FBgn0011576,1,ortholog_one2many
LOC4804120,stau,FBgn0003520,1,ortholog_one2one
LOC4801767,CG10694,FBgn0039147,1,ortholog_one2one
LOC4800977,CG6656,FBgn0038912,1,ortholog_one2one
LOC4817768,Tmtc2,FBgn0028481,0,ortholog_one2one
LOC6900606,klu,FBgn0013469,1,ortholog_one2many
LOC6900606,CG4318,FBgn0030455,0,ortholog_one2many
LOC4814426,GstT4,FBgn0030484,1,ortholog_one2one
LOC4816609,CG10481,FBgn0032827,1,ortholog_one2one
LOC6900255,CG14095,FBgn0036870,0,ortholog_one2one
LOC4812282,Hpd,FBgn0036992,1,ortholog_one2one
LOC4817947,Ucp4C,FBgn0031757,0,ortholog_one2one
LOC117185637,His2A:CG33808,FBgn0053808,1,ortholog_one2one
LOC6901217,CG34283,FBgn0085312,0,ortholog_many2many
LOC6901217,CG32625,FBgn0052625,1,ortholog_many2many
LOC6902807,uncNacbeta,FBgn0031264,1,ortholog_one2one
LOC4813902,NaPi-III,FBgn0260795,0,ortholog_one2one
LOC4812554,CG3434,FBgn0036000,1,ortholog_one2one
LOC4817989,CIAPIN1,FBgn0001977,1,ortholog_one2one
LOC4817473,CG7840,FBgn0032014,1,ortholog_one2one
LOC4815436,mRpL14,FBgn0040389,1,ortholog_one2one
LOC4800524,Vha55,FBgn0005671,1,ortholog_one2one
LOC6898044,SmD3,FBgn0023167,1,ortholog_one2one
LOC4805162,Cpr50Ca,FBgn0033867,1,ortholog_one2one
LOC6896832,Prp39,FBgn0039600,1,ortholog_one2one
LOC6897848,Fer1,FBgn0037475,1,ortholog_one2one
LOC26534267,His1:CG33801,FBgn0053801,0,ortholog_many2many
LOC26534267,His1:CG33807,FBgn0053807,1,ortholog_many2many
LOC26534267,His1:CG33819,FBgn0053819,0,ortholog_many2many
LOC26534267,His1:CG33840,FBgn0053840,0,ortholog_many2many
LOC26534267,His1:CG33843,FBgn0053843,1,ortholog_many2many
LOC26534267,His1:CG33846,FBgn0053846,0,ortholog_many2many
LOC26534267,His1:CG33810,FBgn0053810,1,ortholog_many2many
LOC26534267,His1:CG33804,FBgn0053804,1,ortholog_many2many
LOC26534267,His1:CG33816,FBgn0053816,1,ortholog_many2many
LOC26534267,His1:CG33837,FBgn0053837,0,ortholog_many2many
LOC26534267,His1:CG33861,FBgn0053861,1,ortholog_many2many
LOC26534267,His1:CG33855,FBgn0053855,0,ortholog_many2many
LOC26534267,His1:CG33825,FBgn0053825,1,ortholog_many2many
LOC26534267,His1:CG33852,FBgn0053852,0,ortholog_many2many
LOC26534267,His1:CG33831,FBgn0053831,0,ortholog_many2many
LOC26534267,His1:CG33828,FBgn0053828,0,ortholog_many2many
LOC26534267,His1:CG33864,FBgn0053864,1,ortholog_many2many
LOC26534267,His1:CG33813,FBgn0053813,1,ortholog_many2many
LOC26534267,His1:CG31617,FBgn0051617,0,ortholog_many2many
LOC26534267,His1:CG33849,FBgn0053849,0,ortholog_many2many
LOC26534267,His1:CG33822,FBgn0053822,1,ortholog_many2many
LOC26534267,His1:CG33858,FBgn0053858,0,ortholog_many2many
LOC26534267,His1:CG33834,FBgn0053834,1,ortholog_many2many
LOC4816527,Sec71,FBgn0028538,1,ortholog_one2one
LOC117183610,His4:CG33883,FBgn0053883,1,ortholog_one2many
LOC117183610,His4:CG33905,FBgn0053905,1,ortholog_one2many
LOC4802415,CG5112,FBgn0039341,1,ortholog_one2one
LOC4817611,CG14341,FBgn0031315,1,ortholog_one2one
LOC4814226,Dna2,FBgn0288690,1,ortholog_one2one
LOC4812069,Dic61B,FBgn0263988,1,ortholog_one2one
LOC6898161,ND-MWFE,FBgn0085468,1,ortholog_one2one
LOC4805441,Samtor,FBgn0035035,1,ortholog_one2one
LOC4813352,CG32263,FBgn0052263,1,ortholog_one2one
LOC4814746,CG5937,FBgn0029834,1,ortholog_one2one
LOC4801412,Paip2,FBgn0038100,1,ortholog_one2one
LOC4812040,CG9451,FBgn0036876,1,ortholog_one2one
LOC6899944,CG33965,FBgn0053965,1,ortholog_one2one
LOC4802364,GlnRS,FBgn0027090,1,ortholog_one2one
LOC6901927,Cox17,FBgn0030610,1,ortholog_one2many
LOC4816346,CG15255,FBgn0028950,0,ortholog_one2one
LOC4817825,holn1,FBgn0032250,0,ortholog_one2one
LOC6901031,CG15040,FBgn0030940,0,ortholog_one2one
LOC4814689,tty,FBgn0015558,0,ortholog_one2one
LOC4804813,Dp1,FBgn0027835,1,ortholog_one2one
LOC6902333,Ir40a,FBgn0259683,1,ortholog_one2one
LOC6897032,Polr1E,FBgn0038601,0,ortholog_one2one
LOC4817507,Eno,FBgn0000579,1,ortholog_one2one
LOC4817830,mid,FBgn0261963,1,ortholog_one2one
LOC4812454,CG7565,FBgn0035833,1,ortholog_one2one
LOC4800525,Snx3,FBgn0038065,1,ortholog_one2one
LOC6896983,Eip93F,FBgn0264490,1,ortholog_one2one
LOC6898840,PpN58A,FBgn0025573,1,ortholog_one2one
LOC4801131,CG6295,FBgn0039471,1,ortholog_one2one
LOC4812859,comm3,FBgn0259236,1,ortholog_one2one
LOC4800778,CG11722,FBgn0037777,1,ortholog_one2one
LOC4812228,PIG-Wb,FBgn0035265,1,ortholog_one2one
LOC4804062,sano,FBgn0034408,1,ortholog_one2one
LOC4804817,slim,FBgn0261477,1,ortholog_one2one
LOC4816548,ND-B17.2,FBgn0031436,1,ortholog_one2one
LOC4816791,Tg,FBgn0031975,1,ortholog_one2one
LOC4816489,Rsph1,FBgn0032478,1,ortholog_one2one
LOC117184152,CG43052,FBgn0262354,1,ortholog_one2one
LOC4814826,CG12698,FBgn0030721,0,ortholog_one2one
LOC4802692,Archease,FBgn0289108,1,ortholog_one2one
LOC4800364,Elal,FBgn0013949,1,ortholog_one2one
LOC4814329,Lztr1,FBgn0040344,1,ortholog_one2one
LOC4814346,CG3815,FBgn0029861,1,ortholog_one2one
LOC4801142,gb,FBgn0039487,1,ortholog_one2one
LOC6900777,CG34012,FBgn0054012,1,ortholog_one2many
LOC6903235,CG9962,FBgn0031441,0,ortholog_one2many
LOC4800345,CG1544,FBgn0039827,1,ortholog_one2one
LOC4814040,CG9953,FBgn0035726,1,ortholog_one2one
LOC6903030,CycB3,FBgn0015625,0,ortholog_one2many
LOC4815151,Evi5,FBgn0262740,1,ortholog_one2one
LOC4816283,Top3alpha,FBgn0040268,1,ortholog_one2one
LOC26533557,CG43057,FBgn0262359,1,ortholog_one2many
LOC117184537,CG7634,FBgn0037101,1,ortholog_one2many
LOC6900181,Ythdc1,FBgn0027616,1,ortholog_one2one
LOC4814339,Ggt-1,FBgn0030932,1,ortholog_one2one
LOC117185635,His2A:CG33865,FBgn0053865,0,ortholog_one2many
LOC117185635,His2A:CG33817,FBgn0053817,1,ortholog_one2many
LOC4817308,mdy,FBgn0004797,1,ortholog_one2one
LOC4801162,Alg13,FBgn0039639,1,ortholog_one2one
LOC6902400,DIP-zeta,FBgn0051708,1,ortholog_one2one
LOC4813673,MnM,FBgn0035410,1,ortholog_one2one
LOC6902514,CG34126,FBgn0083962,1,ortholog_one2one
LOC26534034,CG18284,FBgn0043825,0,ortholog_many2many
LOC26534034,CG31872,FBgn0051872,0,ortholog_many2many
LOC26534034,CG17097,FBgn0265264,0,ortholog_many2many
LOC6900431,Acbp3,FBgn0250836,1,ortholog_one2one
LOC4816875,Polr1B,FBgn0003278,1,ortholog_one2one
LOC4801934,RhoGAP100F,FBgn0039883,1,ortholog_one2one
LOC4812120,PolD1,FBgn0263600,1,ortholog_one2one
LOC6897369,Stat92E,FBgn0016917,1,ortholog_one2one
LOC4814400,CG6179,FBgn0030915,1,ortholog_one2one
LOC4802693,Jhbp16,FBgn0038894,1,ortholog_one2many
LOC6903395,tio,FBgn0028979,1,ortholog_one2one
LOC4800541,CG4393,FBgn0039075,1,ortholog_one2one
LOC4805008,CG12159,FBgn0033232,1,ortholog_one2one
LOC6902771,CG42366,FBgn0259712,1,ortholog_one2one
LOC6900217,CG33263,FBgn0053263,1,ortholog_one2one
LOC6903381,CG43796,FBgn0264340,1,ortholog_one2one
LOC6903042,CG33695,FBgn0052831,1,ortholog_one2one
LOC4815569,CG7772,FBgn0030883,0,ortholog_one2one
LOC6901909,sol,FBgn0003464,1,ortholog_one2one
LOC6902049,Tpr2,FBgn0032586,0,ortholog_one2many
LOC4814580,CG9577,FBgn0031092,1,ortholog_one2one
LOC4813964,CG5262,FBgn0036988,1,ortholog_one2one
LOC4812587,CG11370,FBgn0037181,1,ortholog_one2one
LOC6897067,Cpr97Eb,FBgn0039481,1,ortholog_one2one
LOC6898855,MESK2,FBgn0043070,1,ortholog_one2one
LOC4800753,CG14246,FBgn0040608,1,ortholog_one2one
LOC4812935,park,FBgn0041100,1,ortholog_one2one
LOC4800453,Wsck,FBgn0046685,1,ortholog_one2one
LOC6896869,Ets98B,FBgn0005659,1,ortholog_one2one
LOC4801976,CG1910,FBgn0022349,1,ortholog_one2one
LOC4813120,Ptp69D,FBgn0014007,1,ortholog_one2one
LOC26532384,CG43403,FBgn0263322,1,ortholog_one2one
LOC4812459,CG15022,FBgn0035547,1,ortholog_one2one
LOC4813137,Gug,FBgn0010825,1,ortholog_one2one
LOC4812518,CG13024,FBgn0036665,1,ortholog_one2one
LOC4817425,kon,FBgn0032683,1,ortholog_one2one
LOC4814770,CG1575,FBgn0029999,1,ortholog_one2one
LOC4801798,ato,FBgn0010433,1,ortholog_one2one
LOC4816111,Hrb27C,FBgn0004838,1,ortholog_one2one
LOC6897320,CG34290,FBgn0085319,1,ortholog_one2one
LOC4804808,GstE1,FBgn0034335,1,ortholog_one2one
LOC6897102,CG42823,FBgn0262005,1,ortholog_one2many
LOC6900488,CG32112,FBgn0052112,0,ortholog_one2one
LOC4816123,CG13775,FBgn0031874,1,ortholog_one2one
LOC4804331,speck,FBgn0287831,1,ortholog_one2one
LOC4803808,Atg9,FBgn0034110,1,ortholog_one2one
LOC4800932,vret,FBgn0263143,1,ortholog_one2many
LOC4802797,CG6962,FBgn0037958,1,ortholog_one2one
LOC4811974,Ptpmeg,FBgn0261985,1,ortholog_one2one
LOC4801515,Tti1,FBgn0037741,1,ortholog_one2one
LOC4817530,Got2,FBgn0001125,1,ortholog_one2one
LOC6896996,Cyp12a5,FBgn0038680,1,ortholog_many2many
LOC6896996,Cyp12a4,FBgn0038681,1,ortholog_many2many
LOC4805127,Uba1,FBgn0023143,1,ortholog_one2one
LOC4802605,Cog1,FBgn0037998,1,ortholog_one2one
LOC4817647,Faf2,FBgn0025608,1,ortholog_one2one
LOC13036531,mRpL37,FBgn0261380,1,ortholog_one2one
LOC4812589,axo,FBgn0262870,1,ortholog_one2one
LOC4803197,ninaG,FBgn0037896,1,ortholog_one2one
LOC6897611,CG14668,FBgn0037320,0,ortholog_one2one
LOC6897995,Acsx4,FBgn0038734,1,ortholog_one2one
LOC4802277,Ass,FBgn0026565,1,ortholog_one2one
LOC4803095,Su(var)3-9,FBgn0263755,1,ortholog_one2one
LOC4802566,CG17930,FBgn0038416,1,ortholog_one2one
LOC4815905,wap,FBgn0266848,1,ortholog_one2one
LOC4814058,Cpr67B,FBgn0035985,1,ortholog_one2one
LOC6901442,Dus2,FBgn0030554,1,ortholog_one2one
LOC6903009,CG34175,FBgn0085204,1,ortholog_one2one
LOC4802337,Rbf2,FBgn0038390,1,ortholog_one2one
LOC6901210,CG12121,FBgn0030109,1,ortholog_one2one
LOC4803040,CG11975,FBgn0037648,1,ortholog_one2one
LOC4804320,CG16786,FBgn0034974,1,ortholog_one2one
LOC4816647,CG18858,FBgn0042175,1,ortholog_one2many
LOC4816647,CG31683,FBgn0051683,1,ortholog_one2many
LOC6902632,CG44085,FBgn0264894,1,ortholog_one2one
LOC4815072,Tob,FBgn0028397,1,ortholog_one2one
LOC4812965,CG11456,FBgn0037031,0,ortholog_one2one
LOC4815430,hfw,FBgn0001189,1,ortholog_one2one
LOC6897150,CG6420,FBgn0039451,1,ortholog_one2one
LOC6901779,CHES-1-like,FBgn0029504,1,ortholog_one2one
LOC6901403,sc,FBgn0004170,1,ortholog_one2one
LOC6902829,Acp1,FBgn0014454,1,ortholog_one2one
LOC4800255,ocn,FBgn0041102,1,ortholog_one2many
LOC4800255,janB,FBgn0001281,1,ortholog_one2many
LOC4803960,CG30197,FBgn0050197,1,ortholog_one2one
LOC6896807,CG10182,FBgn0039091,1,ortholog_many2many
LOC6896807,CG16723,FBgn0039092,1,ortholog_many2many
LOC6896807,CG13325,FBgn0033792,0,ortholog_many2many
LOC6896807,CG33337,FBgn0053337,1,ortholog_many2many
LOC6896807,CG10183,FBgn0039093,1,ortholog_many2many
LOC4804223,Prx6c,FBgn0033518,0,ortholog_one2many
LOC4804223,CG12896,FBgn0033521,0,ortholog_one2many
LOC4804223,Prx6b,FBgn0033520,0,ortholog_one2many
LOC4812974,Eaf6,FBgn0035624,1,ortholog_one2one
LOC6901702,Fpgs2,FBgn0051773,0,ortholog_one2many
LOC6900291,CG34260,FBgn0085289,1,ortholog_one2one
LOC4801569,CG10208,FBgn0039118,1,ortholog_one2one
LOC117184134,aub,FBgn0000146,0,ortholog_one2many
LOC4817320,CG42750,FBgn0261804,0,ortholog_one2one
LOC6900775,Grip84,FBgn0026430,0,ortholog_one2many
LOC4800996,kay,FBgn0001297,1,ortholog_one2one
LOC4800247,CG7006,FBgn0039233,1,ortholog_one2one
LOC4814227,CG15252,FBgn0030167,1,ortholog_one2one
LOC4800955,CG5849,FBgn0038897,1,ortholog_one2one
LOC4800480,FipoQ,FBgn0039667,1,ortholog_one2one
LOC4812685,Prps,FBgn0036030,1,ortholog_one2one
LOC6901002,GCS1,FBgn0030289,0,ortholog_one2one
LOC6897986,CG7333,FBgn0038715,1,ortholog_one2one
LOC4801666,Rpn7,FBgn0028688,1,ortholog_one2one
LOC4804003,Dcr-2,FBgn0034246,1,ortholog_one2one
LOC6897994,Acsx3,FBgn0038733,1,ortholog_many2many
LOC6897994,Acsx1R,FBgn0038731,0,ortholog_many2many
LOC6897994,Acsx1L,FBgn0038730,0,ortholog_many2many
LOC4812596,Vdup1,FBgn0035103,1,ortholog_one2one
LOC4815138,Torsin,FBgn0025615,1,ortholog_one2one
LOC4817744,Zir,FBgn0031216,1,ortholog_one2one
LOC4817323,CG31760,FBgn0051760,0,ortholog_one2one
LOC4813146,APP-BP1,FBgn0261112,1,ortholog_one2one
LOC117185197,JTBR,FBgn0025820,1,ortholog_one2many
LOC4817104,dia,FBgn0011202,1,ortholog_one2one
LOC4816511,sna,FBgn0003448,1,ortholog_one2one
LOC4815707,CG12730,FBgn0029771,1,ortholog_one2one
LOC4801800,CG11672,FBgn0037563,1,ortholog_one2one
LOC4815481,Vsx2,FBgn0263512,0,ortholog_one2one
LOC4813572,Eig71Ea,FBgn0004588,0,ortholog_many2many
LOC4813572,Eig71Ed,FBgn0004591,0,ortholog_many2many
LOC4805516,ND-B14.7,FBgn0034576,1,ortholog_one2one
LOC4815425,CG1703,FBgn0030321,0,ortholog_one2one
LOC4804216,tous,FBgn0034745,1,ortholog_one2one
LOC4803387,prel,FBgn0033413,0,ortholog_one2one
LOC4800644,PolE1,FBgn0264326,1,ortholog_one2one
LOC4803393,shu,FBgn0003401,1,ortholog_one2one
LOC4804000,POSH,FBgn0040294,1,ortholog_one2one
LOC4804045,CG13324,FBgn0033789,1,ortholog_many2many
LOC4804045,CG13323,FBgn0033788,1,ortholog_many2many
LOC6897843,Alh,FBgn0261238,1,ortholog_one2one
LOC4812733,RpL14,FBgn0017579,1,ortholog_one2one
LOC4801298,Adgf-D,FBgn0038172,1,ortholog_one2one
LOC6897710,BI-1,FBgn0035871,0,ortholog_one2many
LOC4801106,mino,FBgn0027579,1,ortholog_one2one
LOC4817621,CG14342,FBgn0031324,1,ortholog_one2one
LOC4803806,Nox,FBgn0085428,1,ortholog_one2one
LOC4814299,CG4645,FBgn0030435,1,ortholog_one2one
LOC4800645,slou,FBgn0002941,0,ortholog_one2one
LOC4800394,CG15535,FBgn0039764,1,ortholog_one2one
LOC4804367,CG30001,FBgn0050001,1,ortholog_one2one
LOC4802148,CG13616,FBgn0039200,1,ortholog_one2one
LOC117183712,CG30060,FBgn0265272,1,ortholog_one2one
LOC6897742,AGO2,FBgn0087035,0,ortholog_one2many
LOC4800441,Polr2L,FBgn0039218,1,ortholog_one2one
LOC4805197,AspRS,FBgn0002069,1,ortholog_one2one
LOC4802272,lab,FBgn0002522,1,ortholog_one2one
LOC4817488,CG4455,FBgn0028506,1,ortholog_one2one
LOC6900624,CG32262,FBgn0052262,1,ortholog_one2one
LOC4801148,Men-b,FBgn0029155,1,ortholog_one2one
LOC6898493,lectin-46Ca,FBgn0040093,0,ortholog_one2one
LOC4803664,CG8490,FBgn0033715,0,ortholog_one2one
LOC4813856,Coq4,FBgn0052174,1,ortholog_one2one
LOC4817940,DIP-kappa,FBgn0051814,1,ortholog_one2one
LOC4812762,snky,FBgn0086916,0,ortholog_one2one
LOC4816678,CG31869,FBgn0051869,1,ortholog_one2one
LOC117183917,CG43055,FBgn0262357,0,ortholog_many2many
LOC117183917,Sfp24F,FBgn0259958,0,ortholog_many2many
LOC6902958,CG10600,FBgn0032717,1,ortholog_one2one
LOC4801249,CG18766,FBgn0042111,1,ortholog_one2one
LOC6902679,CG10651,FBgn0032853,0,ortholog_one2many
LOC6902466,ACXE,FBgn0040506,1,ortholog_many2many
LOC6902466,ACXB,FBgn0040509,1,ortholog_many2many
LOC6902466,ACXA,FBgn0040510,1,ortholog_many2many
LOC6902466,ACXC,FBgn0040508,1,ortholog_many2many
LOC4812203,CG13720,FBgn0035555,1,ortholog_one2one
LOC4812162,Dbp73D,FBgn0004556,1,ortholog_one2one
LOC4812071,CG32485,FBgn0052485,1,ortholog_one2one
LOC4803688,wash,FBgn0033692,1,ortholog_one2one
LOC4803030,neur,FBgn0002932,1,ortholog_one2one
LOC4800239,CG10877,FBgn0038804,1,ortholog_one2one
LOC6902318,CG32712,FBgn0052712,1,ortholog_one2one
LOC4816049,CG15465,FBgn0029746,1,ortholog_one2one
LOC4804928,muskelin,FBgn0033757,1,ortholog_one2one
LOC6901708,vret,FBgn0263143,0,ortholog_one2many
LOC4814953,CG32687,FBgn0052687,1,ortholog_one2one
LOC6899941,CG32333,FBgn0052333,1,ortholog_one2one
LOC6897356,Pos,FBgn0039887,1,ortholog_one2one
LOC6901173,CG17159,FBgn0039945,1,ortholog_one2one
LOC4802646,CG31460,FBgn0051460,1,ortholog_one2one
LOC6901766,CG15036,FBgn0040922,1,ortholog_one2one
LOC4805200,CG4021,FBgn0034659,0,ortholog_one2many
LOC4805200,CG3927,FBgn0034739,0,ortholog_one2many
LOC4805200,qkr58E-3,FBgn0022984,1,ortholog_one2many
LOC4805200,nsr,FBgn0034740,0,ortholog_one2many
LOC4816072,fiz,FBgn0030594,1,ortholog_one2one
LOC4812252,Lasp,FBgn0063485,1,ortholog_one2one
LOC6898026,Ugt50B3,FBgn0050438,0,ortholog_one2one
LOC4812044,DIP2,FBgn0024806,1,ortholog_one2one
LOC4804747,CG18336,FBgn0040763,1,ortholog_one2one
LOC4813754,hay,FBgn0001179,1,ortholog_one2one
LOC4804663,CG6424,FBgn0028494,1,ortholog_one2one
LOC4813143,IRSp53,FBgn0052082,1,ortholog_one2one
LOC4818101,CG31600,FBgn0283728,1,ortholog_one2one
LOC6898634,Cpr47Ef,FBgn0033603,1,ortholog_one2one
LOC6902949,CG15155,FBgn0032669,1,ortholog_one2one
LOC6898181,Cam,FBgn0000253,1,ortholog_one2one
LOC4814138,CG13893,FBgn0035146,1,ortholog_one2one
LOC4801759,CG5986,FBgn0043455,1,ortholog_one2one
LOC4805291,CG18870,FBgn0042180,1,ortholog_one2one
LOC4817622,CG5397,FBgn0031327,1,ortholog_one2one
LOC4814342,Gr9a,FBgn0052693,1,ortholog_one2one
LOC4811676,ND-20,FBgn0030718,0,ortholog_one2one
LOC6903977,mRpL33,FBgn0040907,0,ortholog_one2many
LOC4802097,bdwf,FBgn0038472,1,ortholog_one2one
LOC4804966,Obp56h,FBgn0034475,1,ortholog_one2one
LOC6900626,CG34244,FBgn0085273,1,ortholog_one2one
LOC4812592,Cpr72Eb,FBgn0036618,1,ortholog_one2one
LOC4812906,CG32052,FBgn0044328,0,ortholog_one2one
LOC4817281,CG44153,FBgn0265002,0,ortholog_one2one
LOC4814372,CG15047,FBgn0030938,1,ortholog_one2one
LOC4815877,Rok,FBgn0026181,0,ortholog_one2one
LOC6897269,AttA,FBgn0012042,0,ortholog_many2many
LOC6897269,AttB,FBgn0041581,0,ortholog_many2many
LOC4800891,Cdk2,FBgn0004107,1,ortholog_one2one
LOC4803081,CG4459,FBgn0038753,1,ortholog_one2one
LOC4815676,CG12398,FBgn0030596,1,ortholog_one2one
LOC117184076,CG41561,FBgn0085692,0,ortholog_one2one
LOC4816016,CG3626,FBgn0029706,1,ortholog_one2one
LOC4812231,RpL10Ab,FBgn0036213,1,ortholog_one2one
LOC4815718,Tango5,FBgn0052675,1,ortholog_one2one
LOC4812064,CG13707,FBgn0035578,1,ortholog_one2one
LOC4804567,PPO2,FBgn0033367,1,ortholog_one2one
LOC4817807,bdl,FBgn0028482,1,ortholog_one2one
LOC4812738,CG6638,FBgn0035911,0,ortholog_one2one
LOC4812318,Ltn1,FBgn0262517,1,ortholog_one2one
LOC4815355,Nsun2,FBgn0026079,1,ortholog_one2one
LOC4815679,CG17754,FBgn0030114,1,ortholog_one2one
LOC4813315,CG7548,FBgn0035792,1,ortholog_one2one
LOC4801900,Osi8,FBgn0037415,1,ortholog_one2one
LOC4801735,CG5382,FBgn0038950,1,ortholog_one2one
LOC4815486,Septin1,FBgn0011710,1,ortholog_one2one
LOC4816334,CG4891,FBgn0028520,1,ortholog_one2one
LOC6902793,Pp2A-29B,FBgn0260439,1,ortholog_one2one
LOC4802423,Ssadh,FBgn0039349,1,ortholog_one2one
LOC6898480,CG43666,FBgn0263741,1,ortholog_one2one
LOC4802208,E(spl)m6-BFM,FBgn0002632,1,ortholog_one2one
LOC4803051,tobi,FBgn0261575,1,ortholog_one2one
LOC6896830,CG33099,FBgn0053099,1,ortholog_one2one
LOC4816654,Mcr,FBgn0267488,1,ortholog_one2one
LOC4802992,Taf7,FBgn0024909,1,ortholog_one2one
LOC6898094,ppk25,FBgn0053349,1,ortholog_one2one
LOC4816264,DIP-iota,FBgn0031837,1,ortholog_one2one
LOC4805116,Map60,FBgn0010342,1,ortholog_one2one
LOC4805279,CG13502,FBgn0034692,1,ortholog_one2one
LOC4800936,CG45049,FBgn0266409,1,ortholog_one2one
LOC4815244,Mcm3,FBgn0284442,1,ortholog_one2one
LOC4816709,Ubc2,FBgn0015320,1,ortholog_one2one
LOC6901406,CG18273,FBgn0029525,1,ortholog_one2one
LOC4816768,Hydr2,FBgn0014906,1,ortholog_one2one
LOC4816733,CycE,FBgn0010382,1,ortholog_one2one
LOC4812212,ZnT63C,FBgn0035432,1,ortholog_one2one
LOC4816799,CG17681,FBgn0032668,1,ortholog_one2one
LOC4816677,rk,FBgn0003255,1,ortholog_one2one
LOC4800705,Efa6,FBgn0051158,0,ortholog_one2one
LOC117184268,Cyp309a1,FBgn0031432,1,ortholog_one2one
LOC4813535,CG3961,FBgn0036821,1,ortholog_one2one
LOC4804467,ppk3,FBgn0050181,1,ortholog_one2one
LOC4805381,olf186-M,FBgn0015522,1,ortholog_one2one
LOC4814302,GlcAT-I,FBgn0066114,1,ortholog_one2one
LOC4812076,CG14971,FBgn0035449,1,ortholog_one2one
LOC6898089,CheB38a,FBgn0067312,0,ortholog_one2many
LOC6898089,CheB42b,FBgn0066293,1,ortholog_one2many
LOC6898089,CheB38b,FBgn0067311,0,ortholog_one2many
LOC6898089,CheB42c,FBgn0066292,1,ortholog_one2many
LOC6898089,CheB38c,FBgn0032888,0,ortholog_one2many
LOC4812163,PGRP-SB1,FBgn0043578,1,ortholog_one2one
LOC4815094,NdufA3,FBgn0040931,1,ortholog_one2one
LOC6899927,mael,FBgn0016034,1,ortholog_one2many
LOC6899816,dpr2,FBgn0261871,1,ortholog_one2one
LOC4817998,prg,FBgn0285971,1,ortholog_one2one
LOC4813118,CG5645,FBgn0036254,1,ortholog_one2one
LOC6901550,nullo,FBgn0004143,1,ortholog_one2one
LOC6903157,Or33b,FBgn0026391,1,ortholog_one2many
LOC4813527,CG6878,FBgn0036488,1,ortholog_one2one
LOC6900464,CG33170,FBgn0053170,0,ortholog_one2many
LOC4801981,eEF1alpha2,FBgn0000557,1,ortholog_one2one
LOC4812328,CG11349,FBgn0035550,1,ortholog_one2one
LOC4817631,CG31924,FBgn0051924,0,ortholog_one2many
LOC117185130,ppk11,FBgn0065109,0,ortholog_one2many
LOC4815127,Phf7,FBgn0031091,1,ortholog_one2one
LOC4800730,CG11333,FBgn0039850,1,ortholog_one2one
LOC6899932,Dhc62B,FBgn0013811,1,ortholog_one2one
LOC6902687,Nrd1,FBgn0030344,0,ortholog_one2many
LOC4816625,beat-Ib,FBgn0028645,0,ortholog_one2one
LOC4812010,CG18808,FBgn0042131,1,ortholog_one2one
LOC4804872,CG12963,FBgn0034031,1,ortholog_one2one
LOC4805727,CG30080,FBgn0050080,1,ortholog_one2one
LOC4800361,CG8420,FBgn0037664,0,ortholog_one2many
LOC4811743,Paf-AHalpha,FBgn0025809,0,ortholog_one2one
LOC4803846,CG30268,FBgn0050268,1,ortholog_one2one
LOC4803026,Mst85C,FBgn0028708,0,ortholog_one2one
LOC4816290,Snx21,FBgn0031457,1,ortholog_one2one
LOC6903162,CG34215,FBgn0085244,0,ortholog_one2many
LOC4815407,SrpRalpha,FBgn0010391,1,ortholog_one2one
LOC4815423,Psf3,FBgn0030196,1,ortholog_one2one
LOC6902117,CG14200,FBgn0031023,1,ortholog_one2one
LOC4801500,CG8507,FBgn0037756,1,ortholog_one2one
LOC26532333,CG5664,FBgn0037082,0,ortholog_one2many
LOC4800590,GstZ2,FBgn0037697,1,ortholog_one2one
LOC5495511,Cpr65Av,FBgn0052405,1,ortholog_one2one
LOC4813748,Prdm13,FBgn0035687,1,ortholog_one2one
LOC4803626,CG15083,FBgn0034399,1,ortholog_one2one
LOC4804372,CG43066,FBgn0262476,1,ortholog_one2one
LOC4805568,Cyp6w1,FBgn0033065,1,ortholog_one2one
LOC4815917,pn,FBgn0003116,1,ortholog_one2one
LOC6898332,CG42239,FBgn0250868,1,ortholog_one2one
LOC4813100,CG12301,FBgn0036514,1,ortholog_one2one
LOC4802696,RnpS1,FBgn0037707,1,ortholog_one2one
LOC4801223,Cdc16,FBgn0025781,1,ortholog_one2one
LOC4800598,CG9356,FBgn0037688,1,ortholog_one2one
LOC4801514,Rpt3R,FBgn0037742,1,ortholog_one2one
LOC4802939,Dtwd2,FBgn0037492,1,ortholog_one2one
LOC4812384,ImpE2,FBgn0001254,1,ortholog_one2one
LOC4801180,side,FBgn0016061,1,ortholog_one2one
LOC4815751,FarO,FBgn0023550,1,ortholog_one2one
LOC4801140,spz,FBgn0003495,1,ortholog_one2one
LOC4812458,EMC10,FBgn0052441,1,ortholog_one2one
LOC4811841,Rad23,FBgn0026777,1,ortholog_one2one
LOC4800885,GluRIIE,FBgn0051201,1,ortholog_one2one
LOC4817643,Rab3GAP1,FBgn0051935,1,ortholog_one2one
LOC4811879,CG32240,FBgn0052240,1,ortholog_one2one
LOC6901824,CARPA,FBgn0029962,1,ortholog_one2one
LOC4801171,CG3368,FBgn0039508,1,ortholog_one2one
LOC4802017,dsx,FBgn0000504,1,ortholog_one2one
LOC4813059,Polr2H,FBgn0037121,1,ortholog_one2one
LOC6903361,CG40191,FBgn0058191,0,ortholog_one2one
LOC4805465,fdl,FBgn0045063,1,ortholog_one2one
LOC4801946,NK7.1,FBgn0024321,1,ortholog_one2one
LOC6903460,Vha16-5,FBgn0032294,0,ortholog_one2one
LOC4805469,CG8818,FBgn0033751,1,ortholog_one2one
LOC4803382,CG8778,FBgn0033761,1,ortholog_many2many
LOC6900992,CG42245,FBgn0250911,1,ortholog_one2one
LOC4817591,S,FBgn0003310,1,ortholog_one2one
LOC4816734,ND-B17,FBgn0001989,1,ortholog_one2one
LOC4816032,CG17777,FBgn0040900,1,ortholog_one2one
LOC4804019,CG2915,FBgn0033241,1,ortholog_one2one
LOC6900435,Cpr65Eb,FBgn0035736,1,ortholog_one2many
LOC4811786,Gyf,FBgn0039936,1,ortholog_one2one
LOC6904123,Cdk1,FBgn0004106,0,ortholog_one2one
LOC5495516,PGRP-SC1b,FBgn0033327,1,ortholog_many2many
LOC5495516,PGRP-SC1a,FBgn0043576,1,ortholog_many2many
LOC4804524,Sesn,FBgn0034897,1,ortholog_one2one
LOC4805683,Idgf6,FBgn0013763,1,ortholog_one2one
LOC4804358,128up,FBgn0010339,1,ortholog_one2one
LOC6898081,S-Lap5,FBgn0033860,0,ortholog_one2many
LOC4804215,Vps20,FBgn0034744,1,ortholog_one2one
LOC6902370,LManIV,FBgn0032067,1,ortholog_one2one
LOC4811682,Cox10,FBgn0032222,0,ortholog_one2one
LOC6897423,Os-C,FBgn0010401,1,ortholog_one2one
LOC4814898,SWIP,FBgn0030739,1,ortholog_one2one
LOC4815199,Pvf1,FBgn0030964,0,ortholog_one2one
LOC6900643,dpr6,FBgn0040823,1,ortholog_one2one
LOC4818146,Hsp60D,FBgn0032525,1,ortholog_one2one
LOC4812112,RhoGEF3,FBgn0264707,1,ortholog_one2one
LOC4812565,CG11353,FBgn0035557,0,ortholog_one2one
LOC4803949,CG10209,FBgn0033971,1,ortholog_one2one
LOC4803953,CG9875,FBgn0034850,1,ortholog_one2one
LOC6900434,Cpr65Ec,FBgn0035737,1,ortholog_one2one
LOC4815234,sqh,FBgn0003514,1,ortholog_one2one
LOC6904087,shams,FBgn0039273,1,ortholog_one2one
LOC6899285,CG6791,FBgn0037918,1,ortholog_one2one
LOC117183621,His1:CG33801,FBgn0053801,0,ortholog_many2many
LOC117183621,His1:CG33807,FBgn0053807,1,ortholog_many2many
LOC117183621,His1:CG33819,FBgn0053819,0,ortholog_many2many
LOC117183621,His1:CG33840,FBgn0053840,0,ortholog_many2many
LOC117183621,His1:CG33843,FBgn0053843,1,ortholog_many2many
LOC117183621,His1:CG33846,FBgn0053846,0,ortholog_many2many
LOC117183621,His1:CG33810,FBgn0053810,1,ortholog_many2many
LOC117183621,His1:CG33804,FBgn0053804,1,ortholog_many2many
LOC117183621,His1:CG33816,FBgn0053816,1,ortholog_many2many
LOC117183621,His1:CG33837,FBgn0053837,0,ortholog_many2many
LOC117183621,His1:CG33861,FBgn0053861,1,ortholog_many2many
LOC117183621,His1:CG33855,FBgn0053855,0,ortholog_many2many
LOC117183621,His1:CG33825,FBgn0053825,1,ortholog_many2many
LOC117183621,His1:CG33852,FBgn0053852,0,ortholog_many2many
LOC117183621,His1:CG33831,FBgn0053831,1,ortholog_many2many
LOC117183621,His1:CG33828,FBgn0053828,1,ortholog_many2many
LOC117183621,His1:CG33864,FBgn0053864,0,ortholog_many2many
LOC117183621,His1:CG33813,FBgn0053813,1,ortholog_many2many
LOC117183621,His1:CG31617,FBgn0051617,0,ortholog_many2many
LOC117183621,His1:CG33849,FBgn0053849,0,ortholog_many2many
LOC117183621,His1:CG33822,FBgn0053822,1,ortholog_many2many
LOC117183621,His1:CG33858,FBgn0053858,0,ortholog_many2many
LOC117183621,His1:CG33834,FBgn0053834,1,ortholog_many2many
LOC6901048,CG6659,FBgn0030946,1,ortholog_one2one
LOC4804500,CG9864,FBgn0034490,1,ortholog_one2one
LOC4803265,Cpr92A,FBgn0038714,1,ortholog_one2one
LOC4803778,CG9485,FBgn0034618,1,ortholog_one2one
LOC4815139,Hsc70-3,FBgn0001218,1,ortholog_one2one
LOC6901035,Tengl3,FBgn0051679,0,ortholog_one2many
LOC4813236,grim,FBgn0015946,1,ortholog_one2one
LOC4801629,CG14356,FBgn0038207,1,ortholog_one2one
LOC6900846,Mi-2,FBgn0262519,1,ortholog_one2many
LOC6900846,Chd3,FBgn0023395,0,ortholog_one2many
LOC4812992,ATPsynbetaL,FBgn0036568,1,ortholog_one2one
LOC4813480,Lcp65Ac,FBgn0020642,1,ortholog_one2one
LOC4816743,Edem2,FBgn0032480,1,ortholog_one2one
LOC4800770,nerfin-2,FBgn0041105,1,ortholog_one2one
LOC4816080,hiw,FBgn0030600,0,ortholog_one2one
LOC117183927,CG5781,FBgn0032448,1,ortholog_one2one
LOC117185196,Patj,FBgn0067864,1,ortholog_one2many
LOC26534298,nudE,FBgn0036059,1,ortholog_one2one
LOC4812466,CG14100,FBgn0036889,1,ortholog_one2one
LOC4815671,CG2233,FBgn0029990,1,ortholog_one2one
LOC6901547,sloth2,FBgn0259204,1,ortholog_one2one
LOC6900045,CG15023,FBgn0035548,1,ortholog_one2one
LOC6900186,CycJ,FBgn0010317,1,ortholog_one2many
LOC6903084,CG33322,FBgn0053322,1,ortholog_one2one
LOC4815927,CG9609,FBgn0030787,1,ortholog_one2one
LOC4804343,Nup50,FBgn0033264,1,ortholog_one2many
LOC4800761,CG31269,FBgn0051269,1,ortholog_one2one
LOC6901573,Rab10,FBgn0015789,1,ortholog_one2one
LOC6898167,CG42288,FBgn0259184,1,ortholog_one2one
LOC4801656,CG14362,FBgn0038186,1,ortholog_one2one
LOC4805021,CG13203,FBgn0033628,1,ortholog_one2one
LOC117185148,Or85c,FBgn0037591,1,ortholog_one2one
LOC4800428,polybromo,FBgn0039227,1,ortholog_one2one
LOC6897581,CG31251,FBgn0051251,1,ortholog_one2one
LOC4813760,Syn1,FBgn0037130,1,ortholog_one2one
LOC4814606,CG17959,FBgn0029647,1,ortholog_one2one
LOC4804597,CG11788,FBgn0034495,1,ortholog_one2one
LOC117184526,Snp,FBgn0265192,0,ortholog_one2many
LOC4804903,scra,FBgn0261385,1,ortholog_one2one
LOC4817588,CG15429,FBgn0031596,1,ortholog_one2one
LOC4816415,nAChRalpha5,FBgn0028875,1,ortholog_one2one
LOC4800727,Gprk2,FBgn0261988,1,ortholog_one2one
LOC4811736,Tmem214,FBgn0053129,1,ortholog_one2one
LOC6902231,CG42512,FBgn0260238,1,ortholog_one2one
LOC117185607,His1:CG33801,FBgn0053801,0,ortholog_many2many
LOC117185607,His1:CG33807,FBgn0053807,0,ortholog_many2many
LOC117185607,His1:CG33819,FBgn0053819,1,ortholog_many2many
LOC117185607,His1:CG33840,FBgn0053840,0,ortholog_many2many
LOC117185607,His1:CG33843,FBgn0053843,1,ortholog_many2many
LOC117185607,His1:CG33846,FBgn0053846,1,ortholog_many2many
LOC117185607,His1:CG33810,FBgn0053810,0,ortholog_many2many
LOC117185607,His1:CG33804,FBgn0053804,0,ortholog_many2many
LOC117185607,His1:CG33816,FBgn0053816,1,ortholog_many2many
LOC117185607,His1:CG33837,FBgn0053837,0,ortholog_many2many
LOC117185607,His1:CG33861,FBgn0053861,0,ortholog_many2many
LOC117185607,His1:CG33855,FBgn0053855,0,ortholog_many2many
LOC117185607,His1:CG33825,FBgn0053825,0,ortholog_many2many
LOC117185607,His1:CG33852,FBgn0053852,0,ortholog_many2many
LOC117185607,His1:CG33831,FBgn0053831,0,ortholog_many2many
LOC117185607,His1:CG33828,FBgn0053828,0,ortholog_many2many
LOC117185607,His1:CG33864,FBgn0053864,0,ortholog_many2many
LOC117185607,His1:CG33813,FBgn0053813,1,ortholog_many2many
LOC117185607,His1:CG31617,FBgn0051617,0,ortholog_many2many
LOC117185607,His1:CG33849,FBgn0053849,0,ortholog_many2many
LOC117185607,His1:CG33822,FBgn0053822,0,ortholog_many2many
LOC117185607,His1:CG33858,FBgn0053858,0,ortholog_many2many
LOC117185607,His1:CG33834,FBgn0053834,1,ortholog_many2many
LOC4802064,Rpn5,FBgn0028690,1,ortholog_one2one
LOC4816673,Lip4,FBgn0032264,1,ortholog_one2one
LOC6898047,EndoG,FBgn0033690,0,ortholog_one2one
LOC4800373,PH4alphaSG2,FBgn0039779,1,ortholog_one2one
LOC6898782,CG7741,FBgn0033615,1,ortholog_one2one
LOC4805474,Prosbeta1,FBgn0010590,1,ortholog_one2one
LOC6902173,fd3F,FBgn0264954,0,ortholog_one2one
LOC4800271,eIF2Balpha,FBgn0039726,1,ortholog_one2one
LOC4812870,CG10589,FBgn0037035,1,ortholog_one2one
LOC4804183,Pkc53E,FBgn0003091,1,ortholog_one2one
LOC6898109,Incenp,FBgn0260991,1,ortholog_one2many
LOC4802603,Adk1,FBgn0037995,1,ortholog_one2one
LOC4817319,rempA,FBgn0260933,1,ortholog_one2one
LOC4818040,CG11630,FBgn0032964,1,ortholog_one2one
LOC4817914,CG10165,FBgn0032801,1,ortholog_one2one
LOC4818042,TTLL3B,FBgn0031853,1,ortholog_one2many
LOC4801974,gwl,FBgn0260399,0,ortholog_one2one
LOC6900440,RhoGAP68F,FBgn0036257,1,ortholog_one2one
LOC6897746,CG16789,FBgn0037712,0,ortholog_one2one
LOC4818020,CG11034,FBgn0031741,1,ortholog_one2one
LOC6902371,LManV,FBgn0032068,1,ortholog_many2many
LOC6902371,LManVI,FBgn0032069,1,ortholog_many2many
LOC4812053,CG6652,FBgn0036687,1,ortholog_one2one
LOC4815126,e(r),FBgn0011586,1,ortholog_one2one
LOC4813504,hid,FBgn0003997,1,ortholog_one2one
LOC4814991,CG2260,FBgn0030000,1,ortholog_one2one
LOC4802561,CG14879,FBgn0038419,1,ortholog_one2one
LOC6900929,teq,FBgn0023479,1,ortholog_one2one
LOC4818074,nolo,FBgn0051619,0,ortholog_one2one
LOC4818164,CG5171,FBgn0031907,1,ortholog_one2one
LOC6897347,Sgt1,FBgn0265101,1,ortholog_one2many
LOC4813134,CG7551,FBgn0036161,1,ortholog_one2one
LOC4815650,CG6299,FBgn0030641,1,ortholog_one2one
LOC4814054,msk,FBgn0026252,1,ortholog_one2one
LOC6897111,Mur89F,FBgn0038492,1,ortholog_one2one
LOC6897003,mthl7,FBgn0035847,0,ortholog_one2many
LOC6897003,mthl12,FBgn0045442,0,ortholog_one2many
LOC6897003,mthl6,FBgn0035789,0,ortholog_one2many
LOC6897003,mthl13,FBgn0050018,0,ortholog_one2many
LOC4800340,CG15554,FBgn0039820,1,ortholog_one2one
LOC6903975,mRpL33,FBgn0040907,0,ortholog_one2many
LOC4815306,brn,FBgn0000221,1,ortholog_one2one
LOC117183241,CG8870,FBgn0038144,0,ortholog_one2many
LOC117183241,CG18754,FBgn0042106,1,ortholog_one2many
LOC117183241,CG31219,FBgn0051219,0,ortholog_one2many
LOC117183241,CG31220,FBgn0051220,0,ortholog_one2many
LOC117183241,CG10232,FBgn0039108,0,ortholog_one2many
LOC117183241,CG12133,FBgn0033469,0,ortholog_one2many
LOC117183241,CG16710,FBgn0039101,1,ortholog_one2many
LOC4804469,mi,FBgn0261786,1,ortholog_one2one
LOC117183220,CG8774,FBgn0038136,1,ortholog_one2one
LOC4803744,Jabba,FBgn0259682,1,ortholog_one2one
LOC4805313,Prosbeta5,FBgn0029134,1,ortholog_one2one
LOC4801892,Osi13,FBgn0037422,1,ortholog_one2one
LOC4814156,Ldh,FBgn0001258,1,ortholog_one2one
LOC6897435,asl,FBgn0261004,1,ortholog_one2one
LOC4803509,ken,FBgn0011236,1,ortholog_one2one
LOC4815710,CG2256,FBgn0029995,1,ortholog_one2one
LOC4802344,CG31087,FBgn0051087,1,ortholog_one2one
LOC4804572,CNT1,FBgn0033371,1,ortholog_one2one
LOC117183539,CG13589,FBgn0035011,1,ortholog_one2many
LOC6897474,FoxP,FBgn0262477,0,ortholog_one2one
LOC6897440,CG31549,FBgn0051549,1,ortholog_one2one
LOC6903895,RluA-1,FBgn0051719,1,ortholog_one2one
LOC4802496,CG1116,FBgn0037297,0,ortholog_one2one
LOC4813603,nst,FBgn0036298,1,ortholog_one2one
LOC4815282,CG32816,FBgn0052816,1,ortholog_one2one
LOC26533094,LSm-4,FBgn0067622,0,ortholog_one2one
LOC4818047,CG9021,FBgn0031747,1,ortholog_one2one
LOC6902244,CG15800,FBgn0034904,0,ortholog_one2many
LOC4805705,NtR,FBgn0029147,1,ortholog_one2one
LOC6902297,CG8097,FBgn0030660,1,ortholog_one2many
LOC4812473,l(3)04053,FBgn0010830,1,ortholog_one2one
LOC117184960,CG13405,FBgn0035097,1,ortholog_one2one
LOC4814421,psh,FBgn0030926,1,ortholog_one2many
LOC4814421,Hayan,FBgn0030925,1,ortholog_one2many
LOC6903358,Cht10,FBgn0250907,0,ortholog_one2one
LOC117183986,toc,FBgn0015600,0,ortholog_one2many
LOC4815465,dor,FBgn0000482,1,ortholog_one2one
LOC4813281,CG7924,FBgn0036416,1,ortholog_one2one
LOC6900512,CG32270,FBgn0052270,1,ortholog_one2one
LOC4817925,CG10834,FBgn0032972,0,ortholog_one2one
LOC4817924,AkhR,FBgn0025595,1,ortholog_one2one
LOC4804876,CG8067,FBgn0033891,1,ortholog_one2one
LOC4816607,w-cup,FBgn0032269,0,ortholog_one2one
LOC4814704,CG8028,FBgn0031010,1,ortholog_one2one
LOC4815951,su(sable),FBgn0003575,0,ortholog_one2one
LOC4817632,robo2,FBgn0002543,1,ortholog_one2one
LOC4812725,Arr2,FBgn0000121,1,ortholog_one2one
LOC6901383,CG45072,FBgn0266442,0,ortholog_one2many
LOC4802905,Arc42,FBgn0038742,1,ortholog_one2one
LOC26533992,CG30058,FBgn0050058,1,ortholog_one2many
LOC26533992,CG34312,FBgn0085341,1,ortholog_one2many
LOC4816719,porin,FBgn0004363,1,ortholog_one2one
LOC6899111,CG30280,FBgn0050280,1,ortholog_one2one
LOC4805319,CG12935,FBgn0033547,1,ortholog_one2one
LOC4803186,Ice2,FBgn0038860,0,ortholog_one2one
LOC4814802,CG3939,FBgn0040396,1,ortholog_one2one
LOC4818201,CG9270,FBgn0032908,0,ortholog_one2one
LOC6898303,kn,FBgn0001319,1,ortholog_one2one
LOC4811788,fd102C,FBgn0039937,1,ortholog_one2one
LOC6901932,pie,FBgn0005683,0,ortholog_one2one
LOC4817051,CG15387,FBgn0031403,1,ortholog_one2one
LOC4812993,Dph1,FBgn0036194,1,ortholog_one2one
LOC4801917,Or83c,FBgn0037399,1,ortholog_one2one
LOC4803966,Blos1,FBgn0050077,1,ortholog_one2one
LOC6901952,CG30391,FBgn0050391,0,ortholog_many2many
LOC6901952,CG30393,FBgn0050393,0,ortholog_many2many
LOC6898524,CG13742,FBgn0033372,1,ortholog_one2one
LOC4802554,CG31279,FBgn0051279,1,ortholog_one2one
LOC6902812,CG4297,FBgn0031258,1,ortholog_one2one
LOC4803793,Sema2b,FBgn0264273,0,ortholog_one2one
LOC4817438,Acp32CD,FBgn0023415,1,ortholog_one2one
LOC4817300,CG4751,FBgn0032348,1,ortholog_one2one
LOC4803872,lbk,FBgn0034083,1,ortholog_one2one
LOC4816943,RpS26,FBgn0261597,1,ortholog_one2one
LOC117185093,CG12375,FBgn0031987,0,ortholog_one2many
LOC4802668,Idh3g,FBgn0039358,1,ortholog_one2one
LOC4802303,Hr83,FBgn0037436,0,ortholog_one2one
LOC4802530,CG8176,FBgn0037702,1,ortholog_one2one
LOC4802246,ppan,FBgn0010770,1,ortholog_one2one
LOC4817049,Ets21C,FBgn0005660,1,ortholog_one2one
LOC4814706,CG13403,FBgn0030544,1,ortholog_one2one
LOC4817098,Fnta,FBgn0031633,1,ortholog_one2one
LOC4811927,ko,FBgn0020294,1,ortholog_one2one
LOC4803989,CG12857,FBgn0033963,1,ortholog_one2one
LOC4804214,RpS16,FBgn0034743,1,ortholog_one2one
LOC4803517,CG17658,FBgn0034924,1,ortholog_one2one
LOC4804978,Cyp6a13,FBgn0033304,0,ortholog_one2one
LOC4801426,Men,FBgn0002719,1,ortholog_one2one
LOC6900887,Exo70,FBgn0266667,1,ortholog_one2one
LOC4802105,Cad86C,FBgn0261053,1,ortholog_one2one
LOC4802672,RASSF8,FBgn0261986,1,ortholog_one2one
LOC4812505,CG12016,FBgn0035436,1,ortholog_one2one
LOC4801782,mRpS24,FBgn0039159,1,ortholog_one2one
LOC4813213,PMP34,FBgn0052250,1,ortholog_one2one
LOC4812511,CG2887,FBgn0030207,0,ortholog_one2many
LOC4817779,cact,FBgn0000250,1,ortholog_one2one
LOC4813057,Ak1,FBgn0022709,1,ortholog_one2one
LOC4801121,rod,FBgn0003268,1,ortholog_one2one
LOC4813234,rpr,FBgn0011706,1,ortholog_one2one
LOC4802418,CG4582,FBgn0039344,1,ortholog_one2one
LOC4804706,CG3880,FBgn0035057,1,ortholog_one2one
LOC4802066,PSMG1,FBgn0037378,1,ortholog_one2one
LOC6900500,Elo68beta,FBgn0036128,1,ortholog_one2many
LOC6900500,Elo68alpha,FBgn0052072,1,ortholog_one2many
LOC13036511,CG17490,FBgn0040009,0,ortholog_one2one
LOC4815515,Pgls,FBgn0030239,1,ortholog_one2one
LOC4804581,tsu,FBgn0033378,1,ortholog_one2one
LOC4812138,CG4229,FBgn0036639,1,ortholog_one2one
LOC4816265,CG11050,FBgn0031836,1,ortholog_one2one
LOC6902158,stx,FBgn0052676,1,ortholog_one2one
LOC4811914,CG8765,FBgn0036900,1,ortholog_one2one
LOC4804425,Polr3K,FBgn0061362,1,ortholog_one2one
LOC4803780,RpS15,FBgn0034138,1,ortholog_one2one
LOC4814309,CG15771,FBgn0029801,1,ortholog_one2one
LOC6899859,sv,FBgn0005561,0,ortholog_one2one
LOC13036543,Gpb5,FBgn0063368,0,ortholog_one2one
LOC6900092,Shab,FBgn0262593,1,ortholog_one2one
LOC4817298,aop,FBgn0000097,1,ortholog_one2one
LOC4812321,Gk2,FBgn0035266,1,ortholog_one2one
LOC6896872,CG12426,FBgn0039552,1,ortholog_one2many
LOC4814895,CG15756,FBgn0030493,1,ortholog_one2one
LOC6900589,Hsc70-1,FBgn0001216,1,ortholog_one2one
LOC6897055,TwdlC,FBgn0039469,1,ortholog_one2one
LOC4803433,Zip42C.1,FBgn0033096,1,ortholog_one2one
LOC4812172,mus302,FBgn0287696,1,ortholog_one2one
LOC6896924,DNAlig3,FBgn0286075,1,ortholog_one2one
LOC4802631,beag,FBgn0037660,0,ortholog_one2one
LOC4817700,FIG4,FBgn0031611,0,ortholog_one2one
LOC4817385,CG15170,FBgn0032733,1,ortholog_one2one
LOC4815656,Cdk7,FBgn0263237,1,ortholog_one2one
LOC6902810,MED15,FBgn0027592,1,ortholog_one2one
LOC4800326,CG15550,FBgn0039811,1,ortholog_one2one
LOC4812848,Icmt,FBgn0036336,1,ortholog_one2one
LOC4816417,CG7236,FBgn0031730,1,ortholog_one2one
LOC4804823,Dnaaf3,FBgn0034352,1,ortholog_one2one
LOC4812133,Nubp2,FBgn0037011,1,ortholog_one2one
LOC4816333,CG8475,FBgn0031995,1,ortholog_one2one
LOC4815790,fs(1)K10,FBgn0000810,1,ortholog_one2one
LOC4814032,sgl,FBgn0261445,1,ortholog_one2one
LOC6897342,cav,FBgn0026257,0,ortholog_one2one
LOC4803157,Rim,FBgn0053547,1,ortholog_one2one
LOC4816874,Pif1,FBgn0031540,1,ortholog_one2one
LOC6903396,Grl40a,FBgn0084001,1,ortholog_one2many
LOC4814550,CG5162,FBgn0030828,1,ortholog_one2one
LOC4804927,CG11127,FBgn0033178,1,ortholog_one2one
LOC4817756,CG4935,FBgn0028897,1,ortholog_one2one
LOC6902366,CG32986,FBgn0052986,1,ortholog_one2one
LOC6898236,MFS16,FBgn0034611,1,ortholog_one2one
LOC4812531,Vps36,FBgn0086785,1,ortholog_one2one
LOC6897778,CG1090,FBgn0037238,1,ortholog_one2one
LOC4815122,shtd,FBgn0004391,1,ortholog_one2one
LOC4816670,mRpL28,FBgn0031660,1,ortholog_one2one
LOC6896759,rdog,FBgn0039644,1,ortholog_one2one
LOC4804884,nclb,FBgn0263510,1,ortholog_one2one
LOC4816373,CG13245,FBgn0045827,0,ortholog_one2one
LOC4814435,Xpac,FBgn0004832,1,ortholog_one2one
LOC4804640,CG13428,FBgn0034515,1,ortholog_one2one
LOC4805405,pyr,FBgn0033649,1,ortholog_one2one
LOC117183640,Mvd,FBgn0030683,0,ortholog_one2many
LOC6901478,spri,FBgn0085443,1,ortholog_one2one
LOC4813370,CG2162,FBgn0035388,1,ortholog_one2one
LOC4816482,CG5776,FBgn0032450,1,ortholog_one2one
LOC4803297,AnxB9,FBgn0000083,1,ortholog_one2one
LOC4816911,CG17593,FBgn0031544,1,ortholog_one2one
LOC4800670,HSPBAP1,FBgn0263025,0,ortholog_one2one
LOC4815312,CG12986,FBgn0030868,0,ortholog_one2one
LOC4816855,eys,FBgn0031414,1,ortholog_one2one
LOC4805273,CG11475,FBgn0034687,1,ortholog_one2one
LOC4801290,CG31381,FBgn0043799,1,ortholog_one2one
LOC4815152,Coa8,FBgn0029594,1,ortholog_one2one
LOC4814851,pico,FBgn0261811,1,ortholog_one2one
LOC4801422,beat-Va,FBgn0038087,1,ortholog_one2one
LOC6902353,nop5,FBgn0026196,1,ortholog_one2one
LOC6902701,NimB3,FBgn0054003,1,ortholog_one2one
LOC6903735,CG11634,FBgn0032968,1,ortholog_one2one
LOC4812334,isoQC,FBgn0036999,1,ortholog_one2one
LOC4802917,CG10098,FBgn0037472,1,ortholog_one2one
LOC4802516,BBS5,FBgn0037280,1,ortholog_one2one
LOC6901749,spoon,FBgn0263987,1,ortholog_one2one
LOC117185072,elfless,FBgn0032660,0,ortholog_many2many
LOC117185072,CG43058,FBgn0262360,0,ortholog_many2many
LOC4817241,CG31668,FBgn0051668,0,ortholog_many2many
LOC4817241,CG31262,FBgn0051262,0,ortholog_many2many
LOC4817241,SLC5A11,FBgn0031998,1,ortholog_many2many
LOC4817241,CG33124,FBgn0053124,0,ortholog_many2many
LOC4804410,insc,FBgn0011674,1,ortholog_one2one
LOC4815973,Fum2,FBgn0029890,1,ortholog_one2one
LOC4800749,Tl,FBgn0262473,1,ortholog_one2one
LOC4805326,CAH13,FBgn0033542,1,ortholog_one2one
LOC4817269,CG6144,FBgn0032259,1,ortholog_one2one
LOC4802479,Polr2F,FBgn0003275,1,ortholog_one2one
LOC6896708,Jon99Fi,FBgn0039778,0,ortholog_many2many
LOC6896708,Jon99Ciii,FBgn0003357,0,ortholog_many2many
LOC6896708,Jon99Cii,FBgn0003356,1,ortholog_many2many
LOC6896708,Jon99Fii,FBgn0039777,0,ortholog_many2many
LOC4803538,spt4,FBgn0028683,1,ortholog_one2one
LOC4815478,Rcd-1r,FBgn0032089,0,ortholog_one2many
LOC4815478,Rcd-1,FBgn0031047,0,ortholog_one2many
LOC4800548,Irk2,FBgn0039081,1,ortholog_one2one
LOC6900937,bin,FBgn0045759,1,ortholog_one2one
LOC6902252,PRY,FBgn0267489,0,ortholog_one2one
LOC4813289,TrpRS-m,FBgn0036763,1,ortholog_one2one
LOC117184171,CG5096,FBgn0032235,0,ortholog_one2one
LOC6900632,CG34039,FBgn0054039,1,ortholog_one2one
LOC117184011,Ir21a,FBgn0031209,1,ortholog_one2many
LOC4813357,nkt,FBgn0036146,1,ortholog_one2one
LOC4800357,Ibf1,FBgn0037670,1,ortholog_one2one
LOC6896817,CG10252,FBgn0039104,1,ortholog_one2one
LOC6897025,CG33331,FBgn0067628,1,ortholog_one2one
LOC4816982,Pph13,FBgn0023489,1,ortholog_one2one
LOC4804806,GstE2,FBgn0063498,1,ortholog_one2one
LOC4817731,l(2)gl,FBgn0002121,1,ortholog_one2one
LOC4815665,CG17440,FBgn0030120,1,ortholog_many2many
LOC4815665,Cfp1,FBgn0030121,1,ortholog_many2many
LOC4801539,CG31191,FBgn0051191,1,ortholog_one2one
LOC6902191,CG9132,FBgn0030791,1,ortholog_one2one
LOC4803788,CG15712,FBgn0034131,1,ortholog_one2one
LOC4814945,mRpS25,FBgn0030572,1,ortholog_one2one
LOC4805534,Magi,FBgn0034590,1,ortholog_one2one
LOC4801774,Npc2f,FBgn0039154,1,ortholog_one2one
LOC4805464,Dh44-R2,FBgn0033744,1,ortholog_one2one
LOC6897671,MBD-R2,FBgn0038016,1,ortholog_one2one
LOC117183524,Drl-2,FBgn0033791,0,ortholog_one2many
LOC6899939,Herc4,FBgn0035207,1,ortholog_one2many
LOC6898602,CG42561,FBgn0260763,1,ortholog_one2one
LOC4800919,CG4704,FBgn0039029,1,ortholog_one2one
LOC6904085,Stt3B,FBgn0011336,0,ortholog_one2one
LOC6901596,CG34292,FBgn0085321,0,ortholog_one2many
LOC4803420,CG15908,FBgn0033085,1,ortholog_one2one
LOC4814629,Cdc42,FBgn0010341,1,ortholog_one2one
LOC6900450,CG42516,FBgn0260390,0,ortholog_one2many
LOC6898831,CG34204,FBgn0085233,1,ortholog_one2one
LOC6897624,CtsF,FBgn0260462,1,ortholog_one2one
LOC4811653,chico,FBgn0024248,0,ortholog_one2one
LOC4817277,CG6583,FBgn0032420,1,ortholog_one2one
LOC4816462,Ts,FBgn0024920,1,ortholog_one2one
LOC4805270,CG13501,FBgn0034684,1,ortholog_one2one
LOC4804466,SmydA-6,FBgn0034183,0,ortholog_one2one
LOC4817872,ND-51,FBgn0031771,1,ortholog_one2one
LOC4812131,CG32488,FBgn0052488,1,ortholog_one2one
LOC4812892,Ir67c,FBgn0052058,1,ortholog_one2one
LOC6897174,CG12170,FBgn0037356,1,ortholog_one2one
LOC6900209,CG7140,FBgn0037147,1,ortholog_one2one
LOC4811816,lobo,FBgn0083946,1,ortholog_one2one
LOC4800832,NANS,FBgn0038045,1,ortholog_one2one
LOC4801784,CG5510,FBgn0039160,1,ortholog_one2one
LOC4805695,EndoB,FBgn0034433,0,ortholog_one2one
LOC4805625,Ir60a,FBgn0034994,1,ortholog_one2one
LOC6899906,CG33766,FBgn0053766,1,ortholog_one2one
LOC26532715,Rab7,FBgn0015795,1,ortholog_one2many
LOC4800941,CG13842,FBgn0039009,1,ortholog_one2one
LOC4801720,CG5447,FBgn0039427,0,ortholog_one2one
LOC4804941,CG11007,FBgn0034455,1,ortholog_one2one
LOC4816087,Nmd3,FBgn0023542,1,ortholog_one2one
LOC4817331,Ugt36E1,FBgn0027070,1,ortholog_one2one
LOC6896990,CG6026,FBgn0038676,1,ortholog_one2one
LOC4801965,CG7789,FBgn0039698,1,ortholog_one2one
LOC4815261,Cyp1,FBgn0004432,1,ortholog_one2one
LOC4805342,RanBPM,FBgn0262114,1,ortholog_one2one
LOC4814086,Iml1,FBgn0035227,1,ortholog_one2one
LOC4802700,MBD-like,FBgn0027950,1,ortholog_one2one
LOC4811795,pan,FBgn0085432,1,ortholog_one2one
LOC6902200,CG3847,FBgn0029867,1,ortholog_one2one
LOC4813694,CG16758,FBgn0035348,1,ortholog_one2one
LOC4817568,mRpL27,FBgn0053002,1,ortholog_one2one
LOC4802563,SF2,FBgn0283477,1,ortholog_one2one
LOC4818187,Mpp6,FBgn0032921,1,ortholog_one2one
LOC4804847,l(2)09851,FBgn0022288,0,ortholog_one2one
LOC6897264,CG9570,FBgn0031085,0,ortholog_one2many
LOC4804420,CG13437,FBgn0034541,1,ortholog_one2one
LOC4801553,Synd,FBgn0053094,1,ortholog_one2one
LOC4802422,Npl4,FBgn0039348,1,ortholog_one2one
LOC4815016,CG9570,FBgn0031085,1,ortholog_one2many
LOC6900119,Notum,FBgn0044028,0,ortholog_one2one
LOC6901618,CG7990,FBgn0030997,1,ortholog_one2one
LOC6903323,ksh,FBgn0040890,0,ortholog_one2one
LOC4814881,CG11369,FBgn0029951,1,ortholog_one2one
LOC4816012,PIG-T,FBgn0030035,1,ortholog_one2one
LOC4800410,Mlc2,FBgn0002773,1,ortholog_one2one
LOC4804623,Kr,FBgn0001325,1,ortholog_one2one
LOC6897810,Cad87A,FBgn0037963,1,ortholog_one2one
LOC6901616,baf,FBgn0031977,0,ortholog_one2many
LOC6898458,CheA56a,FBgn0262595,0,ortholog_many2many
LOC6898458,CheA46a,FBgn0262594,0,ortholog_many2many
LOC6898458,CheA29a,FBgn0053194,0,ortholog_many2many
LOC4813954,VhaM9.7-b,FBgn0028663,1,ortholog_one2one
LOC4814841,CG1582,FBgn0030246,0,ortholog_one2one
LOC6902579,Lip1,FBgn0023496,1,ortholog_one2one
LOC6897340,Myo95E,FBgn0039157,1,ortholog_one2one
LOC4800777,mtTFB2,FBgn0037778,1,ortholog_one2one
LOC4817393,CG31797,FBgn0051797,0,ortholog_one2many
LOC4817393,CG31921,FBgn0051921,0,ortholog_one2many
LOC4817492,Idgf1,FBgn0020416,1,ortholog_one2one
LOC4813730,spo,FBgn0003486,1,ortholog_one2one
LOC6897992,Naam,FBgn0051216,1,ortholog_one2one
LOC6896689,cindr,FBgn0027598,1,ortholog_one2one
LOC6898344,Drl-2,FBgn0033791,1,ortholog_one2many
LOC4817071,pes,FBgn0031969,0,ortholog_one2one
LOC4812418,flr,FBgn0260049,0,ortholog_one2one
LOC6897172,Sec23,FBgn0262125,1,ortholog_one2one
LOC4814544,Dsp1,FBgn0278608,1,ortholog_one2one
LOC6898992,Treh,FBgn0003748,1,ortholog_one2one
LOC4816979,CG4619,FBgn0032166,1,ortholog_one2one
LOC6901684,kat80,FBgn0040207,1,ortholog_one2one
LOC6896718,tej,FBgn0033921,0,ortholog_one2many
LOC4802183,CG6154,FBgn0039420,1,ortholog_one2one
LOC6900229,bru3,FBgn0264001,1,ortholog_one2one
LOC6897544,Dlic,FBgn0030276,0,ortholog_one2many
LOC4812654,tipE,FBgn0003710,1,ortholog_one2one
LOC4815666,CG4313,FBgn0025632,0,ortholog_one2one
LOC4802919,CG31248,FBgn0051248,1,ortholog_one2one
LOC4817493,Idgf2,FBgn0020415,1,ortholog_one2one
LOC6901553,ec,FBgn0000542,1,ortholog_one2one
LOC6898753,CG30022,FBgn0050022,1,ortholog_one2many
LOC4816358,CG8997,FBgn0028920,1,ortholog_one2one
LOC4803973,Adgf-E,FBgn0033952,1,ortholog_one2one
LOC4800439,tok,FBgn0004885,1,ortholog_one2one
LOC4814540,CG7914,FBgn0030995,1,ortholog_one2one
LOC4812453,CG18814,FBgn0042137,1,ortholog_one2many
LOC4812453,CG4842,FBgn0036620,1,ortholog_one2many
LOC6903407,CG31638,FBgn0051638,1,ortholog_one2one
LOC6903333,Gal,FBgn0001089,1,ortholog_one2one
LOC4816292,CG31784,FBgn0051784,1,ortholog_one2one
LOC4815091,CG3156,FBgn0023536,1,ortholog_one2one
LOC4801804,mRpL1,FBgn0037566,1,ortholog_one2one
LOC4812335,TP53INP,FBgn0035542,1,ortholog_one2one
LOC4804022,CG14763,FBgn0033243,1,ortholog_one2one
LOC4804898,CG30491,FBgn0050491,1,ortholog_one2one
LOC4803827,CG34445,FBgn0085474,1,ortholog_one2one
LOC4805596,Crtp,FBgn0029501,1,ortholog_one2one
LOC4805170,CG6191,FBgn0027581,1,ortholog_one2one
LOC4802988,ArgRS-m,FBgn0037526,1,ortholog_one2one
LOC6897727,CG14326,FBgn0038528,0,ortholog_one2one
LOC4817738,Rab3-GAP,FBgn0027505,1,ortholog_one2one
LOC4816856,RpS13,FBgn0010265,1,ortholog_one2one
LOC4803152,Dph3,FBgn0037883,1,ortholog_one2one
LOC6896671,CanA1,FBgn0010015,1,ortholog_one2one
LOC26533905,CG34459,FBgn0085488,1,ortholog_one2one
LOC4815324,CG7536,FBgn0030890,0,ortholog_one2one
LOC4800507,Kul,FBgn0039688,1,ortholog_one2one
LOC4801047,Invadolysin,FBgn0086359,1,ortholog_one2one
LOC4803112,SelR,FBgn0267376,1,ortholog_one2one
LOC117184834,CG14096,FBgn0036871,0,ortholog_many2many
LOC117184834,CG18294,FBgn0036873,1,ortholog_many2many
LOC4802734,eIF3a,FBgn0037249,1,ortholog_one2one
LOC4812888,CG14185,FBgn0036936,1,ortholog_one2one
LOC4814159,CG12091,FBgn0035228,1,ortholog_one2one
LOC13036518,CG33108,FBgn0053108,1,ortholog_one2one
LOC4814030,Argk1,FBgn0000116,1,ortholog_one2one
LOC4801041,CG12420,FBgn0037797,1,ortholog_one2one
LOC4801835,CG42613,FBgn0261262,1,ortholog_one2one
LOC4801907,NPFR,FBgn0037408,1,ortholog_one2one
LOC4803497,so,FBgn0003460,1,ortholog_one2one
LOC6902153,CG1640,FBgn0030478,1,ortholog_one2many
LOC4813501,CG7368,FBgn0036179,1,ortholog_one2one
LOC6897677,Kdm2,FBgn0037659,1,ortholog_one2one
LOC4805442,CG3565,FBgn0035034,1,ortholog_one2one
LOC4805656,Spn47C,FBgn0033574,1,ortholog_one2one
LOC4816568,CG8665,FBgn0032945,1,ortholog_one2one
LOC4817206,Tep1,FBgn0041183,0,ortholog_one2many
LOC4817206,Tep2,FBgn0041182,1,ortholog_one2many
LOC6899999,CG33689,FBgn0053689,1,ortholog_one2many
LOC6899999,CG33688,FBgn0053688,1,ortholog_one2many
LOC4814041,Non2,FBgn0035370,1,ortholog_one2one
LOC6900691,Cnep1r2,FBgn0036090,1,ortholog_one2many
LOC4813259,CNMa,FBgn0035282,1,ortholog_one2one
LOC4805392,Cda9,FBgn0034197,1,ortholog_one2one
LOC6897599,CG31550,FBgn0051550,1,ortholog_one2one
LOC15382902,HmgD,FBgn0004362,1,ortholog_one2one
LOC117185137,AlkB,FBgn0065035,0,ortholog_one2many
LOC6896699,CG31013,FBgn0051013,0,ortholog_one2many
LOC6900346,CG12355,FBgn0040805,1,ortholog_one2one
LOC4802770,CG14641,FBgn0037220,1,ortholog_one2one
LOC13036310,CG43102,FBgn0262562,1,ortholog_one2one
LOC6903413,Tep4,FBgn0041180,1,ortholog_one2many
LOC4805336,whd,FBgn0261862,1,ortholog_one2one
LOC4815994,CG17717,FBgn0029877,1,ortholog_one2one
LOC117183193,SkpE,FBgn0031074,0,ortholog_many2many
LOC117183193,SkpD,FBgn0026174,0,ortholog_many2many
LOC117183193,SkpA,FBgn0025637,1,ortholog_many2many
LOC117183193,SkpC,FBgn0026175,0,ortholog_many2many
LOC6902018,hwt,FBgn0264542,1,ortholog_one2one
LOC4815373,CG7378,FBgn0030976,1,ortholog_one2one
LOC4800966,CASK,FBgn0013759,1,ortholog_one2one
LOC6901417,wisp,FBgn0260780,1,ortholog_one2one
LOC4817953,CG9395,FBgn0032506,1,ortholog_one2one
LOC6897777,Sfxn1-3,FBgn0037239,1,ortholog_one2many
LOC4816610,Jon25Bi,FBgn0020906,1,ortholog_one2one
LOC4814574,CG12541,FBgn0029930,1,ortholog_one2one
LOC4814575,cv,FBgn0000394,1,ortholog_one2one
LOC4818019,Vps52,FBgn0031710,1,ortholog_one2one
LOC4812991,CG32221,FBgn0052221,1,ortholog_one2one
LOC4801522,mRpL9,FBgn0038319,1,ortholog_one2one
LOC4801886,Osi18,FBgn0037428,1,ortholog_one2one
LOC6898848,dany,FBgn0050401,1,ortholog_one2one
LOC4801295,CG14367,FBgn0038170,1,ortholog_one2one
LOC4812652,Teh2,FBgn0035505,1,ortholog_one2one
LOC4816211,CG9582,FBgn0032090,1,ortholog_one2one
LOC6896794,CG42827,FBgn0262009,1,ortholog_one2one
LOC4804952,hrg,FBgn0015949,1,ortholog_one2one
LOC4814487,PGAP1,FBgn0029789,1,ortholog_one2one
LOC4805018,Sod3,FBgn0033631,1,ortholog_one2one
LOC6897161,Nmnat,FBgn0039254,1,ortholog_one2one
LOC4811836,Hand,FBgn0032209,0,ortholog_one2one
LOC6902927,CG11597,FBgn0036212,0,ortholog_one2one
LOC6899003,Xpd,FBgn0261850,1,ortholog_one2one
LOC6898885,CG12895,FBgn0033523,1,ortholog_one2one
LOC4800704,CG13843,FBgn0038993,1,ortholog_one2one
LOC4801563,SdhD,FBgn0039112,1,ortholog_one2one
LOC6899845,Pkd2,FBgn0041195,0,ortholog_one2many
LOC6901942,CG17768,FBgn0032240,0,ortholog_one2one
LOC4814555,CG1304,FBgn0031141,0,ortholog_one2many
LOC4814555,Ser6,FBgn0011834,0,ortholog_one2many
LOC4803405,Eb1,FBgn0027066,1,ortholog_one2one
LOC4811784,exd,FBgn0000611,0,ortholog_one2one
LOC4805195,Lfg,FBgn0025692,1,ortholog_one2one
LOC4815667,Naa15-16,FBgn0031020,0,ortholog_one2one
LOC4805315,CG7222,FBgn0033551,1,ortholog_one2one
LOC4812316,Snmp2,FBgn0035815,1,ortholog_one2one
LOC6900599,yps,FBgn0022959,1,ortholog_one2one
LOC4817061,Cyp310a1,FBgn0032693,1,ortholog_one2one
LOC4817666,CadN2,FBgn0262018,0,ortholog_one2one
LOC4802112,Art1,FBgn0037834,1,ortholog_one2one
LOC4812281,CtIP,FBgn0036991,1,ortholog_one2one
LOC4815638,xit,FBgn0029906,1,ortholog_one2one
LOC4816838,CG7806,FBgn0032018,1,ortholog_one2one
LOC4801498,CG8516,FBgn0037757,1,ortholog_one2one
LOC6899888,Cnot4,FBgn0051716,0,ortholog_one2one
LOC4817959,CG2225,FBgn0032957,1,ortholog_one2one
LOC4801678,CG13856,FBgn0038959,1,ortholog_one2one
LOC4804589,nahoda,FBgn0034797,0,ortholog_one2one
LOC6902373,P5cr,FBgn0015781,0,ortholog_one2many
LOC4813838,byn,FBgn0011723,1,ortholog_one2one
LOC4817844,CG9550,FBgn0031826,1,ortholog_one2one
LOC4812179,Gcat,FBgn0036208,1,ortholog_one2one
LOC4813552,ltl,FBgn0268063,1,ortholog_one2one
LOC4813848,CG14160,FBgn0036066,1,ortholog_one2one
LOC4803870,Ptp52F,FBgn0034085,1,ortholog_one2one
LOC4800407,Bet5,FBgn0260860,1,ortholog_one2one
LOC4805348,Sox15,FBgn0005613,1,ortholog_one2one
LOC4800620,Octbeta1R,FBgn0038980,1,ortholog_one2one
LOC6902539,HemK2,FBgn0031454,1,ortholog_one2one
LOC6903420,ics,FBgn0028546,1,ortholog_one2one
LOC4805000,CG8728,FBgn0033235,1,ortholog_one2many
LOC4816181,Tango1,FBgn0286898,1,ortholog_one2one
LOC4815593,CG12539,FBgn0030586,1,ortholog_one2one
LOC4804310,eEF5,FBgn0285952,1,ortholog_one2one
LOC6898699,CG16926,FBgn0040732,1,ortholog_one2one
LOC26532704,Maf1,FBgn0267861,0,ortholog_one2one
LOC6897101,CG42823,FBgn0262005,1,ortholog_one2many
LOC4814807,CG1695,FBgn0031116,1,ortholog_one2one
LOC4800897,CG31195,FBgn0051195,1,ortholog_one2one
LOC6898969,SIFa,FBgn0053527,1,ortholog_one2one
LOC26533203,CG14096,FBgn0036871,0,ortholog_many2many
LOC26533203,CG18294,FBgn0036873,0,ortholog_many2many
LOC6898364,CG31231,FBgn0051231,0,ortholog_one2one
LOC4803434,Zip42C.2,FBgn0033097,1,ortholog_one2one
LOC4815439,CG14777,FBgn0026872,1,ortholog_one2one
LOC26533021,fzr2,FBgn0034937,1,ortholog_one2one
LOC4812789,MsR1,FBgn0035331,1,ortholog_one2one
LOC4813688,CG6418,FBgn0036104,1,ortholog_one2one
LOC4803048,alrm,FBgn0039332,1,ortholog_one2one
LOC4804354,CG8888,FBgn0033679,1,ortholog_one2one
LOC6898743,CG30380,FBgn0050380,1,ortholog_one2one
LOC6901918,CG12112,FBgn0030048,0,ortholog_one2many
LOC26532325,CG42536,FBgn0260644,1,ortholog_one2one
LOC4815471,CG15743,FBgn0030465,0,ortholog_one2one
LOC4816023,Cht11,FBgn0029913,1,ortholog_one2one
LOC4804638,CG13423,FBgn0034513,1,ortholog_one2one
LOC6899502,elfless,FBgn0032660,0,ortholog_many2many
LOC6899502,CG43058,FBgn0262360,0,ortholog_many2many
LOC6903602,Muc26B,FBgn0040950,1,ortholog_one2one
LOC4803458,Tsp42Ef,FBgn0033127,1,ortholog_one2one
LOC4813181,CG5577,FBgn0036759,1,ortholog_one2one
LOC4816800,CG5783,FBgn0032670,1,ortholog_one2one
LOC6898182,CG13168,FBgn0033705,1,ortholog_one2one
LOC4814855,CG5273,FBgn0040382,0,ortholog_one2one
LOC4813651,CG32302,FBgn0052302,1,ortholog_one2one
LOC4815301,mthl1,FBgn0030766,0,ortholog_one2one
LOC6903641,CG15308,FBgn0040941,1,ortholog_one2one
LOC4801129,CG6296,FBgn0039470,1,ortholog_one2one
LOC6901172,su(f),FBgn0003559,1,ortholog_one2one
LOC6900035,Bet3,FBgn0260859,1,ortholog_one2one
LOC4804030,Odc2,FBgn0013308,1,ortholog_one2many
LOC4804030,Odc1,FBgn0013307,1,ortholog_one2many
LOC117183354,CG12268,FBgn0039131,1,ortholog_one2many
LOC6903087,CG31678,FBgn0051678,1,ortholog_one2one
LOC4801838,dnk,FBgn0022338,1,ortholog_one2one
LOC4815887,CG14785,FBgn0027795,1,ortholog_one2one
LOC4817871,CG10132,FBgn0032798,1,ortholog_one2one
LOC6898310,CG33282,FBgn0053282,0,ortholog_one2many
LOC4800834,Prosalpha2,FBgn0086134,1,ortholog_one2one
LOC4802647,kra,FBgn0250753,0,ortholog_one2one
LOC6901001,Alp1,FBgn0283479,0,ortholog_one2one
LOC4816355,CG2964,FBgn0031462,1,ortholog_one2one
LOC4803214,bam,FBgn0000158,1,ortholog_one2one
LOC4803568,CG3829,FBgn0035091,1,ortholog_one2one
LOC4812430,eIF5B,FBgn0026259,1,ortholog_one2one
LOC15382884,CG34224,FBgn0085253,0,ortholog_one2many
LOC6902923,CG31668,FBgn0051668,0,ortholog_many2many
LOC6902923,CG31262,FBgn0051262,0,ortholog_many2many
LOC6902923,SLC5A11,FBgn0031998,1,ortholog_many2many
LOC6902923,CG33124,FBgn0053124,0,ortholog_many2many
LOC4814653,CCT2,FBgn0030086,1,ortholog_one2one
LOC4814966,Hs3st-B,FBgn0031005,1,ortholog_one2one
LOC6902473,CG43050,FBgn0262352,1,ortholog_one2one
LOC4803091,tefu,FBgn0045035,1,ortholog_one2one
LOC4813359,CG4306,FBgn0036787,1,ortholog_one2one
LOC4804820,CG30120,FBgn0050120,1,ortholog_one2one
LOC6898601,CG42562,FBgn0260764,1,ortholog_one2one
LOC6901149,CG32971,FBgn0052971,0,ortholog_many2many
LOC6901149,MED22,FBgn0040339,1,ortholog_many2many
LOC4803472,CG12831,FBgn0033141,1,ortholog_one2one
LOC4814048,CG13671,FBgn0035867,1,ortholog_one2one
LOC4803163,DNaseII,FBgn0000477,1,ortholog_one2one
LOC4801808,CG11693,FBgn0037570,1,ortholog_one2one
LOC6901901,CG14218,FBgn0031031,0,ortholog_one2one
LOC6903221,Poc1,FBgn0036354,0,ortholog_many2many
LOC6903221,CG12608,FBgn0030630,0,ortholog_many2many
LOC4811832,Rsf1,FBgn0011305,0,ortholog_one2one
LOC4814993,fs(1)M3,FBgn0005390,1,ortholog_one2one
LOC4818185,Pld3,FBgn0032923,1,ortholog_one2one
LOC4816180,CG43074,FBgn0262484,0,ortholog_one2many
LOC4816180,CG43090,FBgn0262536,0,ortholog_one2many
LOC4814926,rngo,FBgn0030753,1,ortholog_one2one
LOC13036500,coro,FBgn0265935,0,ortholog_one2many
LOC4816941,RPA2,FBgn0288834,1,ortholog_one2one
LOC6898193,CG34210,FBgn0085239,1,ortholog_one2one
LOC4812447,mRpS34,FBgn0285951,1,ortholog_one2one
LOC4801275,PK2-R2,FBgn0038139,1,ortholog_one2one
LOC4801418,Spc25,FBgn0087021,1,ortholog_one2one
LOC4818178,CG31627,FBgn0051627,1,ortholog_one2one
LOC6897736,InR,FBgn0283499,0,ortholog_one2one
LOC4812647,mas,FBgn0011653,1,ortholog_one2one
LOC4803614,CG12780,FBgn0033301,1,ortholog_one2one
LOC6899119,CG18636,FBgn0032551,0,ortholog_one2many
LOC6899119,CG33462,FBgn0053462,0,ortholog_one2many
LOC6899119,CG33461,FBgn0053461,0,ortholog_one2many
LOC6899119,CG4650,FBgn0032549,0,ortholog_one2many
LOC6899119,CG18420,FBgn0028866,0,ortholog_one2many
LOC6899119,CG43336,FBgn0263041,0,ortholog_one2many
LOC4801785,CG13606,FBgn0039161,1,ortholog_one2one
LOC6903581,nes,FBgn0026630,0,ortholog_one2many
LOC6901477,PPP4R2r,FBgn0030208,1,ortholog_one2one
LOC4815266,CG11436,FBgn0029713,0,ortholog_one2one
LOC4803897,clu,FBgn0034087,1,ortholog_one2one
LOC6897454,Ns1,FBgn0038473,1,ortholog_one2one
LOC4816658,l(2)k14505,FBgn0021856,0,ortholog_one2one
LOC4803990,Spred,FBgn0020767,1,ortholog_one2one
LOC6899116,CG30089,FBgn0050089,1,ortholog_one2one
LOC4812930,Pka-R1,FBgn0259243,1,ortholog_one2one
LOC6896947,CheB74a,FBgn0261294,0,ortholog_one2one
LOC4816977,CG14915,FBgn0032335,1,ortholog_one2one
LOC4816681,RpS21,FBgn0015521,1,ortholog_one2one
LOC4802437,ksr,FBgn0015402,1,ortholog_many2many
LOC4815931,CG9106,FBgn0030624,1,ortholog_one2one
LOC4817145,CG11927,FBgn0031638,1,ortholog_one2one
LOC4804545,apt,FBgn0015903,1,ortholog_one2one
LOC4802338,mor,FBgn0002783,1,ortholog_one2one
LOC4814292,CG15247,FBgn0030156,1,ortholog_one2one
LOC4800464,eEF1gamma,FBgn0029176,1,ortholog_one2one
LOC4801044,CG12814,FBgn0037796,1,ortholog_one2one
LOC6903320,CYLD,FBgn0032210,0,ortholog_one2one
LOC26533625,dati,FBgn0262636,1,ortholog_one2one
LOC4801149,grass,FBgn0039494,1,ortholog_one2one
LOC4814554,Npc1b,FBgn0261675,1,ortholog_one2one
LOC6898813,CG6729,FBgn0032296,0,ortholog_one2one
LOC6898639,Obp49a,FBgn0050052,1,ortholog_one2one
LOC6899125,botv,FBgn0027535,1,ortholog_one2many
LOC4818061,ZnT35C,FBgn0028516,1,ortholog_one2one
LOC4800421,RpS3,FBgn0002622,1,ortholog_one2many
LOC4802771,DhpD,FBgn0261436,1,ortholog_one2one
LOC4816352,Gmd,FBgn0031661,1,ortholog_one2one
LOC4802039,Spec2,FBgn0044823,1,ortholog_one2one
LOC4800417,CG31029,FBgn0051029,1,ortholog_one2one
LOC4816146,bsh,FBgn0000529,1,ortholog_one2one
LOC4801443,Vha100-4,FBgn0038613,0,ortholog_one2one
LOC4816723,CG7384,FBgn0032262,1,ortholog_one2one
LOC4812386,JMJD7,FBgn0036366,1,ortholog_one2one
LOC4814035,Dhpr,FBgn0035964,1,ortholog_one2one
LOC6898151,Mal-A4,FBgn0033294,1,ortholog_one2one
LOC4817820,Gr28b,FBgn0045495,1,ortholog_one2one
LOC6897926,CG14696,FBgn0037853,1,ortholog_one2one
LOC4803452,Tsp42Ea,FBgn0029508,1,ortholog_one2one
LOC117185600,His1:CG33801,FBgn0053801,0,ortholog_many2many
LOC117185600,His1:CG33807,FBgn0053807,1,ortholog_many2many
LOC117185600,His1:CG33819,FBgn0053819,0,ortholog_many2many
LOC117185600,His1:CG33840,FBgn0053840,0,ortholog_many2many
LOC117185600,His1:CG33843,FBgn0053843,1,ortholog_many2many
LOC117185600,His1:CG33846,FBgn0053846,0,ortholog_many2many
LOC117185600,His1:CG33810,FBgn0053810,0,ortholog_many2many
LOC117185600,His1:CG33804,FBgn0053804,1,ortholog_many2many
LOC117185600,His1:CG33816,FBgn0053816,1,ortholog_many2many
LOC117185600,His1:CG33837,FBgn0053837,0,ortholog_many2many
LOC117185600,His1:CG33861,FBgn0053861,1,ortholog_many2many
LOC117185600,His1:CG33855,FBgn0053855,0,ortholog_many2many
LOC117185600,His1:CG33825,FBgn0053825,1,ortholog_many2many
LOC117185600,His1:CG33852,FBgn0053852,0,ortholog_many2many
LOC117185600,His1:CG33831,FBgn0053831,1,ortholog_many2many
LOC117185600,His1:CG33828,FBgn0053828,1,ortholog_many2many
LOC117185600,His1:CG33864,FBgn0053864,0,ortholog_many2many
LOC117185600,His1:CG33813,FBgn0053813,1,ortholog_many2many
LOC117185600,His1:CG31617,FBgn0051617,0,ortholog_many2many
LOC117185600,His1:CG33849,FBgn0053849,0,ortholog_many2many
LOC117185600,His1:CG33822,FBgn0053822,1,ortholog_many2many
LOC117185600,His1:CG33858,FBgn0053858,0,ortholog_many2many
LOC117185600,His1:CG33834,FBgn0053834,1,ortholog_many2many
LOC117184417,Gbeta13F,FBgn0001105,0,ortholog_one2one
LOC4813678,CG16959,FBgn0036481,1,ortholog_one2one
LOC4803580,pnut,FBgn0013726,1,ortholog_one2one
LOC6902885,Rim2,FBgn0031359,1,ortholog_one2one
LOC4812471,Kaz1-ORFB,FBgn0063923,1,ortholog_one2one
LOC4803523,CG2812,FBgn0034931,1,ortholog_one2one
LOC4812315,sina,FBgn0003410,1,ortholog_one2one
LOC6897646,CG7634,FBgn0037101,0,ortholog_one2many
LOC4802694,PolA1,FBgn0259113,1,ortholog_one2one
LOC4805169,fand,FBgn0033859,1,ortholog_one2one
LOC4803333,kune,FBgn0033032,0,ortholog_one2one
LOC6898864,Mid1,FBgn0053988,1,ortholog_one2one
LOC6901564,Hexo2,FBgn0041629,0,ortholog_one2many
LOC4813520,Sox21a,FBgn0036411,1,ortholog_one2one
LOC4814117,mus301,FBgn0002899,1,ortholog_one2one
LOC4817306,mtsh,FBgn0262598,1,ortholog_one2one
LOC4816842,Spn28Dc,FBgn0031973,1,ortholog_one2one
LOC6900155,Lmpt,FBgn0261565,1,ortholog_one2one
LOC6903117,CG44405,FBgn0265578,1,ortholog_one2one
LOC4814957,CanA-14F,FBgn0267912,0,ortholog_one2one
LOC4817005,CG46025,FBgn0267689,0,ortholog_one2one
LOC6897017,Setx,FBgn0035842,0,ortholog_one2many
LOC6903500,CG34165,FBgn0085194,1,ortholog_one2one
LOC4803695,NC2alpha,FBgn0034650,1,ortholog_one2one
LOC4805615,mAChR-A,FBgn0000037,1,ortholog_one2one
LOC26533923,pre-mod(mdg4)-X,FBgn0261840,1,ortholog_one2one
LOC4801689,Ndc1,FBgn0039125,1,ortholog_one2one
LOC6903256,dpy,FBgn0053196,0,ortholog_one2one
LOC4804766,RalGPS,FBgn0034158,1,ortholog_one2one
LOC4816134,msb1l,FBgn0027949,1,ortholog_one2one
LOC6900149,TSG101,FBgn0036666,1,ortholog_one2one
LOC117184955,CG13465,FBgn0040809,1,ortholog_many2many
LOC117184955,BobA,FBgn0040487,1,ortholog_many2many
LOC26531972,CG42306,FBgn0259202,0,ortholog_one2one
LOC117183381,CG14671,FBgn0037340,1,ortholog_one2many
LOC6897785,CG40198,FBgn0058198,1,ortholog_one2one
LOC4803959,Cpr51A,FBgn0033942,1,ortholog_one2one
LOC4805077,RyR,FBgn0011286,1,ortholog_one2one
LOC4815930,prage,FBgn0283741,0,ortholog_one2one
LOC4815156,BTBD9,FBgn0030228,1,ortholog_one2one
LOC4815495,CG32762,FBgn0052762,1,ortholog_one2one
LOC6897235,elfless,FBgn0032660,0,ortholog_many2many
LOC6897235,CG43058,FBgn0262360,0,ortholog_many2many
LOC4805597,CG13589,FBgn0035011,1,ortholog_one2many
LOC4805603,CG4563,FBgn0035006,1,ortholog_one2one
LOC4813624,AIMP2,FBgn0036515,1,ortholog_one2one
LOC6903643,CG2961,FBgn0030187,1,ortholog_one2one
LOC6899225,thetaTry,FBgn0011555,0,ortholog_one2one
LOC4804670,CG30108,FBgn0050108,1,ortholog_one2many
LOC4804670,CG30109,FBgn0050109,1,ortholog_one2many
LOC4804300,EbpIII,FBgn0011695,1,ortholog_one2one
LOC4802714,tacc,FBgn0026620,1,ortholog_one2one
LOC4817153,CG14400,FBgn0032896,1,ortholog_one2one
LOC6898847,CG9304,FBgn0034674,1,ortholog_one2one
LOC6897693,Acam,FBgn0011273,1,ortholog_one2many
LOC4800947,Trissin,FBgn0038343,1,ortholog_one2one
LOC6901073,Cht6,FBgn0263132,1,ortholog_one2one
LOC4800826,CG5196,FBgn0038039,1,ortholog_one2one
LOC6902088,ssx,FBgn0024987,1,ortholog_one2one
LOC117183774,CG30413,FBgn0050413,0,ortholog_one2one
LOC4811884,FoxL1,FBgn0004895,1,ortholog_one2one
LOC4815609,dob,FBgn0030607,1,ortholog_one2one
LOC4817292,spag4,FBgn0032368,0,ortholog_one2one
LOC4802028,Mkk4,FBgn0024326,1,ortholog_one2one
LOC4804203,Hdc,FBgn0005619,1,ortholog_one2one
LOC4815322,Cp7Fc,FBgn0014466,1,ortholog_one2one
LOC4803779,CG30394,FBgn0050394,1,ortholog_one2one
LOC4804254,CG11961,FBgn0034436,1,ortholog_one2one
LOC4802335,CG5516,FBgn0038389,1,ortholog_one2one
LOC4813106,CG6034,FBgn0036750,1,ortholog_one2one
LOC4813388,CG7739,FBgn0036509,1,ortholog_one2one
LOC4804342,coil,FBgn0033265,1,ortholog_one2one
LOC4802367,CG11857,FBgn0039303,1,ortholog_one2one
LOC4817470,Dif,FBgn0011274,1,ortholog_one2one
LOC4805628,CG3356,FBgn0034989,1,ortholog_one2one
LOC6898428,RhoGEF2,FBgn0023172,0,ortholog_one2one
LOC4803501,Spt5,FBgn0040273,1,ortholog_one2one
LOC6897104,CG34279,FBgn0085308,1,ortholog_one2one
LOC4801115,Med,FBgn0288966,1,ortholog_one2one
LOC6897236,CSN1b,FBgn0027057,0,ortholog_one2many
LOC4801354,kar,FBgn0001296,1,ortholog_one2one
LOC6903074,Nthl1,FBgn0032907,1,ortholog_one2one
LOC4804982,Cyp6a8,FBgn0013772,1,ortholog_one2many
LOC4804982,Cyp6a18,FBgn0039519,0,ortholog_one2many
LOC4804263,CG30047,FBgn0050047,1,ortholog_one2one
LOC4802590,DCAF12,FBgn0037980,1,ortholog_one2one
LOC6899416,Cep164,FBgn0030716,0,ortholog_one2one
LOC6901040,S6KL,FBgn0283473,1,ortholog_one2one
LOC4802681,CG7523,FBgn0038533,1,ortholog_one2one
LOC4817571,ND-B8,FBgn0040705,1,ortholog_one2one
LOC4817410,Snx17,FBgn0032191,0,ortholog_one2one
LOC4801345,ChT,FBgn0038641,1,ortholog_one2one
LOC4815783,CG17764,FBgn0029751,1,ortholog_one2one
LOC4803357,CG8152,FBgn0034008,1,ortholog_one2one
LOC26533090,CG42391,FBgn0259737,1,ortholog_one2one
LOC4811764,CG5321,FBgn0030575,1,ortholog_one2one
LOC4813593,GV1,FBgn0027790,1,ortholog_one2one
LOC6897026,CG33332,FBgn0067629,1,ortholog_one2one
LOC4802174,Hex-t1,FBgn0042711,0,ortholog_one2one
LOC4802820,dpr5,FBgn0037908,1,ortholog_one2one
LOC4805391,CG15605,FBgn0034196,1,ortholog_one2one
LOC4814652,CG15198,FBgn0030283,1,ortholog_one2one
LOC6896956,Fancd2,FBgn0038827,1,ortholog_one2one
LOC4812427,ebd1,FBgn0035153,1,ortholog_one2one
LOC6898921,CG17287,FBgn0034202,1,ortholog_one2one
LOC4805587,CG13585,FBgn0035020,1,ortholog_one2one
LOC6896816,CG10254,FBgn0027512,1,ortholog_one2one
LOC4817575,Elp3,FBgn0031604,1,ortholog_one2one
LOC4804776,babo,FBgn0011300,1,ortholog_one2one
LOC6902710,CG33306,FBgn0053306,1,ortholog_one2one
LOC4816559,Megf8,FBgn0031981,1,ortholog_one2one
LOC4812159,ghi,FBgn0266124,1,ortholog_one2one
LOC6897820,Scm,FBgn0003334,1,ortholog_one2one
LOC4817196,ScpX,FBgn0015808,1,ortholog_one2one
LOC4805716,cv-2,FBgn0000395,1,ortholog_one2one
LOC6902398,CG17906,FBgn0032086,1,ortholog_one2one
LOC4802531,Kdm3,FBgn0037703,1,ortholog_one2one
LOC4802204,E(spl)mdelta-HLH,FBgn0002734,1,ortholog_one2one
LOC6899446,Rop,FBgn0004574,0,ortholog_one2one
LOC6903276,CG31805,FBgn0051805,1,ortholog_one2one
LOC4815250,CG12106,FBgn0030100,0,ortholog_one2one
LOC4802137,ana1,FBgn0262167,1,ortholog_one2one
LOC4802319,Pbp45,FBgn0038371,1,ortholog_one2one
LOC4812811,Cip4,FBgn0035533,0,ortholog_one2one
LOC6898429,CG43371,FBgn0263114,0,ortholog_one2one
LOC4812966,CG12020,FBgn0035273,1,ortholog_one2one
LOC6901158,CCT6,FBgn0027329,0,ortholog_one2many
LOC4816837,AspRS-m,FBgn0051739,1,ortholog_one2one
LOC6897798,UQCR-11,FBgn0260008,0,ortholog_one2many
LOC6897798,UQCR-11L,FBgn0050354,0,ortholog_one2many
LOC4814161,CHMP2B,FBgn0035589,1,ortholog_one2one
LOC6897249,TotF,FBgn0044811,0,ortholog_one2many
LOC6897249,TotM,FBgn0031701,0,ortholog_one2many
LOC6897249,TotE,FBgn0053117,0,ortholog_one2many
LOC6902196,TwdlZ,FBgn0052569,1,ortholog_one2one
LOC4814331,Nup35,FBgn0030943,1,ortholog_one2one
LOC6903160,Sf3b5,FBgn0040534,0,ortholog_one2one
LOC4805461,Dgkepsilon,FBgn0020930,0,ortholog_one2one
LOC6903362,CG33298,FBgn0032120,0,ortholog_one2one
LOC4801891,Osi14,FBgn0040279,1,ortholog_one2one
LOC4815598,CG15927,FBgn0030389,1,ortholog_one2one
LOC4800755,GckIII,FBgn0266465,1,ortholog_one2one
LOC6902888,eRF3,FBgn0020443,1,ortholog_one2one
LOC4815175,CG13014,FBgn0030759,0,ortholog_one2one
LOC4812448,Hip14,FBgn0259824,1,ortholog_one2one
LOC6898487,rig,FBgn0250850,1,ortholog_one2one
LOC26533794,Cph,FBgn0029939,1,ortholog_one2one
LOC4804719,CG1513,FBgn0033463,0,ortholog_one2one
LOC4805210,Rtf1,FBgn0034722,1,ortholog_one2one
LOC6897703,Lgr3,FBgn0039354,1,ortholog_one2one
LOC6901256,CG2712,FBgn0024975,1,ortholog_one2one
LOC4805178,CG8046,FBgn0033388,1,ortholog_one2one
LOC4804507,Tsen15,FBgn0050343,1,ortholog_one2one
LOC6901429,NetA,FBgn0015773,1,ortholog_one2one
LOC6901505,CG11584,FBgn0030541,1,ortholog_one2one
LOC6898784,zetaTry,FBgn0011556,0,ortholog_one2many
LOC6898784,kappaTry,FBgn0043471,0,ortholog_one2many
LOC4812157,aos,FBgn0004569,1,ortholog_one2one
LOC4803388,CG13561,FBgn0034906,1,ortholog_one2one
LOC4803066,CG33934,FBgn0064119,1,ortholog_one2one
LOC4801865,Dic2,FBgn0038797,1,ortholog_one2one
LOC6900025,Cpr72Ea,FBgn0036617,1,ortholog_one2one
LOC4802765,TwdlG,FBgn0037225,1,ortholog_one2one
LOC6899938,CG7730,FBgn0036689,1,ortholog_one2many
LOC4816302,CG31689,FBgn0031449,1,ortholog_one2one
LOC4801812,Coq2,FBgn0037574,1,ortholog_one2one
LOC4805685,Picot,FBgn0024315,1,ortholog_one2one
LOC6899104,CG8306,FBgn0034142,0,ortholog_one2one
LOC4802769,abs,FBgn0015331,1,ortholog_one2one
LOC4814144,CG4022,FBgn0035986,1,ortholog_one2one
LOC4804570,ana,FBgn0011746,1,ortholog_one2one
LOC4813840,CG10171,FBgn0036353,1,ortholog_one2one
LOC4805402,wal,FBgn0010516,1,ortholog_one2one
LOC117184535,CG2887,FBgn0030207,0,ortholog_one2many
LOC4813586,CG46387,FBgn0286833,1,ortholog_one2one
LOC4816052,LPCAT,FBgn0052699,0,ortholog_one2one
LOC4814496,Rab35,FBgn0031090,1,ortholog_one2one
LOC4812801,Dronc,FBgn0026404,1,ortholog_one2one
LOC4817761,GMF,FBgn0028894,1,ortholog_one2one
LOC4816785,CG5421,FBgn0032434,1,ortholog_one2one
LOC4803447,Ufsp1,FBgn0050157,1,ortholog_one2one
LOC6901017,upd3,FBgn0053542,1,ortholog_one2one
LOC4817729,Sem1,FBgn0266666,1,ortholog_one2one
LOC4817194,CG3008,FBgn0031643,1,ortholog_one2one
LOC4812603,Strip,FBgn0035437,1,ortholog_one2one
LOC4813344,CG8560,FBgn0035781,1,ortholog_one2one
LOC4816204,Galt,FBgn0263200,1,ortholog_one2one
LOC4815607,Atf3,FBgn0028550,1,ortholog_one2one
LOC4805444,ATPsynF,FBgn0035032,1,ortholog_one2one
LOC117184256,MFS17,FBgn0058263,0,ortholog_one2one
LOC4804664,rdgBbeta,FBgn0027872,1,ortholog_one2one
LOC6902520,eIF3h,FBgn0022023,1,ortholog_one2one
LOC6902705,Ance-3,FBgn0032536,1,ortholog_one2one
LOC4813680,CG13255,FBgn0040636,1,ortholog_one2one
LOC6900044,CG11345,FBgn0035546,1,ortholog_one2one
LOC4814201,CG11162,FBgn0030509,1,ortholog_one2one
LOC4817913,CG10137,FBgn0032800,1,ortholog_one2one
LOC4804538,Pde8,FBgn0266377,1,ortholog_one2one
LOC4815365,shop,FBgn0030966,1,ortholog_one2one
LOC6896655,Lon,FBgn0036892,0,ortholog_one2many
LOC4803820,csul,FBgn0015925,1,ortholog_one2one
LOC4817216,CG31675,FBgn0051675,1,ortholog_one2one
LOC26533389,SkpE,FBgn0031074,0,ortholog_many2many
LOC26533389,SkpD,FBgn0026174,0,ortholog_many2many
LOC26533389,SkpA,FBgn0025637,0,ortholog_many2many
LOC26533389,SkpC,FBgn0026175,0,ortholog_many2many
LOC6900491,CG1494,FBgn0031169,0,ortholog_one2one
LOC4812116,Eip63E,FBgn0005640,1,ortholog_one2one
LOC4812497,GC,FBgn0035245,1,ortholog_one2one
LOC6901109,ph-p,FBgn0004861,1,ortholog_many2many
LOC6901109,ph-d,FBgn0004860,1,ortholog_many2many
LOC6898842,Fili,FBgn0085397,1,ortholog_one2one
LOC13036386,CG33773,FBgn0053773,1,ortholog_one2one
LOC4816272,bwa,FBgn0045064,1,ortholog_one2one
LOC4800490,Dop1R2,FBgn0266137,1,ortholog_one2one
LOC4814905,Gapvd1,FBgn0030286,0,ortholog_one2one
LOC6902192,fs(1)N,FBgn0004650,0,ortholog_one2one
LOC6896701,CG31016,FBgn0051016,1,ortholog_one2many
LOC4815509,CG3342,FBgn0029874,1,ortholog_one2one
LOC6898970,Start1,FBgn0035028,1,ortholog_one2one
LOC4803652,CysRS-m,FBgn0033900,1,ortholog_one2one
LOC4801391,CG8138,FBgn0038122,1,ortholog_one2one
LOC4815128,Mfe2,FBgn0030731,1,ortholog_one2one
LOC4816992,CG6614,FBgn0032369,1,ortholog_one2one
LOC4800560,GILT3,FBgn0039098,1,ortholog_one2one
LOC4804422,CG11159,FBgn0034539,1,ortholog_one2one
LOC4815010,CG11294,FBgn0030058,1,ortholog_one2one
LOC6902872,CG3558,FBgn0025681,0,ortholog_one2many
LOC4812860,JMJD5,FBgn0035166,1,ortholog_one2one
LOC4803255,CG3734,FBgn0038700,1,ortholog_one2one
LOC6898903,CG33981,FBgn0250851,1,ortholog_one2one
LOC6900759,CG46457,FBgn0287587,0,ortholog_one2one
LOC4816279,b,FBgn0000153,1,ortholog_one2one
LOC4804705,CG12848,FBgn0040666,1,ortholog_one2one
LOC4804470,RabX1,FBgn0015372,1,ortholog_one2one
LOC6901646,RhoGAP19D,FBgn0031118,1,ortholog_one2one
LOC4814835,Rpt4,FBgn0028685,0,ortholog_one2one
LOC6898445,CG30178,FBgn0050178,1,ortholog_one2one
LOC4814142,Gdap1,FBgn0035587,1,ortholog_one2one
LOC6898184,CG8854,FBgn0033702,1,ortholog_one2one
LOC4815161,ENGase,FBgn0030839,1,ortholog_one2one
LOC4812230,Tdh,FBgn0036997,1,ortholog_one2one
LOC4812754,CG10646,FBgn0036292,1,ortholog_one2one
LOC4804734,Cpr47Ee,FBgn0033602,1,ortholog_one2one
LOC4805217,dve,FBgn0020307,1,ortholog_one2one
LOC4803477,pk,FBgn0003090,1,ortholog_one2one
LOC6902131,Tyler,FBgn0031038,1,ortholog_one2one
LOC4802505,Jhbp1,FBgn0037290,1,ortholog_one2one
LOC4815824,l(1)G0289,FBgn0028331,1,ortholog_one2one
LOC117183507,ppk29,FBgn0034965,1,ortholog_one2one
LOC4815193,Ran,FBgn0020255,1,ortholog_one2one
LOC4802081,VhaM9.7-d,FBgn0038458,1,ortholog_one2one
LOC6898816,VepD,FBgn0053200,0,ortholog_one2one
LOC4814938,CG8034,FBgn0031011,1,ortholog_one2one
LOC4801526,SerRS-m,FBgn0021750,1,ortholog_one2one
LOC6901811,Pp1-13C,FBgn0003132,1,ortholog_one2one
LOC6899990,frac,FBgn0035798,0,ortholog_one2one
LOC4816963,Ostgamma,FBgn0032015,1,ortholog_one2one
LOC4817557,CG14933,FBgn0040968,1,ortholog_one2many
LOC4817557,CG42486,FBgn0259989,1,ortholog_one2many
LOC4811778,Arl4,FBgn0039889,1,ortholog_one2one
LOC4805227,Swim,FBgn0034709,1,ortholog_one2one
LOC6900788,NUCB1,FBgn0052190,1,ortholog_one2one
LOC4804291,Pask,FBgn0034950,1,ortholog_one2one
LOC4805501,MED23,FBgn0034795,1,ortholog_one2one
LOC6898484,dpr1,FBgn0040726,1,ortholog_one2one
LOC4814152,Mdr65,FBgn0004513,1,ortholog_one2one
LOC4804182,inaC,FBgn0004784,1,ortholog_one2one
LOC4815117,Fur2,FBgn0004598,1,ortholog_one2one
LOC4816716,Marcal1,FBgn0031655,1,ortholog_one2one
LOC6897048,CG34404,FBgn0085433,0,ortholog_one2one
LOC4800961,GABA-B-R2,FBgn0027575,1,ortholog_one2one
LOC6898147,Lcp4,FBgn0002535,1,ortholog_many2many
LOC6898147,Lcp3,FBgn0002534,1,ortholog_many2many
LOC4803936,nw,FBgn0283508,1,ortholog_one2one
LOC4816062,CkIalpha,FBgn0015024,1,ortholog_one2one
LOC4815945,Raf,FBgn0003079,1,ortholog_one2one
LOC4813297,Plod,FBgn0036147,0,ortholog_one2one
LOC4803828,CG3746,FBgn0034755,1,ortholog_one2one
LOC6901170,ATbp,FBgn0039946,1,ortholog_one2one
LOC4812976,Iyd,FBgn0286980,0,ortholog_one2one
LOC4802051,plx,FBgn0261261,1,ortholog_one2one
LOC4816496,CG6153,FBgn0032445,1,ortholog_one2one
LOC4804426,CG11110,FBgn0034535,1,ortholog_one2one
LOC4804355,Drep3,FBgn0028407,1,ortholog_one2one
LOC117184107,uex,FBgn0262124,0,ortholog_one2one
LOC4804666,HPS4,FBgn0034261,0,ortholog_one2one
LOC4801217,sp3,FBgn0038890,0,ortholog_one2one
LOC6900906,PGRP-LA,FBgn0035975,1,ortholog_one2one
LOC4816683,CG13243,FBgn0028903,1,ortholog_one2one
LOC4815270,Gem4b,FBgn0052786,1,ortholog_one2many
LOC4815270,Glos,FBgn0029686,1,ortholog_one2many
LOC4815270,Gem4c,FBgn0052783,1,ortholog_one2many
LOC4815685,CG11380,FBgn0040359,1,ortholog_one2one
LOC4805641,CG7737,FBgn0033584,1,ortholog_one2one
LOC4814024,Argk2,FBgn0035957,1,ortholog_one2one
LOC6903797,CG15279,FBgn0028886,0,ortholog_one2many
LOC6900187,CG42324,FBgn0259224,1,ortholog_one2one
LOC4813851,emei,FBgn0036133,0,ortholog_one2one
LOC6902890,Oatp33Ea,FBgn0032433,1,ortholog_one2many
LOC117184480,Ssk,FBgn0036945,1,ortholog_one2many
LOC4818077,tomb,FBgn0031715,1,ortholog_one2one
LOC4813266,CG4174,FBgn0036793,1,ortholog_one2one
LOC4801078,CG8461,FBgn0038235,0,ortholog_one2one
LOC26532507,CG41520,FBgn0087011,0,ortholog_one2one
LOC6900301,Ero1L,FBgn0261274,1,ortholog_one2one
LOC117183223,CG17806,FBgn0038548,0,ortholog_one2many
LOC4812340,CG14086,FBgn0036860,1,ortholog_one2one
LOC6897221,CG42390,FBgn0259736,1,ortholog_one2one
LOC4814944,Ykt6,FBgn0260858,1,ortholog_one2one
LOC4817059,CG6287,FBgn0032350,1,ortholog_one2one
LOC4814687,CG2685,FBgn0024998,1,ortholog_one2one
LOC6901467,CG6041,FBgn0029826,1,ortholog_one2one
LOC4804458,mRpS29,FBgn0034727,1,ortholog_one2one
LOC6897308,PyK,FBgn0267385,1,ortholog_one2one
LOC4813656,Ac76E,FBgn0004852,0,ortholog_one2one
LOC4812272,Bfc,FBgn0035196,1,ortholog_one2many
LOC4812272,CG9130,FBgn0035197,1,ortholog_one2many
LOC4805450,Fcp1,FBgn0035026,1,ortholog_one2one
LOC6900013,CG13064,FBgn0040796,1,ortholog_one2one
LOC6903277,CG34313,FBgn0085342,1,ortholog_one2one
LOC4814209,DENR,FBgn0030802,0,ortholog_one2one
LOC4813708,CG10508,FBgn0037060,1,ortholog_one2one
LOC4815634,CG14625,FBgn0040358,1,ortholog_one2one
LOC4813108,CG7430,FBgn0036762,1,ortholog_one2one
LOC4811853,l(3)73Ah,FBgn0002283,1,ortholog_one2one
LOC4802549,Ttc1,FBgn0038428,1,ortholog_one2one
LOC4813588,shep,FBgn0052423,1,ortholog_one2one
LOC6901740,Nup50,FBgn0033264,0,ortholog_one2many
LOC4812546,SH3PX1,FBgn0040475,1,ortholog_one2one
LOC4803256,CG3739,FBgn0038702,1,ortholog_one2one
LOC4817582,l(2)k05819,FBgn0022153,1,ortholog_one2one
LOC6898569,Tsp68C,FBgn0043550,0,ortholog_one2one
LOC4804799,BomS2,FBgn0025583,1,ortholog_one2many
LOC4804799,BomS4,FBgn0034330,1,ortholog_one2many
LOC4804799,BomS1,FBgn0034329,1,ortholog_one2many
LOC4804138,CG12826,FBgn0033207,1,ortholog_one2one
LOC6898261,CG13516,FBgn0040658,1,ortholog_one2one
LOC6901781,CG15478,FBgn0029955,1,ortholog_one2one
LOC4815284,Abcd3,FBgn0031069,1,ortholog_one2one
LOC6901823,CG1409,FBgn0029964,0,ortholog_one2many
LOC4800596,betaTub85D,FBgn0003889,1,ortholog_one2one
LOC4803301,CG7079,FBgn0038849,1,ortholog_one2one
LOC6897206,CG2955,FBgn0031585,0,ortholog_one2one
LOC6896962,p53,FBgn0039044,1,ortholog_one2one
LOC4817188,drm,FBgn0024244,1,ortholog_one2one
LOC4801277,CG32473,FBgn0052473,1,ortholog_one2one
LOC4815863,Ac13E,FBgn0022710,1,ortholog_one2one
LOC4803628,MetRS,FBgn0034401,1,ortholog_one2one
LOC6896752,asp,FBgn0000140,1,ortholog_one2one
LOC6899794,CG31715,FBgn0051715,0,ortholog_one2one
LOC4818175,CG13991,FBgn0031785,1,ortholog_one2one
LOC26532207,CG44194,FBgn0265083,0,ortholog_one2one
LOC4804714,Pdrg1,FBgn0033467,1,ortholog_one2one
LOC4800243,dgt1,FBgn0039710,1,ortholog_one2many
LOC6897803,Parp1,FBgn0010247,0,ortholog_one2one
LOC4804816,Ttd14,FBgn0284257,1,ortholog_one2one
LOC6901344,CG16719,FBgn0036029,0,ortholog_one2many
LOC4801552,CG15695,FBgn0038832,1,ortholog_one2many
LOC4803925,EDTP,FBgn0027506,1,ortholog_one2one
LOC4812628,slow,FBgn0035539,1,ortholog_one2one
LOC4816845,Rhau,FBgn0032883,1,ortholog_one2one
LOC4813415,Mip,FBgn0036713,1,ortholog_one2one
LOC4800532,CG16953,FBgn0038809,1,ortholog_one2one
LOC6901166,csw,FBgn0000382,0,ortholog_one2one
LOC4811915,CG6928,FBgn0036240,0,ortholog_one2one
LOC6901320,Klp10A,FBgn0030268,1,ortholog_one2one
LOC6901163,Remo,FBgn0030466,0,ortholog_one2one
LOC4812788,CG32115,FBgn0052115,0,ortholog_one2one
LOC4818046,Bdp1,FBgn0032512,1,ortholog_one2one
LOC4814588,Sk1,FBgn0030300,1,ortholog_one2one
LOC4814764,CG7889,FBgn0031003,1,ortholog_one2one
LOC4815358,Usf,FBgn0029711,1,ortholog_one2one
LOC6899872,CG31999,FBgn0051999,1,ortholog_one2one
LOC4800805,Decay,FBgn0028381,1,ortholog_one2one
LOC4804338,Obp44a,FBgn0033268,1,ortholog_one2one
LOC4812060,CG14450,FBgn0037184,1,ortholog_one2one
LOC4813317,Mbs,FBgn0005536,1,ortholog_one2one
LOC4814475,mRNA-cap,FBgn0030556,1,ortholog_one2one
LOC4817190,Atxn7,FBgn0031420,1,ortholog_one2one
LOC4801307,Cht5,FBgn0038180,1,ortholog_one2one
LOC4800442,CG13627,FBgn0039217,1,ortholog_one2one
LOC4801370,EMC6,FBgn0039259,1,ortholog_one2one
LOC4803610,Mal-A2,FBgn0002569,1,ortholog_one2one
LOC6901282,rst,FBgn0003285,1,ortholog_one2one
LOC4800651,Prx3,FBgn0038519,1,ortholog_one2one
LOC6897563,CG45105,FBgn0266566,1,ortholog_one2one
LOC4812073,TTLL1B,FBgn0052238,1,ortholog_one2one
LOC6900831,nebu,FBgn0036316,1,ortholog_one2one
LOC4800973,CG6569,FBgn0038909,1,ortholog_one2one
LOC4813412,trc,FBgn0003744,1,ortholog_one2one
LOC4800871,mbo,FBgn0026207,1,ortholog_one2one
LOC4804885,Taf5,FBgn0010356,1,ortholog_one2one
LOC4805428,CG1671,FBgn0033454,1,ortholog_one2one
LOC4805499,asrij,FBgn0034793,1,ortholog_one2one
LOC4814431,Prp5,FBgn0030631,1,ortholog_one2one
LOC4802232,Lnk,FBgn0028717,1,ortholog_one2one
LOC4813992,Syx7,FBgn0267849,0,ortholog_one2one
LOC6903426,kraken,FBgn0020545,0,ortholog_many2many
LOC4817818,KFase,FBgn0287695,1,ortholog_one2one
LOC4816157,Ugt37B1,FBgn0026755,1,ortholog_one2one
LOC4815448,CG1824,FBgn0030403,0,ortholog_one2one
LOC4816606,hrm,FBgn0033028,0,ortholog_one2one
LOC4816455,CG5122,FBgn0032471,1,ortholog_one2one
LOC4814186,CG4452,FBgn0035981,1,ortholog_one2one
LOC4815162,Tom40,FBgn0016041,1,ortholog_one2one
LOC4813936,CG7182,FBgn0035878,1,ortholog_one2one
LOC4804059,DptA,FBgn0004240,1,ortholog_one2many
LOC6900539,CG43980,FBgn0264711,1,ortholog_one2one
LOC4805038,PAN2,FBgn0033352,1,ortholog_one2one
LOC4812177,Smn,FBgn0036641,1,ortholog_one2one
LOC4804704,CG3894,FBgn0035059,1,ortholog_one2one
LOC6896775,CG7567,FBgn0039670,1,ortholog_one2one
LOC4817149,CG8419,FBgn0031999,1,ortholog_one2one
LOC4816583,dtr,FBgn0023090,1,ortholog_one2one
LOC6898823,Pcf11,FBgn0264962,0,ortholog_one2one
LOC4805425,Sting,FBgn0033453,1,ortholog_one2one
LOC4804858,CG8180,FBgn0034021,1,ortholog_one2one
LOC4801875,Dip-B,FBgn0000454,0,ortholog_one2one
LOC4812408,CG32206,FBgn0052206,1,ortholog_one2one
LOC4816414,Lip2,FBgn0024740,1,ortholog_one2one
LOC4817946,Hacd2,FBgn0032524,1,ortholog_one2one
LOC4802014,Elovl7,FBgn0037534,1,ortholog_one2one
LOC4813884,CG32305,FBgn0052305,1,ortholog_one2many
LOC4813884,CG32301,FBgn0052301,1,ortholog_one2many
LOC117184609,robl62A,FBgn0028567,1,ortholog_one2one
LOC6903360,CG17715,FBgn0041004,0,ortholog_one2one
LOC6901453,RhoGAP16F,FBgn0030893,1,ortholog_one2one
LOC6898716,Obp56c,FBgn0046879,1,ortholog_one2one
LOC4817170,witty,FBgn0032023,1,ortholog_one2one
LOC4800997,fig,FBgn0039694,1,ortholog_one2one
LOC4804352,jeb,FBgn0086677,1,ortholog_one2one
LOC4804945,sm,FBgn0003435,1,ortholog_one2one
LOC4801117,RpL6,FBgn0039857,1,ortholog_one2one
LOC4818142,Ing5,FBgn0032516,1,ortholog_one2one
LOC4804365,hebe,FBgn0033448,1,ortholog_one2one
LOC117184018,Lim3,FBgn0002023,0,ortholog_one2many
LOC4811973,CG16753,FBgn0035393,1,ortholog_one2one
LOC4816748,nrv3,FBgn0032946,1,ortholog_one2one
LOC4812329,CG7166,FBgn0037107,1,ortholog_one2one
LOC4805361,PIG-A,FBgn0034270,1,ortholog_one2one
LOC4802016,CD98hc,FBgn0037533,1,ortholog_one2one
LOC4814208,CG8243,FBgn0033349,0,ortholog_many2many
LOC117184116,Ccp84Ae,FBgn0004779,1,ortholog_one2one
LOC4800368,ppk22,FBgn0051105,1,ortholog_one2one
LOC4801509,MED6,FBgn0024330,1,ortholog_one2one
LOC4801919,CG10280,FBgn0037395,1,ortholog_one2one
LOC15382880,CG42806,FBgn0261975,0,ortholog_one2one
LOC4800707,CG12951,FBgn0037677,0,ortholog_one2many
LOC4800707,CG16749,FBgn0037678,0,ortholog_one2many
LOC4816771,Elba2,FBgn0031435,1,ortholog_one2one
LOC4815217,Fim,FBgn0024238,1,ortholog_one2one
LOC4816745,qtc,FBgn0028572,1,ortholog_one2one
LOC4817233,CG10376,FBgn0032702,1,ortholog_one2one
LOC6897332,CG6000,FBgn0039145,1,ortholog_one2one
LOC4802116,Saysd1,FBgn0039291,1,ortholog_one2one
LOC6898755,CG13204,FBgn0033627,1,ortholog_one2many
LOC6898008,CG34274,FBgn0085303,1,ortholog_one2one
LOC6901808,OdsH,FBgn0026058,0,ortholog_one2one
LOC4815501,GCS2alpha,FBgn0027588,1,ortholog_one2one
LOC4812699,Mcm7,FBgn0020633,1,ortholog_one2one
LOC4811735,CG14072,FBgn0032318,1,ortholog_one2one
LOC4812956,nbs,FBgn0261530,1,ortholog_one2one
LOC6898850,CG34370,FBgn0085399,1,ortholog_one2one
LOC4816584,Sirt1,FBgn0024291,1,ortholog_one2one
LOC6902858,CG4970,FBgn0032364,0,ortholog_one2one
LOC117183267,fd96Ca,FBgn0004897,1,ortholog_one2one
LOC6901419,CG1840,FBgn0030351,1,ortholog_one2many
LOC6901419,SelG,FBgn0030350,1,ortholog_one2many
LOC6898452,CG3328,FBgn0034985,1,ortholog_one2one
LOC4803251,CG3581,FBgn0038697,1,ortholog_one2one
LOC4812224,CG13042,FBgn0036602,1,ortholog_one2one
LOC4805720,Gpo1,FBgn0022160,1,ortholog_one2one
LOC6903109,CG7778,FBgn0032025,1,ortholog_one2one
LOC4812751,CG14572,FBgn0037128,1,ortholog_one2one
LOC4814849,Sclp,FBgn0030357,1,ortholog_one2one
LOC4817920,wwk,FBgn0028879,1,ortholog_one2one
LOC4817434,Trm1,FBgn0032430,1,ortholog_one2one
LOC6900892,zye,FBgn0036985,1,ortholog_one2one
LOC4805725,Zasp52,FBgn0265991,1,ortholog_one2one
LOC4813186,Ir75a,FBgn0036757,1,ortholog_one2one
LOC4814121,AlaRS-m,FBgn0028962,1,ortholog_one2one
LOC6900642,CG6052,FBgn0036747,0,ortholog_one2one
LOC4816699,Nup107,FBgn0027868,1,ortholog_one2one
LOC4801879,CG18048,FBgn0037435,1,ortholog_one2one
LOC6898668,Mal-A5,FBgn0050359,0,ortholog_many2many
LOC4805365,CG10931,FBgn0034274,1,ortholog_one2one
LOC6899936,scrt,FBgn0004880,1,ortholog_one2one
LOC4813486,COX7B,FBgn0040793,1,ortholog_one2one
LOC6898804,CG16935,FBgn0033883,1,ortholog_one2one
LOC4803257,CG11626,FBgn0038705,1,ortholog_one2one
LOC6900790,CG32086,FBgn0052086,0,ortholog_many2many
LOC6900790,CG33489,FBgn0053489,0,ortholog_many2many
LOC6900790,CG33490,FBgn0053490,0,ortholog_many2many
LOC6897072,Jhbp11,FBgn0039485,1,ortholog_one2one
LOC6899811,Ror,FBgn0010407,0,ortholog_one2one
LOC13036285,Mocs2A,FBgn0260229,1,ortholog_one2one
LOC4812485,TfIIEbeta,FBgn0015829,1,ortholog_one2one
LOC4812850,CG6216,FBgn0036139,1,ortholog_one2one
LOC4803757,Gint3,FBgn0034372,1,ortholog_one2one
LOC4813530,Fie,FBgn0026592,1,ortholog_one2one
LOC6901392,CG13376,FBgn0029518,1,ortholog_one2one
LOC4813220,Txl,FBgn0035631,1,ortholog_one2many
LOC4812842,Dci,FBgn0035169,1,ortholog_one2many
LOC6896984,Rala,FBgn0015286,0,ortholog_one2many
LOC6897144,TwdlL,FBgn0039437,1,ortholog_many2many
LOC6897144,TwdlB,FBgn0039436,1,ortholog_many2many
LOC4804562,Pfk,FBgn0003071,1,ortholog_one2one
LOC4817282,AstCC,FBgn0032337,1,ortholog_one2one
LOC4811955,CG3764,FBgn0036684,1,ortholog_one2one
LOC4805412,Sln,FBgn0033657,1,ortholog_one2one
LOC4804072,CG15109,FBgn0034416,1,ortholog_one2many
LOC6901208,Rai1,FBgn0030793,0,ortholog_one2one
LOC4815590,RpS28a,FBgn0039739,0,ortholog_one2many
LOC4815590,RpS28b,FBgn0030136,1,ortholog_one2many
LOC26532051,CG32085,FBgn0052085,1,ortholog_one2one
LOC4812395,roq,FBgn0036621,1,ortholog_one2one
LOC4815039,CG15865,FBgn0015336,0,ortholog_one2one
LOC4803981,Dro,FBgn0010388,1,ortholog_one2one
LOC6897552,CG15186,FBgn0037448,1,ortholog_one2one
LOC6902784,ppk16,FBgn0065108,1,ortholog_one2one
LOC117183310,CG4066,FBgn0038011,0,ortholog_one2one
LOC4800939,Irp-1A,FBgn0024958,1,ortholog_one2one
LOC4817865,stai,FBgn0266521,1,ortholog_one2one
LOC4816356,CG14036,FBgn0031677,1,ortholog_one2one
LOC4813794,CG11529,FBgn0036264,1,ortholog_one2one
GeneID_44805039,mt:Cyt-b,FBgn0013678,1,ortholog_one2many
LOC4814483,CG1632,FBgn0030027,1,ortholog_one2one
LOC4813759,CG17032,FBgn0036547,1,ortholog_one2one
LOC4816294,CG7653,FBgn0028935,1,ortholog_one2one
LOC4803561,CG2765,FBgn0035087,1,ortholog_one2one
LOC6898694,Aldh-III,FBgn0010548,1,ortholog_many2many
LOC4813327,CG12362,FBgn0036082,1,ortholog_one2one
LOC4816924,SC35,FBgn0265298,1,ortholog_one2one
LOC4802684,AttD,FBgn0038530,0,ortholog_one2one
LOC4804297,CG3907,FBgn0034958,1,ortholog_one2one
LOC6899823,Ekar,FBgn0039916,1,ortholog_one2one
LOC4812856,Tollo,FBgn0029114,1,ortholog_one2one
LOC6897507,PIG-P,FBgn0039405,1,ortholog_one2one
LOC4812597,mRpS31,FBgn0036557,1,ortholog_one2one
LOC6898865,CG33228,FBgn0261373,1,ortholog_one2one
LOC6899369,ATPsynD,FBgn0016120,1,ortholog_one2one
LOC4816986,CG4036,FBgn0032149,1,ortholog_one2one
LOC4814148,stet,FBgn0020248,1,ortholog_one2one
LOC4815599,CG15894,FBgn0029864,1,ortholog_one2one
LOC4800748,Lerp,FBgn0051072,1,ortholog_one2one
LOC4800298,DPCoAC,FBgn0067783,1,ortholog_one2one
LOC4805005,Kdm4A,FBgn0033233,1,ortholog_one2one
LOC4816353,Prx6a,FBgn0031479,1,ortholog_one2one
LOC4815475,CG14797,FBgn0029587,1,ortholog_one2one
LOC4816815,Tsp33B,FBgn0032376,0,ortholog_one2one
LOC4817919,COX5BL,FBgn0031831,1,ortholog_one2one
LOC4813944,mkg-p,FBgn0035889,1,ortholog_one2one
LOC4800762,CG31267,FBgn0051267,1,ortholog_one2one
LOC4813584,Polr3E,FBgn0028402,1,ortholog_one2one
LOC6900198,aust,FBgn0032104,0,ortholog_one2many
LOC4800992,mRpL35,FBgn0038923,1,ortholog_one2one
LOC117184970,Hsp23,FBgn0001224,1,ortholog_one2many
LOC117184399,Nup133,FBgn0039004,0,ortholog_one2many
LOC6902662,daw,FBgn0031461,1,ortholog_one2one
LOC4817394,CG4267,FBgn0264979,1,ortholog_one2one
LOC4813110,Cpr62Bb,FBgn0035280,1,ortholog_one2one
LOC26533848,Mkp,FBgn0083992,1,ortholog_one2one
LOC4804222,RpS24,FBgn0261596,1,ortholog_one2one
LOC4811995,Pi3K68D,FBgn0015278,1,ortholog_one2one
LOC4800404,CG9743,FBgn0039756,1,ortholog_one2one
LOC4805386,Mapmodulin,FBgn0034282,1,ortholog_one2one
LOC4817450,Ugt37C2,FBgn0040262,1,ortholog_one2many
LOC4817450,Ugt37C1,FBgn0026754,0,ortholog_one2many
LOC4800671,btz,FBgn0045862,1,ortholog_one2one
LOC4814051,cert,FBgn0027569,1,ortholog_one2one
LOC4812536,CTCF,FBgn0035769,1,ortholog_one2one
LOC4814100,SA2,FBgn0043865,1,ortholog_one2one
LOC6897427,AhcyL2,FBgn0015011,0,ortholog_one2one
LOC4805012,Atg10,FBgn0040780,1,ortholog_one2one
LOC4805409,CG13192,FBgn0033653,1,ortholog_one2one
LOC15382869,CG30022,FBgn0050022,1,ortholog_one2many
LOC4802881,Sb,FBgn0003319,1,ortholog_one2one
LOC4813762,CG7974,FBgn0035254,1,ortholog_one2one
LOC6897279,CG31326,FBgn0051326,1,ortholog_one2one
LOC4814907,CG11581,FBgn0030540,1,ortholog_one2one
LOC4816104,Trs23,FBgn0260861,1,ortholog_one2one
LOC4816717,CG16772,FBgn0032835,1,ortholog_one2one
LOC4803798,wcd,FBgn0262560,1,ortholog_one2one
LOC6900749,CG32086,FBgn0052086,1,ortholog_many2many
LOC6900749,CG33489,FBgn0053489,1,ortholog_many2many
LOC6900749,CG33490,FBgn0053490,1,ortholog_many2many
LOC6898987,shg,FBgn0003391,1,ortholog_one2one
LOC4802210,E(spl)mbeta-HLH,FBgn0002733,1,ortholog_one2one
LOC4817029,Osi21,FBgn0283678,1,ortholog_one2one
LOC6902753,CG12567,FBgn0039958,0,ortholog_one2one
LOC4818026,CG13386,FBgn0032040,1,ortholog_one2one
LOC4802591,Spt3,FBgn0037981,1,ortholog_one2one
LOC6896883,CAH5,FBgn0040629,1,ortholog_one2one
LOC4804200,mlt,FBgn0265512,1,ortholog_one2one
LOC4814347,CG15891,FBgn0029860,1,ortholog_one2one
LOC4813822,CG14963,FBgn0035409,1,ortholog_one2one
LOC4811729,CG14071,FBgn0032312,1,ortholog_one2one
LOC6903642,CG34408,FBgn0085437,1,ortholog_one2one
LOC4814174,hfp,FBgn0028577,1,ortholog_one2one
LOC6896680,CG42752,FBgn0261806,0,ortholog_one2one
LOC4816668,CG15483,FBgn0032457,0,ortholog_one2one
LOC6903399,can,FBgn0011569,0,ortholog_one2many
LOC4816479,dpp,FBgn0000490,1,ortholog_one2one
LOC4817150,CG31800,FBgn0051800,1,ortholog_one2many
LOC4817656,ninaD,FBgn0002939,1,ortholog_one2one
LOC6900640,CG42826,FBgn0262008,1,ortholog_one2one
LOC4800293,sima,FBgn0266411,0,ortholog_one2one
LOC4804068,5-HT1B,FBgn0263116,1,ortholog_one2one
LOC4816100,CG12438,FBgn0032065,1,ortholog_one2one
LOC4818093,AlaRS,FBgn0027094,1,ortholog_one2one
LOC4815563,Agxt,FBgn0014031,1,ortholog_one2one
LOC4816172,CG18304,FBgn0031869,1,ortholog_one2one
LOC4817278,CG7149,FBgn0031948,1,ortholog_one2one
LOC4816118,Ube4A,FBgn0028467,1,ortholog_one2many
LOC6898739,Agps,FBgn0033983,1,ortholog_one2one
LOC4804236,RNaseZ,FBgn0028426,1,ortholog_one2one
LOC4816847,mio,FBgn0031399,1,ortholog_one2one
LOC4801077,mRpL11,FBgn0038234,0,ortholog_one2one
LOC4817802,dmGlut,FBgn0010497,1,ortholog_one2one
LOC4800909,CG13833,FBgn0039040,1,ortholog_one2one
LOC4803874,CysRS,FBgn0027091,1,ortholog_one2one
LOC4805163,CG6280,FBgn0033866,1,ortholog_one2one
LOC117184006,CG5355,FBgn0032242,0,ortholog_one2one
LOC6898329,CG34194,FBgn0085223,1,ortholog_one2one
LOC6897826,glo,FBgn0259139,1,ortholog_one2one
LOC6902313,CG43658,FBgn0263706,1,ortholog_one2one
LOC4816713,Mabi,FBgn0032493,1,ortholog_one2one
LOC6898994,CG34396,FBgn0085425,1,ortholog_one2one
LOC4801732,Sar1,FBgn0038947,1,ortholog_one2one
LOC4815257,Corp,FBgn0030028,1,ortholog_one2one
LOC4802510,Gnf1,FBgn0004913,1,ortholog_one2one
LOC4803900,Shark,FBgn0015295,1,ortholog_one2one
LOC4812833,CG13458,FBgn0036479,1,ortholog_one2one
LOC4816063,CG11596,FBgn0023522,1,ortholog_one2one
LOC6901985,Muc11A,FBgn0052656,1,ortholog_one2one
LOC4814334,CG3703,FBgn0040348,1,ortholog_one2one
LOC4802083,CG18622,FBgn0038460,1,ortholog_one2one
LOC6902649,CG43064,FBgn0262366,0,ortholog_one2many
LOC4814935,Vav,FBgn0040068,1,ortholog_one2one
LOC6897968,bumpel,FBgn0037895,1,ortholog_one2one
LOC6900709,CG13297,FBgn0035685,1,ortholog_one2one
LOC4800486,CG31041,FBgn0051041,1,ortholog_one2one
LOC4815748,lic,FBgn0261524,1,ortholog_one2one
LOC6900896,drpr,FBgn0027594,0,ortholog_one2one
LOC4802189,CG31323,FBgn0051323,1,ortholog_one2one
LOC6903956,CG1640,FBgn0030478,0,ortholog_one2many
LOC4812205,IleRS,FBgn0027086,1,ortholog_one2one
LOC4814275,Sec22,FBgn0260855,1,ortholog_one2one
LOC4802618,CG10038,FBgn0038013,1,ortholog_one2one
LOC4802230,Sodq,FBgn0039386,1,ortholog_one2one
LOC6900260,brv1,FBgn0036874,1,ortholog_one2many
LOC4813255,ACXD,FBgn0040507,1,ortholog_one2one
LOC117185168,CG11307,FBgn0037106,1,ortholog_one2one
LOC4815012,eIF3g1,FBgn0029629,1,ortholog_one2one
LOC4816848,CG15386,FBgn0040715,1,ortholog_one2one
LOC6903448,DnaJ-60,FBgn0260775,0,ortholog_one2one
LOC6903430,CG33643,FBgn0053643,1,ortholog_many2many
LOC6903430,CG33645,FBgn0053645,1,ortholog_many2many
LOC4804889,Marc,FBgn0033451,0,ortholog_one2many
LOC4818109,ck,FBgn0000317,1,ortholog_one2one
LOC4812567,RpL26,FBgn0036825,1,ortholog_one2one
LOC4805560,Nup214,FBgn0010660,1,ortholog_one2one
LOC6900615,CG34056,FBgn0054056,1,ortholog_one2one
LOC6900872,Targ3,FBgn0085290,1,ortholog_one2one
LOC4800346,chp,FBgn0267435,1,ortholog_one2one
LOC4812007,Fit2,FBgn0036688,1,ortholog_one2one
LOC6897470,ApepP,FBgn0026150,0,ortholog_one2one
LOC4816413,CG16820,FBgn0032495,1,ortholog_one2one
LOC4804754,Mos,FBgn0033773,1,ortholog_one2one
LOC4802993,Prat,FBgn0004901,1,ortholog_one2one
LOC4813060,CG10469,FBgn0035678,1,ortholog_one2one
LOC4817708,CG31743,FBgn0032618,0,ortholog_one2one
LOC4803246,unc79,FBgn0038693,1,ortholog_one2one
LOC26533276,Ip259,FBgn0025366,0,ortholog_one2one
LOC4813024,stwl,FBgn0003459,1,ortholog_one2many
LOC4814617,CG2901,FBgn0029679,1,ortholog_one2one
LOC4801301,Argp,FBgn0051469,1,ortholog_one2one
LOC4816141,Atac1,FBgn0031876,1,ortholog_one2one
LOC6901851,tyn,FBgn0284435,1,ortholog_one2one
LOC4803299,Mvl,FBgn0011672,1,ortholog_one2one
LOC15382885,CG34315,FBgn0085344,1,ortholog_one2one
GeneID_44805021,mt:ATPase8,FBgn0013673,1,ortholog_one2one
LOC6899112,Vrp1,FBgn0243516,1,ortholog_one2one
LOC4815812,TwdlY,FBgn0052570,1,ortholog_one2one
LOC4802057,Madm,FBgn0027497,1,ortholog_one2one
LOC4803422,Hsepi,FBgn0033087,1,ortholog_one2one
LOC4802084,MESK4,FBgn0043069,1,ortholog_one2many
LOC4802084,CG31274,FBgn0051274,1,ortholog_one2many
LOC4802379,CG14715,FBgn0037930,1,ortholog_one2one
LOC4816259,tai,FBgn0041092,1,ortholog_one2one
LOC4812582,CG12009,FBgn0035430,1,ortholog_one2one
LOC4816801,msl-2,FBgn0005616,1,ortholog_one2many
LOC4803970,Su(var)2-HP2,FBgn0026427,1,ortholog_one2one
LOC6902523,CG34448,FBgn0085477,1,ortholog_one2one
LOC6897352,CG2003,FBgn0039886,0,ortholog_one2one
LOC6898095,Cyp6u1,FBgn0033121,1,ortholog_one2one
LOC117183170,CG8563,FBgn0035777,1,ortholog_one2one
LOC4801363,l(3)L1231,FBgn0086686,1,ortholog_one2one
LOC117184265,barr,FBgn0014127,1,ortholog_one2many
LOC4815238,Ir7g,FBgn0029968,1,ortholog_one2one
LOC4817548,GABA-B-R3,FBgn0031275,1,ortholog_one2one
LOC6897737,Vha16-2,FBgn0028668,0,ortholog_one2one
LOC4811878,atk,FBgn0036995,1,ortholog_one2one
LOC6900157,CG11905,FBgn0036678,1,ortholog_one2one
LOC4817874,Hasp,FBgn0032797,1,ortholog_one2one
LOC4803853,blw,FBgn0011211,0,ortholog_one2one
LOC4800857,AP-2sigma,FBgn0043012,1,ortholog_one2one
LOC4800433,CG42331,FBgn0259233,1,ortholog_one2one
LOC6901215,MED20,FBgn0013531,0,ortholog_one2one
LOC4802195,Trmt61,FBgn0039407,1,ortholog_one2one
LOC4815293,HP5,FBgn0030301,1,ortholog_one2one
LOC4802752,CG9776,FBgn0027866,1,ortholog_one2one
LOC4815537,CG14629,FBgn0040398,1,ortholog_one2one
LOC4813615,CtsK1,FBgn0250848,1,ortholog_one2one
LOC4801102,CG4951,FBgn0039563,1,ortholog_one2one
LOC4811708,RpL9,FBgn0015756,1,ortholog_one2one
LOC4812885,Cpr62Bc,FBgn0035281,1,ortholog_one2one
LOC4812013,CG13716,FBgn0035563,1,ortholog_one2one
LOC4804909,Corin,FBgn0033192,1,ortholog_one2one
LOC4803786,knon,FBgn0285943,1,ortholog_one2one
LOC4800702,mRRF2,FBgn0051159,1,ortholog_one2one
LOC4804533,Pal2,FBgn0262728,1,ortholog_one2one
LOC4813339,CG4914,FBgn0036436,1,ortholog_one2one
LOC4804566,Ance-4,FBgn0033366,1,ortholog_one2one
LOC4801832,Xrp1,FBgn0261113,1,ortholog_one2one
LOC4804274,Or49a,FBgn0033727,1,ortholog_one2many
LOC4813226,scny,FBgn0260936,1,ortholog_one2one
LOC6897050,CG1774,FBgn0039856,1,ortholog_one2one
LOC4802371,Zaf1,FBgn0037921,1,ortholog_one2one
LOC6900658,Blimp-1,FBgn0035625,1,ortholog_one2one
LOC117184341,PIP4K,FBgn0039924,0,ortholog_one2one
LOC4813743,Tsp74F,FBgn0036769,1,ortholog_one2one
LOC4813461,sinu,FBgn0010894,1,ortholog_one2one
LOC4816497,CG17124,FBgn0032297,1,ortholog_one2one
LOC4813421,Neos,FBgn0024542,0,ortholog_one2one
LOC4817648,Grip71,FBgn0032705,0,ortholog_one2one
LOC4812667,ago,FBgn0041171,1,ortholog_one2one
LOC4812798,GstO1,FBgn0035907,1,ortholog_one2one
LOC4803847,jbug,FBgn0028371,1,ortholog_one2one
LOC6903915,Herc4,FBgn0035207,0,ortholog_one2many
LOC4814012,CG13315,FBgn0040827,1,ortholog_one2one
LOC6898227,CG44435,FBgn0265627,0,ortholog_one2many
LOC6898227,CG44433,FBgn0265625,0,ortholog_one2many
LOC4816742,CG16972,FBgn0032481,1,ortholog_one2one
LOC4805436,Adck1,FBgn0035039,1,ortholog_one2one
LOC4804306,Not11,FBgn0034963,1,ortholog_one2one
LOC4803759,tud,FBgn0003891,1,ortholog_one2one
LOC4812005,MED30,FBgn0035149,1,ortholog_one2one
LOC4804564,CG8170,FBgn0033365,1,ortholog_one2one
LOC4811981,sunn,FBgn0052088,0,ortholog_one2one
LOC4811803,PlexA,FBgn0025741,0,ortholog_one2one
LOC4814237,Pgant7,FBgn0030930,1,ortholog_one2one
LOC4801635,Or88a,FBgn0038203,1,ortholog_one2one
LOC6902362,CG9515,FBgn0032077,1,ortholog_one2one
LOC4813568,Ssk,FBgn0036945,1,ortholog_one2many
LOC4805124,GstT1,FBgn0050000,1,ortholog_one2many
LOC4802738,CG32944,FBgn0052944,1,ortholog_one2one
LOC6903648,RpS27A,FBgn0003942,0,ortholog_one2one
LOC4811880,sty,FBgn0014388,1,ortholog_one2one
LOC4811805,Slip1,FBgn0024728,0,ortholog_one2one
LOC4812986,Neurl4,FBgn0283503,1,ortholog_one2one
LOC4813752,kin17,FBgn0024887,1,ortholog_one2one
LOC4813707,Atg3,FBgn0036813,1,ortholog_one2one
LOC6900873,CG9391,FBgn0037063,1,ortholog_one2one
LOC4803268,CG17752,FBgn0038718,1,ortholog_one2many
LOC4803268,CG17751,FBgn0038717,1,ortholog_one2many
LOC4811991,Pcif1,FBgn0037021,1,ortholog_one2one
LOC4817629,CG14346,FBgn0031337,1,ortholog_one2one
LOC4804569,CG8197,FBgn0033369,1,ortholog_one2one
LOC6901532,AMPdeam,FBgn0052626,1,ortholog_one2one
LOC6899286,Jupiter,FBgn0051363,1,ortholog_one2one
LOC4803478,Spn43Ab,FBgn0024293,1,ortholog_one2one
LOC4803084,Xport-A,FBgn0038749,1,ortholog_one2one
LOC4812201,CG9192,FBgn0035193,1,ortholog_one2one
LOC4817887,CG5181,FBgn0031909,1,ortholog_one2one
LOC4816714,Drep4,FBgn0028406,1,ortholog_one2one
LOC4816574,CG17572,FBgn0032753,0,ortholog_one2many
LOC26534122,Act42A,FBgn0000043,0,ortholog_one2many
LOC4815611,b6,FBgn0024897,1,ortholog_one2one
LOC4817750,tutl,FBgn0010473,1,ortholog_one2one
LOC4803485,Br140,FBgn0033155,1,ortholog_one2one
LOC4817839,GABA-B-R1,FBgn0260446,1,ortholog_one2one
LOC4814448,sing,FBgn0261245,0,ortholog_one2one
LOC4816015,CG3040,FBgn0029925,0,ortholog_one2one
LOC4801297,ninaB,FBgn0002937,1,ortholog_one2one
LOC13036366,Ir94d,FBgn0259193,1,ortholog_one2one
LOC6898583,seq,FBgn0028991,1,ortholog_one2one
LOC4815815,CG46507,FBgn0288732,0,ortholog_one2many
LOC4815815,CG46513,FBgn0288738,0,ortholog_one2many
LOC4815815,CG32706,FBgn0052706,0,ortholog_one2many
LOC4815815,CG46505,FBgn0288730,0,ortholog_one2many
LOC4815815,CG46517,FBgn0288742,0,ortholog_one2many
LOC4815815,CG46519,FBgn0288744,0,ortholog_one2many
LOC4815815,CG46522,FBgn0288747,0,ortholog_one2many
LOC4815815,CG46512,FBgn0288737,0,ortholog_one2many
LOC4815815,CG46516,FBgn0288741,0,ortholog_one2many
LOC4815815,CG46521,FBgn0288746,0,ortholog_one2many
LOC4815815,CG46520,FBgn0288745,0,ortholog_one2many
LOC4815815,CG46511,FBgn0288736,0,ortholog_one2many
LOC4815815,CG41562,FBgn0085693,0,ortholog_one2many
LOC4815815,CG46508,FBgn0288733,0,ortholog_one2many
LOC4815815,CG46518,FBgn0288743,0,ortholog_one2many
LOC4815815,CG46515,FBgn0288740,0,ortholog_one2many
LOC4815815,CG46506,FBgn0288731,0,ortholog_one2many
LOC4815815,CG46504,FBgn0288729,0,ortholog_one2many
LOC4815815,CG10993,FBgn0030524,0,ortholog_one2many
LOC4815815,CG46509,FBgn0288734,0,ortholog_one2many
LOC4815815,CG46514,FBgn0288739,0,ortholog_one2many
LOC4815815,CG40813,FBgn0085521,0,ortholog_one2many
LOC4815815,CG6999,FBgn0030085,0,ortholog_one2many
LOC4815815,CG46510,FBgn0288735,0,ortholog_one2many
LOC4815815,CG32708,FBgn0052708,0,ortholog_one2many
LOC4800306,CG31010,FBgn0051010,1,ortholog_one2one
LOC4805739,fus,FBgn0023441,1,ortholog_one2one
LOC4801913,Obp83ef,FBgn0046876,1,ortholog_one2one
LOC4812821,mRpL50,FBgn0028648,0,ortholog_one2one
LOC4814003,CG5087,FBgn0035953,1,ortholog_one2one
LOC6898207,Art7,FBgn0034817,1,ortholog_one2one
LOC4804010,Ir51b,FBgn0050081,1,ortholog_one2one
LOC4815630,mof,FBgn0014340,1,ortholog_one2one
LOC6900336,CG42571,FBgn0260777,1,ortholog_one2one
LOC117185621,scro,FBgn0287186,0,ortholog_one2one
LOC4812359,CG7458,FBgn0037144,1,ortholog_one2one
LOC4802914,e(y)2b,FBgn0040670,1,ortholog_one2one
LOC4803449,CG30156,FBgn0050156,1,ortholog_one2one
LOC4816480,Eato,FBgn0028539,1,ortholog_one2one
LOC4817524,CG15357,FBgn0040719,1,ortholog_one2one
LOC4802029,Cyp313b1,FBgn0037601,1,ortholog_one2one
LOC4805432,CG4781,FBgn0035043,0,ortholog_one2one
LOC4805689,Alk,FBgn0040505,1,ortholog_one2one
LOC4801843,heph,FBgn0011224,0,ortholog_one2one
LOC4801593,Cul5,FBgn0288875,1,ortholog_one2one
LOC4802719,CG10903,FBgn0037543,1,ortholog_one2one
LOC6903022,Myo31DF,FBgn0086347,1,ortholog_one2one
LOC4802756,Vps24,FBgn0037231,1,ortholog_one2one
LOC4813859,Prx4,FBgn0040308,0,ortholog_one2one
LOC4800430,Ets96B,FBgn0039225,1,ortholog_one2one
LOC4803623,CG15097,FBgn0034396,1,ortholog_one2one
LOC4804433,CG9945,FBgn0034527,1,ortholog_one2one
LOC4813263,dpr20,FBgn0035170,1,ortholog_one2one
LOC4813330,CycT,FBgn0025455,1,ortholog_one2one
LOC4802264,Ccp84Aa,FBgn0004783,1,ortholog_many2many
LOC4802264,Ccp84Ab,FBgn0004782,0,ortholog_many2many
LOC4816301,hll,FBgn0286723,1,ortholog_one2one
LOC4814068,MEP-1,FBgn0035357,1,ortholog_one2one
LOC4800448,CG6695,FBgn0039215,1,ortholog_one2one
LOC4817683,Sgt,FBgn0032640,0,ortholog_one2one
LOC6903392,ttm3,FBgn0032971,0,ortholog_one2one
LOC6902166,sgg,FBgn0003371,1,ortholog_one2one
LOC4812812,CG14564,FBgn0037131,1,ortholog_one2one
LOC6902336,CG16815,FBgn0032491,0,ortholog_one2many
LOC4811770,Slc25A46a,FBgn0030717,0,ortholog_one2many
LOC4811770,Slc25A46b,FBgn0032664,0,ortholog_one2many
LOC4803424,CG17266,FBgn0033089,1,ortholog_one2one
LOC4818102,Dh31,FBgn0032048,1,ortholog_one2one
LOC4805635,Jhedup,FBgn0034076,1,ortholog_one2many
LOC4813309,CG12099,FBgn0035232,0,ortholog_one2one
LOC6902933,CG10588,FBgn0037037,0,ortholog_one2many
LOC4815524,CG11381,FBgn0029568,1,ortholog_one2one
LOC4814184,Hsp67Bc,FBgn0001229,1,ortholog_one2one
LOC4812001,CG1316,FBgn0035526,1,ortholog_one2one
LOC4816802,CG10341,FBgn0032701,1,ortholog_one2one
LOC4800284,CG15515,FBgn0039719,1,ortholog_one2one
LOC6897224,SKIP,FBgn0051163,1,ortholog_one2one
LOC6902981,TwdlE,FBgn0031957,1,ortholog_one2one
LOC4804096,Mov10,FBgn0034187,1,ortholog_one2one
LOC4818184,Nbr,FBgn0032924,1,ortholog_one2one
LOC4818070,Adh,FBgn0000055,1,ortholog_one2one
LOC6900265,Cpr76Bd,FBgn0036881,1,ortholog_one2one
LOC4815341,CG15347,FBgn0030040,1,ortholog_one2one
LOC4804088,mRpL42,FBgn0033480,1,ortholog_one2one
LOC4803134,Ugt302E1,FBgn0040257,1,ortholog_one2one
LOC4813810,CG6996,FBgn0036950,1,ortholog_one2many
LOC4815221,Spt7,FBgn0030874,1,ortholog_one2one
LOC4812428,CG43783,FBgn0264305,1,ortholog_one2many
LOC4815655,Tsp2A,FBgn0024361,1,ortholog_one2one
LOC4805164,tei,FBgn0000633,0,ortholog_one2one
LOC4801481,Hpr1,FBgn0037382,1,ortholog_one2one
LOC4812122,CG14132,FBgn0040817,1,ortholog_one2one
LOC4802604,CG4830,FBgn0037996,1,ortholog_one2one
LOC4813029,brv2,FBgn0036712,1,ortholog_one2one
LOC4804013,GPHR,FBgn0033995,1,ortholog_one2one
LOC4801867,MFS9,FBgn0038799,1,ortholog_one2one
LOC4805121,CG12926,FBgn0033437,1,ortholog_one2one
LOC6897907,CG4390,FBgn0038771,1,ortholog_one2one
LOC4816598,spir,FBgn0003475,1,ortholog_one2one
LOC117185004,elfless,FBgn0032660,0,ortholog_many2many
LOC117185004,CG43058,FBgn0262360,0,ortholog_many2many
LOC6902745,CG17528,FBgn0261387,0,ortholog_one2one
LOC6902245,Zdhhc8,FBgn0085478,1,ortholog_one2one
LOC4804629,CG11192,FBgn0034507,1,ortholog_one2one
LOC4803829,Cyp6d2,FBgn0034756,1,ortholog_one2one
LOC4814859,CG11710,FBgn0031115,1,ortholog_one2one
LOC4814412,upd1,FBgn0004956,1,ortholog_one2one
LOC4817899,COX6CL,FBgn0051644,1,ortholog_one2one
LOC4815362,Shmt,FBgn0029823,1,ortholog_one2one
LOC4812207,CG17027,FBgn0036553,1,ortholog_one2one
LOC4803996,MESR4,FBgn0034240,1,ortholog_one2one
LOC6898948,CG43183,FBgn0262812,0,ortholog_one2one
LOC26533170,CG32017,FBgn0052017,0,ortholog_one2one
LOC4804212,CG4269,FBgn0034741,1,ortholog_one2one
LOC4817390,CG10019,FBgn0031568,1,ortholog_one2one
LOC4802139,CG6607,FBgn0039204,1,ortholog_one2one
LOC4812061,emc,FBgn0000575,1,ortholog_one2one
LOC4816712,Jhbp13,FBgn0032494,1,ortholog_one2one
LOC6899822,Eph,FBgn0025936,0,ortholog_one2one
LOC6902725,CG18094,FBgn0032791,1,ortholog_one2one
LOC4803972,Had2,FBgn0033949,1,ortholog_one2one
LOC4814072,Rab19,FBgn0015793,1,ortholog_one2one
LOC4805588,Ir60e,FBgn0035019,1,ortholog_one2one
LOC26534361,IntS3,FBgn0262117,0,ortholog_one2one
LOC4800957,CG31233,FBgn0051233,1,ortholog_one2one
LOC6901594,oc,FBgn0004102,1,ortholog_one2one
LOC4803531,CG16787,FBgn0034940,0,ortholog_one2one
LOC6897412,Zmynd8,FBgn0039863,1,ortholog_one2one
LOC4817851,Cpr35B,FBgn0028871,1,ortholog_one2one
LOC4816661,CG17343,FBgn0032751,0,ortholog_one2one
LOC6897970,CG5214,FBgn0037891,0,ortholog_one2one
LOC4812490,p130CAS,FBgn0035101,1,ortholog_one2one
LOC117185630,His1:CG33801,FBgn0053801,0,ortholog_many2many
LOC117185630,His1:CG33807,FBgn0053807,1,ortholog_many2many
LOC117185630,His1:CG33819,FBgn0053819,0,ortholog_many2many
LOC117185630,His1:CG33840,FBgn0053840,1,ortholog_many2many
LOC117185630,His1:CG33843,FBgn0053843,0,ortholog_many2many
LOC117185630,His1:CG33846,FBgn0053846,0,ortholog_many2many
LOC117185630,His1:CG33810,FBgn0053810,0,ortholog_many2many
LOC117185630,His1:CG33804,FBgn0053804,1,ortholog_many2many
LOC117185630,His1:CG33816,FBgn0053816,0,ortholog_many2many
LOC117185630,His1:CG33837,FBgn0053837,0,ortholog_many2many
LOC117185630,His1:CG33861,FBgn0053861,0,ortholog_many2many
LOC117185630,His1:CG33855,FBgn0053855,0,ortholog_many2many
LOC117185630,His1:CG33825,FBgn0053825,0,ortholog_many2many
LOC117185630,His1:CG33852,FBgn0053852,0,ortholog_many2many
LOC117185630,His1:CG33831,FBgn0053831,0,ortholog_many2many
LOC117185630,His1:CG33828,FBgn0053828,0,ortholog_many2many
LOC117185630,His1:CG33864,FBgn0053864,0,ortholog_many2many
LOC117185630,His1:CG33813,FBgn0053813,1,ortholog_many2many
LOC117185630,His1:CG31617,FBgn0051617,0,ortholog_many2many
LOC117185630,His1:CG33849,FBgn0053849,1,ortholog_many2many
LOC117185630,His1:CG33822,FBgn0053822,1,ortholog_many2many
LOC117185630,His1:CG33858,FBgn0053858,0,ortholog_many2many
LOC117185630,His1:CG33834,FBgn0053834,0,ortholog_many2many
LOC4805022,Tapdelta,FBgn0021795,1,ortholog_one2one
LOC4803443,CG3358,FBgn0033117,1,ortholog_one2one
LOC4800876,CG6753,FBgn0038070,1,ortholog_one2one
LOC6900822,CG18233,FBgn0036795,1,ortholog_one2one
LOC4804590,Rif1,FBgn0050085,0,ortholog_one2one
LOC4815185,vanin-like,FBgn0040069,1,ortholog_one2many
LOC4815185,CG32751,FBgn0052751,1,ortholog_one2many
LOC4812539,CG32486,FBgn0266918,1,ortholog_one2one
LOC4803097,ATPsynO,FBgn0016691,1,ortholog_one2one
LOC4804295,CG4324,FBgn0034956,1,ortholog_one2one
LOC4803320,CG5614,FBgn0038359,0,ortholog_one2one
LOC6898114,CalpA,FBgn0012051,1,ortholog_one2one
LOC117185203,NO66,FBgn0266570,0,ortholog_one2many
LOC4814080,Arp3,FBgn0262716,1,ortholog_one2one
LOC4812599,CG14131,FBgn0036205,1,ortholog_one2one
LOC4805344,mRpS16,FBgn0033907,1,ortholog_one2one
LOC4802645,mRpS18A,FBgn0051450,1,ortholog_one2one
LOC13036360,CG11741,FBgn0040531,1,ortholog_one2one
LOC4803225,CG31272,FBgn0051272,1,ortholog_one2many
LOC4817195,Slob,FBgn0264087,1,ortholog_one2one
LOC117185412,CG7298,FBgn0036948,1,ortholog_one2many
LOC4815906,Vinc,FBgn0004397,1,ortholog_one2one
LOC4801007,Ppcs,FBgn0261285,1,ortholog_one2one
LOC4812084,Pss,FBgn0287585,1,ortholog_one2one
LOC4803703,CG10321,FBgn0034643,1,ortholog_one2one
LOC4811960,eco,FBgn0035766,1,ortholog_one2one
LOC4805643,CG9084,FBgn0033582,1,ortholog_one2one
LOC4801807,tex,FBgn0037569,1,ortholog_one2one
LOC4816478,CG10839,FBgn0028858,0,ortholog_one2one
LOC6902744,Slmap,FBgn0040011,0,ortholog_one2one
LOC117184869,CG42365,FBgn0259711,0,ortholog_one2one
LOC4812996,Ncc69,FBgn0036279,1,ortholog_one2one
LOC6901666,CG1532,FBgn0031143,0,ortholog_one2many
LOC4802478,hd,FBgn0086695,1,ortholog_one2one
LOC26532766,Cals,FBgn0039928,1,ortholog_one2one
LOC6900489,Vps13D,FBgn0052113,1,ortholog_one2one
LOC4813342,DCTN1-p150,FBgn0001108,1,ortholog_one2one
LOC4813792,CG13733,FBgn0036729,1,ortholog_one2one
LOC6899915,SkpE,FBgn0031074,0,ortholog_many2many
LOC6899915,SkpD,FBgn0026174,0,ortholog_many2many
LOC6899915,SkpA,FBgn0025637,0,ortholog_many2many
LOC6899915,SkpC,FBgn0026175,0,ortholog_many2many
LOC4813788,mRpL20,FBgn0036335,1,ortholog_one2one
LOC4802927,MAGE,FBgn0037481,1,ortholog_one2one
LOC6901499,CG1737,FBgn0030293,1,ortholog_one2one
LOC117184236,CG6788,FBgn0030880,0,ortholog_one2many
LOC4805586,CG4622,FBgn0035021,1,ortholog_one2one
LOC6901315,hang,FBgn0026575,1,ortholog_one2one
LOC4813554,CG32196,FBgn0052196,1,ortholog_one2one
LOC4813802,CG12974,FBgn0037065,1,ortholog_one2one
LOC4816397,lok,FBgn0019686,1,ortholog_one2one
LOC4812616,Pitslre,FBgn0016696,1,ortholog_one2one
LOC4804308,tsr,FBgn0011726,1,ortholog_one2one
LOC4811980,CG5946,FBgn0036211,0,ortholog_one2one
LOC4801972,CG2604,FBgn0037298,0,ortholog_one2one
LOC5495512,Jon65Aiv,FBgn0250815,1,ortholog_one2one
LOC6898122,NaCP60E,FBgn0085434,1,ortholog_one2one
LOC6897075,CG34293,FBgn0085322,1,ortholog_one2one
LOC4802776,Dsk,FBgn0000500,0,ortholog_one2one
LOC4813477,Cyt-c1,FBgn0035600,1,ortholog_one2one
LOC4805141,SCCRO3,FBgn0033784,1,ortholog_one2one
LOC6901265,CG3526,FBgn0040355,0,ortholog_one2many
LOC117183194,CG14096,FBgn0036871,0,ortholog_many2many
LOC117183194,CG18294,FBgn0036873,0,ortholog_many2many
LOC6902826,CG33296,FBgn0053296,1,ortholog_one2many
LOC6902826,CG13795,FBgn0031937,1,ortholog_one2many
LOC6902826,CG13793,FBgn0031935,1,ortholog_one2many
LOC6902826,CG13794,FBgn0031936,1,ortholog_one2many
LOC4803770,CG10505,FBgn0034612,1,ortholog_one2one
LOC6902755,Gpa2,FBgn0261386,0,ortholog_one2one
LOC4800260,Axn,FBgn0026597,1,ortholog_one2one
LOC4801239,CG5938,FBgn0046247,1,ortholog_one2one
LOC6901883,CG14613,FBgn0031188,1,ortholog_one2many
LOC4818069,osp,FBgn0003016,0,ortholog_one2one
LOC4803813,CG30324,FBgn0050324,1,ortholog_one2one
LOC4817677,CG15142,FBgn0032645,1,ortholog_one2one
LOC6903172,REG,FBgn0029133,0,ortholog_one2many
LOC4815317,bou,FBgn0261284,1,ortholog_one2one
LOC4803309,AOX1,FBgn0267408,1,ortholog_one2many
LOC4804628,CG13870,FBgn0034506,1,ortholog_one2one
LOC4804379,cnn,FBgn0013765,0,ortholog_one2one
LOC6898345,AOX4,FBgn0038350,0,ortholog_many2many
LOC6898345,AOX3,FBgn0038349,0,ortholog_many2many
LOC4805687,Amyrel,FBgn0020506,1,ortholog_one2one
LOC4816079,cin,FBgn0000316,1,ortholog_one2one
LOC26533261,CG42394,FBgn0259740,1,ortholog_one2one
LOC117185001,exu,FBgn0000615,0,ortholog_one2many
LOC4800688,Boh1,FBgn0053213,1,ortholog_one2one
LOC4811957,tfc,FBgn0035199,1,ortholog_one2one
LOC6900063,RhoGEF64C,FBgn0035574,1,ortholog_one2one
LOC6897833,CG6790,FBgn0037915,0,ortholog_one2one
LOC4803002,Unc50,FBgn0037609,0,ortholog_one2one
LOC6897270,Cpsf100,FBgn0027873,1,ortholog_one2one
LOC4812653,VhaM9.7-c,FBgn0028664,1,ortholog_one2one
LOC6901598,CG12075,FBgn0030065,1,ortholog_one2one
LOC4802680,Mps1,FBgn0000063,1,ortholog_one2one
LOC4800700,mRpL45,FBgn0263863,1,ortholog_one2one
LOC4804819,Prp19,FBgn0261119,1,ortholog_one2one
LOC4800625,wdn,FBgn0005642,1,ortholog_one2one
LOC4817912,CG13110,FBgn0032111,1,ortholog_one2many
LOC4817297,CG2608,FBgn0032870,1,ortholog_one2one
LOC6896971,Arts,FBgn0042177,0,ortholog_many2many
LOC6896971,Apl,FBgn0042178,0,ortholog_many2many
LOC4801944,ATPsynE,FBgn0038224,1,ortholog_one2one
LOC6898372,CG34196,FBgn0085225,1,ortholog_one2one
LOC4816587,CG9932,FBgn0262160,1,ortholog_one2one
LOC6897066,CG14257,FBgn0039479,1,ortholog_one2one
LOC6900273,Gyc76C,FBgn0266136,0,ortholog_one2many
LOC6900273,CG42637,FBgn0261360,1,ortholog_one2many
LOC4802730,CG31522,FBgn0051522,1,ortholog_one2one
LOC6904036,CG13138,FBgn0032211,0,ortholog_one2one
LOC6903540,mus201,FBgn0002887,1,ortholog_one2one
LOC4816205,Spn27A,FBgn0028990,1,ortholog_one2one
LOC4812694,Cyp40,FBgn0036020,1,ortholog_one2one
LOC4816691,Cwc25,FBgn0031452,1,ortholog_one2one
LOC4818145,CG42810,FBgn0261992,0,ortholog_one2many
LOC4818145,CG42809,FBgn0261991,1,ortholog_one2many
LOC26532548,CG13438,FBgn0034545,1,ortholog_one2one
LOC4812816,GlyRS,FBgn0027088,1,ortholog_one2one
LOC6898852,Snp,FBgn0265192,1,ortholog_one2many
LOC6900505,Pep,FBgn0004401,1,ortholog_one2one
LOC4801791,CG17786,FBgn0039167,1,ortholog_one2one
LOC26533010,CG32119,FBgn0052119,0,ortholog_one2one
LOC4804520,wun,FBgn0016078,1,ortholog_one2one
LOC4817495,dac,FBgn0005677,1,ortholog_one2one
LOC6901211,Kap3,FBgn0028421,0,ortholog_one2one
LOC4801757,spas,FBgn0039141,1,ortholog_one2one
LOC4804634,GNBP-like3,FBgn0034511,1,ortholog_one2one
LOC4803515,DNAlig1,FBgn0262619,1,ortholog_one2one
LOC4804091,CG1371,FBgn0033482,1,ortholog_one2one
LOC6897513,CCAP-R,FBgn0039396,1,ortholog_one2one
LOC6896881,CG1750,FBgn0039836,1,ortholog_one2one
LOC4800747,IntS12,FBgn0039459,1,ortholog_one2one
LOC4801945,spn-B,FBgn0003480,1,ortholog_one2one
LOC4815424,CG32533,FBgn0052533,0,ortholog_one2one
LOC4817562,Or33b,FBgn0026391,1,ortholog_one2many
LOC4816293,CG15256,FBgn0028880,1,ortholog_one2one
LOC117184400,CG13073,FBgn0036577,1,ortholog_one2one
LOC4803956,PRAS40,FBgn0267824,1,ortholog_one2one
LOC4811739,ATPsynG,FBgn0010612,1,ortholog_one2one
LOC4804126,DCTN4-p62,FBgn0033206,0,ortholog_one2one
LOC4805715,bisc,FBgn0034626,1,ortholog_one2one
LOC4814923,ND-24,FBgn0030853,1,ortholog_one2one
LOC6897511,Nf1,FBgn0015269,1,ortholog_one2one
LOC4800416,Tpi,FBgn0086355,1,ortholog_one2one
LOC4813683,frm,FBgn0035612,1,ortholog_one2one
LOC6902879,CG17928,FBgn0032603,1,ortholog_one2one
LOC4802304,CG34357,FBgn0085386,1,ortholog_one2one
LOC117185098,CG32036,FBgn0052036,1,ortholog_one2one
LOC6900811,CG12426,FBgn0039552,0,ortholog_one2many
LOC26532093,CG31697,FBgn0051697,1,ortholog_one2one
LOC4801854,Sirt2,FBgn0038788,1,ortholog_one2one
LOC4800307,Pka-C2,FBgn0000274,1,ortholog_one2one
LOC4817026,dock,FBgn0010583,1,ortholog_one2one
LOC4801461,CG13407,FBgn0038931,1,ortholog_one2one
LOC4803556,CG2811,FBgn0035082,1,ortholog_one2one
LOC4800579,Cow,FBgn0039054,1,ortholog_one2one
LOC4815821,Aven,FBgn0030410,1,ortholog_one2one
LOC4801926,CG2017,FBgn0037391,1,ortholog_one2one
LOC4818188,E2f2,FBgn0024371,1,ortholog_one2one
LOC4802223,kumpel,FBgn0250757,1,ortholog_one2one
LOC4812043,Six4,FBgn0027364,1,ortholog_one2one
LOC6896694,CG34432,FBgn0085461,1,ortholog_one2many
LOC6896694,CG34433,FBgn0085462,1,ortholog_one2many
LOC4811698,DCTN6-p27,FBgn0086446,1,ortholog_one2one
LOC6902854,Arp2,FBgn0011742,0,ortholog_one2one
LOC4817490,jhamt,FBgn0028841,1,ortholog_one2one
LOC26532738,CG30048,FBgn0050048,0,ortholog_one2one
LOC4803165,CG7794,FBgn0038565,1,ortholog_one2one
LOC4815979,SmydA-9,FBgn0030102,1,ortholog_one2one
LOC4800954,CG31343,FBgn0051343,1,ortholog_one2one
LOC4815637,CG4198,FBgn0029753,1,ortholog_one2one
LOC4804101,CG14491,FBgn0034284,1,ortholog_one2one
LOC4817682,fws,FBgn0024689,1,ortholog_one2one
LOC4811654,GATAd,FBgn0032223,0,ortholog_one2one
LOC4803860,CG12490,FBgn0034782,1,ortholog_one2many
LOC4803860,CG9825,FBgn0034783,1,ortholog_one2many
LOC4803860,CG30265,FBgn0050265,1,ortholog_one2many
LOC6901234,B-H1,FBgn0011758,1,ortholog_one2one
LOC4813950,Cbl,FBgn0020224,1,ortholog_one2one
LOC4801710,mtg,FBgn0260386,1,ortholog_one2one
LOC6900369,CG42507,FBgn0260233,1,ortholog_one2one
LOC4816277,CG15262,FBgn0028852,1,ortholog_one2one
LOC4803043,XNP,FBgn0039338,1,ortholog_one2one
LOC6902470,Vha68-2,FBgn0263598,1,ortholog_one2one
LOC4813880,Eip78C,FBgn0004865,1,ortholog_one2one
LOC4815224,CG12115,FBgn0030097,0,ortholog_one2one
LOC6896804,CG34289,FBgn0085318,1,ortholog_one2one
LOC4801333,CG6425,FBgn0039449,1,ortholog_one2one
LOC6900947,ergic53,FBgn0035909,0,ortholog_one2one
LOC4805537,Hmg-2,FBgn0026582,1,ortholog_many2many
LOC4817498,CG31816,FBgn0051816,1,ortholog_one2one
LOC4814763,CG7992,FBgn0031004,1,ortholog_one2one
LOC4815404,CG11382,FBgn0040367,1,ortholog_one2one
LOC4805107,epsilonTry,FBgn0010425,1,ortholog_one2one
LOC6901946,CG3097,FBgn0029804,1,ortholog_one2one
LOC6901804,CG32554,FBgn0052554,1,ortholog_one2one
LOC4814118,D19A,FBgn0022935,1,ortholog_one2one
LOC4816252,CG13766,FBgn0031834,0,ortholog_one2one
LOC4816095,CG4558,FBgn0029914,1,ortholog_one2one
LOC4812375,CG9701,FBgn0036659,1,ortholog_one2one
LOC4815459,gce,FBgn0261703,1,ortholog_one2one
LOC4805413,Twdlbeta,FBgn0033658,1,ortholog_one2one
LOC4813883,sti,FBgn0002466,1,ortholog_one2one
LOC6902663,CG31780,FBgn0051780,0,ortholog_one2many
LOC6902663,CG4793,FBgn0028514,0,ortholog_one2many
LOC6902663,CG18477,FBgn0028864,0,ortholog_one2many
LOC6902406,CG42748,FBgn0261802,1,ortholog_one2one
LOC6897140,mIF2,FBgn0039588,1,ortholog_one2one
LOC4812484,mRpL21,FBgn0036853,1,ortholog_one2one
LOC4803003,hb,FBgn0001180,1,ortholog_one2one
LOC4813040,MYPT-75D,FBgn0036801,1,ortholog_one2one
LOC6898133,LRP1,FBgn0053087,1,ortholog_one2one
LOC6900704,CG6765,FBgn0035903,1,ortholog_one2one
LOC6896925,CG9173,FBgn0035218,0,ortholog_one2many
LOC4802284,CG1138,FBgn0037456,0,ortholog_one2one
LOC4814784,org-1,FBgn0021767,1,ortholog_many2many
LOC4802627,CG8379,FBgn0037638,1,ortholog_one2one
LOC6900064,CG32237,FBgn0052237,1,ortholog_one2one
LOC6900548,nan,FBgn0036414,1,ortholog_one2one
LOC4812014,Lamtor4,FBgn0035469,1,ortholog_one2one
LOC6900804,CG34253,FBgn0085282,1,ortholog_one2one
LOC6900901,Rbp6,FBgn0260943,1,ortholog_one2one
LOC4802979,CG18746,FBgn0042103,1,ortholog_one2one
LOC4812019,CG13022,FBgn0036679,1,ortholog_one2one
LOC26532629,CG17122,FBgn0036962,1,ortholog_one2one
LOC6903479,KdelR,FBgn0267330,0,ortholog_one2many
LOC4802796,mthl5,FBgn0037960,1,ortholog_one2one
LOC4804092,CG9646,FBgn0034184,1,ortholog_one2one
LOC6896923,CG10096,FBgn0038032,1,ortholog_one2one
LOC4802889,IKKbeta,FBgn0024222,1,ortholog_one2one
LOC4802822,dpr4,FBgn0053512,1,ortholog_one2one
LOC4812568,arx,FBgn0036826,1,ortholog_one2many
LOC4811939,Klp61F,FBgn0004378,1,ortholog_one2one
LOC4814476,CG2061,FBgn0027498,1,ortholog_one2one
LOC4803412,CG15237,FBgn0033104,1,ortholog_one2one
LOC4801705,CG2126,FBgn0039876,1,ortholog_one2one
LOC4804530,mRpL43,FBgn0034893,1,ortholog_one2one
LOC4801113,cg,FBgn0000289,0,ortholog_one2one
LOC6900876,Cpr78Cc,FBgn0037069,1,ortholog_one2many
LOC4815198,CG13365,FBgn0029529,1,ortholog_one2one
LOC4817208,hoip,FBgn0286786,1,ortholog_one2one
GeneID_44805034,mt:ND4,FBgn0262952,1,ortholog_one2one
LOC4817931,CG10470,FBgn0032746,1,ortholog_one2one
LOC4812732,CG5989,FBgn0017429,1,ortholog_one2one
LOC4801362,CG3505,FBgn0038250,1,ortholog_one2one
LOC6900020,CG13060,FBgn0036606,1,ortholog_many2many
LOC6900020,CG13041,FBgn0036605,0,ortholog_many2many
LOC4815810,Fpgs1,FBgn0030407,1,ortholog_one2one
LOC4802321,CG4546,FBgn0038373,1,ortholog_one2one
LOC4802750,Skp2,FBgn0037236,1,ortholog_one2one
LOC4800968,Gr93b,FBgn0045470,1,ortholog_one2one
LOC4801062,CG14856,FBgn0038261,1,ortholog_one2one
LOC4800634,CG14062,FBgn0039592,1,ortholog_one2one
LOC4811921,Psn,FBgn0284421,1,ortholog_one2one
LOC6897188,Or67a,FBgn0036009,0,ortholog_one2one
LOC6899106,CG34206,FBgn0085235,1,ortholog_one2one
LOC4801503,CG12947,FBgn0037753,1,ortholog_one2one
LOC4813957,Mkrn1,FBgn0029152,0,ortholog_one2many
LOC4813957,CG12477,FBgn0036809,0,ortholog_one2many
LOC4813957,CG5347,FBgn0030578,0,ortholog_one2many
LOC4813957,CG5334,FBgn0030577,0,ortholog_one2many
LOC6898206,Gr59a,FBgn0045483,0,ortholog_one2many
LOC6897361,CG4511,FBgn0037843,0,ortholog_one2one
LOC6901257,Arl6IP1,FBgn0038453,0,ortholog_one2many
LOC4803042,CG11970,FBgn0027503,1,ortholog_one2one
LOC4813600,CG14568,FBgn0037124,1,ortholog_one2one
LOC6903072,CG3704,FBgn0040346,0,ortholog_one2one
LOC6901195,CG2076,FBgn0030263,1,ortholog_one2one
LOC4815074,Rtca,FBgn0025630,0,ortholog_one2one
LOC6898797,sqa,FBgn0259678,1,ortholog_one2one
LOC4818153,Kr-h1,FBgn0266450,1,ortholog_one2one
LOC4815243,spirit,FBgn0030051,1,ortholog_one2one
LOC4800672,CROT,FBgn0039543,1,ortholog_one2one
LOC4817251,CG31705,FBgn0028490,1,ortholog_one2one
LOC4816776,Naprt,FBgn0031589,1,ortholog_one2one
LOC4801548,Ir93a,FBgn0259215,1,ortholog_one2one
LOC4816245,CG9498,FBgn0031801,1,ortholog_one2one
LOC4817688,fipi,FBgn0031627,1,ortholog_one2one
LOC4802658,CG31380,FBgn0051380,1,ortholog_one2one
LOC4815908,kz,FBgn0001330,1,ortholog_one2one
LOC4803833,CG13511,FBgn0034759,1,ortholog_one2one
LOC4814264,CG6106,FBgn0030914,1,ortholog_one2one
LOC4804933,ClC-b,FBgn0033755,1,ortholog_one2one
LOC4801156,Pdhb,FBgn0039635,1,ortholog_one2one
LOC117185205,NO66,FBgn0266570,0,ortholog_one2many
LOC4804279,CG30050,FBgn0050050,1,ortholog_one2one
LOC4804366,dila,FBgn0033447,0,ortholog_one2one
LOC4816262,alien,FBgn0013746,1,ortholog_one2one
LOC4801728,Cys,FBgn0004629,1,ortholog_one2many
LOC4801728,CG8066,FBgn0038243,1,ortholog_one2many
LOC4815791,CG1529,FBgn0031144,0,ortholog_one2many
LOC4815791,CG1603,FBgn0033185,0,ortholog_one2many
LOC4813093,CG13737,FBgn0036382,1,ortholog_one2one
LOC117184663,CG45061,FBgn0266431,0,ortholog_many2many
LOC117184663,CG45060,FBgn0266430,1,ortholog_many2many
LOC117183375,CG33784,FBgn0053784,1,ortholog_many2many
LOC117183375,CG33783,FBgn0053783,1,ortholog_many2many
LOC6899765,Myo81F,FBgn0267431,0,ortholog_one2one
LOC4802629,CG8369,FBgn0040532,1,ortholog_one2one
LOC4801339,ChAT,FBgn0000303,0,ortholog_one2one
LOC6896968,wge,FBgn0051151,1,ortholog_one2one
LOC4814612,CG6398,FBgn0030870,1,ortholog_one2one
LOC4802322,Hmt-1,FBgn0038376,1,ortholog_one2one
LOC6900604,Rab8,FBgn0262518,1,ortholog_one2one
LOC4815589,RpS19a,FBgn0010412,0,ortholog_one2many
LOC4816919,CG7214,FBgn0031940,1,ortholog_one2one
LOC4815309,CG9919,FBgn0030742,1,ortholog_one2one
LOC6902266,Vsx1,FBgn0263511,0,ortholog_one2one
LOC4818082,NC2beta,FBgn0028926,1,ortholog_one2one
LOC6897805,eIF5,FBgn0030719,0,ortholog_one2one
LOC4812787,acs,FBgn0035300,1,ortholog_one2one
LOC4814796,CG12111,FBgn0030050,0,ortholog_one2one
LOC4813332,pst,FBgn0035770,1,ortholog_one2one
LOC6900046,CG15024,FBgn0040699,1,ortholog_one2one
LOC4804989,CG10257,FBgn0033985,1,ortholog_one2one
LOC4818154,Ankrd49,FBgn0261881,1,ortholog_one2one
LOC4815476,CG7024,FBgn0029722,0,ortholog_one2one
LOC6899980,NitFhit,FBgn0024945,1,ortholog_one2one
LOC117183568,His1:CG33801,FBgn0053801,0,ortholog_many2many
LOC117183568,His1:CG33807,FBgn0053807,1,ortholog_many2many
LOC117183568,His1:CG33819,FBgn0053819,0,ortholog_many2many
LOC117183568,His1:CG33840,FBgn0053840,1,ortholog_many2many
LOC117183568,His1:CG33843,FBgn0053843,1,ortholog_many2many
LOC117183568,His1:CG33846,FBgn0053846,0,ortholog_many2many
LOC117183568,His1:CG33810,FBgn0053810,1,ortholog_many2many
LOC117183568,His1:CG33804,FBgn0053804,1,ortholog_many2many
LOC117183568,His1:CG33816,FBgn0053816,1,ortholog_many2many
LOC117183568,His1:CG33837,FBgn0053837,0,ortholog_many2many
LOC117183568,His1:CG33861,FBgn0053861,1,ortholog_many2many
LOC117183568,His1:CG33855,FBgn0053855,0,ortholog_many2many
LOC117183568,His1:CG33825,FBgn0053825,1,ortholog_many2many
LOC117183568,His1:CG33852,FBgn0053852,0,ortholog_many2many
LOC117183568,His1:CG33831,FBgn0053831,0,ortholog_many2many
LOC117183568,His1:CG33828,FBgn0053828,0,ortholog_many2many
LOC117183568,His1:CG33864,FBgn0053864,0,ortholog_many2many
LOC117183568,His1:CG33813,FBgn0053813,1,ortholog_many2many
LOC117183568,His1:CG31617,FBgn0051617,0,ortholog_many2many
LOC117183568,His1:CG33849,FBgn0053849,0,ortholog_many2many
LOC117183568,His1:CG33822,FBgn0053822,1,ortholog_many2many
LOC117183568,His1:CG33858,FBgn0053858,0,ortholog_many2many
LOC117183568,His1:CG33834,FBgn0053834,1,ortholog_many2many
LOC4802704,Vps45,FBgn0261049,1,ortholog_one2one
LOC4813314,Poc1,FBgn0036354,1,ortholog_many2many
LOC6897776,CG34112,FBgn0086608,1,ortholog_one2one
LOC4801955,HtrA2,FBgn0038233,1,ortholog_one2one
LOC4803560,CG12851,FBgn0035086,1,ortholog_one2one
LOC4805290,CG15673,FBgn0034639,1,ortholog_one2one
LOC4816918,CG10431,FBgn0032730,1,ortholog_one2one
LOC4813208,fmt,FBgn0035688,1,ortholog_one2one
LOC4802707,Kap-alpha3,FBgn0027338,1,ortholog_one2one
LOC4812561,CG7264,FBgn0036214,0,ortholog_one2one
LOC117184586,Nemp,FBgn0030768,1,ortholog_one2many
LOC4812404,CG44836,FBgn0266099,1,ortholog_one2one
LOC4814533,CG7322,FBgn0030968,1,ortholog_one2one
LOC4817810,Ac3,FBgn0023416,1,ortholog_one2one
LOC6897391,glob2,FBgn0250846,0,ortholog_one2one
LOC6900856,Grl62c,FBgn0085288,1,ortholog_one2one
LOC4800285,CG31036,FBgn0051036,1,ortholog_one2one
LOC4814913,CG12680,FBgn0029740,1,ortholog_one2one
LOC26533533,mRpS5,FBgn0287187,0,ortholog_one2one
LOC4804359,CG8569,FBgn0033752,0,ortholog_one2one
LOC6897637,Cdep,FBgn0265082,1,ortholog_one2one
LOC4816341,insv,FBgn0031434,1,ortholog_one2one
LOC4800387,Osi23,FBgn0039771,1,ortholog_one2one
LOC6903592,CG33511,FBgn0053511,1,ortholog_one2one
LOC4802185,CG12290,FBgn0039419,1,ortholog_one2one
LOC4812381,CG11619,FBgn0036836,1,ortholog_one2one
LOC6896912,CG33631,FBgn0053631,1,ortholog_one2one
LOC4817387,CG14535,FBgn0031955,1,ortholog_one2one
LOC4817594,CG4629,FBgn0031299,1,ortholog_one2one
LOC6903429,CG33644,FBgn0053644,1,ortholog_one2many
LOC6903429,CG33647,FBgn0053647,0,ortholog_one2many
LOC4805282,TAF1C-like,FBgn0034631,1,ortholog_one2one
LOC4805250,CG4372,FBgn0034665,1,ortholog_one2one
LOC4812092,CG13250,FBgn0037013,1,ortholog_one2one
LOC4805679,Acp53C14a,FBgn0034152,1,ortholog_one2one
LOC4817218,Prosbeta4,FBgn0032596,1,ortholog_one2one
LOC4813211,elgi,FBgn0283649,1,ortholog_one2one
LOC4815265,CG9992,FBgn0030744,1,ortholog_one2one
LOC4813233,CG18081,FBgn0036537,1,ortholog_one2many
LOC4813233,CG15715,FBgn0036538,1,ortholog_one2many
LOC6897452,Pxd,FBgn0004577,1,ortholog_one2one
LOC4804239,CG4610,FBgn0034735,0,ortholog_one2one
LOC26532098,Ir75b,FBgn0261402,1,ortholog_one2one
LOC117185065,elfless,FBgn0032660,0,ortholog_many2many
LOC117185065,CG43058,FBgn0262360,0,ortholog_many2many
LOC5495514,GILT2,FBgn0039099,1,ortholog_one2one
LOC117184128,Meics,FBgn0025874,0,ortholog_many2many
LOC6902005,cuff,FBgn0260932,0,ortholog_one2many
LOC6900189,CG10359,FBgn0035452,1,ortholog_one2one
LOC4814183,Hsp26,FBgn0001225,1,ortholog_one2one
LOC4817926,CG12517,FBgn0032311,1,ortholog_one2one
LOC4803667,mIF3,FBgn0033712,1,ortholog_one2one
LOC4802832,ClC-a,FBgn0051116,1,ortholog_one2one
LOC4812274,CG8001,FBgn0035268,1,ortholog_one2one
LOC4805351,CG8399,FBgn0034067,1,ortholog_one2one
LOC5495505,alpha-Est9,FBgn0015577,1,ortholog_one2one
LOC4803415,koi,FBgn0265003,1,ortholog_one2one
LOC4817324,Idua,FBgn0032343,1,ortholog_one2one
LOC6903027,Gyc32E,FBgn0010197,1,ortholog_one2one
LOC4802072,modSP,FBgn0051217,1,ortholog_one2one
LOC4812650,Teh4,FBgn0035504,1,ortholog_one2one
LOC4814113,Kah,FBgn0035144,1,ortholog_one2one
LOC4817089,CG14024,FBgn0031697,1,ortholog_one2one
LOC6903738,CG15539,FBgn0039782,0,ortholog_one2many
LOC4803690,CG10307,FBgn0034655,1,ortholog_one2one
LOC4802935,CG14607,FBgn0037488,1,ortholog_one2one
LOC4813784,CG13484,FBgn0036406,1,ortholog_one2one
LOC117184243,CG17493,FBgn0040010,0,ortholog_one2one
LOC4804593,unpg,FBgn0015561,0,ortholog_one2one
LOC6902314,CG8508,FBgn0038123,0,ortholog_one2one
LOC4801903,Osi4,FBgn0037412,1,ortholog_one2one
LOC4814145,Cpsf5,FBgn0288470,1,ortholog_one2one
LOC4804009,row,FBgn0033998,1,ortholog_one2one
LOC6898973,sced,FBgn0013732,0,ortholog_one2one
LOC4815279,fzr,FBgn0262699,1,ortholog_one2one
LOC4802449,CG1172,FBgn0264712,1,ortholog_one2one
LOC6901046,CCKLR-17D1,FBgn0259231,1,ortholog_one2one
LOC4802954,CG14598,FBgn0037503,1,ortholog_one2one
LOC4815574,wds,FBgn0040066,0,ortholog_one2one
LOC4811660,Efhc1.1,FBgn0030691,0,ortholog_one2many
LOC4804975,Cyp6a22,FBgn0013773,1,ortholog_one2one
LOC4815256,Ppt1,FBgn0030057,1,ortholog_one2one
LOC4817781,dbr,FBgn0067779,1,ortholog_one2one
LOC4801334,Yif1,FBgn0288631,1,ortholog_one2one
LOC4803668,CG30046,FBgn0050046,1,ortholog_one2one
LOC4817942,CG9175,FBgn0031779,1,ortholog_one2one
LOC4805452,CG11414,FBgn0035024,1,ortholog_one2one
LOC4805520,mRpL54,FBgn0034579,1,ortholog_one2one
LOC4800599,CG8132,FBgn0037687,1,ortholog_one2one
LOC4803751,CG15073,FBgn0034379,1,ortholog_one2one
LOC4817945,eIF4A,FBgn0001942,1,ortholog_one2one
LOC4801810,CG11698,FBgn0037572,1,ortholog_one2one
LOC6897157,Meltrin,FBgn0265140,0,ortholog_one2one
LOC4805697,CG11275,FBgn0034706,1,ortholog_one2one
LOC4813273,CG5506,FBgn0036766,1,ortholog_one2one
LOC4814596,THADA,FBgn0031077,0,ortholog_one2one
LOC4812606,Nrt,FBgn0004108,1,ortholog_one2one
LOC4817368,CarT,FBgn0032879,1,ortholog_one2one
LOC4816594,CG10026,FBgn0032785,1,ortholog_one2one
LOC4801770,CG13607,FBgn0039151,1,ortholog_one2one
LOC4816960,CG8372,FBgn0032000,1,ortholog_one2one
LOC4814539,egh,FBgn0001404,1,ortholog_one2one
LOC4817412,wol,FBgn0261020,1,ortholog_one2one
LOC4812242,Max,FBgn0017578,1,ortholog_one2one
LOC13036379,Gfrl,FBgn0262869,1,ortholog_one2one
LOC6903309,CG32590,FBgn0052590,0,ortholog_one2one
LOC4804501,VhaAC45,FBgn0262515,1,ortholog_one2one
LOC4816351,CG15482,FBgn0032483,1,ortholog_one2one
LOC6902279,CG40485,FBgn0069973,1,ortholog_one2one
LOC4805478,Opa1,FBgn0261276,1,ortholog_one2one
LOC4802049,CG2104,FBgn0037365,1,ortholog_one2one
LOC6900111,stv,FBgn0086708,1,ortholog_one2one
LOC4800902,CG17270,FBgn0038828,1,ortholog_one2one
LOC4817064,mib2,FBgn0086442,1,ortholog_one2one
LOC6896895,CG17224,FBgn0031489,0,ortholog_one2one
LOC4801837,Smu1,FBgn0038666,1,ortholog_one2one
LOC4800611,CSN6,FBgn0028837,1,ortholog_one2one
LOC4815852,l(1)G0196,FBgn0027279,1,ortholog_one2one
LOC4817680,GCS2beta,FBgn0032643,1,ortholog_one2one
LOC4812987,Prosbeta2,FBgn0023174,1,ortholog_one2one
LOC4803724,Gpdh2,FBgn0034825,1,ortholog_one2one
LOC4804213,CG4294,FBgn0034742,1,ortholog_one2one
LOC26532979,loh,FBgn0032252,0,ortholog_one2one
LOC4812910,Ssl1,FBgn0037202,1,ortholog_one2one
LOC4816298,mTTF,FBgn0028530,1,ortholog_one2one
LOC4802099,Dad,FBgn0020493,1,ortholog_one2one
LOC4803876,L,FBgn0288433,1,ortholog_one2one
LOC6903368,Shawl,FBgn0085395,1,ortholog_one2one
LOC4804033,Optix,FBgn0025360,1,ortholog_one2one
LOC4814007,chb,FBgn0021760,0,ortholog_one2one
LOC6902587,Hsp60C,FBgn0031728,1,ortholog_one2one
LOC4815545,Prosbeta2R1,FBgn0029812,1,ortholog_one2one
LOC4801671,pinta,FBgn0038966,1,ortholog_one2one
LOC4816215,CG13108,FBgn0032100,1,ortholog_one2one
LOC4800491,ppk21,FBgn0039675,1,ortholog_one2one
LOC6900043,CG15021,FBgn0035544,1,ortholog_one2one
LOC4815346,Spg7,FBgn0024992,1,ortholog_one2one
LOC4812818,Ocho,FBgn0040296,1,ortholog_one2one
LOC4802958,Mics1,FBgn0037506,1,ortholog_one2one
LOC6897252,CG15695,FBgn0038832,1,ortholog_one2many
LOC4801853,CG4360,FBgn0038787,1,ortholog_one2one
LOC4801708,CG33722,FBgn0064126,0,ortholog_one2one
LOC4817234,Tep3,FBgn0041181,1,ortholog_one2one
LOC4803035,Iru,FBgn0037653,1,ortholog_one2one
LOC4801199,CG14331,FBgn0038510,1,ortholog_one2one
LOC4805490,tej,FBgn0033921,1,ortholog_one2many
LOC4813114,IntS10,FBgn0035462,1,ortholog_one2one
LOC4812435,wrm1,FBgn0264302,1,ortholog_one2one
LOC4815678,Pfrx,FBgn0027621,1,ortholog_one2one
LOC26532854,CG42833,FBgn0262022,1,ortholog_one2one
LOC6898357,CG42329,FBgn0259229,0,ortholog_one2one
LOC4817527,CG15356,FBgn0031377,1,ortholog_one2one
LOC4813576,Pus7,FBgn0035901,1,ortholog_one2one
LOC4815130,car,FBgn0000257,1,ortholog_one2one
LOC4813833,CG5707,FBgn0026593,1,ortholog_one2one
LOC4805288,CG10433,FBgn0034638,1,ortholog_one2one
LOC4812540,PAN3,FBgn0035397,1,ortholog_one2one
LOC6898687,CG18004,FBgn0033566,1,ortholog_one2one
LOC4817100,ppk18,FBgn0265001,0,ortholog_one2one
LOC4817471,CG13117,FBgn0032140,1,ortholog_one2one
LOC4812684,Ubc4,FBgn0015321,1,ortholog_one2one
LOC6897852,CG1288,FBgn0250845,0,ortholog_one2one
LOC4803228,CG4073,FBgn0037827,0,ortholog_one2one
LOC4805072,blo,FBgn0289556,1,ortholog_one2one
LOC4814282,CG15043,FBgn0030929,1,ortholog_one2one
LOC4816221,CG32987,FBgn0052987,1,ortholog_one2one
LOC4817337,CG10621,FBgn0032726,1,ortholog_one2one
LOC4814410,CG3706,FBgn0040342,0,ortholog_one2one
LOC6897147,TwdlH,FBgn0051080,1,ortholog_one2one
LOC6904012,tinc,FBgn0261649,1,ortholog_one2one
LOC4800765,CG5246,FBgn0038484,1,ortholog_one2one
LOC4813891,Gcn5,FBgn0020388,1,ortholog_one2one
LOC6898196,Or65c,FBgn0041623,0,ortholog_many2many
LOC6898196,Or65b,FBgn0041624,0,ortholog_many2many
LOC6898196,Or65a,FBgn0041625,0,ortholog_many2many
LOC4816593,CG17349,FBgn0032771,1,ortholog_one2one
LOC4813643,Cpr78Cc,FBgn0037069,1,ortholog_one2many
LOC6898470,Nadk1b,FBgn0053156,1,ortholog_one2one
LOC4800733,Tsp97E,FBgn0039465,0,ortholog_one2one
LOC4811948,beg,FBgn0036691,1,ortholog_one2one
LOC6898283,qvr,FBgn0260499,1,ortholog_one2one
LOC4812903,SLC22A,FBgn0037140,1,ortholog_one2one
LOC4815494,Arp10,FBgn0031050,0,ortholog_one2one
LOC4814771,mRpL33,FBgn0040907,0,ortholog_one2many
LOC4801742,Gdh,FBgn0001098,1,ortholog_one2one
LOC4816660,Or23a,FBgn0026395,1,ortholog_one2one
LOC4804441,Sec6,FBgn0266671,0,ortholog_one2one
LOC4805041,CG8248,FBgn0033347,1,ortholog_one2one
LOC6898439,CG33012,FBgn0053012,1,ortholog_one2one
LOC4805325,Rab3,FBgn0005586,1,ortholog_one2one
LOC4802366,Kdsr,FBgn0039304,1,ortholog_one2one
LOC4813426,in,FBgn0001259,1,ortholog_one2one
LOC6897882,CG17816,FBgn0037525,1,ortholog_one2one
LOC4803871,CG8435,FBgn0034084,1,ortholog_one2one
LOC6900641,Srg2,FBgn0262007,1,ortholog_one2many
LOC6900641,CG32054,FBgn0052054,1,ortholog_one2many
LOC4812727,Cpr66D,FBgn0052029,1,ortholog_one2one
LOC6898020,CG33262,FBgn0053262,0,ortholog_one2one
LOC4800594,alpha-Man-IIa,FBgn0011740,1,ortholog_one2one
LOC4801535,CG5697,FBgn0038846,0,ortholog_one2one
LOC4805093,dgt5,FBgn0033740,1,ortholog_one2one
LOC4812324,Mettl2,FBgn0035247,1,ortholog_one2one
LOC6899751,BckdhB,FBgn0039993,0,ortholog_one2one
LOC4800989,Theg,FBgn0038921,1,ortholog_one2one
LOC4801991,yellow-e,FBgn0041711,1,ortholog_one2one
LOC6901107,ph-p,FBgn0004861,1,ortholog_many2many
LOC6901107,ph-d,FBgn0004860,1,ortholog_many2many
LOC4801271,CheA87a,FBgn0038142,1,ortholog_one2one
LOC6897745,Jhbp16,FBgn0038894,1,ortholog_one2many
LOC4804220,bonsai,FBgn0026261,1,ortholog_one2one
LOC4817753,CG31974,FBgn0051974,1,ortholog_one2one
LOC4813434,GNBP2,FBgn0040322,1,ortholog_one2one
LOC6901958,inaF-B,FBgn0259918,1,ortholog_one2one
LOC4818119,Arpc4,FBgn0284255,1,ortholog_one2one
LOC4815884,CG4607,FBgn0029932,0,ortholog_one2one
LOC4814739,CG12056,FBgn0030099,1,ortholog_one2one
LOC117183616,Fmo-1,FBgn0034943,1,ortholog_one2one
LOC4816968,CG13113,FBgn0032126,1,ortholog_one2one
LOC6897879,CG34384,FBgn0085413,1,ortholog_one2one
LOC4805229,unc-5,FBgn0034013,0,ortholog_one2one
LOC6902416,CG12782,FBgn0034838,0,ortholog_one2one
LOC13036484,CG13045,FBgn0036596,1,ortholog_one2one
LOC6900047,CG32241,FBgn0052241,1,ortholog_one2one
LOC4804622,CG30429,FBgn0050429,0,ortholog_one2one
LOC6897159,tnc,FBgn0039257,1,ortholog_one2one
LOC4813005,CG32199,FBgn0052199,1,ortholog_one2one
LOC4817509,CG31937,FBgn0031360,1,ortholog_one2one
LOC4800881,H,FBgn0001169,1,ortholog_one2one
LOC4802311,5-HT2A,FBgn0087012,1,ortholog_one2one
LOC6902754,Tim23,FBgn0267976,0,ortholog_one2one
LOC4804892,GalT1,FBgn0053145,1,ortholog_one2one
LOC4802122,CG31109,FBgn0051109,0,ortholog_one2one
LOC4805191,CG17575,FBgn0250842,1,ortholog_one2one
LOC6896787,CG15923,FBgn0038814,1,ortholog_one2one
LOC6897393,Rift,FBgn0039882,1,ortholog_one2one
LOC26532338,Glyat,FBgn0054010,1,ortholog_one2one
LOC6901836,CG14052,FBgn0029606,1,ortholog_one2one
LOC4801600,Slu7,FBgn0039626,1,ortholog_one2one
LOC4818045,IPIP,FBgn0031768,1,ortholog_one2one
LOC4813278,Dyro,FBgn0036152,1,ortholog_one2one
LOC4816010,CG6927,FBgn0029733,1,ortholog_one2one
LOC4801811,CG7483,FBgn0037573,1,ortholog_one2one
LOC4814157,CG4080,FBgn0035983,1,ortholog_one2one
LOC4814613,Socs16D,FBgn0030869,1,ortholog_one2one
LOC6903161,CG10801,FBgn0029660,0,ortholog_one2one
LOC6897631,Rcd5,FBgn0263832,0,ortholog_one2many
LOC4802569,gish,FBgn0250823,1,ortholog_one2one
LOC4817019,ND-13A,FBgn0031684,1,ortholog_one2one
LOC4812173,CG5157,FBgn0036575,1,ortholog_one2one
LOC4805046,CCT8,FBgn0284436,1,ortholog_one2one
LOC117184170,Mal-A5,FBgn0050359,0,ortholog_many2many
LOC6901956,m,FBgn0002577,1,ortholog_one2one
LOC4804141,hpo,FBgn0261456,1,ortholog_one2one
LOC4812640,RfC4,FBgn0260985,1,ortholog_one2one
LOC6901592,CG15399,FBgn0031460,0,ortholog_one2many
LOC4801436,Tssk,FBgn0038630,1,ortholog_one2one
LOC4813853,Ir75c,FBgn0261401,1,ortholog_one2one
LOC4816368,RanGAP,FBgn0003346,1,ortholog_one2one
LOC4805677,unc-104,FBgn0267002,0,ortholog_one2one
LOC6898041,CG13177,FBgn0040759,1,ortholog_one2one
LOC6897569,CHKov2,FBgn0039328,1,ortholog_one2one
LOC6902789,Cpr30B,FBgn0032125,1,ortholog_one2one
LOC4811692,CG10561,FBgn0002036,1,ortholog_one2one
LOC6902936,sau,FBgn0267378,1,ortholog_one2one
LOC6900405,Ank2,FBgn0261788,1,ortholog_one2one
LOC4804851,dup,FBgn0000996,1,ortholog_one2one
LOC4812981,ecd,FBgn0000543,1,ortholog_one2one
LOC4803466,Tsp42En,FBgn0033135,1,ortholog_one2one
LOC4801499,CG12945,FBgn0037755,1,ortholog_one2many
LOC4813971,fbl,FBgn0011205,1,ortholog_one2one
LOC4816053,orion,FBgn0027280,1,ortholog_one2one
LOC6897651,CG6901,FBgn0038414,1,ortholog_one2many
LOC6897651,CG17929,FBgn0038415,1,ortholog_one2many
LOC6897664,Cyp313a1,FBgn0038236,0,ortholog_many2many
LOC6897664,Cyp313a3,FBgn0038007,1,ortholog_many2many
LOC6897664,Cyp313a2,FBgn0038006,1,ortholog_many2many
LOC6897664,Cyp313a5,FBgn0038005,1,ortholog_many2many
LOC4805276,GlcT,FBgn0067102,1,ortholog_one2one
LOC4801700,stck,FBgn0020249,1,ortholog_one2one
LOC6898453,Glo1,FBgn0283450,0,ortholog_one2one
LOC4818165,CG5973,FBgn0031914,1,ortholog_one2one
LOC4805323,CG7220,FBgn0033544,1,ortholog_one2one
LOC6900445,Sec63,FBgn0035771,0,ortholog_one2many
LOC6900156,CG13028,FBgn0036676,1,ortholog_one2one
LOC4813447,CG8003,FBgn0036096,1,ortholog_one2one
LOC4816426,Ttc30,FBgn0032470,1,ortholog_one2one
LOC4816047,CG6978,FBgn0029727,1,ortholog_one2one
LOC4802261,bcd,FBgn0000166,1,ortholog_one2one
LOC4800605,drn,FBgn0266410,1,ortholog_one2one
LOC4804376,mRpL53,FBgn0050481,1,ortholog_one2one
LOC4812556,Taf6,FBgn0010417,1,ortholog_one2one
LOC6897158,Rpt6R,FBgn0039788,0,ortholog_one2one
LOC4814266,Flad1,FBgn0030431,1,ortholog_one2one
LOC4803710,CG3502,FBgn0046253,1,ortholog_one2one
LOC6902138,Elys,FBgn0031052,0,ortholog_one2one
LOC6902706,Vajk1,FBgn0028938,1,ortholog_one2one
LOC4811763,sd,FBgn0003345,0,ortholog_one2one
LOC4804043,Psc,FBgn0005624,1,ortholog_one2one
LOC4802011,Lkb1,FBgn0038167,1,ortholog_one2one
LOC4816021,Alg14,FBgn0030645,1,ortholog_one2one
LOC6901448,Sh,FBgn0003380,0,ortholog_one2one
LOC4811793,CG31997,FBgn0051997,0,ortholog_one2one
LOC4800249,RpL32,FBgn0002626,1,ortholog_one2one
LOC4813790,CG8541,FBgn0035788,1,ortholog_one2one
LOC4801170,unk,FBgn0004395,0,ortholog_one2one
LOC4817415,CG4213,FBgn0031251,1,ortholog_one2one
LOC6899402,elfless,FBgn0032660,0,ortholog_many2many
LOC6899402,CG43058,FBgn0262360,0,ortholog_many2many
LOC4814415,CG15571,FBgn0029696,1,ortholog_one2one
LOC4802744,tub,FBgn0003882,1,ortholog_one2one
LOC4813914,CG12011,FBgn0035257,1,ortholog_one2one
LOC4800841,CG5961,FBgn0038056,1,ortholog_one2one
LOC4814692,sev,FBgn0003366,1,ortholog_one2one
LOC4804611,Fkbp12,FBgn0013954,0,ortholog_one2one
LOC6900039,Ptip,FBgn0052133,1,ortholog_one2one
LOC4815933,CG12239,FBgn0029810,1,ortholog_one2one
LOC4816286,cyst,FBgn0032796,1,ortholog_one2one
LOC4812317,Dred,FBgn0036882,1,ortholog_one2one
LOC4817037,Ugt37E1,FBgn0040261,1,ortholog_one2one
LOC4802128,CG11790,FBgn0039265,0,ortholog_one2one
LOC4814919,CG18809,FBgn0042132,1,ortholog_one2many
LOC4804114,CG10912,FBgn0034296,1,ortholog_one2one
LOC4817193,CG15625,FBgn0031644,1,ortholog_one2one
LOC6902160,Atg8a,FBgn0052672,1,ortholog_one2one
LOC4816494,Hs2st,FBgn0024230,1,ortholog_one2one
LOC6897329,Muted,FBgn0083967,1,ortholog_one2one
LOC4814740,CG11151,FBgn0030519,1,ortholog_one2one
LOC6899047,Ptr,FBgn0262867,1,ortholog_one2one
LOC4812544,CG14079,FBgn0036849,1,ortholog_one2one
LOC4817366,CG3225,FBgn0031631,1,ortholog_one2one
LOC117184007,CG33303,FBgn0053303,0,ortholog_one2one
LOC6901207,Arpc3B,FBgn0065032,1,ortholog_one2one
LOC6898064,CG43691,FBgn0263774,1,ortholog_one2one
LOC6900891,ppk5,FBgn0053289,1,ortholog_one2one
LOC4817766,Rh5,FBgn0014019,1,ortholog_one2one
LOC6898475,Act57B,FBgn0000044,1,ortholog_one2one
LOC4816876,CCDC53,FBgn0031979,1,ortholog_one2one
LOC6896977,CG34148,FBgn0083984,1,ortholog_one2one
LOC4802258,pb,FBgn0051481,1,ortholog_one2one
LOC4815883,CG4593,FBgn0029929,0,ortholog_one2one
LOC4815519,CG14207,FBgn0031037,1,ortholog_one2one
LOC6901069,CG9689,FBgn0030159,1,ortholog_one2one
LOC6899737,Npc1a,FBgn0024320,0,ortholog_one2one
LOC117183751,CG33798,FBgn0053798,0,ortholog_many2many
LOC117183751,CG33632,FBgn0053632,0,ortholog_many2many
LOC117183751,CG33764,FBgn0053764,0,ortholog_many2many
LOC117183751,CG33463,FBgn0053463,0,ortholog_many2many
LOC117183751,CG33658,FBgn0053658,0,ortholog_many2many
LOC117183751,CG33723,FBgn0053723,0,ortholog_many2many
LOC117183751,CG33912,FBgn0053912,0,ortholog_many2many
LOC6897923,CG6276,FBgn0038316,1,ortholog_one2one
LOC117183731,CG46298,FBgn0283625,1,ortholog_one2one
LOC6902533,Sws1,FBgn0085343,1,ortholog_one2one
LOC26532987,CG43880,FBgn0264472,0,ortholog_one2one
LOC117184390,Muc68E,FBgn0053265,1,ortholog_one2one
LOC6901083,stg1,FBgn0288700,1,ortholog_one2one
LOC4817169,CG3277,FBgn0031518,1,ortholog_one2one
LOC4817009,CG17219,FBgn0031494,1,ortholog_one2one
LOC4813832,Toll-6,FBgn0036494,1,ortholog_one2one
LOC4812244,CG14075,FBgn0036835,1,ortholog_one2one
LOC4801916,Gasp,FBgn0026077,1,ortholog_one2one
LOC4804688,CG3650,FBgn0035070,1,ortholog_one2one
LOC4817574,MFS18,FBgn0025684,1,ortholog_one2one
LOC4802950,CG10029,FBgn0037498,1,ortholog_one2one
LOC4804913,Drat,FBgn0033188,1,ortholog_one2one
LOC6896901,CG14245,FBgn0039452,1,ortholog_one2one
LOC26534138,CG4995,FBgn0032219,0,ortholog_one2one
LOC4815060,CG14423,FBgn0029646,1,ortholog_one2one
LOC4814215,Polr3I,FBgn0030801,0,ortholog_one2one
LOC4803454,Tsp42Ed,FBgn0029507,0,ortholog_one2one
LOC4804057,Jheh3,FBgn0034406,1,ortholog_one2one
LOC4803927,robl,FBgn0024196,1,ortholog_one2one
LOC4813492,Or74a,FBgn0036709,1,ortholog_one2one
LOC6901074,Yp2,FBgn0005391,1,ortholog_one2one
LOC4802345,CG10560,FBgn0039325,1,ortholog_many2many
LOC4802345,CG10553,FBgn0039324,1,ortholog_many2many
LOC4800233,CAH4,FBgn0039235,1,ortholog_one2one
LOC4801068,Rrp6,FBgn0038269,1,ortholog_one2one
LOC6896722,CG15539,FBgn0039782,1,ortholog_one2many
LOC6900845,Su(Tpl),FBgn0014037,1,ortholog_one2one
LOC4801291,CG2767,FBgn0037537,1,ortholog_one2one
LOC4803924,Lhr,FBgn0034217,1,ortholog_one2one
LOC6896754,ash2,FBgn0000139,1,ortholog_one2one
LOC6896898,DIP1,FBgn0024807,0,ortholog_one2many
LOC4805384,CG14490,FBgn0034281,1,ortholog_one2one
LOC4815177,obst-A,FBgn0031097,1,ortholog_one2one
LOC6900066,Dnah3,FBgn0035581,1,ortholog_one2one
LOC6898461,CG13344,FBgn0033884,1,ortholog_one2one
LOC4817345,CG5850,FBgn0032172,1,ortholog_one2one
LOC4812644,CG1299,FBgn0035501,1,ortholog_one2one
LOC4814125,CG13300,FBgn0035699,1,ortholog_one2one
LOC117183508,gammaSnap1,FBgn0028552,1,ortholog_one2one
LOC4812866,RecQ5,FBgn0027375,1,ortholog_one2one
LOC6897518,CG5913,FBgn0039385,1,ortholog_one2one
LOC4801918,CG15580,FBgn0037398,1,ortholog_one2one
LOC4801254,Bicra,FBgn0039633,0,ortholog_one2one
LOC4816695,CG7329,FBgn0032271,1,ortholog_one2one
LOC4811920,CG32369,FBgn0052369,1,ortholog_one2one
LOC6901193,CG1552,FBgn0030258,1,ortholog_one2one
LOC6903251,CG3251,FBgn0031622,1,ortholog_one2one
LOC6898148,Cyp4e1,FBgn0015034,1,ortholog_many2many
LOC6898148,Cyp4e2,FBgn0014469,1,ortholog_many2many
LOC6899953,LysE,FBgn0004428,1,ortholog_many2many
LOC6899953,LysB,FBgn0004425,1,ortholog_many2many
LOC6899953,LysD,FBgn0004427,0,ortholog_many2many
LOC6900574,caps,FBgn0023095,1,ortholog_one2one
LOC6901354,RpS5a,FBgn0002590,0,ortholog_one2one
LOC6898688,Marc,FBgn0033451,0,ortholog_one2many
LOC4805247,CG13492,FBgn0034662,1,ortholog_one2one
LOC4812566,PolD2,FBgn0027903,1,ortholog_one2one
LOC4816345,PolG2,FBgn0004407,1,ortholog_one2one
LOC4803495,Gr43a,FBgn0041243,1,ortholog_one2one
LOC4814614,Smox,FBgn0025800,1,ortholog_one2one
LOC4816826,CG31787,FBgn0051787,1,ortholog_one2one
LOC4800773,Npc2d,FBgn0037782,1,ortholog_one2one
LOC4814884,AnxB10,FBgn0000084,1,ortholog_one2one
LOC4804012,CG11807,FBgn0033996,1,ortholog_one2one
LOC6903301,WDY,FBgn0267449,0,ortholog_one2one
LOC4801225,CG33474,FBgn0053474,0,ortholog_one2many
LOC4801225,Pex11c,FBgn0039068,1,ortholog_one2many
LOC4802501,RabGGTa,FBgn0037293,0,ortholog_one2one
LOC4814969,CG3309,FBgn0029756,1,ortholog_one2one
LOC4801232,cnc,FBgn0262975,1,ortholog_one2one
LOC4814900,Spt6,FBgn0028982,0,ortholog_one2one
LOC4804405,Cib2,FBgn0034558,1,ortholog_one2one
LOC4814716,RpL36,FBgn0002579,0,ortholog_one2many
LOC4802374,Csk,FBgn0262081,1,ortholog_one2one
LOC4812631,CG17029,FBgn0036551,1,ortholog_one2one
LOC4814181,Hsp67Ba,FBgn0001227,1,ortholog_one2one
LOC4813326,CG32147,FBgn0047178,1,ortholog_one2one
GeneID_44805022,mt:ATPase6,FBgn0013672,1,ortholog_one2one
LOC6901838,CG3191,FBgn0023525,1,ortholog_one2one
LOC4801444,CG10864,FBgn0038621,1,ortholog_one2one
LOC4805159,stj,FBgn0261041,1,ortholog_one2one
LOC6898772,CG14744,FBgn0033324,1,ortholog_many2many
LOC6898772,CG14743,FBgn0033326,1,ortholog_many2many
LOC4800843,CG5608,FBgn0038058,1,ortholog_one2one
LOC4817906,Vm26Aa,FBgn0003979,1,ortholog_one2one
LOC4812876,P5CDh1,FBgn0037138,1,ortholog_one2one
LOC6902619,CG10680,FBgn0032836,1,ortholog_one2one
LOC4804852,SRPK,FBgn0286813,1,ortholog_one2one
LOC6897177,l(3)87Df,FBgn0002354,1,ortholog_one2one
LOC4803088,Caf1-55,FBgn0263979,1,ortholog_one2one
LOC6897389,CG1208,FBgn0037386,1,ortholog_one2one
LOC4812313,CG4186,FBgn0040634,1,ortholog_one2one
LOC117184947,SkpE,FBgn0031074,0,ortholog_many2many
LOC117184947,SkpD,FBgn0026174,0,ortholog_many2many
LOC117184947,SkpA,FBgn0025637,0,ortholog_many2many
LOC117184947,SkpC,FBgn0026175,0,ortholog_many2many
LOC6898197,Or65c,FBgn0041623,0,ortholog_many2many
LOC6898197,Or65b,FBgn0041624,0,ortholog_many2many
LOC6898197,Or65a,FBgn0041625,0,ortholog_many2many
GeneID_44805032,mt:ND5,FBgn0013684,1,ortholog_one2many
LOC4801368,CG14853,FBgn0038246,0,ortholog_one2one
LOC4801011,Nsun5,FBgn0259704,1,ortholog_one2one
LOC4815141,CG10970,FBgn0030078,1,ortholog_one2many
LOC4803741,CG15093,FBgn0034390,1,ortholog_one2one
LOC4805145,OSCP1,FBgn0033685,0,ortholog_one2one
LOC4816239,Nepl5,FBgn0031808,1,ortholog_one2one
LOC4805408,ths,FBgn0033652,1,ortholog_one2one
LOC4804477,Or59c,FBgn0034866,1,ortholog_one2one
LOC6897265,CG8260,FBgn0030684,0,ortholog_one2many
LOC117184337,CG33941,FBgn0262731,1,ortholog_one2one
LOC6900363,CG3788,FBgn0034800,0,ortholog_one2many
LOC4816674,Yip1d1,FBgn0032465,1,ortholog_one2one
LOC4805175,Prp38,FBgn0050342,1,ortholog_one2one
LOC4813496,Cpr65Au,FBgn0042119,1,ortholog_one2one
LOC6896822,CG17110,FBgn0039050,1,ortholog_one2one
LOC4816248,Pez,FBgn0031799,1,ortholog_one2one
LOC6902860,CG10970,FBgn0030078,0,ortholog_one2many
LOC4800817,CG10035,FBgn0038028,1,ortholog_one2one
LOC6900146,CG17129,FBgn0035151,0,ortholog_one2many
LOC4802091,Adsl,FBgn0038467,1,ortholog_one2one
LOC4817347,LKRSDH,FBgn0286198,1,ortholog_one2one
LOC4804595,Mpcp1,FBgn0034497,1,ortholog_one2one
LOC4816524,CG18266,FBgn0031724,1,ortholog_one2one
LOC4805513,CG9346,FBgn0034572,1,ortholog_one2one
LOC4805440,CG4707,FBgn0035036,1,ortholog_one2one
LOC4817483,Ripalpha,FBgn0032189,1,ortholog_one2one
LOC4803573,Rs1,FBgn0021995,1,ortholog_one2one
LOC6901848,CG14442,FBgn0029893,1,ortholog_one2one
LOC4803334,Cndp2,FBgn0287767,0,ortholog_one2one
LOC4801206,CREG,FBgn0025456,1,ortholog_one2one
LOC4816951,CG31810,FBgn0051810,1,ortholog_one2many
LOC4816951,CG31809,FBgn0051809,1,ortholog_one2many
LOC4816951,CG13284,FBgn0032614,1,ortholog_one2many
LOC4805492,inaD,FBgn0001263,1,ortholog_one2one
LOC4803569,zip,FBgn0287873,1,ortholog_one2one
LOC4812962,tant,FBgn0028980,1,ortholog_one2one
LOC4812068,CPT2,FBgn0035383,1,ortholog_one2one
LOC4802659,CG13029,FBgn0036670,0,ortholog_one2many
LOC4802659,CG17197,FBgn0039367,1,ortholog_one2many
LOC4802659,CG4956,FBgn0039370,1,ortholog_one2many
LOC4802659,CG17198,FBgn0039366,1,ortholog_one2many
LOC4802659,CG17195,FBgn0039369,1,ortholog_one2many
LOC4802659,CG17196,FBgn0039368,1,ortholog_one2many
LOC4812523,mge,FBgn0035473,1,ortholog_one2one
LOC6896688,SMC5,FBgn0052438,0,ortholog_one2one
LOC117183283,CG16734,FBgn0037667,0,ortholog_one2many
LOC6900490,Hip1,FBgn0036309,1,ortholog_one2one
LOC4803869,Lis-1,FBgn0015754,1,ortholog_one2one
LOC4818135,CG13390,FBgn0032031,1,ortholog_one2one
LOC4802524,CG14655,FBgn0037275,1,ortholog_one2one
LOC6900425,rdgC,FBgn0265959,1,ortholog_one2one
LOC4801941,Acf,FBgn0027620,1,ortholog_one2one
LOC4800581,CG6726,FBgn0039049,1,ortholog_one2one
LOC4817012,CG17321,FBgn0032719,1,ortholog_one2one
LOC4801361,Hexim,FBgn0038251,1,ortholog_one2one
LOC4812641,Ras64B,FBgn0003206,1,ortholog_one2one
LOC4800543,CG4374,FBgn0039078,1,ortholog_one2one
LOC6900484,CG34242,FBgn0085271,1,ortholog_one2one
LOC4813793,UQCR-Q,FBgn0036728,1,ortholog_one2one
LOC6900245,CG14089,FBgn0036861,1,ortholog_one2one
LOC4802425,CG2931,FBgn0037342,1,ortholog_one2one
LOC4813512,bbg,FBgn0087007,1,ortholog_one2one
LOC4812613,GluRS-m,FBgn0036629,1,ortholog_one2one
LOC4802740,CG14647,FBgn0037244,1,ortholog_one2one
LOC4813953,Wnk,FBgn0037098,1,ortholog_one2one
LOC4812117,CG33061,FBgn0053061,1,ortholog_one2one
LOC4818035,chm,FBgn0028387,1,ortholog_one2one
LOC6901537,parvin,FBgn0052528,1,ortholog_one2one
LOC4812769,CG3618,FBgn0037028,1,ortholog_one2one
LOC26533720,Arp53D,FBgn0011743,0,ortholog_one2many
LOC4800617,CG5346,FBgn0038981,1,ortholog_one2one
LOC4811745,gw,FBgn0051992,0,ortholog_one2one
LOC4803274,Nup58,FBgn0038722,1,ortholog_one2one
LOC4815418,Cdc45,FBgn0026143,1,ortholog_one2one
LOC4815260,Pex5,FBgn0023516,1,ortholog_one2one
LOC4802607,Rsbp15,FBgn0038000,1,ortholog_one2one
LOC4814619,CG3176,FBgn0029524,1,ortholog_one2many
LOC4814619,CG32817,FBgn0052817,1,ortholog_one2many
LOC4814619,CG13373,FBgn0029522,1,ortholog_one2many
LOC4801165,CG11882,FBgn0039642,1,ortholog_one2one
LOC4816044,fog,FBgn0000719,1,ortholog_one2one
LOC6897184,CG7381,FBgn0038098,1,ortholog_one2one
LOC4817140,CG31802,FBgn0051802,1,ortholog_one2one
LOC4800274,Cog7,FBgn0051040,1,ortholog_one2one
LOC4801789,CG6204,FBgn0039165,1,ortholog_one2one
LOC4803915,CG13198,FBgn0033640,1,ortholog_one2one
LOC4802878,Fer2,FBgn0038402,1,ortholog_one2one
LOC4814073,CG4611,FBgn0035591,1,ortholog_one2one
LOC4802650,CG5890,FBgn0039380,1,ortholog_one2one
LOC4804188,CG6665,FBgn0034172,1,ortholog_one2one
LOC26532380,CG42397,FBgn0259748,1,ortholog_one2one
LOC4817780,CG4502,FBgn0031896,1,ortholog_one2one
LOC4817400,Taf11,FBgn0011291,1,ortholog_one2one
LOC4802286,CG1137,FBgn0037454,1,ortholog_one2one
LOC6897379,Osi6,FBgn0027527,1,ortholog_one2one
LOC4815825,CG34367,FBgn0085396,0,ortholog_one2one
LOC4817938,fy,FBgn0001084,1,ortholog_one2one
LOC6897241,PpD3,FBgn0005777,1,ortholog_one2one
LOC4817200,amos,FBgn0003270,1,ortholog_one2one
LOC4805060,CG8586,FBgn0033320,1,ortholog_one2one
LOC4804139,Oseg6,FBgn0034452,1,ortholog_one2one
LOC117183168,ND-MNLL,FBgn0029971,1,ortholog_one2one
LOC4817862,Nnp-1,FBgn0022069,1,ortholog_one2one
LOC4816774,CG15399,FBgn0031460,1,ortholog_one2many
LOC4812951,Ufsp2,FBgn0036512,1,ortholog_one2one
LOC4814056,CG14949,FBgn0035358,1,ortholog_one2one
LOC6901709,Cyp318a1,FBgn0030369,0,ortholog_one2one
LOC4815223,CG12057,FBgn0030098,1,ortholog_one2one
LOC6900005,CG13051,FBgn0040799,1,ortholog_one2many
LOC6897577,CG13658,FBgn0039315,1,ortholog_many2many
LOC6897577,CG31300,FBgn0051300,1,ortholog_many2many
LOC6897577,CG31104,FBgn0051104,1,ortholog_many2many
LOC6897577,CG11893,FBgn0039316,1,ortholog_many2many
LOC4802998,CG8159,FBgn0037619,1,ortholog_one2one
LOC4800498,Gycalpha99B,FBgn0013972,1,ortholog_one2one
LOC4803714,Prosbeta5R1,FBgn0034842,1,ortholog_one2one
LOC4802131,Pnn,FBgn0037737,0,ortholog_one2one
LOC6899288,CG15638,FBgn0028943,1,ortholog_one2one
LOC6896662,CG15561,FBgn0039829,1,ortholog_one2one
LOC4805661,Pex11ab,FBgn0034058,1,ortholog_one2one
LOC6903759,Ance,FBgn0012037,0,ortholog_one2many
LOC4814916,Sptr,FBgn0014032,1,ortholog_one2one
LOC6899081,Jhedup,FBgn0034076,1,ortholog_one2many
LOC4805367,Sardh,FBgn0034276,1,ortholog_one2one
LOC4802622,CG11964,FBgn0037644,1,ortholog_one2one
LOC4818065,Chrac-14,FBgn0043002,1,ortholog_one2one
LOC6898790,GstT2,FBgn0050005,1,ortholog_one2one
LOC4801719,shps,FBgn0286199,1,ortholog_one2one
LOC117183915,lft,FBgn0032230,0,ortholog_one2one
LOC4814696,Myo10A,FBgn0263705,1,ortholog_one2one
LOC6899211,HP6,FBgn0031613,0,ortholog_one2one
LOC6901560,AP-1gamma,FBgn0030089,1,ortholog_one2one
LOC4805220,Oatp58Db,FBgn0034715,1,ortholog_one2one
LOC4813136,CG6983,FBgn0035896,1,ortholog_one2one
LOC13036450,CG42795,FBgn0261928,1,ortholog_one2one
LOC4815310,CG4955,FBgn0030814,0,ortholog_one2many
LOC6897508,CG10752,FBgn0036325,0,ortholog_one2one
LOC6900792,CG7408,FBgn0036765,1,ortholog_one2one
LOC6902024,CG12395,FBgn0030722,0,ortholog_one2one
LOC6897558,Fip1,FBgn0037255,1,ortholog_one2one
LOC4817464,Pka-C1,FBgn0000273,1,ortholog_one2one
LOC6898371,CG5756,FBgn0034301,1,ortholog_one2one
LOC4805477,CG8468,FBgn0033913,1,ortholog_one2one
LOC4800321,CG15547,FBgn0039809,1,ortholog_one2one
LOC4803068,trem,FBgn0038767,0,ortholog_one2one
LOC4802974,CG3014,FBgn0037519,1,ortholog_one2one
LOC4813308,CG11267,FBgn0036334,1,ortholog_one2one
LOC4803791,CG7848,FBgn0034127,1,ortholog_one2one
LOC4800999,ATPsyngamma,FBgn0020235,1,ortholog_one2one
LOC6900338,CG42570,FBgn0260776,1,ortholog_one2one
LOC4813252,Faa,FBgn0016013,1,ortholog_one2one
LOC6900342,CG42729,FBgn0261682,1,ortholog_one2one
LOC4803100,Cp190,FBgn0000283,1,ortholog_one2one
LOC4814644,CG12065,FBgn0030052,0,ortholog_one2one
LOC4811774,Tdg,FBgn0026869,1,ortholog_one2one
LOC4801072,Dph2,FBgn0038272,1,ortholog_one2one
LOC6902274,Rab21,FBgn0039966,0,ortholog_one2one
LOC4816380,CG13086,FBgn0032770,1,ortholog_one2one
LOC4817528,CG15362,FBgn0031378,0,ortholog_one2one
LOC4805058,Jon44E,FBgn0001285,1,ortholog_one2one
LOC4814095,Nmt,FBgn0020392,1,ortholog_one2one
LOC4812096,E(bx),FBgn0000541,0,ortholog_one2one
LOC4812745,CG3088,FBgn0036015,1,ortholog_one2one
LOC4801224,orb,FBgn0004882,1,ortholog_one2one
LOC4814491,r,FBgn0003189,0,ortholog_one2one
LOC6902606,nompB,FBgn0016919,0,ortholog_one2one
LOC4817563,Or33c,FBgn0026390,1,ortholog_one2one
LOC4817815,scat,FBgn0011232,1,ortholog_one2one
LOC4805660,CG8320,FBgn0034059,1,ortholog_one2one
LOC4816519,okr,FBgn0002989,1,ortholog_one2one
LOC4813052,SCOT,FBgn0035298,1,ortholog_one2one
LOC4802164,Ms,FBgn0011581,1,ortholog_one2one
LOC6900295,Spc105R,FBgn0037025,1,ortholog_one2many
LOC4814777,Antdh,FBgn0026268,1,ortholog_one2one
LOC4811785,Gapdh2,FBgn0001092,0,ortholog_one2many
LOC4811785,Gapdh1,FBgn0001091,0,ortholog_one2many
LOC4802193,dysf,FBgn0039411,1,ortholog_one2one
LOC6901018,CrebB,FBgn0265784,1,ortholog_one2one
LOC6896700,ND-18,FBgn0031021,0,ortholog_one2many
LOC4816779,CG34109,FBgn0083945,1,ortholog_one2one
LOC4805241,LBR,FBgn0034657,1,ortholog_one2one
LOC6898861,CG30283,FBgn0260477,0,ortholog_one2many
LOC6898861,CG33226,FBgn0069056,0,ortholog_one2many
LOC6898861,CG30287,FBgn0050287,0,ortholog_one2many
LOC6902079,Mur2B,FBgn0025390,1,ortholog_one2one
LOC4804314,yki,FBgn0034970,1,ortholog_one2one
LOC4804074,Ir56a,FBgn0050125,1,ortholog_one2one
LOC4800311,wts,FBgn0011739,1,ortholog_one2one
LOC4801750,Epp,FBgn0039137,1,ortholog_one2one
LOC4802055,CG1236,FBgn0037370,1,ortholog_one2one
LOC4801724,CG14854,FBgn0038238,1,ortholog_one2one
LOC4812480,CG11426,FBgn0037166,1,ortholog_one2one
LOC6900114,CG33493,FBgn0053493,1,ortholog_one2one
LOC117184266,CG4596,FBgn0037849,0,ortholog_one2many
LOC6902831,CG33635,FBgn0053635,1,ortholog_one2one
LOC4815978,Cdc7,FBgn0028360,1,ortholog_one2one
LOC4813979,Edc3,FBgn0036735,0,ortholog_one2one
LOC117183218,Herc4,FBgn0035207,0,ortholog_one2many
LOC4815970,Cyp4s3,FBgn0030615,1,ortholog_one2one
LOC13036414,CG15382,FBgn0031393,1,ortholog_one2one
LOC4812637,Ack,FBgn0028484,1,ortholog_one2one
LOC4814719,CG43155,FBgn0262685,0,ortholog_many2many
LOC4812246,CG3552,FBgn0035999,1,ortholog_one2one
LOC4817192,Sidpn,FBgn0032741,1,ortholog_one2one
LOC4812610,CG13054,FBgn0036584,1,ortholog_one2one
LOC4813383,CG6685,FBgn0036062,1,ortholog_one2one
LOC4813511,CG17249,FBgn0035249,1,ortholog_one2one
LOC6896886,CG34347,FBgn0085376,1,ortholog_one2one
LOC4813007,Cat,FBgn0000261,1,ortholog_one2one
LOC6900944,CG8012,FBgn0040832,1,ortholog_one2one
LOC13036322,CG8209,FBgn0035830,0,ortholog_one2many
LOC117183732,AOX1,FBgn0267408,1,ortholog_one2many
LOC6898221,List,FBgn0034381,1,ortholog_one2one
GeneID_44805051,mt:CoI,FBgn0013674,0,ortholog_one2many
LOC6902665,CG18563,FBgn0032639,0,ortholog_many2many
LOC6902665,CG14990,FBgn0035496,0,ortholog_many2many
LOC6902665,SPH93,FBgn0032638,0,ortholog_many2many
LOC6902665,CG18478,FBgn0028517,0,ortholog_many2many
LOC6902665,CG3117,FBgn0031471,0,ortholog_many2many
LOC6902665,CG31827,FBgn0051827,0,ortholog_many2many
LOC6901321,ssp7,FBgn0052667,1,ortholog_one2one
LOC4817179,slp1,FBgn0003430,1,ortholog_one2one
LOC4817809,galectin,FBgn0031213,1,ortholog_one2one
LOC4800800,CG14903,FBgn0038446,1,ortholog_one2one
LOC4812393,l(3)72Dr,FBgn0263608,1,ortholog_one2one
LOC4803398,eIF6,FBgn0034915,1,ortholog_one2one
LOC4818176,Sec61alpha,FBgn0086357,1,ortholog_one2one
LOC4802004,sqd,FBgn0263396,1,ortholog_one2one
LOC4815271,CG9164,FBgn0030634,1,ortholog_one2one
LOC4801668,CG34376,FBgn0085405,1,ortholog_one2one
LOC4805527,Rbpn-5,FBgn0034585,1,ortholog_one2one
LOC4801797,beta-PheRS,FBgn0039175,0,ortholog_one2one
LOC6898464,CG5877,FBgn0030625,0,ortholog_one2one
LOC4812135,CG13917,FBgn0035237,1,ortholog_one2one
LOC4805357,CG8414,FBgn0034073,1,ortholog_one2one
LOC6902884,CG12078,FBgn0035426,0,ortholog_one2one
LOC4816589,CG9961,FBgn0031451,1,ortholog_one2one
LOC4816777,CG8119,FBgn0030664,0,ortholog_one2many
LOC4805681,Acp53Ea,FBgn0015584,1,ortholog_one2one
LOC4816376,Bem46,FBgn0025109,1,ortholog_one2one
LOC4812897,Wbp2,FBgn0036318,1,ortholog_one2one
LOC4812668,CG1265,FBgn0035517,1,ortholog_one2one
LOC6896756,MtnF,FBgn0262858,1,ortholog_one2one
LOC6897807,Tim17b,FBgn0263977,0,ortholog_one2one
LOC4816218,CG13962,FBgn0032824,0,ortholog_one2one
LOC4804923,Coop,FBgn0263240,1,ortholog_one2one
LOC4801685,CG7362,FBgn0038258,0,ortholog_one2many
LOC4801685,CG7069,FBgn0038952,1,ortholog_one2many
LOC4814967,CG14424,FBgn0025644,1,ortholog_one2one
LOC6896741,CG15530,FBgn0039752,1,ortholog_one2one
LOC6897938,ZnT86D,FBgn0037875,1,ortholog_one2one
LOC4813737,CG13728,FBgn0036716,1,ortholog_one2one
LOC117183991,CG13771,FBgn0031844,0,ortholog_one2many
LOC4801247,TTLL6B,FBgn0039501,1,ortholog_one2one
LOC117184479,CG7252,FBgn0036226,0,ortholog_one2many
LOC6897698,LpR1,FBgn0066101,1,ortholog_one2one
LOC4803530,CG3803,FBgn0034938,1,ortholog_one2one
LOC4816939,CG13114,FBgn0032127,1,ortholog_one2one
LOC4813099,CG14125,FBgn0036232,1,ortholog_one2one
LOC4813637,Dpy-30L2,FBgn0035491,1,ortholog_one2one
LOC4817569,RpL27A,FBgn0285948,1,ortholog_one2one
LOC6902043,CG15930,FBgn0029754,0,ortholog_one2one
LOC4817377,nAChRbeta3,FBgn0031261,1,ortholog_one2one
LOC4813180,Zip71B,FBgn0036461,1,ortholog_one2one
LOC6897337,p38a,FBgn0015765,1,ortholog_one2one
LOC4802412,CG6654,FBgn0038301,1,ortholog_one2one
LOC4813296,Ube3a,FBgn0061469,1,ortholog_one2one
LOC26532514,CG15459,FBgn0031108,1,ortholog_one2one
LOC4800686,CG5003,FBgn0039554,1,ortholog_one2one
LOC4812455,Tcs3,FBgn0283681,1,ortholog_one2one
LOC6900592,CG9040,FBgn0036394,1,ortholog_one2one
LOC4804937,fra,FBgn0011592,1,ortholog_one2one
LOC117185101,CG18281,FBgn0037003,1,ortholog_one2many
LOC117185101,CG17637,FBgn0037004,1,ortholog_one2many
LOC4803175,cdm,FBgn0261532,1,ortholog_one2one
LOC4816014,dx,FBgn0000524,1,ortholog_one2one
LOC4813970,CG33969,FBgn0053969,1,ortholog_one2one
LOC4803536,Nup54,FBgn0033737,1,ortholog_one2one
LOC4805627,CG11406,FBgn0034990,1,ortholog_one2one
LOC4817811,Cul2,FBgn0032956,1,ortholog_one2one
LOC4812813,Cpr67Fb,FBgn0036110,1,ortholog_one2one
LOC4804677,Smurf,FBgn0029006,0,ortholog_one2one
LOC4805645,CG13230,FBgn0040764,1,ortholog_one2one
LOC4802149,CG13615,FBgn0039199,1,ortholog_one2one
LOC4815062,RunxB,FBgn0259162,1,ortholog_one2one
LOC4812467,ash1,FBgn0005386,1,ortholog_one2one
LOC4814146,aay,FBgn0023129,1,ortholog_one2one
LOC4812300,CG14456,FBgn0037176,1,ortholog_one2one
LOC4813097,CG10581,FBgn0037046,1,ortholog_one2one
LOC4804413,CG13443,FBgn0034548,1,ortholog_one2one
LOC4802610,CG3916,FBgn0038003,1,ortholog_one2one
LOC4816412,Polr2C,FBgn0026373,1,ortholog_one2one
LOC6903708,RpS19a,FBgn0010412,0,ortholog_one2many
LOC6898819,Oatp58Da,FBgn0050277,1,ortholog_one2one
LOC4812692,CG8329,FBgn0036022,1,ortholog_one2many
LOC4802937,CG10053,FBgn0037490,1,ortholog_one2one
LOC4812299,CG32204,FBgn0052204,1,ortholog_one2one
LOC4814420,Pgd,FBgn0004654,1,ortholog_one2one
LOC6897692,CG14354,FBgn0039376,1,ortholog_one2one
LOC4804370,Pepck2,FBgn0034356,1,ortholog_one2one
LOC6899672,AlkB,FBgn0065035,0,ortholog_one2many
LOC6903187,Mul1,FBgn0035483,0,ortholog_one2many
LOC4800526,Not10,FBgn0260444,1,ortholog_one2one
LOC6899287,wkd,FBgn0037917,1,ortholog_one2one
LOC6902568,CG9663,FBgn0031516,0,ortholog_one2one
LOC4801228,Rad60,FBgn0039065,1,ortholog_one2one
LOC4811738,abo,FBgn0000018,1,ortholog_one2one
LOC4804815,PIG-O,FBgn0034346,1,ortholog_one2one
LOC6902756,CG5265,FBgn0038486,0,ortholog_one2many
LOC6902756,CRAT,FBgn0037440,0,ortholog_one2many
LOC6897137,Adgf-C,FBgn0038173,1,ortholog_one2one
LOC6901020,Nt5b,FBgn0052549,1,ortholog_one2one
LOC6900330,CG33703,FBgn0053703,1,ortholog_one2one
LOC4803682,CG8858,FBgn0033698,1,ortholog_one2one
LOC6903152,ds,FBgn0284247,1,ortholog_one2one
LOC4814140,CG32320,FBgn0052320,1,ortholog_one2one
LOC6901938,CG15765,FBgn0029814,1,ortholog_one2one
LOC6900528,Adk2,FBgn0036337,1,ortholog_one2one
LOC6902185,Atx-1,FBgn0029907,1,ortholog_one2one
LOC117184105,Ufd4,FBgn0032208,0,ortholog_one2one
LOC4811755,CG15719,FBgn0030440,1,ortholog_one2one
LOC4802973,CG18747,FBgn0042104,1,ortholog_one2one
LOC6901431,CG34300,FBgn0085329,0,ortholog_one2one
LOC4804902,HisT,FBgn0033196,1,ortholog_one2one
LOC4804437,qsm,FBgn0028622,1,ortholog_one2one
LOC4803082,CG4462,FBgn0038752,1,ortholog_one2one
LOC6904037,Cox17,FBgn0030610,0,ortholog_one2many
LOC4802318,spn-E,FBgn0003483,1,ortholog_one2one
LOC4802764,TwdlF,FBgn0037224,1,ortholog_one2one
LOC6898096,vimar,FBgn0022960,1,ortholog_one2one
LOC4805495,CG13532,FBgn0034788,1,ortholog_one2one
LOC117184528,Snp,FBgn0265192,0,ortholog_one2many
LOC6900444,Est-P,FBgn0000594,1,ortholog_many2many
LOC6900444,Est-6,FBgn0000592,1,ortholog_many2many
LOC4817787,pkaap,FBgn0040079,1,ortholog_one2one
LOC6898134,CG34217,FBgn0085246,1,ortholog_one2one
LOC4817891,CG17378,FBgn0031858,0,ortholog_one2one
LOC4817374,CG2816,FBgn0031564,1,ortholog_one2one
LOC4813239,Lcp65Aa,FBgn0020645,1,ortholog_one2one
LOC4812530,RpS9,FBgn0010408,1,ortholog_one2one
LOC6901468,CG4686,FBgn0038739,0,ortholog_many2many
LOC6901468,CG42395,FBgn0259741,0,ortholog_many2many
LOC6903397,Prosalpha4T1,FBgn0265606,0,ortholog_many2many
LOC6903397,Prosalpha4,FBgn0004066,0,ortholog_many2many
LOC4817184,Herp,FBgn0031950,1,ortholog_one2one
LOC4817927,CG15279,FBgn0028886,1,ortholog_one2many
LOC4817722,CG4278,FBgn0014092,1,ortholog_one2one
LOC4816391,CG12448,FBgn0028857,0,ortholog_one2one
LOC4802725,CG3744,FBgn0039240,0,ortholog_one2one
LOC4804026,Nup44A,FBgn0033247,1,ortholog_one2one
LOC4804646,CG7798,FBgn0034092,1,ortholog_one2one
LOC4813662,Hsp110,FBgn0026418,1,ortholog_one2one
LOC4817283,CG31957,FBgn0051957,1,ortholog_one2one
LOC4817252,Nup160,FBgn0262647,1,ortholog_one2one
LOC4814940,CG14417,FBgn0040353,1,ortholog_one2one
LOC4817023,FASN2,FBgn0042627,1,ortholog_one2one
LOC4804897,CG30495,FBgn0050495,1,ortholog_one2one
LOC6901832,CG43736,FBgn0263993,1,ortholog_one2one
LOC4804221,CG3732,FBgn0034750,1,ortholog_one2one
LOC4817220,CG10428,FBgn0032724,1,ortholog_one2one
LOC26532676,His4:CG33893,FBgn0053893,1,ortholog_one2one
LOC4813360,CG32277,FBgn0052277,1,ortholog_one2one
LOC5495518,Tsp42Eb,FBgn0042086,1,ortholog_one2many
LOC5495518,CG30160,FBgn0050160,1,ortholog_one2many
LOC4802624,osk,FBgn0003015,1,ortholog_one2one
LOC4811950,CG14834,FBgn0035768,1,ortholog_one2one
LOC6902678,beat-Ic,FBgn0028644,0,ortholog_one2one
LOC4815722,RPA3,FBgn0288833,0,ortholog_one2one
LOC4813722,CG13924,FBgn0035286,1,ortholog_one2one
LOC4804618,lov,FBgn0266129,1,ortholog_one2one
LOC4813582,CG12024,FBgn0035283,1,ortholog_one2one
LOC4804036,lig,FBgn0020279,1,ortholog_one2one
LOC6897333,Hsp68,FBgn0001230,0,ortholog_one2many
LOC117183270,CG31510,FBgn0051510,1,ortholog_one2one
LOC4804619,Ebp,FBgn0004181,1,ortholog_one2one
LOC4800990,Idh3b,FBgn0038922,1,ortholog_one2one
LOC4804008,CG8093,FBgn0033999,1,ortholog_one2one
LOC4802800,Kyat,FBgn0037955,1,ortholog_one2one
LOC4803524,SERCA,FBgn0263006,1,ortholog_one2one
LOC4815274,Gbeta5,FBgn0030011,1,ortholog_one2one
LOC4817566,CG15443,FBgn0031609,1,ortholog_one2one
LOC4811677,Rhp,FBgn0026374,0,ortholog_one2one
LOC6896958,CG17271,FBgn0038829,1,ortholog_one2one
LOC6898061,Or49a,FBgn0033727,0,ortholog_one2many
LOC4803834,CG30269,FBgn0050269,1,ortholog_one2one
LOC4804725,CG13216,FBgn0033591,1,ortholog_one2one
LOC117184111,CG5554,FBgn0034914,0,ortholog_one2many
LOC4813766,Prp3,FBgn0036915,1,ortholog_one2one
LOC4801238,mrt,FBgn0039507,1,ortholog_one2one
LOC6900284,CG5078,FBgn0037005,1,ortholog_one2one
LOC6901385,rudhira,FBgn0266019,1,ortholog_one2one
LOC4812558,Shal,FBgn0005564,1,ortholog_one2one
LOC4812921,Patj,FBgn0067864,1,ortholog_one2many
LOC4804021,nito,FBgn0027548,1,ortholog_one2one
LOC6901386,CkIIbeta,FBgn0000259,1,ortholog_one2one
LOC6898570,tapas,FBgn0027529,1,ortholog_one2one
LOC6903424,CG6788,FBgn0030880,0,ortholog_one2many
LOC4816110,CG13102,FBgn0032088,1,ortholog_one2one
LOC4812409,MTF-1,FBgn0040305,1,ortholog_one2one
LOC6901558,Bap111,FBgn0030093,1,ortholog_one2one
LOC4804513,Myd88,FBgn0033402,1,ortholog_one2one
LOC4817665,CG5674,FBgn0032656,1,ortholog_one2one
LOC26533994,CG5245,FBgn0038047,0,ortholog_one2many
LOC4805668,Ars2,FBgn0033062,1,ortholog_one2one
LOC4805214,Gp150,FBgn0013272,1,ortholog_one2one
LOC6899649,Ranbp16,FBgn0053180,0,ortholog_one2one
LOC4802589,GCC185,FBgn0037979,1,ortholog_one2one
LOC4803832,CG30273,FBgn0050273,1,ortholog_one2one
LOC6902295,CG8097,FBgn0030660,1,ortholog_one2many
LOC6897436,Atu,FBgn0019637,1,ortholog_one2one
LOC4816285,TM9SF4,FBgn0028541,1,ortholog_one2one
LOC4817121,Reph,FBgn0021800,1,ortholog_one2one
LOC6901415,CG10996,FBgn0030525,0,ortholog_one2one
LOC4817960,CG13693,FBgn0031235,1,ortholog_one2one
LOC4817534,CG15353,FBgn0040718,1,ortholog_one2one
LOC4814872,CAH3,FBgn0030056,1,ortholog_one2one
LOC4802840,Blm,FBgn0002906,1,ortholog_one2one
LOC4800512,Prp18,FBgn0027784,1,ortholog_one2one
LOC6897761,CG33725,FBgn0053725,0,ortholog_one2many
LOC4818078,CG14015,FBgn0031716,1,ortholog_one2one
LOC4817701,beat-IIIb,FBgn0053179,0,ortholog_one2one
LOC6902709,Ance,FBgn0012037,1,ortholog_one2many
LOC26532346,CG3955,FBgn0033793,1,ortholog_one2one
LOC6897505,CG4907,FBgn0039010,0,ortholog_many2many
LOC6897505,CG13978,FBgn0039518,0,ortholog_many2many
LOC6902107,Rpp21,FBgn0053082,1,ortholog_one2one
LOC4814759,eIF2alpha,FBgn0261609,1,ortholog_one2one
LOC6898636,CG42663,FBgn0261545,1,ortholog_one2one
LOC4812437,lark,FBgn0011640,1,ortholog_one2one
LOC4813658,CG10467,FBgn0035679,1,ortholog_one2one
LOC6899092,resilin,FBgn0034157,0,ortholog_one2one
LOC4801709,CG15864,FBgn0040528,0,ortholog_one2many
LOC4801709,CG18749,FBgn0042182,0,ortholog_one2many
LOC4817542,dpr3,FBgn0053516,1,ortholog_one2one
LOC4805262,Gr58b,FBgn0041238,1,ortholog_one2one
LOC4801448,Wdr37,FBgn0038617,1,ortholog_one2many
LOC6898004,CG31296,FBgn0051296,0,ortholog_one2many
LOC4803914,Tret1-1,FBgn0050035,1,ortholog_one2one
LOC117183964,Or22b,FBgn0026397,1,ortholog_many2many
LOC117183964,Or22a,FBgn0026398,1,ortholog_many2many
LOC4813468,Jon65Ai,FBgn0035667,1,ortholog_one2one
LOC4800493,ppk30,FBgn0039677,1,ortholog_one2one
LOC6897476,lovit,FBgn0267429,0,ortholog_one2one
LOC4816174,CG31886,FBgn0032079,1,ortholog_one2one
LOC4813394,Tdrd3,FBgn0036450,1,ortholog_one2one
LOC4816403,bgm,FBgn0027348,1,ortholog_one2one
LOC4800983,CG6678,FBgn0038917,1,ortholog_one2one
LOC4817876,CG13992,FBgn0031756,1,ortholog_one2one
LOC6898205,Gr59a,FBgn0045483,0,ortholog_one2many
LOC4818186,Coq3,FBgn0032922,1,ortholog_one2one
LOC4816641,Col4a1,FBgn0000299,1,ortholog_one2one
LOC4818071,Obp28a,FBgn0011283,0,ortholog_one2one
LOC4802419,ymp,FBgn0261287,1,ortholog_one2one
LOC4815394,Ag5r,FBgn0015010,1,ortholog_one2one
LOC4815553,TwdlX,FBgn0052571,1,ortholog_one2one
LOC6896888,CG1607,FBgn0039844,1,ortholog_one2one
LOC4803248,CG14280,FBgn0038695,1,ortholog_one2one
LOC6900549,Scsalpha1,FBgn0004888,1,ortholog_one2one
LOC4800328,5-HT7,FBgn0004573,1,ortholog_one2one
LOC4814377,CG2147,FBgn0030025,1,ortholog_one2one
LOC4812240,CG9449,FBgn0036875,1,ortholog_one2one
LOC6902198,CG34325,FBgn0085354,1,ortholog_one2one
LOC4816669,CG10949,FBgn0032858,1,ortholog_one2one
LOC4812137,l(3)72Dp,FBgn0263607,1,ortholog_one2one
LOC4804908,Rpe,FBgn0050499,1,ortholog_one2one
LOC4816521,Prosalpha6T,FBgn0032492,1,ortholog_one2many
LOC6899940,msl-2,FBgn0005616,0,ortholog_one2many
LOC4814043,CG12093,FBgn0035372,1,ortholog_one2one
LOC4801082,Moca-cyp,FBgn0039581,1,ortholog_one2one
LOC4802233,SppL,FBgn0039381,1,ortholog_one2one
LOC4812018,CG13071,FBgn0036585,1,ortholog_one2one
LOC4812820,CG7330,FBgn0036780,1,ortholog_one2one
LOC4804462,CG10384,FBgn0034731,1,ortholog_one2one
LOC4812609,Pop2,FBgn0036239,0,ortholog_one2one
LOC4802047,Atg17,FBgn0037363,1,ortholog_one2one
LOC4814104,Cypl,FBgn0035141,1,ortholog_one2one
LOC4803756,edl,FBgn0023214,1,ortholog_one2one
LOC6900220,CG14613,FBgn0031188,0,ortholog_one2many
LOC4813250,CG32191,FBgn0052191,1,ortholog_one2one
LOC117185609,His2A:CG33835,FBgn0053835,1,ortholog_one2many
LOC117185609,His2A:CG33823,FBgn0053823,1,ortholog_one2many
LOC4804777,Arf6,FBgn0013750,0,ortholog_one2one
LOC4803476,Spn43Aa,FBgn0024294,1,ortholog_one2one
LOC4805274,CG11474,FBgn0034688,1,ortholog_one2one
LOC4805491,RpL23,FBgn0010078,1,ortholog_one2one
LOC4800768,CAH7,FBgn0037788,1,ortholog_one2one
LOC4814242,CG16989,FBgn0025621,1,ortholog_one2many
LOC4801174,CG3348,FBgn0040609,1,ortholog_one2one
LOC4817424,Etl1,FBgn0032157,1,ortholog_one2one
LOC4817718,Pvf2,FBgn0031888,1,ortholog_one2one
LOC4813821,CG32202,FBgn0052202,1,ortholog_one2one
LOC4803677,CG43316,FBgn0263021,1,ortholog_one2one
LOC4816806,CG17264,FBgn0031490,1,ortholog_one2one
LOC4804731,Cpr47Ea,FBgn0033597,1,ortholog_one2one
LOC4815432,peb,FBgn0003053,0,ortholog_one2one
LOC4814155,CG10163,FBgn0035697,1,ortholog_one2one
LOC6901280,CG14420,FBgn0029643,1,ortholog_one2one
LOC4817139,Acbp1,FBgn0031992,1,ortholog_one2one
LOC4801764,eIF4EHP,FBgn0053100,1,ortholog_one2one
LOC4815170,Inx5,FBgn0030989,1,ortholog_one2one
LOC4818158,CG9117,FBgn0031766,1,ortholog_one2one
LOC6901561,CG11590,FBgn0030545,0,ortholog_one2one
LOC4804770,CG18371,FBgn0033893,0,ortholog_one2one
LOC4803047,CG31437,FBgn0051437,1,ortholog_one2one
LOC26533807,CG42471,FBgn0259961,0,ortholog_one2one
LOC4800982,CG17819,FBgn0038915,1,ortholog_one2one
LOC4812189,CG9951,FBgn0036671,1,ortholog_one2one
LOC6901056,btd,FBgn0000233,1,ortholog_one2one
LOC6903974,NO66,FBgn0266570,0,ortholog_one2many
LOC4813991,Doc3,FBgn0035954,1,ortholog_one2one
LOC6897243,Fkbp39,FBgn0013269,1,ortholog_one2one
LOC4801027,Rfx,FBgn0020379,1,ortholog_one2one
LOC5495506,Wdr62,FBgn0031374,1,ortholog_one2one
LOC4800626,CheB98a,FBgn0261289,1,ortholog_one2one
LOC26533386,bsk,FBgn0000229,0,ortholog_one2one
LOC4803905,E(Pc),FBgn0000581,1,ortholog_one2one
LOC4801956,how,FBgn0264491,0,ortholog_one2one
LOC6898347,Cap-G,FBgn0259876,1,ortholog_one2one
LOC4817120,CG3407,FBgn0031573,1,ortholog_one2one
LOC6900881,CG33288,FBgn0053288,1,ortholog_one2one
LOC4800970,Gr93d,FBgn0045468,1,ortholog_one2many
LOC4800970,Gr92a,FBgn0045471,0,ortholog_one2many
LOC4817776,Wdr81,FBgn0032395,1,ortholog_one2one
LOC6901445,mei-41,FBgn0004367,0,ortholog_one2one
LOC6899753,Haspin,FBgn0046706,0,ortholog_one2one
LOC4804156,CG10914,FBgn0034307,1,ortholog_one2one
LOC4802054,CG2100,FBgn0037369,1,ortholog_one2one
LOC4804147,CG8298,FBgn0033673,1,ortholog_one2one
LOC4813934,CG7083,FBgn0035877,1,ortholog_one2one
LOC4812693,CG8329,FBgn0036022,1,ortholog_one2many
LOC4816124,CG9541,FBgn0032083,1,ortholog_one2one
LOC6901139,CG43867,FBgn0264449,1,ortholog_one2one
LOC4817586,Vps53,FBgn0031598,1,ortholog_one2one
LOC117184948,Snp,FBgn0265192,0,ortholog_one2many
LOC4814983,kirre,FBgn0028369,0,ortholog_one2one
LOC4815041,CG8206,FBgn0030679,0,ortholog_one2one
LOC4802332,blp,FBgn0038387,1,ortholog_one2one
LOC4814063,dos,FBgn0016794,1,ortholog_one2one
LOC4801060,jvl,FBgn0263929,1,ortholog_one2one
LOC6899810,Cpr97Ea,FBgn0039480,1,ortholog_one2one
LOC6900916,AhcyL1,FBgn0035371,1,ortholog_one2one
LOC4804983,Cyp6a9,FBgn0013771,1,ortholog_one2many
LOC4804983,Cyp6a21,FBgn0288232,1,ortholog_one2many
LOC6897645,mRpL47,FBgn0014023,1,ortholog_one2one
LOC6900794,CG7402,FBgn0036768,1,ortholog_one2one
LOC6897372,CG32971,FBgn0052971,0,ortholog_many2many
LOC6897372,MED22,FBgn0040339,0,ortholog_many2many
LOC4815088,Taf8,FBgn0022724,1,ortholog_one2one
LOC26532494,CG34222,FBgn0250822,1,ortholog_one2one
LOC4815841,Ir11a,FBgn0030385,0,ortholog_one2one
LOC117183163,tbc,FBgn0052506,1,ortholog_one2one
LOC4814735,MFS10,FBgn0030452,1,ortholog_one2one
LOC4816243,ppk14,FBgn0031803,1,ortholog_one2one
LOC117185167,S1P,FBgn0037105,1,ortholog_one2one
LOC4800771,Npc2c,FBgn0037783,1,ortholog_one2one
LOC4812703,CG13309,FBgn0035933,1,ortholog_one2one
LOC4801802,CG9626,FBgn0037565,1,ortholog_one2one
LOC6902422,AANATL3,FBgn0032839,0,ortholog_many2many
LOC6902422,AANATL4,FBgn0034429,0,ortholog_many2many
LOC4801716,Orct2,FBgn0086365,1,ortholog_one2one
LOC117183586,CG45081,FBgn0266456,0,ortholog_one2one
LOC6896828,CG11145,FBgn0033168,0,ortholog_one2many
LOC4803376,Prp8,FBgn0033688,1,ortholog_one2one
LOC4802537,CG8149,FBgn0037700,1,ortholog_one2one
LOC4817161,cype,FBgn0015031,1,ortholog_one2one
LOC4816429,RtGEF,FBgn0015803,1,ortholog_one2one
LOC4802676,CG2926,FBgn0037344,1,ortholog_one2one
LOC4803881,Sin1,FBgn0033935,1,ortholog_one2one
LOC6902382,Lsp1gamma,FBgn0002564,0,ortholog_one2one
LOC4800967,Gr93a,FBgn0041229,1,ortholog_one2one
LOC117185184,CG18258,FBgn0265267,1,ortholog_one2many
LOC6898394,Polr2E,FBgn0033571,0,ortholog_one2many
LOC6903119,Spc105R,FBgn0037025,0,ortholog_one2many
LOC4813619,Polr3H,FBgn0036188,1,ortholog_one2one
LOC4812583,CG12017,FBgn0035429,1,ortholog_one2one
LOC4814045,MED24,FBgn0035851,1,ortholog_one2one
LOC4802008,B52,FBgn0004587,1,ortholog_one2one
LOC4805329,Elp2,FBgn0033540,1,ortholog_one2one
LOC4816565,CG8677,FBgn0026577,1,ortholog_one2one
LOC117183225,CG14695,FBgn0037850,0,ortholog_one2many
LOC4803314,CG5404,FBgn0038354,1,ortholog_one2one
LOC4801364,Cad88C,FBgn0038247,1,ortholog_one2one
LOC26534446,Targ,FBgn0033955,1,ortholog_one2one
LOC4805707,mei-S332,FBgn0002715,1,ortholog_one2one
LOC4803583,CG30376,FBgn0050376,1,ortholog_one2one
LOC4813291,CG32225,FBgn0052225,1,ortholog_one2one
LOC4801104,mfrn,FBgn0039561,1,ortholog_one2one
LOC6903327,CG34180,FBgn0085209,1,ortholog_one2one
LOC4802071,Ccdc114,FBgn0038452,0,ortholog_one2one
LOC6902688,Or13a,FBgn0030715,0,ortholog_one2one
LOC4802192,CG14556,FBgn0039413,1,ortholog_one2one
LOC4816810,smog,FBgn0051660,1,ortholog_one2one
LOC6902853,Mst36Fa,FBgn0086681,0,ortholog_one2many
LOC6902853,CG43339,FBgn0263078,0,ortholog_one2many
LOC6902853,Mst36Fb,FBgn0261349,0,ortholog_one2many
LOC4803548,CG9083,FBgn0035077,1,ortholog_one2one
LOC6901495,Gr10a,FBgn0045502,1,ortholog_one2one
LOC4815188,CG17896,FBgn0023537,1,ortholog_one2one
LOC4815050,Fbxl4,FBgn0030555,1,ortholog_one2one
LOC4812254,Srp19,FBgn0015298,1,ortholog_one2one
LOC4815831,CG14770,FBgn0029573,1,ortholog_one2one
LOC6897824,Nup93-2,FBgn0038274,0,ortholog_one2many
LOC4804065,Topors,FBgn0267351,1,ortholog_one2one
LOC4813742,CG16775,FBgn0036767,1,ortholog_one2many
LOC6901723,CG32544,FBgn0052544,1,ortholog_one2one
LOC4817088,dgt2,FBgn0032390,1,ortholog_one2one
LOC4802817,sals,FBgn0051374,1,ortholog_one2one
LOC6897961,CG14316,FBgn0038567,1,ortholog_one2one
LOC4801328,TwdlO,FBgn0039438,1,ortholog_one2one
LOC6896829,CG33110,FBgn0053110,1,ortholog_one2one
LOC4804824,Tbce,FBgn0033055,1,ortholog_one2one
LOC4800917,Or94b,FBgn0039034,1,ortholog_one2one
LOC6897185,Cyp304a1,FBgn0038095,1,ortholog_one2one
LOC6896812,CycB,FBgn0000405,0,ortholog_one2many
LOC117183543,CG41242,FBgn0085569,0,ortholog_one2one
LOC4812365,fal,FBgn0028380,1,ortholog_one2one
LOC4815900,CG10802,FBgn0029664,1,ortholog_one2one
LOC4811845,CG1909,FBgn0039911,1,ortholog_one2one
LOC6901225,CG12998,FBgn0030829,1,ortholog_one2one
LOC6901693,cac,FBgn0263111,1,ortholog_one2one
LOC117184548,Pex12,FBgn0031282,0,ortholog_one2many
LOC4817091,Phae1,FBgn0263234,1,ortholog_one2one
LOC4803028,Nmdmc,FBgn0010222,1,ortholog_one2one
LOC4811953,CG10725,FBgn0036362,1,ortholog_one2one
LOC4803045,CG4553,FBgn0039336,1,ortholog_one2one
LOC6897088,CG4907,FBgn0039010,0,ortholog_many2many
LOC6897088,CG13978,FBgn0039518,1,ortholog_many2many
LOC4802253,CG1105,FBgn0037465,1,ortholog_one2one
LOC4804780,nopo,FBgn0034314,1,ortholog_one2one
LOC4815048,unc-119,FBgn0025549,1,ortholog_one2one
LOC4801425,beat-Vc,FBgn0038084,1,ortholog_one2one
LOC4813145,CG14142,FBgn0036143,1,ortholog_one2one
LOC26534343,CG10081,FBgn0034441,1,ortholog_one2one
LOC4816819,fred,FBgn0051774,1,ortholog_one2one
LOC4801347,PolQ,FBgn0002905,1,ortholog_one2one
LOC4817610,IntS14,FBgn0031314,1,ortholog_one2one
LOC4813219,Pc,FBgn0003042,1,ortholog_one2one
LOC4800459,Mesh1,FBgn0039650,1,ortholog_one2one
LOC6898145,pdm3,FBgn0261588,1,ortholog_one2one
LOC4817502,CG4631,FBgn0032590,0,ortholog_one2one
LOC4803500,CG30503,FBgn0050503,1,ortholog_one2one
LOC6901826,CG43689,FBgn0263772,1,ortholog_one2one
LOC4800234,Jon99Fi,FBgn0039778,0,ortholog_many2many
LOC4800234,Jon99Ciii,FBgn0003357,0,ortholog_many2many
LOC4800234,Jon99Cii,FBgn0003356,1,ortholog_many2many
LOC4800234,Jon99Fii,FBgn0039777,0,ortholog_many2many
LOC4804676,CG10936,FBgn0034253,1,ortholog_one2one
LOC4816357,CG7916,FBgn0028534,1,ortholog_one2one
LOC4813329,CG10591,FBgn0035621,1,ortholog_one2one
LOC4802792,tara,FBgn0040071,0,ortholog_one2one
LOC4800502,Obp99b,FBgn0039685,1,ortholog_one2one
LOC4816073,Eo,FBgn0030597,1,ortholog_one2one
LOC4804546,CG30184,FBgn0050184,1,ortholog_one2one
LOC26533575,lmgA,FBgn0250903,1,ortholog_one2one
LOC4816759,CG7968,FBgn0028532,1,ortholog_one2one
LOC4801442,fru,FBgn0004652,1,ortholog_one2one
LOC4815952,CG12576,FBgn0031190,1,ortholog_one2one
LOC4814011,RasGAP1,FBgn0004390,0,ortholog_one2one
LOC4802058,Dcps,FBgn0037372,1,ortholog_one2one
LOC6903450,CG6788,FBgn0030880,0,ortholog_one2many
LOC6897043,trv,FBgn0085391,0,ortholog_one2one
LOC6902891,Oatp33Ea,FBgn0032433,1,ortholog_one2many
LOC4815100,CG14421,FBgn0029644,1,ortholog_one2one
LOC117183994,hook,FBgn0001202,1,ortholog_one2many
LOC117185097,CG17361,FBgn0036395,1,ortholog_one2many
LOC4801975,Epg5,FBgn0038651,0,ortholog_one2one
LOC4802543,Uros2,FBgn0038361,1,ortholog_one2one
LOC4804368,Rgk2,FBgn0085419,1,ortholog_one2one
LOC4801793,Spase22-23,FBgn0039172,0,ortholog_one2one
LOC4815474,CG17776,FBgn0040899,1,ortholog_one2one
LOC4816998,Jon25Biii,FBgn0031653,1,ortholog_one2one
LOC4812510,CG14985,FBgn0035482,1,ortholog_one2one
LOC4801846,krz,FBgn0040206,0,ortholog_one2one
LOC4804822,rswl,FBgn0034351,1,ortholog_one2one
LOC4804782,CG5721,FBgn0034315,1,ortholog_one2one
LOC4813116,S-Lap4,FBgn0052064,1,ortholog_one2one
LOC6897731,CG14327,FBgn0038526,1,ortholog_one2one
LOC4805593,CG13581,FBgn0035014,1,ortholog_one2one
LOC117184695,CG7646,FBgn0036926,1,ortholog_one2one
LOC4801778,CG6178,FBgn0039156,1,ortholog_one2one
LOC4816966,EMC5,FBgn0032732,1,ortholog_one2one
LOC4805049,brp,FBgn0259246,0,ortholog_one2one
LOC4803980,jef,FBgn0033958,1,ortholog_one2one
LOC4815338,CG13375,FBgn0040370,1,ortholog_one2one
LOC4813442,CG3634,FBgn0037026,1,ortholog_one2one
LOC4811990,Pex14,FBgn0037020,1,ortholog_one2one
LOC4817191,CG15390,FBgn0031419,1,ortholog_one2one
LOC13036548,CG34273,FBgn0085302,1,ortholog_one2one
LOC117183180,CG6933,FBgn0036952,1,ortholog_one2many
LOC4802268,Edg84A,FBgn0000552,1,ortholog_one2one
LOC6901021,CG42323,FBgn0259223,1,ortholog_one2one
LOC6902991,Pkd2,FBgn0041195,1,ortholog_one2many
LOC4813909,CG1146,FBgn0035346,1,ortholog_one2one
LOC4816793,CG14402,FBgn0032894,1,ortholog_one2one
LOC13036342,CG34354,FBgn0085383,1,ortholog_one2one
LOC4802260,Ama,FBgn0000071,1,ortholog_one2one
LOC26532971,CG43064,FBgn0262366,0,ortholog_one2many
LOC4816020,mh,FBgn0267977,1,ortholog_one2one
LOC4811656,CG6470,FBgn0030933,0,ortholog_one2one
LOC4802754,Syt14,FBgn0261086,1,ortholog_one2one
LOC26532891,Dbp80,FBgn0024804,0,ortholog_one2one
LOC4803926,CG18467,FBgn0034218,1,ortholog_one2one
LOC5495520,alphaTry,FBgn0003863,1,ortholog_one2one
LOC6899645,RpS2,FBgn0004867,0,ortholog_one2many
LOC4801337,Mekk1,FBgn0024329,1,ortholog_one2one
LOC4813126,term,FBgn0003683,0,ortholog_one2many
LOC4813126,CG7271,FBgn0036791,1,ortholog_one2many
LOC6902929,CG42658,FBgn0261523,0,ortholog_one2many
LOC6902859,CG34162,FBgn0085191,1,ortholog_one2one
LOC4801127,TwdlT,FBgn0029170,1,ortholog_one2one
LOC6897644,by,FBgn0000244,1,ortholog_one2one
LOC6898656,Idgf5,FBgn0064237,1,ortholog_one2one
LOC4801365,CG7886,FBgn0038248,1,ortholog_one2many
LOC4814977,CG7556,FBgn0030990,1,ortholog_one2one
LOC26532947,Ir62a,FBgn0053971,1,ortholog_one2one
LOC26532072,Ubi-p5E,FBgn0086558,0,ortholog_one2one
LOC6897371,CG42375,FBgn0259721,0,ortholog_one2one
LOC4814446,Inx6,FBgn0027107,1,ortholog_one2one
LOC4812948,CSN3,FBgn0027055,1,ortholog_one2one
LOC4803563,RpL19,FBgn0285950,1,ortholog_one2one
LOC4817309,dl,FBgn0260632,1,ortholog_one2one
LOC4816596,ms(2)35Ci,FBgn0011239,1,ortholog_one2one
LOC4801390,CG14380,FBgn0038124,1,ortholog_one2one
LOC4814933,mab-21,FBgn0029003,1,ortholog_one2one
LOC4800446,Ppox,FBgn0020018,1,ortholog_one2one
LOC4814376,sni,FBgn0030026,1,ortholog_one2one
LOC4814865,CG17778,FBgn0023534,1,ortholog_one2one
LOC6902743,Spf45,FBgn0086683,0,ortholog_one2one
LOC4802863,pasi1,FBgn0038545,1,ortholog_one2one
LOC4805138,CG13319,FBgn0033781,1,ortholog_one2one
LOC4804535,l(2)efl,FBgn0011296,1,ortholog_one2one
LOC4805303,Alp6,FBgn0033423,1,ortholog_one2one
LOC4815181,CG1738,FBgn0030291,1,ortholog_one2one
LOC4811917,lush,FBgn0020277,1,ortholog_one2one
LOC6899933,ida,FBgn0041147,1,ortholog_one2one
LOC4812740,CG6793,FBgn0036242,0,ortholog_one2one
LOC6897628,AGO2,FBgn0087035,0,ortholog_one2many
LOC6898652,CG18538,FBgn0034324,1,ortholog_many2many
LOC6898652,CG18537,FBgn0034323,1,ortholog_many2many
LOC6898652,CG18536,FBgn0034322,1,ortholog_many2many
LOC4814089,CG7201,FBgn0035865,1,ortholog_one2one
LOC4805714,eEFSec,FBgn0034627,1,ortholog_one2one
LOC6897583,CG18586,FBgn0035642,0,ortholog_many2many
LOC6897583,CG5568,FBgn0035641,0,ortholog_many2many
LOC6897939,RpS25,FBgn0086472,1,ortholog_one2one
LOC4814327,CG15249,FBgn0030161,1,ortholog_one2one
LOC4816773,beat-IIIa,FBgn0265607,1,ortholog_one2one
LOC26533336,Fer3HCH,FBgn0030449,1,ortholog_one2one
LOC4802753,CG9795,FBgn0037234,1,ortholog_one2one
LOC4802426,Pi4KIIalpha,FBgn0037339,1,ortholog_one2many
LOC4800325,CG15549,FBgn0039810,1,ortholog_one2one
LOC4801596,CG11841,FBgn0039628,1,ortholog_one2one
LOC4816257,CG18662,FBgn0040963,1,ortholog_one2one
LOC117183753,CG34040,FBgn0054040,1,ortholog_one2one
LOC4816405,esg,FBgn0287768,1,ortholog_one2one
LOC4802994,Rfk,FBgn0014930,1,ortholog_one2one
LOC4813178,CG11658,FBgn0036196,1,ortholog_one2one
LOC4803773,RpL29,FBgn0016726,1,ortholog_one2one
LOC4803369,CG14752,FBgn0033307,1,ortholog_one2one
LOC6899467,alpha-Est4,FBgn0015572,0,ortholog_many2many
LOC6899467,alpha-Est1,FBgn0015568,0,ortholog_many2many
LOC6899467,alpha-Est3,FBgn0015571,0,ortholog_many2many
LOC4805467,achi,FBgn0033749,1,ortholog_one2many
LOC4805467,vis,FBgn0033748,1,ortholog_one2many
LOC4805292,CG8323,FBgn0033903,0,ortholog_one2one
LOC6900507,anchor,FBgn0036741,1,ortholog_one2one
LOC4816231,retm,FBgn0031814,1,ortholog_one2one
LOC4800435,CG13631,FBgn0040600,1,ortholog_one2one
LOC4804519,l(2)k10201,FBgn0016970,1,ortholog_one2one
LOC4805327,stan,FBgn0024836,1,ortholog_one2one
LOC6901131,CG15570,FBgn0029697,1,ortholog_one2one
LOC4817510,CG17652,FBgn0031361,1,ortholog_one2one
LOC4801561,Hrd3,FBgn0028475,1,ortholog_one2one
LOC6900995,msn,FBgn0010909,0,ortholog_one2one
LOC6901578,Hers,FBgn0052529,1,ortholog_one2one
LOC4804846,Gp210,FBgn0266580,1,ortholog_one2one
LOC4800351,CG12054,FBgn0039831,1,ortholog_one2one
LOC4815298,CG15208,FBgn0030247,0,ortholog_one2one
LOC4812825,CG13454,FBgn0036503,1,ortholog_one2one
LOC4811890,Papst2,FBgn0036695,1,ortholog_one2one
LOC6896960,Ctns,FBgn0039045,1,ortholog_one2one
LOC4804398,CG15649,FBgn0034563,1,ortholog_one2one
LOC4817984,nrv2,FBgn0015777,1,ortholog_one2one
LOC4804299,Ak2,FBgn0283494,1,ortholog_one2one
LOC4812507,TfAP-2,FBgn0261953,1,ortholog_one2one
LOC6898736,Cyp6a23,FBgn0033978,1,ortholog_many2many
LOC6898736,Cyp6a17,FBgn0015714,1,ortholog_many2many
LOC6903194,NLaz,FBgn0053126,1,ortholog_one2one
LOC4817053,CG8349,FBgn0032003,1,ortholog_one2one
LOC4818182,CG43345,FBgn0263050,1,ortholog_one2one
LOC4813090,PGRP-SD,FBgn0035806,1,ortholog_one2one
LOC6898073,CG10444,FBgn0034494,0,ortholog_one2one
LOC4803609,Mal-A6,FBgn0050360,1,ortholog_one2one
LOC4817401,CG15406,FBgn0031517,1,ortholog_one2one
LOC4801521,ea,FBgn0000533,1,ortholog_one2one
LOC4801273,Elp6,FBgn0086371,1,ortholog_one2one
LOC6901701,His2B:CG33876,FBgn0053876,0,ortholog_many2many
LOC6901701,His2B:CG33886,FBgn0053886,0,ortholog_many2many
LOC6901701,His2B:CG33868,FBgn0053868,0,ortholog_many2many
LOC4812312,Nprl3,FBgn0036397,1,ortholog_one2one
LOC4817011,Reps,FBgn0032341,1,ortholog_one2one
LOC4804375,AGO1,FBgn0262739,1,ortholog_one2one
LOC26532716,vtd,FBgn0260987,0,ortholog_one2one
LOC4801222,CG6763,FBgn0039069,1,ortholog_one2one
LOC117184353,CG32006,FBgn0052006,0,ortholog_one2one
LOC4803800,CG7997,FBgn0034117,1,ortholog_one2one
LOC4815842,CG32573,FBgn0052573,0,ortholog_one2one
LOC4816967,Swip-1,FBgn0032731,1,ortholog_one2one
LOC4812946,MED4,FBgn0035754,1,ortholog_one2one
LOC4817041,CG16995,FBgn0031412,1,ortholog_one2one
LOC4813755,eIF3l,FBgn0036258,1,ortholog_one2one
LOC4805390,CG15611,FBgn0034194,1,ortholog_one2one
LOC6903591,CG33510,FBgn0053510,1,ortholog_one2one
LOC4804718,CG1441,FBgn0033464,1,ortholog_one2one
LOC26533742,CG5390,FBgn0032213,0,ortholog_one2one
LOC4800883,Lrrk,FBgn0038816,1,ortholog_one2one
LOC4800836,Srlp,FBgn0038049,1,ortholog_one2one
LOC6898235,CG34203,FBgn0085232,1,ortholog_one2one
LOC4816058,Rrp45,FBgn0030789,1,ortholog_one2one
LOC4802406,Kpc1,FBgn0038296,1,ortholog_one2one
LOC4811825,CG5676,FBgn0032200,0,ortholog_one2one
LOC6901463,CG6067,FBgn0029828,1,ortholog_one2one
LOC4801157,Atg14,FBgn0039636,1,ortholog_one2one
LOC4801833,Mpc1,FBgn0038662,1,ortholog_one2one
LOC4812980,BBS1,FBgn0035741,1,ortholog_one2one
LOC6900634,CG7276,FBgn0036499,0,ortholog_one2one
LOC4812923,CG10512,FBgn0037057,1,ortholog_one2one
LOC4803344,CG17047,FBgn0033827,1,ortholog_one2one
LOC4800837,Desat1,FBgn0086687,1,ortholog_one2one
LOC4800400,CG9733,FBgn0039759,1,ortholog_one2many
LOC4800400,CG11313,FBgn0039798,0,ortholog_one2many
LOC6899055,Ir60b,FBgn0259185,1,ortholog_one2many
LOC6899055,Ir60d,FBgn0259187,1,ortholog_one2many
LOC6896684,CG33483,FBgn0053483,1,ortholog_one2many
LOC6897655,GC2,FBgn0037970,1,ortholog_one2one
LOC6897868,Nlg3,FBgn0083963,1,ortholog_one2one
LOC4816617,La,FBgn0011638,1,ortholog_one2one
LOC4801567,CG10214,FBgn0039115,1,ortholog_one2one
LOC4803567,emp,FBgn0010435,1,ortholog_one2one
LOC4817630,CG5565,FBgn0031335,0,ortholog_one2many
LOC4803432,chk,FBgn0033095,1,ortholog_one2one
LOC6900426,SCCRO4,FBgn0036967,1,ortholog_one2one
LOC4816505,Adat1,FBgn0028658,1,ortholog_one2one
LOC6897114,mad2,FBgn0035640,0,ortholog_one2many
LOC4815172,tyf,FBgn0026083,1,ortholog_one2one
LOC4818125,CG31643,FBgn0051643,1,ortholog_one2one
LOC4804170,Pex13,FBgn0033812,1,ortholog_one2one
LOC4817813,Gart,FBgn0000053,1,ortholog_one2one
LOC6899335,Ppr-Y,FBgn0046697,0,ortholog_one2one
LOC4815626,CG9101,FBgn0030622,1,ortholog_one2one
LOC6900010,CG13066,FBgn0040797,1,ortholog_one2one
LOC4805466,s-cup,FBgn0050044,1,ortholog_one2one
LOC26533778,CG15579,FBgn0040906,0,ortholog_one2one
LOC6897083,yem,FBgn0005596,1,ortholog_one2one
LOC4812550,Sf3b3,FBgn0035162,1,ortholog_one2one
LOC4802241,14-3-3epsilon,FBgn0020238,1,ortholog_one2one
LOC4812707,CG13311,FBgn0035929,1,ortholog_one2many
LOC4812707,CG32023,FBgn0052023,1,ortholog_one2many
LOC4813622,Acbp2,FBgn0010387,1,ortholog_one2one
LOC4804332,spag,FBgn0015544,1,ortholog_one2one
LOC4816007,Rab40,FBgn0030391,1,ortholog_one2one
LOC4814951,out,FBgn0259834,0,ortholog_one2one
LOC4817826,CG7110,FBgn0032521,1,ortholog_one2one
LOC4814366,CG12692,FBgn0029703,0,ortholog_one2one
LOC4801813,Ctr1B,FBgn0062412,1,ortholog_one2one
LOC4805088,DUBAI,FBgn0033738,1,ortholog_one2one
LOC6897486,CG18528,FBgn0039189,1,ortholog_one2one
LOC4811919,CG32483,FBgn0052483,1,ortholog_one2one
LOC6902467,ACXE,FBgn0040506,1,ortholog_many2many
LOC6902467,ACXB,FBgn0040509,1,ortholog_many2many
LOC6902467,ACXA,FBgn0040510,1,ortholog_many2many
LOC6902467,ACXC,FBgn0040508,1,ortholog_many2many
LOC4804318,CG10339,FBgn0034972,1,ortholog_one2one
LOC4802941,Gld,FBgn0001112,1,ortholog_one2one
LOC4813355,Ilp1,FBgn0044051,1,ortholog_one2one
LOC4816744,CG8891,FBgn0031663,1,ortholog_one2one
LOC4804099,CG14492,FBgn0034283,1,ortholog_one2one
LOC4801788,SMC6,FBgn0266282,1,ortholog_one2one
LOC6898963,CG34002,FBgn0054002,0,ortholog_one2one
LOC4812578,Tmx3,FBgn0036579,1,ortholog_one2one
LOC4813808,Gbs-70E,FBgn0036428,1,ortholog_one2one
LOC4818112,SmydA-3,FBgn0262599,1,ortholog_one2one
LOC4815258,CG1999,FBgn0029947,0,ortholog_one2one
LOC4805540,Isha,FBgn0034598,1,ortholog_one2one
LOC26532043,CG42516,FBgn0260390,1,ortholog_one2many
LOC6902426,Ddr,FBgn0053531,0,ortholog_one2one
LOC4816873,Spp,FBgn0031260,1,ortholog_one2one
LOC117183982,Clbn,FBgn0259152,1,ortholog_one2one
LOC117184151,CG14692,FBgn0037836,0,ortholog_one2many
LOC4815417,CG13377,FBgn0261446,1,ortholog_one2one
LOC6897080,CG42813,FBgn0261995,1,ortholog_one2one
LOC6896933,CG17298,FBgn0038879,1,ortholog_one2one
LOC4817637,CG31926,FBgn0051926,1,ortholog_one2one
LOC4815101,CG1806,FBgn0030360,1,ortholog_one2one
LOC4801476,CG5388,FBgn0038944,1,ortholog_one2one
LOC6900551,CG42676,FBgn0261562,1,ortholog_one2one
LOC4805700,CG3045,FBgn0034703,1,ortholog_one2one
LOC4803180,CG14313,FBgn0038579,1,ortholog_one2one
LOC4818104,Lam,FBgn0002525,1,ortholog_one2one
LOC4800347,Zwilch,FBgn0061476,1,ortholog_one2one
LOC4817833,smo,FBgn0003444,1,ortholog_one2one
LOC6896716,Sry-beta,FBgn0003511,1,ortholog_one2one
LOC6900719,Ets65A,FBgn0005658,1,ortholog_one2one
LOC4812792,CG1275,FBgn0035321,1,ortholog_one2one
LOC6903589,ppk13,FBgn0053508,1,ortholog_one2one
LOC4811987,Strump,FBgn0036571,1,ortholog_one2one
LOC4813348,Aprt,FBgn0000109,1,ortholog_one2one
LOC4801028,jumu,FBgn0015396,1,ortholog_one2one
LOC4814593,Larp7,FBgn0260771,1,ortholog_one2many
LOC4801383,CG11168,FBgn0039249,1,ortholog_one2one
LOC4813605,RpL23A,FBgn0026372,1,ortholog_one2one
LOC4814468,mbt,FBgn0025743,0,ortholog_one2one
LOC4801994,yrt,FBgn0004049,1,ortholog_one2one
LOC4804117,CG5757,FBgn0034299,1,ortholog_one2one
LOC4800570,Gba1a,FBgn0051148,1,ortholog_one2one
LOC4812714,CG13306,FBgn0040828,1,ortholog_one2one
LOC6900018,CG13062,FBgn0036603,1,ortholog_one2one
LOC4801721,Pdf,FBgn0023178,0,ortholog_one2one
LOC4801588,grn,FBgn0001138,1,ortholog_one2one
LOC4805335,trsn,FBgn0033528,1,ortholog_one2one
LOC4815352,CG1578,FBgn0030336,1,ortholog_one2one
LOC6897108,APC4,FBgn0052707,0,ortholog_one2many
LOC4816342,CG16812,FBgn0032488,1,ortholog_one2one
LOC4805676,Sod2,FBgn0010213,0,ortholog_one2one
LOC4804403,CAH14,FBgn0034554,1,ortholog_one2one
LOC4803167,bard,FBgn0038566,1,ortholog_one2one
LOC4802191,Cipc,FBgn0051324,1,ortholog_one2one
LOC4803816,cato,FBgn0024249,1,ortholog_one2one
LOC6898961,CG30010,FBgn0050010,0,ortholog_one2one
LOC4814697,C901,FBgn0021742,1,ortholog_one2one
LOC4814745,Gr8a,FBgn0030108,1,ortholog_one2one
LOC4815345,CG13012,FBgn0030769,1,ortholog_one2one
LOC4817827,Tbc1d15-17,FBgn0031233,1,ortholog_one2one
LOC4804929,Galphaq,FBgn0004435,1,ortholog_one2one
LOC6901380,Cyp4d1,FBgn0005670,0,ortholog_one2one
LOC4816227,CG34398,FBgn0085427,1,ortholog_one2one
LOC4800424,niki,FBgn0045980,1,ortholog_one2one
LOC6903101,CG34007,FBgn0054007,1,ortholog_one2one
LOC4816437,dimm,FBgn0023091,1,ortholog_one2one
LOC4816944,Rab6,FBgn0015797,1,ortholog_one2one
LOC4815087,Mvb12,FBgn0030894,1,ortholog_one2one
LOC6896978,CG31482,FBgn0051482,0,ortholog_one2many
LOC4812022,rept,FBgn0040075,1,ortholog_one2one
LOC4815680,Dsor1,FBgn0010269,1,ortholog_one2one
LOC117184977,CG33687,FBgn0053687,1,ortholog_one2one
LOC4816476,CG43333,FBgn0263038,1,ortholog_one2one
LOC6897734,CG14329,FBgn0038525,0,ortholog_one2one
LOC4813014,Mtr3,FBgn0036916,1,ortholog_one2one
LOC26533159,CG34324,FBgn0085353,0,ortholog_one2one
LOC4817719,CG4822,FBgn0031220,1,ortholog_one2one
LOC4815759,PpV,FBgn0003139,1,ortholog_one2one
LOC4804015,CG7544,FBgn0033994,1,ortholog_one2one
LOC4800242,CG15514,FBgn0039712,1,ortholog_one2one
LOC6903891,betaTub56D,FBgn0284243,1,ortholog_one2one
LOC6898486,CG16799,FBgn0034538,1,ortholog_one2one
LOC6903379,Bace,FBgn0032049,1,ortholog_one2one
LOC4804078,TER94,FBgn0286784,0,ortholog_one2one
LOC4817383,Or24a,FBgn0026394,1,ortholog_one2one
LOC6898553,CG9143,FBgn0287774,1,ortholog_one2one
LOC4813986,smg,FBgn0016070,1,ortholog_one2one
LOC6902284,CG4151,FBgn0029770,0,ortholog_one2many
LOC4815779,Dd,FBgn0029067,1,ortholog_one2one
LOC4805100,sha,FBgn0003382,1,ortholog_one2one
LOC4805504,CG8788,FBgn0028955,0,ortholog_one2one
LOC4813564,CG8562,FBgn0035779,1,ortholog_one2one
LOC6898201,side-V,FBgn0085400,1,ortholog_one2one
LOC4802774,CG14636,FBgn0037217,1,ortholog_one2one
LOC4817508,Rrp40,FBgn0260648,1,ortholog_one2one
LOC6901855,CG5815,FBgn0027574,0,ortholog_one2one
LOC6898450,CG43775,FBgn0264297,1,ortholog_one2many
LOC6898450,CG43777,FBgn0264299,1,ortholog_one2many
LOC6898450,CG43776,FBgn0264298,1,ortholog_one2many
LOC4817444,snsl,FBgn0031646,1,ortholog_one2one
LOC4817154,twit,FBgn0032895,1,ortholog_one2one
LOC4814317,CG1354,FBgn0030151,1,ortholog_one2one
LOC117183339,CG9593,FBgn0038365,1,ortholog_one2one
LOC6897271,Ssl2,FBgn0041780,1,ortholog_one2one
LOC4814988,CG12655,FBgn0031080,1,ortholog_one2one
LOC4805277,Synj,FBgn0034691,1,ortholog_one2one
LOC4815211,CG11322,FBgn0031856,0,ortholog_one2many
LOC4815211,CG2694,FBgn0024991,1,ortholog_one2many
LOC4800993,CG6028,FBgn0038924,1,ortholog_one2one
LOC4815046,CG6769,FBgn0030878,1,ortholog_one2one
LOC4801816,COX7A,FBgn0040529,1,ortholog_one2one
LOC4805230,ap,FBgn0267978,0,ortholog_one2one
LOC4803492,cos,FBgn0000352,1,ortholog_one2one
LOC4801221,wam,FBgn0039070,1,ortholog_one2one
LOC117184835,CG14096,FBgn0036871,0,ortholog_many2many
LOC117184835,CG18294,FBgn0036873,0,ortholog_many2many
LOC4804510,Cog6,FBgn0033401,1,ortholog_one2one
LOC4805531,ktub,FBgn0015721,1,ortholog_one2one
LOC4804835,CG43366,FBgn0263109,1,ortholog_one2one
LOC4803199,Ipo9,FBgn0037894,1,ortholog_one2one
LOC6898774,CG14744,FBgn0033324,1,ortholog_many2many
LOC6898774,CG14743,FBgn0033326,1,ortholog_many2many
LOC4814504,CG10803,FBgn0029666,1,ortholog_one2one
LOC6897787,CG42402,FBgn0259821,1,ortholog_one2one
LOC4801817,Arl2,FBgn0004908,1,ortholog_one2one
LOC26533291,nvd,FBgn0287185,0,ortholog_one2one
LOC4817671,Oli,FBgn0032651,1,ortholog_one2one
LOC4802848,CG6830,FBgn0037934,1,ortholog_one2many
LOC4802848,CG6834,FBgn0037935,1,ortholog_one2many
LOC4817712,Cda5,FBgn0051973,1,ortholog_one2one
LOC4804465,SmydA-7,FBgn0034182,0,ortholog_one2one
LOC4804461,ppk12,FBgn0034730,1,ortholog_one2one
LOC6899191,SdhCL,FBgn0037860,1,ortholog_one2one
LOC4817419,vri,FBgn0016076,1,ortholog_one2one
LOC4816604,CG43861,FBgn0264443,1,ortholog_one2one
LOC4812549,Rabex-5,FBgn0262937,1,ortholog_one2one
LOC6899056,Prosalpha4T2,FBgn0017556,1,ortholog_one2one
LOC4801544,TotB,FBgn0038838,0,ortholog_one2many
LOC4801544,TotZ,FBgn0044809,0,ortholog_one2many
LOC4801544,TotA,FBgn0028396,0,ortholog_one2many
LOC4801544,TotC,FBgn0044812,0,ortholog_one2many
LOC4815300,CG3603,FBgn0029648,1,ortholog_one2one
LOC4815816,dy,FBgn0004511,1,ortholog_one2one
LOC6900713,Lcp65Ag1,FBgn0020638,1,ortholog_many2many
LOC6900713,Lcp65Ae,FBgn0020640,1,ortholog_many2many
LOC6900713,Lcp65Ag3,FBgn0086611,0,ortholog_many2many
LOC6900713,Lcp65Af,FBgn0020639,1,ortholog_many2many
LOC6900713,Lcp65Ag2,FBgn0020637,1,ortholog_many2many
LOC4803544,Cirl,FBgn0033313,0,ortholog_one2one
LOC6903887,IntS8,FBgn0289323,1,ortholog_one2one
LOC6900407,Diap1,FBgn0260635,1,ortholog_one2one
LOC4812701,CG32026,FBgn0052026,1,ortholog_one2one
LOC4815799,CG32669,FBgn0052669,1,ortholog_one2one
LOC4815213,CG14195,FBgn0030998,1,ortholog_one2one
LOC6897797,Set1,FBgn0040022,0,ortholog_one2one
LOC6900613,Gr64e,FBgn0045476,1,ortholog_one2one
LOC6898483,CG34201,FBgn0085230,1,ortholog_one2one
LOC4814013,Surf1,FBgn0029117,1,ortholog_one2one
LOC4805096,Fpps,FBgn0025373,1,ortholog_one2one
LOC6899911,CG33769,FBgn0053769,1,ortholog_one2one
LOC4804127,Tbcb,FBgn0034451,1,ortholog_one2one
LOC4804378,Golgin97,FBgn0086757,0,ortholog_one2one
LOC4815340,CG7453,FBgn0030991,1,ortholog_one2one
LOC4802813,meigo,FBgn0250820,1,ortholog_one2one
LOC4812542,path,FBgn0036007,1,ortholog_one2one
LOC6897629,CG42538,FBgn0260646,0,ortholog_one2many
LOC4805581,Vha16-1,FBgn0262736,1,ortholog_one2one
LOC4817255,CG4133,FBgn0031257,1,ortholog_one2one
LOC4817834,U2af38,FBgn0017457,1,ortholog_one2one
LOC6900036,Jarid2,FBgn0036004,1,ortholog_one2one
LOC4804699,Lcp9,FBgn0025578,1,ortholog_one2one
LOC6898274,CG34444,FBgn0085473,1,ortholog_one2one
LOC4816117,Tsp29Fb,FBgn0032075,1,ortholog_one2one
LOC4803740,CG15080,FBgn0034391,1,ortholog_one2one
LOC4800739,T48,FBgn0004359,1,ortholog_one2one
LOC4801630,Polr2B,FBgn0262955,1,ortholog_one2one
LOC4817028,mre11,FBgn0020270,1,ortholog_one2one
LOC6900290,cmpy,FBgn0037015,1,ortholog_one2one
LOC4812183,CG13287,FBgn0035643,1,ortholog_one2one
LOC26532842,CG5245,FBgn0038047,0,ortholog_one2many
LOC4801821,Smvt,FBgn0039873,1,ortholog_one2one
LOC4802873,sra,FBgn0086370,1,ortholog_one2one
LOC6901223,CG32563,FBgn0052563,1,ortholog_one2one
LOC6897496,osy,FBgn0053970,1,ortholog_one2one
LOC6897573,CG10550,FBgn0039321,1,ortholog_one2one
LOC4804736,Cpr47Ed,FBgn0033601,1,ortholog_one2one
LOC6897227,CG33721,FBgn0053721,1,ortholog_one2one
LOC4802179,Ald2,FBgn0039425,1,ortholog_one2one
LOC4812912,CG14989,FBgn0035495,1,ortholog_one2one
LOC4804702,Eps-15,FBgn0035060,1,ortholog_one2one
LOC4815281,Cyp28c1,FBgn0030339,1,ortholog_one2one
LOC4801657,Apc,FBgn0015589,0,ortholog_one2one
LOC4813036,Rgl,FBgn0026376,1,ortholog_one2one
LOC4813721,CG12025,FBgn0035285,1,ortholog_one2one
LOC6898093,CheB42a,FBgn0053348,1,ortholog_one2one
LOC4803330,CG10465,FBgn0033017,1,ortholog_one2one
LOC6901405,ebo,FBgn0266572,1,ortholog_one2one
LOC4817789,prd,FBgn0003145,1,ortholog_one2one
LOC4801212,beat-IIb,FBgn0038494,1,ortholog_one2one
LOC4801071,UQCR-C1,FBgn0038271,1,ortholog_one2one
LOC4801980,Tbca,FBgn0039869,1,ortholog_one2one
LOC4803238,CG14282,FBgn0038685,1,ortholog_one2one
LOC6897478,Pp1alpha-96A,FBgn0003134,1,ortholog_one2one
LOC6897919,CG42404,FBgn0259823,1,ortholog_one2one
LOC6903137,c-cup,FBgn0031367,1,ortholog_one2one
LOC6899518,stac,FBgn0266719,0,ortholog_one2one
LOC4818085,Dnz1,FBgn0027453,1,ortholog_one2one
LOC4811877,Gem2,FBgn0036850,1,ortholog_one2one
LOC4817948,CG31908,FBgn0051908,1,ortholog_one2one
LOC26533099,FucTB,FBgn0032117,1,ortholog_one2many
LOC4804559,Jra,FBgn0001291,1,ortholog_one2one
LOC4817230,CG16854,FBgn0032338,1,ortholog_one2one
LOC4800816,GstD11,FBgn0038029,1,ortholog_one2one
LOC4815571,CG16756,FBgn0029765,1,ortholog_one2one
LOC4803062,Rh3,FBgn0003249,1,ortholog_one2one
LOC4800640,Esp,FBgn0013953,0,ortholog_one2one
LOC4804032,CG14762,FBgn0033250,1,ortholog_one2one
LOC4804632,Obp57c,FBgn0034509,1,ortholog_one2one
LOC4817146,Dbp21E2,FBgn0086130,1,ortholog_one2one
LOC4812456,CG12607,FBgn0035545,1,ortholog_one2one
LOC4804585,GstE13,FBgn0033381,1,ortholog_one2one
LOC4801208,Brf,FBgn0038499,1,ortholog_one2one
LOC6900687,CG34238,FBgn0085267,1,ortholog_one2one
LOC4812580,CG11425,FBgn0037167,1,ortholog_one2one
LOC4801053,tws,FBgn0004889,0,ortholog_one2one
LOC6903069,CG34163,FBgn0085192,1,ortholog_one2one
LOC6896717,Rpp14a,FBgn0085346,1,ortholog_one2one
LOC4815698,Ns3,FBgn0266284,1,ortholog_one2one
LOC4803665,garz,FBgn0264560,1,ortholog_one2one
LOC4812263,Acat2,FBgn0035203,1,ortholog_one2one
LOC6897170,MED27,FBgn0037359,1,ortholog_one2one
LOC4803247,CG5217,FBgn0038694,1,ortholog_one2one
LOC6900883,CG34461,FBgn0250833,1,ortholog_one2one
LOC6902685,CG12679,FBgn0031103,0,ortholog_one2one
LOC4802248,rtet,FBgn0028468,1,ortholog_one2one
LOC4816399,CG9928,FBgn0032472,1,ortholog_one2one
LOC4815233,Lst8,FBgn0264691,0,ortholog_one2one
LOC4815954,CG13008,FBgn0030780,1,ortholog_one2one
LOC4805242,Grx1t,FBgn0034658,1,ortholog_one2one
LOC6901174,CG17162,FBgn0039944,1,ortholog_one2one
LOC4813717,BHD,FBgn0261111,1,ortholog_one2many
LOC4804028,Hey,FBgn0027788,1,ortholog_one2one
LOC6900723,ssp6,FBgn0035676,1,ortholog_one2one
LOC4803310,AOX2,FBgn0038348,1,ortholog_one2one
LOC4804023,CG8726,FBgn0033244,1,ortholog_one2one
LOC4814657,t,FBgn0086367,1,ortholog_one2many
LOC4818195,CG9259,FBgn0032913,1,ortholog_one2one
LOC4815390,Grip,FBgn0029830,1,ortholog_one2one
LOC4815099,CG11674,FBgn0030551,1,ortholog_one2one
LOC4803606,Mal-A3,FBgn0002571,1,ortholog_one2one
LOC6900175,dikar,FBgn0261934,1,ortholog_one2one
LOC6898052,Fs,FBgn0259878,1,ortholog_one2one
LOC117183909,CG31848,FBgn0051848,1,ortholog_one2many
LOC4813750,CG11109,FBgn0037200,1,ortholog_one2one
LOC6897015,CG6254,FBgn0037794,1,ortholog_one2one
LOC4814062,CG16984,FBgn0062517,1,ortholog_one2one
LOC26532286,pre-mod(mdg4)-AD,FBgn0261841,1,ortholog_one2one
LOC4814628,hop,FBgn0004864,1,ortholog_one2one
LOC6900598,CG11560,FBgn0036249,1,ortholog_one2one
LOC6900257,CG14096,FBgn0036871,0,ortholog_many2many
LOC6900257,CG18294,FBgn0036873,1,ortholog_many2many
LOC4802582,CG18547,FBgn0037973,1,ortholog_one2one
LOC4817679,CG5131,FBgn0032644,1,ortholog_one2one
LOC6902783,ppk11,FBgn0065109,1,ortholog_one2many
LOC4813251,CG7460,FBgn0036749,1,ortholog_one2one
LOC6902197,CG32572,FBgn0052572,0,ortholog_one2one
LOC6898267,Shrm,FBgn0085408,0,ortholog_one2one
LOC4812799,Plp,FBgn0086690,1,ortholog_one2one
LOC4815462,CG42258,FBgn0259143,1,ortholog_one2one
LOC4813074,CG6931,FBgn0036236,1,ortholog_one2one
LOC6897136,f-cup,FBgn0028487,1,ortholog_one2one
LOC4812413,Pgm1,FBgn0003076,1,ortholog_one2one
LOC4814408,CG14635,FBgn0029535,1,ortholog_one2one
LOC4817765,CG4497,FBgn0031895,1,ortholog_one2one
LOC4812333,msd5,FBgn0035210,1,ortholog_one2one
LOC4800610,Dph5,FBgn0024558,1,ortholog_one2one
LOC26533060,CG45122,FBgn0266615,1,ortholog_one2one
LOC4816529,CG17036,FBgn0032449,1,ortholog_one2many
LOC4817601,CG4577,FBgn0031306,1,ortholog_one2one
LOC4800427,CG6980,FBgn0039228,1,ortholog_one2one
LOC4811643,CG40228,FBgn0063670,0,ortholog_one2one
LOC4813010,alphaSnap,FBgn0250791,1,ortholog_one2one
LOC6903998,fzy,FBgn0001086,0,ortholog_one2many
LOC4804492,CG13551,FBgn0040660,1,ortholog_one2one
LOC4800858,Idi,FBgn0038876,1,ortholog_one2one
LOC4803323,Esyt2,FBgn0266758,1,ortholog_one2one
LOC4800330,CG31008,FBgn0051008,1,ortholog_one2one
LOC4816070,CG9676,FBgn0030773,1,ortholog_one2many
LOC4816070,CG32523,FBgn0052523,0,ortholog_one2many
LOC117185619,His4:CG33885,FBgn0053885,1,ortholog_one2one
LOC4802165,CG6432,FBgn0039184,1,ortholog_one2one
LOC4815746,Proc-R,FBgn0029723,1,ortholog_one2one
LOC117184453,CG16989,FBgn0025621,1,ortholog_one2many
LOC4817431,CG13950,FBgn0031289,1,ortholog_one2one
LOC4804451,lectin-46Cb,FBgn0040092,0,ortholog_one2one
LOC4802507,Jhbp3,FBgn0037288,1,ortholog_one2one
LOC4804720,CG30008,FBgn0050008,1,ortholog_one2one
LOC4813869,Gorab,FBgn0053052,1,ortholog_one2one
LOC4816913,CG11885,FBgn0031253,1,ortholog_one2one
LOC4817481,Ptpa,FBgn0016698,1,ortholog_one2one
LOC4801397,CG31157,FBgn0051157,1,ortholog_one2one
LOC6899946,LysP,FBgn0004429,1,ortholog_one2one
LOC4801623,CG9649,FBgn0038211,1,ortholog_one2one
LOC4814899,CG12116,FBgn0030041,1,ortholog_one2one
LOC4812855,CG14573,FBgn0037125,1,ortholog_one2one
LOC4811794,RpS3A,FBgn0017545,1,ortholog_one2one
LOC4801468,CG7084,FBgn0038938,1,ortholog_one2one
LOC4812810,CG14826,FBgn0035750,1,ortholog_one2one
LOC4803224,MED7,FBgn0051390,1,ortholog_one2many
LOC6897763,CG11052,FBgn0040524,1,ortholog_one2one
LOC4814338,Rtel1,FBgn0029798,1,ortholog_one2one
LOC4800769,Fmr1,FBgn0028734,1,ortholog_one2one
LOC4814374,MAPk-Ak2,FBgn0013987,1,ortholog_one2one
LOC4805286,Egfr,FBgn0003731,1,ortholog_one2one
LOC6903564,LanB1,FBgn0261800,0,ortholog_one2one
LOC4803861,CG9826,FBgn0034784,1,ortholog_one2one
LOC4801198,cysu,FBgn0038511,0,ortholog_one2one
LOC4815620,Abca3,FBgn0031170,1,ortholog_one2one
LOC4814135,Sbp2,FBgn0087039,1,ortholog_one2one
LOC4813940,ImpE1,FBgn0001253,1,ortholog_one2one
LOC4805662,CG8314,FBgn0034057,1,ortholog_one2one
LOC6897572,CG31370,FBgn0051370,0,ortholog_one2many
LOC6897572,CG13659,FBgn0039319,0,ortholog_one2many
LOC6900166,Galphaf,FBgn0010223,1,ortholog_one2one
LOC4813158,meru,FBgn0052150,1,ortholog_one2one
LOC6903024,Samuel,FBgn0032330,1,ortholog_one2one
LOC4815484,pod1,FBgn0029903,1,ortholog_one2one
LOC6900150,Zcchc7,FBgn0036668,1,ortholog_one2one
LOC6900734,iPLA2-VIA,FBgn0036053,0,ortholog_one2one
LOC4812432,Nplp3,FBgn0042201,1,ortholog_one2one
LOC4813843,CG7407,FBgn0037134,1,ortholog_one2one
LOC4803273,Vha13,FBgn0283536,1,ortholog_one2one
LOC6898349,DptA,FBgn0004240,1,ortholog_one2many
LOC4804926,p47,FBgn0033179,1,ortholog_one2one
LOC4800352,Vps16A,FBgn0285911,1,ortholog_one2one
LOC4803805,CG8060,FBgn0034113,1,ortholog_one2one
LOC4802263,zen2,FBgn0004054,0,ortholog_one2one
LOC4801644,Cyp6d5,FBgn0038194,1,ortholog_one2one
LOC4802265,Ccp84Ad,FBgn0004780,1,ortholog_one2one
LOC4812638,Chd64,FBgn0035499,1,ortholog_one2one
LOC4812293,CG9706,FBgn0036662,1,ortholog_one2one
LOC6899913,CG33771,FBgn0053771,1,ortholog_one2one
LOC4813023,CG14974,FBgn0040694,1,ortholog_one2one
LOC4803306,CG31296,FBgn0051296,0,ortholog_one2many
LOC4814099,CG16986,FBgn0035356,1,ortholog_one2one
LOC4802835,prd1,FBgn0037949,1,ortholog_one2one
LOC4814998,ttm50,FBgn0250874,1,ortholog_one2one
LOC4803761,Gyg,FBgn0265191,1,ortholog_one2one
LOC6898433,CG42518,FBgn0260392,1,ortholog_one2one
LOC4803715,CG3124,FBgn0034840,1,ortholog_one2one
LOC4803933,NT5E-2,FBgn0050104,1,ortholog_one2one
LOC4800261,Capa,FBgn0039722,1,ortholog_one2one
LOC4804152,EMRE,FBgn0062440,1,ortholog_one2one
LOC4805212,Liprin-gamma,FBgn0034720,1,ortholog_one2one
LOC4804151,pAbp,FBgn0265297,1,ortholog_one2one
LOC4814127,Psa,FBgn0261243,0,ortholog_one2one
LOC6899792,SkpE,FBgn0031074,0,ortholog_many2many
LOC6899792,SkpD,FBgn0026174,0,ortholog_many2many
LOC6899792,SkpA,FBgn0025637,1,ortholog_many2many
LOC6899792,SkpC,FBgn0026175,0,ortholog_many2many
LOC4811789,RpL10,FBgn0024733,0,ortholog_one2one
LOC4812067,Gtpx,FBgn0035438,1,ortholog_one2one
LOC4804949,CG15905,FBgn0034462,1,ortholog_one2one
LOC4804920,didum,FBgn0261397,1,ortholog_one2one
LOC4815029,UQCR-14,FBgn0030733,1,ortholog_one2many
LOC4815029,UQCR-14L,FBgn0039576,0,ortholog_one2many
LOC6902152,Tim9a,FBgn0030480,1,ortholog_one2many
LOC6898243,CG32081,FBgn0052081,0,ortholog_one2many
LOC4805025,san,FBgn0024188,0,ortholog_one2one
LOC4801401,CG11668,FBgn0038113,1,ortholog_one2one
LOC4801765,Root,FBgn0039152,1,ortholog_one2one
LOC4804668,Sema1b,FBgn0016059,1,ortholog_one2one
LOC4801538,Atpalpha,FBgn0002921,1,ortholog_one2one
LOC6900595,CG17154,FBgn0036246,1,ortholog_one2one
LOC4816961,Catsup,FBgn0002022,1,ortholog_one2one
LOC13036540,CG14687,FBgn0037835,1,ortholog_one2one
LOC4812081,CG15876,FBgn0035569,1,ortholog_one2one
LOC4803254,CG18493,FBgn0038701,1,ortholog_one2one
LOC4816297,Ctu2,FBgn0032793,1,ortholog_one2one
LOC4800706,Aduk,FBgn0037679,1,ortholog_one2one
LOC6898898,CG14644,FBgn0250821,0,ortholog_one2one
LOC4813290,CalpB,FBgn0025866,1,ortholog_one2one
LOC4812126,CG7465,FBgn0035551,1,ortholog_one2one
LOC4804990,aPKC,FBgn0261854,1,ortholog_one2one
LOC4813072,RhoGAP71E,FBgn0036518,1,ortholog_one2one
LOC4801836,euc,FBgn0038665,1,ortholog_one2one
LOC13036328,CG42823,FBgn0262005,1,ortholog_one2many
LOC6898633,CG34227,FBgn0085256,1,ortholog_one2one
LOC4804176,CG6426,FBgn0034162,1,ortholog_one2one
LOC4814128,Atg18a,FBgn0035850,1,ortholog_one2one
LOC4801973,kuk,FBgn0038476,0,ortholog_one2one
LOC4811961,Ctr9,FBgn0035205,1,ortholog_one2one
LOC6900605,CG32081,FBgn0052081,1,ortholog_one2many
LOC4813937,GAPcenA,FBgn0035879,1,ortholog_one2one
LOC4804256,CG10073,FBgn0034440,1,ortholog_one2many
LOC6901351,Uch-L5R,FBgn0030370,0,ortholog_one2one
LOC4816823,spz4,FBgn0032362,1,ortholog_one2one
LOC4814634,rictor,FBgn0031006,1,ortholog_one2one
LOC4814503,Gas8,FBgn0029667,1,ortholog_one2one
LOC4813835,SMSr,FBgn0052380,1,ortholog_one2one
LOC4813558,Atg1,FBgn0260945,0,ortholog_one2one
LOC6900842,CG42263,FBgn0259148,1,ortholog_one2one
LOC4800363,CycB3,FBgn0015625,1,ortholog_one2many
LOC4817732,CG14947,FBgn0032406,1,ortholog_one2one
LOC6898120,CG44247,FBgn0265182,1,ortholog_one2one
LOC4800708,CG8861,FBgn0037676,1,ortholog_one2one
LOC6897156,C15,FBgn0004863,1,ortholog_one2one
LOC4813815,CG32069,FBgn0052069,1,ortholog_one2one
LOC6903258,CG5245,FBgn0038047,0,ortholog_one2many
LOC6898230,CG30098,FBgn0050098,0,ortholog_one2many
LOC6896899,dgt1,FBgn0039710,0,ortholog_one2many
LOC4815713,Obp19b,FBgn0031110,1,ortholog_one2one
LOC4817114,Fkbp59,FBgn0029174,1,ortholog_one2one
LOC6901691,CG18130,FBgn0030359,1,ortholog_one2one
LOC4812776,Ndfip,FBgn0052177,1,ortholog_one2one
LOC6904061,Kif3C,FBgn0039925,0,ortholog_one2one
LOC6898756,tea,FBgn0285892,0,ortholog_one2many
LOC6901022,CG32548,FBgn0052548,1,ortholog_one2one
LOC26532615,CG7768,FBgn0036415,1,ortholog_one2one
LOC4802373,CG14712,FBgn0037924,1,ortholog_one2one
LOC6901910,RhoGAPp190,FBgn0026375,1,ortholog_one2one
LOC4816313,CG15480,FBgn0032489,1,ortholog_one2one
LOC6897570,CG10562,FBgn0039326,1,ortholog_many2many
LOC6897570,CHKov1,FBgn0045761,1,ortholog_many2many
LOC4801825,Octalpha2R,FBgn0038653,1,ortholog_one2one
LOC4803781,DAT,FBgn0034136,1,ortholog_one2one
LOC4804771,CG8172,FBgn0033362,1,ortholog_one2one
LOC6898582,CG15706,FBgn0034093,1,ortholog_one2one
LOC6902768,Cpr31A,FBgn0053302,1,ortholog_one2one
LOC6902967,CG16704,FBgn0031558,1,ortholog_one2many
LOC4816526,CAH1,FBgn0027844,1,ortholog_one2one
LOC4801351,Arp1,FBgn0011745,1,ortholog_one2one
LOC4813695,Spn,FBgn0010905,1,ortholog_one2one
LOC6901076,Stt3A,FBgn0031149,1,ortholog_one2one
LOC4817848,CG3625,FBgn0031245,1,ortholog_one2one
LOC4804765,nemy,FBgn0261673,1,ortholog_one2one
LOC4804565,CG13747,FBgn0033364,1,ortholog_one2one
LOC4813161,CG13449,FBgn0036520,1,ortholog_one2one
LOC4804616,gsb,FBgn0001148,1,ortholog_one2one
LOC6900374,Dnaaf6,FBgn0036437,1,ortholog_one2one
LOC4811848,Rnf11,FBgn0052850,1,ortholog_one2one
LOC4801961,ND-42,FBgn0019957,1,ortholog_one2one
LOC4813796,AcCoAS,FBgn0012034,1,ortholog_one2one
LOC4817603,l(2)10685,FBgn0283525,1,ortholog_one2one
LOC4817250,Boh2,FBgn0032354,1,ortholog_one2one
LOC4803727,Gr59c,FBgn0041235,1,ortholog_one2one
LOC6903545,CG42820,FBgn0262002,1,ortholog_one2one
LOC6901930,CG9072,FBgn0030614,0,ortholog_one2many
LOC4814025,bol,FBgn0011206,1,ortholog_one2one
LOC4814038,Doc2,FBgn0035956,1,ortholog_one2one
LOC6899356,CG17883,FBgn0040005,0,ortholog_one2one
LOC4812911,Apt1,FBgn0042138,1,ortholog_one2one
LOC4814154,Bulli,FBgn0035703,1,ortholog_one2one
LOC4814599,mei-218,FBgn0002709,0,ortholog_one2one
LOC4804899,CG17985,FBgn0033199,1,ortholog_one2one
LOC4813701,CG1927,FBgn0027547,1,ortholog_one2one
LOC117185047,t,FBgn0086367,1,ortholog_one2many
LOC4815153,sisA,FBgn0003411,1,ortholog_one2one
LOC4805198,vg,FBgn0003975,0,ortholog_one2one
LOC4804904,CG1360,FBgn0033195,1,ortholog_one2one
LOC4804268,Cpr49Aa,FBgn0050045,1,ortholog_one2one
LOC6896813,CG33454,FBgn0053454,0,ortholog_one2many
LOC6896813,CG33453,FBgn0053453,0,ortholog_one2many
LOC4814927,Ost48,FBgn0014868,1,ortholog_one2one
LOC4816851,CG4658,FBgn0032170,1,ortholog_one2one
LOC4802545,nsl1,FBgn0262527,1,ortholog_one2one
LOC4802845,Fer3,FBgn0037937,1,ortholog_one2one
LOC6901645,GstT3,FBgn0031117,1,ortholog_one2one
LOC4816209,Rca1,FBgn0017551,1,ortholog_one2one
LOC4816312,CG16813,FBgn0032490,1,ortholog_one2one
LOC4801643,CG3061,FBgn0038195,1,ortholog_one2one
LOC4818099,Rchy1,FBgn0031816,1,ortholog_one2one
LOC4816950,Bhmt,FBgn0032727,1,ortholog_one2one
LOC4813975,Ide,FBgn0001247,1,ortholog_one2one
LOC4802252,CG1965,FBgn0037466,1,ortholog_one2one
LOC6897987,CG6231,FBgn0038720,1,ortholog_one2one
LOC117183332,CG14695,FBgn0037850,0,ortholog_one2many
LOC4803355,CG8155,FBgn0034009,1,ortholog_one2one
LOC4802455,bocks,FBgn0037719,1,ortholog_one2one
LOC4811693,Phb1,FBgn0002031,1,ortholog_one2one
LOC4813522,Gr64d,FBgn0035486,1,ortholog_one2one
LOC6903061,Cyp4ac1,FBgn0031693,1,ortholog_one2many
LOC6903061,Cyp4ac3,FBgn0031695,1,ortholog_one2many
LOC4812973,mrn,FBgn0261109,1,ortholog_one2one
LOC4813887,CG14115,FBgn0036343,1,ortholog_one2one
LOC4815782,Ptp10D,FBgn0004370,0,ortholog_one2one
LOC4803629,Nrk,FBgn0020391,0,ortholog_one2one
LOC4805454,ITP,FBgn0035023,1,ortholog_one2one
LOC4802929,CG10055,FBgn0037482,1,ortholog_one2one
LOC4803493,Dhx15,FBgn0033160,1,ortholog_one2one
LOC4812504,Alg2,FBgn0035401,1,ortholog_one2one
LOC4818124,CG18507,FBgn0028527,1,ortholog_one2one
LOC4800348,CG1542,FBgn0039828,1,ortholog_one2one
LOC4817474,bowl,FBgn0004893,1,ortholog_one2one
LOC4803260,CG3517,FBgn0038706,1,ortholog_one2one
LOC6902615,barr,FBgn0014127,0,ortholog_one2many
LOC4815142,CG44325,FBgn0265413,1,ortholog_one2one
LOC6900400,Pura,FBgn0035802,1,ortholog_one2one
LOC4801783,Apc2,FBgn0026598,1,ortholog_one2one
LOC4813699,CG7365,FBgn0036939,1,ortholog_one2one
LOC6901476,nocte,FBgn0261710,1,ortholog_one2one
LOC4813417,CG9592,FBgn0036426,1,ortholog_one2one
LOC4804809,GstE5,FBgn0063495,1,ortholog_one2one
LOC4803046,Vps33B,FBgn0039335,1,ortholog_one2one
LOC4814361,mus81,FBgn0040347,1,ortholog_one2one
LOC4802278,sunz,FBgn0037462,1,ortholog_one2one
LOC4803389,CG5539,FBgn0034907,1,ortholog_one2one
LOC6901945,CG42264,FBgn0259149,1,ortholog_one2one
LOC4801496,CG8526,FBgn0037759,1,ortholog_one2one
LOC4816193,cort,FBgn0000351,1,ortholog_one2one
LOC4801124,Gr97a,FBgn0041224,1,ortholog_one2one
LOC6900184,armi,FBgn0041164,0,ortholog_one2many
LOC4804018,CG2906,FBgn0033240,1,ortholog_one2one
LOC4812713,CG6576,FBgn0035924,0,ortholog_one2one
LOC4816387,CG31820,FBgn0051820,1,ortholog_one2one
LOC6899947,LysX,FBgn0004431,0,ortholog_one2one
LOC4804145,otk2,FBgn0267728,1,ortholog_one2one
LOC4816349,Taf13,FBgn0032847,0,ortholog_one2one
LOC4812538,CG4962,FBgn0036597,1,ortholog_one2one
LOC26533497,mt:CoI,FBgn0013674,0,ortholog_one2many
LOC117184192,CG31922,FBgn0051922,1,ortholog_one2many
LOC4814445,CG9411,FBgn0030569,1,ortholog_one2one
LOC4801116,CycG,FBgn0039858,1,ortholog_one2one
LOC4802292,gpp,FBgn0264495,1,ortholog_one2one
LOC4816241,slam,FBgn0043854,1,ortholog_one2one
LOC4811746,mRpS30,FBgn0030692,0,ortholog_one2one
LOC4804317,Mlp60A,FBgn0259209,1,ortholog_one2one
LOC4816470,CG12617,FBgn0040996,1,ortholog_one2one
LOC6903898,krimp,FBgn0034098,0,ortholog_one2one
LOC4802570,Mat89Ba,FBgn0261286,1,ortholog_one2one
LOC4802552,CG14881,FBgn0038425,1,ortholog_one2one
LOC4805037,AIMP1,FBgn0033351,1,ortholog_one2one
LOC6898653,BomBc1,FBgn0034328,1,ortholog_one2one
LOC4817759,Plzf,FBgn0032401,1,ortholog_one2one
LOC4801702,CG7352,FBgn0037581,1,ortholog_one2one
LOC4801590,CG9667,FBgn0037550,1,ortholog_one2one
LOC4815596,Idh3a,FBgn0027291,1,ortholog_one2one
LOC4802812,cDIP,FBgn0038865,1,ortholog_one2one
LOC4803222,TfIIFbeta,FBgn0010421,1,ortholog_one2one
LOC4817352,CG17996,FBgn0032595,1,ortholog_one2one
LOC4813969,trbl,FBgn0028978,1,ortholog_one2one
LOC4816281,beat-Ia,FBgn0013433,0,ortholog_one2one
LOC4815928,mRpL22,FBgn0030786,1,ortholog_one2one
LOC26532948,Prosalpha6,FBgn0250843,0,ortholog_one2many
LOC4816653,neb,FBgn0004374,1,ortholog_one2one
LOC4813691,Msh6,FBgn0036486,1,ortholog_one2one
LOC4817063,Su(var)205,FBgn0003607,1,ortholog_one2one
LOC4804247,NiPp1,FBgn0026402,1,ortholog_one2one
LOC4818051,ifc,FBgn0001941,1,ortholog_one2one
LOC6898585,CG33137,FBgn0053137,1,ortholog_one2one
LOC6898520,sut4,FBgn0028560,1,ortholog_one2many
LOC6900859,CG15879,FBgn0035309,1,ortholog_one2many
LOC6900859,CG5704,FBgn0026570,1,ortholog_one2many
LOC6900859,CG15820,FBgn0035312,1,ortholog_one2many
LOC4802421,CG5079,FBgn0039346,1,ortholog_one2one
LOC6898353,CG15107,FBgn0041702,1,ortholog_one2one
LOC4802514,CG14658,FBgn0037283,1,ortholog_one2one
LOC26532731,AGO2,FBgn0087035,0,ortholog_one2many
LOC4813533,CG7650,FBgn0036519,1,ortholog_one2one
LOC4802890,Jhbp5,FBgn0038395,1,ortholog_one2one
LOC4817511,CG17646,FBgn0264494,1,ortholog_one2one
LOC4802126,CG31115,FBgn0051115,1,ortholog_one2one
LOC4813032,Cyp12c1,FBgn0036806,1,ortholog_one2one
LOC4804805,GstE11,FBgn0034354,1,ortholog_one2one
LOC4812871,CG5653,FBgn0035943,0,ortholog_one2one
LOC4802019,CG10445,FBgn0037531,1,ortholog_one2one
LOC6897400,pit,FBgn0266581,0,ortholog_one2one
LOC6901192,CG14931,FBgn0032374,0,ortholog_one2many
LOC4817261,IFT46,FBgn0032692,0,ortholog_one2one
LOC4816486,Lrr47,FBgn0010398,1,ortholog_one2one
LOC4804539,retn,FBgn0004795,1,ortholog_one2one
LOC6903319,Utx,FBgn0260749,0,ortholog_one2one
LOC4801192,l(3)07882,FBgn0010926,1,ortholog_one2one
LOC26532250,Gr47b,FBgn0041241,0,ortholog_one2many
LOC6900015,CG13048,FBgn0036593,1,ortholog_one2one
LOC4801568,Lsd-1,FBgn0039114,1,ortholog_one2one
LOC4816093,ppk23,FBgn0030844,0,ortholog_one2one
LOC4816408,CG31870,FBgn0051870,1,ortholog_one2one
LOC4805406,CG13193,FBgn0033650,1,ortholog_one2one
LOC6898131,Acp62F,FBgn0020509,0,ortholog_one2many
LOC6898131,CG33259,FBgn0036495,0,ortholog_one2many
LOC4801202,CG5863,FBgn0038507,1,ortholog_one2one
LOC4815616,Nrd1,FBgn0030344,0,ortholog_one2many
LOC4802602,eIF3d2,FBgn0037994,1,ortholog_one2one
LOC4803516,Upf3,FBgn0034923,1,ortholog_one2one
LOC4816469,CG31798,FBgn0051798,1,ortholog_one2one
LOC4802525,atms,FBgn0010750,1,ortholog_one2one
LOC4817897,Tsp26A,FBgn0031760,0,ortholog_one2one
LOC6903222,Poc1,FBgn0036354,0,ortholog_many2many
LOC6903222,CG12608,FBgn0030630,0,ortholog_many2many
LOC26533614,p120ctn,FBgn0260799,0,ortholog_one2many
LOC4813719,CG7484,FBgn0036745,1,ortholog_one2one
LOC6904114,CG17230,FBgn0046225,1,ortholog_one2one
LOC6902056,Rpn13R,FBgn0029745,1,ortholog_one2one
LOC4814730,Pa1,FBgn0287454,1,ortholog_one2one
LOC4801000,IntS11,FBgn0039691,1,ortholog_one2one
LOC4802856,Nup93-2,FBgn0038274,0,ortholog_one2many
LOC6898809,CG6220,FBgn0033865,0,ortholog_one2one
LOC4803149,CG17726,FBgn0037880,1,ortholog_one2one
LOC4804089,Cdc2rk,FBgn0013435,1,ortholog_one2one
LOC4802053,CG1239,FBgn0037368,1,ortholog_one2one
LOC4812878,smid,FBgn0016983,1,ortholog_one2one
LOC4813307,Gad1,FBgn0004516,1,ortholog_one2one
LOC4801032,Bruce,FBgn0266717,1,ortholog_one2one
LOC6897971,Nnk,FBgn0038549,0,ortholog_one2one
LOC4815225,Tpst,FBgn0086674,1,ortholog_one2one
LOC6902176,Mybbp1A,FBgn0001341,0,ortholog_one2one
LOC4800746,ball,FBgn0027889,1,ortholog_one2one
LOC4801606,wat,FBgn0039620,1,ortholog_one2one
LOC4817619,CG5139,FBgn0031323,1,ortholog_one2one
LOC6897149,beat-VII,FBgn0250908,1,ortholog_one2one
LOC4802961,alpha-Est4,FBgn0015572,1,ortholog_many2many
LOC4802961,alpha-Est1,FBgn0015568,1,ortholog_many2many
LOC4802961,alpha-Est3,FBgn0015571,0,ortholog_many2many
LOC26533910,CG34213,FBgn0085242,1,ortholog_one2one
LOC4814701,CG7423,FBgn0030982,1,ortholog_one2one
LOC4816884,RpL13,FBgn0011272,1,ortholog_one2one
LOC13036467,CG33483,FBgn0053483,1,ortholog_one2many
LOC4811699,Polr1D,FBgn0086447,1,ortholog_one2one
LOC4815011,RpL22,FBgn0015288,0,ortholog_one2one
LOC4816067,Gip,FBgn0011770,0,ortholog_one2one
LOC6896755,puf,FBgn0039214,1,ortholog_one2one
LOC4812978,crim,FBgn0036198,1,ortholog_one2one
LOC6898846,CG34029,FBgn0054029,1,ortholog_one2one
LOC4805168,S-Lap5,FBgn0033860,1,ortholog_one2many
LOC4805102,lambdaTry,FBgn0043470,1,ortholog_one2one
LOC4801447,koko,FBgn0264816,1,ortholog_one2one
LOC4802580,Tango9,FBgn0260744,1,ortholog_one2one
LOC6901124,CG15892,FBgn0029859,1,ortholog_one2one
LOC4800859,CG3308,FBgn0038877,1,ortholog_one2one
LOC4817870,H2.0,FBgn0001170,1,ortholog_one2one
LOC4817775,crp,FBgn0001994,1,ortholog_one2one
LOC4804868,CG8187,FBgn0034027,1,ortholog_one2one
LOC4814067,BORCS6,FBgn0035140,1,ortholog_one2one
LOC4800318,CG15545,FBgn0039806,1,ortholog_one2one
LOC4803465,Tsp42Ek,FBgn0033133,1,ortholog_one2one
LOC4804919,mEFTu2,FBgn0033184,1,ortholog_one2one
LOC6899981,mri,FBgn0035107,1,ortholog_one2one
LOC4802296,CG1024,FBgn0027514,1,ortholog_one2one
LOC4815449,Upf2,FBgn0029992,1,ortholog_one2one
LOC4815770,AMPKalpha,FBgn0023169,1,ortholog_one2one
LOC4817349,mxt,FBgn0031637,1,ortholog_one2one
LOC4803792,jtb,FBgn0034126,1,ortholog_one2one
LOC4803534,Dera,FBgn0033735,1,ortholog_one2one
LOC4815150,Cp36,FBgn0000359,1,ortholog_one2one
LOC6898130,CG14757,FBgn0033274,1,ortholog_one2one
LOC6900862,CG15399,FBgn0031460,0,ortholog_one2many
LOC6896930,Unc-115a,FBgn0051352,1,ortholog_one2many
LOC6896930,Unc-115b,FBgn0260463,0,ortholog_one2many
LOC4814001,Atg2,FBgn0044452,1,ortholog_one2one
LOC4817649,Irk3,FBgn0032706,1,ortholog_one2one
LOC6899862,unc-13,FBgn0025726,1,ortholog_one2one
LOC6899943,CG9133,FBgn0035198,1,ortholog_one2one
LOC4817900,MME1,FBgn0031881,1,ortholog_one2one
LOC26532128,AGO2,FBgn0087035,0,ortholog_one2many
LOC4813016,CG7970,FBgn0035252,1,ortholog_one2one
LOC4802290,Zif,FBgn0037446,1,ortholog_one2one
LOC4801598,CG11837,FBgn0039627,1,ortholog_one2one
LOC4813526,Pex3,FBgn0036484,1,ortholog_one2one
LOC4805497,EMC8-9,FBgn0034791,1,ortholog_one2one
LOC4811861,Gbeta76C,FBgn0004623,1,ortholog_one2one
LOC6900060,CG34266,FBgn0085295,1,ortholog_one2one
LOC4803683,Cyp6g1,FBgn0025454,1,ortholog_one2one
LOC4800316,tll,FBgn0003720,1,ortholog_one2one
LOC6898287,CG34228,FBgn0085257,1,ortholog_one2one
LOC26532068,CG43647,FBgn0263656,1,ortholog_one2one
LOC4800828,pps,FBgn0082831,1,ortholog_one2one
LOC4813429,CG32264,FBgn0052264,1,ortholog_one2one
LOC4804447,mRpS28,FBgn0034361,1,ortholog_one2one
LOC4814814,Dok,FBgn0029944,1,ortholog_one2one
LOC4817805,Art2,FBgn0031592,1,ortholog_one2one
LOC4816200,scw,FBgn0005590,1,ortholog_one2one
LOC6901978,Hr4,FBgn0264562,1,ortholog_one2one
LOC4804136,CG12107,FBgn0033209,1,ortholog_one2one
LOC4815888,Sas10,FBgn0029755,1,ortholog_one2one
LOC4814942,Nep1,FBgn0029843,1,ortholog_one2one
LOC6898477,Dso1,FBgn0040653,1,ortholog_one2one
LOC4804715,Mef2,FBgn0011656,1,ortholog_one2one
LOC4817074,cutlet,FBgn0015376,1,ortholog_one2one
LOC4802454,CG8312,FBgn0037720,1,ortholog_one2one
LOC6899487,AGO2,FBgn0087035,0,ortholog_one2many
LOC4811740,SCAR,FBgn0041781,1,ortholog_one2one
LOC4803196,Dtd,FBgn0037898,1,ortholog_one2one
LOC4803102,MRG15,FBgn0027378,1,ortholog_one2one
LOC4804079,Pka-R2,FBgn0022382,0,ortholog_one2one
LOC4804532,angel,FBgn0016762,1,ortholog_one2one
LOC6896892,mey,FBgn0039851,1,ortholog_one2one
LOC6898249,CG6262,FBgn0034121,1,ortholog_one2one
LOC6901856,CG17636,FBgn0025837,0,ortholog_one2one
LOC6903321,CG5056,FBgn0032231,0,ortholog_one2one
LOC6898665,Or42a,FBgn0033041,0,ortholog_one2many
LOC4804818,Lamtor2,FBgn0034350,1,ortholog_one2one
LOC4817835,CG11562,FBgn0031247,1,ortholog_one2one
LOC4801067,CG3631,FBgn0038268,1,ortholog_one2one
LOC4815534,Nmdar2,FBgn0053513,1,ortholog_one2one
LOC117184736,ppk20,FBgn0039676,1,ortholog_one2many
LOC4811979,CG4998,FBgn0036612,1,ortholog_one2one
LOC4803835,CG4250,FBgn0034761,1,ortholog_one2one
LOC4814581,f,FBgn0262111,0,ortholog_one2one
LOC4802163,CG6454,FBgn0039187,1,ortholog_one2one
LOC4816314,Mtr4,FBgn0001986,1,ortholog_one2one
LOC4817478,CG3597,FBgn0031417,1,ortholog_one2one
LOC117183749,PIG-N,FBgn0033479,1,ortholog_one2many
LOC4812234,Cpr76Ba,FBgn0036878,1,ortholog_one2one
LOC13036425,Alg-2,FBgn0086378,0,ortholog_one2one
LOC4805482,Mdr50,FBgn0010241,1,ortholog_one2one
LOC4803811,JhI-26,FBgn0028424,1,ortholog_one2many
LOC4803810,CG30100,FBgn0050100,1,ortholog_one2one
LOC6902785,CG31710,FBgn0051710,1,ortholog_one2one
LOC6901343,CG16719,FBgn0036029,0,ortholog_one2many
LOC6900740,defl,FBgn0036038,1,ortholog_one2many
LOC4812749,Bre1,FBgn0086694,1,ortholog_one2one
LOC4813976,CG13247,FBgn0036979,1,ortholog_one2one
LOC4800908,CG17121,FBgn0039043,1,ortholog_one2one
LOC4800497,CG7582,FBgn0039681,1,ortholog_one2one
LOC4813965,CG5274,FBgn0036987,1,ortholog_one2many
LOC4812584,CG6664,FBgn0036685,1,ortholog_one2one
LOC6903225,Prosbeta5R2,FBgn0051742,0,ortholog_one2one
LOC6897521,slmb,FBgn0283468,1,ortholog_one2one
LOC26532480,CG13566,FBgn0034942,0,ortholog_one2one
LOC4816997,Axud1,FBgn0261647,1,ortholog_one2one
LOC6897896,CG12702,FBgn0031070,0,ortholog_one2many
LOC4803998,CG14480,FBgn0034242,1,ortholog_one2one
LOC4801230,CG4467,FBgn0039064,1,ortholog_one2one
LOC4804161,CG7786,FBgn0034096,0,ortholog_one2one
LOC4804669,P32,FBgn0034259,1,ortholog_one2one
LOC15382889,CG34141,FBgn0083977,1,ortholog_one2one
LOC6901557,His3.3B,FBgn0004828,1,ortholog_one2one
LOC6900266,Rcd7,FBgn0260461,1,ortholog_one2many
LOC6899221,sxc,FBgn0261403,0,ortholog_one2one
LOC4813955,COX8,FBgn0263911,1,ortholog_one2one
LOC6902093,CG3638,FBgn0261444,1,ortholog_one2one
LOC4815399,CG13361,FBgn0029532,1,ortholog_one2one
LOC4816336,EMC3,FBgn0032292,1,ortholog_one2one
LOC4816269,Gr36c,FBgn0045485,1,ortholog_one2many
LOC4816269,Gr36b,FBgn0045486,1,ortholog_one2many
LOC4816269,Gr36a,FBgn0045487,1,ortholog_one2many
LOC4812943,Usp32,FBgn0036913,0,ortholog_one2one
LOC4812882,CG14147,FBgn0036112,1,ortholog_one2one
LOC4813424,kto,FBgn0001324,1,ortholog_one2one
LOC4814404,ND-75,FBgn0017566,1,ortholog_one2one
LOC4801100,CG4884,FBgn0039565,1,ortholog_one2one
LOC4817126,Ced-12,FBgn0032409,1,ortholog_one2one
LOC4812700,dally,FBgn0263930,1,ortholog_one2one
LOC4803403,phtf,FBgn0028579,1,ortholog_one2one
LOC6901237,CG8611,FBgn0027602,1,ortholog_one2one
LOC4802117,CG13654,FBgn0039290,1,ortholog_one2one
LOC6903561,spen,FBgn0016977,1,ortholog_one2one
LOC4816299,Arpc5,FBgn0031437,1,ortholog_one2one
LOC4813009,CG5021,FBgn0035944,0,ortholog_one2one
LOC6900722,CG13293,FBgn0035677,1,ortholog_one2one
LOC6897592,Gyc88E,FBgn0038295,1,ortholog_one2one
LOC4816850,Cyt-c-d,FBgn0086907,1,ortholog_one2one
LOC6900270,Rnf146,FBgn0036897,1,ortholog_one2many
LOC4817189,IFT57,FBgn0031550,1,ortholog_one2one
LOC4814214,DNAlig4,FBgn0030506,1,ortholog_one2one
LOC6901943,RpS2,FBgn0004867,0,ortholog_one2many
LOC6898867,Not1,FBgn0085436,1,ortholog_one2one
LOC117185053,t,FBgn0086367,1,ortholog_one2many
LOC4802506,Jhbp2,FBgn0250839,1,ortholog_one2one
LOC4814909,Chrac-16,FBgn0043001,1,ortholog_one2one
LOC4812161,CG13063,FBgn0036601,0,ortholog_many2many
LOC4812161,CG13043,FBgn0036600,1,ortholog_many2many
LOC6903189,CG5556,FBgn0031332,1,ortholog_one2many
LOC6903189,CG5561,FBgn0031333,1,ortholog_one2many
LOC4804350,sut3,FBgn0028561,1,ortholog_one2one
LOC4815155,Agpat1,FBgn0030421,0,ortholog_one2one
LOC6897479,nAChRalpha1,FBgn0000036,1,ortholog_one2one
LOC4804753,mRpL18,FBgn0026741,1,ortholog_one2one
LOC6901015,CG33639,FBgn0053639,1,ortholog_one2one
LOC4817014,CG16965,FBgn0032387,1,ortholog_one2one
LOC4815740,CG4199,FBgn0025628,0,ortholog_one2one
LOC4800482,Trc8,FBgn0039668,1,ortholog_one2one
LOC6897128,Dpm3,FBgn0053977,1,ortholog_one2one
LOC117183356,CG33784,FBgn0053784,1,ortholog_many2many
LOC117183356,CG33783,FBgn0053783,1,ortholog_many2many
LOC6901277,CG3588,FBgn0025643,1,ortholog_one2one
LOC4801168,Slbp,FBgn0041186,1,ortholog_one2one
LOC117183374,Nct,FBgn0039234,1,ortholog_one2many
LOC4813375,CG13698,FBgn0036773,1,ortholog_one2one
LOC4800379,PH4alphaSG1,FBgn0051014,1,ortholog_one2one
LOC4803130,Ugt35A1,FBgn0026315,1,ortholog_one2one
LOC4812440,rasp,FBgn0024194,1,ortholog_one2one
LOC26532752,eIF4B,FBgn0020660,0,ortholog_one2one
LOC4811913,tey,FBgn0036899,1,ortholog_one2one
LOC4811871,Oct-TyrR,FBgn0004514,1,ortholog_one2one
LOC4804193,ste24a,FBgn0034176,1,ortholog_one2one
LOC117183164,LManV,FBgn0032068,1,ortholog_many2many
LOC117183164,LManVI,FBgn0032069,1,ortholog_many2many
LOC4816804,CG7115,FBgn0027515,1,ortholog_one2one
LOC4805255,CG13488,FBgn0034670,1,ortholog_one2one
LOC6903175,Pino,FBgn0016926,1,ortholog_one2one
LOC6902240,scf,FBgn0025682,0,ortholog_one2many
LOC6899870,anne,FBgn0052000,0,ortholog_one2one
LOC4816406,p38b,FBgn0024846,1,ortholog_one2one
LOC6901200,CG45002,FBgn0266354,1,ortholog_one2one
LOC6897433,CG42489,FBgn0259992,1,ortholog_one2one
LOC4803291,CG1943,FBgn0037468,1,ortholog_one2one
LOC6896950,Nep4,FBgn0038818,1,ortholog_one2one
LOC117184653,CG33272,FBgn0053272,0,ortholog_many2many
LOC117184653,CG33270,FBgn0053270,0,ortholog_many2many
LOC117184653,CG33269,FBgn0053269,0,ortholog_many2many
LOC117184653,CG33500,FBgn0053500,0,ortholog_many2many
LOC117184653,CG33271,FBgn0053271,0,ortholog_many2many
LOC6900510,hob,FBgn0035420,1,ortholog_one2one
LOC6901672,CG14286,FBgn0038673,0,ortholog_one2one
LOC4815245,NELF-B,FBgn0027553,1,ortholog_one2one
LOC26533367,CG34188,FBgn0085217,1,ortholog_one2one
LOC6898191,Ip6k,FBgn0034644,1,ortholog_one2one
LOC4800710,CG15564,FBgn0039833,1,ortholog_one2one
LOC6898958,Prosalpha7,FBgn0023175,1,ortholog_one2many
LOC4814545,mxc,FBgn0260789,1,ortholog_one2one
LOC4811852,SmydA-2,FBgn0036839,1,ortholog_one2one
LOC4817695,Elba1,FBgn0000227,1,ortholog_one2one
LOC4805302,Or45b,FBgn0033422,1,ortholog_one2one
LOC6900430,corn,FBgn0259173,1,ortholog_one2one
LOC6898481,CG43710,FBgn0263849,0,ortholog_one2one
LOC6900383,CG12983,FBgn0037040,1,ortholog_one2one
LOC6902711,CG33307,FBgn0053307,1,ortholog_one2one
LOC4815336,TTLL1A,FBgn0030823,1,ortholog_one2one
LOC4803954,Mthfs,FBgn0085453,1,ortholog_one2one
LOC4817612,Plap,FBgn0024314,1,ortholog_one2many
LOC4813610,CG14823,FBgn0035734,1,ortholog_one2one
LOC6898991,Cht12,FBgn0050293,1,ortholog_one2many
LOC4816411,mRpS23,FBgn0260407,1,ortholog_one2one
LOC4817448,Oseg5,FBgn0032891,1,ortholog_one2one
LOC4813450,nerfin-1,FBgn0028999,1,ortholog_one2one
LOC4804748,dare,FBgn0015582,1,ortholog_one2one
LOC4814365,CG6023,FBgn0030912,1,ortholog_one2one
LOC4804442,Atg7,FBgn0034366,1,ortholog_one2one
LOC4802892,pnr,FBgn0003117,1,ortholog_one2one
LOC4816946,Sf3b2,FBgn0031493,1,ortholog_one2one
LOC4813271,CG7394,FBgn0036173,1,ortholog_one2one
LOC6902792,CSN8,FBgn0261437,1,ortholog_one2one
LOC4814631,Rbcn-3A,FBgn0023458,1,ortholog_one2one
LOC6901613,CG15365,FBgn0030077,1,ortholog_one2one
LOC4816783,CG5853,FBgn0032167,1,ortholog_one2one
LOC6902653,CG3104,FBgn0031473,1,ortholog_one2one
LOC4817655,CG15153,FBgn0032663,1,ortholog_one2one
LOC4818122,kis,FBgn0266557,1,ortholog_one2one
LOC4812765,CG3902,FBgn0036824,1,ortholog_one2one
LOC4803932,veil,FBgn0034225,1,ortholog_one2one
LOC4803185,CG7988,FBgn0038582,1,ortholog_one2one
LOC4813770,CG32461,FBgn0052461,0,ortholog_one2one
LOC4801269,CG9813,FBgn0038143,1,ortholog_one2one
LOC4813654,CG7497,FBgn0036742,1,ortholog_one2one
LOC6900026,RAF2,FBgn0036624,1,ortholog_one2one
LOC6899080,Rho1,FBgn0014020,1,ortholog_one2one
LOC4801744,GluProRS,FBgn0005674,1,ortholog_one2one
LOC4816910,CG43338,FBgn0263079,1,ortholog_one2one
LOC4804185,Vha16-4,FBgn0262513,1,ortholog_one2many
LOC6902424,CG43922,FBgn0264543,0,ortholog_one2one
LOC6898614,CG30423,FBgn0050423,1,ortholog_one2one
LOC6896838,snu,FBgn0039594,1,ortholog_one2one
LOC4805688,gprs,FBgn0024232,1,ortholog_one2one
LOC6898974,Dpit47,FBgn0266518,1,ortholog_one2one
LOC6904084,CG11920,FBgn0039274,1,ortholog_one2one
LOC6897119,P5cr,FBgn0015781,0,ortholog_one2many
LOC4802849,CG6908,FBgn0037936,1,ortholog_one2one
LOC4812104,Prat2,FBgn0041194,1,ortholog_one2one
LOC4816515,Syt1,FBgn0004242,1,ortholog_one2one
LOC4804109,CG5770,FBgn0034291,1,ortholog_one2many
LOC4804109,CG5767,FBgn0034292,1,ortholog_one2many
LOC6901761,CG15035,FBgn0029949,0,ortholog_one2one
LOC4802453,CG9427,FBgn0037721,1,ortholog_one2one
LOC6896893,nyo,FBgn0039852,1,ortholog_one2one
LOC4814700,dgt4,FBgn0026085,1,ortholog_one2one
LOC4803799,Nup62,FBgn0034118,1,ortholog_one2one
LOC4801250,PolA2,FBgn0005696,1,ortholog_one2one
LOC4803342,GstE14,FBgn0033817,1,ortholog_one2one
LOC6899115,cGlr1,FBgn0034047,1,ortholog_one2one
LOC26532274,CG43342,FBgn0263047,1,ortholog_one2one
LOC26532702,Snup,FBgn0259199,1,ortholog_one2one
LOC4816899,RpS2,FBgn0004867,1,ortholog_one2many
LOC4801760,Atg6,FBgn0264325,1,ortholog_one2one
LOC4815065,Josd,FBgn0029853,1,ortholog_one2one
LOC4802003,CG10841,FBgn0038163,1,ortholog_one2one
LOC4816929,RpLP1,FBgn0002593,1,ortholog_one2one
LOC6903404,frj,FBgn0031815,1,ortholog_one2one
LOC6902408,dunk,FBgn0083973,1,ortholog_one2one
LOC6900212,CG10140,FBgn0036363,1,ortholog_one2one
LOC6897419,rin,FBgn0015778,1,ortholog_one2one
LOC6900483,eIF2beta,FBgn0004926,1,ortholog_one2one
LOC6900701,CG6479,FBgn0036710,1,ortholog_one2many
LOC4817964,Rpn3,FBgn0261396,1,ortholog_one2one
LOC4812155,CG10710,FBgn0036377,1,ortholog_one2one
LOC6901574,CG34331,FBgn0085360,0,ortholog_one2one
LOC4815388,Tao,FBgn0031030,1,ortholog_one2one
LOC26532852,Snp,FBgn0265192,0,ortholog_one2many
LOC6900666,DIP-delta,FBgn0085420,1,ortholog_one2one
LOC4814360,TRAM,FBgn0040340,1,ortholog_one2one
LOC117184553,CycD,FBgn0010315,0,ortholog_one2many
LOC4815681,CG14223,FBgn0031053,1,ortholog_one2one
LOC4814981,Ilp7,FBgn0044046,1,ortholog_one2one
LOC6897287,AttA,FBgn0012042,0,ortholog_many2many
LOC6897287,AttB,FBgn0041581,0,ortholog_many2many
LOC6896827,CG34117,FBgn0083953,1,ortholog_one2one
LOC4815829,CG9521,FBgn0030588,1,ortholog_one2one
LOC4802909,CG4572,FBgn0038738,1,ortholog_one2one
LOC4817462,CG31777,FBgn0051777,1,ortholog_one2one
LOC4814659,Neb-cGP,FBgn0083167,1,ortholog_one2one
LOC4805729,CG30083,FBgn0050083,1,ortholog_one2many
LOC4805729,CG30082,FBgn0050082,0,ortholog_one2many
LOC4805729,CG30286,FBgn0050286,0,ortholog_one2many
LOC4815913,CG3224,FBgn0029885,1,ortholog_one2one
LOC4800933,CG6985,FBgn0039017,1,ortholog_one2one
LOC4816109,CG10462,FBgn0032815,1,ortholog_one2one
LOC4800390,CG15533,FBgn0039768,1,ortholog_one2one
LOC4802402,CG3987,FBgn0038292,1,ortholog_one2one
LOC6902137,Hsp60A,FBgn0015245,1,ortholog_one2one
LOC4803508,Mtpbeta,FBgn0025352,1,ortholog_one2one
LOC4801662,CG5377,FBgn0038974,1,ortholog_one2one
LOC4813758,CG42671,FBgn0261553,1,ortholog_one2one
LOC4815633,CG14615,FBgn0031184,1,ortholog_one2one
LOC6902537,Bacc,FBgn0031453,1,ortholog_one2one
LOC4811758,Arf4,FBgn0013749,0,ortholog_one2one
LOC4804418,exu,FBgn0000615,1,ortholog_one2many
LOC4802143,DZIP1,FBgn0039201,1,ortholog_one2one
LOC4816457,CG31730,FBgn0051730,1,ortholog_one2one
LOC6902638,CG16815,FBgn0032491,1,ortholog_one2many
LOC6902660,CG34057,FBgn0054057,0,ortholog_one2one
LOC4801310,Ppn,FBgn0003137,1,ortholog_one2one
LOC4815076,Lim1,FBgn0026411,1,ortholog_one2one
LOC4816261,Rat1,FBgn0031868,1,ortholog_one2one
LOC4812215,CG34140,FBgn0083976,1,ortholog_one2one
LOC4813746,CG13807,FBgn0035323,1,ortholog_one2one
LOC6902030,AGO2,FBgn0087035,0,ortholog_one2many
LOC6898153,Mal-A7,FBgn0033296,1,ortholog_one2one
LOC26533940,Tcs1,FBgn0061361,1,ortholog_one2one
LOC4800906,Gr94a,FBgn0041225,1,ortholog_one2one
LOC4803204,KP78a,FBgn0026064,1,ortholog_one2many
LOC4803204,KP78b,FBgn0026063,1,ortholog_one2many
LOC4813497,Jon65Aii,FBgn0035666,1,ortholog_one2one
LOC6898210,Fib,FBgn0003062,0,ortholog_one2one
LOC26533853,kug,FBgn0261574,1,ortholog_one2one
LOC6902307,CG14435,FBgn0029911,1,ortholog_one2one
LOC4812939,Frl,FBgn0267795,1,ortholog_one2one
LOC6897182,yellow-f,FBgn0041710,0,ortholog_one2many
LOC6897182,yellow-f2,FBgn0038105,0,ortholog_one2many
LOC4801634,Kif19A,FBgn0038205,1,ortholog_one2one
LOC4803220,Cad96Cb,FBgn0039294,1,ortholog_one2one
LOC4814523,CG4660,FBgn0029839,1,ortholog_one2one
LOC117184220,CG12945,FBgn0037755,1,ortholog_one2many
LOC4817285,wg,FBgn0284084,1,ortholog_one2one
LOC4805232,U3-55K,FBgn0053505,0,ortholog_one2one
LOC4801527,CG12259,FBgn0039557,0,ortholog_one2one
LOC4815765,if,FBgn0001250,1,ortholog_one2one
LOC4813776,jim,FBgn0027339,1,ortholog_one2one
LOC4816409,Kua,FBgn0032850,0,ortholog_one2one
LOC4813444,CG13920,FBgn0025712,1,ortholog_one2one
LOC4815727,HDAC4,FBgn0041210,0,ortholog_one2one
LOC6900544,CG30385,FBgn0050385,0,ortholog_one2one
LOC4803203,pros,FBgn0004595,1,ortholog_one2one
LOC6901191,Pkd2,FBgn0041195,0,ortholog_one2many
LOC4818004,Tsp,FBgn0031850,1,ortholog_one2one
LOC6902671,CG31735,FBgn0051735,1,ortholog_one2one
LOC26534324,CG43400,FBgn0263314,1,ortholog_one2one
LOC4803015,CG13318,FBgn0037627,1,ortholog_one2one
LOC4815504,fz3,FBgn0027343,1,ortholog_one2one
LOC4800750,CG14247,FBgn0039454,1,ortholog_one2one
LOC4802534,Ras85D,FBgn0003205,1,ortholog_one2one
LOC4811773,Chc,FBgn0000319,0,ortholog_one2one
LOC4803696,PIG-M,FBgn0034649,1,ortholog_one2one
LOC4816732,Piezo,FBgn0264953,1,ortholog_one2one
LOC4815092,Cp38,FBgn0000360,1,ortholog_one2one
LOC6902741,CG17683,FBgn0262115,0,ortholog_one2one
LOC6898563,CG43106,FBgn0262566,1,ortholog_one2one
LOC4817176,Vm32E,FBgn0014076,1,ortholog_one2one
LOC4800862,aus,FBgn0038881,1,ortholog_one2one
LOC4812243,CG4074,FBgn0037017,1,ortholog_one2one
LOC4802245,Bdbt,FBgn0038857,1,ortholog_one2one
LOC6900380,brv3,FBgn0040333,0,ortholog_one2one
LOC4813974,RhoBTB,FBgn0036980,1,ortholog_one2one
LOC4801931,CG1213,FBgn0037387,1,ortholog_one2one
LOC6900472,toe,FBgn0036285,1,ortholog_one2one
LOC6897977,CG14689,FBgn0037826,1,ortholog_many2many
LOC6897977,CG31391,FBgn0051391,0,ortholog_many2many
LOC6897977,CG31467,FBgn0051467,0,ortholog_many2many
LOC4803483,Gadd45,FBgn0033153,1,ortholog_one2one
LOC4803946,CG10205,FBgn0033970,1,ortholog_one2one
LOC4803455,Tsp42Ec,FBgn0033124,1,ortholog_one2one
LOC4816335,CG3528,FBgn0031430,1,ortholog_one2one
LOC5495509,Jon25Bii,FBgn0031654,1,ortholog_one2one
LOC4813757,Irbp18,FBgn0036126,1,ortholog_one2one
LOC4818103,CG3491,FBgn0028887,1,ortholog_one2many
LOC6898554,CG34199,FBgn0085228,1,ortholog_one2one
LOC4815960,CG15458,FBgn0040651,1,ortholog_one2one
LOC4801582,Crz,FBgn0013767,1,ortholog_one2one
LOC4802991,EMC1,FBgn0037530,1,ortholog_one2one
LOC4804489,roh,FBgn0250838,1,ortholog_one2one
LOC4815530,CG2574,FBgn0030386,1,ortholog_one2one
LOC4803694,eIF3k,FBgn0034654,1,ortholog_one2one
LOC6898446,Obsc,FBgn0053519,1,ortholog_one2one
LOC4805143,SkpB,FBgn0026176,0,ortholog_one2one
LOC4812927,Sse,FBgn0035627,1,ortholog_one2one
LOC4812476,CG11241,FBgn0037186,1,ortholog_one2one
LOC4811941,msd1,FBgn0035209,1,ortholog_one2one
LOC4800288,CG31021,FBgn0051021,1,ortholog_one2one
LOC4802484,CG11999,FBgn0037312,1,ortholog_one2one
LOC4801114,Mnat9,FBgn0039859,1,ortholog_one2one
LOC4800385,CG2224,FBgn0039773,1,ortholog_one2one
LOC4803400,ND-19,FBgn0035046,1,ortholog_one2one
LOC4813082,fng,FBgn0011591,0,ortholog_one2one
LOC4814052,CG4597,FBgn0035594,1,ortholog_one2one
LOC4814472,spidey,FBgn0029975,1,ortholog_one2one
LOC4815219,CG44774,FBgn0266000,1,ortholog_one2one
LOC4813949,CG32354,FBgn0052354,1,ortholog_one2one
LOC6898713,Kpc2,FBgn0028372,1,ortholog_one2one
LOC4817690,dcma,FBgn0085380,1,ortholog_one2one
LOC4805658,polyph,FBgn0033572,1,ortholog_one2one
LOC4805148,tum,FBgn0086356,1,ortholog_one2one
LOC4805236,HmgZ,FBgn0010228,1,ortholog_one2one
LOC4802130,side-VII,FBgn0037736,0,ortholog_one2one
LOC4805712,flap,FBgn0034693,1,ortholog_one2one
LOC6902417,CG7135,FBgn0030895,0,ortholog_one2one
LOC4815980,su(r),FBgn0086450,0,ortholog_one2one
LOC4815455,CG17598,FBgn0031194,1,ortholog_one2one
LOC6900302,Cpr64Aa,FBgn0035510,1,ortholog_one2one
LOC6899908,CG33767,FBgn0053767,1,ortholog_one2many
LOC4801125,CG5521,FBgn0039466,1,ortholog_one2one
LOC6903724,TyrRII,FBgn0038541,1,ortholog_one2one
LOC6901625,CG8010,FBgn0031008,0,ortholog_one2many
LOC4815694,CG2444,FBgn0030326,1,ortholog_one2one
LOC6897346,CG31463,FBgn0051463,1,ortholog_one2one
LOC6897749,CG33725,FBgn0053725,0,ortholog_one2many
LOC6903938,Efhc1.1,FBgn0030691,0,ortholog_one2many
LOC4817151,odd,FBgn0002985,1,ortholog_one2one
LOC4802033,Cenp-C,FBgn0266916,1,ortholog_one2one
LOC6900423,CG17147,FBgn0260393,1,ortholog_one2many
LOC4816090,Rab27,FBgn0025382,1,ortholog_one2one
LOC4804157,Naus,FBgn0034308,1,ortholog_one2one
LOC117183380,CG14671,FBgn0037340,1,ortholog_one2many
LOC4803722,CG13544,FBgn0034826,1,ortholog_one2one
LOC4816247,Cpr,FBgn0015623,1,ortholog_one2one
LOC6901440,mud,FBgn0002873,1,ortholog_one2one
LOC4802701,CG9393,FBgn0037710,1,ortholog_one2one
LOC4805744,CG15118,FBgn0034418,1,ortholog_one2one
LOC4814131,cue,FBgn0011204,1,ortholog_one2one
LOC4815342,Es2,FBgn0023506,1,ortholog_one2one
LOC4818118,Phf5a,FBgn0031822,1,ortholog_one2one
LOC26532983,CG34310,FBgn0085339,1,ortholog_one2one
LOC4805239,Tango11,FBgn0050404,1,ortholog_one2one
LOC4800882,Pi3K92E,FBgn0015279,1,ortholog_one2one
LOC4812055,eIF3e,FBgn0025582,1,ortholog_one2one
LOC4800272,CG15517,FBgn0039718,1,ortholog_one2one
LOC4812997,Z600,FBgn0004052,1,ortholog_one2one
LOC4814203,wus,FBgn0030805,1,ortholog_one2one
LOC6902017,mdu,FBgn0030396,1,ortholog_one2one
LOC4814418,Hou,FBgn0030944,1,ortholog_one2one
LOC4801542,TotX,FBgn0044810,0,ortholog_one2one
LOC4800819,CG33098,FBgn0053098,1,ortholog_one2one
LOC4804438,Prosalpha1R,FBgn0050382,0,ortholog_one2many
LOC4804438,Prosalpha1,FBgn0263121,0,ortholog_one2many
LOC117183205,NO66,FBgn0266570,0,ortholog_one2many
LOC4816581,Porin2,FBgn0069354,1,ortholog_one2one
LOC4812087,CG14982,FBgn0035477,1,ortholog_one2one
LOC6896921,GstD7,FBgn0010043,1,ortholog_one2many
LOC6896921,GstD6,FBgn0010042,1,ortholog_one2many
LOC15382897,CG30457,FBgn0050457,1,ortholog_one2one
LOC6901674,CG42354,FBgn0259700,1,ortholog_one2one
LOC4815956,Nf-YC,FBgn0029905,1,ortholog_one2one
LOC117184005,CG40498,FBgn0069969,0,ortholog_one2many
LOC4814228,CG12715,FBgn0030443,1,ortholog_one2one
LOC4813912,Mob2,FBgn0259481,1,ortholog_one2one
LOC4804812,imd,FBgn0013983,1,ortholog_one2one
LOC6901088,CG11263,FBgn0036330,0,ortholog_one2one
LOC4814600,Ada3,FBgn0030891,1,ortholog_one2one
LOC4803661,CG11257,FBgn0034442,1,ortholog_one2one
LOC4803223,Cap-H2,FBgn0037831,1,ortholog_one2one
LOC4812559,CG12104,FBgn0035238,1,ortholog_one2one
LOC4801145,CG5882,FBgn0039490,1,ortholog_one2one
LOC4805657,Obp47a,FBgn0033573,1,ortholog_one2one
LOC4804257,CG10073,FBgn0034440,0,ortholog_one2many
LOC4805508,dgt3,FBgn0034569,1,ortholog_one2one
LOC26533284,Ance-2,FBgn0032535,1,ortholog_one2many
LOC4814092,Uba2,FBgn0029113,1,ortholog_one2one
LOC4804652,ValRS,FBgn0027079,1,ortholog_one2one
LOC117183725,COX7CL,FBgn0265342,1,ortholog_one2one
LOC6899880,fuss,FBgn0039932,1,ortholog_one2one
LOC4814141,CG13678,FBgn0035859,1,ortholog_one2many
LOC4814141,CG13679,FBgn0035856,0,ortholog_one2many
LOC4817451,CG7102,FBgn0031961,0,ortholog_one2one
LOC5495510,CG18539,FBgn0034325,1,ortholog_one2one
LOC4803630,GLaz,FBgn0033799,1,ortholog_one2one
LOC4813043,CG17744,FBgn0035730,1,ortholog_one2one
LOC6900735,CG43897,FBgn0264489,0,ortholog_one2one
LOC6902012,CG15731,FBgn0030390,1,ortholog_one2one
LOC4804498,Hsl,FBgn0034491,1,ortholog_one2one
LOC6899987,CG32365,FBgn0052365,1,ortholog_one2one
LOC4813361,CAH2,FBgn0027843,1,ortholog_one2one
LOC4817696,CG3355,FBgn0031619,1,ortholog_one2one
LOC4802458,Karybeta3,FBgn0087013,1,ortholog_one2one
LOC4813596,CG18417,FBgn0035780,1,ortholog_one2one
LOC4813488,CG32100,FBgn0052100,1,ortholog_one2one
LOC117183196,CG30271,FBgn0050271,1,ortholog_one2one
LOC4812608,vvl,FBgn0086680,1,ortholog_many2many
LOC4800389,CG15534,FBgn0039769,1,ortholog_one2one
LOC4812265,Hr78,FBgn0015239,1,ortholog_one2one
LOC4816616,fon,FBgn0032773,1,ortholog_one2one
LOC6898534,Su(var)2-10,FBgn0003612,1,ortholog_one2one
LOC4803659,hts,FBgn0263391,1,ortholog_one2one
LOC4814963,CG10958,FBgn0030004,1,ortholog_one2one
LOC4804095,CG8950,FBgn0034186,1,ortholog_one2one
LOC26533227,t,FBgn0086367,1,ortholog_one2many
LOC4817521,CG31663,FBgn0051663,1,ortholog_one2one
LOC6899100,Pgant9,FBgn0050463,1,ortholog_one2one
LOC6902237,CG16781,FBgn0029661,0,ortholog_one2one
LOC6902519,CG33995,FBgn0053995,1,ortholog_one2one
LOC6896802,Ir94h,FBgn0039080,1,ortholog_one2one
LOC4800362,Vps15,FBgn0260935,1,ortholog_one2one
LOC6896781,Pcd,FBgn0024841,1,ortholog_one2one
LOC4813839,CG14110,FBgn0036352,1,ortholog_one2one
LOC4802593,ssp5,FBgn0037985,1,ortholog_one2one
LOC4813277,FRG1,FBgn0036964,1,ortholog_one2one
LOC4803581,CG14760,FBgn0033277,1,ortholog_one2one
LOC4815957,CG5800,FBgn0030855,1,ortholog_one2one
LOC6898681,Ir52c,FBgn0050468,1,ortholog_one2many
LOC6898681,Ir52d,FBgn0050464,1,ortholog_one2many
LOC4812960,CG13460,FBgn0036471,1,ortholog_one2one
LOC4816442,Smg5,FBgn0019890,1,ortholog_one2one
LOC4800563,SPE,FBgn0039102,1,ortholog_one2one
LOC4812149,retinin,FBgn0040074,1,ortholog_one2one
LOC4811748,Taf3,FBgn0026262,1,ortholog_one2one
LOC4801094,CG16998,FBgn0035795,0,ortholog_one2one
LOC26532957,spok,FBgn0086917,0,ortholog_one2one
LOC4805009,CG30377,FBgn0050377,1,ortholog_one2one
LOC4800872,Gnmt,FBgn0038074,1,ortholog_one2one
LOC4804453,CG10265,FBgn0033990,1,ortholog_one2one
LOC4812358,CG33158,FBgn0053158,1,ortholog_one2one
LOC26532855,His2A:CG33826,FBgn0053826,1,ortholog_one2one
LOC4818041,Liprin-alpha,FBgn0046704,1,ortholog_one2one
LOC6903541,grk,FBgn0001137,1,ortholog_one2one
LOC6902442,CG34169,FBgn0085198,1,ortholog_one2many
LOC6902442,CG34106,FBgn0083942,0,ortholog_one2many
LOC4804935,Ak6,FBgn0033754,1,ortholog_one2one
LOC4802409,Spn88Eb,FBgn0038299,1,ortholog_one2many
LOC4802409,Spn88Ea,FBgn0028984,1,ortholog_one2many
LOC4805443,CG3548,FBgn0035033,1,ortholog_one2one
LOC4804788,fj,FBgn0000658,1,ortholog_one2one
LOC6900159,Obp73a,FBgn0036681,1,ortholog_one2one
LOC4811809,MED26,FBgn0039923,1,ortholog_one2one
LOC6902569,CG34161,FBgn0085190,1,ortholog_one2one
LOC4813373,Pmm2,FBgn0036300,1,ortholog_one2one
LOC4813540,Uggt,FBgn0014075,1,ortholog_one2one
LOC6896774,CG2006,FBgn0039664,1,ortholog_one2one
LOC4801314,CG11099,FBgn0034485,0,ortholog_many2many
LOC26533072,CG42381,FBgn0259727,1,ortholog_one2one
LOC4817884,CG13996,FBgn0031763,1,ortholog_one2one
LOC4812057,CG2211,FBgn0035211,1,ortholog_one2one
LOC6900028,CG42514,FBgn0260388,1,ortholog_one2one
LOC26533957,CG31465,FBgn0051465,0,ortholog_one2many
LOC4815061,Tak1,FBgn0026323,1,ortholog_one2one
LOC4817751,gny,FBgn0032234,0,ortholog_one2one
LOC4816495,CG15263,FBgn0028853,1,ortholog_one2one
LOC4815869,CG11403,FBgn0026876,1,ortholog_one2one
LOC4802642,CG11737,FBgn0037592,1,ortholog_one2one
LOC4801641,foxo,FBgn0038197,1,ortholog_one2one
LOC4803891,Tfb1,FBgn0033929,1,ortholog_one2one
LOC6901337,Cp7Fa,FBgn0014464,1,ortholog_one2one
LOC4800505,Naa40,FBgn0039687,1,ortholog_one2one
LOC4800277,Jasper,FBgn0039743,1,ortholog_one2one
LOC4801008,CG5835,FBgn0038682,1,ortholog_one2one
LOC6903741,Snp,FBgn0265192,0,ortholog_one2many
LOC4815904,CG15027,FBgn0030611,1,ortholog_one2one
LOC4805090,Tmem18,FBgn0050051,1,ortholog_one2one
LOC4805208,CG13506,FBgn0034723,1,ortholog_one2one
LOC4818121,Rpp30,FBgn0283652,1,ortholog_one2one
LOC4801256,Atx2,FBgn0041188,1,ortholog_one2one
LOC6901991,CG2750,FBgn0030376,0,ortholog_one2one
LOC6897107,beat-IIa,FBgn0038498,1,ortholog_one2one
LOC4816760,HINT1,FBgn0031459,1,ortholog_one2one
LOC6898478,CG33758,FBgn0053758,0,ortholog_one2many
LOC6898478,CG33757,FBgn0053757,0,ortholog_one2many
LOC6898811,CG34236,FBgn0085265,1,ortholog_one2one
LOC4812982,CG13806,FBgn0035325,1,ortholog_one2one
LOC6899788,CG15914,FBgn0030700,0,ortholog_one2one
LOC6901754,Acsf3,FBgn0029945,1,ortholog_one2many
LOC4805604,CG3483,FBgn0035005,1,ortholog_one2one
LOC4801707,Mccc1,FBgn0039877,1,ortholog_one2one
LOC4814090,CG13675,FBgn0035845,1,ortholog_one2one
LOC4816354,CG8814,FBgn0031478,1,ortholog_one2one
LOC4801308,CG9297,FBgn0038181,1,ortholog_one2one
LOC6902786,CG33299,FBgn0053299,1,ortholog_one2one
LOC4801748,CG13603,FBgn0039135,1,ortholog_one2one
LOC4800356,Ibf2,FBgn0037669,1,ortholog_one2one
LOC4812625,Src64B,FBgn0262733,1,ortholog_one2one
LOC4815594,CG15643,FBgn0030654,0,ortholog_one2one
LOC4805547,Efhc1.2,FBgn0034487,0,ortholog_one2one
LOC26533064,CG44195,FBgn0265084,1,ortholog_one2one
LOC4815959,CG2909,FBgn0030189,1,ortholog_one2one
LOC4804931,Amph,FBgn0027356,1,ortholog_one2one
LOC6898088,mim,FBgn0053558,1,ortholog_one2one
LOC117185618,His4:CG33887,FBgn0053887,1,ortholog_one2one
LOC4802615,svp,FBgn0003651,1,ortholog_one2one
LOC6897657,CG31358,FBgn0051358,1,ortholog_many2many
LOC6897657,CG14736,FBgn0037986,0,ortholog_many2many
LOC4816528,CG9121,FBgn0031675,1,ortholog_one2one
LOC4812615,CG4042,FBgn0037018,1,ortholog_one2one
LOC4803411,SdhB,FBgn0014028,1,ortholog_one2one
LOC4817260,Ge-1,FBgn0283682,1,ortholog_one2one
LOC4814864,CG32599,FBgn0260482,1,ortholog_one2one
LOC4812070,Gbs-76A,FBgn0036862,1,ortholog_one2one
LOC6897659,CG14740,FBgn0037988,1,ortholog_one2one
LOC6900603,Fibp,FBgn0036911,1,ortholog_one2one
LOC4814501,ben,FBgn0000173,1,ortholog_one2one
LOC4817909,ref(2)P,FBgn0003231,1,ortholog_one2one
LOC117183204,CG3386,FBgn0035152,1,ortholog_one2many
LOC4805647,CG13231,FBgn0033580,1,ortholog_one2one
LOC4800276,CG15522,FBgn0039723,1,ortholog_one2one
LOC6902255,hep,FBgn0010303,1,ortholog_one2one
LOC4805701,a,FBgn0000008,0,ortholog_one2one
LOC4812229,mag,FBgn0036996,1,ortholog_one2one
LOC6901628,l(1)G0469,FBgn0040153,1,ortholog_one2one
LOC4817743,CG11454,FBgn0031224,1,ortholog_one2one
LOC4812994,CG14135,FBgn0036193,1,ortholog_one2one
LOC6897267,CheA86a,FBgn0261291,0,ortholog_one2one
LOC4812194,mib1,FBgn0263601,1,ortholog_one2one
LOC4802777,CG12581,FBgn0037213,1,ortholog_one2one
LOC4815947,ND-B14.5A,FBgn0025839,1,ortholog_one2one
LOC4800322,Cyp4c3,FBgn0015032,1,ortholog_one2one
LOC6900421,CG7298,FBgn0036948,1,ortholog_one2many
LOC4814757,Vsp37A,FBgn0016038,1,ortholog_one2one
LOC6897298,defl,FBgn0036038,0,ortholog_one2many
LOC6900499,JIL-1,FBgn0020412,1,ortholog_one2many
LOC4804599,CkIIbeta2,FBgn0026136,1,ortholog_one2many
LOC117185641,His4:CG33903,FBgn0053903,1,ortholog_one2one
LOC6900878,Rab26,FBgn0086913,1,ortholog_one2one
LOC4804997,CG34430,FBgn0085459,1,ortholog_one2one
LOC4802853,CG7131,FBgn0038598,0,ortholog_one2one
LOC4803687,SmF,FBgn0000426,1,ortholog_one2one
LOC4812256,CG13711,FBgn0035572,1,ortholog_one2one
LOC4816789,Lrch,FBgn0032633,1,ortholog_one2one
LOC6903337,psd,FBgn0086265,1,ortholog_one2one
LOC4814065,RpS17,FBgn0005533,1,ortholog_one2one
LOC4802716,CG11035,FBgn0037544,1,ortholog_one2one
LOC4804456,chn,FBgn0015371,1,ortholog_one2one
LOC4814180,Hsp23,FBgn0001224,1,ortholog_one2many
LOC4801263,CCHa2,FBgn0038147,1,ortholog_one2one
LOC4801477,CG5386,FBgn0038945,1,ortholog_one2one
LOC4813607,sif,FBgn0085447,1,ortholog_one2one
LOC6898491,Nnf1b,FBgn0051658,0,ortholog_one2many
LOC6898491,Nnf1a,FBgn0034523,1,ortholog_one2many
LOC4811829,Frmd5,FBgn0032225,0,ortholog_one2one
LOC4805354,SP2353,FBgn0034070,1,ortholog_one2one
LOC4812443,CG5199,FBgn0036994,1,ortholog_one2one
LOC6899995,elg1,FBgn0036574,1,ortholog_one2one
LOC4801474,CG13862,FBgn0038942,1,ortholog_one2one
LOC6897546,dpr11,FBgn0053202,0,ortholog_one2one
LOC4812295,Mkp3,FBgn0036844,1,ortholog_one2one
LOC6897981,CG31404,FBgn0051404,0,ortholog_one2one
LOC4813095,Gr64f,FBgn0052255,1,ortholog_one2one
LOC6898773,PGRP-SC1b,FBgn0033327,1,ortholog_many2many
LOC6898773,PGRP-SC1a,FBgn0043576,1,ortholog_many2many
LOC6903127,grp,FBgn0261278,1,ortholog_one2one
LOC6902233,CG31609,FBgn0051609,0,ortholog_one2one
LOC4803237,sqz,FBgn0010768,1,ortholog_one2one
LOC4812670,CG1309,FBgn0035519,1,ortholog_one2one
LOC4817386,grnd,FBgn0032682,1,ortholog_one2one
LOC4815826,Vlet,FBgn0030323,1,ortholog_one2one
LOC6898183,CG43244,FBgn0262889,1,ortholog_one2one
LOC4813732,CG10809,FBgn0036052,0,ortholog_one2one
LOC4813628,bora,FBgn0259791,1,ortholog_one2one
LOC4815347,COX6B,FBgn0031066,0,ortholog_one2many
LOC4803242,vib,FBgn0267975,1,ortholog_many2many
LOC4812193,CG32344,FBgn0052344,1,ortholog_one2one
LOC26532611,CG34443,FBgn0085472,1,ortholog_one2one
LOC4802497,cno,FBgn0259212,1,ortholog_one2one
LOC4803331,CG3107,FBgn0033005,0,ortholog_one2one
LOC117183391,Or98a,FBgn0039551,0,ortholog_one2many
LOC4802931,CG14609,FBgn0037483,1,ortholog_one2one
LOC4814710,Hexo2,FBgn0041629,1,ortholog_one2many
LOC4815135,stas,FBgn0030850,1,ortholog_one2one
LOC4804077,Flo1,FBgn0024754,0,ortholog_one2one
LOC4801070,CycC,FBgn0004597,1,ortholog_one2one
LOC4813977,Nedd4,FBgn0259174,1,ortholog_one2one
LOC6901810,acj6,FBgn0000028,1,ortholog_one2one
LOC4814718,Cyp4g15,FBgn0030304,1,ortholog_one2one
LOC4817651,kel,FBgn0001301,1,ortholog_one2one
LOC6898218,CG33998,FBgn0053998,1,ortholog_one2one
LOC4801173,Hmu,FBgn0015737,1,ortholog_one2one
LOC4813379,Aps,FBgn0036111,1,ortholog_one2one
LOC4817709,Nfs1,FBgn0032393,1,ortholog_one2one
LOC117183231,CG34291,FBgn0085320,1,ortholog_one2one
LOC4812618,CG13933,FBgn0035270,1,ortholog_one2one
LOC4802198,CG14543,FBgn0039404,1,ortholog_one2one
LOC4804993,CG14764,FBgn0033236,0,ortholog_one2one
LOC6897506,RpL34a,FBgn0039406,1,ortholog_one2one
LOC4801388,Ace,FBgn0000024,1,ortholog_one2one
LOC4800916,Nha2,FBgn0263390,0,ortholog_one2one
LOC4814861,AP-1-2beta,FBgn0010380,1,ortholog_one2one
LOC6897834,CG4483,FBgn0035970,0,ortholog_one2one
LOC26533594,CG43672,FBgn0263747,0,ortholog_one2one
LOC4812066,promL,FBgn0026189,1,ortholog_one2one
LOC4803184,CG7183,FBgn0038583,1,ortholog_one2one
LOC6901587,ctp,FBgn0011760,0,ortholog_one2one
LOC6902661,CG3119,FBgn0031466,1,ortholog_one2one
LOC4800508,CG7601,FBgn0027583,1,ortholog_one2one
LOC4804665,swi2,FBgn0034262,1,ortholog_one2one
LOC6897183,CG31342,FBgn0051342,1,ortholog_one2one
LOC6901982,CG14106,FBgn0260459,0,ortholog_one2one
LOC4802989,wtrw,FBgn0260005,1,ortholog_one2one
LOC4805475,Rrp42,FBgn0034065,1,ortholog_one2one
LOC4805393,CG11400,FBgn0034198,1,ortholog_one2one
LOC4805387,CG6984,FBgn0034191,1,ortholog_one2one
LOC6897719,Rpn12R,FBgn0036465,0,ortholog_one2many
LOC6900466,CG32459,FBgn0052459,0,ortholog_one2one
LOC6901670,CG1231,FBgn0035134,0,ortholog_one2one
LOC6899012,CG31265,FBgn0051265,0,ortholog_one2one
LOC6900678,CG32061,FBgn0052061,1,ortholog_one2many
LOC4800935,Takl2,FBgn0039015,1,ortholog_one2one
LOC6902992,bru2,FBgn0262475,1,ortholog_one2one
LOC4816711,CG13244,FBgn0032577,1,ortholog_one2one
LOC4801677,CG13855,FBgn0038960,1,ortholog_one2one
LOC4814717,Smyd3,FBgn0011566,1,ortholog_one2one
LOC4801910,CG1077,FBgn0037405,1,ortholog_one2one
LOC26532603,CG31759,FBgn0051759,0,ortholog_one2one
LOC4803021,CCT7,FBgn0037632,1,ortholog_one2one
LOC4815422,opm,FBgn0264389,1,ortholog_one2one
LOC4815805,Naa30A,FBgn0024362,1,ortholog_one2one
LOC4815600,CG3823,FBgn0029863,1,ortholog_one2one
LOC4814004,Doc1,FBgn0028789,1,ortholog_one2one
LOC6901008,CG13000,FBgn0030807,1,ortholog_one2one
LOC4814665,Top3beta,FBgn0026015,0,ortholog_one2one
LOC4814756,Nna1,FBgn0265726,1,ortholog_one2one
LOC4815781,RpL7A,FBgn0014026,1,ortholog_one2one
LOC4816088,ND-B18,FBgn0030605,1,ortholog_one2one
LOC117183289,mael,FBgn0016034,0,ortholog_one2many
LOC4814166,CG10674,FBgn0035592,1,ortholog_one2one
LOC4804346,Tmem63,FBgn0033259,1,ortholog_one2one
LOC4812441,Asciz,FBgn0035407,1,ortholog_one2one
LOC4817235,RfC38,FBgn0028700,1,ortholog_one2one
LOC4802535,RhoL,FBgn0014380,1,ortholog_one2one
LOC117184173,CG5188,FBgn0032247,0,ortholog_one2one
LOC6903557,Dus1,FBgn0031238,1,ortholog_one2one
LOC13036337,CG42494,FBgn0260026,1,ortholog_one2one
LOC6900746,Muc68Ca,FBgn0036181,1,ortholog_one2one
LOC4804886,Rpt1,FBgn0028687,1,ortholog_one2one
LOC26532404,CG33217,FBgn0053217,0,ortholog_one2one
LOC6902025,Tomosyn,FBgn0030412,1,ortholog_one2one
LOC6902511,Mad,FBgn0011648,1,ortholog_one2one
LOC6897925,Tpc1,FBgn0037852,1,ortholog_one2one
LOC6898002,Jhbp15,FBgn0038850,1,ortholog_one2one
LOC4805299,Mmp1,FBgn0035049,1,ortholog_one2one
LOC4805638,spin,FBgn0086676,1,ortholog_one2one
LOC4803093,Amt,FBgn0038309,1,ortholog_one2one
LOC4805451,uri,FBgn0035025,1,ortholog_one2one
LOC4813131,edin,FBgn0052185,1,ortholog_one2one
LOC4802896,SIDL,FBgn0038303,1,ortholog_one2one
LOC4804144,Mppe,FBgn0259985,1,ortholog_one2one
LOC4817843,CG11555,FBgn0086856,1,ortholog_one2one
LOC4817043,hoe2,FBgn0031649,1,ortholog_one2one
LOC4802331,CG5478,FBgn0038386,1,ortholog_one2one
LOC6898654,BomS3,FBgn0040736,1,ortholog_one2one
LOC4801609,DIP-gamma,FBgn0039617,1,ortholog_one2one
LOC4801176,CG3339,FBgn0039510,1,ortholog_one2one
LOC15382871,Snx16,FBgn0034265,1,ortholog_one2one
LOC4811969,pira,FBgn0030420,0,ortholog_one2one
LOC4802180,ppk15,FBgn0039424,1,ortholog_one2one
LOC4814200,NFAT,FBgn0030505,1,ortholog_one2one
LOC4814244,Yp1,FBgn0004045,1,ortholog_one2one
LOC6902947,CycB,FBgn0000405,0,ortholog_one2many
LOC6898516,Eglp3,FBgn0034884,1,ortholog_one2one
LOC117183210,AGO2,FBgn0087035,0,ortholog_one2many
LOC4803502,Fak,FBgn0020440,0,ortholog_one2one
LOC4802708,Son,FBgn0037716,1,ortholog_one2one
LOC4804880,St4,FBgn0033887,1,ortholog_one2one
LOC4805724,Poxn,FBgn0003130,1,ortholog_one2one
LOC4804735,CG13223,FBgn0033599,1,ortholog_one2one
LOC117183905,CG11398,FBgn0040366,0,ortholog_one2one
LOC4803471,CG12836,FBgn0033140,1,ortholog_one2one
LOC4804286,mr,FBgn0002791,1,ortholog_one2one
LOC4802360,CG10513,FBgn0039311,1,ortholog_one2one
LOC4818054,CG14000,FBgn0031749,1,ortholog_one2one
LOC4805706,GM130,FBgn0034697,1,ortholog_one2one
LOC6899093,Vkor,FBgn0053544,0,ortholog_one2one
LOC4811752,cocoon,FBgn0036496,0,ortholog_one2many
LOC4811752,TBPH,FBgn0025790,1,ortholog_one2many
LOC4815378,Uros1,FBgn0030066,1,ortholog_one2one
LOC6902767,Sur,FBgn0028675,1,ortholog_one2one
LOC4802387,CG31249,FBgn0051249,1,ortholog_one2one
LOC117183672,CG45092,FBgn0266525,1,ortholog_one2one
LOC4804864,Pgant1,FBgn0034025,1,ortholog_one2one
LOC6899084,shn,FBgn0003396,1,ortholog_one2one
LOC4801257,CG6125,FBgn0038337,1,ortholog_one2one
LOC6902226,Lon,FBgn0036892,0,ortholog_one2many
LOC4805054,CG8635,FBgn0033317,1,ortholog_one2one
LOC4804871,CG8192,FBgn0034030,1,ortholog_one2one
LOC4814430,CG4020,FBgn0029821,1,ortholog_one2one
LOC6903588,CG14397,FBgn0032914,1,ortholog_one2one
LOC4800396,Fer1HCH,FBgn0015222,1,ortholog_one2one
LOC4816831,BBS8,FBgn0031255,0,ortholog_many2many
LOC4815789,Pkcdelta,FBgn0287828,1,ortholog_one2one
LOC4802556,CG10317,FBgn0038423,1,ortholog_one2one
LOC117184900,CG43182,FBgn0262811,1,ortholog_one2one
LOC4812264,CG11438,FBgn0037164,1,ortholog_one2one
LOC6898325,Rpn6,FBgn0028689,1,ortholog_one2one
LOC4804424,DMAP1,FBgn0034537,1,ortholog_one2one
LOC4803296,r-l,FBgn0003257,1,ortholog_one2one
LOC4813372,CG6749,FBgn0036040,1,ortholog_one2one
LOC6900932,PGRP-LC,FBgn0035976,1,ortholog_one2one
LOC6897394,Ir100a,FBgn0039879,1,ortholog_one2one
LOC4804071,Gpxl,FBgn0034415,1,ortholog_one2one
LOC4814027,Svip,FBgn0052039,1,ortholog_one2one
LOC4817075,CG10283,FBgn0032681,1,ortholog_one2one
LOC4817742,CG4496,FBgn0031894,1,ortholog_one2one
LOC4813310,Gr61a,FBgn0035167,1,ortholog_one2one
LOC4805539,CG30389,FBgn0050389,1,ortholog_one2one
LOC4815318,Inx7,FBgn0027106,1,ortholog_one2one
LOC4800342,bnk,FBgn0004389,1,ortholog_one2one
LOC6898402,tej,FBgn0033921,0,ortholog_one2many
LOC26532242,mt:ND5,FBgn0013684,0,ortholog_one2many
LOC4814470,CG15456,FBgn0040650,0,ortholog_one2one
LOC4813841,trn,FBgn0010452,1,ortholog_one2one
LOC4813565,CG14074,FBgn0036818,1,ortholog_one2one
LOC4800263,CG15922,FBgn0040575,1,ortholog_one2one
LOC4802841,CG14721,FBgn0037942,1,ortholog_one2one
LOC4800662,Mlc1,FBgn0002772,1,ortholog_one2one
LOC4814743,Nup93-1,FBgn0027537,1,ortholog_one2one
LOC4812236,SP1173,FBgn0035710,1,ortholog_one2one
LOC4804608,wbl,FBgn0004003,1,ortholog_one2one
LOC6897966,CG31948,FBgn0051948,0,ortholog_one2many
LOC6897966,CG7208,FBgn0038575,0,ortholog_one2many
LOC4811993,hoka,FBgn0035583,1,ortholog_one2one
LOC26532659,wdp,FBgn0034718,1,ortholog_one2one
LOC4801406,CtBP,FBgn0020496,1,ortholog_one2one
LOC6903163,CG34178,FBgn0085207,1,ortholog_one2one
LOC6897057,CG17192,FBgn0039472,1,ortholog_many2many
LOC6897057,CG17191,FBgn0039473,1,ortholog_many2many
LOC6897057,CG6283,FBgn0039474,1,ortholog_many2many
LOC4801455,WRNexo,FBgn0038608,1,ortholog_one2one
LOC4814840,Pdp,FBgn0029958,1,ortholog_one2one
LOC4814662,dpr18,FBgn0030723,0,ortholog_one2one
LOC4804289,Phm,FBgn0283509,1,ortholog_one2one
LOC4805711,Plekhm1,FBgn0034694,1,ortholog_one2one
LOC117183166,mtTFB1,FBgn0261381,1,ortholog_one2one
LOC6898874,lola,FBgn0283521,1,ortholog_one2one
LOC4805506,CG15651,FBgn0034567,1,ortholog_one2one
LOC4817592,ast,FBgn0015905,1,ortholog_one2one
LOC4800735,Spag1,FBgn0039463,1,ortholog_one2one
LOC4803111,CG6574,FBgn0037846,1,ortholog_one2one
LOC4812656,CG15005,FBgn0035508,1,ortholog_one2one
LOC4817590,gNacalpha,FBgn0031296,1,ortholog_one2one
LOC4805523,Cht4,FBgn0022700,1,ortholog_one2one
LOC4801074,BomBc3,FBgn0040582,1,ortholog_one2one
LOC4804883,CG30016,FBgn0050016,1,ortholog_one2one
LOC4816738,vkg,FBgn0016075,1,ortholog_one2one
LOC4803132,Ugt35B1,FBgn0026314,1,ortholog_one2one
LOC6898282,Drip,FBgn0015872,1,ortholog_one2one
LOC6900886,CG13667,FBgn0035890,1,ortholog_one2one
LOC4802089,Irc,FBgn0038465,1,ortholog_one2one
LOC4813667,Tsr1,FBgn0037073,1,ortholog_one2one
LOC4813204,CG10654,FBgn0036294,0,ortholog_one2one
LOC4802559,CG10311,FBgn0038420,1,ortholog_one2one
LOC4804335,RagC-D,FBgn0033272,0,ortholog_one2one
LOC4817353,bib,FBgn0000180,1,ortholog_one2one
LOC6903737,PH4alphaNE2,FBgn0039783,0,ortholog_many2many
LOC6903737,CG31524,FBgn0051524,0,ortholog_many2many
LOC117183286,Tcs6,FBgn0260224,1,ortholog_one2one
LOC4803700,ND-B12,FBgn0034645,1,ortholog_one2one
LOC4814726,RpL35,FBgn0029785,1,ortholog_one2one
LOC4802301,Pak,FBgn0267698,1,ortholog_one2one
LOC4802021,CG8032,FBgn0037606,0,ortholog_one2one
LOC4815673,rg,FBgn0266098,0,ortholog_one2one
LOC4805562,bdg,FBgn0034049,1,ortholog_one2one
LOC4817299,mEFG1,FBgn0263133,1,ortholog_one2one
LOC6898818,pgc,FBgn0016053,1,ortholog_one2one
LOC6897709,Rpn12R,FBgn0036465,0,ortholog_one2many
LOC4816853,CG13272,FBgn0086673,1,ortholog_one2one
LOC4816156,AANATL2,FBgn0031791,1,ortholog_one2one
LOC4814876,CG3630,FBgn0023540,0,ortholog_one2one
LOC4817069,CG10348,FBgn0032707,1,ortholog_one2one
LOC4818055,CG33116,FBgn0053116,1,ortholog_one2one
LOC4805470,Tmem131,FBgn0034060,1,ortholog_one2one
LOC4812722,SrpRbeta,FBgn0011509,1,ortholog_one2one
LOC117185636,His2A:CG33862,FBgn0053862,1,ortholog_one2one
LOC4812032,CG10738,FBgn0036368,1,ortholog_one2one
LOC4816863,atilla,FBgn0032422,1,ortholog_one2one
LOC4805437,CG4741,FBgn0035040,1,ortholog_one2one
LOC26533210,Rpp20,FBgn0066304,1,ortholog_one2one
LOC6903287,Ir21a,FBgn0031209,1,ortholog_one2many
LOC4801727,CG8087,FBgn0038241,0,ortholog_one2many
LOC4801727,CG14851,FBgn0038240,1,ortholog_one2many
LOC4800577,Ublcp1,FBgn0027526,1,ortholog_one2one
LOC6897248,Grik,FBgn0038840,0,ortholog_one2one
LOC6903173,CG14339,FBgn0031301,1,ortholog_one2one
LOC4804606,CG7137,FBgn0034422,1,ortholog_one2one
LOC6902821,RapGAP1,FBgn0264895,0,ortholog_one2one
LOC4818192,Nhe2,FBgn0040297,1,ortholog_one2one
LOC4811858,CG18135,FBgn0036837,1,ortholog_one2one
LOC117183311,HDAC11,FBgn0051119,1,ortholog_one2many
LOC6901805,Taf9,FBgn0000617,1,ortholog_one2one
LOC4802741,CG9853,FBgn0086605,1,ortholog_one2one
LOC6900699,CG9902,FBgn0030757,0,ortholog_one2many
LOC6900699,CG7692,FBgn0036714,1,ortholog_one2many
LOC4801906,Osi24,FBgn0037409,1,ortholog_one2one
LOC4812909,brm,FBgn0000212,0,ortholog_many2many
LOC4800415,AdoR,FBgn0039747,1,ortholog_one2one
LOC4813855,frc,FBgn0042641,1,ortholog_one2one
LOC4817908,Grx3,FBgn0032509,1,ortholog_one2one
LOC4804408,CG17999,FBgn0034552,1,ortholog_one2one
LOC4802209,E(spl)m5-HLH,FBgn0002631,1,ortholog_one2one
LOC4802639,Or85b,FBgn0037590,1,ortholog_one2one
LOC4817881,Ziz,FBgn0260486,0,ortholog_one2one
LOC4803419,Adf1,FBgn0284249,1,ortholog_one2one
LOC4815804,Ctr1A,FBgn0062413,1,ortholog_one2one
LOC6897086,kl-5,FBgn0267433,0,ortholog_one2one
LOC6898426,CAP,FBgn0033504,1,ortholog_one2one
LOC4815402,inaF-C,FBgn0085350,1,ortholog_one2one
LOC4817072,CG15385,FBgn0031397,1,ortholog_one2one
LOC6900874,Cpr78Ca,FBgn0037067,1,ortholog_one2one
LOC4816577,CG17104,FBgn0040496,1,ortholog_one2one
LOC6901232,B-H2,FBgn0004854,1,ortholog_one2one
LOC4802132,SpdS,FBgn0037723,0,ortholog_one2one
LOC6903204,CG7420,FBgn0031344,1,ortholog_one2many
LOC4817526,Der-1,FBgn0267972,1,ortholog_one2one
LOC6900948,CG42714,FBgn0261631,1,ortholog_one2one
LOC6897404,wek,FBgn0001990,0,ortholog_one2one
LOC6902260,CG8128,FBgn0030668,1,ortholog_one2one
LOC4813871,CG14829,FBgn0035751,1,ortholog_one2one
LOC4815269,CG10347,FBgn0030342,0,ortholog_one2one
LOC4815521,PIG-K,FBgn0023545,1,ortholog_one2one
LOC4813982,CG18171,FBgn0035262,0,ortholog_one2one
LOC6896902,cher,FBgn0014141,1,ortholog_one2one
LOC4802070,Mettl4,FBgn0015351,1,ortholog_one2one
LOC4812011,CG12605,FBgn0035481,1,ortholog_one2one
LOC4815542,Rnp4F,FBgn0014024,1,ortholog_one2one
LOC4800798,CG14892,FBgn0038447,1,ortholog_one2one
LOC6902956,CG17597,FBgn0032715,1,ortholog_one2one
LOC26534320,Ptp36E,FBgn0267486,1,ortholog_one2one
LOC6897642,CG17361,FBgn0036395,0,ortholog_one2many
LOC6900813,Dic4,FBgn0036808,0,ortholog_one2one
LOC6896976,CG3788,FBgn0034800,0,ortholog_one2many
LOC4802879,CG5916,FBgn0038401,1,ortholog_one2one
LOC4800711,qless,FBgn0051005,1,ortholog_one2one
LOC4811782,apolpp,FBgn0087002,0,ortholog_one2one
LOC4800751,CG6403,FBgn0039453,1,ortholog_one2one
LOC6902413,DIP-epsilon,FBgn0259714,0,ortholog_one2one
LOC4816659,CG46301,FBgn0283651,1,ortholog_one2one
LOC4801446,CG7685,FBgn0038619,1,ortholog_one2one
LOC4804155,lolal,FBgn0022238,1,ortholog_one2one
LOC6901611,Nost,FBgn0259734,1,ortholog_one2one
LOC4800341,stops,FBgn0086704,1,ortholog_one2one
LOC4818007,CG4701,FBgn0028868,0,ortholog_one2one
LOC6896808,CG10182,FBgn0039091,1,ortholog_many2many
LOC6896808,CG16723,FBgn0039092,1,ortholog_many2many
LOC6896808,CG13325,FBgn0033792,0,ortholog_many2many
LOC6896808,CG33337,FBgn0053337,1,ortholog_many2many
LOC6896808,CG10183,FBgn0039093,1,ortholog_many2many
LOC26534190,AGO3,FBgn0250816,0,ortholog_one2one
LOC4804789,Ote,FBgn0266420,1,ortholog_one2one
LOC4803108,ear,FBgn0026441,1,ortholog_one2one
LOC117183930,CG43064,FBgn0262366,0,ortholog_one2many
LOC4811886,Sac1,FBgn0283500,1,ortholog_one2one
LOC6900961,CG10147,FBgn0035702,1,ortholog_one2many
LOC4812235,CG3448,FBgn0035996,1,ortholog_one2one
LOC4815894,MTPAP,FBgn0024360,1,ortholog_one2one
LOC4815560,Myc,FBgn0262656,0,ortholog_one2one
LOC4813633,CG32298,FBgn0052298,1,ortholog_one2one
LOC4816230,CG3651,FBgn0032974,1,ortholog_one2one
LOC6897849,gfzf,FBgn0250732,1,ortholog_one2one
LOC4800799,Scp2,FBgn0020907,1,ortholog_one2one
LOC4818013,CG9044,FBgn0031752,1,ortholog_one2one
LOC4814017,UGP,FBgn0035978,1,ortholog_one2one
LOC6901839,CG3091,FBgn0029608,1,ortholog_one2one
LOC4800866,tin,FBgn0004110,1,ortholog_one2one
LOC4803012,Nasp,FBgn0037624,1,ortholog_one2one
LOC6900608,tna,FBgn0026160,1,ortholog_one2one
LOC6902086,CG32813,FBgn0052813,1,ortholog_one2one
LOC4800535,CG5412,FBgn0038806,1,ortholog_one2one
LOC4816056,Obp19d,FBgn0011280,1,ortholog_one2one
LOC26532367,Snp,FBgn0265192,0,ortholog_one2many
LOC4802742,CG9855,FBgn0037242,1,ortholog_one2many
LOC4802742,CG17991,FBgn0039498,0,ortholog_one2many
LOC4812498,CG13928,FBgn0035246,1,ortholog_one2one
LOC4801664,CG7054,FBgn0038972,1,ortholog_one2one
LOC4805073,CG8746,FBgn0033330,1,ortholog_one2one
LOC6899016,EcR,FBgn0000546,1,ortholog_one2one
LOC4800536,TFAM,FBgn0038805,1,ortholog_one2one
LOC4801669,CG12499,FBgn0038968,1,ortholog_one2one
LOC4812734,Nelf-E,FBgn0017430,1,ortholog_one2one
LOC4800586,CenB1A,FBgn0039056,1,ortholog_one2one
LOC6898069,CG4716,FBgn0033820,1,ortholog_one2one
LOC4803340,Mp20,FBgn0002789,1,ortholog_one2one
LOC4813935,Prim1,FBgn0011762,1,ortholog_one2one
LOC4804943,Ir56c,FBgn0034457,1,ortholog_one2one
LOC4803170,CG14315,FBgn0038568,1,ortholog_one2many
LOC6900977,Ppm1,FBgn0035143,1,ortholog_one2one
LOC4813201,CG7600,FBgn0064766,1,ortholog_one2one
LOC4814711,CG2004,FBgn0030060,1,ortholog_one2one
LOC6896710,CG42558,FBgn0260760,1,ortholog_one2one
LOC4815523,Sik2,FBgn0025625,1,ortholog_one2one
LOC4804890,Vamp7,FBgn0266186,1,ortholog_one2one
LOC4802369,CG18764,FBgn0042205,1,ortholog_one2one
LOC4817001,ninaC,FBgn0002938,1,ortholog_one2one
LOC6900082,CG42307,FBgn0259203,1,ortholog_one2one
LOC4813984,CG7724,FBgn0036698,1,ortholog_one2one
LOC6896910,CG33784,FBgn0053784,1,ortholog_many2many
LOC6896910,CG33783,FBgn0053783,1,ortholog_many2many
LOC4816475,Dyrk2,FBgn0016930,1,ortholog_one2one
LOC4817935,CG2201,FBgn0032955,1,ortholog_one2one
LOC4801922,Obp83a,FBgn0011281,1,ortholog_one2one
LOC6898136,CG14204,FBgn0031032,0,ortholog_one2one
LOC4800868,CheB53b,FBgn0261293,0,ortholog_one2many
LOC4800868,CheB93b,FBgn0051438,0,ortholog_one2many
LOC4800868,CheB53a,FBgn0261292,0,ortholog_one2many
LOC4800868,CheB93a,FBgn0038888,0,ortholog_one2many
LOC4802722,CG10435,FBgn0037539,1,ortholog_one2one
LOC4802155,CG42812,FBgn0261994,1,ortholog_one2one
LOC4801321,TwdlS,FBgn0039443,1,ortholog_one2one
LOC4813709,Trmt112,FBgn0037061,1,ortholog_one2one
LOC4812097,Ogdh,FBgn0010352,1,ortholog_one2one
LOC4817858,nur,FBgn0051813,1,ortholog_one2one
LOC4803054,CG4367,FBgn0038783,1,ortholog_one2one
LOC4815361,CG3726,FBgn0029824,0,ortholog_one2one
LOC4800235,Nph,FBgn0039735,1,ortholog_one2one
LOC4805723,CG8249,FBgn0034045,1,ortholog_one2one
LOC4805171,CG42808,FBgn0261990,1,ortholog_one2one
LOC4805735,Cep89,FBgn0266708,1,ortholog_one2one
LOC4803685,Cyp6g2,FBgn0033696,1,ortholog_one2one
LOC4801507,CG9471,FBgn0037749,1,ortholog_one2one
LOC117183506,sei,FBgn0003353,1,ortholog_one2one
LOC4815498,CG14439,FBgn0029898,0,ortholog_one2one
LOC4805745,CG15111,FBgn0034419,1,ortholog_one2one
LOC4814006,Galphai,FBgn0001104,1,ortholog_one2one
LOC4803499,sPLA2,FBgn0033170,1,ortholog_one2one
LOC4815792,Shawn,FBgn0031039,1,ortholog_one2one
LOC6902202,CG42240,FBgn0250869,1,ortholog_one2one
LOC4813923,CG12971,FBgn0037078,1,ortholog_one2one
LOC6901160,arm,FBgn0000117,1,ortholog_one2one
LOC13036532,CG34425,FBgn0085454,1,ortholog_one2one
LOC4812330,CG14183,FBgn0036931,0,ortholog_one2one
LOC4814666,Hgsnat,FBgn0029737,1,ortholog_one2one
LOC4817842,Vm26Ab,FBgn0003980,1,ortholog_one2one
LOC4801386,Ravus,FBgn0038128,1,ortholog_one2one
LOC4800874,CG6225,FBgn0038072,1,ortholog_one2one
LOC6900660,Lkr,FBgn0035610,1,ortholog_one2one
LOC4814651,Efr,FBgn0029849,1,ortholog_one2one
LOC4815636,tko,FBgn0003714,0,ortholog_one2one
LOC4803033,CG11986,FBgn0037656,1,ortholog_one2one
LOC4814678,CG14414,FBgn0030571,1,ortholog_one2one
LOC6898822,Vps35,FBgn0034708,1,ortholog_one2one
LOC6901086,RhoU,FBgn0083940,0,ortholog_one2one
LOC4813620,CG10984,FBgn0036305,1,ortholog_one2one
LOC4803327,d4,FBgn0033015,0,ortholog_one2one
LOC117183716,CG42753,FBgn0261807,1,ortholog_one2one
LOC6897483,CG33341,FBgn0053341,1,ortholog_one2one
LOC4815488,Polr2A,FBgn0003277,0,ortholog_one2one
LOC6900553,HBS1,FBgn0042712,1,ortholog_one2one
LOC4802396,CG6974,FBgn0038285,1,ortholog_one2one
LOC6897873,Sp7,FBgn0037515,1,ortholog_one2one
LOC4812311,CG42638,FBgn0261361,1,ortholog_one2many
LOC4812311,Trpml,FBgn0262516,1,ortholog_one2many
LOC6898489,HnRNP-K,FBgn0267791,1,ortholog_one2one
LOC4813905,Fdx2,FBgn0035529,1,ortholog_one2one
LOC6899050,eIF3f2,FBgn0033069,1,ortholog_one2one
LOC6899110,CG7668,FBgn0036929,0,ortholog_one2one
LOC6898514,CG5504,FBgn0002174,1,ortholog_one2one
LOC6897334,Sec10,FBgn0266673,1,ortholog_one2one
LOC4801949,cv-c,FBgn0285955,1,ortholog_one2one
LOC4817973,Tep4,FBgn0041180,1,ortholog_one2many
LOC4816148,CatB,FBgn0032061,1,ortholog_one2one
LOC4803049,ND-49L,FBgn0039331,1,ortholog_one2one
LOC4816931,brun,FBgn0261787,1,ortholog_one2one
LOC6901726,htk,FBgn0085451,1,ortholog_one2one
LOC6897406,CG12288,FBgn0032620,0,ortholog_one2one
LOC4801605,CG14518,FBgn0039621,1,ortholog_one2one
LOC6896999,CG6465,FBgn0037818,1,ortholog_one2one
LOC4811843,Hcf,FBgn0039904,1,ortholog_one2one
LOC4816736,CG8668,FBgn0031988,0,ortholog_one2one
LOC6897669,CG10013,FBgn0038012,1,ortholog_one2one
LOC4802587,Ect3,FBgn0260746,1,ortholog_one2one
LOC4816985,CG5043,FBgn0032636,1,ortholog_one2one
LOC6897457,CG14692,FBgn0037836,0,ortholog_one2many
LOC6901803,Mco4,FBgn0052557,1,ortholog_one2one
LOC4816569,CG5439,FBgn0032476,1,ortholog_one2one
LOC4814169,mRpL36,FBgn0042112,1,ortholog_one2one
LOC4817103,cad,FBgn0000251,1,ortholog_one2one
LOC4802111,Mcm5,FBgn0017577,1,ortholog_one2one
LOC6897672,ScsbetaA,FBgn0037643,1,ortholog_one2one
LOC6898620,egg,FBgn0086908,1,ortholog_one2one
LOC6898401,ste24c,FBgn0050462,1,ortholog_one2one
LOC4815603,pck,FBgn0013720,1,ortholog_one2one
LOC4802012,omd,FBgn0038168,1,ortholog_one2one
LOC4800478,Spase12,FBgn0040623,1,ortholog_one2one
LOC6901765,CG34337,FBgn0085366,1,ortholog_one2one
LOC26533789,CG34220,FBgn0085249,1,ortholog_one2one
LOC4815526,futsch,FBgn0259108,1,ortholog_one2one
LOC4817693,Elba3,FBgn0031621,1,ortholog_one2one
LOC4812160,kst,FBgn0004167,0,ortholog_one2one
LOC4813764,Zn72D,FBgn0263603,1,ortholog_one2one
LOC4800494,ppk20,FBgn0039676,1,ortholog_one2many
LOC6898871,CG12934,FBgn0033541,1,ortholog_one2one
LOC4802450,CAHbeta,FBgn0037646,0,ortholog_one2one
LOC6900614,Dci,FBgn0035169,1,ortholog_one2many
LOC4801164,CG14511,FBgn0039641,1,ortholog_one2one
LOC6898745,CG30026,FBgn0050026,0,ortholog_one2one
LOC4805698,CG11170,FBgn0034705,1,ortholog_one2one
LOC4803520,CG13562,FBgn0034928,1,ortholog_one2one
LOC5495504,CG30344,FBgn0050344,1,ortholog_one2one
LOC4803880,Achl,FBgn0033936,1,ortholog_one2one
LOC4802330,Fbxl7,FBgn0038385,1,ortholog_one2one
LOC6902253,JYalpha,FBgn0267363,0,ortholog_one2one
LOC4813260,dlp,FBgn0041604,1,ortholog_one2one
LOC4804641,CG30148,FBgn0050148,1,ortholog_one2one
LOC4813761,CG7275,FBgn0036500,1,ortholog_one2one
LOC4801562,PTPMT1,FBgn0039111,1,ortholog_one2one
LOC6900629,CG3868,FBgn0036422,1,ortholog_one2one
LOC4805463,Nepl10,FBgn0033742,1,ortholog_one2one
LOC4817857,mRpL10,FBgn0031231,1,ortholog_one2one
LOC4804171,CG11141,FBgn0033177,1,ortholog_one2one
LOC4817967,Dad1,FBgn0263852,1,ortholog_one2one
LOC4813144,CG32182,FBgn0052182,1,ortholog_one2one
LOC4817403,strat,FBgn0032020,1,ortholog_one2one
LOC4812017,Ist1,FBgn0035715,1,ortholog_one2one
LOC4811860,Syx8,FBgn0036643,1,ortholog_one2one
LOC4814751,CG14416,FBgn0040352,1,ortholog_one2one
LOC4815249,CG6414,FBgn0029690,1,ortholog_one2one
LOC4817930,ppk,FBgn0020258,1,ortholog_one2one
LOC6898612,RhoGAP54D,FBgn0034249,1,ortholog_one2one
LOC26534411,vnc,FBgn0263251,1,ortholog_one2one
LOC6902257,HUWE1,FBgn0030674,1,ortholog_one2one
LOC4800607,btn,FBgn0014949,1,ortholog_one2one
LOC4812111,CG10116,FBgn0036367,1,ortholog_one2one
LOC4802168,BRWD3,FBgn0011785,1,ortholog_one2one
LOC6896656,CG13639,FBgn0265266,1,ortholog_one2one
LOC6901175,CG17169,FBgn0040514,1,ortholog_one2one
LOC4812823,Pldn,FBgn0036192,1,ortholog_one2one
LOC6901457,CG7295,FBgn0031372,0,ortholog_one2one
LOC6902589,DIP-theta,FBgn0051646,1,ortholog_one2one
LOC4803783,Syn2,FBgn0034135,1,ortholog_one2one
LOC4814772,Spase25,FBgn0030306,1,ortholog_one2one
LOC4813864,CG5290,FBgn0036772,1,ortholog_one2one
LOC6897543,stwl,FBgn0003459,0,ortholog_one2many
LOC4817340,CG31751,FBgn0086909,1,ortholog_one2one
LOC4812642,Akh,FBgn0004552,1,ortholog_one2one
LOC4813998,Mrtf,FBgn0052296,1,ortholog_one2one
LOC4803636,Nop17l,FBgn0033224,1,ortholog_one2one
LOC4805177,CG30345,FBgn0050345,1,ortholog_one2one
LOC6897051,CG1638,FBgn0039855,1,ortholog_one2many
LOC6897051,CG1635,FBgn0039854,1,ortholog_one2many
LOC4813627,not,FBgn0013717,1,ortholog_one2one
LOC4815173,Pgam5,FBgn0023517,1,ortholog_one2one
LOC4816136,CG31633,FBgn0051633,1,ortholog_one2one
LOC4813894,SdhAL,FBgn0036222,1,ortholog_one2one
LOC13036350,l(3)80Fj,FBgn0287182,0,ortholog_one2one
LOC13036391,Ubi-p63E,FBgn0003943,1,ortholog_one2one
LOC6900258,CG14096,FBgn0036871,0,ortholog_many2many
LOC6900258,CG18294,FBgn0036873,1,ortholog_many2many
LOC4817461,Cse1,FBgn0022213,1,ortholog_one2one
LOC4814195,Ubr1,FBgn0030809,1,ortholog_one2one
LOC4803461,Tsp42Eg,FBgn0033128,1,ortholog_one2one
LOC4803504,gbb,FBgn0024234,1,ortholog_one2one
LOC4815314,alpha-PheRS,FBgn0030007,1,ortholog_one2one
LOC4813836,Oseg2,FBgn0035317,1,ortholog_one2one
LOC4816600,yuri,FBgn0045842,1,ortholog_one2one
LOC6896894,Prosbeta4R1,FBgn0031442,0,ortholog_one2one
LOC4803725,Klp59C,FBgn0034824,1,ortholog_one2one
LOC4813147,Ae2,FBgn0036043,1,ortholog_one2one
LOC117183337,CG6184,FBgn0038725,1,ortholog_one2many
LOC6903211,Arp53D,FBgn0011743,0,ortholog_one2many
LOC6903177,capt,FBgn0261458,1,ortholog_one2one
LOC4813715,CG32195,FBgn0052195,1,ortholog_one2one
LOC117183371,neo,FBgn0039704,0,ortholog_one2one
LOC6902369,LManV,FBgn0032068,1,ortholog_many2many
LOC6902369,LManVI,FBgn0032069,1,ortholog_many2many
LOC4811678,pim,FBgn0003087,1,ortholog_one2one
LOC4812869,CG5687,FBgn0035293,1,ortholog_one2one
LOC4814605,sloth1,FBgn0052736,1,ortholog_one2one
LOC4818010,CG9107,FBgn0031764,1,ortholog_one2one
LOC4801445,CG31122,FBgn0051122,1,ortholog_one2one
LOC4802462,CG4576,FBgn0038366,1,ortholog_one2one
LOC4817817,Stip1,FBgn0024352,1,ortholog_one2one
LOC4813768,CG6683,FBgn0035902,1,ortholog_one2one
LOC4804804,GstE10,FBgn0063499,1,ortholog_one2one
LOC4817443,mtDNA-helicase,FBgn0032154,1,ortholog_one2one
LOC4802895,CG4210,FBgn0038302,1,ortholog_one2one
LOC4805028,Ser8,FBgn0019928,1,ortholog_one2one
LOC4801536,Calx,FBgn0013995,0,ortholog_one2one
LOC6897368,MtnD,FBgn0053192,1,ortholog_one2one
LOC4803053,CG4362,FBgn0038784,1,ortholog_one2one
LOC4818105,CG11147,FBgn0031734,1,ortholog_one2one
LOC4803600,Lcp1,FBgn0002531,1,ortholog_many2many
LOC4803600,Lcp2,FBgn0002533,1,ortholog_many2many
LOC6903294,Nuf2,FBgn0031886,1,ortholog_one2one
LOC4814519,tsg,FBgn0003865,1,ortholog_one2one
LOC6900833,CG42588,FBgn0260965,1,ortholog_one2one
LOC4815169,Zw,FBgn0004057,1,ortholog_one2one
LOC4804391,CG13331,FBgn0033850,1,ortholog_one2one
LOC4805585,Debcl,FBgn0029131,0,ortholog_one2one
LOC4814643,pot,FBgn0250871,1,ortholog_one2one
LOC6903901,Rab7,FBgn0015795,1,ortholog_one2many
LOC6902251,CG4829,FBgn0030796,1,ortholog_one2one
LOC6897959,sr,FBgn0003499,1,ortholog_one2one
LOC4814115,ldbr,FBgn0035838,1,ortholog_one2one
LOC4813174,Eig71Eg,FBgn0004594,1,ortholog_one2one
LOC4805589,Brca2,FBgn0050169,0,ortholog_one2one
LOC4815285,CG15211,FBgn0030234,1,ortholog_one2one
LOC6898657,GstE3,FBgn0063497,1,ortholog_one2many
LOC6898084,CG9447,FBgn0033110,1,ortholog_one2one
LOC4801745,AP-1sigma,FBgn0039132,1,ortholog_one2one
LOC4815001,SmydA-4,FBgn0030257,1,ortholog_one2one
LOC4815328,CG11655,FBgn0030638,1,ortholog_one2one
LOC4803965,Polr1A,FBgn0019938,0,ortholog_one2one
LOC4812781,Klc,FBgn0010235,1,ortholog_one2one
LOC4815588,CG1463,FBgn0030406,0,ortholog_one2one
LOC6901198,CG14229,FBgn0031059,1,ortholog_one2one
LOC4802294,gzl,FBgn0037442,1,ortholog_one2one
LOC4804278,Cpr49Af,FBgn0033729,1,ortholog_one2one
LOC6899370,mRpL55,FBgn0038678,1,ortholog_one2one
LOC4804273,Cpr49Ad,FBgn0033726,1,ortholog_one2one
LOC6899873,toy,FBgn0019650,1,ortholog_one2one
LOC4802755,Suv3,FBgn0037232,1,ortholog_one2one
LOC4805003,PIG-X,FBgn0050381,1,ortholog_one2one
LOC4816155,CG13983,FBgn0031792,0,ortholog_one2one
LOC4805269,Grl58a,FBgn0034683,1,ortholog_one2one
LOC4802956,alpha-Est10,FBgn0015569,1,ortholog_one2one
LOC6899180,Gr85a,FBgn0045473,1,ortholog_one2one
LOC4813958,Arv1,FBgn0052442,1,ortholog_one2one
LOC6903288,CG15824,FBgn0031292,1,ortholog_one2one
LOC6897963,Prx5,FBgn0038570,1,ortholog_one2one
LOC4812827,ORMDL,FBgn0037110,1,ortholog_one2one
LOC6902161,mys,FBgn0004657,1,ortholog_one2one
LOC4813493,CG13724,FBgn0036707,1,ortholog_one2one
LOC4815264,CG10761,FBgn0030015,1,ortholog_one2many
LOC4803557,CG15861,FBgn0035084,1,ortholog_one2one
LOC4804322,gek,FBgn0023081,1,ortholog_one2one
LOC6898870,wde,FBgn0027499,1,ortholog_one2one
LOC4814202,IntS4,FBgn0026679,0,ortholog_one2one
LOC4815510,Syx16,FBgn0031106,1,ortholog_one2one
LOC4812374,ringer,FBgn0266417,1,ortholog_one2one
LOC4803594,CG8701,FBgn0033287,1,ortholog_one2one
LOC4812267,CG32267,FBgn0052267,1,ortholog_one2one
LOC4811926,Alg11,FBgn0037108,0,ortholog_one2one
LOC6903067,alpha4GT1,FBgn0031491,1,ortholog_one2many
LOC4817885,noc,FBgn0005771,1,ortholog_one2one
LOC4815005,CDK2AP1,FBgn0030269,1,ortholog_one2one
LOC4804248,AsnRS-m,FBgn0034177,1,ortholog_one2one
LOC4811904,olf413,FBgn0037153,1,ortholog_one2one
LOC4804340,Pbp49,FBgn0260398,1,ortholog_one2one
LOC6899331,pum,FBgn0003165,0,ortholog_one2one
LOC6898950,CG13185,FBgn0033661,1,ortholog_one2many
LOC6902834,Sr-CI,FBgn0014033,1,ortholog_one2many
LOC6902834,Sr-CIII,FBgn0020376,0,ortholog_one2many
LOC6902834,Sr-CIV,FBgn0031547,0,ortholog_one2many
LOC6902834,Sr-CII,FBgn0020377,0,ortholog_one2many
LOC4803660,SdhA,FBgn0261439,1,ortholog_one2one
LOC6898946,CG34229,FBgn0259832,1,ortholog_one2one
LOC4816328,CG15286,FBgn0028531,1,ortholog_one2one
LOC4818183,Noc2,FBgn0032925,1,ortholog_one2one
LOC4801990,yellow-e2,FBgn0038151,1,ortholog_one2one
LOC6900418,CG43896,FBgn0264488,1,ortholog_one2one
LOC4816270,CG14017,FBgn0031721,1,ortholog_one2one
LOC4817389,CG33127,FBgn0053127,1,ortholog_one2one
LOC6903053,salm,FBgn0261648,1,ortholog_one2one
LOC4816452,CG15258,FBgn0032563,1,ortholog_one2one
LOC4815801,MagR,FBgn0026666,1,ortholog_one2one
LOC4817757,CG11374,FBgn0031214,1,ortholog_one2one
LOC4814288,Trxr1,FBgn0020653,1,ortholog_one2one
LOC117184847,Pkd2,FBgn0041195,0,ortholog_one2many
LOC6897620,Tim17b1,FBgn0037310,1,ortholog_one2one
LOC4803804,CG30096,FBgn0050096,1,ortholog_one2one
LOC4817793,CG31717,FBgn0051717,0,ortholog_one2one
LOC4817328,Ent1,FBgn0031250,1,ortholog_one2one
LOC4813706,CG6462,FBgn0035663,1,ortholog_one2one
LOC4803179,MED17,FBgn0038578,1,ortholog_one2one
LOC4811704,RluA-2,FBgn0032256,1,ortholog_one2one
LOC4817716,heix,FBgn0028375,1,ortholog_one2one
LOC4813086,CG42337,FBgn0259239,1,ortholog_one2one
LOC4818113,mbm,FBgn0086912,1,ortholog_one2one
LOC6900782,CG34012,FBgn0054012,1,ortholog_one2many
LOC4811694,l(2)37Cb,FBgn0086444,1,ortholog_one2one
LOC117183336,Qsox2,FBgn0038919,1,ortholog_one2many
LOC4801711,RPA1,FBgn0010173,1,ortholog_one2one
LOC4816037,a6,FBgn0023130,1,ortholog_one2one
LOC4800623,CG1523,FBgn0039601,1,ortholog_one2many
LOC4801431,Cpsf73,FBgn0261065,1,ortholog_one2one
LOC4812837,CG6321,FBgn0036117,1,ortholog_one2one
LOC4804084,Def,FBgn0010385,1,ortholog_one2one
LOC4812368,Hml,FBgn0029167,0,ortholog_one2one
LOC6900963,CG10147,FBgn0035702,1,ortholog_one2many
LOC4813901,CG12229,FBgn0036723,1,ortholog_one2one
LOC4813004,akirin,FBgn0082598,1,ortholog_one2many
LOC4804680,icln,FBgn0029079,1,ortholog_one2one
LOC4802202,Exo84,FBgn0266668,1,ortholog_one2one
LOC4804657,CG30122,FBgn0050122,0,ortholog_one2one
LOC117184587,Nemp,FBgn0030768,1,ortholog_one2many
LOC6901629,CG42271,FBgn0259166,1,ortholog_one2one
LOC4802557,js,FBgn0038422,1,ortholog_one2one
LOC4816975,frtz,FBgn0086698,1,ortholog_one2one
LOC4812933,simj,FBgn0010762,1,ortholog_one2one
LOC4803642,CG46385,FBgn0286778,1,ortholog_one2one
LOC4817107,Fs(2)Ket,FBgn0262743,1,ortholog_one2one
LOC4816183,Oatp26F,FBgn0051634,1,ortholog_one2one
LOC6898232,ASPP,FBgn0034606,1,ortholog_one2one
LOC6898301,CG34193,FBgn0085222,1,ortholog_one2one
LOC4813782,CG42709,FBgn0261674,1,ortholog_one2one
LOC4814160,Uxs,FBgn0035848,1,ortholog_one2one
LOC4804302,CG3163,FBgn0034961,1,ortholog_one2one
LOC4805429,PCB,FBgn0027580,0,ortholog_one2one
LOC4802424,Rheb,FBgn0041191,1,ortholog_many2many
LOC4801884,Osi20,FBgn0037430,1,ortholog_one2one
LOC6898155,mtt,FBgn0050361,1,ortholog_one2one
LOC4802392,Sdr,FBgn0038279,1,ortholog_one2one
LOC6900950,CG10226,FBgn0035695,1,ortholog_one2one
LOC4816657,Hr39,FBgn0261239,1,ortholog_one2one
LOC4812277,CG42529,FBgn0260434,1,ortholog_one2many
LOC4812277,Vtld,FBgn0036905,1,ortholog_one2many
LOC4814462,CG1492,FBgn0030361,1,ortholog_one2one
LOC6901885,CG33502,FBgn0053502,1,ortholog_one2many
LOC6901885,CG32500,FBgn0285970,1,ortholog_one2many
LOC6901885,CG32857,FBgn0052857,1,ortholog_one2many
LOC4804649,CG15701,FBgn0034095,1,ortholog_one2one
LOC4816916,Srp54,FBgn0024285,1,ortholog_one2one
LOC6897420,Rbp4,FBgn0010258,1,ortholog_one2one
LOC4804716,Etf-QO,FBgn0286783,1,ortholog_one2one
LOC6898640,CG30053,FBgn0050053,1,ortholog_one2one
LOC6898926,CG10953,FBgn0034204,1,ortholog_one2one
LOC4800386,aralar1,FBgn0028646,1,ortholog_one2one
LOC4816969,Fas3,FBgn0000636,1,ortholog_one2one
LOC4804698,CG3594,FBgn0035063,1,ortholog_one2one
LOC4803258,CG31244,FBgn0051244,1,ortholog_one2one
LOC4804341,Socs44A,FBgn0033266,1,ortholog_one2one
LOC4815283,CG12702,FBgn0031070,1,ortholog_one2many
LOC4817391,CG5846,FBgn0032171,1,ortholog_one2one
LOC6903560,qjt,FBgn0036730,0,ortholog_one2many
LOC6903560,cerv,FBgn0030657,0,ortholog_one2many
LOC4800283,TkR99D,FBgn0004622,1,ortholog_one2one
LOC6902142,CG45065,FBgn0266435,1,ortholog_one2one
LOC6903028,CG31867,FBgn0051867,1,ortholog_one2one
LOC4801456,hmw,FBgn0038607,1,ortholog_one2one
LOC4816827,Nubp1,FBgn0032597,1,ortholog_one2one
LOC4817698,ine,FBgn0011603,0,ortholog_one2one
LOC117185409,CG7290,FBgn0036949,1,ortholog_one2many
LOC4814929,amrt,FBgn0030522,0,ortholog_one2one
LOC4813903,PIG-B,FBgn0035464,1,ortholog_one2one
LOC4817726,Mt2,FBgn0028707,1,ortholog_one2one
LOC4816217,CG13078,FBgn0032809,1,ortholog_one2one
LOC4817056,CG10211,FBgn0032685,1,ortholog_one2one
LOC4802121,veli,FBgn0039269,0,ortholog_one2one
LOC4814585,Parg,FBgn0023216,1,ortholog_one2one
LOC26532169,pho,FBgn0002521,0,ortholog_one2one
LOC4801921,Obp83b,FBgn0010403,1,ortholog_one2one
LOC4815585,drd,FBgn0260006,1,ortholog_one2one
LOC4803338,CG4712,FBgn0033818,1,ortholog_one2many
LOC4803338,CG4714,FBgn0033819,1,ortholog_one2many
LOC4817040,CG9967,FBgn0031413,1,ortholog_one2one
LOC6897046,BOD1,FBgn0039560,1,ortholog_one2one
LOC4801348,CG12279,FBgn0038080,1,ortholog_one2one
LOC4814844,cib,FBgn0026084,1,ortholog_one2one
LOC6899869,yellow-h,FBgn0039896,0,ortholog_one2one
LOC4812085,CG13712,FBgn0035570,1,ortholog_one2one
LOC4816382,dnt,FBgn0024245,1,ortholog_one2one
LOC6901746,SK,FBgn0029761,1,ortholog_one2one
LOC4803418,Cpr60D,FBgn0050163,0,ortholog_one2one
LOC4815251,Gga,FBgn0030141,0,ortholog_one2one
LOC4817090,CG3213,FBgn0031545,1,ortholog_one2one
LOC4812503,Tgi,FBgn0036373,1,ortholog_one2one
LOC4817244,CG4983,FBgn0032371,1,ortholog_one2one
LOC4811828,CG4972,FBgn0032217,0,ortholog_one2one
LOC4802441,POLDIP2,FBgn0037329,1,ortholog_one2one
LOC4815932,CG17841,FBgn0028480,1,ortholog_one2one
LOC4802978,CG2993,FBgn0037521,1,ortholog_one2one
LOC6900185,CycJ,FBgn0010317,1,ortholog_one2many
LOC6898825,CngB,FBgn0266346,1,ortholog_one2one
LOC4815397,CG11158,FBgn0030511,1,ortholog_one2many
LOC4815397,CG5418,FBgn0032436,0,ortholog_one2many
LOC4815414,S6kII,FBgn0262866,1,ortholog_one2one
LOC4813156,CG6497,FBgn0036704,1,ortholog_one2one
LOC6903586,CG9970,FBgn0035380,0,ortholog_one2one
LOC4815452,Obp19a,FBgn0031109,1,ortholog_one2one
LOC4814982,AstA-R1,FBgn0266429,1,ortholog_one2one
LOC4800849,CG32939,FBgn0052939,1,ortholog_one2many
LOC4800849,CG18542,FBgn0037731,0,ortholog_one2many
LOC4812297,PGRP-SB2,FBgn0043577,1,ortholog_one2one
LOC4801389,CG8483,FBgn0038126,1,ortholog_one2one
LOC4800838,Desat2,FBgn0043043,1,ortholog_one2one
LOC4817245,Pgant4,FBgn0051956,1,ortholog_one2one
LOC26533502,CanB2,FBgn0015614,1,ortholog_one2one
LOC4815451,CG2202,FBgn0030240,1,ortholog_one2one
LOC4813631,DCX-EMAP,FBgn0259099,1,ortholog_one2one
LOC4803844,Obp58d,FBgn0034770,1,ortholog_one2one
LOC6898462,shot,FBgn0013733,1,ortholog_one2one
LOC6900708,Cpr65Ay,FBgn0085300,1,ortholog_one2one
LOC6900475,CG13051,FBgn0040799,0,ortholog_one2many
LOC6898252,JhI-26,FBgn0028424,1,ortholog_one2many
LOC4800414,CG15529,FBgn0039748,1,ortholog_one2one
LOC6900243,CG14085,FBgn0036859,1,ortholog_one2one
LOC4811962,Usp5,FBgn0035402,1,ortholog_one2one
LOC4817501,CG31815,FBgn0051815,1,ortholog_one2one
LOC6897275,trx,FBgn0003862,1,ortholog_one2one
LOC6903865,barr,FBgn0014127,0,ortholog_one2many
LOC4805584,Fmo-2,FBgn0033079,1,ortholog_one2one
LOC4805084,Wnt2,FBgn0004360,1,ortholog_one2one
LOC4804916,CG1602,FBgn0033186,1,ortholog_one2one
LOC4801302,Ubc87F,FBgn0267383,1,ortholog_one2one
LOC4803061,CG5023,FBgn0038774,1,ortholog_one2one
LOC4817178,AP-2alpha,FBgn0264855,1,ortholog_one2one
LOC4803737,MFS14,FBgn0010651,1,ortholog_one2one
LOC4801717,Orct,FBgn0019952,1,ortholog_one2one
LOC4804870,eIF2Bgamma,FBgn0034029,1,ortholog_one2one
LOC4805738,Gmppa,FBgn0034035,1,ortholog_one2one
LOC4800422,Kaz,FBgn0051357,1,ortholog_one2one
LOC4811963,BtbVII,FBgn0263108,1,ortholog_one2one
LOC4800251,Nct,FBgn0039234,0,ortholog_one2many
LOC6897130,CG34309,FBgn0259831,1,ortholog_one2one
LOC4803505,bgcn,FBgn0004581,1,ortholog_one2one
LOC4803292,CG7044,FBgn0038854,1,ortholog_one2one
LOC4813736,obst-J,FBgn0036940,1,ortholog_one2one
LOC4802356,CG31288,FBgn0051288,1,ortholog_one2one
LOC6900508,CG8620,FBgn0040837,1,ortholog_one2many
LOC4805244,Loxl2,FBgn0034660,1,ortholog_one2one
LOC4801009,CG11779,FBgn0038683,1,ortholog_one2one
LOC4816839,CG7810,FBgn0032017,1,ortholog_one2one
LOC4801300,primo-1,FBgn0040077,1,ortholog_one2one
LOC4802101,mRpS11,FBgn0038474,1,ortholog_one2one
LOC4800943,CG6972,FBgn0039008,1,ortholog_one2one
LOC4814218,CG12659,FBgn0040929,0,ortholog_one2one
LOC4800337,CG15553,FBgn0039817,1,ortholog_one2one
LOC6897027,nonA,FBgn0004227,0,ortholog_many2many
LOC6897027,nonA-l,FBgn0015520,0,ortholog_many2many
LOC4803189,Mdh2,FBgn0262559,1,ortholog_one2one
LOC4812863,gig,FBgn0005198,1,ortholog_one2one
LOC6897167,sim,FBgn0004666,1,ortholog_one2one
LOC4803139,cu,FBgn0261808,1,ortholog_one2one
LOC4814343,Pdfr,FBgn0260753,1,ortholog_one2one
LOC6901434,dpr8,FBgn0052600,1,ortholog_one2one
LOC4811659,CG9072,FBgn0030614,1,ortholog_one2many
LOC6902842,CG33120,FBgn0053120,0,ortholog_one2many
LOC4801450,CG14309,FBgn0038611,1,ortholog_one2one
LOC4816543,Atg18b,FBgn0032935,1,ortholog_one2one
LOC4812213,NijA,FBgn0036101,1,ortholog_one2one
LOC4803371,CG42326,FBgn0259226,1,ortholog_one2one
LOC4817525,erm,FBgn0031375,1,ortholog_one2one
LOC4811942,Bgb,FBgn0013753,1,ortholog_one2one
LOC4812209,CG9166,FBgn0029514,0,ortholog_one2one
LOC4814452,CG4949,FBgn0030813,1,ortholog_one2one
LOC4804877,Ctf4,FBgn0033890,1,ortholog_one2one
LOC6901667,CG7886,FBgn0038248,0,ortholog_one2many
LOC4815329,CG9921,FBgn0030743,1,ortholog_one2one
LOC6900647,Bro,FBgn0013755,1,ortholog_one2one
LOC6898983,CG9313,FBgn0034566,1,ortholog_one2one
LOC6897545,CG2336,FBgn0037455,1,ortholog_one2one
LOC6903349,CG6479,FBgn0036710,0,ortholog_one2many
LOC4815232,CG8300,FBgn0029937,1,ortholog_one2one
LOC4802228,CG31089,FBgn0051089,0,ortholog_one2one
LOC4803862,CG3649,FBgn0034785,1,ortholog_one2one
LOC4802152,CG17781,FBgn0039196,1,ortholog_one2one
LOC6898539,lva,FBgn0029688,0,ortholog_one2one
LOC26532607,Scp1,FBgn0020908,0,ortholog_one2one
LOC4802279,sowi,FBgn0037460,1,ortholog_one2many
LOC4802279,CG15177,FBgn0037461,1,ortholog_one2many
LOC4800835,Aos1,FBgn0029512,1,ortholog_one2one
LOC6898999,Xbp1,FBgn0021872,1,ortholog_one2one
LOC4812793,Elp5,FBgn0015359,1,ortholog_one2one
LOC6899661,shi,FBgn0003392,1,ortholog_one2one
LOC6903351,COX6AL2,FBgn0036830,0,ortholog_one2many
LOC4801441,CG7691,FBgn0038626,1,ortholog_one2many
LOC4811741,piwi,FBgn0004872,1,ortholog_one2one
LOC4813184,Nrx-IV,FBgn0013997,1,ortholog_one2one
LOC4811978,CG13912,FBgn0035186,1,ortholog_one2one
LOC4802124,CG31111,FBgn0051111,0,ortholog_one2one
LOC4812171,CG18178,FBgn0036035,1,ortholog_one2one
LOC4802214,E(spl)malpha-BFM,FBgn0002732,1,ortholog_one2one
LOC4801203,CG5860,FBgn0038506,1,ortholog_one2one
LOC6900945,Dhps,FBgn0035854,1,ortholog_one2one
LOC4816938,CG8086,FBgn0032010,1,ortholog_one2one
LOC6902962,CG10031,FBgn0031563,1,ortholog_one2one
LOC6899899,CG43331,FBgn0263036,1,ortholog_one2one
LOC4801682,Gpdh3,FBgn0263048,1,ortholog_one2one
LOC4816339,Cdc23,FBgn0032863,0,ortholog_one2many
LOC4816339,CG31687,FBgn0051687,1,ortholog_one2many
LOC4814724,CG44002,FBgn0264744,0,ortholog_one2many
LOC4814724,CG15336,FBgn0030009,1,ortholog_one2many
LOC4800965,tsl,FBgn0003867,1,ortholog_one2one
LOC6901828,Pkd2,FBgn0041195,0,ortholog_one2many
LOC4801504,RpS29,FBgn0261599,1,ortholog_one2one
LOC4812545,CG4098,FBgn0036648,1,ortholog_one2one
LOC4816737,RabGGTb,FBgn0028970,1,ortholog_one2one
LOC4801756,Miro,FBgn0039140,1,ortholog_one2one
LOC6901862,PGRP-LE,FBgn0030695,0,ortholog_one2one
LOC6903021,mu2,FBgn0002872,0,ortholog_one2many
LOC26532159,CG42711,FBgn0261628,1,ortholog_one2one
LOC6903369,CG34181,FBgn0085210,1,ortholog_one2one
LOC6900242,CG42374,FBgn0259720,1,ortholog_one2one
LOC6897162,Mink,FBgn0039250,1,ortholog_one2one
LOC4817555,CG31704,FBgn0051704,1,ortholog_one2many
LOC4817555,Sfp33A3,FBgn0259964,1,ortholog_one2many
LOC4813664,CG32079,FBgn0052079,0,ortholog_one2one
LOC4800689,Surf4,FBgn0019925,1,ortholog_one2one
LOC4801754,KrT95D,FBgn0020647,1,ortholog_one2one
LOC4805498,YME1L,FBgn0034792,1,ortholog_one2one
LOC4817559,Mal-B2,FBgn0032382,1,ortholog_one2one
LOC4811806,ey,FBgn0005558,1,ortholog_one2one
LOC4817795,CG3702,FBgn0031590,1,ortholog_one2one
LOC6897567,CG32856,FBgn0052856,1,ortholog_one2one
LOC6900337,CG34452,FBgn0085481,1,ortholog_one2one
LOC4813020,Helz,FBgn0036451,0,ortholog_one2one
LOC4801245,TfIIA-L,FBgn0011289,1,ortholog_one2one
LOC6900385,CG32432,FBgn0052432,1,ortholog_one2one
LOC6901755,CG42780,FBgn0261848,1,ortholog_one2one
LOC4803572,CG30373,FBgn0050373,1,ortholog_one2one
LOC6899001,Nup133,FBgn0039004,0,ortholog_one2many
LOC4801888,CG31560,FBgn0051560,0,ortholog_one2one
LOC117185209,mRpL33,FBgn0040907,0,ortholog_one2many
LOC4801137,Nep5,FBgn0039478,1,ortholog_one2one
LOC6896824,Rpn2,FBgn0028692,0,ortholog_one2one
LOC6898791,Mmp2,FBgn0033438,1,ortholog_one2one
LOC4817162,CG14022,FBgn0031700,1,ortholog_one2one
LOC4814008,CG4942,FBgn0035960,1,ortholog_one2one
LOC4815777,Gss2,FBgn0052495,0,ortholog_one2many
LOC4815777,Gss1,FBgn0030882,0,ortholog_one2many
LOC4815662,O-fut2,FBgn0027791,1,ortholog_one2one
LOC6898960,CG30094,FBgn0050094,0,ortholog_one2one
LOC26533356,CG43055,FBgn0262357,0,ortholog_many2many
LOC26533356,Sfp24F,FBgn0259958,0,ortholog_many2many
LOC4800475,Ptp99A,FBgn0004369,1,ortholog_one2one
LOC4814924,Act5C,FBgn0000042,1,ortholog_one2one
LOC4816546,Rab14,FBgn0015791,1,ortholog_one2one
LOC4817993,aub,FBgn0000146,0,ortholog_one2many
LOC4800729,CG11334,FBgn0039849,1,ortholog_one2one
LOC4815021,Nadsyn,FBgn0030512,1,ortholog_one2one
LOC6897503,Prosbeta2R2,FBgn0037296,0,ortholog_one2many
LOC6901152,Frq1,FBgn0030897,1,ortholog_one2one
LOC6900116,CG12105,FBgn0035241,1,ortholog_one2one
LOC6897229,RpL30,FBgn0086710,0,ortholog_one2many
LOC6903208,Or22b,FBgn0026397,1,ortholog_many2many
LOC6903208,Or22a,FBgn0026398,1,ortholog_many2many
LOC4815392,CG7246,FBgn0030081,1,ortholog_one2one
LOC6898895,Lst,FBgn0034140,0,ortholog_one2one
LOC4815435,CG14441,FBgn0029895,1,ortholog_one2one
LOC4812959,CG14187,FBgn0036938,1,ortholog_one2one
LOC6901763,CG42246,FBgn0259098,1,ortholog_one2one
LOC4805356,Dg,FBgn0034072,1,ortholog_one2one
LOC4800654,CG5639,FBgn0039527,1,ortholog_one2one
LOC4800627,intr,FBgn0039599,1,ortholog_one2one
LOC4804958,Obp56b,FBgn0046880,1,ortholog_one2one
LOC4804900,M7BP,FBgn0263077,1,ortholog_one2one
LOC6903583,CG43346,FBgn0263051,1,ortholog_one2one
LOC4812836,CG8564,FBgn0035776,1,ortholog_one2one
LOC6897276,CG14840,FBgn0038217,1,ortholog_one2one
LOC4802444,CG14669,FBgn0037326,1,ortholog_one2one
LOC6898302,Patronin,FBgn0263197,1,ortholog_one2one
LOC6901319,wuho,FBgn0029857,0,ortholog_one2one
LOC6899226,CG17570,FBgn0260000,0,ortholog_one2one
LOC4814535,Lint-1,FBgn0030274,1,ortholog_one2one
LOC4800928,rumi,FBgn0086253,1,ortholog_one2one
LOC4814447,CG18258,FBgn0265267,1,ortholog_one2many
LOC6897781,CG34305,FBgn0085334,1,ortholog_one2one
LOC6898703,CG15124,FBgn0034461,0,ortholog_one2one
LOC4815776,Adar,FBgn0026086,0,ortholog_one2one
LOC4805640,metro,FBgn0050021,1,ortholog_one2one
LOC4817496,Tpr2,FBgn0032586,1,ortholog_one2many
LOC6898955,MCPH1,FBgn0260959,1,ortholog_one2one
LOC117183789,GstT1,FBgn0050000,1,ortholog_one2many
LOC4801769,CG13605,FBgn0039150,1,ortholog_one2one
LOC4812767,CG10660,FBgn0036288,1,ortholog_one2one
LOC4800264,CG9717,FBgn0039789,1,ortholog_one2one
LOC6897151,CG14300,FBgn0038643,1,ortholog_one2one
LOC4813177,SCaMC,FBgn0052103,1,ortholog_one2one
LOC4816626,CG18641,FBgn0031426,1,ortholog_one2one
LOC6901834,Cyp4d2,FBgn0011576,0,ortholog_one2many
LOC6901640,DIP-alpha,FBgn0052791,1,ortholog_one2one
LOC117185207,mRpL33,FBgn0040907,0,ortholog_one2many
LOC4814050,Naa30B,FBgn0052319,1,ortholog_one2one
LOC4802274,twr,FBgn0262801,1,ortholog_one2one
LOC6902476,CG7707,FBgn0036703,0,ortholog_one2one
LOC4803922,Mtap,FBgn0034215,1,ortholog_one2one
LOC4805542,LSm1,FBgn0261067,1,ortholog_one2one
LOC4814078,CG1233,FBgn0035137,1,ortholog_one2one
LOC4816891,nub,FBgn0085424,1,ortholog_one2one
LOC4801054,TAF1B,FBgn0037792,1,ortholog_one2one
LOC4815308,CalpC,FBgn0260450,1,ortholog_one2one
LOC4805006,Or43b,FBgn0026393,1,ortholog_one2one
LOC4816396,NimC3,FBgn0001967,1,ortholog_one2one
LOC6902493,CG14929,FBgn0032365,0,ortholog_one2one
LOC4814147,Shc,FBgn0015296,1,ortholog_one2one
LOC4801733,JMJD6,FBgn0038948,0,ortholog_one2one
LOC4812394,CG7139,FBgn0027532,1,ortholog_one2one
LOC6903114,Jwa,FBgn0032704,1,ortholog_one2one
LOC13036434,CG14683,FBgn0037822,1,ortholog_one2one
LOC4804660,CG4975,FBgn0034266,1,ortholog_one2one
LOC4812108,Ilp8,FBgn0036690,1,ortholog_one2one
LOC4802267,Ccp84Ac,FBgn0004781,1,ortholog_one2one
LOC4812742,CG42673,FBgn0261555,1,ortholog_one2one
LOC4815333,CG1394,FBgn0030277,1,ortholog_one2many
LOC4815333,CG15200,FBgn0030278,0,ortholog_one2many
LOC4815333,CG11106,FBgn0030280,0,ortholog_one2many
LOC4803845,CG30275,FBgn0050275,1,ortholog_one2one
LOC4813140,CG6709,FBgn0036056,1,ortholog_one2one
LOC4812416,Agpat4,FBgn0036622,1,ortholog_one2one
LOC4805369,ACOX1,FBgn0027572,1,ortholog_one2one
LOC4804873,Ccs,FBgn0010531,0,ortholog_one2one
LOC4804386,mars,FBgn0033845,1,ortholog_one2one
LOC4813107,MED19,FBgn0036761,1,ortholog_one2one
LOC6898179,CG8850,FBgn0033708,1,ortholog_one2one
LOC4801826,CG14298,FBgn0038654,1,ortholog_one2one
LOC4813467,CG10472,FBgn0035670,1,ortholog_one2one
LOC4804874,dmpd,FBgn0033486,0,ortholog_one2one
LOC6901731,caz,FBgn0285954,1,ortholog_one2one
LOC4805192,CG17574,FBgn0033777,1,ortholog_one2one
LOC4815572,Usp16-45,FBgn0029763,1,ortholog_one2one
LOC4801589,Arl8,FBgn0037551,1,ortholog_one2one
LOC4801278,CG8773,FBgn0038135,1,ortholog_one2one
LOC6901671,RpL30,FBgn0086710,0,ortholog_one2many
LOC4805375,aft,FBgn0026309,1,ortholog_one2one
LOC4801982,CG11563,FBgn0039868,1,ortholog_one2one
LOC4800250,Sry-alpha,FBgn0003510,1,ortholog_one2one
LOC6900429,Jon74E,FBgn0023197,1,ortholog_one2one
LOC4813728,Rpt4R,FBgn0036224,0,ortholog_one2one
LOC4816031,CG4586,FBgn0029924,0,ortholog_one2one
LOC4815492,CG9782,FBgn0030763,0,ortholog_one2one
LOC26533177,CG43207,FBgn0262843,1,ortholog_one2one
LOC117185096,pall,FBgn0036005,1,ortholog_one2one
LOC4805447,CG4681,FBgn0069913,1,ortholog_one2one
LOC6901614,CG33253,FBgn0030992,1,ortholog_one2one
LOC26533319,CG34454,FBgn0085483,1,ortholog_one2one
LOC4816553,CG3792,FBgn0031662,1,ortholog_one2one
LOC4815354,Ubqn,FBgn0031057,1,ortholog_one2one
LOC6903080,CG9338,FBgn0032899,1,ortholog_one2one
LOC4818005,CG3748,FBgn0032110,0,ortholog_one2one
LOC6902747,lt,FBgn0002566,0,ortholog_one2one
LOC4811797,TpnC4,FBgn0033027,0,ortholog_one2one
LOC26533665,CG16719,FBgn0036029,0,ortholog_one2many
LOC13036333,Hmx,FBgn0264005,1,ortholog_one2one
LOC6902169,ari-1,FBgn0017418,0,ortholog_one2one
LOC6898510,CG33774,FBgn0053774,1,ortholog_one2one
LOC4812123,exex,FBgn0041156,1,ortholog_one2one
LOC6898199,Or65c,FBgn0041623,0,ortholog_many2many
LOC6898199,Or65b,FBgn0041624,0,ortholog_many2many
LOC6898199,Or65a,FBgn0041625,0,ortholog_many2many
LOC4813959,CG7611,FBgn0037094,1,ortholog_one2one
LOC4813943,CG7120,FBgn0035888,1,ortholog_one2one
LOC4817702,CG31806,FBgn0051806,1,ortholog_one2one
LOC4801681,CAH8,FBgn0038956,1,ortholog_one2one
LOC6900042,CG15019,FBgn0035541,1,ortholog_one2one
LOC6898900,CG5002,FBgn0034275,1,ortholog_one2one
LOC4804463,CG45062,FBgn0266432,1,ortholog_many2many
LOC4804463,CG45063,FBgn0266433,0,ortholog_many2many
LOC6898299,CG30103,FBgn0050103,1,ortholog_one2one
LOC4813705,CG32278,FBgn0052278,1,ortholog_one2one
LOC6899586,Herc4,FBgn0035207,0,ortholog_one2many
LOC4804272,CG8501,FBgn0033724,1,ortholog_one2one
LOC4801438,CG14304,FBgn0038629,1,ortholog_one2one
LOC4804210,gas,FBgn0034736,1,ortholog_one2one
LOC4801599,Pkc98E,FBgn0003093,1,ortholog_one2one
LOC26534304,CG33978,FBgn0053978,0,ortholog_one2one
LOC4817364,CG4364,FBgn0032138,1,ortholog_one2one
LOC26533119,CG43667,FBgn0263742,1,ortholog_one2one
LOC4817099,Ir25a,FBgn0031634,1,ortholog_one2one
LOC4805042,lin,FBgn0002552,1,ortholog_one2one
LOC4802000,CG9759,FBgn0038160,1,ortholog_one2one
LOC4803137,CG4757,FBgn0027584,1,ortholog_one2one
LOC6898253,CG7755,FBgn0034105,1,ortholog_one2one
LOC4815303,dsh,FBgn0000499,1,ortholog_one2one
LOC4804006,mRpL41,FBgn0034001,1,ortholog_one2one
LOC6902940,ncm,FBgn0086707,1,ortholog_one2one
LOC4816201,Clamp,FBgn0032979,1,ortholog_one2one
LOC4817258,CG13124,FBgn0032156,1,ortholog_one2one
LOC4812350,GluRIA,FBgn0004619,1,ortholog_one2one
LOC4804364,ND-B14,FBgn0033570,0,ortholog_one2one
LOC4815226,Srx,FBgn0030876,1,ortholog_one2one
LOC6899973,mRpL17,FBgn0035122,1,ortholog_one2one
LOC4814287,Him,FBgn0030900,1,ortholog_one2one
LOC6899504,stwl,FBgn0003459,0,ortholog_one2many
LOC4817962,Dus4,FBgn0032750,1,ortholog_one2one
LOC26531987,AGO2,FBgn0087035,0,ortholog_one2many
LOC4813686,FucTA,FBgn0036485,1,ortholog_one2many
LOC5614322,CG4766,FBgn0027546,1,ortholog_one2one
LOC4818002,CG18269,FBgn0031719,1,ortholog_one2one
LOC4817840,Rnmt,FBgn0286027,1,ortholog_one2one
LOC4817280,Amacr,FBgn0032881,1,ortholog_one2one
LOC4803300,CG31207,FBgn0051207,1,ortholog_one2one
LOC4804825,CG14591,FBgn0033054,1,ortholog_one2one
LOC4813065,CG12003,FBgn0035234,1,ortholog_one2one
LOC6897619,mtd,FBgn0013576,1,ortholog_one2one
LOC4801890,Osi15,FBgn0037424,1,ortholog_one2one
LOC4800405,CG9747,FBgn0039754,1,ortholog_one2one
LOC4805147,Uba3,FBgn0263697,1,ortholog_one2one
LOC4801023,CG6325,FBgn0037814,1,ortholog_one2many
LOC4802772,aux,FBgn0037218,1,ortholog_one2one
LOC117184478,obst-F,FBgn0036947,1,ortholog_one2many
LOC4805623,CG13575,FBgn0034996,1,ortholog_one2one
LOC6903885,Dek,FBgn0026533,1,ortholog_one2one
LOC4804002,Rab4,FBgn0016701,1,ortholog_one2one
LOC4804710,CG12134,FBgn0033471,1,ortholog_one2one
LOC4813590,CG14107,FBgn0036351,1,ortholog_one2one
LOC4812223,Ids,FBgn0035445,1,ortholog_one2one
LOC26533468,CG43149,FBgn0262679,1,ortholog_one2one
LOC4801080,CG5455,FBgn0039430,0,ortholog_one2one
LOC6899912,CG33770,FBgn0053770,1,ortholog_one2one
LOC4804245,Ehbp1,FBgn0034180,1,ortholog_one2one
LOC4803350,CG13748,FBgn0033355,1,ortholog_one2one
LOC6900970,CG9168,FBgn0035216,1,ortholog_one2one
LOC4817365,CG15629,FBgn0031630,1,ortholog_one2one
LOC6900021,CG13038,FBgn0040795,1,ortholog_one2one
LOC4800642,Sec13,FBgn0024509,1,ortholog_one2one
LOC26532991,CG16952,FBgn0030701,0,ortholog_one2many
LOC4813495,shd,FBgn0003388,1,ortholog_one2one
LOC4812826,CG32444,FBgn0043783,1,ortholog_one2many
LOC4812826,CG4988,FBgn0032372,0,ortholog_one2many
LOC6900433,form3,FBgn0053556,1,ortholog_one2one
LOC4815697,DIP1,FBgn0024807,1,ortholog_one2many
LOC4801380,CG11771,FBgn0039252,1,ortholog_one2one
LOC4805385,thr,FBgn0003701,1,ortholog_one2one
LOC4816679,Rpn11,FBgn0028694,1,ortholog_one2one
LOC4815398,CG13362,FBgn0029531,0,ortholog_one2one
LOC4803931,insb,FBgn0034224,1,ortholog_one2one
LOC4813244,Acp65Aa,FBgn0020765,1,ortholog_one2one
LOC4803994,cyp33,FBgn0028382,1,ortholog_one2one
LOC6900415,Tengl4,FBgn0037857,0,ortholog_one2one
LOC26532675,CG12560,FBgn0031974,1,ortholog_one2one
LOC4816757,CG14007,FBgn0031731,1,ortholog_one2one
LOC4818012,CG7382,FBgn0031708,1,ortholog_one2one
LOC4814912,Ptp4E,FBgn0004368,1,ortholog_one2one
LOC4801506,Whamy,FBgn0037750,1,ortholog_one2one
LOC4802365,CG11858,FBgn0039305,1,ortholog_one2one
LOC4805672,CCHa2-R,FBgn0033058,0,ortholog_one2one
LOC4800944,CCAP,FBgn0039007,1,ortholog_one2one
LOC6900496,pHCl-1,FBgn0264908,1,ortholog_one2one
LOC4804592,Gnptab,FBgn0033392,0,ortholog_one2one
LOC6898395,CG34190,FBgn0085219,1,ortholog_one2one
LOC4800496,Bub3,FBgn0025457,1,ortholog_one2one
LOC4814559,HLH4C,FBgn0011277,1,ortholog_one2one
LOC6897840,srp,FBgn0003507,1,ortholog_one2one
LOC6901571,CG1631,FBgn0031101,0,ortholog_one2one
LOC4814684,rdgB,FBgn0003218,1,ortholog_one2one
LOC4816976,CG4709,FBgn0032169,1,ortholog_one2one
LOC6897829,Lgr1,FBgn0016650,1,ortholog_one2one
LOC4804292,CG3860,FBgn0034951,1,ortholog_one2one
LOC4813129,Oatp74D,FBgn0036732,1,ortholog_one2one
LOC4803801,Hmgs,FBgn0010611,1,ortholog_one2one
LOC4817082,CG3841,FBgn0032131,1,ortholog_one2one
LOC6902517,Tfb5,FBgn0265968,1,ortholog_one2one
LOC6896790,EloB,FBgn0023212,1,ortholog_one2one
LOC4804334,mRpS17,FBgn0034986,1,ortholog_one2one
LOC4812680,Baldspot,FBgn0260960,1,ortholog_one2one
LOC4804246,CG6805,FBgn0034179,1,ortholog_one2one
LOC6897887,CG8136,FBgn0037616,1,ortholog_one2one
LOC4811872,CG14561,FBgn0037149,1,ortholog_one2one
LOC4817882,Dpm1,FBgn0032799,1,ortholog_one2one
LOC4814245,CG15312,FBgn0030174,1,ortholog_one2one
LOC6896837,htt,FBgn0027655,1,ortholog_one2one
LOC13036408,CG34288,FBgn0085317,1,ortholog_one2one
LOC4801399,Hsc70-2,FBgn0001217,1,ortholog_one2one
LOC4801126,CG31075,FBgn0051075,1,ortholog_one2one
LOC4804478,Or59b,FBgn0034865,1,ortholog_one2one
LOC6898365,dpr13,FBgn0034286,1,ortholog_one2one
LOC6900585,dysc,FBgn0264006,1,ortholog_one2one
LOC4818191,Dap160,FBgn0023388,1,ortholog_one2one
LOC4803216,Jhbp7,FBgn0039297,1,ortholog_one2one
LOC4817905,RpL24,FBgn0032518,1,ortholog_one2one
LOC4815773,Ddx56,FBgn0001565,1,ortholog_one2one
LOC6898212,MFS15,FBgn0034392,1,ortholog_one2one
LOC4800506,CG18731,FBgn0042213,1,ortholog_one2one
LOC4801349,Past1,FBgn0016693,1,ortholog_one2one
LOC6897988,CG6184,FBgn0038725,1,ortholog_one2many
LOC4816814,TpnC25D,FBgn0031692,1,ortholog_one2one
LOC4817276,crok,FBgn0032421,0,ortholog_one2one
LOC4803425,Tdc1,FBgn0259977,1,ortholog_one2one
LOC4804407,CG9993,FBgn0034553,1,ortholog_one2one
LOC4802251,Ufl1,FBgn0037467,1,ortholog_one2one
LOC4805533,mago,FBgn0002736,1,ortholog_one2one
LOC6898111,Eaf,FBgn0033166,1,ortholog_one2one
LOC4802414,Gnpat,FBgn0040212,1,ortholog_one2one
LOC6900017,CG13063,FBgn0036601,1,ortholog_many2many
LOC6900017,CG13043,FBgn0036600,0,ortholog_many2many
LOC4816188,Argl,FBgn0032076,1,ortholog_one2one
LOC4804396,Roe1,FBgn0014877,1,ortholog_one2one
LOC6901052,Hecw,FBgn0261931,1,ortholog_one2one
LOC4815968,Setd3,FBgn0052732,1,ortholog_one2one
LOC4801185,CG12885,FBgn0039523,1,ortholog_one2one
LOC4804163,AQP,FBgn0033807,1,ortholog_one2one
LOC4814194,Nprl2,FBgn0030800,1,ortholog_one2one
LOC4814260,Atg101,FBgn0030960,1,ortholog_one2one
LOC4802461,rec,FBgn0003227,0,ortholog_one2one
LOC6897565,CG34276,FBgn0085305,1,ortholog_one2one
LOC4800780,CG31407,FBgn0051407,1,ortholog_one2one
LOC4811854,CG6843,FBgn0036827,1,ortholog_one2one
LOC4805680,Acp53C14b,FBgn0034153,1,ortholog_one2one
LOC4803439,Spn42Dc,FBgn0033113,1,ortholog_one2one
LOC4813340,RhoGDI,FBgn0036921,1,ortholog_one2one
LOC6903573,Acsf2,FBgn0031703,1,ortholog_one2one
LOC4814222,Idgf4,FBgn0026415,1,ortholog_one2one
LOC4812344,CG13685,FBgn0035816,1,ortholog_one2one
LOC6903068,Ccdc85,FBgn0031488,1,ortholog_one2one
LOC4801714,CG9630,FBgn0037561,1,ortholog_one2one
LOC4812102,CG9368,FBgn0036890,1,ortholog_one2one
LOC4805186,sca,FBgn0003326,1,ortholog_one2one
LOC4815584,Twdlalpha,FBgn0052574,1,ortholog_one2one
LOC6898050,CG8736,FBgn0033308,1,ortholog_one2one
LOC4800515,NP15.6,FBgn0027785,1,ortholog_one2one
LOC4802678,noi,FBgn0014366,1,ortholog_one2one
LOC6903553,CG13380,FBgn0036799,0,ortholog_one2many
LOC4804414,CG13442,FBgn0034546,1,ortholog_one2one
LOC4816317,Tnpo-SR,FBgn0031456,1,ortholog_one2one
LOC4815063,CG14445,FBgn0029851,1,ortholog_one2one
LOC4803539,fsd,FBgn0033813,1,ortholog_one2one
LOC6898836,Pp1-Y2,FBgn0046698,0,ortholog_one2one
LOC6897106,Sur-8,FBgn0038504,1,ortholog_one2one
LOC4802818,PGRP-LB,FBgn0037906,1,ortholog_one2one
LOC4817207,pelo,FBgn0011207,1,ortholog_one2one
LOC4802459,rpk,FBgn0022981,1,ortholog_one2one
LOC6901209,Ir8a,FBgn0052704,1,ortholog_one2one
LOC4805071,stmA,FBgn0086784,1,ortholog_one2one
LOC4816235,CG13982,FBgn0031811,1,ortholog_one2one
LOC6898240,CG30098,FBgn0050098,0,ortholog_one2many
LOC4800663,unc80,FBgn0039536,1,ortholog_one2one
LOC4812284,CNPYb,FBgn0036847,1,ortholog_one2one
LOC4800483,Dr,FBgn0000492,1,ortholog_one2one
LOC4800360,St2,FBgn0037665,1,ortholog_one2many
LOC4804439,CG18853,FBgn0042173,0,ortholog_one2many
LOC4804439,phr,FBgn0003082,0,ortholog_one2many
LOC4802903,Ask1,FBgn0014006,1,ortholog_one2one
LOC6900920,CG33234,FBgn0053234,1,ortholog_one2many
LOC6900503,CG34251,FBgn0085280,1,ortholog_one2one
LOC4805457,geminin,FBgn0033081,1,ortholog_one2one
LOC4814434,CG1440,FBgn0030038,1,ortholog_one2one
LOC6897255,udt,FBgn0039113,1,ortholog_one2one
LOC4801122,pygo,FBgn0043900,1,ortholog_one2one
LOC6900165,zetaCOP,FBgn0040512,1,ortholog_one2one
LOC4817004,CG42266,FBgn0259151,0,ortholog_one2one
LOC6897416,CG14369,FBgn0038159,1,ortholog_one2one
LOC4816877,gcm2,FBgn0019809,1,ortholog_one2one
LOC4813877,Sugb,FBgn0036191,1,ortholog_one2one
LOC4815427,FucT6,FBgn0030327,1,ortholog_one2one
LOC4813990,croc,FBgn0014143,0,ortholog_one2one
LOC4813524,Cralbp,FBgn0035636,1,ortholog_one2one
LOC4818011,homer,FBgn0025777,1,ortholog_one2one
LOC4804577,Ctu1,FBgn0033375,1,ortholog_one2one
LOC4805251,CG9294,FBgn0034666,1,ortholog_one2one
LOC4811887,LeuRS-m,FBgn0027085,1,ortholog_one2one
LOC4813474,CG10479,FBgn0035656,1,ortholog_one2one
LOC4803187,CG7156,FBgn0038588,1,ortholog_one2one
LOC4805690,CG5065,FBgn0034145,1,ortholog_one2one
LOC4803127,mAcon2,FBgn0037862,1,ortholog_one2one
LOC4815054,fz4,FBgn0027342,1,ortholog_one2one
LOC6898024,Ir41a,FBgn0040849,0,ortholog_one2one
LOC4812396,CG9372,FBgn0036891,1,ortholog_one2one
LOC4817988,CG17834,FBgn0028394,0,ortholog_one2one
LOC4802938,CG1227,FBgn0037491,1,ortholog_one2one
LOC6898378,CG1941,FBgn0033214,1,ortholog_one2one
LOC6900716,l(3)mbn,FBgn0002440,1,ortholog_one2one
LOC4800712,mRpL32,FBgn0039835,1,ortholog_one2one
LOC4802403,Mf,FBgn0038294,1,ortholog_one2one
LOC4814357,CG15449,FBgn0031146,1,ortholog_one2one
LOC6901138,CG3021,FBgn0040337,0,ortholog_one2one
LOC4813687,Blos4,FBgn0036105,1,ortholog_one2one
LOC4818056,Pfdn1,FBgn0031776,1,ortholog_one2one
LOC4803895,CG8617,FBgn0033925,0,ortholog_one2one
LOC6903106,CG14275,FBgn0032022,1,ortholog_one2one
LOC6896783,Octbeta3R,FBgn0250910,1,ortholog_one2one
LOC4800513,P5cr,FBgn0015781,1,ortholog_one2many
LOC4813070,RpS4,FBgn0011284,1,ortholog_one2one
LOC4814838,Neto,FBgn0265416,1,ortholog_one2one
LOC4802361,CG10514,FBgn0039312,1,ortholog_one2one
LOC6902105,CG42259,FBgn0266569,1,ortholog_one2one
LOC4805011,Dgk,FBgn0085390,1,ortholog_one2one
LOC117184074,CG5245,FBgn0038047,0,ortholog_one2many
LOC6898330,Klp54D,FBgn0263076,1,ortholog_one2one
LOC6900960,CG42747,FBgn0261801,1,ortholog_one2one
LOC4817018,FASN1,FBgn0283427,1,ortholog_one2one
LOC4813478,Klp64D,FBgn0004380,1,ortholog_one2one
LOC4813142,fwe,FBgn0261722,1,ortholog_one2one
LOC6902759,colt,FBgn0019830,0,ortholog_one2one
LOC4811801,Ank,FBgn0011747,0,ortholog_one2one
LOC6900361,ind,FBgn0025776,1,ortholog_one2one
LOC6903108,CG14273,FBgn0032024,1,ortholog_one2one
LOC4816326,Ca-alpha1D,FBgn0001991,0,ortholog_one2one
LOC117184418,CG34250,FBgn0085279,1,ortholog_one2one
LOC4814233,Brms1,FBgn0030434,1,ortholog_one2one
LOC4805602,CG3492,FBgn0035007,1,ortholog_one2one
LOC4802259,zen,FBgn0004053,1,ortholog_one2one
LOC4802712,eIF3f1,FBgn0037270,1,ortholog_one2one
LOC4814979,CG17068,FBgn0031098,1,ortholog_one2one
LOC6900866,CG15877,FBgn0035337,1,ortholog_one2one
LOC4804826,SCAP,FBgn0033052,1,ortholog_one2one
LOC4817125,tho2,FBgn0031390,1,ortholog_one2one
LOC4812896,CG7546,FBgn0035793,1,ortholog_one2one
LOC4800597,CG8135,FBgn0037689,1,ortholog_one2one
LOC4816303,CG12511,FBgn0031729,1,ortholog_one2many
LOC4801193,P5cr-2,FBgn0038516,1,ortholog_one2one
LOC6900755,Fuca,FBgn0285958,1,ortholog_one2one
LOC4813224,CG6149,FBgn0036158,1,ortholog_one2one
LOC4801749,CG5902,FBgn0039136,1,ortholog_one2one
LOC4804400,otp,FBgn0015524,1,ortholog_one2one
LOC4800833,CG5641,FBgn0038046,1,ortholog_one2one
LOC6902839,CG43774,FBgn0264296,1,ortholog_one2many
LOC6902839,CG43773,FBgn0264295,1,ortholog_one2many
LOC6898966,CG42361,FBgn0259707,1,ortholog_one2one
LOC4816900,CG3285,FBgn0031522,1,ortholog_one2one
LOC6903678,Tom20,FBgn0036928,1,ortholog_one2one
LOC4814207,CG2691,FBgn0030504,1,ortholog_one2one
LOC4815144,mal,FBgn0002641,1,ortholog_one2one
LOC4804303,CG30172,FBgn0050172,1,ortholog_one2one
LOC4812024,ZnT77C,FBgn0037000,1,ortholog_one2one
LOC4802040,Dph4,FBgn0037350,1,ortholog_one2one
LOC6901900,DIP-beta,FBgn0259245,1,ortholog_one2one
LOC117183304,CG8420,FBgn0037664,1,ortholog_one2many
LOC4804988,Lap1,FBgn0033984,1,ortholog_one2one
LOC4813045,CG7011,FBgn0036489,1,ortholog_one2one
LOC6902955,CG17325,FBgn0040993,1,ortholog_one2one
LOC6896758,CG16779,FBgn0037698,0,ortholog_one2one
LOC6899949,LysE,FBgn0004428,1,ortholog_many2many
LOC6899949,LysB,FBgn0004425,1,ortholog_many2many
LOC6899949,LysD,FBgn0004427,0,ortholog_many2many
LOC6897973,RpS27,FBgn0039300,1,ortholog_one2one
LOC6902469,ACXE,FBgn0040506,0,ortholog_many2many
LOC6902469,ACXB,FBgn0040509,0,ortholog_many2many
LOC6902469,ACXA,FBgn0040510,0,ortholog_many2many
LOC6902469,ACXC,FBgn0040508,0,ortholog_many2many
LOC6900269,ms(3)76Cc,FBgn0036895,1,ortholog_one2one
LOC6900299,ens,FBgn0264693,1,ortholog_one2one
LOC4817573,CG15439,FBgn0031606,1,ortholog_one2one
LOC4815688,Pdha,FBgn0028325,1,ortholog_one2one
LOC4813939,Idh,FBgn0001248,1,ortholog_one2one
LOC4814587,eIF2Bepsilon,FBgn0023512,1,ortholog_one2one
LOC4800844,Hsp70Ab,FBgn0013276,0,ortholog_many2many
LOC4800844,Hsp70Bb,FBgn0013278,1,ortholog_many2many
LOC4800844,Hsp70Bbb,FBgn0051354,1,ortholog_many2many
LOC4800844,Hsp70Ba,FBgn0013277,0,ortholog_many2many
LOC4800844,Hsp70Aa,FBgn0013275,0,ortholog_many2many
LOC4800844,Hsp70Bc,FBgn0013279,1,ortholog_many2many
LOC4804536,St3,FBgn0265052,1,ortholog_one2one
LOC4804146,otk,FBgn0004839,1,ortholog_one2one
LOC4817997,Mcm10,FBgn0032929,1,ortholog_one2one
LOC4817968,Rcd4,FBgn0032034,1,ortholog_one2one
LOC4817311,CG13123,FBgn0032150,1,ortholog_one2one
LOC4802597,ATP8B,FBgn0037989,1,ortholog_one2one
LOC4817030,kek2,FBgn0015400,1,ortholog_one2one
LOC4802599,CG4702,FBgn0037992,1,ortholog_one2one
LOC4801551,CG15696,FBgn0038833,1,ortholog_one2one
LOC6899083,Syx6,FBgn0037084,1,ortholog_one2one
LOC4804598,Cpr56F,FBgn0034499,1,ortholog_one2one
LOC6898664,dpr12,FBgn0085414,1,ortholog_one2one
LOC6901049,Ing3,FBgn0030945,1,ortholog_one2one
LOC4800873,CG14395,FBgn0038073,1,ortholog_one2one
LOC4816498,CG6495,FBgn0027550,1,ortholog_one2one
LOC4804208,CG12911,FBgn0033501,1,ortholog_one2one
LOC4805583,Bap170,FBgn0042085,0,ortholog_one2one
LOC6898242,lectin-24Db,FBgn0040102,0,ortholog_one2many
LOC6903902,LSm3,FBgn0051184,1,ortholog_one2many
LOC6897740,AGO2,FBgn0087035,0,ortholog_one2many
LOC4800691,Trs33,FBgn0266722,1,ortholog_one2one
LOC4803637,PolZ1,FBgn0002891,1,ortholog_one2one
LOC6900382,CG33287,FBgn0053287,1,ortholog_many2many
LOC6900382,CG33286,FBgn0053286,1,ortholog_many2many
LOC4816097,ric8a,FBgn0028292,1,ortholog_one2one
LOC26533845,CG8924,FBgn0030710,0,ortholog_one2one
LOC4800551,Ugt303B3,FBgn0039085,1,ortholog_one2many
LOC4800551,Ugt303B1,FBgn0039086,1,ortholog_one2many
LOC4800551,Ugt303B2,FBgn0039087,1,ortholog_one2many
LOC4813875,CG6602,FBgn0035673,1,ortholog_one2one
LOC4802118,Mocs2B,FBgn0039280,1,ortholog_one2one
LOC117184253,CtsL4,FBgn0032228,0,ortholog_one2one
LOC13036504,x16,FBgn0028554,1,ortholog_one2one
LOC6903882,RpL11,FBgn0013325,1,ortholog_one2one
LOC6898234,Rgk3,FBgn0085426,1,ortholog_one2one
LOC6901753,CG1677,FBgn0029941,1,ortholog_one2one
LOC4803987,ND-B15,FBgn0033961,1,ortholog_one2one
LOC6896823,Rassf,FBgn0039055,1,ortholog_one2one
LOC6903118,Hyls1,FBgn0087041,1,ortholog_one2one
LOC6902584,CG34011,FBgn0054011,1,ortholog_one2one
LOC4815817,Ype,FBgn0288857,1,ortholog_one2one
LOC6897286,CCHa1,FBgn0038199,1,ortholog_one2one
LOC4812829,CycH,FBgn0022936,1,ortholog_one2one
LOC4801736,Polr3F,FBgn0038951,0,ortholog_one2one
LOC4814110,eIF4E3,FBgn0265089,1,ortholog_one2many
LOC4817341,Pgant5,FBgn0031681,0,ortholog_one2one
LOC6901099,CG15721,FBgn0030438,1,ortholog_one2one
LOC4800979,CG31465,FBgn0051465,1,ortholog_one2many
LOC6903416,CG34334,FBgn0263829,0,ortholog_one2one
LOC4804207,Csgalnact,FBgn0033500,1,ortholog_one2one
LOC4817570,Gs1l,FBgn0019982,1,ortholog_one2one
LOC4812241,CG3529,FBgn0035995,1,ortholog_one2one
LOC4800962,Burs,FBgn0038901,1,ortholog_one2one
LOC4804053,TppII,FBgn0020370,1,ortholog_one2one
LOC4815337,Nek2,FBgn0029970,1,ortholog_one2one
LOC6897538,Ccp84Aa,FBgn0004783,0,ortholog_many2many
LOC6897538,Ccp84Ab,FBgn0004782,1,ortholog_many2many
LOC6896884,ppk24,FBgn0039839,1,ortholog_one2one
LOC6902607,CG13970,FBgn0032851,1,ortholog_one2one
LOC4802398,CG42788,FBgn0261859,1,ortholog_one2one
LOC4817135,CG12299,FBgn0032295,0,ortholog_one2one
LOC4801248,CG5984,FBgn0039500,1,ortholog_one2one
LOC117184096,CG7557,FBgn0036159,0,ortholog_one2many
LOC4817754,firl,FBgn0032405,1,ortholog_one2one
LOC4803011,CG9801,FBgn0037623,1,ortholog_one2one
LOC6899629,CycD,FBgn0010315,0,ortholog_one2many
LOC4803277,ort,FBgn0003011,1,ortholog_one2one
LOC6903405,Daxx,FBgn0031820,1,ortholog_one2one
LOC4813167,CG7542,FBgn0036738,1,ortholog_one2one
LOC4804111,CG10911,FBgn0034295,1,ortholog_one2one
LOC117185411,CG7017,FBgn0036951,1,ortholog_one2many
LOC4802201,Vps2,FBgn0039402,1,ortholog_one2one
LOC4816739,GluRIIA,FBgn0004620,1,ortholog_one2one
LOC117185206,mRpL33,FBgn0040907,0,ortholog_one2many
LOC4801272,Dic1,FBgn0027610,1,ortholog_one2one
LOC4802763,TwdlV,FBgn0037227,1,ortholog_one2one
LOC6898906,grh,FBgn0259211,1,ortholog_one2one
LOC6898949,CG42531,FBgn0260436,1,ortholog_one2one
LOC4803519,Lpt,FBgn0263667,1,ortholog_one2one
LOC4813995,CG10064,FBgn0035724,1,ortholog_one2one
LOC4815618,Mks1,FBgn0030395,1,ortholog_one2one
LOC4815077,peng,FBgn0015527,0,ortholog_one2one
LOC4817934,nrv1,FBgn0015776,1,ortholog_one2many
LOC4804265,CG30043,FBgn0050043,1,ortholog_one2one
LOC6898686,Pex6,FBgn0033564,1,ortholog_one2one
LOC117185006,CG15695,FBgn0038832,1,ortholog_one2many
LOC6897760,mura,FBgn0037705,0,ortholog_one2one
LOC4813718,Grd,FBgn0001134,1,ortholog_one2one
LOC4817346,ZnT33D,FBgn0051860,1,ortholog_one2one
LOC4816747,mTor,FBgn0021796,1,ortholog_one2one
LOC4801595,CG11843,FBgn0039630,1,ortholog_one2one
LOC4816423,SP555,FBgn0260470,1,ortholog_one2one
LOC4816371,Chd1,FBgn0250786,1,ortholog_one2one
LOC6901929,CG33177,FBgn0053177,1,ortholog_one2one
LOC4815861,ND-B16.6,FBgn0029868,1,ortholog_one2one
LOC6897612,7B2,FBgn0041707,1,ortholog_one2one
LOC4804531,CG30183,FBgn0050183,1,ortholog_one2one
LOC4811663,alpha-Man-Ia,FBgn0259170,0,ortholog_one2one
LOC4801730,CG7987,FBgn0038244,1,ortholog_one2one
LOC4800963,CG6800,FBgn0038902,1,ortholog_one2one
LOC4801670,CG13847,FBgn0038967,1,ortholog_one2one
LOC4817641,halo,FBgn0001174,1,ortholog_one2one
LOC4803138,CG18577,FBgn0037870,1,ortholog_one2one
LOC4804682,CG14483,FBgn0034248,1,ortholog_one2one
LOC4812515,ndl,FBgn0002926,1,ortholog_one2one
LOC6902851,CG10602,FBgn0032721,1,ortholog_one2one
LOC6900190,trio,FBgn0024277,1,ortholog_one2one
LOC4803063,mdlc,FBgn0038772,1,ortholog_one2one
LOC6899268,Larp7,FBgn0260771,0,ortholog_one2many
LOC4816809,gcm,FBgn0014179,1,ortholog_one2one
LOC6899762,CkIIalpha,FBgn0264492,0,ortholog_one2one
LOC4802628,IscU,FBgn0037637,1,ortholog_one2one
LOC13036438,CG40298,FBgn0058298,0,ortholog_one2one
LOC6897937,Ugt35E1,FBgn0040253,1,ortholog_one2many
LOC6897937,Ugt35E2,FBgn0040255,1,ortholog_one2many
LOC6897937,Ugt35D1,FBgn0051002,0,ortholog_one2many
LOC4814132,CG7387,FBgn0035852,1,ortholog_one2one
LOC6901922,CG9095,FBgn0030617,1,ortholog_one2one
LOC4815866,CG3071,FBgn0023527,1,ortholog_one2one
LOC4817808,Creld,FBgn0031217,1,ortholog_one2one
LOC6896928,SkpE,FBgn0031074,0,ortholog_many2many
LOC6896928,SkpD,FBgn0026174,0,ortholog_many2many
LOC6896928,SkpA,FBgn0025637,0,ortholog_many2many
LOC6896928,SkpC,FBgn0026175,0,ortholog_many2many
LOC4804371,Pepck1,FBgn0003067,1,ortholog_one2one
LOC6899916,SkpE,FBgn0031074,0,ortholog_many2many
LOC6899916,SkpD,FBgn0026174,0,ortholog_many2many
LOC6899916,SkpA,FBgn0025637,0,ortholog_many2many
LOC6899916,SkpC,FBgn0026175,0,ortholog_many2many
LOC4804840,Or42b,FBgn0033043,1,ortholog_one2one
LOC4816832,CG5446,FBgn0032429,1,ortholog_one2one
LOC4814934,CG4045,FBgn0025629,0,ortholog_one2one
LOC4814578,na,FBgn0002917,1,ortholog_one2one
LOC4815165,BORCS5,FBgn0030346,1,ortholog_one2one
LOC4803699,Rae1,FBgn0034646,1,ortholog_one2one
LOC4802157,CG17784,FBgn0039192,1,ortholog_one2one
LOC4812832,CG32445,FBgn0052445,1,ortholog_one2one
LOC4814506,Sdic4,FBgn0053499,1,ortholog_one2many
LOC4814506,Sdic1,FBgn0067861,1,ortholog_one2many
LOC4814506,SdicA,FBgn0283432,1,ortholog_one2many
LOC4814506,SdicB,FBgn0283433,1,ortholog_one2many
LOC4814506,sw,FBgn0003654,1,ortholog_one2many
LOC4814506,SdicC,FBgn0283434,1,ortholog_one2many
LOC4814506,Sdic3,FBgn0052823,1,ortholog_one2many
LOC4814506,Sdic2,FBgn0053497,1,ortholog_one2many
LOC4814623,para,FBgn0285944,1,ortholog_one2one
LOC6897523,Sodh2,FBgn0022359,0,ortholog_one2many
LOC6897523,Sodh1,FBgn0024289,1,ortholog_one2many
LOC4816833,Fam92,FBgn0032428,1,ortholog_one2one
LOC4817025,CG3862,FBgn0031286,1,ortholog_one2one
LOC6903257,CG5245,FBgn0038047,0,ortholog_one2many
LOC4816897,CG5828,FBgn0031682,1,ortholog_one2one
LOC4815982,CG9512,FBgn0030593,1,ortholog_one2one
LOC6897869,COX4L,FBgn0033020,0,ortholog_one2one
LOC6898649,pen-2,FBgn0053198,1,ortholog_one2one
LOC4816909,hgo,FBgn0040211,1,ortholog_one2one
LOC4801818,PNKP,FBgn0037578,1,ortholog_one2one
LOC4812495,Nf-YA,FBgn0035993,1,ortholog_one2one
LOC6896814,eIF3d1,FBgn0040227,1,ortholog_one2one
LOC6897594,CG42488,FBgn0259991,1,ortholog_one2one
LOC4816749,Mgat3,FBgn0051849,1,ortholog_one2one
LOC6903330,CG34179,FBgn0085208,1,ortholog_one2one
LOC4818190,pths,FBgn0032919,1,ortholog_one2one
LOC6903324,sac,FBgn0037254,0,ortholog_one2one
LOC4815305,CG32536,FBgn0052536,1,ortholog_one2one
LOC4813122,Edg78E,FBgn0000551,1,ortholog_one2one
LOC4805719,BBS9,FBgn0034622,1,ortholog_one2one
LOC6903178,Charon,FBgn0031317,1,ortholog_one2many
LOC6901199,Pxt,FBgn0261987,0,ortholog_one2one
LOC4805339,Galphao,FBgn0001122,1,ortholog_one2one
LOC4813035,gdl,FBgn0001099,1,ortholog_one2one
LOC4805472,CG8388,FBgn0034062,1,ortholog_one2one
LOC4817970,beta'COP,FBgn0025724,1,ortholog_one2one
LOC4802560,Manf,FBgn0027095,1,ortholog_one2one
LOC6897230,CG42675,FBgn0261561,1,ortholog_one2one
LOC117184588,Nemp,FBgn0030768,1,ortholog_one2many
LOC4817152,crq,FBgn0015924,1,ortholog_one2one
LOC4811882,CSN1b,FBgn0027057,1,ortholog_one2many
LOC4805104,iotaTry,FBgn0015001,1,ortholog_one2one
LOC4815507,CG32700,FBgn0267253,1,ortholog_one2one
LOC117185018,CG6660,FBgn0039030,1,ortholog_one2one
LOC4812200,QC,FBgn0052412,1,ortholog_one2one
LOC117183993,Arts,FBgn0042177,0,ortholog_many2many
LOC117183993,Apl,FBgn0042178,0,ortholog_many2many
LOC4816143,Try29F,FBgn0015316,1,ortholog_one2one
LOC4816555,RpL21,FBgn0032987,0,ortholog_one2one
LOC6899067,Fatp3,FBgn0034999,1,ortholog_one2one
LOC4805014,Mgat1,FBgn0034521,0,ortholog_one2one
LOC4805630,ocm,FBgn0266083,1,ortholog_one2one
LOC4805053,Gle1,FBgn0033316,1,ortholog_one2one
LOC4813542,cyc,FBgn0023094,1,ortholog_one2one
LOC4805048,MrgBP,FBgn0033341,1,ortholog_one2one
LOC4802190,CG6142,FBgn0039415,1,ortholog_one2one
LOC4812718,Cp15,FBgn0000355,1,ortholog_one2one
LOC4801790,twin,FBgn0011725,1,ortholog_one2one
LOC4805268,PpY-55A,FBgn0003140,0,ortholog_one2one
LOC4813295,Eip74EF,FBgn0000567,1,ortholog_one2one
LOC4813471,ATPsynB,FBgn0019644,1,ortholog_one2one
LOC4800602,FER,FBgn0000723,1,ortholog_one2one
LOC6898951,cuff,FBgn0260932,1,ortholog_one2many
LOC4811862,verm,FBgn0261341,1,ortholog_one2one
LOC6903244,Ugt317A1,FBgn0040091,0,ortholog_one2one
LOC4802397,CG6966,FBgn0038286,1,ortholog_one2one
LOC4801020,CG6345,FBgn0037816,1,ortholog_one2one
LOC4816329,Or35a,FBgn0028946,1,ortholog_one2one
LOC4803527,Orcokinin,FBgn0034935,1,ortholog_one2one
LOC4800725,Gcn2,FBgn0019990,1,ortholog_one2one
LOC4816710,wor,FBgn0001983,1,ortholog_one2one
LOC117183690,Or98a,FBgn0039551,0,ortholog_one2many
LOC6898801,CG33798,FBgn0053798,0,ortholog_many2many
LOC6898801,CG33632,FBgn0053632,0,ortholog_many2many
LOC6898801,CG33764,FBgn0053764,0,ortholog_many2many
LOC6898801,CG33463,FBgn0053463,0,ortholog_many2many
LOC6898801,CG33658,FBgn0053658,0,ortholog_many2many
LOC6898801,CG33723,FBgn0053723,0,ortholog_many2many
LOC6898801,CG33912,FBgn0053912,0,ortholog_many2many
LOC4815320,Ubc7,FBgn0267384,0,ortholog_one2one
LOC4814682,RpS6,FBgn0261592,1,ortholog_one2one
LOC6898530,CG8777,FBgn0033376,1,ortholog_one2one
LOC6898897,CG34195,FBgn0085224,1,ortholog_one2one
LOC4812468,CG44838,FBgn0266101,1,ortholog_one2one
LOC4813962,M6,FBgn0037092,1,ortholog_one2one
LOC6902209,lectin-29Ca,FBgn0040098,0,ortholog_one2many
LOC6902209,CG15358,FBgn0031373,0,ortholog_one2many
LOC6902209,CG2839,FBgn0031273,0,ortholog_one2many
LOC6902209,lectin-22C,FBgn0259230,0,ortholog_one2many
LOC6902209,Acp29AB,FBgn0015583,0,ortholog_one2many
LOC6902209,lectin-30A,FBgn0040097,0,ortholog_one2many
LOC6902209,lectin-21Cb,FBgn0040106,0,ortholog_one2many
LOC6902209,CG15818,FBgn0031910,0,ortholog_one2many
LOC6902209,lectin-21Ca,FBgn0040107,0,ortholog_one2many
LOC6902209,lectin-24A,FBgn0040104,0,ortholog_one2many
LOC4816957,CG13144,FBgn0032260,0,ortholog_one2one
LOC4814369,Cbs,FBgn0031148,1,ortholog_one2one
LOC4802833,Sbf,FBgn0025802,1,ortholog_one2one
LOC4815254,p24-1,FBgn0030341,1,ortholog_one2one
LOC4813405,Mcad,FBgn0035811,1,ortholog_one2one
LOC6900693,SecCl,FBgn0036727,1,ortholog_one2one
LOC4817305,Ptth,FBgn0013323,1,ortholog_one2one
LOC6902089,CG11417,FBgn0024364,1,ortholog_one2one
LOC4817741,Pvf3,FBgn0085407,1,ortholog_one2one
LOC4801024,mthl11,FBgn0045443,1,ortholog_one2many
LOC4816131,Dpp10,FBgn0031835,0,ortholog_one2one
LOC4816892,CG5885,FBgn0025700,1,ortholog_one2one
LOC6901529,CG11068,FBgn0030536,1,ortholog_one2one
LOC4813679,Mfap1,FBgn0035294,1,ortholog_one2one
LOC6900494,CG12713,FBgn0036536,1,ortholog_one2one
LOC4813459,CG13700,FBgn0036785,1,ortholog_one2one
LOC6897940,CG31388,FBgn0051388,0,ortholog_one2one
LOC4817608,Tango14,FBgn0031312,1,ortholog_one2one
LOC4802370,CG14710,FBgn0037920,1,ortholog_one2one
LOC4817136,CG12194,FBgn0031636,1,ortholog_one2one
LOC4812450,twy,FBgn0036206,1,ortholog_one2one
LOC4802739,lost,FBgn0263594,1,ortholog_one2one
LOC6900518,Indy,FBgn0036816,1,ortholog_one2one
LOC4801524,Cyfip,FBgn0038320,1,ortholog_one2one
LOC4803723,CG30192,FBgn0050192,1,ortholog_one2one
LOC4802613,CG3942,FBgn0038008,1,ortholog_one2one
LOC6901000,CG34456,FBgn0085485,1,ortholog_one2one
LOC6897006,c(3)G,FBgn0000246,0,ortholog_one2one
LOC4802864,CG7379,FBgn0038546,1,ortholog_one2one
LOC4802465,CG14883,FBgn0038432,1,ortholog_one2one
LOC15382876,Hr51,FBgn0034012,0,ortholog_one2one
LOC6902306,CG15784,FBgn0029766,1,ortholog_one2one
LOC4815797,pcm,FBgn0020261,0,ortholog_one2one
LOC4816203,CG10466,FBgn0032822,1,ortholog_one2one
LOC4816995,IKKepsilon,FBgn0086657,1,ortholog_one2one
LOC6902151,CG3610,FBgn0038266,0,ortholog_one2one
LOC6898421,CG33476,FBgn0053476,1,ortholog_one2one
LOC4813128,Smyd4-2,FBgn0036282,1,ortholog_one2one
LOC4812824,SmD1,FBgn0261933,1,ortholog_one2one
LOC4817972,CG14020,FBgn0031707,1,ortholog_one2one
LOC4817024,CG17261,FBgn0031501,1,ortholog_one2one
LOC4817289,tup,FBgn0003896,1,ortholog_one2one
LOC4803031,tgo,FBgn0264075,1,ortholog_one2one
LOC4817295,Ntl,FBgn0267326,1,ortholog_one2one
LOC4800481,ND-20L,FBgn0039669,1,ortholog_one2one
LOC6899982,nmo,FBgn0011817,1,ortholog_one2one
LOC4816706,Bsg,FBgn0261822,1,ortholog_one2one
LOC4802469,Gyc89Da,FBgn0038435,1,ortholog_one2one
LOC4813058,CG14570,FBgn0037122,1,ortholog_one2one
LOC4804142,CG8321,FBgn0033677,1,ortholog_one2one
LOC117183615,alpha-Catr,FBgn0029105,1,ortholog_one2one
LOC4801378,ssh,FBgn0029157,1,ortholog_one2one
LOC6900359,CG12310,FBgn0036467,1,ortholog_one2one
LOC4815120,eIF2Bbeta,FBgn0024996,1,ortholog_one2one
LOC6898692,Smyd4-1,FBgn0033427,0,ortholog_one2one
LOC6902134,Naa20A,FBgn0031043,1,ortholog_one2many
LOC4802748,hkb,FBgn0261434,1,ortholog_one2one
LOC6899764,RpL15,FBgn0028697,0,ortholog_one2one
LOC4801384,TBC1D5,FBgn0038129,1,ortholog_one2one
LOC6900843,CG8004,FBgn0036920,1,ortholog_one2one
LOC4811883,Mipp1,FBgn0026061,1,ortholog_one2one
LOC4800531,Septin2,FBgn0014029,1,ortholog_one2one
LOC4815316,Syx4,FBgn0024980,1,ortholog_one2one
LOC4804509,CG2063,FBgn0033400,1,ortholog_one2one
LOC4800609,CG33107,FBgn0053107,1,ortholog_one2one
LOC6902291,CG12446,FBgn0031201,0,ortholog_one2one
LOC26533982,Pym,FBgn0034918,1,ortholog_one2one
LOC6900438,DEF8,FBgn0046296,1,ortholog_one2one
LOC6898655,BomT2,FBgn0040735,1,ortholog_one2one
LOC4802666,CLS,FBgn0039360,1,ortholog_one2one
LOC4816649,CG6724,FBgn0032298,1,ortholog_one2one
LOC4812424,CG14082,FBgn0036851,0,ortholog_one2one
LOC4812944,SuUR,FBgn0025355,1,ortholog_one2one
LOC4814498,CG13404,FBgn0030559,1,ortholog_one2one
LOC4816540,Rad1,FBgn0026778,1,ortholog_one2one
LOC6902359,CG34345,FBgn0085374,1,ortholog_one2one
LOC117184190,Plap,FBgn0024314,0,ortholog_one2many
LOC6903765,CG11155,FBgn0039927,0,ortholog_one2one
LOC4818100,bur,FBgn0000239,1,ortholog_one2one
LOC6901814,Cngl,FBgn0263257,1,ortholog_one2one
LOC4804707,spz6,FBgn0035056,1,ortholog_one2one
LOC6900164,CG43954,FBgn0264605,1,ortholog_one2one
LOC6901644,cactin,FBgn0031114,1,ortholog_one2one
LOC4812124,nkd,FBgn0002945,1,ortholog_one2one
LOC4816046,CG15210,FBgn0040850,1,ortholog_one2one
LOC4803192,mTerf5,FBgn0038584,1,ortholog_one2one
LOC4804240,CG4554,FBgn0034734,0,ortholog_one2one
LOC4812486,PolE2,FBgn0035644,1,ortholog_one2one
LOC4814368,AdamTS-B,FBgn0029791,1,ortholog_one2one
LOC4800354,sage,FBgn0037672,1,ortholog_one2one
LOC4814406,CG4404,FBgn0030432,1,ortholog_one2one
LOC4812185,ValRS-m,FBgn0035942,1,ortholog_one2one
LOC6900991,CG1143,FBgn0035359,1,ortholog_one2one
LOC4813858,Adck5,FBgn0036142,1,ortholog_one2one
LOC4801556,CG17272,FBgn0038830,0,ortholog_one2one
LOC4817428,Csl4,FBgn0032346,1,ortholog_one2one
LOC4812574,CG5592,FBgn0035645,1,ortholog_one2one
LOC6898273,Obp50b,FBgn0050073,1,ortholog_one2one
LOC6898952,ERp60,FBgn0033663,1,ortholog_one2one
LOC6903066,CG13725,FBgn0036708,0,ortholog_one2one
LOC4811680,ClpP,FBgn0032229,1,ortholog_one2one
LOC4813578,Gr64b,FBgn0045478,1,ortholog_one2one
LOC4804980,Cyp6a19,FBgn0033979,1,ortholog_one2one
LOC6902906,CG6788,FBgn0030880,0,ortholog_one2many
LOC4817589,IA-2,FBgn0031294,1,ortholog_one2one
LOC4817180,aru,FBgn0029095,1,ortholog_one2one
LOC6901177,CG17163,FBgn0039942,1,ortholog_one2one
LOC4800852,Nelf-A,FBgn0038872,1,ortholog_one2one
LOC4801495,FBXO11,FBgn0037760,1,ortholog_one2one
LOC4813516,Sms,FBgn0036272,1,ortholog_one2one
LOC4817956,CG31835,FBgn0051835,1,ortholog_one2many
LOC4817956,CG42585,FBgn0260953,1,ortholog_one2many
LOC4817653,Grl36b,FBgn0051785,1,ortholog_one2one
LOC6897656,CG42505,FBgn0260231,1,ortholog_one2one
LOC4802641,Or85d,FBgn0037594,1,ortholog_one2one
LOC6902874,CG18284,FBgn0043825,0,ortholog_many2many
LOC6902874,CG31872,FBgn0051872,0,ortholog_many2many
LOC6902874,CG17097,FBgn0265264,0,ortholog_many2many
LOC6902080,CG14795,FBgn0025393,1,ortholog_one2one
LOC6902547,Tim17b2,FBgn0020371,1,ortholog_one2many
LOC6902547,CG1724,FBgn0031164,0,ortholog_one2many
LOC4812377,RabX6,FBgn0035155,1,ortholog_one2one
LOC6900565,Nopp140,FBgn0037137,1,ortholog_one2one
LOC4802598,dpr17,FBgn0051361,1,ortholog_one2one
LOC4805097,CG7745,FBgn0033616,1,ortholog_one2one
LOC4812434,mus312,FBgn0002909,1,ortholog_one2one
LOC4811959,Pop5,FBgn0036696,1,ortholog_one2one
LOC4812107,CG11594,FBgn0035484,1,ortholog_one2one
LOC4812898,CG10948,FBgn0036317,1,ortholog_one2one
LOC4813933,Pex2,FBgn0035876,1,ortholog_one2one
LOC4815133,Ir7d,FBgn0259190,1,ortholog_one2one
LOC4813462,CG10749,FBgn0036328,1,ortholog_one2one
LOC6903489,CG33140,FBgn0053140,0,ortholog_one2one
LOC6897634,CG43131,FBgn0262605,1,ortholog_one2one
LOC4803513,CG5597,FBgn0034920,1,ortholog_one2one
LOC6900888,Unr,FBgn0263352,1,ortholog_one2one
LOC4804580,Pgm2a,FBgn0033377,1,ortholog_one2one
LOC4818091,Gdi,FBgn0004868,1,ortholog_one2one
LOC4815582,CG2865,FBgn0023526,1,ortholog_one2one
LOC4801420,beat-Vb,FBgn0038092,1,ortholog_one2one
LOC4818089,Rab30,FBgn0031882,1,ortholog_one2one
LOC4812496,FMRFaR,FBgn0035385,1,ortholog_one2one
LOC6902934,Ntf-2r,FBgn0032680,0,ortholog_one2one
LOC4813066,CCDC151,FBgn0036219,1,ortholog_one2one
LOC4815201,CG3032,FBgn0029928,0,ortholog_one2one
LOC4814130,sfl,FBgn0020251,1,ortholog_one2one
LOC4814164,Cds,FBgn0010350,1,ortholog_one2one
LOC4815027,mei-P26,FBgn0026206,1,ortholog_one2one
LOC6902363,TTLL3B,FBgn0031853,0,ortholog_one2many
LOC4804363,cag,FBgn0017414,0,ortholog_one2one
LOC4815405,CG1572,FBgn0030309,0,ortholog_one2one
LOC4800743,Rb97D,FBgn0004903,1,ortholog_one2one
LOC4801648,Kots,FBgn0038191,1,ortholog_one2one
LOC6901117,boi,FBgn0040388,1,ortholog_one2one
LOC4801284,sud1,FBgn0265189,0,ortholog_one2one
LOC4802063,Hat1,FBgn0037376,1,ortholog_one2one
LOC26532626,CG43341,FBgn0263046,1,ortholog_one2one
LOC6901716,Ca-alpha1T,FBgn0264386,1,ortholog_one2one
LOC4804745,Fbl6,FBgn0033609,1,ortholog_one2one
LOC4803750,Vps51,FBgn0034380,1,ortholog_one2one
LOC4817538,Su(dx),FBgn0003557,1,ortholog_one2one
LOC4812438,Nt5a,FBgn0035204,1,ortholog_one2one
LOC6903230,CadN,FBgn0015609,1,ortholog_one2one
LOC6899993,Nup133,FBgn0039004,0,ortholog_one2many
LOC4812790,mRpL39,FBgn0036462,1,ortholog_one2one
LOC4801169,hh,FBgn0004644,0,ortholog_one2one
LOC4802351,CG11878,FBgn0039310,1,ortholog_one2many
LOC4802351,CG11889,FBgn0039308,1,ortholog_one2many
LOC4815231,GIIIspla2,FBgn0030013,1,ortholog_one2one
LOC4817634,CG31928,FBgn0051928,1,ortholog_one2one
LOC4817494,Idgf3,FBgn0020414,1,ortholog_one2one
LOC4813867,CG6163,FBgn0036155,1,ortholog_one2one
LOC4817288,Dnaaf4,FBgn0032345,1,ortholog_one2one
LOC4812868,CG13813,FBgn0036956,1,ortholog_one2many
LOC4813189,Sap130,FBgn0262714,1,ortholog_one2one
LOC4817382,Fign,FBgn0031519,1,ortholog_one2one
LOC6898985,CG8089,FBgn0033993,0,ortholog_one2one
LOC4803929,Tes,FBgn0034223,1,ortholog_one2one
LOC4801451,CG7675,FBgn0038610,1,ortholog_one2one
LOC4816196,ihog,FBgn0031872,1,ortholog_one2one
LOC6899991,CG8492,FBgn0035813,1,ortholog_one2one
LOC6900362,mnd,FBgn0002778,1,ortholog_one2one
LOC6902781,CG34183,FBgn0085212,1,ortholog_one2one
LOC117185601,His2A:CG33850,FBgn0053850,1,ortholog_one2many
LOC4818039,emb,FBgn0020497,1,ortholog_one2one
LOC4816694,CG6443,FBgn0032290,1,ortholog_one2one
LOC4811695,l(2)37Cd,FBgn0086445,1,ortholog_one2one
LOC6899898,CG43312,FBgn0263004,1,ortholog_one2one
LOC5495507,Jon65Aiii,FBgn0035665,1,ortholog_one2one
LOC4802456,P58IPK,FBgn0037718,1,ortholog_one2one
LOC4803585,CG30371,FBgn0050371,1,ortholog_one2one
LOC4815925,Seipin,FBgn0040336,0,ortholog_one2one
LOC6899855,Cth,FBgn0000566,0,ortholog_one2one
LOC4813203,Toll-9,FBgn0036978,1,ortholog_one2one
LOC6900023,CG33257,FBgn0053257,1,ortholog_one2one
LOC4805056,Acsl,FBgn0263120,1,ortholog_one2one
LOC4814253,trol,FBgn0284408,1,ortholog_one2one
LOC4804356,Drep1,FBgn0024732,1,ortholog_one2one
LOC6902494,eIF4E3,FBgn0265089,0,ortholog_one2many
LOC4803967,tra2,FBgn0003742,1,ortholog_one2one
LOC4814204,CG13001,FBgn0030806,1,ortholog_one2one
LOC4803294,HHEX,FBgn0038852,1,ortholog_one2one
LOC6904109,AGO2,FBgn0087035,0,ortholog_one2many
LOC6901179,CG17167,FBgn0039941,1,ortholog_one2one
LOC6903769,ath,FBgn0032194,0,ortholog_one2one
LOC6898691,CG12209,FBgn0033498,0,ortholog_one2many
LOC6900737,Ilp3,FBgn0044050,1,ortholog_one2one
LOC26532116,His1:CG33801,FBgn0053801,0,ortholog_many2many
LOC26532116,His1:CG33807,FBgn0053807,0,ortholog_many2many
LOC26532116,His1:CG33819,FBgn0053819,1,ortholog_many2many
LOC26532116,His1:CG33840,FBgn0053840,0,ortholog_many2many
LOC26532116,His1:CG33843,FBgn0053843,0,ortholog_many2many
LOC26532116,His1:CG33846,FBgn0053846,1,ortholog_many2many
LOC26532116,His1:CG33810,FBgn0053810,0,ortholog_many2many
LOC26532116,His1:CG33804,FBgn0053804,1,ortholog_many2many
LOC26532116,His1:CG33816,FBgn0053816,1,ortholog_many2many
LOC26532116,His1:CG33837,FBgn0053837,0,ortholog_many2many
LOC26532116,His1:CG33861,FBgn0053861,0,ortholog_many2many
LOC26532116,His1:CG33855,FBgn0053855,0,ortholog_many2many
LOC26532116,His1:CG33825,FBgn0053825,0,ortholog_many2many
LOC26532116,His1:CG33852,FBgn0053852,0,ortholog_many2many
LOC26532116,His1:CG33831,FBgn0053831,0,ortholog_many2many
LOC26532116,His1:CG33828,FBgn0053828,0,ortholog_many2many
LOC26532116,His1:CG33864,FBgn0053864,0,ortholog_many2many
LOC26532116,His1:CG33813,FBgn0053813,1,ortholog_many2many
LOC26532116,His1:CG31617,FBgn0051617,0,ortholog_many2many
LOC26532116,His1:CG33849,FBgn0053849,1,ortholog_many2many
LOC26532116,His1:CG33822,FBgn0053822,1,ortholog_many2many
LOC26532116,His1:CG33858,FBgn0053858,0,ortholog_many2many
LOC26532116,His1:CG33834,FBgn0053834,0,ortholog_many2many
LOC6903587,CG34136,FBgn0083972,1,ortholog_one2one
LOC4813594,Cpr62Ba,FBgn0035279,1,ortholog_one2one
LOC6900442,Rh7,FBgn0036260,1,ortholog_one2one
LOC4803571,Cdk4,FBgn0016131,0,ortholog_one2one
LOC4816288,Vajk2,FBgn0032538,1,ortholog_one2one
LOC4800291,Rpp14b,FBgn0039744,1,ortholog_one2one
LOC4800687,mRpS22,FBgn0039555,1,ortholog_one2one
LOC4813932,Cpr66Cb,FBgn0035875,1,ortholog_one2one
LOC6900162,CG13031,FBgn0036655,1,ortholog_one2one
LOC4804040,Mdr49,FBgn0004512,1,ortholog_one2one
LOC4805551,CG9896,FBgn0034808,0,ortholog_one2one
LOC26533904,CG33626,FBgn0053626,1,ortholog_one2one
LOC6899909,CG33768,FBgn0053768,1,ortholog_one2one
LOC4812072,mthl9,FBgn0035131,1,ortholog_one2one
LOC4803906,inv,FBgn0001269,1,ortholog_one2one
LOC4814192,CG12081,FBgn0030053,0,ortholog_one2one
LOC6901801,pon,FBgn0025739,1,ortholog_one2one
LOC4816295,PIG-Wa,FBgn0031422,1,ortholog_one2one
LOC4803653,O-fut1,FBgn0033901,1,ortholog_one2one
LOC6901652,RunxA,FBgn0083981,1,ortholog_one2one
LOC117184035,CG10651,FBgn0032853,0,ortholog_one2many
LOC4800576,Rpn9,FBgn0028691,1,ortholog_one2one
LOC4804158,Nup75,FBgn0034310,1,ortholog_one2one
LOC4801633,Abi,FBgn0020510,1,ortholog_one2one
LOC4800344,Gycbeta100B,FBgn0013973,1,ortholog_one2one
LOC4813051,CG32374,FBgn0052374,1,ortholog_one2one
LOC4804205,CG12914,FBgn0033499,1,ortholog_one2one
LOC4803892,Arc1,FBgn0033926,0,ortholog_one2one
LOC117183176,tun,FBgn0034046,0,ortholog_one2one
LOC6900921,CG33234,FBgn0053234,1,ortholog_one2many
LOC4800332,Alp4,FBgn0016123,1,ortholog_one2one
LOC4811901,CG13059,FBgn0036607,1,ortholog_one2one
LOC4813210,Ir68a,FBgn0036150,1,ortholog_one2one
LOC4800317,Cpr100A,FBgn0039805,1,ortholog_one2one
LOC117184028,Cap-D2,FBgn0039680,0,ortholog_one2many
LOC4813316,CG43693,FBgn0263776,1,ortholog_one2one
LOC4812688,CG16717,FBgn0036028,1,ortholog_one2one
LOC4816880,GABPI,FBgn0031495,1,ortholog_one2one
LOC4802910,Mrm2,FBgn0038737,1,ortholog_one2one
LOC4803421,CG9410,FBgn0033086,1,ortholog_one2one
LOC4816770,Pgant35A,FBgn0001970,0,ortholog_one2one
LOC6903496,CG17217,FBgn0032419,0,ortholog_one2one
LOC4816450,CG10194,FBgn0032790,1,ortholog_one2one
LOC6903394,CG2528,FBgn0032969,1,ortholog_one2one
LOC6903377,PIG-U,FBgn0032052,1,ortholog_one2one
LOC4801487,Teh1,FBgn0037766,0,ortholog_one2one
LOC4803328,IFT20,FBgn0050441,1,ortholog_one2one
LOC4804601,CG13868,FBgn0034501,1,ortholog_one2one
LOC4802391,VhaPPA1-1,FBgn0028662,1,ortholog_one2one
LOC117184488,inaF-D,FBgn0260812,1,ortholog_one2one
LOC4802044,CG31548,FBgn0051548,1,ortholog_one2one
LOC4816834,CG7191,FBgn0031945,1,ortholog_one2one
LOC4801001,CG6013,FBgn0038675,1,ortholog_one2one
LOC4817038,Gr32a,FBgn0041246,1,ortholog_one2one
LOC117184127,CG5245,FBgn0038047,0,ortholog_one2many
LOC4812038,CG4950,FBgn0036587,1,ortholog_one2one
LOC4812345,cmb,FBgn0036365,1,ortholog_one2one
LOC4801985,CG11550,FBgn0039864,1,ortholog_one2one
LOC4800697,Trax,FBgn0038327,1,ortholog_one2one
LOC4814259,CG32547,FBgn0052547,1,ortholog_one2one
LOC4812572,CG13313,FBgn0035941,1,ortholog_one2one
LOC4805222,ari-2,FBgn0025186,1,ortholog_one2one
LOC6900478,CG10657,FBgn0036289,1,ortholog_one2one
LOC6898007,CG32110,FBgn0052110,0,ortholog_one2one
LOC117183985,Txl,FBgn0035631,0,ortholog_one2many
LOC4815549,CG3078,FBgn0023524,1,ortholog_one2one
LOC4804645,CG13430,FBgn0034518,1,ortholog_one2one
LOC6902763,CG17508,FBgn0039970,0,ortholog_one2many
LOC6902763,CG15403,FBgn0031504,0,ortholog_one2many
LOC4804271,CG13155,FBgn0033723,1,ortholog_one2one
LOC4803148,scpr-A,FBgn0037889,0,ortholog_many2many
LOC4803148,scpr-B,FBgn0037888,0,ortholog_many2many
LOC4803148,scpr-C,FBgn0037879,1,ortholog_many2many
LOC4817460,bero,FBgn0032897,1,ortholog_one2one
LOC4813553,Eig71Ec,FBgn0004590,1,ortholog_many2many
LOC4813553,Eig71Eb,FBgn0004589,0,ortholog_many2many
LOC4804905,blow,FBgn0004133,1,ortholog_one2one
LOC6898420,CG33475,FBgn0053475,1,ortholog_one2one
LOC4813539,CG7255,FBgn0036493,0,ortholog_one2one
LOC6898098,Tsp42Ei,FBgn0033130,1,ortholog_one2one
LOC6899165,CG12177,FBgn0030510,0,ortholog_one2many
LOC4804694,Reg-5,FBgn0015801,1,ortholog_one2one
LOC4801960,CG6015,FBgn0038927,1,ortholog_one2one
LOC4815617,sta,FBgn0003517,1,ortholog_one2one
LOC4816103,Hnf4,FBgn0004914,1,ortholog_one2one
LOC4816499,CCT4,FBgn0032444,1,ortholog_one2one
LOC26532160,CG41128,FBgn0069923,0,ortholog_one2one
LOC4801336,PGS1,FBgn0038649,1,ortholog_one2one
LOC4802664,LpR2,FBgn0051092,1,ortholog_one2one
LOC4817427,CG15412,FBgn0031528,1,ortholog_one2one
LOC4804552,wmd,FBgn0034876,1,ortholog_one2one
LOC4804270,Cpr49Ab,FBgn0050042,1,ortholog_one2one
LOC6901254,CG1636,FBgn0030030,1,ortholog_one2one
LOC4804881,PheRS-m,FBgn0275436,1,ortholog_one2one
LOC4805648,CG13229,FBgn0033579,0,ortholog_one2one
LOC4804304,Chi,FBgn0013764,1,ortholog_one2one
LOC4803691,BaraC,FBgn0050285,1,ortholog_one2one
LOC4817253,CG15418,FBgn0031554,1,ortholog_one2one
LOC4816624,CG31821,FBgn0051821,1,ortholog_one2one
LOC26534353,Pur-alpha,FBgn0022361,1,ortholog_one2one
LOC6901873,CG15642,FBgn0030642,1,ortholog_one2one
LOC6897825,CG14860,FBgn0038273,0,ortholog_one2many
LOC4803281,Acsx3,FBgn0038733,0,ortholog_many2many
LOC4803281,Acsx1R,FBgn0038731,1,ortholog_many2many
LOC4803281,Acsx1L,FBgn0038730,1,ortholog_many2many
LOC6898358,CG1407,FBgn0033474,0,ortholog_one2one
LOC117184349,Gat,FBgn0039915,0,ortholog_one2one
LOC4802691,E2f1,FBgn0011766,1,ortholog_one2one
LOC4816438,kmg,FBgn0032473,1,ortholog_one2one
LOC4811898,axed,FBgn0035708,1,ortholog_one2one
LOC4803584,CG30375,FBgn0050375,1,ortholog_one2one
LOC6900305,CG7557,FBgn0036159,0,ortholog_one2many
LOC4805199,qkr58E-1,FBgn0022986,1,ortholog_one2one
LOC4816187,Or30a,FBgn0032096,1,ortholog_one2one
LOC117184065,CG18563,FBgn0032639,0,ortholog_many2many
LOC117184065,CG14990,FBgn0035496,0,ortholog_many2many
LOC117184065,SPH93,FBgn0032638,0,ortholog_many2many
LOC117184065,CG18478,FBgn0028517,0,ortholog_many2many
LOC117184065,CG3117,FBgn0031471,0,ortholog_many2many
LOC117184065,CG31827,FBgn0051827,0,ortholog_many2many
LOC4801458,naz,FBgn0286852,1,ortholog_one2one
LOC4812423,MESR6,FBgn0036846,1,ortholog_one2one
LOC6900034,Arts,FBgn0042177,1,ortholog_many2many
LOC6900034,Apl,FBgn0042178,1,ortholog_many2many
LOC4804957,Obp56a,FBgn0034468,1,ortholog_one2one
LOC6902535,Prosbeta4R2,FBgn0031443,1,ortholog_one2one
LOC4816794,CG13280,FBgn0032609,1,ortholog_one2one
LOC6901010,tbrd-2,FBgn0034423,0,ortholog_one2one
LOC6896866,YL-1,FBgn0032321,0,ortholog_one2one
LOC4802353,CG31436,FBgn0051436,1,ortholog_one2one
LOC6899935,CG10853,FBgn0035478,1,ortholog_one2one
LOC4803680,RpS11,FBgn0033699,1,ortholog_one2one
LOC6896702,PH4alphaNE3,FBgn0051017,0,ortholog_one2many
LOC4814508,Nep3,FBgn0031081,1,ortholog_one2one
LOC6902861,CG12307,FBgn0032370,1,ortholog_one2one
LOC4814794,Muc18B,FBgn0031000,1,ortholog_one2one
LOC4805515,RIC-3,FBgn0050296,1,ortholog_one2one
LOC4817342,JMJD4,FBgn0032671,1,ortholog_one2one
LOC4814082,rho,FBgn0004635,1,ortholog_one2one
LOC4801814,Poxm,FBgn0003129,1,ortholog_one2one
LOC26532531,kl-3,FBgn0267432,0,ortholog_one2one
LOC4812643,CG32260,FBgn0052260,1,ortholog_one2one
LOC6897909,CG4836,FBgn0270925,1,ortholog_one2one
LOC4816366,sNPF,FBgn0032840,1,ortholog_one2one
LOC6897512,fid,FBgn0259146,1,ortholog_one2one
LOC6900757,CG7512,FBgn0036168,0,ortholog_one2one
LOC4816125,CG13101,FBgn0032084,1,ortholog_one2one
LOC4800853,e,FBgn0000527,1,ortholog_one2one
LOC4814175,Arl5,FBgn0035866,1,ortholog_one2one
LOC4817921,solo,FBgn0283440,1,ortholog_one2one
LOC6901535,CG33932,FBgn0066303,1,ortholog_one2one
LOC4801267,Droj2,FBgn0038145,1,ortholog_one2one
LOC4804344,Asap,FBgn0050372,1,ortholog_one2one
LOC4803952,PTP-ER,FBgn0016641,0,ortholog_one2one
LOC6902220,Nrd1,FBgn0030344,0,ortholog_one2many
LOC4812963,CG15822,FBgn0035308,1,ortholog_one2one
LOC4801063,CG14855,FBgn0038260,1,ortholog_one2one
LOC4812677,CG4101,FBgn0025558,1,ortholog_one2one
LOC6902873,CG32832,FBgn0052832,1,ortholog_one2one
LOC4800797,CG10345,FBgn0027562,1,ortholog_one2one
LOC26533547,CG45062,FBgn0266432,0,ortholog_many2many
LOC26533547,CG45063,FBgn0266433,1,ortholog_many2many
LOC4804914,Orc1,FBgn0286788,1,ortholog_one2one
LOC4801565,tst,FBgn0039117,1,ortholog_one2one
LOC4803208,Odj,FBgn0038551,0,ortholog_one2one
LOC4817836,epsilonCOP,FBgn0027496,1,ortholog_one2one
LOC4802517,Gmppb,FBgn0037279,1,ortholog_one2one
LOC4801294,flfl,FBgn0024555,1,ortholog_one2one
LOC4801559,RanBP3,FBgn0039110,1,ortholog_one2one
LOC6897142,Rcd7,FBgn0260461,0,ortholog_one2many
LOC4805377,CG5033,FBgn0028744,1,ortholog_one2one
LOC6902521,CG34134,FBgn0083970,0,ortholog_one2one
LOC4805287,twz,FBgn0034636,1,ortholog_one2one
LOC26532244,UBL3,FBgn0026076,1,ortholog_one2one
LOC6897823,Dhc1,FBgn0287844,1,ortholog_one2one
LOC6902194,CG4686,FBgn0038739,0,ortholog_many2many
LOC6902194,CG42395,FBgn0259741,0,ortholog_many2many
LOC117184456,PH4alphaNE3,FBgn0051017,0,ortholog_one2many
LOC4815240,CG12470,FBgn0040371,1,ortholog_one2one
LOC4815190,Ndc80,FBgn0030500,1,ortholog_one2one
LOC4817273,CG8851,FBgn0031546,1,ortholog_one2one
LOC6902668,CG13801,FBgn0035332,0,ortholog_one2many
LOC6902668,CG11262,FBgn0036329,0,ortholog_one2many
LOC6902668,CG31693,FBgn0051693,0,ortholog_one2many
LOC4813566,Tsf2,FBgn0036299,1,ortholog_one2one
LOC4802065,Hpf1,FBgn0037377,1,ortholog_one2one
LOC4802104,CG4565,FBgn0037841,1,ortholog_one2one
LOC4816222,Uvrag,FBgn0032499,0,ortholog_one2one
LOC26533489,mthl3,FBgn0028956,0,ortholog_many2many
LOC26533489,mth,FBgn0023000,0,ortholog_many2many
LOC26533489,mthl2,FBgn0035623,0,ortholog_many2many
LOC26533489,mthl4,FBgn0034219,0,ortholog_many2many
LOC4815692,Klf15,FBgn0025679,1,ortholog_many2many
LOC4803969,CG12868,FBgn0033945,1,ortholog_one2many
LOC4803947,Pgm2b,FBgn0033969,1,ortholog_one2one
LOC4800910,CG13837,FBgn0039042,1,ortholog_one2one
LOC4802120,CG11836,FBgn0039272,0,ortholog_one2one
LOC4801706,faf,FBgn0005632,1,ortholog_one2one
LOC6898438,CG30049,FBgn0050049,1,ortholog_one2one
LOC4805252,comr,FBgn0034667,1,ortholog_one2one
LOC6896727,CG9682,FBgn0039760,0,ortholog_one2one
LOC4814373,bcn92,FBgn0013432,1,ortholog_one2one
LOC4805044,CG30349,FBgn0050349,1,ortholog_one2one
LOC6900011,CG13065,FBgn0036590,1,ortholog_one2one
LOC6901871,comt,FBgn0000346,1,ortholog_one2one
LOC4802276,Taf1,FBgn0010355,1,ortholog_one2one
LOC4811984,Bet1,FBgn0260857,1,ortholog_one2one
LOC4801713,Mcm2,FBgn0014861,1,ortholog_one2one
LOC4813960,Cdk12,FBgn0037093,1,ortholog_one2one
LOC6902023,CG11085,FBgn0030408,1,ortholog_one2one
LOC4801049,Smug,FBgn0038490,1,ortholog_one2one
LOC4814401,Snx27,FBgn0052758,1,ortholog_one2one
LOC4814413,upd2,FBgn0030904,1,ortholog_one2one
LOC4804964,Or56a,FBgn0034473,1,ortholog_one2many
LOC117184393,BHD,FBgn0261111,1,ortholog_one2many
LOC4801660,Pfdn5,FBgn0038976,1,ortholog_one2one
LOC4817373,IP3K1,FBgn0032147,1,ortholog_one2one
LOC4802575,CG3281,FBgn0260741,1,ortholog_one2one
LOC4813454,CG11249,FBgn0037115,1,ortholog_one2one
LOC4805026,ix,FBgn0001276,1,ortholog_one2one
LOC6902797,Patsas,FBgn0029137,1,ortholog_one2one
LOC4812247,Gale,FBgn0035147,1,ortholog_one2one
LOC26532454,CG6138,FBgn0032268,1,ortholog_one2one
LOC4800592,ps,FBgn0261552,1,ortholog_one2one
LOC6902077,br,FBgn0283451,1,ortholog_one2one
LOC6902048,CG14118,FBgn0036323,0,ortholog_one2one
LOC4804767,CG15919,FBgn0040743,1,ortholog_one2one
LOC4812338,CG32428,FBgn0052428,1,ortholog_one2one
LOC6897650,CG17931,FBgn0038421,1,ortholog_one2one
LOC4812042,Atac3,FBgn0052343,1,ortholog_one2one
LOC4811999,asf1,FBgn0029094,1,ortholog_one2many
LOC6898506,Pkn,FBgn0020621,1,ortholog_one2one
LOC6901732,CG8260,FBgn0030684,0,ortholog_one2many
LOC26532411,LManII,FBgn0027611,1,ortholog_one2one
LOC4801323,Tb,FBgn0243586,1,ortholog_one2one
LOC4816870,CG14937,FBgn0032377,0,ortholog_one2one
LOC6899785,Rab3-GEF,FBgn0030613,1,ortholog_one2one
LOC4804168,Fsn,FBgn0043010,1,ortholog_one2one
LOC4803311,pxb,FBgn0053207,1,ortholog_one2one
LOC4813402,Adgf-A2,FBgn0043025,1,ortholog_one2one
LOC4801159,Ctl2,FBgn0039637,1,ortholog_one2one
LOC4813938,Culd,FBgn0035880,1,ortholog_one2one
LOC4801429,CG31229,FBgn0051229,1,ortholog_one2one
LOC4805040,Spt,FBgn0033348,1,ortholog_one2one
LOC4802871,CG31287,FBgn0051287,1,ortholog_one2one
LOC4814688,Axs,FBgn0000152,1,ortholog_one2one
LOC4815926,CG14621,FBgn0031183,1,ortholog_one2one
LOC4811771,Atf6,FBgn0033010,0,ortholog_one2one
LOC4802957,alpha-Est7,FBgn0015575,1,ortholog_one2one
LOC4813525,CG10663,FBgn0036287,1,ortholog_one2one
LOC4800925,CG13841,FBgn0040588,1,ortholog_one2one
LOC4817229,CG2493,FBgn0032864,0,ortholog_one2one
LOC4815113,CG12498,FBgn0040356,1,ortholog_one2one
LOC4818076,TrissinR,FBgn0085410,1,ortholog_one2one
LOC4815241,arg,FBgn0023535,1,ortholog_one2one
LOC4814831,per,FBgn0003068,1,ortholog_one2one
LOC6902666,CG43924,FBgn0264545,0,ortholog_one2many
LOC6902666,CG43923,FBgn0264544,0,ortholog_one2many
LOC4805047,Ggamma1,FBgn0004921,1,ortholog_one2one
LOC4817330,E23,FBgn0020445,1,ortholog_one2one
LOC6896672,CG33654,FBgn0053654,0,ortholog_one2one
LOC4803487,pwn,FBgn0003174,1,ortholog_one2one
LOC4804511,Mad1,FBgn0026326,1,ortholog_one2one
LOC4818193,CG9257,FBgn0032916,1,ortholog_one2one
LOC4814213,CG13002,FBgn0030804,1,ortholog_one2one
LOC117185063,CG15602,FBgn0030694,0,ortholog_one2one
LOC4816990,Prp40,FBgn0031492,1,ortholog_one2one
LOC6900805,mus304,FBgn0002901,1,ortholog_one2one
LOC6901500,CG8745,FBgn0036381,0,ortholog_one2one
LOC6897219,CG7126,FBgn0038602,1,ortholog_one2one
LOC6900439,Atg12,FBgn0036255,1,ortholog_one2one
LOC4804810,GstE9,FBgn0063491,1,ortholog_one2one
LOC4801737,CG31142,FBgn0047114,1,ortholog_one2one
LOC4811928,CG7514,FBgn0035567,1,ortholog_one2many
LOC4811928,CG18418,FBgn0035568,1,ortholog_one2many
LOC4805129,dap,FBgn0010316,1,ortholog_one2one
LOC4802851,Taf12,FBgn0011290,1,ortholog_one2one
LOC4802162,CG5746,FBgn0039186,1,ortholog_one2one
LOC26532408,CG34429,FBgn0085458,1,ortholog_one2one
LOC4803470,Tsp42Eq,FBgn0033138,1,ortholog_one2one
LOC4816820,CG14931,FBgn0032374,1,ortholog_one2many
LOC6901501,moon,FBgn0030373,0,ortholog_one2one
LOC4804910,CG1598,FBgn0033191,1,ortholog_one2one
LOC6897819,fabp,FBgn0037913,1,ortholog_one2one
LOC4804276,Cpr49Ag,FBgn0033730,1,ortholog_one2one
LOC6898894,mRpL34,FBgn0083983,1,ortholog_one2one
LOC4805338,Caf1-105,FBgn0033526,1,ortholog_one2one
LOC6901101,CG32642,FBgn0052642,1,ortholog_one2one
LOC4800372,CG9698,FBgn0039784,1,ortholog_one2one
LOC4815737,Rpt3,FBgn0028686,1,ortholog_one2one
LOC6901599,scf,FBgn0025682,0,ortholog_one2many
LOC6900402,Urm1,FBgn0053276,1,ortholog_one2one
LOC6901864,nAChRalpha7,FBgn0086778,0,ortholog_one2one
LOC4815706,CG3198,FBgn0029887,1,ortholog_one2one
LOC117185608,His1:CG33801,FBgn0053801,0,ortholog_many2many
LOC117185608,His1:CG33807,FBgn0053807,0,ortholog_many2many
LOC117185608,His1:CG33819,FBgn0053819,0,ortholog_many2many
LOC117185608,His1:CG33840,FBgn0053840,1,ortholog_many2many
LOC117185608,His1:CG33843,FBgn0053843,0,ortholog_many2many
LOC117185608,His1:CG33846,FBgn0053846,0,ortholog_many2many
LOC117185608,His1:CG33810,FBgn0053810,0,ortholog_many2many
LOC117185608,His1:CG33804,FBgn0053804,1,ortholog_many2many
LOC117185608,His1:CG33816,FBgn0053816,0,ortholog_many2many
LOC117185608,His1:CG33837,FBgn0053837,1,ortholog_many2many
LOC117185608,His1:CG33861,FBgn0053861,0,ortholog_many2many
LOC117185608,His1:CG33855,FBgn0053855,0,ortholog_many2many
LOC117185608,His1:CG33825,FBgn0053825,1,ortholog_many2many
LOC117185608,His1:CG33852,FBgn0053852,0,ortholog_many2many
LOC117185608,His1:CG33831,FBgn0053831,0,ortholog_many2many
LOC117185608,His1:CG33828,FBgn0053828,0,ortholog_many2many
LOC117185608,His1:CG33864,FBgn0053864,0,ortholog_many2many
LOC117185608,His1:CG33813,FBgn0053813,1,ortholog_many2many
LOC117185608,His1:CG31617,FBgn0051617,0,ortholog_many2many
LOC117185608,His1:CG33849,FBgn0053849,0,ortholog_many2many
LOC117185608,His1:CG33822,FBgn0053822,1,ortholog_many2many
LOC117185608,His1:CG33858,FBgn0053858,0,ortholog_many2many
LOC117185608,His1:CG33834,FBgn0053834,0,ortholog_many2many
LOC4804164,CG4627,FBgn0033808,1,ortholog_one2one
LOC6902277,stnA,FBgn0016976,1,ortholog_one2one
LOC6900686,CG43127,FBgn0262592,1,ortholog_one2one
LOC4804061,Vha100-3,FBgn0028669,1,ortholog_one2one
LOC4815876,CG9360,FBgn0030332,1,ortholog_one2one
LOC6900030,CG13063,FBgn0036601,0,ortholog_many2many
LOC6900030,CG13043,FBgn0036600,0,ortholog_many2many
LOC6903372,Cks30A,FBgn0010314,1,ortholog_one2one
LOC4803645,CG1946,FBgn0033216,1,ortholog_one2one
LOC4801927,ECSIT,FBgn0028436,1,ortholog_one2one
LOC117184252,CG4953,FBgn0032204,0,ortholog_one2one
LOC117184369,CG32686,FBgn0052686,0,ortholog_one2one
LOC4803601,Lcp4,FBgn0002535,1,ortholog_many2many
LOC4803601,Lcp3,FBgn0002534,1,ortholog_many2many
LOC4816542,CG15253,FBgn0028948,1,ortholog_one2one
LOC4804743,CG9062,FBgn0033607,1,ortholog_one2one
LOC4816363,CG10237,FBgn0032783,1,ortholog_one2one
LOC4814582,CG1847,FBgn0030345,1,ortholog_one2one
LOC4805374,fab1,FBgn0028741,1,ortholog_one2one
LOC6898262,CG13527,FBgn0034776,1,ortholog_one2one
LOC4812079,CG6839,FBgn0036831,1,ortholog_one2one
LOC4816541,PolG1,FBgn0004406,1,ortholog_one2one
LOC4812984,CG32187,FBgn0052187,1,ortholog_one2one
LOC4812849,MsrA,FBgn0000565,1,ortholog_one2one
LOC4816432,Fatp1,FBgn0267828,1,ortholog_one2one
LOC4817316,ush,FBgn0003963,1,ortholog_one2one
LOC4801806,nac,FBgn0265351,1,ortholog_one2one
LOC4803648,Rcd1,FBgn0033897,1,ortholog_one2one
LOC6902726,CG10195,FBgn0032787,1,ortholog_one2one
LOC6898922,CG30458,FBgn0050458,1,ortholog_one2one
LOC4801638,CG9920,FBgn0038200,1,ortholog_one2one
LOC6896819,Gba1b,FBgn0051414,1,ortholog_one2one
LOC4805218,Oatp58Dc,FBgn0034716,1,ortholog_one2one
LOC4800930,CG17141,FBgn0039020,1,ortholog_one2one
LOC6903559,Nxf3,FBgn0263232,0,ortholog_one2one
LOC4814529,CG1545,FBgn0030259,1,ortholog_one2one
LOC6898432,Paip1,FBgn0034181,1,ortholog_one2one
LOC4813767,MED11,FBgn0036811,1,ortholog_one2one
LOC6899089,CG7849,FBgn0033060,0,ortholog_one2one
LOC6898589,Dlish,FBgn0034264,1,ortholog_one2one
LOC4812858,yellow-g,FBgn0041709,1,ortholog_one2one
LOC6896743,CG1983,FBgn0039751,1,ortholog_one2one
LOC4813347,CG13937,FBgn0035287,1,ortholog_one2one
LOC4817980,CG9302,FBgn0032514,1,ortholog_one2one
LOC4802025,Sys1,FBgn0037603,1,ortholog_one2one
LOC6901039,bnb,FBgn0001090,1,ortholog_one2one
LOC6900707,foi,FBgn0024236,1,ortholog_one2one
LOC4801512,Mpi,FBgn0286506,1,ortholog_one2one
LOC4803409,Cyp6a2,FBgn0000473,1,ortholog_one2one
LOC4815109,CanB,FBgn0010014,1,ortholog_one2one
LOC4801197,Eh,FBgn0000564,1,ortholog_one2one
LOC4815112,ERp44,FBgn0030734,1,ortholog_one2one
LOC4813857,app,FBgn0260941,1,ortholog_one2one
LOC4814990,Tre1,FBgn0046687,1,ortholog_one2one
LOC4814119,CG12182,FBgn0028504,1,ortholog_one2one
LOC4816522,Polr1C,FBgn0031657,1,ortholog_one2one
LOC26533475,CG11912,FBgn0031248,0,ortholog_one2many
LOC6899890,Zip102B,FBgn0039902,1,ortholog_one2one
LOC4815408,CG14220,FBgn0031036,1,ortholog_one2one
LOC4805249,CG4377,FBgn0034664,1,ortholog_one2one
LOC4813196,CG13738,FBgn0036390,1,ortholog_one2one
LOC4818181,mAcon1,FBgn0010100,1,ortholog_one2one
LOC4803549,Tpc2,FBgn0035078,1,ortholog_one2one
LOC4800969,Gr93c,FBgn0045469,1,ortholog_one2one
LOC4803484,CG1850,FBgn0033154,1,ortholog_one2one
LOC4815304,CG14232,FBgn0031061,1,ortholog_one2one
LOC6898192,Rpi,FBgn0050410,1,ortholog_one2one
LOC4803634,TTLL12,FBgn0033225,1,ortholog_one2one
LOC4813044,CG14569,FBgn0037123,1,ortholog_one2one
LOC6901990,CG11356,FBgn0030375,1,ortholog_one2one
LOC4803713,CG9861,FBgn0034844,1,ortholog_one2one
LOC4804849,CG7882,FBgn0033047,0,ortholog_one2one
LOC6901224,CG18258,FBgn0265267,1,ortholog_one2many
LOC4800796,NPF,FBgn0027109,1,ortholog_one2one
LOC4802167,Rrp5,FBgn0039182,1,ortholog_one2one
LOC6902901,CG3222,FBgn0036014,0,ortholog_one2one
LOC4817886,Phlpp,FBgn0032749,1,ortholog_one2one
LOC4803529,Stoml2,FBgn0034936,1,ortholog_one2one
LOC4812415,RpLP0,FBgn0000100,1,ortholog_one2one
LOC4803215,CG11854,FBgn0039299,1,ortholog_one2one
LOC6896918,CG17560,FBgn0038450,1,ortholog_one2one
LOC4804924,wech,FBgn0259745,1,ortholog_one2one
LOC4801051,m-cup,FBgn0038488,1,ortholog_one2one
LOC6898695,CG33775,FBgn0053775,1,ortholog_one2one
LOC4803090,mRpS10,FBgn0038307,1,ortholog_one2one
LOC6901606,mil,FBgn0267366,0,ortholog_one2many
LOC6901181,zyd,FBgn0265767,1,ortholog_one2one
LOC4818060,dao,FBgn0028862,1,ortholog_one2one
LOC4803038,CG31100,FBgn0051100,1,ortholog_one2one
LOC4818138,LUBEL,FBgn0031857,1,ortholog_one2one
LOC4815769,MKP-4,FBgn0031044,1,ortholog_one2one
LOC4817572,Secp43,FBgn0031607,1,ortholog_one2one
LOC6896858,sosie,FBgn0039232,0,ortholog_one2one
LOC6900387,Swt1,FBgn0030892,0,ortholog_one2one
LOC4801241,l(3)mbt,FBgn0002441,1,ortholog_one2one
LOC4804912,Cyt-b5,FBgn0264294,1,ortholog_one2one
GeneID_44805035,mt:ND4L,FBgn0013683,1,ortholog_one2one
LOC4803430,Mob4,FBgn0259483,1,ortholog_one2one
LOC6901588,CG31819,FBgn0028893,0,ortholog_one2one
LOC4800452,atl,FBgn0039213,1,ortholog_one2one
LOC6897084,superdeath,FBgn0039640,1,ortholog_one2one
LOC6900594,Sema5c,FBgn0284221,1,ortholog_one2one
LOC4804832,mle,FBgn0002774,1,ortholog_one2one
LOC4800782,CG5359,FBgn0037773,1,ortholog_one2one
LOC117183309,Ulp1,FBgn0027603,0,ortholog_one2one
LOC4817628,CG31659,FBgn0051659,1,ortholog_one2one
LOC4812937,CG4669,FBgn0035598,1,ortholog_one2one
LOC4801013,Phyhd1,FBgn0037819,1,ortholog_one2one
LOC6901904,Mpv17,FBgn0039930,0,ortholog_one2one
LOC4802305,CG31183,FBgn0051183,1,ortholog_one2one
LOC6900681,Rbfox1,FBgn0052062,1,ortholog_one2one
LOC4803141,Tctp,FBgn0037874,1,ortholog_one2one
LOC4800431,CG13634,FBgn0039224,1,ortholog_one2one
LOC6898659,Src42A,FBgn0264959,1,ortholog_one2one
LOC6900050,CG13722,FBgn0035553,1,ortholog_one2one
LOC4815663,CG3457,FBgn0024984,1,ortholog_one2one
LOC6898308,Asx,FBgn0261823,1,ortholog_one2one
LOC4801160,dgt6,FBgn0039638,1,ortholog_one2one
LOC4804693,ETH,FBgn0028738,1,ortholog_one2one
LOC6903078,sky,FBgn0032901,1,ortholog_one2one
LOC4805502,CG3700,FBgn0034796,1,ortholog_one2one
LOC4814815,Gcna,FBgn0023515,1,ortholog_one2one
LOC6897818,sea,FBgn0037912,1,ortholog_one2one
LOC6897972,Nup358,FBgn0039302,1,ortholog_one2one
LOC4802539,mld,FBgn0263490,0,ortholog_one2one
LOC6897747,CG9396,FBgn0037714,1,ortholog_one2one
LOC6897863,Ubc84D,FBgn0017456,1,ortholog_one2one
LOC4817932,Pi3K21B,FBgn0020622,1,ortholog_one2one
LOC6900521,CG14073,FBgn0036814,1,ortholog_one2one
LOC4800301,HDAC11,FBgn0051119,1,ortholog_one2many
LOC4813899,ome,FBgn0259175,0,ortholog_one2one
LOC4801661,Nrx-1,FBgn0038975,1,ortholog_one2one
LOC4804998,CG30379,FBgn0050379,1,ortholog_one2many
LOC4800745,His2Av,FBgn0001197,1,ortholog_one2one
LOC6897609,Der-2,FBgn0038438,1,ortholog_one2one
LOC4814877,Tat,FBgn0030558,1,ortholog_one2one
LOC4802358,CG31097,FBgn0051097,1,ortholog_one2one
LOC4805434,Cyp9c1,FBgn0015040,1,ortholog_one2one
LOC4800300,Zip99C,FBgn0039714,1,ortholog_one2one
LOC4801586,CG7800,FBgn0037552,1,ortholog_one2many
LOC4801586,CG18249,FBgn0037553,1,ortholog_one2many
LOC4813288,Pbgs,FBgn0036271,1,ortholog_one2one
LOC4802166,Dis3,FBgn0039183,1,ortholog_one2one
LOC4812031,CG10089,FBgn0036369,1,ortholog_one2one
LOC117184402,CG3386,FBgn0035152,1,ortholog_one2many
LOC6898412,px,FBgn0003175,1,ortholog_one2one
LOC4802428,Pcmt,FBgn0086768,1,ortholog_one2one
LOC4818080,REPTOR-BP,FBgn0032202,0,ortholog_one2one
LOC4812197,Larp4B,FBgn0035424,1,ortholog_many2many
LOC6900390,CG42458,FBgn0259935,1,ortholog_one2one
LOC4812144,CG13056,FBgn0040794,1,ortholog_one2one
LOC4804339,Pabp2,FBgn0005648,1,ortholog_one2one
LOC4804692,Orc4,FBgn0023181,1,ortholog_one2one
LOC4813642,Adgf-B,FBgn0036751,1,ortholog_one2one
LOC4816650,sip1,FBgn0024191,0,ortholog_one2one
LOC4816872,CG31778,FBgn0051778,1,ortholog_one2one
LOC4802882,Akt,FBgn0010379,1,ortholog_one2one
LOC6898647,CG33958,FBgn0053958,1,ortholog_one2one
LOC4802515,CG14657,FBgn0037282,1,ortholog_one2one
LOC4813729,Alp10,FBgn0035619,1,ortholog_one2one
LOC4802735,CG31525,FBgn0051525,0,ortholog_one2one
LOC4813200,CG10616,FBgn0036286,1,ortholog_one2one
LOC4817435,Datp,FBgn0287788,1,ortholog_one2one
LOC4812278,CG7519,FBgn0037087,1,ortholog_one2one
LOC4804488,eIF2Bdelta,FBgn0034858,1,ortholog_one2one
LOC4813046,Grasp65,FBgn0036919,1,ortholog_one2one
LOC4813031,Lmx1a,FBgn0052105,1,ortholog_one2one
LOC6900516,Blos3,FBgn0085284,1,ortholog_one2one
LOC6898820,CG11291,FBgn0034713,1,ortholog_one2one
LOC4817138,CG17260,FBgn0031498,1,ortholog_one2one
LOC6902248,lz,FBgn0002576,1,ortholog_one2one
LOC4805109,CG13202,FBgn0033623,1,ortholog_one2one
LOC4813669,CG14120,FBgn0036321,0,ortholog_one2one
LOC4803462,Tsp42El,FBgn0033134,1,ortholog_one2one
LOC4804167,CG17059,FBgn0040754,1,ortholog_one2one
LOC6896734,CecA2,FBgn0000277,1,ortholog_one2many
LOC6896734,CecA1,FBgn0000276,1,ortholog_one2many
LOC4816973,CG7227,FBgn0031970,1,ortholog_one2one
LOC6901661,shakB,FBgn0085387,0,ortholog_one2one
LOC6897633,CG18586,FBgn0035642,0,ortholog_many2many
LOC6897633,CG5568,FBgn0035641,0,ortholog_many2many
LOC6899918,SkpE,FBgn0031074,0,ortholog_many2many
LOC6899918,SkpD,FBgn0026174,0,ortholog_many2many
LOC6899918,SkpA,FBgn0025637,0,ortholog_many2many
LOC6899918,SkpC,FBgn0026175,0,ortholog_many2many
LOC4802886,CG10185,FBgn0038397,1,ortholog_one2one
LOC4805518,cpa,FBgn0034577,1,ortholog_one2one
LOC4800495,Obp99a,FBgn0039678,1,ortholog_one2one
LOC4816164,Nhe3,FBgn0028703,1,ortholog_one2one
LOC4812343,kud,FBgn0036667,1,ortholog_one2one
LOC117183773,CG34026,FBgn0054026,0,ortholog_one2one
LOC4812843,viaf,FBgn0036237,1,ortholog_one2one
LOC4801570,Nup98-96,FBgn0039120,1,ortholog_one2one
LOC4818140,PCNA2,FBgn0032813,0,ortholog_one2one
LOC117184462,CG32846,FBgn0052846,1,ortholog_one2one
LOC6897556,CG42564,FBgn0260766,0,ortholog_one2one
LOC4803802,Vha44,FBgn0287825,1,ortholog_one2one
LOC6901494,Or10a,FBgn0030298,1,ortholog_one2one
LOC6898117,Taldo,FBgn0023477,1,ortholog_one2one
LOC4801577,red,FBgn0285913,1,ortholog_one2one
LOC4803183,CG14314,FBgn0038581,1,ortholog_one2one
LOC4814037,CG5280,FBgn0035952,1,ortholog_one2one
LOC117183186,aub,FBgn0000146,0,ortholog_one2many
LOC4805261,Gr58c,FBgn0041237,1,ortholog_one2one
LOC26532398,His1:CG33801,FBgn0053801,0,ortholog_many2many
LOC26532398,His1:CG33807,FBgn0053807,1,ortholog_many2many
LOC26532398,His1:CG33819,FBgn0053819,1,ortholog_many2many
LOC26532398,His1:CG33840,FBgn0053840,1,ortholog_many2many
LOC26532398,His1:CG33843,FBgn0053843,0,ortholog_many2many
LOC26532398,His1:CG33846,FBgn0053846,0,ortholog_many2many
LOC26532398,His1:CG33810,FBgn0053810,0,ortholog_many2many
LOC26532398,His1:CG33804,FBgn0053804,0,ortholog_many2many
LOC26532398,His1:CG33816,FBgn0053816,0,ortholog_many2many
LOC26532398,His1:CG33837,FBgn0053837,0,ortholog_many2many
LOC26532398,His1:CG33861,FBgn0053861,0,ortholog_many2many
LOC26532398,His1:CG33855,FBgn0053855,0,ortholog_many2many
LOC26532398,His1:CG33825,FBgn0053825,0,ortholog_many2many
LOC26532398,His1:CG33852,FBgn0053852,1,ortholog_many2many
LOC26532398,His1:CG33831,FBgn0053831,0,ortholog_many2many
LOC26532398,His1:CG33828,FBgn0053828,0,ortholog_many2many
LOC26532398,His1:CG33864,FBgn0053864,0,ortholog_many2many
LOC26532398,His1:CG33813,FBgn0053813,0,ortholog_many2many
LOC26532398,His1:CG31617,FBgn0051617,0,ortholog_many2many
LOC26532398,His1:CG33849,FBgn0053849,1,ortholog_many2many
LOC26532398,His1:CG33822,FBgn0053822,0,ortholog_many2many
LOC26532398,His1:CG33858,FBgn0053858,0,ortholog_many2many
LOC26532398,His1:CG33834,FBgn0053834,0,ortholog_many2many
LOC4802194,CG14551,FBgn0039408,1,ortholog_one2one
LOC4815578,CG11379,FBgn0040362,1,ortholog_one2one
LOC6900381,CG33287,FBgn0053287,1,ortholog_many2many
LOC6900381,CG33286,FBgn0053286,1,ortholog_many2many
LOC4817878,CG15283,FBgn0028844,1,ortholog_one2one
LOC4817990,CG11030,FBgn0031736,0,ortholog_one2one
LOC4804206,Syb,FBgn0003660,1,ortholog_one2one
LOC4800827,Dip-C,FBgn0000455,1,ortholog_one2one
LOC6900898,TpnC73F,FBgn0010424,1,ortholog_one2one
LOC4802908,CG4686,FBgn0038739,1,ortholog_many2many
LOC4802908,CG42395,FBgn0259741,0,ortholog_many2many
LOC4802810,Snmp1,FBgn0260004,1,ortholog_one2one
LOC4817010,PAPLA1,FBgn0031990,1,ortholog_one2one
LOC6900620,dar1,FBgn0263239,1,ortholog_one2one
LOC6899091,ppk6,FBgn0034489,0,ortholog_one2one
LOC4817684,cass,FBgn0286781,0,ortholog_one2one
LOC4803963,LamC,FBgn0010397,1,ortholog_one2one
LOC6897931,side-VI,FBgn0083950,1,ortholog_one2one
LOC4804690,CG3611,FBgn0035069,1,ortholog_one2one
LOC4805557,CNBP,FBgn0034802,1,ortholog_one2one
LOC4815131,l(1)sc,FBgn0002561,1,ortholog_one2one
LOC6902397,rost,FBgn0011705,1,ortholog_one2many
LOC4812049,LysS,FBgn0004430,1,ortholog_one2one
LOC4816824,Dlg5,FBgn0032363,1,ortholog_one2one
LOC4817270,dUTPase,FBgn0250837,1,ortholog_one2one
LOC4803948,NaPi-T,FBgn0016684,1,ortholog_one2one
LOC6897481,CG33342,FBgn0086610,1,ortholog_one2one
LOC6902591,DIP-eta,FBgn0031725,1,ortholog_one2one
LOC6903376,Acer,FBgn0016122,1,ortholog_one2one
LOC4814133,trh,FBgn0262139,1,ortholog_many2many
LOC4805599,CG13579,FBgn0035010,0,ortholog_one2one
LOC4814601,scu,FBgn0021765,1,ortholog_one2one
LOC4817715,Syx5,FBgn0011708,1,ortholog_one2one
LOC6903082,CG31676,FBgn0051676,1,ortholog_one2one
LOC4803280,GluClalpha,FBgn0024963,1,ortholog_one2one
LOC4817636,CG31661,FBgn0051661,1,ortholog_one2one
LOC4817760,CG15425,FBgn0265269,1,ortholog_one2one
LOC6903237,CG15145,FBgn0032649,1,ortholog_many2many
LOC6903237,CG15144,FBgn0032648,1,ortholog_many2many
LOC6903237,CG15143,FBgn0032647,1,ortholog_many2many
LOC4805311,CG12343,FBgn0033556,1,ortholog_one2one
LOC6902654,CG8708,FBgn0033271,0,ortholog_one2one
LOC4817212,Snx1,FBgn0031534,1,ortholog_one2one
LOC6901821,CG1409,FBgn0029964,1,ortholog_one2many
LOC6898018,CG5191,FBgn0038803,1,ortholog_one2one
LOC4813606,RabX5,FBgn0035255,1,ortholog_one2one
LOC4815482,CG34435,FBgn0085464,1,ortholog_one2one
LOC6896714,Tace,FBgn0039734,1,ortholog_one2one
LOC4814084,MED14,FBgn0035145,1,ortholog_one2one
LOC4817955,CSN1a,FBgn0028838,0,ortholog_one2one
LOC4804445,CG5327,FBgn0034363,1,ortholog_one2one
LOC6898003,CG44014,FBgn0264776,0,ortholog_one2many
LOC6898003,CG44013,FBgn0264775,0,ortholog_one2many
LOC6898658,Act42A,FBgn0000043,1,ortholog_one2many
GeneID_44805025,mt:ND3,FBgn0013681,1,ortholog_one2one
LOC6901818,dec,FBgn0000427,1,ortholog_one2one
LOC4812682,eIF4E6,FBgn0039622,0,ortholog_one2many
LOC4812682,eIF4E1,FBgn0015218,0,ortholog_one2many
LOC4817446,CG10413,FBgn0032689,1,ortholog_one2one
LOC4816978,AstC,FBgn0032336,1,ortholog_one2one
LOC4800673,CG12877,FBgn0039544,1,ortholog_one2one
LOC4813469,CrzR,FBgn0036278,1,ortholog_one2one
LOC6896878,loco,FBgn0020278,1,ortholog_one2one
LOC4817376,Snoo,FBgn0085450,1,ortholog_one2one
LOC4815247,rtv,FBgn0261277,1,ortholog_one2one
LOC4811722,eEF1delta,FBgn0032198,0,ortholog_one2one
LOC4801574,CG34355,FBgn0085384,1,ortholog_one2one
LOC4803901,mrj,FBgn0034091,1,ortholog_one2one
LOC117183767,CG42649,FBgn0261501,1,ortholog_one2one
LOC4803322,REPTOR,FBgn0039209,0,ortholog_one2one
LOC5495503,GstE4,FBgn0063496,1,ortholog_one2one
LOC4811869,CG13895,FBgn0035158,1,ortholog_one2one
LOC4812302,mRpL46,FBgn0035272,1,ortholog_one2one
LOC4815075,CG1789,FBgn0030063,1,ortholog_one2one
LOC4815724,Syt12,FBgn0261085,1,ortholog_one2one
LOC4815461,RhoGAP5A,FBgn0029778,1,ortholog_one2one
LOC4801242,CG14260,FBgn0039504,1,ortholog_one2one
LOC4800265,CG11504,FBgn0039733,1,ortholog_one2one
LOC15382886,Damm,FBgn0033659,1,ortholog_one2one
LOC4805281,Fkbp14,FBgn0010470,1,ortholog_one2one
LOC4813731,Vps60,FBgn0036740,1,ortholog_one2one
LOC117184773,PQBP1,FBgn0039270,0,ortholog_one2one
LOC4816575,CG31688,FBgn0263355,1,ortholog_one2one
LOC4812917,CG18265,FBgn0036725,1,ortholog_one2one
LOC4817755,CG42399,FBgn0259818,1,ortholog_one2one
LOC4805182,Rme-8,FBgn0015477,1,ortholog_one2one
LOC4817060,Ca-beta,FBgn0287724,1,ortholog_one2one
LOC6901340,CG33181,FBgn0053181,1,ortholog_one2one
LOC4817296,dbe,FBgn0020305,1,ortholog_one2one
LOC117184189,Plap,FBgn0024314,1,ortholog_one2many
LOC4805564,bug,FBgn0034050,1,ortholog_one2one
LOC4804794,CG14502,FBgn0034321,1,ortholog_one2one
LOC4817819,Cap-D3,FBgn0051989,0,ortholog_one2one
LOC6897189,CG10126,FBgn0038088,1,ortholog_one2one
LOC4803378,bsd,FBgn0027504,1,ortholog_one2one
LOC4814974,Traf-like,FBgn0030748,1,ortholog_one2one
LOC4804859,Ir52a,FBgn0034023,1,ortholog_one2many
LOC4804859,Ir52b,FBgn0050469,1,ortholog_one2many
LOC4815321,CG7101,FBgn0030963,0,ortholog_one2one
LOC26532360,CG33230,FBgn0053230,1,ortholog_one2one
LOC4817143,Sec5,FBgn0266670,1,ortholog_one2one
LOC4801195,Dscam3,FBgn0261046,1,ortholog_one2one
LOC4802907,CG17186,FBgn0038741,1,ortholog_one2one
LOC4804034,CG12769,FBgn0033252,1,ortholog_one2one
LOC4803356,Xpc,FBgn0004698,1,ortholog_one2one
LOC6897835,CG8925,FBgn0038404,1,ortholog_one2one
LOC6900934,AsnS,FBgn0270926,1,ortholog_one2one
LOC4803624,CG15082,FBgn0034397,1,ortholog_one2one
LOC4814371,CG15773,FBgn0029795,1,ortholog_one2one
LOC4804029,CG11191,FBgn0033249,1,ortholog_one2one
LOC4817405,CG13133,FBgn0032181,1,ortholog_one2one
LOC6896704,PH4alphaNE3,FBgn0051017,1,ortholog_one2many
LOC4805334,Pef,FBgn0033529,1,ortholog_one2one
LOC6900519,CG32243,FBgn0052243,0,ortholog_one2one
LOC4813676,Atox1,FBgn0052446,1,ortholog_one2one
LOC117184099,me31B,FBgn0004419,0,ortholog_one2many
LOC6902966,CG16704,FBgn0031558,1,ortholog_one2many
LOC4802762,Or82a,FBgn0041621,1,ortholog_one2one
LOC4802027,SLIRP2,FBgn0037602,1,ortholog_one2one
LOC4813103,PVRAP,FBgn0052406,1,ortholog_one2one
LOC4816576,Tmtc1,FBgn0051690,1,ortholog_one2one
LOC4816701,ND-B14.5B,FBgn0031505,1,ortholog_one2one
LOC4800310,Npc2h,FBgn0039801,1,ortholog_one2many
LOC4800310,Npc2g,FBgn0039800,1,ortholog_one2many
LOC4814818,Rala,FBgn0015286,1,ortholog_one2many
LOC4813105,I-2,FBgn0028429,0,ortholog_one2one
LOC13036449,CG34377,FBgn0263117,1,ortholog_one2one
LOC6904117,Ance,FBgn0012037,1,ortholog_one2many
LOC6901273,CG14418,FBgn0040354,1,ortholog_one2one
LOC6897146,TwdlK,FBgn0039439,1,ortholog_one2many
LOC6897146,TwdlJ,FBgn0039440,0,ortholog_one2many
LOC6903016,CG33282,FBgn0053282,1,ortholog_one2many
LOC4817035,ThrRS,FBgn0027081,1,ortholog_one2one
LOC4814399,por,FBgn0004957,1,ortholog_one2one
LOC6897796,MED21,FBgn0040020,0,ortholog_one2one
LOC4812622,CG14984,FBgn0035480,1,ortholog_one2one
LOC26533572,CG42718,FBgn0261635,1,ortholog_one2one
LOC6897314,UQCR-C2,FBgn0250814,0,ortholog_one2many
LOC6900593,Eig71Ec,FBgn0004590,0,ortholog_many2many
LOC6900593,Eig71Eb,FBgn0004589,0,ortholog_many2many
LOC4801988,pasha,FBgn0039861,1,ortholog_one2one
LOC6899046,CG8343,FBgn0040502,1,ortholog_one2many
LOC6897480,CG5768,FBgn0039198,1,ortholog_one2one
LOC6900498,Pka-C3,FBgn0000489,1,ortholog_one2one
LOC4801274,PK2-R1,FBgn0038140,1,ortholog_one2one
LOC26532932,Fum4,FBgn0051874,1,ortholog_one2one
LOC4801432,CstF64,FBgn0027841,1,ortholog_one2one
LOC4817357,CG18789,FBgn0042127,1,ortholog_one2many
LOC4817357,CG18787,FBgn0042125,0,ortholog_one2many
LOC4801555,RpS20,FBgn0019936,1,ortholog_one2one
LOC4812103,Uch-L5,FBgn0011327,1,ortholog_one2one
LOC6898824,CG42496,FBgn0260222,1,ortholog_one2one
LOC6897312,CG33203,FBgn0053203,0,ortholog_one2one
LOC4814395,ldd,FBgn0083956,1,ortholog_one2one
LOC4814190,CG4928,FBgn0027556,1,ortholog_one2one
LOC6900980,CG34269,FBgn0085298,1,ortholog_one2one
LOC6903432,CG33642,FBgn0053642,1,ortholog_one2many
LOC6903432,CG33641,FBgn0053641,1,ortholog_one2many
LOC6903373,armi,FBgn0041164,0,ortholog_one2many
LOC6897589,dpr9,FBgn0038282,1,ortholog_one2one
LOC4816629,Gr39b,FBgn0041245,1,ortholog_one2one
LOC4816865,Hr38,FBgn0014859,1,ortholog_one2one
LOC4814709,meso18E,FBgn0040089,1,ortholog_one2one
LOC4815220,mus101,FBgn0002878,1,ortholog_one2one
LOC4804939,CG15120,FBgn0034454,1,ortholog_one2one
LOC4801566,CG10375,FBgn0039116,1,ortholog_one2one
LOC4800558,CG10184,FBgn0039094,1,ortholog_one2one
LOC117183558,His3:CG33851,FBgn0053851,1,ortholog_one2many
LOC117183558,His3:CG33839,FBgn0053839,0,ortholog_one2many
LOC4804658,Spt-I,FBgn0086532,1,ortholog_one2one
LOC4816520,CG8892,FBgn0031664,1,ortholog_one2one
LOC4816268,CG17005,FBgn0032109,0,ortholog_one2one
LOC4812598,hzg,FBgn0036556,1,ortholog_one2one
LOC6901722,CG32437,FBgn0052437,0,ortholog_one2many
LOC4814451,bys,FBgn0010292,1,ortholog_one2one
LOC4804630,side-VIII,FBgn0086604,1,ortholog_one2one
LOC4816991,tos,FBgn0015553,1,ortholog_one2one
LOC4813860,Usp47,FBgn0016756,1,ortholog_one2one
LOC6902998,bru1,FBgn0000114,0,ortholog_one2one
LOC117185594,Pi4KIIalpha,FBgn0037339,0,ortholog_one2many
LOC6897489,CG9173,FBgn0035218,0,ortholog_one2many
LOC4804160,CG3687,FBgn0034097,0,ortholog_one2one
LOC4801850,CG4570,FBgn0037844,0,ortholog_one2one
LOC117184391,CG44355,FBgn0265455,1,ortholog_one2one
LOC4811944,CG14562,FBgn0037142,1,ortholog_one2one
LOC4812521,Mul1,FBgn0035483,1,ortholog_one2many
LOC26532861,scpr-A,FBgn0037889,0,ortholog_many2many
LOC26532861,scpr-B,FBgn0037888,0,ortholog_many2many
LOC26532861,scpr-C,FBgn0037879,0,ortholog_many2many
LOC6902155,CG2841,FBgn0003159,1,ortholog_one2one
LOC6899917,SkpE,FBgn0031074,0,ortholog_many2many
LOC6899917,SkpD,FBgn0026174,0,ortholog_many2many
LOC6899917,SkpA,FBgn0025637,0,ortholog_many2many
LOC6899917,SkpC,FBgn0026175,0,ortholog_many2many
LOC4814392,CG6696,FBgn0030947,1,ortholog_one2one
LOC4803481,Or43a,FBgn0026389,1,ortholog_one2one
LOC4815470,RpS10a,FBgn0027494,0,ortholog_one2many
LOC4815470,RpS10b,FBgn0285947,1,ortholog_one2many
LOC4805039,CG8243,FBgn0033349,1,ortholog_many2many
LOC4813557,nrm,FBgn0262509,1,ortholog_one2one
LOC4802518,Hus1-like,FBgn0026417,1,ortholog_one2one
LOC6898202,CG13545,FBgn0034828,1,ortholog_one2one
LOC4805411,S2P,FBgn0033656,1,ortholog_one2one
LOC6902210,CG43740,FBgn0263997,1,ortholog_one2one
LOC4804526,Alg3,FBgn0011297,1,ortholog_one2one
LOC6896834,aqrs,FBgn0039598,1,ortholog_one2one
LOC4813485,Myt1,FBgn0040298,1,ortholog_one2one
LOC4815949,Cyp4d14,FBgn0023541,1,ortholog_one2one
LOC4817085,CG4382,FBgn0032132,1,ortholog_one2one
LOC6900344,CG33986,FBgn0053986,1,ortholog_one2one
LOC6897603,Snr1,FBgn0011715,1,ortholog_one2one
LOC4812446,bip1,FBgn0026263,1,ortholog_one2one
LOC13036341,klhl10,FBgn0040038,0,ortholog_one2one
LOC4814780,Ir7b,FBgn0029965,1,ortholog_one2one
LOC4803245,Polr2M,FBgn0038692,1,ortholog_one2one
LOC4812560,mthl14,FBgn0052476,1,ortholog_one2one
LOC4814466,CG43901,FBgn0264502,1,ortholog_one2one
LOC4817291,CG8292,FBgn0032004,1,ortholog_one2one
LOC4803702,CG30284,FBgn0050284,1,ortholog_one2one
LOC4801822,salt,FBgn0039872,1,ortholog_one2one
LOC26532357,mtrm,FBgn0010431,1,ortholog_one2one
LOC6903433,CG33640,FBgn0053640,1,ortholog_one2one
LOC4813050,CG32137,FBgn0052137,1,ortholog_one2one
LOC4812153,Cpr76Bc,FBgn0036880,1,ortholog_one2one
LOC6898533,Phax,FBgn0033380,1,ortholog_one2one
LOC4803662,CG8839,FBgn0033717,0,ortholog_one2one
LOC6900389,Rac2,FBgn0014011,1,ortholog_one2one
LOC4814649,CG15370,FBgn0030107,1,ortholog_one2one
LOC4801581,CG31321,FBgn0051321,1,ortholog_one2one
LOC4812514,zpg,FBgn0024177,1,ortholog_one2one
LOC4805541,hng1,FBgn0034599,1,ortholog_one2one
LOC6902868,Msp300,FBgn0261836,1,ortholog_one2one
LOC4815514,Alp11,FBgn0030661,1,ortholog_one2one
LOC4811830,trk,FBgn0003751,0,ortholog_one2one
LOC4813723,Pdss2,FBgn0037044,1,ortholog_one2one
LOC4800367,CG13640,FBgn0039237,1,ortholog_one2one
LOC4812552,syd,FBgn0024187,1,ortholog_one2one
LOC6900341,CG42728,FBgn0261681,1,ortholog_one2one
LOC4802103,CG6567,FBgn0037842,1,ortholog_one2one
LOC4812370,Abp1,FBgn0036372,1,ortholog_one2one
LOC4813033,CG6893,FBgn0036807,1,ortholog_one2one
LOC4804280,CG13157,FBgn0033732,1,ortholog_one2one
LOC4814495,Vago,FBgn0030262,1,ortholog_one2one
LOC4802884,sxe2,FBgn0038398,1,ortholog_one2one
LOC4811669,SkpE,FBgn0031074,0,ortholog_many2many
LOC4811669,SkpD,FBgn0026174,0,ortholog_many2many
LOC4811669,SkpA,FBgn0025637,0,ortholog_many2many
LOC4811669,SkpC,FBgn0026175,0,ortholog_many2many
LOC4805294,CG8195,FBgn0034032,0,ortholog_one2one
LOC6903325,CG3123,FBgn0031465,0,ortholog_one2one
LOC4815712,ND-18,FBgn0031021,1,ortholog_one2many
LOC4801319,TwdlN,FBgn0039441,1,ortholog_one2one
LOC26534216,SNF4Agamma,FBgn0264357,0,ortholog_one2one
LOC6900705,GstO3,FBgn0035904,1,ortholog_one2one
LOC117184973,Prosalpha6,FBgn0250843,0,ortholog_one2many
LOC6900051,CG13721,FBgn0035554,1,ortholog_one2one
LOC6900125,Cubn2,FBgn0259140,0,ortholog_one2one
LOC6896826,RpL34b,FBgn0037686,1,ortholog_one2one
LOC4801508,Naa80,FBgn0037747,1,ortholog_one2one
LOC4814558,mRpL30,FBgn0029718,1,ortholog_one2one
LOC4811762,a10,FBgn0011293,0,ortholog_one2one
LOC4815767,l(1)G0004,FBgn0027334,1,ortholog_one2one
LOC4805424,CG12729,FBgn0029816,0,ortholog_one2many
LOC4805424,PI31,FBgn0033669,1,ortholog_one2many
LOC6901278,CG32793,FBgn0052793,1,ortholog_one2one
LOC4805082,CG13751,FBgn0033340,1,ortholog_one2one
LOC4812990,CG7335,FBgn0036941,1,ortholog_one2one
LOC4805078,CG8272,FBgn0033337,1,ortholog_one2one
LOC4814904,Fcp3C,FBgn0000644,1,ortholog_one2one
LOC4812875,CG7492,FBgn0035807,1,ortholog_one2one
LOC6898354,CG15115,FBgn0034413,1,ortholog_one2one
LOC6902828,CG32152,FBgn0052152,0,ortholog_one2one
LOC4815689,prtp,FBgn0030329,1,ortholog_one2one
LOC117183382,CG14671,FBgn0037340,1,ortholog_one2many
LOC4817062,Ssb-c31a,FBgn0015299,1,ortholog_one2one
LOC6897127,CG14868,FBgn0038330,1,ortholog_one2one
LOC6898023,RNASEK,FBgn0262116,0,ortholog_one2one
LOC4800924,Nepl15,FBgn0039024,1,ortholog_one2one
LOC4814064,Or65c,FBgn0041623,1,ortholog_many2many
LOC4814064,Or65b,FBgn0041624,1,ortholog_many2many
LOC4814064,Or65a,FBgn0041625,1,ortholog_many2many
LOC4815787,Pis,FBgn0030670,1,ortholog_one2one
LOC4805433,CG3640,FBgn0035042,1,ortholog_one2one
LOC6901533,jub,FBgn0030530,1,ortholog_one2one
LOC4803007,TMEM216,FBgn0037614,1,ortholog_one2one
LOC4816781,CG17660,FBgn0031356,1,ortholog_many2many
LOC4805179,CG8008,FBgn0033387,1,ortholog_one2one
LOC4813644,CG11309,FBgn0037070,1,ortholog_one2one
LOC4817102,Wwox,FBgn0031972,1,ortholog_one2one
LOC4804493,yellow-d2,FBgn0034856,1,ortholog_one2one
LOC4816347,Rab9,FBgn0032782,1,ortholog_one2one
LOC4802468,CSN5,FBgn0027053,1,ortholog_one2one
LOC4805074,sns,FBgn0024189,1,ortholog_one2one
LOC6902961,Prosalpha7,FBgn0023175,0,ortholog_one2many
LOC4802357,CG11892,FBgn0039313,1,ortholog_one2one
LOC4813218,CG7632,FBgn0037071,1,ortholog_one2one
LOC4804620,CG9380,FBgn0035094,1,ortholog_one2one
LOC6902376,Glt,FBgn0001114,1,ortholog_one2one
LOC6898643,Np,FBgn0265011,1,ortholog_one2one
LOC4813077,se,FBgn0086348,1,ortholog_one2one
LOC26532178,Schip1,FBgn0032221,0,ortholog_one2one
LOC4805176,shrb,FBgn0086656,1,ortholog_many2many
LOC4812979,lama,FBgn0016031,1,ortholog_one2one
LOC4813232,chrb,FBgn0036165,0,ortholog_one2one
LOC4811709,Nup154,FBgn0021761,0,ortholog_one2one
LOC4811865,Pdh,FBgn0011693,1,ortholog_one2one
LOC4815840,CG8191,FBgn0030675,1,ortholog_one2one
LOC117183574,His1:CG33801,FBgn0053801,0,ortholog_many2many
LOC117183574,His1:CG33807,FBgn0053807,0,ortholog_many2many
LOC117183574,His1:CG33819,FBgn0053819,0,ortholog_many2many
LOC117183574,His1:CG33840,FBgn0053840,0,ortholog_many2many
LOC117183574,His1:CG33843,FBgn0053843,0,ortholog_many2many
LOC117183574,His1:CG33846,FBgn0053846,0,ortholog_many2many
LOC117183574,His1:CG33810,FBgn0053810,0,ortholog_many2many
LOC117183574,His1:CG33804,FBgn0053804,0,ortholog_many2many
LOC117183574,His1:CG33816,FBgn0053816,0,ortholog_many2many
LOC117183574,His1:CG33837,FBgn0053837,0,ortholog_many2many
LOC117183574,His1:CG33861,FBgn0053861,0,ortholog_many2many
LOC117183574,His1:CG33855,FBgn0053855,0,ortholog_many2many
LOC117183574,His1:CG33825,FBgn0053825,0,ortholog_many2many
LOC117183574,His1:CG33852,FBgn0053852,0,ortholog_many2many
LOC117183574,His1:CG33831,FBgn0053831,1,ortholog_many2many
LOC117183574,His1:CG33828,FBgn0053828,1,ortholog_many2many
LOC117183574,His1:CG33864,FBgn0053864,0,ortholog_many2many
LOC117183574,His1:CG33813,FBgn0053813,0,ortholog_many2many
LOC117183574,His1:CG31617,FBgn0051617,0,ortholog_many2many
LOC117183574,His1:CG33849,FBgn0053849,0,ortholog_many2many
LOC117183574,His1:CG33822,FBgn0053822,0,ortholog_many2many
LOC117183574,His1:CG33858,FBgn0053858,0,ortholog_many2many
LOC117183574,His1:CG33834,FBgn0053834,0,ortholog_many2many
LOC6897273,CG11828,FBgn0039616,1,ortholog_one2one
LOC4800510,Gnpnat,FBgn0039690,1,ortholog_one2one
LOC4800870,Cyp313a4,FBgn0038076,1,ortholog_one2many
LOC4814827,eIF4H1,FBgn0262734,1,ortholog_one2one
LOC4816903,Nckx30C,FBgn0028704,0,ortholog_one2one
LOC6901416,Upf1,FBgn0030354,1,ortholog_one2one
LOC4804828,Pngl,FBgn0033050,1,ortholog_one2one
LOC4801236,CG13829,FBgn0039059,1,ortholog_one2one
LOC4801852,Orp8,FBgn0261550,1,ortholog_one2one
LOC4815485,iav,FBgn0086693,1,ortholog_one2one
LOC6897307,CG34149,FBgn0083985,1,ortholog_one2one
LOC4815859,CG3108,FBgn0029807,1,ortholog_one2one
LOC4818144,Eaat1,FBgn0026439,1,ortholog_one2one
LOC4813053,Cdc37,FBgn0011573,1,ortholog_one2many
LOC6897762,Eglp1,FBgn0034882,0,ortholog_one2one
LOC4812627,Rpn12,FBgn0028693,1,ortholog_one2one
LOC6903001,FucTA,FBgn0036485,0,ortholog_one2many
LOC4815343,fend,FBgn0030090,1,ortholog_one2one
LOC4803450,CG17002,FBgn0033122,1,ortholog_one2one
LOC4802463,alpha-Man-IIb,FBgn0026616,0,ortholog_one2one
LOC4817506,squ,FBgn0267347,0,ortholog_one2many
LOC4817506,CG15484,FBgn0032452,0,ortholog_one2many
LOC4813293,CG34342,FBgn0085371,1,ortholog_one2one
LOC4817505,her,FBgn0001185,1,ortholog_one2one
LOC4813013,Hsp83,FBgn0001233,1,ortholog_one2one
LOC4816147,CG10628,FBgn0032818,1,ortholog_one2one
LOC4813084,Cpr67Fa2,FBgn0036109,1,ortholog_one2many
LOC4813084,Cpr67Fa1,FBgn0036108,1,ortholog_one2many
LOC4800440,CG13630,FBgn0039219,1,ortholog_one2one
LOC6898276,CG44242,FBgn0265177,1,ortholog_one2one
LOC4816962,mRpS2,FBgn0031639,1,ortholog_one2one
LOC6898651,CG18538,FBgn0034324,1,ortholog_many2many
LOC6898651,CG18537,FBgn0034323,1,ortholog_many2many
LOC6898651,CG18536,FBgn0034322,1,ortholog_many2many
LOC4802934,thw,FBgn0037487,1,ortholog_one2one
LOC4803177,Arp5,FBgn0038576,1,ortholog_one2one
LOC26534028,Cpes,FBgn0025335,1,ortholog_one2one
LOC4814444,CG10353,FBgn0030349,1,ortholog_one2one
LOC4816428,Vha68-3,FBgn0032464,1,ortholog_one2one
LOC6902342,eEF2,FBgn0000559,0,ortholog_one2one
LOC26533666,CG33159,FBgn0053159,1,ortholog_one2one
LOC6899088,Strn-Mlck,FBgn0265045,1,ortholog_one2one
LOC4816291,CG16863,FBgn0028931,1,ortholog_one2one
LOC4803110,CG14694,FBgn0037845,1,ortholog_one2one
LOC6900514,CG32281,FBgn0052281,1,ortholog_one2one
LOC4813509,CG32379,FBgn0052379,1,ortholog_one2one
LOC4818199,Itgbn,FBgn0010395,1,ortholog_one2one
LOC6896753,tld,FBgn0003719,1,ortholog_one2one
LOC4804005,CG17359,FBgn0036396,0,ortholog_one2one
LOC117183397,CG33784,FBgn0053784,1,ortholog_many2many
LOC117183397,CG33783,FBgn0053783,1,ortholog_many2many
LOC117184823,UQCR-6.4L,FBgn0262842,0,ortholog_one2many
LOC6903239,CG5245,FBgn0038047,0,ortholog_one2many
LOC4816965,RpL36A,FBgn0031980,1,ortholog_one2one
LOC4818022,Pmvk,FBgn0032811,0,ortholog_one2one
LOC4813640,Ufd1,FBgn0036136,1,ortholog_one2one
LOC4801454,Nup43,FBgn0038609,1,ortholog_one2one
LOC4813890,Ilp4,FBgn0044049,1,ortholog_one2one
LOC13036326,Tm1,FBgn0003721,1,ortholog_one2one
LOC4800501,Obp99d,FBgn0039684,1,ortholog_one2one
LOC13036385,CG10492,FBgn0032748,1,ortholog_one2one
LOC4816846,ppk17,FBgn0032602,1,ortholog_one2one
LOC4815115,Rtc1,FBgn0020909,1,ortholog_one2one
LOC4813854,Crtc,FBgn0036746,1,ortholog_one2one
LOC117184954,SsRbeta,FBgn0011016,1,ortholog_one2many
LOC6903567,toc,FBgn0015600,0,ortholog_one2many
LOC4817131,Trp1,FBgn0011584,1,ortholog_one2one
LOC6900218,CG10222,FBgn0036356,1,ortholog_one2one
LOC4817310,nAChRalpha6,FBgn0032151,1,ortholog_one2one
LOC4803217,to,FBgn0039298,1,ortholog_one2one
LOC4804190,Cbp53E,FBgn0004580,1,ortholog_one2one
LOC4804337,Lpin,FBgn0263593,1,ortholog_one2one
LOC4815508,CG32639,FBgn0052639,1,ortholog_one2one
LOC4815848,CG13360,FBgn0025620,1,ortholog_one2one
LOC6902799,CG12795,FBgn0031535,1,ortholog_one2one
LOC6902740,CG17572,FBgn0032753,0,ortholog_one2many
LOC4812901,Cyp316a1,FBgn0035790,1,ortholog_one2one
LOC13036535,CG42811,FBgn0261993,1,ortholog_one2one
LOC4811772,CG5235,FBgn0036565,0,ortholog_one2one
LOC6903685,CG13653,FBgn0039288,1,ortholog_one2one
LOC6902704,NimA,FBgn0261514,1,ortholog_one2one
LOC4803852,CycB,FBgn0000405,0,ortholog_one2many
LOC4801392,timeout,FBgn0038118,1,ortholog_one2one
LOC4815280,CG3009,FBgn0029720,1,ortholog_one2one
LOC4801594,Sirt7,FBgn0039631,1,ortholog_one2one
LOC6903497,CG42685,FBgn0261571,1,ortholog_one2many
LOC6898222,Or98a,FBgn0039551,0,ortholog_one2many
LOC4802625,pyd,FBgn0262614,1,ortholog_one2one
LOC6898515,St1,FBgn0034887,1,ortholog_one2one
LOC6896744,Rsod,FBgn0051028,1,ortholog_one2one
LOC4811946,Vti1a,FBgn0260862,1,ortholog_one2one
LOC4813121,CG32053,FBgn0052053,1,ortholog_one2one
LOC4801146,CG6059,FBgn0039491,1,ortholog_one2one
LOC117184699,CG12112,FBgn0030048,0,ortholog_one2many
LOC4805582,Trap1,FBgn0026761,1,ortholog_one2one
LOC4804764,GLS,FBgn0261625,1,ortholog_one2one
LOC26533930,CG12637,FBgn0030224,0,ortholog_one2one
LOC4800534,Srp14,FBgn0038808,1,ortholog_one2one
LOC6901427,NetB,FBgn0015774,1,ortholog_one2one
LOC4817147,CG18585,FBgn0031929,1,ortholog_one2one
LOC4802963,CG42853,FBgn0262100,0,ortholog_one2one
LOC4802751,CG14645,FBgn0040687,1,ortholog_one2one
LOC4803317,CG4520,FBgn0038355,1,ortholog_one2one
LOC4802460,Dlip2,FBgn0040466,1,ortholog_one2one
LOC4800807,Cad89D,FBgn0038439,1,ortholog_one2one
LOC6898062,CG4744,FBgn0033834,1,ortholog_one2one
LOC4814473,Inx2,FBgn0027108,1,ortholog_one2one
LOC4800454,phu,FBgn0043791,0,ortholog_one2one
LOC6903575,nompC,FBgn0016920,1,ortholog_one2one
LOC4815009,Septin4,FBgn0259923,0,ortholog_one2one
LOC6903086,Acsf3,FBgn0029945,0,ortholog_one2many
LOC4817290,Pomp,FBgn0032884,1,ortholog_one2one
LOC4815230,dah,FBgn0015926,1,ortholog_one2one
LOC4817013,CG6686,FBgn0032388,1,ortholog_one2one
LOC4815434,CG14440,FBgn0029894,1,ortholog_one2one
LOC4813733,vih,FBgn0264848,1,ortholog_one2one
LOC4817644,haf,FBgn0261509,1,ortholog_one2one
LOC4804485,CG30411,FBgn0050411,1,ortholog_one2one
LOC4811998,thoc7,FBgn0035110,1,ortholog_one2one
LOC4803194,Usp8,FBgn0038862,0,ortholog_one2one
LOC4804085,sel,FBgn0263260,1,ortholog_one2one
LOC4803083,CG4770,FBgn0038751,1,ortholog_one2one
LOC4814499,CG9784,FBgn0030761,0,ortholog_one2one
LOC4812988,Cdc27,FBgn0012058,0,ortholog_one2one
LOC4800269,Vps13B,FBgn0039727,1,ortholog_one2one
LOC4802442,RpL35A,FBgn0037328,1,ortholog_one2one
LOC4812233,Taf4,FBgn0010280,1,ortholog_one2one
LOC6897561,Arpc3A,FBgn0038369,1,ortholog_one2one
LOC6896696,CG31016,FBgn0051016,0,ortholog_one2many
LOC6900443,Miox,FBgn0036262,1,ortholog_one2one
LOC26533266,pre-mod(mdg4)-V,FBgn0261844,1,ortholog_one2one
LOC4803319,Ttc26,FBgn0038358,1,ortholog_one2one
LOC4800786,Art4,FBgn0037770,1,ortholog_one2one
LOC4801189,Klp98A,FBgn0004387,1,ortholog_one2one
LOC6901895,CG7691,FBgn0038626,0,ortholog_one2many
LOC4816896,CG17221,FBgn0031500,1,ortholog_one2one
LOC4812489,ND-13B,FBgn0047038,1,ortholog_one2one
LOC4811910,CG12010,FBgn0035443,1,ortholog_one2one
LOC4816741,CG31871,FBgn0051871,1,ortholog_one2one
LOC4811730,CG14070,FBgn0032313,1,ortholog_one2one
LOC117185606,His1:CG33801,FBgn0053801,0,ortholog_many2many
LOC117185606,His1:CG33807,FBgn0053807,1,ortholog_many2many
LOC117185606,His1:CG33819,FBgn0053819,0,ortholog_many2many
LOC117185606,His1:CG33840,FBgn0053840,1,ortholog_many2many
LOC117185606,His1:CG33843,FBgn0053843,1,ortholog_many2many
LOC117185606,His1:CG33846,FBgn0053846,0,ortholog_many2many
LOC117185606,His1:CG33810,FBgn0053810,0,ortholog_many2many
LOC117185606,His1:CG33804,FBgn0053804,1,ortholog_many2many
LOC117185606,His1:CG33816,FBgn0053816,1,ortholog_many2many
LOC117185606,His1:CG33837,FBgn0053837,0,ortholog_many2many
LOC117185606,His1:CG33861,FBgn0053861,1,ortholog_many2many
LOC117185606,His1:CG33855,FBgn0053855,0,ortholog_many2many
LOC117185606,His1:CG33825,FBgn0053825,1,ortholog_many2many
LOC117185606,His1:CG33852,FBgn0053852,0,ortholog_many2many
LOC117185606,His1:CG33831,FBgn0053831,1,ortholog_many2many
LOC117185606,His1:CG33828,FBgn0053828,1,ortholog_many2many
LOC117185606,His1:CG33864,FBgn0053864,0,ortholog_many2many
LOC117185606,His1:CG33813,FBgn0053813,1,ortholog_many2many
LOC117185606,His1:CG31617,FBgn0051617,0,ortholog_many2many
LOC117185606,His1:CG33849,FBgn0053849,0,ortholog_many2many
LOC117185606,His1:CG33822,FBgn0053822,1,ortholog_many2many
LOC117185606,His1:CG33858,FBgn0053858,0,ortholog_many2many
LOC117185606,His1:CG33834,FBgn0053834,1,ortholog_many2many
LOC6897604,CG9962,FBgn0031441,0,ortholog_one2many
LOC26533612,CG42363,FBgn0259709,1,ortholog_one2one
LOC6901070,Tengl3,FBgn0051679,0,ortholog_one2many
LOC4815901,CG3587,FBgn0023521,1,ortholog_one2one
LOC4817213,salr,FBgn0000287,1,ortholog_one2one
LOC4802581,CG10005,FBgn0037972,1,ortholog_one2one
LOC4803288,Tailor,FBgn0037470,1,ortholog_one2one
LOC6903955,CG43902,FBgn0264503,0,ortholog_one2one
LOC4814333,HisRS,FBgn0027087,1,ortholog_one2one
LOC4817554,Pde1c,FBgn0264815,1,ortholog_one2one
LOC4804417,galla-1,FBgn0034543,1,ortholog_one2one
LOC6900003,CG13053,FBgn0040801,1,ortholog_one2one
LOC4814754,Imp,FBgn0285926,0,ortholog_one2one
LOC4811727,Mvd,FBgn0030683,0,ortholog_one2many
LOC4815756,CG3527,FBgn0029714,0,ortholog_one2one
LOC6903304,CG18788,FBgn0042126,1,ortholog_one2one
LOC4803883,CG10104,FBgn0033933,1,ortholog_one2one
LOC4803717,CG3092,FBgn0034835,1,ortholog_one2one
LOC4804312,RpL39,FBgn0023170,1,ortholog_one2one
LOC6901250,fliI,FBgn0000709,1,ortholog_one2one
LOC4814820,CG4116,FBgn0029649,1,ortholog_one2one
LOC6903474,CG8728,FBgn0033235,0,ortholog_one2many
LOC6897443,kat-60L1,FBgn0037375,1,ortholog_one2one
LOC4814093,CG13299,FBgn0035694,1,ortholog_one2one
LOC4803564,CG3776,FBgn0035088,1,ortholog_one2one
LOC6898485,Fem-1,FBgn0034542,1,ortholog_one2one
LOC4804518,Non1,FBgn0028473,1,ortholog_one2one
LOC4801087,Mst98Cb,FBgn0004171,1,ortholog_one2one
LOC4805398,CG10939,FBgn0010620,1,ortholog_one2one
LOC6901414,inaE,FBgn0261244,0,ortholog_one2one
LOC4802718,ImpE3,FBgn0001255,1,ortholog_one2one
LOC4812717,Cp19,FBgn0000358,1,ortholog_one2one
LOC4816570,Alg7,FBgn0032477,1,ortholog_one2one
LOC4816213,Fgop2,FBgn0031871,1,ortholog_one2one
LOC4805592,Letm1,FBgn0284252,1,ortholog_one2one
LOC117185014,CG45073,FBgn0266443,0,ortholog_one2many
LOC4803052,rha,FBgn0027376,1,ortholog_one2one
LOC4800287,CG31019,FBgn0051019,1,ortholog_one2one
LOC6898178,CG17739,FBgn0033710,1,ortholog_one2one
LOC4816367,CG34393,FBgn0085422,1,ortholog_one2one
LOC6898613,Atf-2,FBgn0265193,1,ortholog_one2one
LOC4801989,yellow-e3,FBgn0038150,1,ortholog_one2one
LOC4816512,Grl36a,FBgn0046888,1,ortholog_one2one
LOC4805514,Sou,FBgn0034573,1,ortholog_one2one
LOC4812838,Prp31,FBgn0036487,1,ortholog_one2one
LOC4801942,Set8,FBgn0011474,1,ortholog_one2one
LOC4802188,CG31086,FBgn0051086,1,ortholog_one2one
LOC4812142,RNaseX25,FBgn0010406,1,ortholog_one2one
LOC4803865,CG13531,FBgn0034786,1,ortholog_one2one
LOC4813432,Ccdc58,FBgn0036909,1,ortholog_one2one
LOC4803904,Prip,FBgn0033635,1,ortholog_one2one
LOC26532888,ArgRS,FBgn0027093,1,ortholog_one2many
LOC4802457,spartin,FBgn0037265,1,ortholog_one2one
LOC4817134,ab,FBgn0264442,1,ortholog_one2one
LOC6902483,CG12592,FBgn0037811,0,ortholog_one2one
LOC4813799,Msr-110,FBgn0015766,1,ortholog_one2one
LOC4812472,ckd,FBgn0035427,1,ortholog_one2one
LOC4804672,eIF3c,FBgn0034258,1,ortholog_one2one
LOC4814479,brk,FBgn0024250,1,ortholog_one2one
LOC4815613,Cpr11B,FBgn0030398,1,ortholog_one2one
LOC117183959,amd,FBgn0000075,1,ortholog_one2many
LOC6898113,CG11145,FBgn0033168,1,ortholog_one2many
LOC4814734,CG15717,FBgn0030451,1,ortholog_one2one
LOC4801003,cdi,FBgn0004876,1,ortholog_one2one
LOC4800569,prt,FBgn0043005,1,ortholog_one2one
LOC4813930,CG13670,FBgn0035873,1,ortholog_one2one
LOC26532120,lectin-24Db,FBgn0040102,0,ortholog_one2many
LOC6899734,ova,FBgn0032197,0,ortholog_one2one
LOC4812462,Trhn,FBgn0035187,1,ortholog_one2one
LOC4801243,CG14262,FBgn0039503,1,ortholog_one2one
LOC6903707,Pex12,FBgn0031282,0,ortholog_one2many
LOC6903884,Arl6,FBgn0034446,1,ortholog_one2one
LOC4804555,Gr59e,FBgn0041233,1,ortholog_one2one
LOC4815943,CG14817,FBgn0026089,0,ortholog_one2one
LOC4815194,fs(1)Ya,FBgn0000927,1,ortholog_one2one
LOC4802249,Sec15,FBgn0266674,1,ortholog_one2one
LOC4815058,Cdc50,FBgn0030752,1,ortholog_one2one
LOC4816857,bark,FBgn0031571,1,ortholog_one2one
LOC4814457,Bap60,FBgn0025463,1,ortholog_one2one
LOC6899052,jing,FBgn0086655,1,ortholog_one2one
LOC4814736,hdm,FBgn0029977,1,ortholog_one2one
LOC6899959,CG7049,FBgn0035102,1,ortholog_one2one
LOC117185660,CG6325,FBgn0037814,1,ortholog_one2many
LOC4804563,CG13744,FBgn0033363,1,ortholog_one2one
LOC6900513,CG14965,FBgn0035414,1,ortholog_one2one
LOC4816859,CG4839,FBgn0032187,1,ortholog_one2one
LOC4802090,CG8907,FBgn0038466,1,ortholog_one2one
LOC117183910,CG8673,FBgn0031986,0,ortholog_one2many
LOC26533012,CG43191,FBgn0262820,1,ortholog_one2one
LOC4815294,CG4293,FBgn0024983,1,ortholog_one2one
LOC6903135,CG31933,FBgn0051933,0,ortholog_one2many
LOC4812331,RpL28,FBgn0035422,1,ortholog_one2one
LOC6898738,Kank,FBgn0027596,1,ortholog_one2one
LOC4800395,Fer2LCH,FBgn0015221,1,ortholog_one2one
LOC4805403,CG13197,FBgn0062449,1,ortholog_one2one
LOC6898943,CG42493,FBgn0260007,1,ortholog_one2one
LOC4813655,CG14182,FBgn0036922,1,ortholog_one2one
LOC4817794,Mnn1,FBgn0031885,1,ortholog_one2one
LOC4801350,NijC,FBgn0038079,1,ortholog_one2one
LOC26534323,Amnionless,FBgn0025686,1,ortholog_one2one
LOC117183604,CG12917,FBgn0033490,1,ortholog_one2many
LOC4816461,Gr23a,FBgn0041248,1,ortholog_one2one
LOC4801352,Su(fu),FBgn0005355,1,ortholog_one2one
LOC4815387,CG4991,FBgn0030817,1,ortholog_one2one
LOC4811916,CG15812,FBgn0035405,1,ortholog_one2one
LOC4802652,CG14545,FBgn0040602,1,ortholog_one2one
LOC4804315,Gpat4,FBgn0034971,1,ortholog_one2one
LOC4803825,CG30195,FBgn0050195,1,ortholog_one2one
LOC6900100,Cdk8,FBgn0015618,0,ortholog_one2one
LOC6900120,CG42538,FBgn0260646,0,ortholog_one2many
LOC4816983,Atac2,FBgn0032691,1,ortholog_one2one
LOC4802293,Dmtn,FBgn0037443,1,ortholog_one2one
LOC4816446,l(2)k05911,FBgn0284244,1,ortholog_one2one
LOC6896920,CG42342,FBgn0259244,1,ortholog_one2one
LOC6902938,CG34174,FBgn0085203,1,ortholog_one2one
LOC4817417,Cyt-b5-r,FBgn0000406,1,ortholog_one2one
LOC4817197,Gsc,FBgn0010323,1,ortholog_one2one
LOC4802074,Ubx,FBgn0003944,1,ortholog_one2one
LOC4802571,Mst89B,FBgn0020399,1,ortholog_one2one
LOC6902675,CG34021,FBgn0054021,0,ortholog_one2one
LOC4817177,Thor,FBgn0261560,1,ortholog_one2one
LOC4805563,Diap2,FBgn0015247,1,ortholog_one2one
LOC6898522,14-3-3zeta,FBgn0004907,1,ortholog_one2one
LOC4817344,Cyt-c-p,FBgn0284248,1,ortholog_one2one
LOC4813141,Pex23,FBgn0288469,1,ortholog_one2one
LOC4802855,CG14860,FBgn0038273,0,ortholog_one2many
LOC6902707,Acyp,FBgn0025115,1,ortholog_one2one
LOC6896766,CG1924,FBgn0030377,0,ortholog_one2many
LOC6896766,Cnx99A,FBgn0015622,1,ortholog_one2many
LOC4816094,gt,FBgn0001150,0,ortholog_one2one
LOC6901387,CG2120,FBgn0030005,1,ortholog_one2one
LOC117184280,Art8,FBgn0032329,1,ortholog_one2one
LOC4803383,CG8785,FBgn0033760,1,ortholog_one2one
LOC6900636,siz,FBgn0026179,0,ortholog_one2one
LOC6898972,CG11413,FBgn0035022,1,ortholog_one2one
LOC4804522,CG13955,FBgn0033412,1,ortholog_one2one
LOC4801421,CG10909,FBgn0038090,1,ortholog_one2one
LOC4803745,Cyp12b2,FBgn0034387,1,ortholog_one2one
LOC4816304,CG6180,FBgn0032453,1,ortholog_one2one
LOC4801880,SmD2,FBgn0261789,1,ortholog_one2one
LOC15382874,ppk9,FBgn0085398,1,ortholog_one2one
LOC4802169,Nab2,FBgn0028471,1,ortholog_one2one
LOC4815820,mAChR-C,FBgn0029909,1,ortholog_one2one
LOC4818003,uif,FBgn0031879,1,ortholog_one2one
LOC4815544,Aladin,FBgn0030122,1,ortholog_one2one
LOC4814077,CG13676,FBgn0035844,1,ortholog_one2one
LOC4816083,RpS15Aa,FBgn0010198,1,ortholog_one2many
LOC4816083,RpS15Ab,FBgn0033555,0,ortholog_one2many
LOC6901605,mil,FBgn0267366,0,ortholog_one2many
LOC26532189,CG34215,FBgn0085244,0,ortholog_one2many
LOC4816276,tj,FBgn0000964,1,ortholog_one2one
LOC4805061,CG8584,FBgn0033322,1,ortholog_one2one
LOC6898661,CG7881,FBgn0033048,1,ortholog_one2one
LOC4802733,CG1074,FBgn0037250,1,ortholog_one2one
LOC117183537,CG33798,FBgn0053798,0,ortholog_many2many
LOC117183537,CG33632,FBgn0053632,0,ortholog_many2many
LOC117183537,CG33764,FBgn0053764,0,ortholog_many2many
LOC117183537,CG33463,FBgn0053463,0,ortholog_many2many
LOC117183537,CG33658,FBgn0053658,0,ortholog_many2many
LOC117183537,CG33723,FBgn0053723,0,ortholog_many2many
LOC117183537,CG33912,FBgn0053912,0,ortholog_many2many
LOC6899101,CG34458,FBgn0085487,1,ortholog_one2one
LOC4804218,CG17807,FBgn0034748,1,ortholog_one2one
LOC4802536,rump,FBgn0267790,1,ortholog_one2one
LOC4805462,CG8545,FBgn0033741,1,ortholog_one2one
LOC4817414,cold,FBgn0031268,1,ortholog_one2one
LOC4813968,CG13248,FBgn0036984,1,ortholog_one2one
LOC4815708,CG4151,FBgn0029770,1,ortholog_one2many
LOC4814344,Vha36-3,FBgn0040377,1,ortholog_one2one
LOC4812750,Best3,FBgn0036492,1,ortholog_one2one
LOC4801453,gl,FBgn0004618,1,ortholog_one2one
LOC4803632,cathD,FBgn0029093,1,ortholog_one2one
LOC6902154,CG15747,FBgn0030474,1,ortholog_one2one
LOC4816685,drl,FBgn0015380,1,ortholog_one2one
LOC4817118,Nepl9,FBgn0032613,1,ortholog_one2one
LOC117185171,Ilp2,FBgn0036046,1,ortholog_one2one
LOC4812367,CG16711,FBgn0036032,1,ortholog_one2one
LOC4803359,Trpm,FBgn0265194,1,ortholog_one2one
LOC4817772,KdelR,FBgn0267330,0,ortholog_one2many
LOC4801895,Osi12,FBgn0037419,1,ortholog_one2one
LOC4803172,Cbp20,FBgn0022943,1,ortholog_one2one
LOC4815289,CG4301,FBgn0030747,1,ortholog_one2one
LOC26533083,RpL37-1,FBgn0030616,1,ortholog_one2many
LOC26533083,RpL37-2,FBgn0034822,0,ortholog_one2many
LOC6898512,egl,FBgn0000562,0,ortholog_one2one
LOC4813756,GlcAT-P,FBgn0036144,1,ortholog_one2one
LOC4815396,CG12177,FBgn0030510,1,ortholog_one2many
LOC4803663,Den1,FBgn0033716,0,ortholog_one2one
LOC4811868,hng3,FBgn0035160,1,ortholog_one2one
LOC4814438,CG2875,FBgn0029672,1,ortholog_one2one
LOC6902305,Tom70,FBgn0032397,0,ortholog_one2many
LOC6901507,CG12479,FBgn0040871,1,ortholog_one2one
LOC117183516,mt:CoI,FBgn0013674,0,ortholog_one2many
LOC6902156,PsGEF,FBgn0264598,1,ortholog_one2one
LOC4816788,CG17292,FBgn0032029,1,ortholog_one2one
LOC4804150,Pcl,FBgn0003044,1,ortholog_one2one
LOC4803712,tbrd-3,FBgn0050417,1,ortholog_one2one
LOC4802236,Tgs1,FBgn0266195,1,ortholog_one2one
LOC4812127,Lamtor1,FBgn0036932,0,ortholog_one2one
LOC4813494,SPoCk,FBgn0052451,0,ortholog_one2one
LOC4801478,rdhB,FBgn0038946,0,ortholog_one2one
LOC4818206,bin3,FBgn0263144,1,ortholog_one2one
LOC4801279,wntD,FBgn0038134,1,ortholog_one2one
LOC4811831,da,FBgn0267821,0,ortholog_one2one
LOC6897387,side-III,FBgn0083949,1,ortholog_one2one
LOC4801984,ttk,FBgn0003870,1,ortholog_one2one
LOC4802578,GC1,FBgn0260743,1,ortholog_one2one
LOC6897173,MTA1-like,FBgn0027951,1,ortholog_one2one
LOC6900339,Eig71Ea,FBgn0004588,0,ortholog_many2many
LOC6900339,Eig71Ed,FBgn0004591,1,ortholog_many2many
LOC4800690,CG31301,FBgn0051301,1,ortholog_one2one
LOC6901333,CG12123,FBgn0030039,0,ortholog_one2many
LOC6899970,tea,FBgn0285892,0,ortholog_one2many
LOC4814531,U2af50,FBgn0005411,1,ortholog_one2one
LOC4812854,CG33290,FBgn0053290,0,ortholog_one2many
LOC4812854,CG14567,FBgn0037126,1,ortholog_one2many
LOC4805069,gcl,FBgn0005695,1,ortholog_one2one
LOC4801430,Gos28,FBgn0044871,1,ortholog_one2one
LOC6898150,Mal-A1,FBgn0002570,1,ortholog_one2one
LOC4804548,Rrp4,FBgn0034879,1,ortholog_one2one
LOC4811907,mrva,FBgn0035763,1,ortholog_one2one
LOC4815040,Alr,FBgn0031068,1,ortholog_one2one
LOC4818038,CG6441,FBgn0031920,1,ortholog_one2one
LOC4803512,PHDP,FBgn0025334,1,ortholog_one2one
LOC6901621,CG7884,FBgn0031001,1,ortholog_one2one
LOC4814313,Mgstl,FBgn0025814,1,ortholog_one2one
LOC4812003,CG9119,FBgn0035189,1,ortholog_one2one
LOC6900303,Cpr64Ab,FBgn0035511,1,ortholog_one2one
LOC4802440,mRpL44,FBgn0037330,1,ortholog_one2one
LOC6898817,CG34208,FBgn0085237,1,ortholog_one2one
LOC4816554,CG15404,FBgn0031512,1,ortholog_one2one
LOC4814198,RSG7,FBgn0024941,1,ortholog_one2one
LOC4804219,Cdk9,FBgn0019949,1,ortholog_one2one
LOC4813276,CG6707,FBgn0036058,1,ortholog_one2one
LOC6898367,CG10910,FBgn0034289,1,ortholog_one2one
LOC4816234,Tig,FBgn0011722,1,ortholog_one2one
LOC4812636,Noc1,FBgn0036124,0,ortholog_one2one
LOC4812175,CG13055,FBgn0036583,1,ortholog_one2one
LOC4802431,CG2519,FBgn0037336,1,ortholog_one2one
LOC6901957,inaF-A,FBgn0085351,1,ortholog_one2one
LOC6902190,Tom70,FBgn0032397,0,ortholog_one2many
LOC15382879,Orai,FBgn0041585,1,ortholog_one2one
LOC117184917,CG8916,FBgn0030707,0,ortholog_one2one
LOC6900622,CG32266,FBgn0052266,1,ortholog_one2one
LOC4817487,ssp3,FBgn0032723,1,ortholog_one2one
LOC6896713,CG34298,FBgn0085327,1,ortholog_one2one
LOC6901276,CG3526,FBgn0040355,1,ortholog_one2many
LOC6898435,CG34045,FBgn0054045,1,ortholog_one2one
LOC4814984,ppk8,FBgn0052792,1,ortholog_one2one
LOC6900789,ais,FBgn0036754,1,ortholog_one2one
LOC4803666,CG8841,FBgn0033713,1,ortholog_one2one
LOC6897283,TfIIA-S-2,FBgn0040338,0,ortholog_one2one
LOC4815744,CG4194,FBgn0025627,0,ortholog_one2one
LOC4814811,SMC3,FBgn0015615,0,ortholog_one2one
LOC4803395,GlyT,FBgn0034911,1,ortholog_one2one
LOC4812421,Tudor-SN,FBgn0035121,1,ortholog_one2one
LOC4800887,Cpr92F,FBgn0038819,1,ortholog_one2one
LOC6903509,S-Lap3,FBgn0045770,0,ortholog_one2many
LOC4812887,CG14186,FBgn0036935,1,ortholog_one2one
LOC6904066,elfless,FBgn0032660,0,ortholog_many2many
LOC6904066,CG43058,FBgn0262360,0,ortholog_many2many
LOC4801207,sds22,FBgn0028992,1,ortholog_one2one
LOC4818177,CG9222,FBgn0031784,0,ortholog_one2one
LOC4815079,CG8289,FBgn0030854,1,ortholog_one2one
LOC4814521,CG15739,FBgn0030347,1,ortholog_one2one
LOC4805068,CG14767,FBgn0040777,1,ortholog_one2one
LOC6900205,CG42590,FBgn0260967,1,ortholog_one2one
LOC6898737,Cyp6a23,FBgn0033978,1,ortholog_many2many
LOC6898737,Cyp6a17,FBgn0015714,1,ortholog_many2many
LOC4816619,G6P,FBgn0031463,1,ortholog_one2one
LOC4803034,CG11983,FBgn0037654,1,ortholog_one2one
LOC4812397,Lon,FBgn0036892,1,ortholog_one2many
LOC4815659,Hap40,FBgn0030671,1,ortholog_one2one
LOC4813502,CkIIalpha-i1,FBgn0015025,1,ortholog_one2one
LOC6899996,CG5151,FBgn0036576,1,ortholog_one2one
LOC4804024,CSN4,FBgn0027054,1,ortholog_one2one
LOC4801166,Pglym78,FBgn0014869,1,ortholog_one2one
LOC4802088,Sf3a1,FBgn0266917,1,ortholog_one2one
LOC4814143,CG8006,FBgn0035857,0,ortholog_one2one
LOC26532627,CaMKII,FBgn0264607,0,ortholog_one2one
LOC6898328,eIF3b,FBgn0034237,1,ortholog_one2one
LOC6896720,PH4alphaNE2,FBgn0039783,0,ortholog_many2many
LOC6896720,CG31524,FBgn0051524,0,ortholog_many2many
LOC4805538,CG15657,FBgn0034595,1,ortholog_one2one
LOC4814889,CBP,FBgn0026144,1,ortholog_one2one
LOC4817898,PolD3,FBgn0283467,1,ortholog_one2one
LOC6898783,nompA,FBgn0016047,1,ortholog_one2one
LOC4814747,CG4025,FBgn0025624,0,ortholog_one2one
LOC4800808,GstD10,FBgn0042206,1,ortholog_one2one
LOC6901822,CG10920,FBgn0029963,1,ortholog_one2one
LOC4804357,Polr3B,FBgn0004463,1,ortholog_one2one
LOC4812054,CG14960,FBgn0035428,1,ortholog_one2one
LOC4815205,CG15337,FBgn0030014,1,ortholog_one2one
LOC4817529,CG7289,FBgn0031379,1,ortholog_one2one
LOC4805193,bic,FBgn0000181,1,ortholog_one2one
LOC26532104,CG34282,FBgn0085311,1,ortholog_one2one
LOC4814518,gd,FBgn0000808,1,ortholog_one2one
LOC4812736,CG43078,FBgn0262508,1,ortholog_one2one
LOC4812063,dlt,FBgn0024510,1,ortholog_one2one
LOC6900304,Cpr64Ad,FBgn0035513,1,ortholog_one2one
LOC4815275,CG3081,FBgn0025613,1,ortholog_one2one
LOC4813026,CG6933,FBgn0036952,1,ortholog_one2many
LOC4815762,mew,FBgn0004456,1,ortholog_one2one
LOC4813911,CG42455,FBgn0259932,1,ortholog_one2one
LOC4815006,l(1)G0020,FBgn0027330,1,ortholog_one2one
LOC4812562,Prp4k,FBgn0027587,1,ortholog_one2one
LOC6897568,CG10669,FBgn0039329,1,ortholog_one2one
LOC4803748,CG18609,FBgn0034382,1,ortholog_one2one
LOC4816984,GlcAT-S,FBgn0032135,1,ortholog_one2one
LOC4814728,CG13369,FBgn0025640,1,ortholog_one2one
LOC4803912,CG9003,FBgn0033639,1,ortholog_one2one
LOC4814793,Mur18B,FBgn0030999,1,ortholog_one2one
LOC4814199,CG13004,FBgn0030797,1,ortholog_one2one
LOC4815942,Bcat,FBgn0030482,1,ortholog_one2one
LOC6898037,CG5532,FBgn0034902,0,ortholog_one2one
LOC4805646,CG12391,FBgn0033581,1,ortholog_one2one
LOC4817097,CG9316,FBgn0032878,1,ortholog_one2one
LOC4818114,CG3345,FBgn0031240,1,ortholog_one2one
LOC4813117,CG6527,FBgn0036085,1,ortholog_one2one
LOC4803381,ZnT49B,FBgn0033762,1,ortholog_one2one
LOC4812804,Svil,FBgn0266696,1,ortholog_one2one
LOC4816471,kek3,FBgn0028370,1,ortholog_one2one
LOC4802257,Dfd,FBgn0000439,0,ortholog_one2one
LOC4805343,ReepB,FBgn0033906,1,ortholog_many2many
LOC4805343,CG4960,FBgn0039371,0,ortholog_many2many
LOC6898624,CG13218,FBgn0033587,1,ortholog_one2one
LOC4815882,CG42594,FBgn0260971,1,ortholog_one2one
LOC4800595,Task7,FBgn0037690,1,ortholog_one2one
LOC4811696,Ddc,FBgn0000422,1,ortholog_one2one
LOC4801411,CG14383,FBgn0038102,1,ortholog_one2one
LOC4805742,CG15117,FBgn0034417,1,ortholog_one2one
LOC4815512,CG3699,FBgn0040349,1,ortholog_one2one
LOC6900406,CG33258,FBgn0053258,1,ortholog_many2many
LOC6900406,CG13075,FBgn0036563,1,ortholog_many2many
LOC4815944,CG1622,FBgn0030468,1,ortholog_one2one
LOC4818151,WDR79,FBgn0031782,1,ortholog_one2one
LOC6897326,CG31313,FBgn0051313,1,ortholog_one2one
LOC4805036,CG8237,FBgn0033350,1,ortholog_one2one
LOC4812739,rols,FBgn0041096,0,ortholog_one2one
LOC4816861,CG13796,FBgn0031939,1,ortholog_one2one
LOC4812972,MsR2,FBgn0264002,1,ortholog_one2one
LOC4802036,Rga,FBgn0017550,1,ortholog_one2one
LOC4801650,CG9926,FBgn0038190,0,ortholog_one2one
LOC6903806,Desi,FBgn0037832,1,ortholog_one2one
LOC4804353,CG13186,FBgn0033680,1,ortholog_one2one
LOC6898436,CG10062,FBgn0034439,1,ortholog_one2one
LOC4818148,kuz,FBgn0259984,1,ortholog_one2one
LOC6901776,ct,FBgn0004198,1,ortholog_one2one
LOC117185673,CG17806,FBgn0038548,0,ortholog_one2many
LOC4803574,flip,FBgn0037229,0,ortholog_one2one
LOC4815002,NAAT1,FBgn0029762,1,ortholog_one2one
LOC6903020,ms(3)76Ba,FBgn0036868,0,ortholog_one2one
LOC4815332,Lint-O,FBgn0024993,1,ortholog_one2one
LOC6902937,CG42371,FBgn0259717,1,ortholog_one2one
LOC4814690,CG1486,FBgn0031174,1,ortholog_one2one
LOC4814712,CG3149,FBgn0027564,0,ortholog_one2one
LOC4817879,Oscillin,FBgn0031717,1,ortholog_one2one
LOC4818083,CG14006,FBgn0031733,0,ortholog_one2one
LOC117183914,nmd,FBgn0005322,0,ortholog_one2one
LOC6901462,MCTS1,FBgn0029833,1,ortholog_one2one
LOC4816483,CG17139,FBgn0260454,1,ortholog_one2many
LOC4816483,CG17140,FBgn0260453,1,ortholog_one2many
LOC6902567,CG9664,FBgn0031515,0,ortholog_one2one
LOC4813354,GXIVsPLA2,FBgn0036545,1,ortholog_one2one
LOC4811780,CG1674,FBgn0039897,0,ortholog_one2one
LOC4803678,CG13170,FBgn0033703,1,ortholog_one2one
LOC6901222,CG32564,FBgn0052564,1,ortholog_one2one
LOC6902163,Fpgs2,FBgn0051773,0,ortholog_one2many
LOC4815385,CG12480,FBgn0030537,1,ortholog_one2one
LOC4815124,ewg,FBgn0005427,0,ortholog_one2one
LOC4812575,mwh,FBgn0264272,0,ortholog_one2one
LOC4815800,sbr,FBgn0003321,0,ortholog_one2one
LOC4801873,CG9288,FBgn0260464,0,ortholog_one2one
LOC4801139,CG14259,FBgn0039483,1,ortholog_one2one
LOC6897593,CG42542,FBgn0260659,1,ortholog_one2one
LOC4801517,CG12948,FBgn0037739,1,ortholog_one2one
LOC4812266,mRpS6,FBgn0035534,1,ortholog_one2one
LOC4804001,UQCR-6.4,FBgn0034245,1,ortholog_one2one
LOC4803921,CG6550,FBgn0034214,1,ortholog_one2one
LOC117183395,bai,FBgn0045866,1,ortholog_one2one
LOC6903314,rho-5,FBgn0041723,0,ortholog_one2one
LOC4817497,CG5953,FBgn0032587,1,ortholog_one2one
LOC4816705,mon2,FBgn0031985,1,ortholog_one2one
LOC6903307,MICU1,FBgn0031893,0,ortholog_one2many
LOC4804192,ste24b,FBgn0034175,1,ortholog_one2one
LOC4815868,par-6,FBgn0026192,1,ortholog_one2one
LOC4802119,vig2,FBgn0046214,1,ortholog_one2one
LOC6901267,w,FBgn0003996,1,ortholog_one2one
LOC4801486,Fas1,FBgn0285925,0,ortholog_one2one
LOC4803765,CG30391,FBgn0050391,1,ortholog_many2many
LOC4803765,CG30393,FBgn0050393,1,ortholog_many2many
LOC117184397,sphinx1,FBgn0052383,0,ortholog_one2many
LOC117184397,sphinx2,FBgn0052382,0,ortholog_one2many
LOC4813886,CG33169,FBgn0053169,1,ortholog_one2one
LOC4815389,CG5966,FBgn0029831,1,ortholog_one2one
LOC4800488,CG7568,FBgn0039673,1,ortholog_one2one
LOC4816096,Erk7,FBgn0052703,1,ortholog_one2one
LOC4803253,CG31245,FBgn0051245,1,ortholog_one2one
LOC4805639,CG12744,FBgn0033459,0,ortholog_one2one
LOC4811891,CG3698,FBgn0037023,1,ortholog_one2one
LOC4816002,mgl,FBgn0261260,1,ortholog_one2one
LOC4801293,PIG-H,FBgn0037535,1,ortholog_one2one
LOC6897930,CG30270,FBgn0061435,0,ortholog_one2one
LOC6897007,Nuak,FBgn0262617,1,ortholog_one2one
LOC4802968,Nlg1,FBgn0051146,1,ortholog_one2one
LOC4804232,SLO2,FBgn0261698,0,ortholog_one2one
LOC4804792,CG18540,FBgn0034326,1,ortholog_one2one
LOC4800309,CG15543,FBgn0039799,1,ortholog_one2one
LOC4813261,CG7656,FBgn0036516,1,ortholog_one2one
LOC4812899,NijB,FBgn0036822,1,ortholog_one2one
LOC6900298,CG10516,FBgn0036549,1,ortholog_one2one
LOC6896836,CG10000,FBgn0039596,1,ortholog_one2one
LOC6898295,l(2)k01209,FBgn0022029,1,ortholog_one2one
LOC4815711,UbcE2H,FBgn0029996,1,ortholog_one2one
LOC6898407,CG34221,FBgn0085250,1,ortholog_one2one
LOC4802447,CG2663,FBgn0037323,1,ortholog_one2one
LOC4802009,Task6,FBgn0038165,1,ortholog_one2one
LOC6901607,rdgA,FBgn0261549,0,ortholog_one2one
LOC4813337,Rpn1,FBgn0028695,1,ortholog_one2one
LOC4817199,CG13784,FBgn0031897,1,ortholog_one2one
LOC4805149,CG6553,FBgn0033880,1,ortholog_one2one
LOC4812971,dyl,FBgn0066365,1,ortholog_one2one
LOC4815413,Dhdds,FBgn0029980,1,ortholog_one2one
LOC6902278,stnB,FBgn0016975,1,ortholog_one2one
LOC4817856,CG9547,FBgn0031824,1,ortholog_one2one
LOC26532956,CG46321,FBgn0284237,1,ortholog_one2one
LOC6898341,rost,FBgn0011705,0,ortholog_one2many
LOC4815981,CG15221,FBgn0030331,1,ortholog_one2one
LOC4802492,rtp,FBgn0087005,1,ortholog_one2one
LOC4803728,Gr59d,FBgn0041236,1,ortholog_one2one
LOC4817453,Plc21C,FBgn0004611,0,ortholog_one2one
LOC4817877,THG,FBgn0283659,1,ortholog_one2one
LOC4818120,CG9147,FBgn0031774,1,ortholog_one2one
LOC4817686,CG3294,FBgn0031628,1,ortholog_one2one
LOC4803013,CG11768,FBgn0037625,1,ortholog_one2one
LOC6897832,Mrp4,FBgn0263316,0,ortholog_one2one
LOC4812479,CG7728,FBgn0036686,1,ortholog_one2one
LOC4817031,Uch,FBgn0010288,1,ortholog_one2one
LOC6897061,CG6277,FBgn0039475,1,ortholog_many2many
LOC6897061,CG6271,FBgn0039476,1,ortholog_many2many
LOC4812617,CG7409,FBgn0035817,1,ortholog_one2one
LOC4816766,Hf,FBgn0014000,1,ortholog_one2one
LOC6903440,CG6788,FBgn0030880,0,ortholog_one2many
LOC6902907,CG33928,FBgn0053928,1,ortholog_one2one
LOC4803995,RpL18A,FBgn0010409,1,ortholog_one2one
LOC4814246,Coq8,FBgn0052649,1,ortholog_one2one
LOC4815672,CG2258,FBgn0029997,0,ortholog_one2one
LOC4803431,Rab2,FBgn0014009,1,ortholog_one2one
LOC4803498,CG11123,FBgn0033169,1,ortholog_one2one
LOC4812151,Cpr72Ec,FBgn0036619,1,ortholog_one2one
LOC4801123,gammaCOP,FBgn0028968,1,ortholog_one2one
LOC4813482,EMC4,FBgn0037199,1,ortholog_one2one
LOC4801497,CG9467,FBgn0037758,1,ortholog_one2one
LOC4804554,Gr59f,FBgn0041234,1,ortholog_one2one
LOC4818198,CG9265,FBgn0032910,1,ortholog_one2one
LOC4805318,Nop10,FBgn0033548,1,ortholog_one2one
LOC4814010,Galk,FBgn0263199,1,ortholog_one2one
LOC4816765,CG15130,FBgn0032860,1,ortholog_one2one
LOC117184191,CG4896,FBgn0031319,1,ortholog_many2many
LOC117184191,CG4887,FBgn0031318,1,ortholog_many2many
LOC6899059,CG15873,FBgn0035003,1,ortholog_one2one
LOC4803207,CG11825,FBgn0033519,0,ortholog_one2one
LOC4812723,hry,FBgn0001168,1,ortholog_one2one
LOC4803329,CG30440,FBgn0050440,0,ortholog_one2one
LOC4813811,CG17145,FBgn0036953,1,ortholog_one2many
LOC4804627,CG16739,FBgn0034505,1,ortholog_one2one
LOC4812304,CG9674,FBgn0036663,1,ortholog_one2one
LOC4812772,comm,FBgn0010105,1,ortholog_one2one
LOC26532094,Acadvl,FBgn0034432,0,ortholog_one2one
LOC6899766,alpha-Cat,FBgn0010215,0,ortholog_one2one
LOC4805511,CG30291,FBgn0050291,1,ortholog_one2one
LOC4817351,Dref,FBgn0015664,1,ortholog_one2one
LOC4818159,CG13392,FBgn0032033,1,ortholog_one2one
LOC4805113,RpL31,FBgn0285949,1,ortholog_one2one
LOC6902806,Mis12,FBgn0035725,0,ortholog_one2one
LOC4815158,Unc-76,FBgn0040395,0,ortholog_one2one
LOC4816424,CG8671,FBgn0032938,1,ortholog_one2one
LOC4800529,Pus1,FBgn0038811,1,ortholog_one2one
LOC4811700,ATPsynbeta,FBgn0010217,1,ortholog_one2one
LOC6898827,CG30403,FBgn0050403,1,ortholog_one2one
LOC4818006,Elp4,FBgn0031711,1,ortholog_one2one
LOC4800419,CG7829,FBgn0039703,0,ortholog_one2one
LOC4803263,I-t,FBgn0025821,0,ortholog_one2many
LOC4803263,CG5509,FBgn0038054,0,ortholog_one2many
LOC4803263,CG15025,FBgn0038709,0,ortholog_one2many
LOC6900824,CG32201,FBgn0052201,1,ortholog_one2many
LOC6900824,CG18231,FBgn0036796,1,ortholog_one2many
LOC6901041,CCKLR-17D3,FBgn0030954,1,ortholog_one2one
LOC4817304,slp2,FBgn0004567,1,ortholog_one2one
LOC4805418,eEF1alpha1,FBgn0284245,1,ortholog_one2one
LOC6902429,Ugt37A2,FBgn0038082,0,ortholog_one2many
LOC6902429,Ugt37A3,FBgn0038083,0,ortholog_one2many
LOC6902429,Ugt37A1,FBgn0026756,0,ortholog_one2many
LOC4816728,CG10947,FBgn0032857,1,ortholog_one2one
LOC6896687,CG15546,FBgn0039807,1,ortholog_one2one
LOC4816927,Tango6,FBgn0032728,1,ortholog_one2one
LOC4817048,CG15169,FBgn0032734,1,ortholog_one2one
LOC4815252,CG15814,FBgn0030873,1,ortholog_one2one
LOC4801261,Ccm3,FBgn0038331,1,ortholog_one2one
LOC4803335,CG42319,FBgn0259219,1,ortholog_one2one
LOC4811940,CG14830,FBgn0035755,1,ortholog_one2one
LOC4803928,CG14478,FBgn0028953,1,ortholog_one2one
LOC4803742,Mctp,FBgn0034389,1,ortholog_one2one
LOC4816184,fs(2)ltoPP43,FBgn0004811,1,ortholog_one2one
LOC6899956,LysE,FBgn0004428,0,ortholog_many2many
LOC6899956,LysB,FBgn0004425,0,ortholog_many2many
LOC6899956,LysD,FBgn0004427,1,ortholog_many2many
LOC4804503,hig,FBgn0010114,1,ortholog_one2one
LOC4800238,CG34133,FBgn0083969,1,ortholog_one2one
LOC4802384,CG7655,FBgn0038536,1,ortholog_one2one
LOC4812719,Cp18,FBgn0000357,1,ortholog_one2one
LOC6902751,CG1142,FBgn0037504,0,ortholog_one2one
LOC4800384,CDase,FBgn0039774,1,ortholog_one2one
LOC4803673,CG42700,FBgn0261611,1,ortholog_one2one
LOC6901905,CG11076,FBgn0039929,0,ortholog_one2one
LOC4816729,l(2)05714,FBgn0010607,1,ortholog_one2one
LOC4800714,spn-F,FBgn0086362,1,ortholog_one2one
LOC6900619,aln,FBgn0035179,1,ortholog_one2one
LOC4803555,Tina-1,FBgn0035083,1,ortholog_one2one
LOC6897536,CG34297,FBgn0085326,1,ortholog_one2one
LOC4803122,CG6621,FBgn0037855,1,ortholog_one2one
LOC4802808,Smyd5,FBgn0038869,0,ortholog_one2one
LOC26532737,CG9525,FBgn0032080,1,ortholog_one2one
LOC4816220,CG9555,FBgn0032085,1,ortholog_one2one
LOC4816686,pigeon,FBgn0010309,1,ortholog_one2one
LOC6901999,JIL-1,FBgn0020412,0,ortholog_one2many
LOC6903188,Cdlc2,FBgn0026141,1,ortholog_one2one
LOC4803417,coro,FBgn0265935,1,ortholog_one2many
LOC4817901,numb,FBgn0002973,1,ortholog_one2one
LOC4802775,beta-Man,FBgn0037215,1,ortholog_one2one
LOC4813696,CG10748,FBgn0036327,1,ortholog_one2one
LOC4813011,CG8100,FBgn0036410,1,ortholog_one2one
LOC4802059,Sec8,FBgn0266672,1,ortholog_one2one
LOC4813559,Rad9,FBgn0025807,1,ortholog_one2one
LOC4815267,CG2938,FBgn0029685,1,ortholog_one2one
LOC4801019,Cyp12e1,FBgn0037817,1,ortholog_one2one
LOC4812090,alpha-Spec,FBgn0250789,1,ortholog_one2one
LOC4802600,dpr15,FBgn0037993,1,ortholog_one2one
LOC4817128,Uro,FBgn0003961,1,ortholog_one2one
LOC4800240,RpS8,FBgn0039713,1,ortholog_one2one
LOC4815286,CG1537,FBgn0030260,1,ortholog_one2one
LOC4817672,CG7094,FBgn0032650,1,ortholog_one2one
LOC4800423,RabX4,FBgn0051118,1,ortholog_one2one
LOC6901335,CG32713,FBgn0052713,0,ortholog_one2many
LOC6901335,CG33223,FBgn0053223,0,ortholog_one2many
LOC6901335,CG12725,FBgn0030483,0,ortholog_one2many
LOC6902965,Acp24A4,FBgn0051779,1,ortholog_one2many
LOC6902965,CG16713,FBgn0031560,1,ortholog_one2many
LOC4814788,Pp2C1,FBgn0022768,0,ortholog_one2one
LOC4803732,Gr59a,FBgn0045483,1,ortholog_one2many
LOC6896818,asf1,FBgn0029094,0,ortholog_one2many
LOC4813595,CG15878,FBgn0035316,1,ortholog_one2one
LOC4817773,SmB,FBgn0262601,0,ortholog_one2one
LOC6898257,CG30196,FBgn0050196,1,ortholog_one2one
LOC6903191,CG31924,FBgn0051924,1,ortholog_one2many
LOC4800980,fit,FBgn0038914,1,ortholog_one2one
LOC6897246,wfs1,FBgn0039003,1,ortholog_one2one
LOC4814381,nej,FBgn0261617,1,ortholog_one2one
LOC4817963,elB,FBgn0004858,1,ortholog_one2one
LOC4817032,CG13786,FBgn0031900,1,ortholog_one2one
LOC6898368,CG34005,FBgn0054005,1,ortholog_one2one
LOC4801012,Skel,FBgn0262717,1,ortholog_one2one
LOC4817078,AIF,FBgn0031392,1,ortholog_one2one
LOC6897630,CG18586,FBgn0035642,0,ortholog_many2many
LOC6897630,CG5568,FBgn0035641,0,ortholog_many2many
LOC4814563,Ag5r2,FBgn0020508,1,ortholog_one2one
LOC4814405,LysRS,FBgn0027084,1,ortholog_one2one
LOC117183535,CG10737,FBgn0034420,0,ortholog_one2many
LOC6897632,CG18586,FBgn0035642,0,ortholog_many2many
LOC6897632,CG5568,FBgn0035641,0,ortholog_many2many
LOC4816359,kek1,FBgn0015399,1,ortholog_one2one
LOC4812800,CG6674,FBgn0036063,1,ortholog_one2one
LOC6902128,CG14219,FBgn0031033,0,ortholog_many2many
LOC6902128,CG14205,FBgn0031034,0,ortholog_many2many
LOC6896926,CG18549,FBgn0038053,1,ortholog_one2one
LOC4815865,CG9503,FBgn0030598,1,ortholog_one2one
LOC4815313,raskol,FBgn0261570,0,ortholog_one2one
LOC4816580,Dpy-30L1,FBgn0032293,1,ortholog_one2one
LOC4814220,Hesr,FBgn0030899,1,ortholog_one2one
LOC4803909,tou,FBgn0033636,1,ortholog_one2one
LOC4803899,Lipt1,FBgn0265178,1,ortholog_one2one
LOC6898419,CG33143,FBgn0053143,1,ortholog_one2one
LOC4802815,Exd2,FBgn0037901,1,ortholog_one2one
LOC4805157,CG13339,FBgn0033871,1,ortholog_one2one
LOC4817396,obst-B,FBgn0027600,1,ortholog_one2one
LOC4801701,Atg13,FBgn0261108,1,ortholog_one2one
LOC4800370,tmod,FBgn0082582,1,ortholog_one2one
LOC13036398,CG34353,FBgn0085382,1,ortholog_one2one
LOC4804307,IntS1,FBgn0034964,1,ortholog_one2one
LOC4802046,Xe7,FBgn0010772,1,ortholog_one2one
LOC4804255,CG10051,FBgn0034437,1,ortholog_one2one
LOC4814810,Tip60,FBgn0026080,1,ortholog_one2one
LOC117183290,mael,FBgn0016034,0,ortholog_one2many
LOC4804113,CG14495,FBgn0034293,1,ortholog_one2one
LOC4804154,adp,FBgn0000057,1,ortholog_one2one
LOC4817758,cni,FBgn0000339,1,ortholog_one2one
LOC6903600,Ten-m,FBgn0004449,1,ortholog_one2one
LOC26533584,t,FBgn0086367,0,ortholog_one2many
LOC4801557,Adss,FBgn0027493,1,ortholog_one2one
LOC6898581,BORCS7,FBgn0034519,1,ortholog_one2one
LOC4813866,CG11726,FBgn0036156,1,ortholog_one2one
LOC4815319,CG11134,FBgn0030518,1,ortholog_one2one
LOC4803456,Tsp42Ee,FBgn0029506,1,ortholog_one2one
LOC4817764,fzy,FBgn0001086,1,ortholog_one2many
LOC4817531,Npc2a,FBgn0031381,1,ortholog_one2one
LOC4815253,Ucp4A,FBgn0030872,1,ortholog_one2one
LOC4801043,Timp,FBgn0025879,1,ortholog_one2one
LOC6897145,TwdlL,FBgn0039437,1,ortholog_many2many
LOC6897145,TwdlB,FBgn0039436,1,ortholog_many2many
LOC4802852,CG18476,FBgn0037931,1,ortholog_one2one
LOC6899968,Dpm2,FBgn0259933,1,ortholog_one2one
LOC4816915,pdm2,FBgn0004394,1,ortholog_one2one