Gene stable ID,Gene name,Gene type,Database of genes from NCBI RefSeq genomes ID
LOC6902552,,protein_coding,6902552
LOC6897207,,protein_coding,6897207
LOC4814018,,protein_coding,4814018
LOC117185624,,lncRNA,117185624
LOC4817869,,protein_coding,4817869
LOC6898001,,protein_coding,6898001
LOC117183226,,lncRNA,117183226
LOC4816216,,protein_coding,4816216
LOC4803285,,protein_coding,4803285
LOC44805037,HCS66_mgt12,tRNA,44805037
LOC4817791,,protein_coding,4817791
LOC4817676,,protein_coding,4817676
LOC117184822,,protein_coding,117184822
LOC6901969,,protein_coding,6901969
LOC6902008,,protein_coding,6902008
LOC117185060,,lncRNA,117185060
LOC4815235,,protein_coding,4815235
LOC4816431,,protein_coding,4816431
LOC4812752,,protein_coding,4812752
LOC26533252,,protein_coding,26533252
LOC4816590,,protein_coding,4816590
LOC6900993,,protein_coding,6900993
LOC6896800,,protein_coding,6896800
LOC6898126,,protein_coding,6898126
LOC117184219,,lncRNA,117184219
LOC26533571,,protein_coding,26533571
LOC6896880,,protein_coding,6896880
LOC4815739,,protein_coding,4815739
LOC4818162,,protein_coding,4818162
LOC117183269,,lncRNA,117183269
LOC4804449,,protein_coding,4804449
LOC6898528,,snoRNA,6898528
LOC117185366,Trnas-aga-6,tRNA,117185366
LOC117184447,,lncRNA,117184447
LOC4800403,,protein_coding,4800403
LOC4812651,,protein_coding,4812651
LOC4803278,,protein_coding,4803278
LOC6897344,,protein_coding,6897344
LOC117185290,,guide_RNA,117185290
LOC4813320,,protein_coding,4813320
LOC4811983,,protein_coding,4811983
LOC4800669,,protein_coding,4800669
LOC6903391,,protein_coding,6903391
LOC4805173,,protein_coding,4805173
LOC4801897,,protein_coding,4801897
LOC4801842,,protein_coding,4801842
LOC4803736,,protein_coding,4803736
LOC4800665,,protein_coding,4800665
LOC6900072,,protein_coding,6900072
LOC26533225,,protein_coding,26533225
LOC6903464,,protein_coding,6903464
LOC4803658,,protein_coding,4803658
LOC4803733,,protein_coding,4803733
LOC4805224,,protein_coding,4805224
LOC4813399,,protein_coding,4813399
LOC26532264,,protein_coding,26532264
LOC4816407,,protein_coding,4816407
LOC6898277,,protein_coding,6898277
LOC6897864,,protein_coding,6897864
LOC4813265,,protein_coding,4813265
LOC117183763,,lncRNA,117183763
LOC26533232,,protein_coding,26533232
LOC4817633,,protein_coding,4817633
LOC4815690,,protein_coding,4815690
LOC117185313,,rRNA,117185313
LOC6896917,,protein_coding,6896917
LOC117184754,,lncRNA,117184754
LOC4802721,,protein_coding,4802721
LOC4800380,,protein_coding,4800380
LOC4804850,,protein_coding,4804850
LOC6901712,,protein_coding,6901712
LOC117183276,,protein_coding,117183276
LOC4812371,,protein_coding,4812371
LOC4812629,,protein_coding,4812629
LOC6903438,,protein_coding,6903438
LOC6899954,,protein_coding,6899954
LOC117183338,,lncRNA,117183338
LOC6902399,,protein_coding,6902399
LOC4813817,,protein_coding,4813817
LOC4805263,,protein_coding,4805263
LOC6901972,,protein_coding,6901972
LOC4803060,,protein_coding,4803060
LOC6903259,,protein_coding,6903259
LOC4802736,,protein_coding,4802736
LOC4812083,,protein_coding,4812083
LOC26534452,,protein_coding,26534452
LOC26532298,,lncRNA,26532298
LOC6899796,,protein_coding,6899796
LOC4813423,,protein_coding,4813423
LOC4813724,,protein_coding,4813724
LOC6901591,,protein_coding,6901591
LOC4802010,,protein_coding,4802010
LOC4817198,,protein_coding,4817198
LOC117184232,,lncRNA,117184232
LOC4815167,,protein_coding,4815167
LOC26532026,,protein_coding,26532026
LOC4815604,,protein_coding,4815604
LOC4812221,,protein_coding,4812221
LOC117184913,,lncRNA,117184913
LOC6903343,,protein_coding,6903343
LOC4817073,,protein_coding,4817073
LOC4800781,,protein_coding,4800781
LOC6898455,,protein_coding,6898455
LOC4800724,,protein_coding,4800724
LOC117183727,,lncRNA,117183727
LOC4813303,,protein_coding,4813303
LOC4815860,,protein_coding,4815860
LOC6902051,,protein_coding,6902051
LOC6898245,,protein_coding,6898245
LOC6900122,,protein_coding,6900122
LOC6900254,,protein_coding,6900254
LOC4814310,,protein_coding,4814310
LOC4816236,,protein_coding,4816236
LOC4804695,,protein_coding,4804695
LOC4803794,,protein_coding,4803794
LOC4803620,,protein_coding,4803620
LOC4818017,,protein_coding,4818017
LOC26534247,,lncRNA,26534247
LOC4804007,,protein_coding,4804007
LOC117184168,,protein_coding,117184168
LOC4814598,,protein_coding,4814598
LOC117184278,,protein_coding,117184278
LOC117184221,,protein_coding,117184221
LOC4812322,,protein_coding,4812322
LOC6900645,,protein_coding,6900645
LOC4804311,,protein_coding,4804311
LOC4816726,,protein_coding,4816726
LOC4803547,,protein_coding,4803547
LOC6896677,,protein_coding,6896677
LOC4811661,,protein_coding,4811661
LOC117185337,Trnas-cga-5,tRNA,117185337
LOC4803351,,protein_coding,4803351
LOC4801161,,protein_coding,4801161
LOC26533001,,lncRNA,26533001
LOC4815811,,protein_coding,4815811
LOC4817828,,protein_coding,4817828
LOC26532431,,pseudogene,26532431
LOC117185076,,protein_coding,117185076
LOC4812121,,protein_coding,4812121
LOC6900056,,protein_coding,6900056
LOC4816858,,protein_coding,4816858
LOC6901624,,protein_coding,6901624
LOC4817052,,protein_coding,4817052
LOC4813235,,protein_coding,4813235
LOC117183670,,lncRNA,117183670
LOC6901346,,protein_coding,6901346
LOC4804471,,protein_coding,4804471
LOC4816305,,protein_coding,4816305
LOC4814783,,protein_coding,4814783
LOC6902935,,protein_coding,6902935
LOC6899120,,protein_coding,6899120
LOC4800304,,protein_coding,4800304
LOC4815615,,protein_coding,4815615
LOC4801266,,protein_coding,4801266
LOC117184778,,lncRNA,117184778
LOC4802026,,protein_coding,4802026
LOC4817129,,protein_coding,4817129
LOC4815450,,protein_coding,4815450
LOC4802508,,protein_coding,4802508
LOC4800401,,protein_coding,4800401
LOC4816448,,protein_coding,4816448
LOC26533605,,protein_coding,26533605
LOC4817002,,protein_coding,4817002
LOC117183542,,protein_coding,117183542
LOC4815912,,protein_coding,4815912
LOC117185100,,protein_coding,117185100
LOC26532269,,lncRNA,26532269
LOC4803763,,protein_coding,4803763
LOC6901004,,protein_coding,6901004
LOC4813781,,protein_coding,4813781
LOC6902423,,protein_coding,6902423
LOC4813403,,protein_coding,4813403
LOC4816727,,protein_coding,4816727
LOC6898674,,protein_coding,6898674
LOC4814511,,protein_coding,4814511
LOC4802649,,protein_coding,4802649
LOC4816048,,protein_coding,4816048
LOC6902581,,protein_coding,6902581
LOC4813124,,protein_coding,4813124
LOC6897053,,protein_coding,6897053
LOC4813818,,protein_coding,4813818
LOC117183929,,lncRNA,117183929
LOC26533045,,lncRNA,26533045
LOC4817015,,protein_coding,4817015
LOC4804081,,protein_coding,4804081
LOC4813751,,protein_coding,4813751
LOC4803442,,protein_coding,4803442
LOC13036323,,protein_coding,13036323
LOC4803289,,protein_coding,4803289
LOC26532122,,lncRNA,26532122
LOC6897125,,protein_coding,6897125
LOC6901081,,protein_coding,6901081
LOC117184862,,protein_coding,117184862
LOC5384072,,protein_coding,5384072
LOC4801696,,protein_coding,4801696
LOC6899357,,protein_coding,6899357
LOC4804673,,protein_coding,4804673
LOC4815755,,protein_coding,4815755
LOC117183609,,lncRNA,117183609
LOC117183307,,lncRNA,117183307
LOC117184633,,lncRNA,117184633
LOC6903171,,protein_coding,6903171
LOC4812463,,protein_coding,4812463
LOC4811689,,protein_coding,4811689
LOC6900300,,protein_coding,6900300
LOC6897641,,protein_coding,6897641
LOC6901668,,protein_coding,6901668
LOC4817577,,protein_coding,4817577
LOC6897850,,protein_coding,6897850
LOC117184912,,lncRNA,117184912
LOC117183396,,lncRNA,117183396
LOC117185046,,pseudogene,117185046
LOC4813727,,protein_coding,4813727
LOC117183596,,lncRNA,117183596
LOC6902449,,protein_coding,6902449
LOC4813801,,protein_coding,4813801
LOC4803975,,protein_coding,4803975
LOC4812402,,protein_coding,4812402
LOC117183501,,lncRNA,117183501
LOC26532934,,protein_coding,26532934
LOC117185319,,rRNA,117185319
LOC6898272,,protein_coding,6898272
LOC6902188,,protein_coding,6902188
LOC4805696,,protein_coding,4805696
LOC117183378,,protein_coding,117183378
LOC6900714,,protein_coding,6900714
LOC4802030,,protein_coding,4802030
LOC6901072,,protein_coding,6901072
LOC4816278,,protein_coding,4816278
LOC13036380,,protein_coding,13036380
LOC4816888,,protein_coding,4816888
LOC4812815,,protein_coding,4812815
LOC117184737,,protein_coding,117184737
LOC117184707,,protein_coding,117184707
LOC117183228,,lncRNA,117183228
LOC4804785,,protein_coding,4804785
LOC4813425,,protein_coding,4813425
LOC4800693,,protein_coding,4800693
LOC4816030,,protein_coding,4816030
LOC6903406,,protein_coding,6903406
LOC6897477,,protein_coding,6897477
LOC4800530,,protein_coding,4800530
LOC4818098,,protein_coding,4818098
LOC6897141,,protein_coding,6897141
LOC117185505,,pseudogene,117185505
LOC6900858,,protein_coding,6900858
LOC6898780,,protein_coding,6898780
LOC4815658,,protein_coding,4815658
LOC4804093,,protein_coding,4804093
LOC26533011,,lncRNA,26533011
LOC4815446,,protein_coding,4815446
LOC6903347,,lncRNA,6903347
LOC117184174,,protein_coding,117184174
LOC4803005,,protein_coding,4803005
LOC4813536,,protein_coding,4813536
LOC6899002,,protein_coding,6899002
LOC4811989,,protein_coding,4811989
LOC26532572,,protein_coding,26532572
LOC6899075,,snoRNA,6899075
LOC4812676,,protein_coding,4812676
LOC4800683,,protein_coding,4800683
LOC6902299,,protein_coding,6902299
LOC4803985,,protein_coding,4803985
LOC4812777,,protein_coding,4812777
LOC26534046,,lncRNA,26534046
LOC6900262,,protein_coding,6900262
LOC4812206,,protein_coding,4812206
LOC4813789,,protein_coding,4813789
LOC4800256,,protein_coding,4800256
LOC26533867,,pseudogene,26533867
LOC6903085,,protein_coding,6903085
LOC26531981,,protein_coding,26531981
LOC26531966,,protein_coding,26531966
LOC4813063,,protein_coding,4813063
LOC6897317,,protein_coding,6897317
LOC4803147,,protein_coding,4803147
LOC117185166,,lncRNA,117185166
LOC6901796,,protein_coding,6901796
LOC6898990,,protein_coding,6898990
LOC6901842,,protein_coding,6901842
LOC4813922,,protein_coding,4813922
LOC4801823,,protein_coding,4801823
LOC4812864,,protein_coding,4812864
LOC4818147,,protein_coding,4818147
LOC117183600,,lncRNA,117183600
LOC4804614,,protein_coding,4804614
LOC117183575,,lncRNA,117183575
LOC4804169,,protein_coding,4804169
LOC4811997,,protein_coding,4811997
LOC4814106,,protein_coding,4814106
LOC6902594,,protein_coding,6902594
LOC117183402,,lncRNA,117183402
LOC6899768,,protein_coding,6899768
LOC4816445,,protein_coding,4816445
LOC4802446,,protein_coding,4802446
LOC4802487,,protein_coding,4802487
LOC26534030,,protein_coding,26534030
LOC117185161,,protein_coding,117185161
LOC4815364,,protein_coding,4815364
LOC4800391,,protein_coding,4800391
LOC6898086,,protein_coding,6898086
LOC6900331,,protein_coding,6900331
LOC117184726,,lncRNA,117184726
LOC4814551,,protein_coding,4814551
LOC26534142,,protein_coding,26534142
LOC4802235,,protein_coding,4802235
LOC117183940,,lncRNA,117183940
LOC4803988,,protein_coding,4803988
LOC4816116,,protein_coding,4816116
LOC4802585,,protein_coding,4802585
LOC4813547,,protein_coding,4813547
LOC6898532,,protein_coding,6898532
LOC4801004,,protein_coding,4801004
LOC6896863,,protein_coding,6896863
LOC4801761,,protein_coding,4801761
LOC4805353,,protein_coding,4805353
LOC4812774,,protein_coding,4812774
LOC26533596,,lncRNA,26533596
LOC4812687,,protein_coding,4812687
LOC4817036,,protein_coding,4817036
LOC4802854,,protein_coding,4802854
LOC4816362,,protein_coding,4816362
LOC117184284,,snoRNA,117184284
LOC117183978,,protein_coding,117183978
LOC4816434,,protein_coding,4816434
LOC117183174,,protein_coding,117183174
LOC4816964,,protein_coding,4816964
LOC4805309,,protein_coding,4805309
LOC117184372,,lncRNA,117184372
LOC4815875,,protein_coding,4815875
LOC4814882,,protein_coding,4814882
LOC117184411,,lncRNA,117184411
LOC4804863,,protein_coding,4804863
LOC4812082,,protein_coding,4812082
LOC4802362,,protein_coding,4802362
LOC4802689,,protein_coding,4802689
LOC4805307,,protein_coding,4805307
LOC6898281,,protein_coding,6898281
LOC6900151,,protein_coding,6900151
LOC117185584,,rRNA,117185584
LOC4813242,,protein_coding,4813242
LOC6902019,,protein_coding,6902019
LOC26533086,,lncRNA,26533086
LOC4804301,,protein_coding,4804301
LOC6900978,,protein_coding,6900978
LOC4803173,,protein_coding,4803173
LOC4813544,,protein_coding,4813544
LOC4805187,,protein_coding,4805187
LOC117184790,,protein_coding,117184790
LOC4804741,,protein_coding,4804741
LOC4817782,,protein_coding,4817782
LOC4812220,,protein_coding,4812220
LOC26532188,,protein_coding,26532188
LOC4812795,,protein_coding,4812795
LOC4800286,,protein_coding,4800286
LOC4800432,,protein_coding,4800432
LOC4804907,,protein_coding,4804907
LOC4804275,,protein_coding,4804275
LOC6902439,,protein_coding,6902439
LOC26532133,,protein_coding,26532133
LOC6900849,,protein_coding,6900849
LOC4805532,,protein_coding,4805532
LOC4813455,,protein_coding,4813455
LOC26532516,,lncRNA,26532516
LOC117183431,Trnav-cac,tRNA,117183431
LOC4803467,,protein_coding,4803467
LOC4804896,,protein_coding,4804896
LOC4800463,,protein_coding,4800463
LOC6898025,,protein_coding,6898025
LOC117184135,,lncRNA,117184135
LOC4802745,,protein_coding,4802745
LOC4815163,,protein_coding,4815163
LOC4800652,,protein_coding,4800652
LOC4813458,,protein_coding,4813458
LOC6898776,,protein_coding,6898776
LOC117183976,,lncRNA,117183976
LOC4803379,,protein_coding,4803379
LOC117184144,,lncRNA,117184144
LOC4811933,,protein_coding,4811933
LOC4817119,,protein_coding,4817119
LOC117185649,,lncRNA,117185649
LOC6899750,,protein_coding,6899750
LOC6901123,,protein_coding,6901123
LOC4802213,,protein_coding,4802213
LOC4804067,,protein_coding,4804067
LOC6899878,,protein_coding,6899878
LOC117184261,,pseudogene,117184261
LOC117184292,Trnar-ccu-5,tRNA,117184292
LOC4817849,,protein_coding,4817849
LOC117184279,,lncRNA,117184279
LOC6901028,,protein_coding,6901028
LOC117185416,,rRNA,117185416
LOC4815038,,protein_coding,4815038
LOC4804132,,protein_coding,4804132
LOC4813081,,protein_coding,4813081
LOC6897213,,protein_coding,6897213
LOC4811859,,protein_coding,4811859
LOC4814151,,protein_coding,4814151
LOC6903520,,protein_coding,6903520
LOC6899232,,protein_coding,6899232
LOC6901231,,protein_coding,6901231
LOC4817896,,protein_coding,4817896
LOC117183865,Trnai-aau-5,tRNA,117183865
LOC4800302,,protein_coding,4800302
LOC117185459,,rRNA,117185459
LOC4814837,,protein_coding,4814837
LOC4803136,,protein_coding,4803136
LOC4802568,,protein_coding,4802568
LOC26534286,,lncRNA,26534286
LOC4816430,,protein_coding,4816430
LOC4803025,,protein_coding,4803025
LOC117183589,,protein_coding,117183589
LOC4803848,,protein_coding,4803848
LOC26532309,,lncRNA,26532309
LOC26532323,,protein_coding,26532323
LOC6903886,,protein_coding,6903886
LOC6903076,,protein_coding,6903076
LOC4813464,,protein_coding,4813464
LOC26532452,,protein_coding,26532452
LOC117185616,,protein_coding,117185616
LOC6900564,,protein_coding,6900564
LOC6901882,,protein_coding,6901882
LOC6897893,,protein_coding,6897893
LOC4804758,,protein_coding,4804758
LOC6900239,,protein_coding,6900239
LOC6897397,,protein_coding,6897397
LOC4802804,,protein_coding,4802804
LOC4803106,,protein_coding,4803106
LOC4815239,,protein_coding,4815239
LOC4812199,,protein_coding,4812199
LOC26533684,,lncRNA,26533684
LOC117184401,,protein_coding,117184401
LOC4816588,,protein_coding,4816588
LOC117184848,,lncRNA,117184848
LOC4804540,,protein_coding,4804540
LOC26532415,,protein_coding,26532415
LOC4816652,,protein_coding,4816652
LOC4816474,,protein_coding,4816474
LOC4804768,,protein_coding,4804768
LOC4814584,,protein_coding,4814584
LOC4804721,,protein_coding,4804721
LOC26532816,,protein_coding,26532816
LOC4804626,,protein_coding,4804626
LOC4813647,,protein_coding,4813647
LOC4803704,,protein_coding,4803704
LOC117184371,,lncRNA,117184371
LOC4800492,,protein_coding,4800492
LOC6899924,,protein_coding,6899924
LOC6902601,,protein_coding,6902601
LOC4817259,,protein_coding,4817259
LOC4814022,,protein_coding,4814022
LOC4817436,,protein_coding,4817436
LOC4817466,,protein_coding,4817466
LOC4811819,,protein_coding,4811819
LOC4805156,,protein_coding,4805156
LOC4813837,,protein_coding,4813837
LOC4804427,,protein_coding,4804427
LOC6903964,,protein_coding,6903964
LOC6897056,,protein_coding,6897056
LOC4815539,,protein_coding,4815539
LOC6903299,,protein_coding,6903299
LOC4800604,,protein_coding,4800604
LOC4805373,,protein_coding,4805373
LOC6900118,,protein_coding,6900118
LOC6897906,,protein_coding,6897906
LOC26533218,,lncRNA,26533218
LOC4801435,,protein_coding,4801435
LOC4814862,,protein_coding,4814862
LOC117184305,Trnaq-cug,tRNA,117184305
LOC117185531,,rRNA,117185531
LOC4816344,,protein_coding,4816344
LOC4813828,,protein_coding,4813828
LOC4818115,,protein_coding,4818115
LOC13036349,,protein_coding,13036349
LOC6897462,,protein_coding,6897462
LOC4812543,,protein_coding,4812543
LOC117184110,,pseudogene,117184110
LOC6904094,,protein_coding,6904094
LOC4804238,,protein_coding,4804238
LOC4805600,,protein_coding,4805600
LOC4805161,,protein_coding,4805161
LOC4803221,,protein_coding,4803221
LOC6902939,,protein_coding,6902939
LOC4816374,,protein_coding,4816374
LOC6896664,,protein_coding,6896664
LOC4818197,,protein_coding,4818197
LOC4801758,,protein_coding,4801758
LOC4804130,,protein_coding,4804130
LOC6899948,,protein_coding,6899948
LOC6897117,,protein_coding,6897117
LOC4811835,,protein_coding,4811835
LOC4816663,,protein_coding,4816663
LOC6903449,,protein_coding,6903449
LOC6898626,,protein_coding,6898626
LOC4816676,,protein_coding,4816676
LOC4813681,,protein_coding,4813681
LOC4814074,,protein_coding,4814074
LOC4818179,,protein_coding,4818179
LOC4817985,,protein_coding,4817985
LOC117183581,,protein_coding,117183581
LOC6899177,,protein_coding,6899177
LOC4804602,,protein_coding,4804602
LOC4812261,,protein_coding,4812261
LOC6900084,,protein_coding,6900084
LOC4802814,,protein_coding,4802814
LOC6899484,,protein_coding,6899484
LOC6902016,,lncRNA,6902016
LOC4803099,,protein_coding,4803099
LOC117183415,,rRNA,117183415
LOC26532664,,lncRNA,26532664
LOC4800449,,protein_coding,4800449
LOC4813888,,protein_coding,4813888
LOC26534410,,protein_coding,26534410
LOC117183872,Trnag-gcc-3,tRNA,117183872
LOC4816451,,protein_coding,4816451
LOC4804250,,protein_coding,4804250
LOC4814748,,protein_coding,4814748
LOC4812101,,protein_coding,4812101
LOC6901913,,protein_coding,6901913
LOC117184764,,lncRNA,117184764
LOC4801440,,protein_coding,4801440
LOC4803076,,protein_coding,4803076
LOC4817231,,protein_coding,4817231
LOC4801540,,protein_coding,4801540
LOC4804730,,protein_coding,4804730
LOC117184295,Trnad-guc-7,tRNA,117184295
LOC4812671,,protein_coding,4812671
LOC4801367,,protein_coding,4801367
LOC26532884,,protein_coding,26532884
LOC4800353,,protein_coding,4800353
LOC4802098,,protein_coding,4802098
LOC4817821,,protein_coding,4817821
LOC26533979,,lncRNA,26533979
LOC4815323,,protein_coding,4815323
LOC4812724,,protein_coding,4812724
LOC4802499,,protein_coding,4802499
LOC4817939,,protein_coding,4817939
LOC4800456,,protein_coding,4800456
LOC4801896,,protein_coding,4801896
LOC4814425,,protein_coding,4814425
LOC4803729,,protein_coding,4803729
LOC4804996,,protein_coding,4804996
LOC4802732,,protein_coding,4802732
LOC4805649,,protein_coding,4805649
LOC117183203,,lncRNA,117183203
LOC6903613,,protein_coding,6903613
LOC4816926,,protein_coding,4816926
LOC4815686,,protein_coding,4815686
LOC6901534,,protein_coding,6901534
LOC4817392,,protein_coding,4817392
LOC4802677,,protein_coding,4802677
LOC4813783,,protein_coding,4813783
LOC117184264,,protein_coding,117184264
LOC6898901,,protein_coding,6898901
LOC26532805,,lncRNA,26532805
LOC6896728,,protein_coding,6896728
LOC6902372,,protein_coding,6902372
LOC4801889,,protein_coding,4801889
LOC6898685,,protein_coding,6898685
LOC117183552,,lncRNA,117183552
LOC4812920,,protein_coding,4812920
LOC6897357,,protein_coding,6897357
LOC26533591,,protein_coding,26533591
LOC6903579,,protein_coding,6903579
LOC4816758,,protein_coding,4816758
LOC6901036,,protein_coding,6901036
LOC4812309,,protein_coding,4812309
LOC4813272,,protein_coding,4813272
LOC6902242,,protein_coding,6902242
LOC4813465,,protein_coding,4813465
LOC4816664,,protein_coding,4816664
LOC4814732,,protein_coding,4814732
LOC4817889,,protein_coding,4817889
LOC4815259,,protein_coding,4815259
LOC4816022,,protein_coding,4816022
LOC4813623,,protein_coding,4813623
LOC4812248,,protein_coding,4812248
LOC4817449,,protein_coding,4817449
LOC26533623,,lncRNA,26533623
LOC117185581,,rRNA,117185581
LOC4816949,,protein_coding,4816949
LOC4814943,,protein_coding,4814943
LOC6897166,,protein_coding,6897166
LOC4813510,,protein_coding,4813510
LOC4804675,,protein_coding,4804675
LOC4812023,,protein_coding,4812023
LOC4803182,,protein_coding,4803182
LOC117183201,,lncRNA,117183201
LOC26532440,,lncRNA,26532440
LOC4803591,,protein_coding,4803591
LOC6900008,,protein_coding,6900008
LOC26531943,,lncRNA,26531943
LOC117184789,,lncRNA,117184789
LOC117184676,,lncRNA,117184676
LOC117184781,,lncRNA,117184781
LOC4800653,,protein_coding,4800653
LOC26533933,,lncRNA,26533933
LOC4802651,,protein_coding,4802651
LOC4803236,,protein_coding,4803236
LOC6898413,,protein_coding,6898413
LOC4801220,,protein_coding,4801220
LOC6898892,,protein_coding,6898892
LOC6903411,,protein_coding,6903411
LOC6896931,,protein_coding,6896931
LOC117183647,,lncRNA,117183647
LOC4813365,,protein_coding,4813365
LOC4813176,,protein_coding,4813176
LOC26532426,,lncRNA,26532426
LOC4804798,,protein_coding,4804798
LOC26534321,,protein_coding,26534321
LOC117185476,,rRNA,117185476
LOC4815591,,protein_coding,4815591
LOC6898339,,protein_coding,6898339
LOC4801408,,protein_coding,4801408
LOC117184185,,lncRNA,117184185
LOC4813269,,protein_coding,4813269
LOC6896859,,protein_coding,6896859
LOC4817868,,protein_coding,4817868
LOC4802069,,protein_coding,4802069
LOC117184997,,lncRNA,117184997
LOC4818096,,protein_coding,4818096
LOC4816667,,protein_coding,4816667
LOC4813085,,protein_coding,4813085
LOC4817599,,protein_coding,4817599
LOC117184293,Trnad-guc,tRNA,117184293
LOC26532706,,protein_coding,26532706
LOC6902640,,snRNA,6902640
LOC4814467,,protein_coding,4814467
LOC4816238,,protein_coding,4816238
LOC4804094,,protein_coding,4804094
LOC117183195,,lncRNA,117183195
LOC4816439,,protein_coding,4816439
LOC4817558,,protein_coding,4817558
LOC26532672,,protein_coding,26532672
LOC4803313,,protein_coding,4803313
LOC6903279,,protein_coding,6903279
LOC4814059,,protein_coding,4814059
LOC117183728,,protein_coding,117183728
LOC4800964,,protein_coding,4800964
LOC4814108,,protein_coding,4814108
LOC6902204,,protein_coding,6902204
LOC4800359,,protein_coding,4800359
LOC117183748,,lncRNA,117183748
LOC4801584,,protein_coding,4801584
LOC6897492,,protein_coding,6897492
LOC117184867,,lncRNA,117184867
LOC117184529,,protein_coding,117184529
LOC26533300,,lncRNA,26533300
LOC4813906,,protein_coding,4813906
LOC117183441,Trnas-gcu-4,tRNA,117183441
LOC4817533,,protein_coding,4817533
LOC117183305,,lncRNA,117183305
LOC4803908,,protein_coding,4803908
LOC4804179,,protein_coding,4804179
LOC4818033,,protein_coding,4818033
LOC4817943,,protein_coding,4817943
LOC117185640,,protein_coding,117185640
LOC6900537,,lncRNA,6900537
LOC6899070,,protein_coding,6899070
LOC4813661,,protein_coding,4813661
LOC4813725,,protein_coding,4813725
LOC6898079,,protein_coding,6898079
LOC4803819,,protein_coding,4803819
LOC6903640,,protein_coding,6903640
LOC4813449,,protein_coding,4813449
LOC6902022,,protein_coding,6902022
LOC117183894,Trnav-aac-3,tRNA,117183894
LOC117184043,,protein_coding,117184043
LOC4804779,,protein_coding,4804779
LOC4800722,,protein_coding,4800722
LOC4814256,,protein_coding,4814256
LOC4803086,,protein_coding,4803086
LOC4801704,,protein_coding,4801704
LOC15382899,,protein_coding,15382899
LOC4804534,,protein_coding,4804534
LOC4816867,,protein_coding,4816867
LOC4801287,,protein_coding,4801287
LOC4811647,,protein_coding,4811647
LOC6896839,,protein_coding,6896839
LOC4816633,,protein_coding,4816633
LOC4815977,,protein_coding,4815977
LOC4815754,,protein_coding,4815754
LOC4816840,,protein_coding,4816840
LOC4812029,,protein_coding,4812029
LOC4801475,,protein_coding,4801475
LOC26532915,,protein_coding,26532915
LOC4802731,,protein_coding,4802731
LOC117184346,,lncRNA,117184346
LOC4814570,,protein_coding,4814570
LOC117184931,,lncRNA,117184931
LOC4817456,,protein_coding,4817456
LOC26533897,,protein_coding,26533897
LOC26533105,,protein_coding,26533105
LOC4813096,,protein_coding,4813096
LOC4800469,,protein_coding,4800469
LOC117183904,,lncRNA,117183904
LOC4817678,,protein_coding,4817678
LOC4802443,,protein_coding,4802443
LOC4800511,,protein_coding,4800511
LOC6902928,,protein_coding,6902928
LOC4817670,,protein_coding,4817670
LOC4812262,,protein_coding,4812262
LOC4804679,,protein_coding,4804679
LOC4816644,,protein_coding,4816644
LOC4805372,,protein_coding,4805372
LOC4813897,,protein_coding,4813897
LOC4814000,,protein_coding,4814000
LOC4817545,,protein_coding,4817545
LOC6902772,,protein_coding,6902772
LOC117184539,,lncRNA,117184539
LOC117185648,,lncRNA,117185648
LOC4805246,,protein_coding,4805246
LOC4801688,,protein_coding,4801688
LOC117183933,,protein_coding,117183933
LOC4813397,,protein_coding,4813397
LOC4801899,,protein_coding,4801899
LOC4804056,,protein_coding,4804056
LOC26532421,,protein_coding,26532421
LOC4812348,,protein_coding,4812348
LOC4804038,,protein_coding,4804038
LOC26532815,,protein_coding,26532815
LOC6898029,,protein_coding,6898029
LOC6898157,,protein_coding,6898157
LOC26533619,,lncRNA,26533619
LOC4813400,,protein_coding,4813400
LOC117184498,,lncRNA,117184498
LOC6898675,,protein_coding,6898675
LOC4802761,,protein_coding,4802761
LOC4818134,,protein_coding,4818134
LOC6897282,,protein_coding,6897282
LOC117184901,,lncRNA,117184901
LOC117183334,,lncRNA,117183334
LOC4811769,,protein_coding,4811769
LOC117184333,Trnaq-cug-6,tRNA,117184333
LOC26532853,,protein_coding,26532853
LOC4805300,,protein_coding,4805300
LOC4812260,,protein_coding,4812260
LOC4815623,,protein_coding,4815623
LOC117185246,,pseudogene,117185246
LOC4815983,,protein_coding,4815983
LOC6898977,,protein_coding,6898977
LOC4817017,,protein_coding,4817017
LOC4814925,,protein_coding,4814925
LOC6903881,,protein_coding,6903881
LOC4805718,,protein_coding,4805718
LOC4801998,,protein_coding,4801998
LOC4813439,,protein_coding,4813439
LOC4815734,,protein_coding,4815734
LOC117185264,,snoRNA,117185264
LOC4813027,,protein_coding,4813027
LOC4813049,,protein_coding,4813049
LOC6899891,,protein_coding,6899891
LOC6898785,,protein_coding,6898785
LOC4816343,,protein_coding,4816343
LOC4815200,,protein_coding,4815200
LOC4803162,,protein_coding,4803162
LOC6897514,,protein_coding,6897514
LOC6900536,,protein_coding,6900536
LOC6902833,,protein_coding,6902833
LOC6898404,,protein_coding,6898404
LOC6903654,,protein_coding,6903654
LOC4817303,,protein_coding,4817303
LOC4811747,,protein_coding,4811747
LOC6900773,,protein_coding,6900773
LOC4802339,,protein_coding,4802339
LOC117185187,,lncRNA,117185187
LOC6899444,,pseudogene,6899444
LOC6898968,,protein_coding,6898968
LOC4817257,,protein_coding,4817257
LOC4801285,,protein_coding,4801285
LOC4813481,,protein_coding,4813481
LOC117183360,,protein_coding,117183360
LOC4800637,,protein_coding,4800637
LOC4817380,,protein_coding,4817380
LOC4816666,,protein_coding,4816666
LOC6902899,,protein_coding,6902899
LOC6898366,,protein_coding,6898366
LOC117183810,Trnaf-gaa-4,tRNA,117183810
LOC4803698,,protein_coding,4803698
LOC4817215,,protein_coding,4817215
LOC6898527,,snoRNA,6898527
LOC4811895,,protein_coding,4811895
LOC4802977,,protein_coding,4802977
LOC4803841,,protein_coding,4803841
LOC4800262,,protein_coding,4800262
LOC6902007,,lncRNA,6902007
LOC4813844,,protein_coding,4813844
LOC4816769,,protein_coding,4816769
LOC4801353,,protein_coding,4801353
LOC6896763,,protein_coding,6896763
LOC6896719,,snoRNA,6896719
LOC4815677,,protein_coding,4815677
LOC26534456,,protein_coding,26534456
LOC6903238,,protein_coding,6903238
LOC4803240,,protein_coding,4803240
LOC4804713,,protein_coding,4804713
LOC26532405,,lncRNA,26532405
LOC26532000,,lncRNA,26532000
LOC4818173,,protein_coding,4818173
LOC4816331,,protein_coding,4816331
LOC117184661,,protein_coding,117184661
LOC6899448,,protein_coding,6899448
LOC6901044,,protein_coding,6901044
LOC6902543,,protein_coding,6902543
LOC6898989,,protein_coding,6898989
LOC117183923,,lncRNA,117183923
LOC6901274,,protein_coding,6901274
LOC4816996,,protein_coding,4816996
LOC4813264,,protein_coding,4813264
LOC4813665,,protein_coding,4813665
LOC117184725,,lncRNA,117184725
LOC4804712,,protein_coding,4804712
LOC4800994,,protein_coding,4800994
LOC6900570,,protein_coding,6900570
LOC4812141,,protein_coding,4812141
LOC6903093,,protein_coding,6903093
LOC117183566,,lncRNA,117183566
LOC117184802,,protein_coding,117184802
LOC4812245,,protein_coding,4812245
LOC4817918,,protein_coding,4817918
LOC4815785,,protein_coding,4815785
LOC6903018,,protein_coding,6903018
LOC6902908,,protein_coding,6902908
LOC4801786,,protein_coding,4801786
LOC26533860,,protein_coding,26533860
LOC117183394,,lncRNA,117183394
LOC4803146,,protein_coding,4803146
LOC4814624,,protein_coding,4814624
LOC6903386,,protein_coding,6903386
LOC6898920,,protein_coding,6898920
LOC117184067,,lncRNA,117184067
LOC4803964,,protein_coding,4803964
LOC117184664,,lncRNA,117184664
LOC4815862,,protein_coding,4815862
LOC4815456,,protein_coding,4815456
LOC4804932,,protein_coding,4804932
LOC4812180,,protein_coding,4812180
LOC4800443,,protein_coding,4800443
LOC4813980,,protein_coding,4813980
LOC4816420,,protein_coding,4816420
LOC6898777,,protein_coding,6898777
LOC117184916,,lncRNA,117184916
LOC4814502,,protein_coding,4814502
LOC4803488,,protein_coding,4803488
LOC4802255,,protein_coding,4802255
LOC4812218,,protein_coding,4812218
LOC4814055,,protein_coding,4814055
LOC6902475,,lncRNA,6902475
LOC117185125,,pseudogene,117185125
LOC6898442,,protein_coding,6898442
LOC4802096,,protein_coding,4802096
LOC4816902,,protein_coding,4816902
LOC26534062,,lncRNA,26534062
LOC4813636,,protein_coding,4813636
LOC4817845,,protein_coding,4817845
LOC4816905,,protein_coding,4816905
LOC6898693,,protein_coding,6898693
LOC117183769,,lncRNA,117183769
LOC4812673,,protein_coding,4812673
LOC6902978,,protein_coding,6902978
LOC4816538,,protein_coding,4816538
LOC6898957,,protein_coding,6898957
LOC4803023,,protein_coding,4803023
LOC26533977,,lncRNA,26533977
LOC117183653,,protein_coding,117183653
LOC4815723,,protein_coding,4815723
LOC4802611,,protein_coding,4802611
LOC4811846,,protein_coding,4811846
LOC4802080,,protein_coding,4802080
LOC4816092,,protein_coding,4816092
LOC4814087,,protein_coding,4814087
LOC117183877,Trnak-cuu-8,tRNA,117183877
LOC4801673,,protein_coding,4801673
LOC4805569,,protein_coding,4805569
LOC4813846,,protein_coding,4813846
LOC4804911,,protein_coding,4804911
LOC4801870,,protein_coding,4801870
LOC4816925,,protein_coding,4816925
LOC117184262,,pseudogene,117184262
LOC4816388,,protein_coding,4816388
LOC4802648,,protein_coding,4802648
LOC4812145,,protein_coding,4812145
LOC6897077,,protein_coding,6897077
LOC4812563,,protein_coding,4812563
LOC6897582,,protein_coding,6897582
LOC4815197,,protein_coding,4815197
LOC4804181,,protein_coding,4804181
LOC4817050,,protein_coding,4817050
LOC6897635,,protein_coding,6897635
LOC6899551,,protein_coding,6899551
LOC4813190,,protein_coding,4813190
LOC6901455,,protein_coding,6901455
LOC6902830,,protein_coding,6902830
LOC4812775,,protein_coding,4812775
LOC117183318,,protein_coding,117183318
LOC117185375,Trnac-gca-3,tRNA,117185375
LOC4815648,,protein_coding,4815648
LOC13036443,,protein_coding,13036443
LOC4814337,,protein_coding,4814337
LOC6900821,,protein_coding,6900821
LOC4817384,,protein_coding,4817384
LOC4812280,,protein_coding,4812280
LOC4802043,,protein_coding,4802043
LOC4817148,,protein_coding,4817148
LOC4802310,,protein_coding,4802310
LOC6897908,,protein_coding,6897908
LOC4801659,,protein_coding,4801659
LOC4816229,,protein_coding,4816229
LOC6897957,,protein_coding,6897957
LOC4816273,,protein_coding,4816273
LOC117183165,,protein_coding,117183165
LOC117183545,,lncRNA,117183545
LOC117183473,Trnat-agu-5,tRNA,117183473
LOC117184432,,lncRNA,117184432
LOC4802175,,protein_coding,4802175
LOC4812605,,protein_coding,4812605
LOC26532955,,protein_coding,26532955
LOC26532673,,lncRNA,26532673
LOC4814271,,protein_coding,4814271
LOC4801766,,protein_coding,4801766
LOC6902986,,protein_coding,6902986
LOC4805091,,protein_coding,4805091
LOC117183592,,protein_coding,117183592
LOC117183235,,lncRNA,117183235
LOC4804882,,protein_coding,4804882
LOC4811798,,protein_coding,4811798
LOC4816603,,protein_coding,4816603
LOC4817657,,protein_coding,4817657
LOC6898071,,protein_coding,6898071
LOC117185549,,pseudogene,117185549
LOC4816099,,protein_coding,4816099
LOC6898468,,protein_coding,6898468
LOC4800613,,protein_coding,4800613
LOC6900625,,protein_coding,6900625
LOC26533437,,protein_coding,26533437
LOC6896782,,protein_coding,6896782
LOC4801881,,protein_coding,4801881
LOC4812372,,protein_coding,4812372
LOC4801830,,protein_coding,4801830
LOC6896740,,protein_coding,6896740
LOC6901906,,snoRNA,6901906
LOC4818072,,protein_coding,4818072
LOC4814512,,protein_coding,4814512
LOC26533363,,lncRNA,26533363
LOC4815601,,protein_coding,4815601
LOC4812711,,protein_coding,4812711
LOC117184177,,lncRNA,117184177
LOC6898169,,protein_coding,6898169
LOC4815587,,protein_coding,4815587
LOC6896789,,protein_coding,6896789
LOC117184259,,lncRNA,117184259
LOC26532486,,protein_coding,26532486
LOC26533637,,lncRNA,26533637
LOC26533103,,protein_coding,26533103
LOC26533525,,lncRNA,26533525
LOC4813008,,protein_coding,4813008
LOC4815134,,protein_coding,4815134
LOC4800334,,protein_coding,4800334
LOC6901669,,protein_coding,6901669
LOC6897132,,protein_coding,6897132
LOC6897020,,protein_coding,6897020
LOC4804321,,protein_coding,4804321
LOC6900040,,protein_coding,6900040
LOC4805363,,protein_coding,4805363
LOC6901602,,protein_coding,6901602
LOC6898566,,protein_coding,6898566
LOC26533550,,lncRNA,26533550
LOC4815922,,protein_coding,4815922
LOC6897888,,protein_coding,6897888
LOC6902261,,protein_coding,6902261
LOC4817379,,protein_coding,4817379
LOC4817981,,protein_coding,4817981
LOC6896959,,protein_coding,6896959
LOC4801396,,protein_coding,4801396
LOC4800374,,protein_coding,4800374
LOC4802451,,protein_coding,4802451
LOC6900143,,protein_coding,6900143
LOC4817485,,protein_coding,4817485
LOC117184506,,protein_coding,117184506
LOC4803027,,protein_coding,4803027
LOC6898036,,protein_coding,6898036
LOC117185016,,lncRNA,117185016
LOC4812500,,protein_coding,4812500
LOC4812630,,protein_coding,4812630
LOC4801033,,protein_coding,4801033
LOC4801050,,protein_coding,4801050
LOC4816101,,protein_coding,4816101
LOC6902354,,protein_coding,6902354
LOC4815517,,protein_coding,4815517
LOC6900733,,protein_coding,6900733
LOC4813749,,protein_coding,4813749
LOC26533298,,protein_coding,26533298
LOC4803803,,protein_coding,4803803
LOC4805111,,protein_coding,4805111
LOC6901162,,protein_coding,6901162
LOC4813650,,protein_coding,4813650
LOC117185596,,protein_coding,117185596
LOC26532139,,protein_coding,26532139
LOC4816379,,protein_coding,4816379
LOC4813561,,protein_coding,4813561
LOC6899819,,protein_coding,6899819
LOC6901184,,protein_coding,6901184
LOC4801178,,protein_coding,4801178
LOC4816195,,protein_coding,4816195
LOC117185449,,rRNA,117185449
LOC6903199,,protein_coding,6903199
LOC4817008,,protein_coding,4817008
LOC6899401,,protein_coding,6899401
LOC117183907,,lncRNA,117183907
LOC6900502,,protein_coding,6900502
LOC117183737,,lncRNA,117183737
LOC4801355,,protein_coding,4801355
LOC4816460,,protein_coding,4816460
LOC6897278,,protein_coding,6897278
LOC4814586,,protein_coding,4814586
LOC4801893,,protein_coding,4801893
LOC4817854,,protein_coding,4817854
LOC4812478,,protein_coding,4812478
LOC6898220,,protein_coding,6898220
LOC26533374,,protein_coding,26533374
LOC4814238,,protein_coding,4814238
LOC4812249,,protein_coding,4812249
LOC26532569,,lncRNA,26532569
LOC4815216,,protein_coding,4815216
LOC6900452,,protein_coding,6900452
LOC4812417,,protein_coding,4812417
LOC6901509,,protein_coding,6901509
LOC4804037,,protein_coding,4804037
LOC4817837,,protein_coding,4817837
LOC4816395,,protein_coding,4816395
LOC26533417,,protein_coding,26533417
LOC4813047,,protein_coding,4813047
LOC6898802,,protein_coding,6898802
LOC4805410,,protein_coding,4805410
LOC4804266,,protein_coding,4804266
LOC6900340,,protein_coding,6900340
LOC4802475,,protein_coding,4802475
LOC26533288,,protein_coding,26533288
LOC4803396,,protein_coding,4803396
LOC6897571,,protein_coding,6897571
LOC4815870,,protein_coding,4815870
LOC6903002,,protein_coding,6903002
LOC6901317,,protein_coding,6901317
LOC4800763,,protein_coding,4800763
LOC117184072,,protein_coding,117184072
LOC4801680,,protein_coding,4801680
LOC117183364,,lncRNA,117183364
LOC117185285,,pseudogene,117185285
LOC4802282,,protein_coding,4802282
LOC6896667,,protein_coding,6896667
LOC117185129,,lncRNA,117185129
LOC4815049,,protein_coding,4815049
LOC6902221,,protein_coding,6902221
LOC26534107,,lncRNA,26534107
LOC4813519,,protein_coding,4813519
LOC26532302,,protein_coding,26532302
LOC6896986,,protein_coding,6896986
LOC6902815,,protein_coding,6902815
LOC6901809,,protein_coding,6901809
LOC4814804,,protein_coding,4814804
LOC117185605,,protein_coding,117185605
LOC4812689,,protein_coding,4812689
LOC117183673,,protein_coding,117183673
LOC117184911,,lncRNA,117184911
LOC4814749,,protein_coding,4814749
LOC4800280,,protein_coding,4800280
LOC117184381,,lncRNA,117184381
LOC4801580,,protein_coding,4801580
LOC6901647,,lncRNA,6901647
LOC117185153,,lncRNA,117185153
LOC6899974,,protein_coding,6899974
LOC6897035,,protein_coding,6897035
LOC26533822,,lncRNA,26533822
LOC4802376,,protein_coding,4802376
LOC4812227,,protein_coding,4812227
LOC4804528,,protein_coding,4804528
LOC4816394,,protein_coding,4816394
LOC4801340,,protein_coding,4801340
LOC4812020,,protein_coding,4812020
LOC4816883,,protein_coding,4816883
LOC4815726,,protein_coding,4815726
LOC4816177,,protein_coding,4816177
LOC6900324,,protein_coding,6900324
LOC4814813,,protein_coding,4814813
LOC26532631,,protein_coding,26532631
LOC4816114,,protein_coding,4816114
LOC4817929,,protein_coding,4817929
LOC6903676,,protein_coding,6903676
LOC6898039,,protein_coding,6898039
LOC4814124,,protein_coding,4814124
LOC6898763,,protein_coding,6898763
LOC4802312,,protein_coding,4802312
LOC117183175,,protein_coding,117183175
LOC4815020,,protein_coding,4815020
LOC4802726,,protein_coding,4802726
LOC6901700,,protein_coding,6901700
LOC6897525,,protein_coding,6897525
LOC4805347,,protein_coding,4805347
LOC4803150,,protein_coding,4803150
LOC26532432,,lncRNA,26532432
LOC6897608,,protein_coding,6897608
LOC4814848,,protein_coding,4814848
LOC4817318,,protein_coding,4817318
LOC4803226,,protein_coding,4803226
LOC4816410,,protein_coding,4816410
LOC4804642,,protein_coding,4804642
LOC4803562,,protein_coding,4803562
LOC26532929,,lncRNA,26532929
LOC6899161,,protein_coding,6899161
LOC4816687,,protein_coding,4816687
LOC6902867,,protein_coding,6902867
LOC4813499,,protein_coding,4813499
LOC6903498,,protein_coding,6903498
LOC117185275,,rRNA,117185275
LOC4803999,,protein_coding,4803999
LOC4802699,,protein_coding,4802699
LOC6897705,,protein_coding,6897705
LOC6897853,,protein_coding,6897853
LOC117183229,,protein_coding,117183229
LOC6903926,,protein_coding,6903926
LOC4805362,,protein_coding,4805362
LOC4813343,,protein_coding,4813343
LOC117183409,,protein_coding,117183409
LOC117184366,,protein_coding,117184366
LOC4800636,,protein_coding,4800636
LOC4803474,,protein_coding,4803474
LOC4811790,,protein_coding,4811790
LOC4805132,,protein_coding,4805132
LOC6897578,,protein_coding,6897578
LOC117183479,Trnas-aga,tRNA,117183479
LOC117183278,,lncRNA,117183278
LOC4800270,,protein_coding,4800270
LOC117184073,,protein_coding,117184073
LOC26533745,,lncRNA,26533745
LOC117185064,,lncRNA,117185064
LOC4811687,,protein_coding,4811687
LOC4816592,,protein_coding,4816592
LOC26533465,,lncRNA,26533465
LOC4813021,,protein_coding,4813021
LOC117183843,Trnai-aau-9,tRNA,117183843
LOC26532467,,protein_coding,26532467
LOC4805590,,protein_coding,4805590
LOC4800898,,protein_coding,4800898
LOC4804600,,protein_coding,4804600
LOC6898638,,protein_coding,6898638
LOC6898942,,protein_coding,6898942
LOC4812150,,protein_coding,4812150
LOC4801433,,protein_coding,4801433
LOC4817441,,protein_coding,4817441
LOC4817520,,protein_coding,4817520
LOC26532881,,lncRNA,26532881
LOC6899962,,protein_coding,6899962
LOC4811732,,protein_coding,4811732
LOC6898067,,protein_coding,6898067
LOC6903140,,protein_coding,6903140
LOC4803627,,protein_coding,4803627
LOC6903008,,protein_coding,6903008
LOC6903247,,protein_coding,6903247
LOC4815208,,protein_coding,4815208
LOC26532508,,protein_coding,26532508
LOC6899057,,protein_coding,6899057
LOC4805207,,protein_coding,4805207
LOC4802052,,protein_coding,4802052
LOC13036525,,protein_coding,13036525
LOC6902673,,protein_coding,6902673
LOC4815793,,protein_coding,4815793
LOC6898187,,protein_coding,6898187
LOC4802513,,protein_coding,4802513
LOC4802576,,protein_coding,4802576
LOC4804955,,protein_coding,4804955
LOC6901580,,protein_coding,6901580
LOC26532110,,lncRNA,26532110
LOC4814427,,protein_coding,4814427
LOC4812675,,protein_coding,4812675
LOC4813927,,protein_coding,4813927
LOC4814053,,protein_coding,4814053
LOC4814805,,protein_coding,4814805
LOC4814721,,protein_coding,4814721
LOC117183427,Trnap-ugg-2,tRNA,117183427
LOC4814564,,protein_coding,4814564
LOC4817185,,protein_coding,4817185
LOC6900206,,protein_coding,6900206
LOC4803649,,protein_coding,4803649
LOC4816385,,protein_coding,4816385
LOC4802567,,protein_coding,4802567
LOC4816348,,protein_coding,4816348
LOC117184063,,lncRNA,117184063
LOC4812861,,protein_coding,4812861
LOC4800646,,protein_coding,4800646
LOC117185370,Trnag-ucc-6,tRNA,117185370
LOC4813813,,protein_coding,4813813
LOC4802094,,protein_coding,4802094
LOC4814191,,protein_coding,4814191
LOC4804298,,protein_coding,4804298
LOC4812710,,protein_coding,4812710
LOC4803200,,protein_coding,4803200
LOC4800635,,protein_coding,4800635
LOC4812481,,protein_coding,4812481
LOC4803918,,protein_coding,4803918
LOC117185251,,pseudogene,117185251
LOC4811824,,protein_coding,4811824
LOC4801480,,protein_coding,4801480
LOC6901007,,protein_coding,6901007
LOC4812655,,protein_coding,4812655
LOC4801147,,protein_coding,4801147
LOC6901110,,protein_coding,6901110
LOC4816545,,protein_coding,4816545
LOC4816182,,protein_coding,4816182
LOC6902114,,protein_coding,6902114
LOC4802199,,protein_coding,4802199
LOC6898238,,protein_coding,6898238
LOC4801534,,protein_coding,4801534
LOC6898244,,protein_coding,6898244
LOC4800462,,protein_coding,4800462
LOC4800575,,protein_coding,4800575
LOC6900689,,protein_coding,6900689
LOC4815649,,protein_coding,4815649
LOC4817727,,protein_coding,4817727
LOC117184254,,lncRNA,117184254
LOC4812784,,protein_coding,4812784
LOC4803617,,protein_coding,4803617
LOC4801376,,protein_coding,4801376
LOC4817395,,protein_coding,4817395
LOC26534334,,lncRNA,26534334
LOC4802087,,protein_coding,4802087
LOC4801405,,protein_coding,4801405
LOC4813216,,protein_coding,4813216
LOC4802430,,protein_coding,4802430
LOC4817455,,protein_coding,4817455
LOC4815864,,protein_coding,4815864
LOC117185094,,lncRNA,117185094
LOC6902796,,protein_coding,6902796
LOC6901566,,protein_coding,6901566
LOC4803566,,protein_coding,4803566
LOC4802363,,protein_coding,4802363
LOC4802964,,protein_coding,4802964
LOC4803153,,protein_coding,4803153
LOC6898502,,protein_coding,6898502
LOC4800884,,protein_coding,4800884
LOC117184255,,protein_coding,117184255
LOC4800759,,protein_coding,4800759
LOC4814589,,protein_coding,4814589
LOC4814210,,protein_coding,4814210
LOC4811892,,protein_coding,4811892
LOC6896966,,protein_coding,6896966
LOC4815137,,protein_coding,4815137
LOC4802551,,protein_coding,4802551
LOC117184859,,lncRNA,117184859
LOC4812626,,protein_coding,4812626
LOC4814091,,protein_coding,4814091
LOC4815019,,protein_coding,4815019
LOC4812782,,protein_coding,4812782
LOC4816936,,protein_coding,4816936
LOC4804027,,protein_coding,4804027
LOC4817480,,protein_coding,4817480
LOC6900366,,protein_coding,6900366
LOC26534045,,lncRNA,26534045
LOC4801342,,protein_coding,4801342
LOC4804123,,protein_coding,4804123
LOC4814741,,protein_coding,4814741
LOC6901062,,protein_coding,6901062
LOC6900306,,snRNA,6900306
LOC4814122,,protein_coding,4814122
LOC6900074,,protein_coding,6900074
LOC6899343,,protein_coding,6899343
LOC4801699,,protein_coding,4801699
LOC4812167,,protein_coding,4812167
LOC4800744,,protein_coding,4800744
LOC6902259,,protein_coding,6902259
LOC4813879,,protein_coding,4813879
LOC4813079,,protein_coding,4813079
LOC117184430,,lncRNA,117184430
LOC4813138,,protein_coding,4813138
LOC6902033,,protein_coding,6902033
LOC6903594,,protein_coding,6903594
LOC4814892,,protein_coding,4814892
LOC13036311,,protein_coding,13036311
LOC117184263,,protein_coding,117184263
LOC4805665,,protein_coding,4805665
LOC117183480,Trnat-cgu-2,tRNA,117183480
LOC6897936,,protein_coding,6897936
LOC117185132,,lncRNA,117185132
LOC6901366,,snoRNA,6901366
LOC117184989,,lncRNA,117184989
LOC4813436,,protein_coding,4813436
LOC4801987,,protein_coding,4801987
LOC26533390,,protein_coding,26533390
LOC117185559,,lncRNA,117185559
LOC4814921,,protein_coding,4814921
LOC4812219,,protein_coding,4812219
LOC4814654,,protein_coding,4814654
LOC4802990,,protein_coding,4802990
LOC6896949,,protein_coding,6896949
LOC4812779,,protein_coding,4812779
LOC6902625,,protein_coding,6902625
LOC4804326,,protein_coding,4804326
LOC117184521,,protein_coding,117184521
LOC4805007,,protein_coding,4805007
LOC4803017,,protein_coding,4803017
LOC117184385,,lncRNA,117184385
LOC4814039,,protein_coding,4814039
LOC26534169,,lncRNA,26534169
LOC6903218,,protein_coding,6903218
LOC4812292,,protein_coding,4812292
LOC26532406,,lncRNA,26532406
LOC117184042,,lncRNA,117184042
LOC6903457,,protein_coding,6903457
LOC26534112,,lncRNA,26534112
LOC6903132,,protein_coding,6903132
LOC4812140,,protein_coding,4812140
LOC6900461,,protein_coding,6900461
LOC117185633,,protein_coding,117185633
LOC117185502,,rRNA,117185502
LOC26533655,,lncRNA,26533655
LOC6901830,,protein_coding,6901830
LOC4815985,,protein_coding,4815985
LOC6899617,,protein_coding,6899617
LOC6903470,,protein_coding,6903470
LOC6903375,,protein_coding,6903375
LOC4802606,,protein_coding,4802606
LOC4800995,,protein_coding,4800995
LOC4816017,,protein_coding,4816017
LOC4804888,,protein_coding,4804888
LOC4815383,,protein_coding,4815383
LOC6902629,,snRNA,6902629
LOC117185039,,protein_coding,117185039
LOC44805055,HCS66_mgp01,protein_coding,44805055
LOC6902081,,protein_coding,6902081
LOC4802574,,protein_coding,4802574
LOC6902269,,protein_coding,6902269
LOC4815086,,protein_coding,4815086
LOC6902321,,protein_coding,6902321
LOC4801021,,protein_coding,4801021
LOC4802947,,protein_coding,4802947
LOC4812451,,protein_coding,4812451
LOC4815989,,protein_coding,4815989
LOC117183620,,lncRNA,117183620
LOC4801511,,protein_coding,4801511
LOC4812298,,protein_coding,4812298
LOC4802151,,protein_coding,4802151
LOC6898556,,protein_coding,6898556
LOC4800829,,protein_coding,4800829
LOC4817359,,protein_coding,4817359
LOC4815031,,protein_coding,4815031
LOC117184612,,protein_coding,117184612
LOC6902813,,protein_coding,6902813
LOC6898981,,protein_coding,6898981
LOC26534113,,lncRNA,26534113
LOC6900076,,protein_coding,6900076
LOC6901850,,protein_coding,6901850
LOC26532654,,protein_coding,26532654
LOC4801109,,protein_coding,4801109
LOC26532124,,protein_coding,26532124
LOC4817841,,protein_coding,4817841
LOC4818128,,protein_coding,4818128
LOC4805314,,protein_coding,4805314
LOC4803873,,protein_coding,4803873
LOC6899806,,protein_coding,6899806
LOC4801905,,protein_coding,4801905
LOC6897354,,protein_coding,6897354
LOC4813362,,protein_coding,4813362
LOC4805555,,protein_coding,4805555
LOC4817790,,protein_coding,4817790
LOC6901688,,protein_coding,6901688
LOC4800327,,protein_coding,4800327
LOC117183777,,lncRNA,117183777
LOC6900918,,protein_coding,6900918
LOC4816775,,protein_coding,4816775
LOC44805047,HCS66_mgp03,protein_coding,44805047
LOC117183856,Trnai-aau-2,tRNA,117183856
LOC4816860,,protein_coding,4816860
LOC4816364,,protein_coding,4816364
LOC4816170,,protein_coding,4816170
LOC4802172,,protein_coding,4802172
LOC117185517,,rRNA,117185517
LOC6901778,,protein_coding,6901778
LOC4805488,,protein_coding,4805488
LOC117185440,,lncRNA,117185440
LOC6901334,,protein_coding,6901334
LOC26532036,,protein_coding,26532036
LOC117183529,,protein_coding,117183529
LOC4811768,,protein_coding,4811768
LOC4800791,,protein_coding,4800791
LOC4816707,,protein_coding,4816707
LOC117184527,,protein_coding,117184527
LOC6903091,,snoRNA,6903091
LOC6903365,,protein_coding,6903365
LOC4802275,,protein_coding,4802275
LOC6898087,,protein_coding,6898087
LOC4815608,,protein_coding,4815608
LOC117185611,,protein_coding,117185611
LOC6903123,,protein_coding,6903123
LOC6901470,,protein_coding,6901470
LOC4815935,,protein_coding,4815935
LOC117184865,,lncRNA,117184865
LOC4801963,,protein_coding,4801963
LOC26533919,,protein_coding,26533919
LOC4800603,,protein_coding,4800603
LOC6901827,,protein_coding,6901827
LOC4813363,,protein_coding,4813363
LOC6899063,,protein_coding,6899063
LOC4803821,,protein_coding,4803821
LOC4814702,,protein_coding,4814702
LOC4801379,,protein_coding,4801379
LOC4815738,,protein_coding,4815738
LOC6898360,,protein_coding,6898360
LOC117184162,,protein_coding,117184162
LOC6900246,,protein_coding,6900246
LOC4817941,,protein_coding,4817941
LOC4805743,,protein_coding,4805743
LOC6900590,,protein_coding,6900590
LOC26533817,,lncRNA,26533817
LOC117184762,,lncRNA,117184762
LOC4816504,,protein_coding,4816504
LOC4803080,,protein_coding,4803080
LOC6902239,,protein_coding,6902239
LOC26533621,,protein_coding,26533621
LOC4816573,,protein_coding,4816573
LOC6897613,,protein_coding,6897613
LOC4817652,,protein_coding,4817652
LOC26533988,,lncRNA,26533988
LOC4803535,,protein_coding,4803535
LOC117184326,Trnad-guc-10,tRNA,117184326
LOC6902837,,protein_coding,6902837
LOC117183315,,protein_coding,117183315
LOC4802553,,protein_coding,4802553
LOC4804251,,protein_coding,4804251
LOC4814908,,protein_coding,4814908
LOC6902773,,protein_coding,6902773
LOC6902317,,protein_coding,6902317
LOC26533206,,lncRNA,26533206
LOC4817880,,protein_coding,4817880
LOC4801485,,protein_coding,4801485
LOC4813015,,protein_coding,4813015
LOC117184389,,protein_coding,117184389
LOC4812573,,protein_coding,4812573
LOC4812697,,protein_coding,4812697
LOC4815147,,protein_coding,4815147
LOC4800694,,protein_coding,4800694
LOC117184336,,lncRNA,117184336
LOC4814961,,protein_coding,4814961
LOC6897018,,protein_coding,6897018
LOC4802874,,protein_coding,4802874
LOC4815454,,protein_coding,4815454
LOC4814513,,protein_coding,4814513
LOC117184871,,protein_coding,117184871
LOC117185248,,pseudogene,117185248
LOC6902791,,protein_coding,6902791
LOC6901013,,protein_coding,6901013
LOC117183971,,pseudogene,117183971
LOC4815741,,protein_coding,4815741
LOC4803657,,protein_coding,4803657
LOC6900196,,protein_coding,6900196
LOC6902659,,protein_coding,6902659
LOC117184748,,lncRNA,117184748
LOC4811847,,protein_coding,4811847
LOC4817042,,protein_coding,4817042
LOC4817375,,protein_coding,4817375
LOC4812165,,protein_coding,4812165
LOC26532967,,protein_coding,26532967
LOC6903212,,protein_coding,6903212
LOC26533915,,protein_coding,26533915
LOC4800737,,protein_coding,4800737
LOC4816782,,protein_coding,4816782
LOC4803559,,protein_coding,4803559
LOC4811821,,protein_coding,4811821
LOC4815146,,protein_coding,4815146
LOC6900160,,protein_coding,6900160
LOC4803875,,protein_coding,4803875
LOC6902330,,snRNA,6902330
LOC6900012,,protein_coding,6900012
LOC6901878,,protein_coding,6901878
LOC6902289,,protein_coding,6902289
LOC4813604,,protein_coding,4813604
LOC4803971,,protein_coding,4803971
LOC15382872,,protein_coding,15382872
LOC4801240,,protein_coding,4801240
LOC26533889,,protein_coding,26533889
LOC4815377,,protein_coding,4815377
LOC117184636,,lncRNA,117184636
LOC6902120,,protein_coding,6902120
LOC4812834,,protein_coding,4812834
LOC6901246,,protein_coding,6901246
LOC4801494,,protein_coding,4801494
LOC6898748,,protein_coding,6898748
LOC26532232,,protein_coding,26532232
LOC4802887,,protein_coding,4802887
LOC4803868,,protein_coding,4803868
LOC117184660,,protein_coding,117184660
LOC4800237,,protein_coding,4800237
LOC26534106,,lncRNA,26534106
LOC4803760,,protein_coding,4803760
LOC4802325,,protein_coding,4802325
LOC6901816,,protein_coding,6901816
LOC4804472,,protein_coding,4804472
LOC4812529,,protein_coding,4812529
LOC26532703,,lncRNA,26532703
LOC4800366,,protein_coding,4800366
LOC4814695,,protein_coding,4814695
LOC4800479,,protein_coding,4800479
LOC117185458,,rRNA,117185458
LOC6897031,,protein_coding,6897031
LOC117183831,Trnaw-cca-7,tRNA,117183831
LOC6899068,,protein_coding,6899068
LOC4803898,,protein_coding,4803898
LOC4802898,,protein_coding,4802898
LOC6898765,,protein_coding,6898765
LOC4804388,,protein_coding,4804388
LOC4805507,,protein_coding,4805507
LOC6898794,,protein_coding,6898794
LOC4817883,,protein_coding,4817883
LOC117183665,,lncRNA,117183665
LOC117184088,,protein_coding,117184088
LOC6900027,,protein_coding,6900027
LOC4804605,,protein_coding,4804605
LOC4805561,,protein_coding,4805561
LOC117183999,,lncRNA,117183999
LOC4813336,,protein_coding,4813336
LOC26534369,,lncRNA,26534369
LOC6897399,,protein_coding,6897399
LOC6901545,,protein_coding,6901545
LOC4805678,,protein_coding,4805678
LOC6898667,,pseudogene,6898667
LOC4813247,,protein_coding,4813247
LOC26533689,,lncRNA,26533689
LOC4800656,,protein_coding,4800656
LOC4814454,,protein_coding,4814454
LOC4804582,,protein_coding,4804582
LOC4811662,,protein_coding,4811662
LOC6902855,,protein_coding,6902855
LOC6902356,,protein_coding,6902356
LOC117185147,,lncRNA,117185147
LOC4813915,,protein_coding,4813915
LOC26532602,,lncRNA,26532602
LOC117185237,,rRNA,117185237
LOC4802538,,protein_coding,4802538
LOC4804921,,protein_coding,4804921
LOC4814705,,protein_coding,4814705
LOC4814737,,protein_coding,4814737
LOC4815602,,protein_coding,4815602
LOC6901130,,protein_coding,6901130
LOC4812621,,protein_coding,4812621
LOC6903534,,protein_coding,6903534
LOC117184534,,protein_coding,117184534
LOC4811934,,protein_coding,4811934
LOC4817658,,protein_coding,4817658
LOC4801081,,protein_coding,4801081
LOC4818107,,protein_coding,4818107
LOC4805650,,protein_coding,4805650
LOC4800877,,protein_coding,4800877
LOC6897163,,protein_coding,6897163
LOC4811726,,protein_coding,4811726
LOC4800734,,protein_coding,4800734
LOC44805046,HCS66_mgt18,tRNA,44805046
LOC4803962,,protein_coding,4803962
LOC6898119,,protein_coding,6898119
LOC117183362,,lncRNA,117183362
LOC4812696,,protein_coding,4812696
LOC4804288,,protein_coding,4804288
LOC4816453,,protein_coding,4816453
LOC117183384,,lncRNA,117183384
LOC4813963,,protein_coding,4813963
LOC4813002,,protein_coding,4813002
LOC6900422,,protein_coding,6900422
LOC4813946,,protein_coding,4813946
LOC6898549,,snoRNA,6898549
LOC26532981,,protein_coding,26532981
LOC4803036,,protein_coding,4803036
LOC117184311,Trnag-gcc-8,tRNA,117184311
LOC4815045,,protein_coding,4815045
LOC4804960,,protein_coding,4804960
LOC6900373,,protein_coding,6900373
LOC26532446,,lncRNA,26532446
LOC117185663,,protein_coding,117185663
LOC4803287,,protein_coding,4803287
LOC44805023,HCS66_mgp11,protein_coding,44805023
LOC26533507,,protein_coding,26533507
LOC117183343,,protein_coding,117183343
LOC4801753,,protein_coding,4801753
LOC4803164,,protein_coding,4803164
LOC44805019,HCS66_mgt01,tRNA,44805019
LOC4817928,,protein_coding,4817928
LOC26534338,,protein_coding,26534338
LOC4813988,,protein_coding,4813988
LOC4813787,,protein_coding,4813787
LOC6900099,,protein_coding,6900099
LOC4813460,,protein_coding,4813460
LOC4817593,,protein_coding,4817593
LOC4813322,,protein_coding,4813322
LOC6902010,,protein_coding,6902010
LOC4816786,,protein_coding,4816786
LOC4805231,,protein_coding,4805231
LOC4805206,,protein_coding,4805206
LOC4801332,,protein_coding,4801332
LOC26534406,,protein_coding,26534406
LOC117183554,,lncRNA,117183554
LOC117184608,,protein_coding,117184608
LOC6900145,,protein_coding,6900145
LOC4804100,,protein_coding,4804100
LOC4801731,,protein_coding,4801731
LOC4814185,,protein_coding,4814185
LOC4816945,,protein_coding,4816945
LOC4802045,,protein_coding,4802045
LOC117183631,,lncRNA,117183631
LOC4816338,,protein_coding,4816338
LOC4817659,,protein_coding,4817659
LOC4800756,,protein_coding,4800756
LOC4804195,,protein_coding,4804195
LOC4817609,,protein_coding,4817609
LOC6896845,,protein_coding,6896845
LOC6902171,,protein_coding,6902171
LOC4804515,,protein_coding,4804515
LOC26533208,,protein_coding,26533208
LOC117185262,,snRNA,117185262
LOC4815853,,protein_coding,4815853
LOC117185671,,lncRNA,117185671
LOC117184143,,lncRNA,117184143
LOC26532236,,lncRNA,26532236
LOC6897484,,protein_coding,6897484
LOC4804287,,protein_coding,4804287
LOC4813973,,protein_coding,4813973
LOC4818143,,protein_coding,4818143
LOC4805196,,protein_coding,4805196
LOC4800547,,protein_coding,4800547
LOC4805280,,protein_coding,4805280
LOC4805692,,protein_coding,4805692
LOC4817749,,protein_coding,4817749
LOC4803910,,protein_coding,4803910
LOC26533926,,protein_coding,26533926
LOC4817576,,protein_coding,4817576
LOC4805673,,protein_coding,4805673
LOC4815381,,protein_coding,4815381
LOC13036368,,protein_coding,13036368
LOC6901079,,snoRNA,6901079
LOC6903492,,protein_coding,6903492
LOC6902609,,protein_coding,6902609
LOC4817054,,protein_coding,4817054
LOC26532255,,lncRNA,26532255
LOC4801646,,protein_coding,4801646
LOC4803089,,protein_coding,4803089
LOC4803380,,protein_coding,4803380
LOC117183768,,protein_coding,117183768
LOC4818180,,protein_coding,4818180
LOC6896745,,protein_coding,6896745
LOC6900256,,protein_coding,6900256
LOC4805471,,protein_coding,4805471
LOC4815043,,protein_coding,4815043
LOC4804446,,protein_coding,4804446
LOC4801048,,protein_coding,4801048
LOC4814989,,protein_coding,4814989
LOC4801772,,protein_coding,4801772
LOC26532349,,protein_coding,26532349
LOC6896911,,protein_coding,6896911
LOC26532935,,protein_coding,26532935
LOC4813917,,protein_coding,4813917
LOC4815559,,protein_coding,4815559
LOC6901264,,protein_coding,6901264
LOC4812679,,protein_coding,4812679
LOC6903385,,protein_coding,6903385
LOC4804235,,protein_coding,4804235
LOC6898430,,protein_coding,6898430
LOC6900325,,protein_coding,6900325
LOC4815277,,protein_coding,4815277
LOC6901623,,protein_coding,6901623
LOC4804277,,protein_coding,4804277
LOC6902478,,protein_coding,6902478
LOC4813441,,protein_coding,4813441
LOC117185049,,protein_coding,117185049
LOC6898168,,protein_coding,6898168
LOC6897152,,protein_coding,6897152
LOC4804762,,protein_coding,4804762
LOC6896751,,protein_coding,6896751
LOC117185529,,rRNA,117185529
LOC4804951,,protein_coding,4804951
LOC4815080,,protein_coding,4815080
LOC6903723,,protein_coding,6903723
LOC4812532,,protein_coding,4812532
LOC4815916,,protein_coding,4815916
LOC4804377,,protein_coding,4804377
LOC6901522,,protein_coding,6901522
LOC26534035,,protein_coding,26534035
LOC4815444,,protein_coding,4815444
LOC4818127,,protein_coding,4818127
LOC6899099,,protein_coding,6899099
LOC5687544,,protein_coding,5687544
LOC6898500,,protein_coding,6898500
LOC117185415,,protein_coding,117185415
LOC6898398,,protein_coding,6898398
LOC6899858,,protein_coding,6899858
LOC4803635,,protein_coding,4803635
LOC4803114,,protein_coding,4803114
LOC4814229,,protein_coding,4814229
LOC4805473,,protein_coding,4805473
LOC26534134,,lncRNA,26534134
LOC4815920,,protein_coding,4815920
LOC117183697,,protein_coding,117183697
LOC4815372,,protein_coding,4815372
LOC117183288,,protein_coding,117183288
LOC6901870,,protein_coding,6901870
LOC6902106,,protein_coding,6902106
LOC4813592,,protein_coding,4813592
LOC4811658,,protein_coding,4811658
LOC6896785,,protein_coding,6896785
LOC4801911,,protein_coding,4801911
LOC117185433,,lncRNA,117185433
LOC4818106,,protein_coding,4818106
LOC117184463,,protein_coding,117184463
LOC4813430,,protein_coding,4813430
LOC4804399,,protein_coding,4804399
LOC117184184,,lncRNA,117184184
LOC4817995,,protein_coding,4817995
LOC4817799,,protein_coding,4817799
LOC4817788,,protein_coding,4817788
LOC117183786,,protein_coding,117183786
LOC4804867,,protein_coding,4804867
LOC4805546,,protein_coding,4805546
LOC26532463,,lncRNA,26532463
LOC4817333,,protein_coding,4817333
LOC117184404,,protein_coding,117184404
LOC4814880,,protein_coding,4814880
LOC6901724,,protein_coding,6901724
LOC6899378,,protein_coding,6899378
LOC4805624,,protein_coding,4805624
LOC4817182,,protein_coding,4817182
LOC117185335,Trnas-aga-4,tRNA,117185335
LOC6897665,,protein_coding,6897665
LOC117183257,,lncRNA,117183257
LOC4804382,,protein_coding,4804382
LOC117185527,,rRNA,117185527
LOC6902590,,protein_coding,6902590
LOC4802001,,protein_coding,4802001
LOC6903667,,protein_coding,6903667
LOC4800666,,protein_coding,4800666
LOC4815118,,protein_coding,4815118
LOC26534330,,lncRNA,26534330
LOC4813630,,protein_coding,4813630
LOC6900231,,protein_coding,6900231
LOC117183385,,protein_coding,117183385
LOC6903316,,protein_coding,6903316
LOC6899078,,protein_coding,6899078
LOC6901764,,protein_coding,6901764
LOC6898247,,protein_coding,6898247
LOC4801647,,protein_coding,4801647
LOC4817302,,protein_coding,4817302
LOC4803706,,protein_coding,4803706
LOC117183335,,lncRNA,117183335
LOC4800555,,protein_coding,4800555
LOC117185407,,protein_coding,117185407
LOC117183853,Trnaa-cgc,tRNA,117183853
LOC6897586,,protein_coding,6897586
LOC117184983,,pseudogene,117184983
LOC6897237,,protein_coding,6897237
LOC6902031,,protein_coding,6902031
LOC26532481,,protein_coding,26532481
LOC117185220,,rRNA,117185220
LOC4814153,,protein_coding,4814153
LOC6899312,,protein_coding,6899312
LOC6901287,,protein_coding,6901287
LOC6899804,,protein_coding,6899804
LOC4800323,,protein_coding,4800323
LOC4814790,,protein_coding,4814790
LOC4816369,,protein_coding,4816369
LOC4801484,,protein_coding,4801484
LOC26532763,,lncRNA,26532763
LOC4812288,,protein_coding,4812288
LOC6901555,,protein_coding,6901555
LOC117183739,,protein_coding,117183739
LOC4817243,,protein_coding,4817243
LOC117185240,,rRNA,117185240
LOC4815579,,protein_coding,4815579
LOC6897197,,rRNA,6897197
LOC26531960,,protein_coding,26531960
LOC6897345,,protein_coding,6897345
LOC4812520,,protein_coding,4812520
LOC4802343,,protein_coding,4802343
LOC26533548,,protein_coding,26533548
LOC6901546,,protein_coding,6901546
LOC6898194,,protein_coding,6898194
LOC4816024,,protein_coding,4816024
LOC4805525,,protein_coding,4805525
LOC6900990,,protein_coding,6900990
LOC4803202,,protein_coding,4803202
LOC4813132,,protein_coding,4813132
LOC117184153,,lncRNA,117184153
LOC6901325,,protein_coding,6901325
LOC4804281,,protein_coding,4804281
LOC26533565,,lncRNA,26533565
LOC4803092,,protein_coding,4803092
LOC26533730,,lncRNA,26533730
LOC6902280,,protein_coding,6902280
LOC4814970,,protein_coding,4814970
LOC4801604,,protein_coding,4801604
LOC4815215,,protein_coding,4815215
LOC4802717,,protein_coding,4802717
LOC6902820,,protein_coding,6902820
LOC6896659,,protein_coding,6896659
LOC6902118,,protein_coding,6902118
LOC4801651,,protein_coding,4801651
LOC6900174,,protein_coding,6900174
LOC4815401,,protein_coding,4815401
LOC6900951,,protein_coding,6900951
LOC4801726,,protein_coding,4801726
LOC4802773,,protein_coding,4802773
LOC4815168,,protein_coding,4815168
LOC6898005,,protein_coding,6898005
LOC117183538,,protein_coding,117183538
LOC4817355,,protein_coding,4817355
LOC4804553,,protein_coding,4804553
LOC4812301,,protein_coding,4812301
LOC4805407,,protein_coding,4805407
LOC4813165,,protein_coding,4813165
LOC4801107,,protein_coding,4801107
LOC117185675,,lncRNA,117185675
LOC4804656,,protein_coding,4804656
LOC6903291,,protein_coding,6903291
LOC4804187,,protein_coding,4804187
LOC26532544,,protein_coding,26532544
LOC6901690,,protein_coding,6901690
LOC4816854,,protein_coding,4816854
LOC6901886,,protein_coding,6901886
LOC4817348,,protein_coding,4817348
LOC6902055,,protein_coding,6902055
LOC6897759,,protein_coding,6897759
LOC4805512,,protein_coding,4805512
LOC117183838,Trnak-cuu-6,tRNA,117183838
LOC4803140,,protein_coding,4803140
LOC4802368,,protein_coding,4802368
LOC6903064,,protein_coding,6903064
LOC117184525,,protein_coding,117184525
LOC4815353,,protein_coding,4815353
LOC6900568,,snoRNA,6900568
LOC4804060,,protein_coding,4804060
LOC4802584,,protein_coding,4802584
LOC117184711,,lncRNA,117184711
LOC4812232,,protein_coding,4812232
LOC6900138,,snoRNA,6900138
LOC4815847,,protein_coding,4815847
LOC4800267,,protein_coding,4800267
LOC4803565,,protein_coding,4803565
LOC6898567,,protein_coding,6898567
LOC26533708,,protein_coding,26533708
LOC6898488,,protein_coding,6898488
LOC4800601,,protein_coding,4800601
LOC4813001,,protein_coding,4813001
LOC4812004,,protein_coding,4812004
LOC6897836,,protein_coding,6897836
LOC4814842,,protein_coding,4814842
LOC6898374,,protein_coding,6898374
LOC26533458,,lncRNA,26533458
LOC6903364,,protein_coding,6903364
LOC117185291,,rRNA,117185291
LOC4812422,,protein_coding,4812422
LOC4801824,,protein_coding,4801824
LOC6903499,,protein_coding,6903499
LOC4813842,,protein_coding,4813842
LOC6901773,,protein_coding,6901773
LOC6902218,,protein_coding,6902218
LOC4816003,,protein_coding,4816003
LOC4803191,,protein_coding,4803191
LOC4816622,,protein_coding,4816622
LOC117184575,,lncRNA,117184575
LOC117183590,,protein_coding,117183590
LOC117183821,Trnal-caa-2,tRNA,117183821
LOC4815691,,protein_coding,4815691
LOC4802767,,protein_coding,4802767
LOC4816513,,protein_coding,4816513
LOC4817803,,protein_coding,4817803
LOC117184145,,lncRNA,117184145
LOC6902432,,protein_coding,6902432
LOC4800382,,protein_coding,4800382
LOC117184957,,lncRNA,117184957
LOC6897242,,protein_coding,6897242
LOC6896994,,protein_coding,6896994
LOC4803096,,protein_coding,4803096
LOC26533314,,protein_coding,26533314
LOC4812666,,protein_coding,4812666
LOC117184167,,lncRNA,117184167
LOC4803332,,protein_coding,4803332
LOC6900419,,protein_coding,6900419
LOC6897876,,protein_coding,6897876
LOC4801101,,protein_coding,4801101
LOC4815867,,protein_coding,4815867
LOC4805489,,protein_coding,4805489
LOC26533697,,protein_coding,26533697
LOC6903125,,protein_coding,6903125
LOC4805215,,protein_coding,4805215
LOC6896747,,protein_coding,6896747
LOC4818174,,protein_coding,4818174
LOC26533235,,protein_coding,26533235
LOC26532392,,lncRNA,26532392
LOC26533842,,lncRNA,26533842
LOC4812604,,protein_coding,4812604
LOC4805479,,protein_coding,4805479
LOC26532460,,lncRNA,26532460
LOC6897560,,protein_coding,6897560
LOC4816254,,protein_coding,4816254
LOC4817016,,protein_coding,4817016
LOC4802222,,protein_coding,4802222
LOC4818009,,protein_coding,4818009
LOC4804490,,protein_coding,4804490
LOC26533312,,lncRNA,26533312
LOC6897967,,protein_coding,6897967
LOC4813541,,protein_coding,4813541
LOC117183608,,lncRNA,117183608
LOC117185598,,lncRNA,117185598
LOC117185489,,rRNA,117185489
LOC4801687,,protein_coding,4801687
LOC117185380,Trnad-guc-14,tRNA,117185380
LOC4804118,,protein_coding,4804118
LOC26533911,,lncRNA,26533911
LOC117183960,,protein_coding,117183960
LOC4813711,,protein_coding,4813711
LOC117185123,,pseudogene,117185123
LOC4803073,,protein_coding,4803073
LOC4803711,,protein_coding,4803711
LOC4803938,,protein_coding,4803938
LOC4802247,,protein_coding,4802247
LOC6902849,,protein_coding,6902849
LOC117184139,,lncRNA,117184139
LOC4804683,,protein_coding,4804683
LOC4802667,,protein_coding,4802667
LOC4802347,,protein_coding,4802347
LOC6900601,,protein_coding,6900601
LOC6903645,,protein_coding,6903645
LOC117185152,,lncRNA,117185152
LOC4805330,,protein_coding,4805330
LOC4802737,,protein_coding,4802737
LOC4802674,,protein_coding,4802674
LOC4801755,,protein_coding,4801755
LOC6901485,,protein_coding,6901485
LOC4813850,,protein_coding,4813850
LOC4802413,,protein_coding,4802413
LOC26534367,,lncRNA,26534367
LOC13036318,,lncRNA,13036318
LOC4813279,,protein_coding,4813279
LOC6897129,,protein_coding,6897129
LOC6903689,,protein_coding,6903689
LOC26532771,,protein_coding,26532771
LOC4813645,,protein_coding,4813645
LOC6900007,,protein_coding,6900007
LOC6897291,,protein_coding,6897291
LOC4813325,,protein_coding,4813325
LOC6897944,,snoRNA,6897944
LOC6897924,,protein_coding,6897924
LOC6901161,,protein_coding,6901161
LOC4804384,,protein_coding,4804384
LOC117184564,,protein_coding,117184564
LOC6901308,,protein_coding,6901308
LOC117185088,,lncRNA,117185088
LOC4812074,,protein_coding,4812074
LOC4817047,,protein_coding,4817047
LOC4803942,,protein_coding,4803942
LOC4813139,,protein_coding,4813139
LOC6902943,,protein_coding,6902943
LOC6902762,,protein_coding,6902762
LOC4803069,,protein_coding,4803069
LOC117185556,,lncRNA,117185556
LOC117185271,,rRNA,117185271
LOC6900031,,protein_coding,6900031
LOC117183178,,protein_coding,117183178
LOC6896809,,protein_coding,6896809
LOC4802334,,protein_coding,4802334
LOC4814274,,protein_coding,4814274
LOC26532960,,lncRNA,26532960
LOC4812275,,protein_coding,4812275
LOC6896882,,protein_coding,6896882
LOC4818130,,protein_coding,4818130
LOC4812354,,protein_coding,4812354
LOC6902450,,protein_coding,6902450
LOC6903236,,protein_coding,6903236
LOC4803264,,protein_coding,4803264
LOC4818031,,protein_coding,4818031
LOC4812747,,protein_coding,4812747
LOC4803646,,protein_coding,4803646
LOC6901802,,protein_coding,6901802
LOC26533018,,protein_coding,26533018
LOC26534076,,protein_coding,26534076
LOC4811728,,protein_coding,4811728
LOC4815489,,protein_coding,4815489
LOC4802609,,protein_coding,4802609
LOC4816398,,protein_coding,4816398
LOC4813677,,protein_coding,4813677
LOC4800856,,protein_coding,4800856
LOC4800413,,protein_coding,4800413
LOC4802595,,protein_coding,4802595
LOC117184181,,lncRNA,117184181
LOC4814608,,protein_coding,4814608
LOC4815788,,protein_coding,4815788
LOC26532794,,protein_coding,26532794
LOC117183488,,lncRNA,117183488
LOC4804482,,protein_coding,4804482
LOC4812129,,protein_coding,4812129
LOC4817595,,protein_coding,4817595
LOC4813159,,protein_coding,4813159
LOC4814890,,protein_coding,4814890
LOC6902588,,protein_coding,6902588
LOC4801966,,protein_coding,4801966
LOC117183658,,protein_coding,117183658
LOC6901037,,protein_coding,6901037
LOC26532475,,lncRNA,26532475
LOC5384074,,protein_coding,5384074
LOC117184476,,protein_coding,117184476
LOC117183969,,pseudogene,117183969
LOC4803842,,protein_coding,4803842
LOC117183520,,protein_coding,117183520
LOC6899606,,protein_coding,6899606
LOC4814494,,protein_coding,4814494
LOC117185156,,lncRNA,117185156
LOC6901216,,protein_coding,6901216
LOC4804184,,protein_coding,4804184
LOC4814760,,protein_coding,4814760
LOC4802153,,protein_coding,4802153
LOC4800412,,protein_coding,4800412
LOC4816640,,protein_coding,4816640
LOC117185243,,rRNA,117185243
LOC117185115,,protein_coding,117185115
LOC4804651,,protein_coding,4804651
LOC4803582,,protein_coding,4803582
LOC15382900,,protein_coding,15382900
LOC6899781,,protein_coding,6899781
LOC117185328,Trnai-aau-11,tRNA,117185328
LOC4815909,,protein_coding,4815909
LOC4801175,,protein_coding,4801175
LOC4812170,,protein_coding,4812170
LOC117185382,Trnav-uac,tRNA,117185382
LOC4804954,,protein_coding,4804954
LOC117183662,,protein_coding,117183662
LOC4801602,,protein_coding,4801602
LOC4811911,,protein_coding,4811911
LOC117185569,,lncRNA,117185569
LOC4812900,,protein_coding,4812900
LOC6898229,,protein_coding,6898229
LOC6900029,,protein_coding,6900029
LOC26533463,,lncRNA,26533463
LOC4803321,,protein_coding,4803321
LOC117185062,,protein_coding,117185062
LOC117185410,,protein_coding,117185410
LOC4816595,,protein_coding,4816595
LOC6896705,,protein_coding,6896705
LOC4811713,,protein_coding,4811713
LOC6897502,,protein_coding,6897502
LOC4803044,,protein_coding,4803044
LOC117184840,,lncRNA,117184840
LOC117185614,,protein_coding,117185614
LOC6898409,,protein_coding,6898409
LOC26533764,,lncRNA,26533764
LOC4813908,,protein_coding,4813908
LOC4801255,,protein_coding,4801255
LOC4815431,,protein_coding,4815431
LOC4816893,,protein_coding,4816893
LOC4802801,,protein_coding,4802801
LOC4804444,,protein_coding,4804444
LOC4800465,,protein_coding,4800465
LOC6898947,,protein_coding,6898947
LOC4800266,,protein_coding,4800266
LOC6901685,,protein_coding,6901685
LOC4804586,,protein_coding,4804586
LOC4803426,,protein_coding,4803426
LOC4812614,,protein_coding,4812614
LOC4801479,,protein_coding,4801479
LOC4804517,,protein_coding,4804517
LOC4801502,,protein_coding,4801502
LOC26533239,,pseudogene,26533239
LOC6903380,,protein_coding,6903380
LOC4805574,,protein_coding,4805574
LOC4802102,,protein_coding,4802102
LOC6900761,,protein_coding,6900761
LOC4801632,,protein_coding,4801632
LOC4800764,,protein_coding,4800764
LOC6901837,,protein_coding,6901837
LOC4812591,,protein_coding,4812591
LOC4803622,,protein_coding,4803622
LOC6901502,,protein_coding,6901502
LOC4812346,,protein_coding,4812346
LOC4814484,,protein_coding,4814484
LOC6901409,,protein_coding,6901409
LOC117184715,,protein_coding,117184715
LOC4813376,,protein_coding,4813376
LOC6903584,,protein_coding,6903584
LOC4803213,,protein_coding,4803213
LOC4812865,,protein_coding,4812865
LOC4804637,,protein_coding,4804637
LOC6902292,,protein_coding,6902292
LOC117185044,,lncRNA,117185044
LOC4813583,,protein_coding,4813583
LOC4803233,,protein_coding,4803233
LOC117184562,,protein_coding,117184562
LOC117184300,Trnar-ucu-2,tRNA,117184300
LOC26533818,,protein_coding,26533818
LOC4815540,,protein_coding,4815540
LOC6899795,,protein_coding,6899795
LOC4803489,,protein_coding,4803489
LOC4802383,,protein_coding,4802383
LOC6899901,,protein_coding,6899901
LOC4803429,,protein_coding,4803429
LOC4812524,,protein_coding,4812524
LOC6897828,,protein_coding,6897828
LOC117183411,,snoRNA,117183411
LOC4814168,,protein_coding,4814168
LOC6903115,,protein_coding,6903115
LOC4803974,,protein_coding,4803974
LOC4817423,,protein_coding,4817423
LOC6899951,,protein_coding,6899951
LOC4803930,,protein_coding,4803930
LOC6903040,,protein_coding,6903040
LOC4803232,,protein_coding,4803232
LOC4815497,,protein_coding,4815497
LOC4802698,,protein_coding,4802698
LOC4817774,,protein_coding,4817774
LOC117185676,,protein_coding,117185676
LOC4802527,,protein_coding,4802527
LOC6901408,,protein_coding,6901408
LOC117183459,Trnaq-uug-2,tRNA,117183459
LOC6898406,,protein_coding,6898406
LOC117183455,Trnat-ugu,tRNA,117183455
LOC4817408,,protein_coding,4817408
LOC117184313,Trnag-gcc-10,tRNA,117184313
LOC26533384,,protein_coding,26533384
LOC4811876,,protein_coding,4811876
LOC4803304,,protein_coding,4803304
LOC13036441,,protein_coding,13036441
LOC4811834,,protein_coding,4811834
LOC4801642,,protein_coding,4801642
LOC26532438,,lncRNA,26532438
LOC4815071,,protein_coding,4815071
LOC4817937,,protein_coding,4817937
LOC26533423,,lncRNA,26533423
LOC4816025,,protein_coding,4816025
LOC4812387,,protein_coding,4812387
LOC6901420,,protein_coding,6901420
LOC4814453,,protein_coding,4814453
LOC6898980,,protein_coding,6898980
LOC26534154,,lncRNA,26534154
LOC4817777,,protein_coding,4817777
LOC4801968,,protein_coding,4801968
LOC4814107,,protein_coding,4814107
LOC6898338,,protein_coding,6898338
LOC4813921,,protein_coding,4813921
LOC4800742,,protein_coding,4800742
LOC6897425,,protein_coding,6897425
LOC4800333,,protein_coding,4800333
LOC4816500,,protein_coding,4816500
LOC26533868,,lncRNA,26533868
LOC4814819,,protein_coding,4814819
LOC4814731,,protein_coding,4814731
LOC4814568,,protein_coding,4814568
LOC4813071,,protein_coding,4813071
LOC4815429,,protein_coding,4815429
LOC117183430,Trnap-ugg-4,tRNA,117183430
LOC117185104,,lncRNA,117185104
LOC4803514,,protein_coding,4803514
LOC4812773,,protein_coding,4812773
LOC6897916,,protein_coding,6897916
LOC117184824,,protein_coding,117184824
LOC117184031,,lncRNA,117184031
LOC4815990,,protein_coding,4815990
LOC4804821,,protein_coding,4804821
LOC4813700,,protein_coding,4813700
LOC6901846,,protein_coding,6901846
LOC26533785,,lncRNA,26533785
LOC26532685,,lncRNA,26532685
LOC4801909,,protein_coding,4801909
LOC117185195,,lncRNA,117185195
LOC6900899,,protein_coding,6900899
LOC4801280,,protein_coding,4801280
LOC4804571,,protein_coding,4804571
LOC4811988,,protein_coding,4811988
LOC4805485,,protein_coding,4805485
LOC15382901,,protein_coding,15382901
LOC4812342,,protein_coding,4812342
LOC4802547,,protein_coding,4802547
LOC4815915,,protein_coding,4815915
LOC4813195,,protein_coding,4813195
LOC4817987,,protein_coding,4817987
LOC4812464,,protein_coding,4812464
LOC4805634,,protein_coding,4805634
LOC6902540,,protein_coding,6902540
LOC4813479,,protein_coding,4813479
LOC6903503,,protein_coding,6903503
LOC4805577,,protein_coding,4805577
LOC26533936,,protein_coding,26533936
LOC117184312,Trnag-gcc-9,tRNA,117184312
LOC4816138,,protein_coding,4816138
LOC6897044,,protein_coding,6897044
LOC117185357,Trnac-gca-10,tRNA,117185357
LOC4813819,,protein_coding,4813819
LOC6901051,,protein_coding,6901051
LOC4814776,,protein_coding,4814776
LOC6899545,,protein_coding,6899545
LOC117183355,,protein_coding,117183355
LOC117183576,,protein_coding,117183576
LOC6897446,,protein_coding,6897446
LOC117184339,,lncRNA,117184339
LOC4803955,,protein_coding,4803955
LOC4817122,,protein_coding,4817122
LOC4816447,,protein_coding,4816447
LOC6897557,,protein_coding,6897557
LOC4805545,,protein_coding,4805545
LOC26533097,,protein_coding,26533097
LOC117185027,,lncRNA,117185027
LOC4802239,,protein_coding,4802239
LOC26534319,,lncRNA,26534319
LOC4817604,,protein_coding,4817604
LOC117183383,,lncRNA,117183383
LOC13036426,,protein_coding,13036426
LOC117183919,,protein_coding,117183919
LOC117184600,,lncRNA,117184600
LOC4813772,,protein_coding,4813772
LOC4813248,,protein_coding,4813248
LOC4802170,,protein_coding,4802170
LOC6901422,,protein_coding,6901422
LOC4813952,,protein_coding,4813952
LOC6901206,,protein_coding,6901206
LOC117185538,,rRNA,117185538
LOC117185484,,rRNA,117185484
LOC4816582,,protein_coding,4816582
LOC26532767,,protein_coding,26532767
LOC4813463,,protein_coding,4813463
LOC6901266,,protein_coding,6901266
LOC4803243,,protein_coding,4803243
LOC26533784,,protein_coding,26533784
LOC4804016,,protein_coding,4804016
LOC117184953,,protein_coding,117184953
LOC4812678,,protein_coding,4812678
LOC4814720,,protein_coding,4814720
LOC4802140,,protein_coding,4802140
LOC6900880,,protein_coding,6900880
LOC4814561,,protein_coding,4814561
LOC6902920,,protein_coding,6902920
LOC4804149,,protein_coding,4804149
LOC4805737,,protein_coding,4805737
LOC4802269,,protein_coding,4802269
LOC4800921,,protein_coding,4800921
LOC4813152,,protein_coding,4813152
LOC4812945,,protein_coding,4812945
LOC4815174,,protein_coding,4815174
LOC4815183,,protein_coding,4815183
LOC4801473,,protein_coding,4801473
LOC6897993,,protein_coding,6897993
LOC4817491,,protein_coding,4817491
LOC4814505,,protein_coding,4814505
LOC4815376,,protein_coding,4815376
LOC4803522,,protein_coding,4803522
LOC4802702,,protein_coding,4802702
LOC6902332,,snRNA,6902332
LOC4813873,,protein_coding,4813873
LOC4815843,,protein_coding,4815843
LOC4816000,,protein_coding,4816000
LOC117183259,,lncRNA,117183259
LOC4803394,,protein_coding,4803394
LOC6903198,,protein_coding,6903198
LOC117183944,,lncRNA,117183944
LOC117184678,,lncRNA,117184678
LOC26533486,,protein_coding,26533486
LOC4802940,,protein_coding,4802940
LOC4812847,,protein_coding,4812847
LOC4816812,,protein_coding,4816812
LOC6903853,,protein_coding,6903853
LOC4813377,,protein_coding,4813377
LOC4800660,,protein_coding,4800660
LOC26534379,,lncRNA,26534379
LOC4804073,,protein_coding,4804073
LOC4801525,,protein_coding,4801525
LOC4803229,,protein_coding,4803229
LOC6896831,,protein_coding,6896831
LOC4802951,,protein_coding,4802951
LOC26532444,,lncRNA,26532444
LOC117185647,,lncRNA,117185647
LOC117185085,,protein_coding,117185085
LOC6898189,,protein_coding,6898189
LOC117184547,,protein_coding,117184547
LOC4815991,,protein_coding,4815991
LOC117184654,,protein_coding,117184654
LOC6900712,,protein_coding,6900712
LOC4803308,,protein_coding,4803308
LOC26533036,,lncRNA,26533036
LOC4816089,,protein_coding,4816089
LOC4803259,,protein_coding,4803259
LOC117183239,,lncRNA,117183239
LOC4803195,,protein_coding,4803195
LOC6900854,,protein_coding,6900854
LOC4812045,,protein_coding,4812045
LOC4815447,,protein_coding,4815447
LOC117184044,,lncRNA,117184044
LOC4816648,,protein_coding,4816648
LOC4802512,,protein_coding,4802512
LOC4802289,,protein_coding,4802289
LOC4801288,,protein_coding,4801288
LOC4803882,,protein_coding,4803882
LOC26532064,,protein_coding,26532064
LOC4817829,,protein_coding,4817829
LOC6902622,,protein_coding,6902622
LOC4802429,,protein_coding,4802429
LOC4817476,,protein_coding,4817476
LOC4802760,,protein_coding,4802760
LOC117184971,,protein_coding,117184971
LOC26533696,,lncRNA,26533696
LOC4813538,,protein_coding,4813538
LOC4804284,,protein_coding,4804284
LOC4803029,,protein_coding,4803029
LOC4812059,,protein_coding,4812059
LOC4805221,,protein_coding,4805221
LOC6901752,,protein_coding,6901752
LOC4813433,,protein_coding,4813433
LOC6900700,,protein_coding,6900700
LOC117184515,,protein_coding,117184515
LOC117184880,,protein_coding,117184880
LOC4804968,,protein_coding,4804968
LOC4814894,,protein_coding,4814894
LOC4802713,,protein_coding,4802713
LOC4817737,,protein_coding,4817737
LOC4801841,,protein_coding,4801841
LOC117183657,,protein_coding,117183657
LOC4814351,,protein_coding,4814351
LOC6898085,,protein_coding,6898085
LOC6902491,,protein_coding,6902491
LOC4800289,,protein_coding,4800289
LOC26532482,,protein_coding,26532482
LOC6900596,,protein_coding,6900596
LOC4804017,,protein_coding,4804017
LOC6899812,,protein_coding,6899812
LOC4800335,,protein_coding,4800335
LOC4815614,,protein_coding,4815614
LOC4817564,,protein_coding,4817564
LOC26532034,,protein_coding,26532034
LOC4805059,,protein_coding,4805059
LOC26533995,,lncRNA,26533995
LOC4805548,,protein_coding,4805548
LOC6902957,,protein_coding,6902957
LOC117183207,,protein_coding,117183207
LOC6902631,,protein_coding,6902631
LOC4803887,,protein_coding,4803887
LOC4812730,,protein_coding,4812730
LOC13036393,,protein_coding,13036393
LOC4803718,,protein_coding,4803718
LOC4815182,,protein_coding,4815182
LOC4815628,,protein_coding,4815628
LOC6898868,,protein_coding,6898868
LOC4812715,,protein_coding,4812715
LOC117184196,,lncRNA,117184196
LOC4801575,,protein_coding,4801575
LOC4804557,,protein_coding,4804557
LOC117184580,,lncRNA,117184580
LOC4804625,,protein_coding,4804625
LOC4801768,,protein_coding,4801768
LOC6902841,,protein_coding,6902841
LOC26534025,,protein_coding,26534025
LOC4813609,,protein_coding,4813609
LOC117184576,,lncRNA,117184576
LOC4817378,,protein_coding,4817378
LOC4801616,,protein_coding,4801616
LOC4816841,,protein_coding,4816841
LOC4813151,,protein_coding,4813151
LOC4816077,,protein_coding,4816077
LOC117184543,,protein_coding,117184543
LOC6897259,,snRNA,6897259
LOC6901137,,protein_coding,6901137
LOC4800295,,protein_coding,4800295
LOC6900547,,protein_coding,6900547
LOC117184335,,lncRNA,117184335
LOC4812819,,protein_coding,4812819
LOC117184648,,lncRNA,117184648
LOC6903293,,protein_coding,6903293
LOC117183222,,protein_coding,117183222
LOC4805144,,protein_coding,4805144
LOC4812156,,protein_coding,4812156
LOC6898226,,protein_coding,6898226
LOC4813473,,protein_coding,4813473
LOC6901005,,protein_coding,6901005
LOC117183601,,lncRNA,117183601
LOC4813299,,protein_coding,4813299
LOC117183823,Trnam-cau-7,tRNA,117183823
LOC4815419,,protein_coding,4815419
LOC4804076,,protein_coding,4804076
LOC4812757,,protein_coding,4812757
LOC6902490,,pseudogene,6902490
LOC4817616,,protein_coding,4817616
LOC6898059,,protein_coding,6898059
LOC4801252,,protein_coding,4801252
LOC4801530,,protein_coding,4801530
LOC117185169,,lncRNA,117185169
LOC117184524,,protein_coding,117184524
LOC117185112,,lncRNA,117185112
LOC26532109,,lncRNA,26532109
LOC6898000,,protein_coding,6898000
LOC6896833,,protein_coding,6896833
LOC4814442,,protein_coding,4814442
LOC6902963,,protein_coding,6902963
LOC4813771,,protein_coding,4813771
LOC4812729,,protein_coding,4812729
LOC6899530,,protein_coding,6899530
LOC4813720,,protein_coding,4813720
LOC4816560,,protein_coding,4816560
LOC6899246,,protein_coding,6899246
LOC4804938,,protein_coding,4804938
LOC4812780,,protein_coding,4812780
LOC4804406,,protein_coding,4804406
LOC4813448,,protein_coding,4813448
LOC6900646,,protein_coding,6900646
LOC4813018,,protein_coding,4813018
LOC4816591,,protein_coding,4816591
LOC13036479,,protein_coding,13036479
LOC4814289,,protein_coding,4814289
LOC4801993,,protein_coding,4801993
LOC6902634,,snRNA,6902634
LOC4802031,,protein_coding,4802031
LOC6902515,,protein_coding,6902515
LOC6897947,,protein_coding,6897947
LOC6897413,,protein_coding,6897413
LOC6898392,,protein_coding,6898392
LOC4804385,,protein_coding,4804385
LOC4815963,,protein_coding,4815963
LOC4817910,,protein_coding,4817910
LOC117184930,,lncRNA,117184930
LOC117185280,,rRNA,117185280
LOC4803709,,protein_coding,4803709
LOC4817669,,protein_coding,4817669
LOC26533670,,protein_coding,26533670
LOC6898177,,protein_coding,6898177
LOC4812399,,protein_coding,4812399
LOC6898572,,protein_coding,6898572
LOC4805359,,protein_coding,4805359
LOC4801204,,protein_coding,4801204
LOC117184109,,protein_coding,117184109
LOC26534020,,protein_coding,26534020
LOC6901404,,protein_coding,6901404
LOC4802270,,protein_coding,4802270
LOC117183313,,lncRNA,117183313
LOC26533381,,lncRNA,26533381
LOC4802048,,protein_coding,4802048
LOC4802523,,protein_coding,4802523
LOC4816135,,protein_coding,4816135
LOC4814177,,protein_coding,4814177
LOC6902953,,protein_coding,6902953
LOC117184108,,protein_coding,117184108
LOC4801366,,protein_coding,4801366
LOC4817486,,protein_coding,4817486
LOC4813608,,protein_coding,4813608
LOC6900052,,protein_coding,6900052
LOC117185189,,lncRNA,117185189
LOC4818016,,protein_coding,4818016
LOC4811938,,protein_coding,4811938
LOC4816525,,protein_coding,4816525
LOC4812845,,protein_coding,4812845
LOC6902690,,protein_coding,6902690
LOC4813164,,protein_coding,4813164
LOC4813763,,protein_coding,4813763
LOC117184241,,lncRNA,117184241
LOC4818014,,protein_coding,4818014
LOC6903542,,protein_coding,6903542
LOC4804604,,protein_coding,4804604
LOC6898501,,protein_coding,6898501
LOC117183505,,lncRNA,117183505
LOC4815768,,protein_coding,4815768
LOC6897028,,protein_coding,6897028
LOC4804180,,protein_coding,4804180
LOC4816176,,protein_coding,4816176
LOC4814385,,protein_coding,4814385
LOC6897054,,protein_coding,6897054
LOC4815104,,protein_coding,4815104
LOC6899499,,protein_coding,6899499
LOC4802918,,protein_coding,4802918
LOC4803917,,protein_coding,4803917
LOC4814173,,protein_coding,4814173
LOC4816145,,protein_coding,4816145
LOC6898294,,protein_coding,6898294
LOC4803109,,protein_coding,4803109
LOC6899791,,pseudogene,6899791
LOC26533299,,protein_coding,26533299
LOC117184146,,lncRNA,117184146
LOC26533293,,lncRNA,26533293
LOC4801898,,protein_coding,4801898
LOC4802923,,protein_coding,4802923
LOC4816708,,protein_coding,4816708
LOC4803693,,protein_coding,4803693
LOC4813356,,protein_coding,4813356
LOC4814263,,protein_coding,4814263
LOC117184673,,lncRNA,117184673
LOC4801427,,protein_coding,4801427
LOC4813809,,protein_coding,4813809
LOC6900909,,protein_coding,6900909
LOC117184070,,lncRNA,117184070
LOC4814216,,protein_coding,4814216
LOC6902592,,protein_coding,6902592
LOC4801971,,protein_coding,4801971
LOC4803234,,protein_coding,4803234
LOC6899955,,protein_coding,6899955
LOC5384076,,protein_coding,5384076
LOC117184316,Trnad-guc-3,tRNA,117184316
LOC4813253,,protein_coding,4813253
LOC4800839,,protein_coding,4800839
LOC4804042,,protein_coding,4804042
LOC117184164,,lncRNA,117184164
LOC6898443,,protein_coding,6898443
LOC26531973,,lncRNA,26531973
LOC4801407,,protein_coding,4801407
LOC4804049,,protein_coding,4804049
LOC4802834,,protein_coding,4802834
LOC4816639,,protein_coding,4816639
LOC4812748,,protein_coding,4812748
LOC117183351,,protein_coding,117183351
LOC4801937,,protein_coding,4801937
LOC4812028,,protein_coding,4812028
LOC117183444,Trnaf-gaa,tRNA,117183444
LOC4811936,,protein_coding,4811936
LOC117185267,,snoRNA,117185267
LOC6900083,,protein_coding,6900083
LOC26533093,,lncRNA,26533093
LOC4817798,,protein_coding,4817798
LOC4804392,,protein_coding,4804392
LOC4804610,,protein_coding,4804610
LOC26533820,,protein_coding,26533820
LOC4812954,,protein_coding,4812954
LOC4801820,,protein_coding,4801820
LOC4803839,,protein_coding,4803839
LOC4815125,,protein_coding,4815125
LOC4814308,,protein_coding,4814308
LOC6902282,,protein_coding,6902282
LOC6900857,,protein_coding,6900857
LOC117184226,,lncRNA,117184226
LOC6901263,,protein_coding,6901263
LOC4816921,,protein_coding,4816921
LOC4804621,,protein_coding,4804621
LOC4816627,,protein_coding,4816627
LOC6902738,,protein_coding,6902738
LOC4802227,,protein_coding,4802227
LOC6898270,,protein_coding,6898270
LOC117184505,,lncRNA,117184505
LOC6899902,,protein_coding,6899902
LOC4817969,,protein_coding,4817969
LOC4817110,,protein_coding,4817110
LOC4800668,,protein_coding,4800668
LOC4817903,,protein_coding,4817903
LOC4814618,,protein_coding,4814618
LOC26533233,,protein_coding,26533233
LOC4800658,,protein_coding,4800658
LOC6896712,,protein_coding,6896712
LOC117184832,,protein_coding,117184832
LOC26532050,,protein_coding,26532050
LOC26533017,,lncRNA,26533017
LOC6897670,,protein_coding,6897670
LOC4802897,,protein_coding,4802897
LOC4817654,,protein_coding,4817654
LOC6900437,,protein_coding,6900437
LOC4814604,,protein_coding,4814604
LOC4816129,,protein_coding,4816129
LOC6902925,,protein_coding,6902925
LOC4802936,,protein_coding,4802936
LOC6901180,,protein_coding,6901180
LOC4802291,,protein_coding,4802291
LOC26533691,,protein_coding,26533691
LOC4815030,,protein_coding,4815030
LOC4816634,,protein_coding,4816634
LOC26533698,,lncRNA,26533698
LOC4814139,,protein_coding,4814139
LOC4804054,,protein_coding,4804054
LOC4817740,,protein_coding,4817740
LOC117185587,,pseudogene,117185587
LOC4815176,,protein_coding,4815176
LOC4815412,,protein_coding,4815412
LOC4815023,,protein_coding,4815023
LOC4803366,,protein_coding,4803366
LOC26534180,,lncRNA,26534180
LOC26532568,,lncRNA,26532568
LOC4812594,,protein_coding,4812594
LOC6901100,,protein_coding,6901100
LOC4801592,,protein_coding,4801592
LOC4805345,,protein_coding,4805345
LOC4803855,,protein_coding,4803855
LOC6897004,,protein_coding,6897004
LOC4811964,,protein_coding,4811964
LOC4804448,,protein_coding,4804448
LOC6902228,,protein_coding,6902228
LOC117184750,,lncRNA,117184750
LOC4813006,,protein_coding,4813006
LOC4804967,,protein_coding,4804967
LOC6898788,,protein_coding,6898788
LOC117183669,,lncRNA,117183669
LOC26532536,,protein_coding,26532536
LOC4801829,,protein_coding,4801829
LOC4811918,,protein_coding,4811918
LOC4803341,,protein_coding,4803341
LOC26532795,,lncRNA,26532795
LOC26534253,,protein_coding,26534253
LOC4813470,,protein_coding,4813470
LOC4802273,,protein_coding,4802273
LOC4816953,,protein_coding,4816953
LOC4816322,,protein_coding,4816322
LOC26532986,,protein_coding,26532986
LOC117183281,,protein_coding,117183281
LOC4815749,,protein_coding,4815749
LOC6898744,,protein_coding,6898744
LOC4814340,,protein_coding,4814340
LOC26534140,,protein_coding,26534140
LOC6896840,,protein_coding,6896840
LOC26533717,,lncRNA,26533717
LOC4805226,,protein_coding,4805226
LOC4802572,,protein_coding,4802572
LOC117185230,,rRNA,117185230
LOC4801201,,protein_coding,4801201
LOC6901840,,protein_coding,6901840
LOC4803545,,protein_coding,4803545
LOC4803886,,protein_coding,4803886
LOC6898919,,snoRNA,6898919
LOC4812380,,protein_coding,4812380
LOC4813386,,protein_coding,4813386
LOC6898331,,protein_coding,6898331
LOC4803537,,protein_coding,4803537
LOC4800736,,protein_coding,4800736
LOC4801311,,protein_coding,4801311
LOC117183970,,protein_coding,117183970
LOC6902613,,protein_coding,6902613
LOC26532710,,protein_coding,26532710
LOC4814592,,protein_coding,4814592
LOC117183553,,lncRNA,117183553
LOC4816019,,protein_coding,4816019
LOC117184703,,protein_coding,117184703
LOC4815899,,protein_coding,4815899
LOC4816635,,protein_coding,4816635
LOC4804574,,protein_coding,4804574
LOC4802723,,protein_coding,4802723
LOC6898965,,protein_coding,6898965
LOC26533428,,protein_coding,26533428
LOC4802184,,protein_coding,4802184
LOC4800573,,protein_coding,4800573
LOC4801075,,protein_coding,4801075
LOC4816680,,protein_coding,4816680
LOC4817332,,protein_coding,4817332
LOC4816532,,protein_coding,4816532
LOC4813345,,protein_coding,4813345
LOC4802588,,protein_coding,4802588
LOC26532582,,lncRNA,26532582
LOC6902437,,protein_coding,6902437
LOC4812499,,protein_coding,4812499
LOC6901443,,protein_coding,6901443
LOC26532559,,protein_coding,26532559
LOC4814621,,protein_coding,4814621
LOC26532518,,protein_coding,26532518
LOC117184081,,lncRNA,117184081
LOC117184308,Trnas-aga-2,tRNA,117184308
LOC44805020,HCS66_mgt02,tRNA,44805020
LOC4802944,,protein_coding,4802944
LOC26534211,,protein_coding,26534211
LOC4813188,,protein_coding,4813188
LOC6900227,,protein_coding,6900227
LOC117185345,Trnap-agg-5,tRNA,117185345
LOC4814294,,protein_coding,4814294
LOC6902135,,protein_coding,6902135
LOC6899834,,protein_coding,6899834
LOC117183213,,protein_coding,117183213
LOC4801683,,protein_coding,4801683
LOC4804323,,protein_coding,4804323
LOC4802573,,protein_coding,4802573
LOC4817602,,protein_coding,4817602
LOC4801576,,protein_coding,4801576
LOC4803923,,protein_coding,4803923
LOC4814541,,protein_coding,4814541
LOC26532245,,lncRNA,26532245
LOC26533062,,lncRNA,26533062
LOC4803105,,protein_coding,4803105
LOC4804861,,protein_coding,4804861
LOC4814443,,protein_coding,4814443
LOC6898305,,protein_coding,6898305
LOC4803037,,protein_coding,4803037
LOC26534449,,protein_coding,26534449
LOC4803239,,protein_coding,4803239
LOC6896862,,protein_coding,6896862
LOC4800509,,protein_coding,4800509
LOC6901378,,protein_coding,6901378
LOC26533186,,protein_coding,26533186
LOC4817806,,protein_coding,4817806
LOC4816233,,protein_coding,4816233
LOC4802860,,protein_coding,4802860
LOC6902586,,protein_coding,6902586
LOC4814205,,protein_coding,4814205
LOC13036356,,protein_coding,13036356
LOC4815643,,protein_coding,4815643
LOC4802548,,protein_coding,4802548
LOC4803427,,protein_coding,4803427
LOC4800236,,protein_coding,4800236
LOC4816702,,protein_coding,4816702
LOC6901678,,protein_coding,6901678
LOC4804727,,protein_coding,4804727
LOC4814846,,protein_coding,4814846
LOC117183660,,lncRNA,117183660
LOC4804430,,protein_coding,4804430
LOC4800972,,protein_coding,4800972
LOC4811823,,protein_coding,4811823
LOC6897013,,protein_coding,6897013
LOC6898742,,protein_coding,6898742
LOC4804319,,protein_coding,4804319
LOC4812442,,protein_coding,4812442
LOC4817442,,protein_coding,4817442
LOC4813785,,protein_coding,4813785
LOC6897694,,protein_coding,6897694
LOC4800312,,protein_coding,4800312
LOC4816458,,protein_coding,4816458
LOC4817991,,protein_coding,4817991
LOC6903530,,protein_coding,6903530
LOC117184238,,protein_coding,117184238
LOC6899923,,protein_coding,6899923
LOC4816068,,protein_coding,4816068
LOC4803397,,protein_coding,4803397
LOC4802482,,protein_coding,4802482
LOC4816871,,protein_coding,4816871
LOC4816206,,protein_coding,4816206
LOC6897390,,protein_coding,6897390
LOC4813404,,protein_coding,4813404
LOC6902310,,protein_coding,6902310
LOC4817623,,protein_coding,4817623
LOC4802434,,protein_coding,4802434
LOC4802608,,protein_coding,4802608
LOC4817287,,protein_coding,4817287
LOC4801654,,protein_coding,4801654
LOC4812758,,protein_coding,4812758
LOC4803135,,protein_coding,4803135
LOC4801167,,protein_coding,4801167
LOC4803575,,protein_coding,4803575
LOC13036512,,protein_coding,13036512
LOC6897585,,lncRNA,6897585
LOC4813091,,protein_coding,4813091
LOC4805185,,protein_coding,4805185
LOC4814014,,protein_coding,4814014
LOC117184924,,protein_coding,117184924
LOC4813401,,protein_coding,4813401
LOC4803772,,protein_coding,4803772
LOC4800398,,protein_coding,4800398
LOC4814560,,protein_coding,4814560
LOC4812188,,protein_coding,4812188
LOC4802488,,protein_coding,4802488
LOC4814332,,protein_coding,4814332
LOC117184027,,lncRNA,117184027
LOC6902612,,pseudogene,6902612
LOC4814187,,protein_coding,4814187
LOC4802521,,protein_coding,4802521
LOC6900668,,protein_coding,6900668
LOC4803006,,protein_coding,4803006
LOC117184651,,protein_coding,117184651
LOC4805736,,protein_coding,4805736
LOC6901339,,protein_coding,6901339
LOC117183387,,lncRNA,117183387
LOC4802127,,protein_coding,4802127
LOC4811945,,protein_coding,4811945
LOC26533361,,protein_coding,26533361
LOC4802805,,protein_coding,4802805
LOC6898832,,lncRNA,6898832
LOC4816378,,protein_coding,4816378
LOC117183961,,protein_coding,117183961
LOC4812378,,protein_coding,4812378
LOC26532923,,protein_coding,26532923
LOC6898467,,protein_coding,6898467
LOC4801428,,protein_coding,4801428
LOC4812961,,protein_coding,4812961
LOC6897316,,protein_coding,6897316
LOC6901715,,protein_coding,6901715
LOC26532498,,lncRNA,26532498
LOC6903341,,protein_coding,6903341
LOC4802685,,protein_coding,4802685
LOC6903149,,protein_coding,6903149
LOC4805001,,protein_coding,4805001
LOC4812294,,protein_coding,4812294
LOC4815339,,protein_coding,4815339
LOC4814042,,protein_coding,4814042
LOC117184566,,lncRNA,117184566
LOC4805316,,protein_coding,4805316
LOC4804594,,protein_coding,4804594
LOC6902757,,protein_coding,6902757
LOC6897009,,protein_coding,6897009
LOC4814243,,protein_coding,4814243
LOC117185194,,lncRNA,117185194
LOC6900987,,protein_coding,6900987
LOC4805368,,protein_coding,4805368
LOC4815758,,protein_coding,4815758
LOC4804866,,protein_coding,4804866
LOC6901911,,protein_coding,6901911
LOC6903261,,protein_coding,6903261
LOC117184756,,lncRNA,117184756
LOC117184603,,protein_coding,117184603
LOC117185376,Trnac-gca-4,tRNA,117185376
LOC4813452,,protein_coding,4813452
LOC6899889,,protein_coding,6899889
LOC4804726,,protein_coding,4804726
LOC4801948,,protein_coding,4801948
LOC4800550,,protein_coding,4800550
LOC6903338,,protein_coding,6903338
LOC117185314,,rRNA,117185314
LOC6897401,,protein_coding,6897401
LOC6898834,,protein_coding,6898834
LOC26532280,,lncRNA,26532280
LOC4813638,,protein_coding,4813638
LOC26533738,,lncRNA,26533738
LOC6903089,,snoRNA,6903089
LOC4802953,,protein_coding,4802953
LOC4802254,,protein_coding,4802254
LOC6897370,,protein_coding,6897370
LOC26533379,,protein_coding,26533379
LOC6902035,,protein_coding,6902035
LOC6902578,,protein_coding,6902578
LOC117183850,Trnay-gua-4,tRNA,117183850
LOC6903444,,protein_coding,6903444
LOC4817864,,protein_coding,4817864
LOC4804305,,protein_coding,4804305
LOC4803526,,protein_coding,4803526
LOC4804282,,protein_coding,4804282
LOC26532708,,lncRNA,26532708
LOC117184665,,lncRNA,117184665
LOC4802234,,protein_coding,4802234
LOC4816443,,protein_coding,4816443
LOC4817553,,protein_coding,4817553
LOC6901050,,protein_coding,6901050
LOC117185438,,protein_coding,117185438
LOC4802504,,protein_coding,4802504
LOC4800544,,protein_coding,4800544
LOC4801369,,protein_coding,4801369
LOC117183684,,protein_coding,117183684
LOC117184240,,lncRNA,117184240
LOC4817137,,protein_coding,4817137
LOC26533184,,protein_coding,26533184
LOC4815974,,protein_coding,4815974
LOC26532670,,protein_coding,26532670
LOC4817549,,protein_coding,4817549
LOC4813150,,protein_coding,4813150
LOC4800447,,protein_coding,4800447
LOC4802799,,protein_coding,4802799
LOC4803479,,protein_coding,4803479
LOC4812761,,protein_coding,4812761
LOC4802757,,protein_coding,4802757
LOC4805629,,protein_coding,4805629
LOC4815356,,protein_coding,4815356
LOC6898856,,protein_coding,6898856
LOC4811870,,protein_coding,4811870
LOC4803401,,protein_coding,4803401
LOC5495517,,protein_coding,5495517
LOC26533055,,protein_coding,26533055
LOC6896732,,protein_coding,6896732
LOC4817066,,protein_coding,4817066
LOC6901931,,protein_coding,6901931
LOC117184085,,lncRNA,117184085
LOC4813639,,protein_coding,4813639
LOC6900144,,protein_coding,6900144
LOC4817132,,protein_coding,4817132
LOC117185182,,lncRNA,117185182
LOC6901962,,protein_coding,6901962
LOC4816544,,protein_coding,4816544
LOC4801840,,protein_coding,4801840
LOC6897336,,protein_coding,6897336
LOC4812164,,protein_coding,4812164
LOC4803902,,protein_coding,4803902
LOC117185577,,pseudogene,117185577
LOC6901757,,protein_coding,6901757
LOC6899784,,protein_coding,6899784
LOC117184655,,lncRNA,117184655
LOC117183358,,protein_coding,117183358
LOC6901289,,protein_coding,6901289
LOC4815703,,protein_coding,4815703
LOC4804717,,protein_coding,4804717
LOC26532118,,protein_coding,26532118
LOC117183883,Trnar-acg-4,tRNA,117183883
LOC4817334,,protein_coding,4817334
LOC4817711,,protein_coding,4817711
LOC117184457,,lncRNA,117184457
LOC4813487,,protein_coding,4813487
LOC4814497,,protein_coding,4814497
LOC4801572,,protein_coding,4801572
LOC26532209,,protein_coding,26532209
LOC6901473,,protein_coding,6901473
LOC4812883,,protein_coding,4812883
LOC4804934,,protein_coding,4804934
LOC4804121,,protein_coding,4804121
LOC4817613,,protein_coding,4817613
LOC117183570,,lncRNA,117183570
LOC26534202,,protein_coding,26534202
LOC4805013,,protein_coding,4805013
LOC6898397,,protein_coding,6898397
LOC4817274,,protein_coding,4817274
LOC4811756,,protein_coding,4811756
LOC6898517,,protein_coding,6898517
LOC4816198,,protein_coding,4816198
LOC117184920,,lncRNA,117184920
LOC117185595,,protein_coding,117185595
LOC4804496,,protein_coding,4804496
LOC6901151,,protein_coding,6901151
LOC4815084,,protein_coding,4815084
LOC4802495,,protein_coding,4802495
LOC6901632,,protein_coding,6901632
LOC4813381,,protein_coding,4813381
LOC4803656,,protein_coding,4803656
LOC4805605,,protein_coding,4805605
LOC4803312,,protein_coding,4803312
LOC4814079,,protein_coding,4814079
LOC4814824,,protein_coding,4814824
LOC117184090,,lncRNA,117184090
LOC4805112,,protein_coding,4805112
LOC4815334,,protein_coding,4815334
LOC6900297,,protein_coding,6900297
LOC4801152,,protein_coding,4801152
LOC117184689,,pseudogene,117184689
LOC117183234,,lncRNA,117183234
LOC6903743,,protein_coding,6903743
LOC6898326,,protein_coding,6898326
LOC4804225,,protein_coding,4804225
LOC6901327,,protein_coding,6901327
LOC6902985,,protein_coding,6902985
LOC4817720,,protein_coding,4817720
LOC4817863,,protein_coding,4817863
LOC6897384,,protein_coding,6897384
LOC26534339,,protein_coding,26534339
LOC6902465,,protein_coding,6902465
LOC4815204,,protein_coding,4815204
LOC6902512,,protein_coding,6902512
LOC4817411,,protein_coding,4817411
LOC6899972,,protein_coding,6899972
LOC4815335,,protein_coding,4815335
LOC4812785,,protein_coding,4812785
LOC117184807,,lncRNA,117184807
LOC4816703,,protein_coding,4816703
LOC4800388,,protein_coding,4800388
LOC6903655,,protein_coding,6903655
LOC4812349,,protein_coding,4812349
LOC26532391,,protein_coding,26532391
LOC4817915,,protein_coding,4817915
LOC117184387,,lncRNA,117184387
LOC26532996,,lncRNA,26532996
LOC117183881,Trnai-aau-8,tRNA,117183881
LOC6900069,,protein_coding,6900069
LOC4801108,,protein_coding,4801108
LOC6903436,,protein_coding,6903436
LOC4814358,,protein_coding,4814358
LOC4800460,,protein_coding,4800460
LOC4800738,,protein_coding,4800738
LOC4804166,,protein_coding,4804166
LOC6898912,,protein_coding,6898912
LOC4805558,,protein_coding,4805558
LOC4802836,,protein_coding,4802836
LOC26534428,,lncRNA,26534428
LOC26532263,,lncRNA,26532263
LOC4803961,,protein_coding,4803961
LOC6897293,,protein_coding,6897293
LOC4814962,,protein_coding,4814962
LOC4812169,,protein_coding,4812169
LOC26532195,,lncRNA,26532195
LOC4815379,,protein_coding,4815379
LOC4805340,,protein_coding,4805340
LOC6898764,,protein_coding,6898764
LOC117184223,,protein_coding,117184223
LOC26532197,,lncRNA,26532197
LOC4802823,,protein_coding,4802823
LOC6898100,,protein_coding,6898100
LOC4814137,,protein_coding,4814137
LOC4815541,,protein_coding,4815541
LOC6903071,,protein_coding,6903071
LOC4804547,,protein_coding,4804547
LOC26532348,,protein_coding,26532348
LOC4801394,,protein_coding,4801394
LOC4812166,,protein_coding,4812166
LOC117184277,,lncRNA,117184277
LOC4813064,,protein_coding,4813064
LOC4816244,,protein_coding,4816244
LOC6897795,,protein_coding,6897795
LOC26533348,,lncRNA,26533348
LOC4801679,,protein_coding,4801679
LOC26534308,,protein_coding,26534308
LOC6897434,,protein_coding,6897434
LOC4817068,,protein_coding,4817068
LOC4814306,,protein_coding,4814306
LOC6897854,,protein_coding,6897854
LOC117184396,,protein_coding,117184396
LOC26533195,,protein_coding,26533195
LOC4800608,,protein_coding,4800608
LOC4800574,,protein_coding,4800574
LOC6897367,,protein_coding,6897367
LOC4812759,,protein_coding,4812759
LOC4813061,,protein_coding,4813061
LOC26532833,,protein_coding,26532833
LOC4812493,,protein_coding,4812493
LOC117184207,,lncRNA,117184207
LOC4802401,,protein_coding,4802401
LOC4817266,,protein_coding,4817266
LOC4802317,,protein_coding,4802317
LOC4804381,,protein_coding,4804381
LOC4804459,,protein_coding,4804459
LOC4816852,,protein_coding,4816852
LOC6901676,,protein_coding,6901676
LOC6902610,,protein_coding,6902610
LOC4804460,,protein_coding,4804460
LOC26532407,,protein_coding,26532407
LOC4817123,,protein_coding,4817123
LOC6902946,,protein_coding,6902946
LOC117184022,,lncRNA,117184022
LOC6901707,,protein_coding,6901707
LOC4816192,,protein_coding,4816192
LOC6899604,,pseudogene,6899604
LOC6903962,,protein_coding,6903962
LOC4805062,,protein_coding,4805062
LOC117184204,,lncRNA,117184204
LOC4816772,,protein_coding,4816772
LOC26532202,,lncRNA,26532202
LOC6902435,,protein_coding,6902435
LOC4803854,,protein_coding,4803854
LOC6901456,,protein_coding,6901456
LOC4802709,,protein_coding,4802709
LOC6902219,,protein_coding,6902219
LOC4805364,,protein_coding,4805364
LOC117184206,,lncRNA,117184206
LOC4804178,,protein_coding,4804178
LOC6899976,,protein_coding,6899976
LOC4813130,,protein_coding,4813130
LOC4800975,,protein_coding,4800975
LOC6902800,,protein_coding,6902800
LOC4816882,,protein_coding,4816882
LOC4816956,,protein_coding,4816956
LOC6897261,,snRNA,6897261
LOC117184885,,protein_coding,117184885
LOC4802795,,protein_coding,4802795
LOC4817499,,protein_coding,4817499
LOC117184723,,protein_coding,117184723
LOC6902116,,protein_coding,6902116
LOC117184693,,protein_coding,117184693
LOC6900497,,protein_coding,6900497
LOC4802758,,protein_coding,4802758
LOC6902182,,protein_coding,6902182
LOC4817083,,protein_coding,4817083
LOC117184652,,protein_coding,117184652
LOC4805133,,protein_coding,4805133
LOC4813834,,protein_coding,4813834
LOC13036406,,protein_coding,13036406
LOC117185355,Trnac-gca-8,tRNA,117185355
LOC4815237,,protein_coding,4815237
LOC4804711,,protein_coding,4804711
LOC4805308,,protein_coding,4805308
LOC117184793,,lncRNA,117184793
LOC117183471,Trnav-cac-6,tRNA,117183471
LOC4801083,,protein_coding,4801083
LOC26532712,,protein_coding,26532712
LOC6899742,,protein_coding,6899742
LOC117184057,,lncRNA,117184057
LOC4817406,,protein_coding,4817406
LOC4803041,,protein_coding,4803041
LOC4802320,,protein_coding,4802320
LOC117183458,Trnaa-agc-6,tRNA,117183458
LOC6898814,,protein_coding,6898814
LOC4816868,,protein_coding,4816868
LOC4815102,,protein_coding,4815102
LOC117185349,Trnal-caa-4,tRNA,117185349
LOC4812352,,protein_coding,4812352
LOC4800629,,protein_coding,4800629
LOC117185252,,rRNA,117185252
LOC117184536,,protein_coding,117184536
LOC6900364,,protein_coding,6900364
LOC4812152,,protein_coding,4812152
LOC26534171,,protein_coding,26534171
LOC6902840,,protein_coding,6902840
LOC4802380,,protein_coding,4802380
LOC4817314,,protein_coding,4817314
LOC4802481,,protein_coding,4802481
LOC6900110,,protein_coding,6900110
LOC4802807,,protein_coding,4802807
LOC117184884,,lncRNA,117184884
LOC4813341,,protein_coding,4813341
LOC6902824,,protein_coding,6902824
LOC6900176,,protein_coding,6900176
LOC6897899,,protein_coding,6897899
LOC6902419,,protein_coding,6902419
LOC6898547,,snoRNA,6898547
LOC4814236,,protein_coding,4814236
LOC4812210,,protein_coding,4812210
LOC26533297,,protein_coding,26533297
LOC6899984,,protein_coding,6899984
LOC4815081,,protein_coding,4815081
LOC6902850,,protein_coding,6902850
LOC4816651,,protein_coding,4816651
LOC6902910,,protein_coding,6902910
LOC4812483,,protein_coding,4812483
LOC6901917,,protein_coding,6901917
LOC26534005,,lncRNA,26534005
LOC4814290,,protein_coding,4814290
LOC4813803,,protein_coding,4813803
LOC26533672,,protein_coding,26533672
LOC117184858,,lncRNA,117184858
LOC117185406,,protein_coding,117185406
LOC6900736,,protein_coding,6900736
LOC4804476,,protein_coding,4804476
LOC6900529,,snoRNA,6900529
LOC4814304,,protein_coding,4814304
LOC4816171,,protein_coding,4816171
LOC4816081,,protein_coding,4816081
LOC4802386,,protein_coding,4802386
LOC4816533,,protein_coding,4816533
LOC4816477,,protein_coding,4816477
LOC4801560,,protein_coding,4801560
LOC117184683,,protein_coding,117184683
LOC4813563,,protein_coding,4813563
LOC4818036,,protein_coding,4818036
LOC4812196,,protein_coding,4812196
LOC4813589,,protein_coding,4813589
LOC4801740,,protein_coding,4801740
LOC117184047,,protein_coding,117184047
LOC4801210,,protein_coding,4801210
LOC4805376,,protein_coding,4805376
LOC6902878,,protein_coding,6902878
LOC4814094,,protein_coding,4814094
LOC6901176,,protein_coding,6901176
LOC117185457,,rRNA,117185457
LOC6897602,,protein_coding,6897602
LOC4805616,,protein_coding,4805616
LOC4801962,,protein_coding,4801962
LOC6902344,,protein_coding,6902344
LOC6900690,,protein_coding,6900690
LOC6901292,,protein_coding,6901292
LOC4817293,,protein_coding,4817293
LOC4801583,,protein_coding,4801583
LOC26533452,,protein_coding,26533452
LOC6897376,,protein_coding,6897376
LOC6897844,,protein_coding,6897844
LOC4805524,,protein_coding,4805524
LOC4815056,,protein_coding,4815056
LOC6902104,,protein_coding,6902104
LOC4817262,,protein_coding,4817262
LOC6897559,,protein_coding,6897559
LOC4815426,,protein_coding,4815426
LOC4803815,,protein_coding,4803815
LOC4802068,,protein_coding,4802068
LOC4817823,,protein_coding,4817823
LOC117184491,,lncRNA,117184491
LOC6900612,,protein_coding,6900612
LOC6903271,,protein_coding,6903271
LOC4800912,,protein_coding,4800912
LOC13036553,,protein_coding,13036553
LOC4801558,,protein_coding,4801558
LOC6897260,,protein_coding,6897260
LOC4814507,,protein_coding,4814507
LOC117183328,,lncRNA,117183328
LOC4805135,,protein_coding,4805135
LOC4814779,,protein_coding,4814779
LOC26533564,,protein_coding,26533564
LOC4814515,,protein_coding,4814515
LOC4800612,,protein_coding,4800612
LOC117184048,,lncRNA,117184048
LOC4800655,,protein_coding,4800655
LOC4801776,,protein_coding,4801776
LOC4812766,,protein_coding,4812766
LOC6903158,,protein_coding,6903158
LOC117185511,,lncRNA,117185511
LOC6900213,,protein_coding,6900213
LOC6897886,,protein_coding,6897886
LOC6898915,,protein_coding,6898915
LOC117184872,,protein_coding,117184872
LOC4815975,,protein_coding,4815975
LOC4813560,,protein_coding,4813560
LOC13036428,,protein_coding,13036428
LOC4816825,,protein_coding,4816825
LOC4801964,,protein_coding,4801964
LOC4802256,,protein_coding,4802256
LOC4802381,,protein_coding,4802381
LOC4817404,,protein_coding,4817404
LOC6901812,,protein_coding,6901812
LOC4801631,,protein_coding,4801631
LOC6901845,,protein_coding,6901845
LOC4817430,,protein_coding,4817430
LOC26533286,,protein_coding,26533286
LOC4817158,,protein_coding,4817158
LOC4805487,,protein_coding,4805487
LOC4801029,,protein_coding,4801029
LOC4812389,,protein_coding,4812389
LOC4817313,,protein_coding,4817313
LOC6902916,,protein_coding,6902916
LOC117185437,,protein_coding,117185437
LOC6899150,,pseudogene,6899150
LOC4814663,,protein_coding,4814663
LOC6903280,,protein_coding,6903280
LOC6901103,,protein_coding,6901103
LOC4812283,,protein_coding,4812283
LOC6901928,,protein_coding,6901928
LOC6898936,,protein_coding,6898936
LOC4812852,,protein_coding,4812852
LOC4812663,,protein_coding,4812663
LOC117185323,,rRNA,117185323
LOC4804283,,protein_coding,4804283
LOC4817256,,protein_coding,4817256
LOC4816108,,protein_coding,4816108
LOC4814949,,protein_coding,4814949
LOC44805036,HCS66_mgt11,tRNA,44805036
LOC4803824,,protein_coding,4803824
LOC26533264,,protein_coding,26533264
LOC6897045,,protein_coding,6897045
LOC4812649,,protein_coding,4812649
LOC26533040,,lncRNA,26533040
LOC117185483,,rRNA,117185483
LOC6901728,,protein_coding,6901728
LOC6900088,,protein_coding,6900088
LOC117184147,,lncRNA,117184147
LOC4801734,,protein_coding,4801734
LOC4800850,,protein_coding,4800850
LOC4801419,,protein_coding,4801419
LOC4805209,,protein_coding,4805209
LOC6897073,,protein_coding,6897073
LOC4817240,,protein_coding,4817240
LOC6896738,,snoRNA,6896738
LOC117184454,,lncRNA,117184454
LOC26533161,,lncRNA,26533161
LOC4814552,,protein_coding,4814552
LOC4802416,,protein_coding,4802416
LOC6900741,,protein_coding,6900741
LOC26533395,,protein_coding,26533395
LOC4804644,,protein_coding,4804644
LOC4801031,,protein_coding,4801031
LOC117184283,,snoRNA,117184283
LOC4805671,,protein_coding,4805671
LOC6901221,,protein_coding,6901221
LOC6898423,,protein_coding,6898423
LOC26533044,,protein_coding,26533044
LOC4813657,,protein_coding,4813657
LOC117184083,,lncRNA,117184083
LOC4816866,,protein_coding,4816866
LOC4818057,,protein_coding,4818057
LOC4814417,,protein_coding,4814417
LOC4813256,,protein_coding,4813256
LOC6902428,,protein_coding,6902428
LOC4800726,,protein_coding,4800726
LOC4802637,,protein_coding,4802637
LOC4800695,,protein_coding,4800695
LOC117184761,,lncRNA,117184761
LOC4805421,,protein_coding,4805421
LOC6903350,,protein_coding,6903350
LOC4816746,,protein_coding,4816746
LOC117183565,,protein_coding,117183565
LOC117183297,,protein_coding,117183297
LOC4817513,,protein_coding,4817513
LOC4817034,,protein_coding,4817034
LOC117183844,Trnai-aau-10,tRNA,117183844
LOC4814123,,protein_coding,4814123
LOC117183746,,lncRNA,117183746
LOC4812214,,protein_coding,4812214
LOC6898494,,protein_coding,6898494
LOC4803072,,protein_coding,4803072
LOC6901491,,protein_coding,6901491
LOC6897872,,protein_coding,6897872
LOC4812741,,protein_coding,4812741
LOC6901299,,protein_coding,6901299
LOC4812191,,protein_coding,4812191
LOC4815024,,protein_coding,4815024
LOC26532220,,lncRNA,26532220
LOC4813346,,protein_coding,4813346
LOC117185617,,protein_coding,117185617
LOC6901481,,protein_coding,6901481
LOC4805188,,protein_coding,4805188
LOC4800893,,protein_coding,4800893
LOC6901857,,protein_coding,6901857
LOC117185179,,lncRNA,117185179
LOC4815647,,protein_coding,4815647
LOC4800457,,protein_coding,4800457
LOC4813119,,protein_coding,4813119
LOC4805322,,protein_coding,4805322
LOC6899454,,protein_coding,6899454
LOC117183287,,lncRNA,117183287
LOC6901634,,protein_coding,6901634
LOC117185422,,rRNA,117185422
LOC4816464,,protein_coding,4816464
LOC4811951,,protein_coding,4811951
LOC26533617,,lncRNA,26533617
LOC117185157,,protein_coding,117185157
LOC26533173,,protein_coding,26533173
LOC4802888,,protein_coding,4802888
LOC4812764,,protein_coding,4812764
LOC4804494,,protein_coding,4804494
LOC4800381,,protein_coding,4800381
LOC4814573,,protein_coding,4814573
LOC4816232,,protein_coding,4816232
LOC117184614,,protein_coding,117184614
LOC6900355,,protein_coding,6900355
LOC6901459,,protein_coding,6901459
LOC26533071,,protein_coding,26533071
LOC117183405,,lncRNA,117183405
LOC6903340,,protein_coding,6903340
LOC4801543,,protein_coding,4801543
LOC4804550,,protein_coding,4804550
LOC4817472,,protein_coding,4817472
LOC26533978,,lncRNA,26533978
LOC4817210,,protein_coding,4817210
LOC117185113,,lncRNA,117185113
LOC117184569,,protein_coding,117184569
LOC6902529,,protein_coding,6902529
LOC117185294,,rRNA,117185294
LOC26533558,,protein_coding,26533558
LOC4803460,,protein_coding,4803460
LOC4802237,,protein_coding,4802237
LOC4816402,,protein_coding,4816402
LOC4812535,,protein_coding,4812535
LOC117184638,,lncRNA,117184638
LOC4800339,,protein_coding,4800339
LOC117183398,,lncRNA,117183398
LOC4805321,,protein_coding,4805321
LOC4817638,,protein_coding,4817638
LOC4805150,,protein_coding,4805150
LOC117185674,,lncRNA,117185674
LOC4818150,,protein_coding,4818150
LOC6896736,,snoRNA,6896736
LOC6898815,,protein_coding,6898815
LOC6900207,,protein_coding,6900207
LOC4812601,,protein_coding,4812601
LOC4814594,,protein_coding,4814594
LOC6900747,,protein_coding,6900747
LOC4801423,,protein_coding,4801423
LOC4814522,,protein_coding,4814522
LOC4800308,,protein_coding,4800308
LOC4813305,,protein_coding,4813305
LOC6901493,,protein_coding,6901493
LOC15382898,,protein_coding,15382898
LOC4813207,,protein_coding,4813207
LOC6901743,,protein_coding,6901743
LOC4802138,,protein_coding,4802138
LOC6901390,,protein_coding,6901390
LOC26533777,,protein_coding,26533777
LOC117185451,,rRNA,117185451
LOC6902748,,protein_coding,6902748
LOC4803982,,protein_coding,4803982
LOC4804131,,protein_coding,4804131
LOC4803554,,protein_coding,4803554
LOC4813422,,protein_coding,4813422
LOC4800336,,protein_coding,4800336
LOC117183416,Trnae-cuc,tRNA,117183416
LOC4803913,,protein_coding,4803913
LOC117183924,,lncRNA,117183924
LOC4803590,,protein_coding,4803590
LOC6900941,,protein_coding,6900941
LOC4816556,,protein_coding,4816556
LOC117184557,,lncRNA,117184557
LOC4816917,,protein_coding,4816917
LOC117183285,,lncRNA,117183285
LOC4805289,,protein_coding,4805289
LOC6902264,,protein_coding,6902264
LOC6897058,,protein_coding,6897058
LOC6903715,,rRNA,6903715
LOC4804189,,protein_coding,4804189
LOC4813862,,protein_coding,4813862
LOC4804491,,protein_coding,4804491
LOC4815007,,protein_coding,4815007
LOC4803178,,protein_coding,4803178
LOC6899355,,protein_coding,6899355
LOC117184186,,lncRNA,117184186
LOC4803469,,protein_coding,4803469
LOC6901019,,protein_coding,6901019
LOC26533539,,protein_coding,26533539
LOC4813791,,protein_coding,4813791
LOC6898622,,protein_coding,6898622
LOC26534208,,protein_coding,26534208
LOC6903286,,lncRNA,6903286
LOC4812557,,protein_coding,4812557
LOC4814758,,protein_coding,4814758
LOC4811885,,protein_coding,4811885
LOC6897800,,protein_coding,6897800
LOC6902133,,protein_coding,6902133
LOC4802212,,protein_coding,4802212
LOC4803305,,protein_coding,4803305
LOC4817581,,protein_coding,4817581
LOC4813387,,protein_coding,4813387
LOC4816684,,protein_coding,4816684
LOC6897281,,protein_coding,6897281
LOC117183185,,protein_coding,117183185
LOC6897220,,protein_coding,6897220
LOC117184225,,lncRNA,117184225
LOC4811937,,protein_coding,4811937
LOC4814196,,protein_coding,4814196
LOC4814510,,protein_coding,4814510
LOC4814875,,protein_coding,4814875
LOC4802250,,protein_coding,4802250
LOC26533589,,lncRNA,26533589
LOC26533920,,protein_coding,26533920
LOC4814693,,protein_coding,4814693
LOC117184878,,protein_coding,117184878
LOC4816869,,protein_coding,4816869
LOC6898380,,protein_coding,6898380
LOC4805213,,protein_coding,4805213
LOC26534232,,protein_coding,26534232
LOC26532143,,protein_coding,26532143
LOC6898673,,protein_coding,6898673
LOC26533191,,protein_coding,26533191
LOC6901719,,protein_coding,6901719
LOC26533322,,lncRNA,26533322
LOC117185035,,lncRNA,117185035
LOC4800393,,protein_coding,4800393
LOC4815772,,protein_coding,4815772
LOC117184444,,lncRNA,117184444
LOC117184845,,lncRNA,117184845
LOC26533113,,lncRNA,26533113
LOC4804080,,protein_coding,4804080
LOC4812253,,protein_coding,4812253
LOC26533344,,protein_coding,26533344
LOC4817489,,protein_coding,4817489
LOC4818126,,protein_coding,4818126
LOC117185181,,lncRNA,117185181
LOC4812633,,protein_coding,4812633
LOC4801015,,protein_coding,4801015
LOC6900161,,protein_coding,6900161
LOC4804137,,protein_coding,4804137
LOC4816456,,protein_coding,4816456
LOC117185026,,lncRNA,117185026
LOC6902881,,protein_coding,6902881
LOC4812186,,protein_coding,4812186
LOC4812425,,protein_coding,4812425
LOC6898829,,lncRNA,6898829
LOC4804133,,protein_coding,4804133
LOC4812674,,protein_coding,4812674
LOC4802743,,protein_coding,4802743
LOC4813457,,protein_coding,4813457
LOC6899950,,protein_coding,6899950
LOC117185482,,rRNA,117185482
LOC4818155,,protein_coding,4818155
LOC4817354,,protein_coding,4817354
LOC6900545,,protein_coding,6900545
LOC4817381,,protein_coding,4817381
LOC4813160,,protein_coding,4813160
LOC6901581,,protein_coding,6901581
LOC4803354,,protein_coding,4803354
LOC4814986,,protein_coding,4814986
LOC4805713,,protein_coding,4805713
LOC6900275,,protein_coding,6900275
LOC4804516,,protein_coding,4804516
LOC4803976,,protein_coding,4803976
LOC4815786,,protein_coding,4815786
LOC117184258,,lncRNA,117184258
LOC4805575,,protein_coding,4805575
LOC4814277,,protein_coding,4814277
LOC117184541,,protein_coding,117184541
LOC26533116,,lncRNA,26533116
LOC4817086,,protein_coding,4817086
LOC117183317,,protein_coding,117183317
LOC4814402,,protein_coding,4814402
LOC6898672,,protein_coding,6898672
LOC6898497,,protein_coding,6898497
LOC4802390,,protein_coding,4802390
LOC117184398,,protein_coding,117184398
LOC117183282,,protein_coding,117183282
LOC4811826,,protein_coding,4811826
LOC4812021,,protein_coding,4812021
LOC6900943,,protein_coding,6900943
LOC4804950,,protein_coding,4804950
LOC26533932,,lncRNA,26533932
LOC26533432,,protein_coding,26533432
LOC4813221,,protein_coding,4813221
LOC26534017,,lncRNA,26534017
LOC6897841,,protein_coding,6897841
LOC26531963,,protein_coding,26531963
LOC4801022,,protein_coding,4801022
LOC4804087,,protein_coding,4804087
LOC117184274,,lncRNA,117184274
LOC6897695,,protein_coding,6897695
LOC117184060,,lncRNA,117184060
LOC4811838,,protein_coding,4811838
LOC4814031,,protein_coding,4814031
LOC4816061,,protein_coding,4816061
LOC4801035,,protein_coding,4801035
LOC4800606,,protein_coding,4800606
LOC4802115,,protein_coding,4802115
LOC117184421,,lncRNA,117184421
LOC6897343,,protein_coding,6897343
LOC4803120,,protein_coding,4803120
LOC4800976,,protein_coding,4800976
LOC6903539,,protein_coding,6903539
LOC6899656,,protein_coding,6899656
LOC117184492,,protein_coding,117184492
LOC4804744,,protein_coding,4804744
LOC26534375,,lncRNA,26534375
LOC26532966,,protein_coding,26532966
LOC4804243,,protein_coding,4804243
LOC26532171,,lncRNA,26532171
LOC6897421,,protein_coding,6897421
LOC6897702,,protein_coding,6897702
LOC4803992,,protein_coding,4803992
LOC26533267,,protein_coding,26533267
LOC4803777,,protein_coding,4803777
LOC4818111,,protein_coding,4818111
LOC4804691,,protein_coding,4804691
LOC117185421,,rRNA,117185421
LOC26532810,,protein_coding,26532810
LOC4817175,,protein_coding,4817175
LOC4813028,,protein_coding,4813028
LOC4811866,,protein_coding,4811866
LOC4802411,,protein_coding,4802411
LOC4812015,,protein_coding,4812015
LOC4816419,,protein_coding,4816419
LOC4801614,,protein_coding,4801614
LOC6902175,,protein_coding,6902175
LOC4801312,,protein_coding,4801312
LOC4801513,,protein_coding,4801513
LOC26533890,,protein_coding,26533890
LOC4815871,,protein_coding,4815871
LOC4804058,,protein_coding,4804058
LOC4813684,,protein_coding,4813684
LOC117183913,,lncRNA,117183913
LOC117185172,,lncRNA,117185172
LOC4804781,,protein_coding,4804781
LOC117185390,Trnav-aac-6,tRNA,117185390
LOC6897060,,protein_coding,6897060
LOC26532193,,protein_coding,26532193
LOC4815556,,protein_coding,4815556
LOC4812669,,protein_coding,4812669
LOC117183720,,protein_coding,117183720
LOC117184202,,lncRNA,117184202
LOC4800268,,protein_coding,4800268
LOC4814636,,protein_coding,4814636
LOC4804325,,protein_coding,4804325
LOC4813112,,protein_coding,4813112
LOC4805667,,protein_coding,4805667
LOC4801246,,protein_coding,4801246
LOC4800578,,protein_coding,4800578
LOC4800927,,protein_coding,4800927
LOC4813685,,protein_coding,4813685
LOC4803464,,protein_coding,4803464
LOC4812672,,protein_coding,4812672
LOC4816636,,protein_coding,4816636
LOC4802203,,protein_coding,4802203
LOC117183401,,lncRNA,117183401
LOC117184766,,lncRNA,117184766
LOC4803001,,protein_coding,4803001
LOC117184804,,pseudogene,117184804
LOC4804102,,protein_coding,4804102
LOC4805494,,protein_coding,4805494
LOC4818064,,protein_coding,4818064
LOC26533175,,lncRNA,26533175
LOC4814232,,protein_coding,4814232
LOC4801010,,protein_coding,4801010
LOC4815025,,protein_coding,4815025
LOC6900263,,protein_coding,6900263
LOC6903699,,protein_coding,6903699
LOC4815625,,protein_coding,4815625
LOC117183260,,lncRNA,117183260
LOC6903952,,protein_coding,6903952
LOC4800861,,protein_coding,4800861
LOC26533144,,lncRNA,26533144
LOC26532301,,protein_coding,26532301
LOC4800811,,protein_coding,4800811
LOC117184466,,lncRNA,117184466
LOC117183921,,pseudogene,117183921
LOC117183639,,protein_coding,117183639
LOC26534393,,lncRNA,26534393
LOC117183302,,lncRNA,117183302
LOC26532332,,lncRNA,26532332
LOC117185352,Trnav-aac-7,tRNA,117185352
LOC6903435,,protein_coding,6903435
LOC4802146,,protein_coding,4802146
LOC4805240,,protein_coding,4805240
LOC6903329,,protein_coding,6903329
LOC4815668,,protein_coding,4815668
LOC117184650,,lncRNA,117184650
LOC4812709,,protein_coding,4812709
LOC4816306,,protein_coding,4816306
LOC5495515,,protein_coding,5495515
LOC4814774,,protein_coding,4814774
LOC4815196,,protein_coding,4815196
LOC4801649,,protein_coding,4801649
LOC117184315,Trnad-guc-2,tRNA,117184315
LOC4805666,,protein_coding,4805666
LOC6897033,,protein_coding,6897033
LOC4804148,,protein_coding,4804148
LOC4811667,,protein_coding,4811667
LOC4805298,,protein_coding,4805298
LOC4813491,,protein_coding,4813491
LOC6898669,,protein_coding,6898669
LOC117183702,,protein_coding,117183702
LOC117185682,,lncRNA,117185682
LOC4817950,,protein_coding,4817950
LOC117185083,,lncRNA,117185083
LOC26532758,,lncRNA,26532758
LOC117185667,,lncRNA,117185667
LOC26534008,,protein_coding,26534008
LOC26534064,,protein_coding,26534064
LOC6901188,,protein_coding,6901188
LOC117183931,,lncRNA,117183931
LOC4816954,,protein_coding,4816954
LOC4811731,,protein_coding,4811731
LOC4800875,,protein_coding,4800875
LOC4803171,,protein_coding,4803171
LOC117184330,Trnag-gcc-5,tRNA,117184330
LOC6900022,,protein_coding,6900022
LOC4812999,,protein_coding,4812999
LOC4805483,,protein_coding,4805483
LOC4813653,,protein_coding,4813653
LOC4800918,,protein_coding,4800918
LOC4804143,,protein_coding,4804143
LOC4816566,,protein_coding,4816566
LOC4814069,,protein_coding,4814069
LOC117185287,,rRNA,117185287
LOC4801585,,protein_coding,4801585
LOC117185289,,rRNA,117185289
LOC6903739,,protein_coding,6903739
LOC6900942,,protein_coding,6900942
LOC117185254,,rRNA,117185254
LOC117184360,,protein_coding,117184360
LOC117185201,,lncRNA,117185201
LOC6900979,,protein_coding,6900979
LOC13036404,,protein_coding,13036404
LOC6902418,,protein_coding,6902418
LOC26534275,,lncRNA,26534275
LOC6900855,,protein_coding,6900855
LOC117184613,,lncRNA,117184613
LOC4813916,,protein_coding,4813916
LOC117183967,,protein_coding,117183967
LOC4802839,,protein_coding,4802839
LOC4803144,,protein_coding,4803144
LOC4802902,,protein_coding,4802902
LOC4816563,,protein_coding,4816563
LOC4817338,,protein_coding,4817338
LOC4802207,,protein_coding,4802207
LOC6900261,,protein_coding,6900261
LOC4800920,,protein_coding,4800920
LOC6901288,,protein_coding,6901288
LOC26533527,,lncRNA,26533527
LOC4816828,,protein_coding,4816828
LOC117183324,,lncRNA,117183324
LOC6902734,,protein_coding,6902734
LOC6901705,,protein_coding,6901705
LOC4814378,,protein_coding,4814378
LOC117185570,,lncRNA,117185570
LOC44805038,HCS66_mgp06,protein_coding,44805038
LOC117185478,,rRNA,117185478
LOC4804416,,protein_coding,4804416
LOC4804969,,protein_coding,4804969
LOC4803151,,protein_coding,4803151
LOC6901496,,protein_coding,6901496
LOC117183962,,protein_coding,117183962
LOC6896685,,snRNA,6896685
LOC6900371,,protein_coding,6900371
LOC6903017,,protein_coding,6903017
LOC6897733,,protein_coding,6897733
LOC4804404,,protein_coding,4804404
LOC26533528,,lncRNA,26533528
LOC117183722,,lncRNA,117183722
LOC4800895,,protein_coding,4800895
LOC6902481,,protein_coding,6902481
LOC6901622,,protein_coding,6901622
LOC6900697,,protein_coding,6900697
LOC4814002,,protein_coding,4814002
LOC4814384,,protein_coding,4814384
LOC6897663,,protein_coding,6897663
LOC6898789,,protein_coding,6898789
LOC4816923,,protein_coding,4816923
LOC6897822,,protein_coding,6897822
LOC4818167,,protein_coding,4818167
LOC117183761,,lncRNA,117183761
LOC4815096,,protein_coding,4815096
LOC4802067,,protein_coding,4802067
LOC4800830,,protein_coding,4800830
LOC6898902,,protein_coding,6898902
LOC117183314,,lncRNA,117183314
LOC6900879,,protein_coding,6900879
LOC4814440,,protein_coding,4814440
LOC6900216,,protein_coding,6900216
LOC4814852,,protein_coding,4814852
LOC6897782,,protein_coding,6897782
LOC4803318,,protein_coding,4803318
LOC117184694,,protein_coding,117184694
LOC4812916,,protein_coding,4812916
LOC6902996,,lncRNA,6902996
LOC4816878,,protein_coding,4816878
LOC6897605,,protein_coding,6897605
LOC4803201,,protein_coding,4803201
LOC4816029,,protein_coding,4816029
LOC4817804,,protein_coding,4817804
LOC6901706,,protein_coding,6901706
LOC4816621,,protein_coding,4816621
LOC6897432,,protein_coding,6897432
LOC26534174,,lncRNA,26534174
LOC4814328,,protein_coding,4814328
LOC4805120,,protein_coding,4805120
LOC4817642,,pseudogene,4817642
LOC117185443,,rRNA,117185443
LOC26532653,,protein_coding,26532653
LOC6902076,,protein_coding,6902076
LOC4816912,,protein_coding,4816912
LOC4813419,,protein_coding,4813419
LOC4804558,,protein_coding,4804558
LOC26531953,,protein_coding,26531953
LOC4816033,,protein_coding,4816033
LOC4813987,,protein_coding,4813987
LOC117184753,,protein_coding,117184753
LOC6899761,,protein_coding,6899761
LOC4812379,,protein_coding,4812379
LOC6897984,,protein_coding,6897984
LOC4816536,,protein_coding,4816536
LOC6897355,,protein_coding,6897355
LOC26533593,,lncRNA,26533593
LOC4813173,,protein_coding,4813173
LOC4802298,,protein_coding,4802298
LOC4813398,,protein_coding,4813398
LOC4817536,,protein_coding,4817536
LOC6897890,,protein_coding,6897890
LOC117184068,,lncRNA,117184068
LOC4802695,,protein_coding,4802695
LOC117184276,,lncRNA,117184276
LOC117184727,,protein_coding,117184727
LOC4802205,,protein_coding,4802205
LOC6903431,,protein_coding,6903431
LOC4814023,,protein_coding,4814023
LOC4804842,,protein_coding,4804842
LOC4813302,,protein_coding,4813302
LOC4816179,,protein_coding,4816179
LOC4813591,,protein_coding,4813591
LOC117184864,,lncRNA,117184864
LOC117185317,,lncRNA,117185317
LOC4815583,,protein_coding,4815583
LOC4800667,,protein_coding,4800667
LOC4815206,,protein_coding,4815206
LOC4801400,,protein_coding,4801400
LOC6898425,,protein_coding,6898425
LOC4800728,,protein_coding,4800728
LOC6898078,,protein_coding,6898078
LOC6899094,,protein_coding,6899094
LOC4802816,,protein_coding,4802816
LOC6900763,,protein_coding,6900763
LOC6900659,,protein_coding,6900659
LOC4816704,,protein_coding,4816704
LOC4812091,,protein_coding,4812091
LOC4814477,,protein_coding,4814477
LOC4817286,,protein_coding,4817286
LOC6897310,,protein_coding,6897310
LOC4814390,,protein_coding,4814390
LOC4803823,,protein_coding,4803823
LOC117183820,Trnai-aau-3,tRNA,117183820
LOC6902896,,protein_coding,6902896
LOC4801196,,protein_coding,4801196
LOC4816105,,protein_coding,4816105
LOC117184208,,protein_coding,117184208
LOC6898042,,protein_coding,6898042
LOC117183802,Trnas-uga,tRNA,117183802
LOC4804328,,protein_coding,4804328
LOC4813311,,protein_coding,4813311
LOC4800458,,protein_coding,4800458
LOC4814291,,protein_coding,4814291
LOC4801286,,protein_coding,4801286
LOC4803735,,protein_coding,4803735
LOC117183870,Trnaw-cca-5,tRNA,117183870
LOC6903193,,protein_coding,6903193
LOC4818032,,protein_coding,4818032
LOC6899934,,protein_coding,6899934
LOC4805691,,protein_coding,4805691
LOC26533329,,protein_coding,26533329
LOC4818062,,protein_coding,4818062
LOC4811715,,protein_coding,4811715
LOC4802427,,protein_coding,4802427
LOC26532179,,lncRNA,26532179
LOC4804455,,protein_coding,4804455
LOC6902880,,protein_coding,6902880
LOC6903758,,protein_coding,6903758
LOC117184014,,lncRNA,117184014
LOC4814536,,protein_coding,4814536
LOC117184530,,lncRNA,117184530
LOC6902823,,protein_coding,6902823
LOC4813648,,protein_coding,4813648
LOC6901699,,protein_coding,6901699
LOC6902283,,protein_coding,6902283
LOC4816069,,protein_coding,4816069
LOC117184899,,lncRNA,117184899
LOC117183379,,protein_coding,117183379
LOC4804262,,protein_coding,4804262
LOC4817167,,protein_coding,4817167
LOC4814387,,protein_coding,4814387
LOC6899006,,protein_coding,6899006
LOC4812118,,protein_coding,4812118
LOC6898440,,protein_coding,6898440
LOC6899117,,protein_coding,6899117
LOC4800429,,protein_coding,4800429
LOC6902845,,protein_coding,6902845
LOC4802432,,protein_coding,4802432
LOC6901720,,protein_coding,6901720
LOC6897366,,protein_coding,6897366
LOC4816808,,protein_coding,4816808
LOC4802868,,protein_coding,4802868
LOC4817248,,protein_coding,4817248
LOC4812918,,protein_coding,4812918
LOC4801805,,protein_coding,4801805
LOC4815646,,protein_coding,4815646
LOC6897748,,protein_coding,6897748
LOC6897205,,protein_coding,6897205
LOC4815902,,protein_coding,4815902
LOC6902871,,protein_coding,6902871
LOC4816473,,protein_coding,4816473
LOC6897962,,protein_coding,6897962
LOC26533876,,lncRNA,26533876
LOC4815660,,protein_coding,4815660
LOC4816688,,protein_coding,4816688
LOC6904089,,protein_coding,6904089
LOC117183492,,lncRNA,117183492
LOC6897539,,protein_coding,6897539
LOC6901730,,protein_coding,6901730
LOC4815858,,protein_coding,4815858
LOC6897597,,protein_coding,6897597
LOC4800767,,protein_coding,4800767
LOC4812239,,protein_coding,4812239
LOC117184412,,protein_coding,117184412
LOC26532952,,protein_coding,26532952
LOC117183346,,protein_coding,117183346
LOC4802211,,protein_coding,4802211
LOC26532033,,lncRNA,26532033
LOC4817109,,protein_coding,4817109
LOC6896726,,protein_coding,6896726
LOC26533124,,protein_coding,26533124
LOC4800371,,protein_coding,4800371
LOC4812744,,protein_coding,4812744
LOC4800851,,protein_coding,4800851
LOC117183233,,lncRNA,117183233
LOC6900177,,protein_coding,6900177
LOC4803480,,protein_coding,4803480
LOC117184176,,lncRNA,117184176
LOC4803024,,protein_coding,4803024
LOC6897171,,protein_coding,6897171
LOC6897218,,protein_coding,6897218
LOC4813298,,protein_coding,4813298
LOC4812255,,protein_coding,4812255
LOC26532294,,lncRNA,26532294
LOC4804915,,protein_coding,4804915
LOC4803633,,protein_coding,4803633
LOC4801086,,protein_coding,4801086
LOC4816381,,protein_coding,4816381
LOC6903032,,protein_coding,6903032
LOC117185397,Trnal-cag-10,tRNA,117185397
LOC4801329,,protein_coding,4801329
LOC4815565,,protein_coding,4815565
LOC6898465,,protein_coding,6898465
LOC4803272,,protein_coding,4803272
LOC26532968,,lncRNA,26532968
LOC26534260,,pseudogene,26534260
LOC26533118,,lncRNA,26533118
LOC6898978,,protein_coding,6898978
LOC117184281,,lncRNA,117184281
LOC117184303,Trnaw-cca-9,tRNA,117184303
LOC13036301,,protein_coding,13036301
LOC117184358,,lncRNA,117184358
LOC5495513,,protein_coding,5495513
LOC6900481,,protein_coding,6900481
LOC117185079,,protein_coding,117185079
LOC4812867,,protein_coding,4812867
LOC117185418,,rRNA,117185418
LOC117185530,,rRNA,117185530
LOC117184940,,lncRNA,117184940
LOC6902652,,protein_coding,6902652
LOC4811686,,protein_coding,4811686
LOC4817159,,protein_coding,4817159
LOC26532019,,protein_coding,26532019
LOC4813283,,protein_coding,4813283
LOC6898293,,protein_coding,6898293
LOC4816928,,protein_coding,4816928
LOC117185110,,lncRNA,117185110
LOC117185359,Trnae-cuc-13,tRNA,117185359
LOC4814458,,protein_coding,4814458
LOC4815428,,protein_coding,4815428
LOC4811749,,protein_coding,4811749
LOC4800514,,protein_coding,4800514
LOC4817033,,protein_coding,4817033
LOC26533270,,protein_coding,26533270
LOC117183743,,lncRNA,117183743
LOC4816422,,protein_coding,4816422
LOC117185333,Trnap-cgg-3,tRNA,117185333
LOC6902988,,protein_coding,6902988
LOC4805613,,protein_coding,4805613
LOC4815832,,protein_coding,4815832
LOC4804875,,protein_coding,4804875
LOC6903551,,protein_coding,6903551
LOC4801959,,protein_coding,4801959
LOC117184545,,lncRNA,117184545
LOC4814235,,protein_coding,4814235
LOC26532284,,protein_coding,26532284
LOC6902113,,protein_coding,6902113
LOC4814429,,protein_coding,4814429
LOC6902945,,protein_coding,6902945
LOC26533856,,lncRNA,26533856
LOC117184784,,lncRNA,117184784
LOC6900867,,protein_coding,6900867
LOC4802850,,protein_coding,4802850
LOC6898275,,protein_coding,6898275
LOC6900728,,protein_coding,6900728
LOC4805317,,protein_coding,4805317
LOC4805043,,protein_coding,4805043
LOC4801809,,protein_coding,4801809
LOC117184520,,lncRNA,117184520
LOC6899192,,protein_coding,6899192
LOC117184574,,lncRNA,117184574
LOC26532798,,lncRNA,26532798
LOC4814812,,protein_coding,4814812
LOC26534256,,lncRNA,26534256
LOC4813878,,protein_coding,4813878
LOC4803579,,protein_coding,4803579
LOC4803315,,protein_coding,4803315
LOC4801741,,protein_coding,4801741
LOC6896825,,protein_coding,6896825
LOC4805158,,protein_coding,4805158
LOC4816615,,protein_coding,4816615
LOC117184805,,protein_coding,117184805
LOC117183584,,lncRNA,117183584
LOC4817398,,protein_coding,4817398
LOC13036407,,protein_coding,13036407
LOC6900958,,protein_coding,6900958
LOC6900848,,protein_coding,6900848
LOC4815830,,protein_coding,4815830
LOC4814971,,protein_coding,4814971
LOC4813924,,protein_coding,4813924
LOC4800516,,protein_coding,4800516
LOC6896749,,protein_coding,6896749
LOC6897494,,protein_coding,6897494
LOC117184504,,lncRNA,117184504
LOC117185463,,rRNA,117185463
LOC4804429,,protein_coding,4804429
LOC4803181,,protein_coding,4803181
LOC26532806,,lncRNA,26532806
LOC4811967,,protein_coding,4811967
LOC4803859,,protein_coding,4803859
LOC6896811,,protein_coding,6896811
LOC117185212,,protein_coding,117185212
LOC4803468,,protein_coding,4803468
LOC4816436,,protein_coding,4816436
LOC4812902,,protein_coding,4812902
LOC6900315,,protein_coding,6900315
LOC6900000,,protein_coding,6900000
LOC4800418,,protein_coding,4800418
LOC6901024,,protein_coding,6901024
LOC6900739,,protein_coding,6900739
LOC4804617,,protein_coding,4804617
LOC4803014,,protein_coding,4803014
LOC4813874,,protein_coding,4813874
LOC117183842,Trnai-aau-7,tRNA,117183842
LOC4813997,,protein_coding,4813997
LOC4803631,,protein_coding,4803631
LOC4805633,,protein_coding,4805633
LOC6897851,,protein_coding,6897851
LOC6899715,,pseudogene,6899715
LOC6900511,,protein_coding,6900511
LOC4800806,,protein_coding,4800806
LOC26533469,,protein_coding,26533469
LOC4815371,,protein_coding,4815371
LOC4815619,,protein_coding,4815619
LOC6900884,,protein_coding,6900884
LOC117183974,,lncRNA,117183974
LOC4817961,,protein_coding,4817961
LOC4802962,,protein_coding,4802962
LOC6902674,,protein_coding,6902674
LOC117184890,,protein_coding,117184890
LOC4811857,,protein_coding,4811857
LOC4813545,,protein_coding,4813545
LOC6899977,,protein_coding,6899977
LOC6902103,,protein_coding,6902103
LOC4812716,,protein_coding,4812716
LOC4817454,,protein_coding,4817454
LOC4804452,,protein_coding,4804452
LOC4800349,,protein_coding,4800349
LOC4803373,,protein_coding,4803373
LOC4815349,,protein_coding,4815349
LOC4805174,,protein_coding,4805174
LOC6898770,,protein_coding,6898770
LOC4802952,,protein_coding,4802952
LOC117184084,,lncRNA,117184084
LOC26533531,,protein_coding,26533531
LOC4817541,,protein_coding,4817541
LOC117183192,,protein_coding,117183192
LOC117184405,,lncRNA,117184405
LOC6902818,,protein_coding,6902818
LOC117185356,Trnac-gca-9,tRNA,117185356
LOC6903590,,protein_coding,6903590
LOC4817822,,protein_coding,4817822
LOC4801983,,protein_coding,4801983
LOC4805204,,protein_coding,4805204
LOC117185430,,lncRNA,117185430
LOC117184159,,protein_coding,117184159
LOC6900004,,protein_coding,6900004
LOC4800981,,protein_coding,4800981
LOC4812332,,protein_coding,4812332
LOC4812835,,protein_coding,4812835
LOC6901379,,protein_coding,6901379
LOC13036455,,protein_coding,13036455
LOC6896873,,snRNA,6896873
LOC4801665,,protein_coding,4801665
LOC4803775,,protein_coding,4803775
LOC117185012,,lncRNA,117185012
LOC4817707,,protein_coding,4817707
LOC4816829,,protein_coding,4816829
LOC6901230,,protein_coding,6901230
LOC6901615,,protein_coding,6901615
LOC6896715,,protein_coding,6896715
LOC4801190,,protein_coding,4801190
LOC6901093,,protein_coding,6901093
LOC4814105,,protein_coding,4814105
LOC4803510,,protein_coding,4803510
LOC117184054,,lncRNA,117184054
LOC6901295,,protein_coding,6901295
LOC4804108,,protein_coding,4804108
LOC4800643,,protein_coding,4800643
LOC4813735,,protein_coding,4813735
LOC117185680,,lncRNA,117185680
LOC4817923,,protein_coding,4817923
LOC117183762,,protein_coding,117183762
LOC4817605,,protein_coding,4817605
LOC4815566,,protein_coding,4815566
LOC26532412,,lncRNA,26532412
LOC4803475,,protein_coding,4803475
LOC6903469,,protein_coding,6903469
LOC6902524,,protein_coding,6902524
LOC4816112,,protein_coding,4816112
LOC6899126,,protein_coding,6899126
LOC6903317,,protein_coding,6903317
LOC26533371,,lncRNA,26533371
LOC117184734,,lncRNA,117184734
LOC4812720,,protein_coding,4812720
LOC117183224,,pseudogene,117183224
LOC117183184,,protein_coding,117183184
LOC4813205,,protein_coding,4813205
LOC117185516,,rRNA,117185516
LOC117185008,,lncRNA,117185008
LOC4813435,,protein_coding,4813435
LOC117183643,,lncRNA,117183643
LOC117183742,,lncRNA,117183742
LOC4802729,,protein_coding,4802729
LOC4811716,,protein_coding,4811716
LOC6899833,,protein_coding,6899833
LOC6902474,,protein_coding,6902474
LOC26534018,,lncRNA,26534018
LOC4816440,,protein_coding,4816440
LOC4803950,,protein_coding,4803950
LOC6897519,,protein_coding,6897519
LOC4805076,,protein_coding,4805076
LOC26534078,,lncRNA,26534078
LOC4803347,,protein_coding,4803347
LOC4800614,,protein_coding,4800614
LOC6898519,,protein_coding,6898519
LOC4814416,,protein_coding,4814416
LOC4803145,,protein_coding,4803145
LOC4805099,,protein_coding,4805099
LOC4800436,,protein_coding,4800436
LOC6897153,,protein_coding,6897153
LOC4805500,,protein_coding,4805500
LOC4803977,,protein_coding,4803977
LOC4805435,,protein_coding,4805435
LOC4816009,,protein_coding,4816009
LOC4816879,,protein_coding,4816879
LOC4802893,,protein_coding,4802893
LOC4811776,,protein_coding,4811776
LOC6902682,,protein_coding,6902682
LOC6896711,,protein_coding,6896711
LOC26532920,,protein_coding,26532920
LOC4800358,,protein_coding,4800358
LOC4813531,,protein_coding,4813531
LOC4800879,,protein_coding,4800879
LOC4815696,,protein_coding,4815696
LOC6901966,,protein_coding,6901966
LOC4816535,,protein_coding,4816535
LOC6901784,,protein_coding,6901784
LOC4814316,,protein_coding,4814316
LOC6902405,,protein_coding,6902405
LOC6900014,,protein_coding,6900014
LOC4816835,,protein_coding,4816835
LOC4805404,,protein_coding,4805404
LOC4803533,,protein_coding,4803533
LOC117184590,,protein_coding,117184590
LOC4815093,,protein_coding,4815093
LOC6897579,,pseudogene,6897579
LOC6896929,,protein_coding,6896929
LOC6897016,,protein_coding,6897016
LOC4816246,,protein_coding,4816246
LOC6897098,,protein_coding,6897098
LOC4812830,,protein_coding,4812830
LOC26533112,,lncRNA,26533112
LOC26532130,,lncRNA,26532130
LOC6903331,,protein_coding,6903331
LOC4802377,,protein_coding,4802377
LOC4812308,,protein_coding,4812308
LOC6899082,,protein_coding,6899082
LOC26532027,,protein_coding,26532027
LOC4803406,,protein_coding,4803406
LOC4812571,,protein_coding,4812571
LOC4801449,,protein_coding,4801449
LOC4802242,,protein_coding,4802242
LOC4805337,,protein_coding,4805337
LOC4816597,,protein_coding,4816597
LOC4805312,,protein_coding,4805312
LOC6902973,,protein_coding,6902973
LOC4804615,,protein_coding,4804615
LOC6901912,,protein_coding,6901912
LOC6898271,,protein_coding,6898271
LOC4801281,,protein_coding,4801281
LOC117184722,,lncRNA,117184722
LOC4817232,,protein_coding,4817232
LOC4814562,,protein_coding,4814562
LOC4817272,,protein_coding,4817272
LOC4812620,,protein_coding,4812620
LOC4816930,,protein_coding,4816930
LOC117185282,,rRNA,117185282
LOC4800814,,protein_coding,4800814
LOC4811811,,protein_coding,4811811
LOC4815375,,protein_coding,4815375
LOC26532174,,lncRNA,26532174
LOC4800252,,protein_coding,4800252
LOC4815191,,protein_coding,4815191
LOC117184222,,protein_coding,117184222
LOC4802802,,protein_coding,4802802
LOC6898115,,protein_coding,6898115
LOC4813816,,protein_coding,4813816
LOC4817181,,protein_coding,4817181
LOC6902909,,protein_coding,6902909
LOC6900567,,protein_coding,6900567
LOC4811994,,protein_coding,4811994
LOC4814234,,protein_coding,4814234
LOC26533236,,protein_coding,26533236
LOC6898377,,protein_coding,6898377
LOC4805134,,protein_coding,4805134
LOC4813601,,protein_coding,4813601
LOC4800343,,protein_coding,4800343
LOC117183897,,lncRNA,117183897
LOC4804648,,protein_coding,4804648
LOC6902760,,protein_coding,6902760
LOC117183461,Trnav-aac-2,tRNA,117183461
LOC4815624,,protein_coding,4815624
LOC6903142,,protein_coding,6903142
LOC4816330,,protein_coding,4816330
LOC6901780,,protein_coding,6901780
LOC4813215,,protein_coding,4813215
LOC4801663,,protein_coding,4801663
LOC6901567,,protein_coding,6901567
LOC4801862,,protein_coding,4801862
LOC4803286,,protein_coding,4803286
LOC6900688,,protein_coding,6900688
LOC4804689,,protein_coding,4804689
LOC4801885,,protein_coding,4801885
LOC117185479,,rRNA,117185479
LOC6897169,,protein_coding,6897169
LOC4801132,,protein_coding,4801132
LOC4800950,,protein_coding,4800950
LOC6901183,,protein_coding,6901183
LOC4814258,,protein_coding,4814258
LOC26534126,,lncRNA,26534126
LOC4812726,,protein_coding,4812726
LOC26532499,,protein_coding,26532499
LOC4812347,,protein_coding,4812347
LOC4814729,,protein_coding,4814729
LOC4812936,,protein_coding,4812936
LOC4803651,,protein_coding,4803651
LOC4800889,,protein_coding,4800889
LOC117183920,,protein_coding,117183920
LOC4805160,,protein_coding,4805160
LOC4803940,,protein_coding,4803940
LOC4803451,,protein_coding,4803451
LOC4816487,,protein_coding,4816487
LOC6896909,,protein_coding,6896909
LOC4805055,,protein_coding,4805055
LOC4814359,,protein_coding,4814359
LOC6902054,,protein_coding,6902054
LOC4817635,,protein_coding,4817635
LOC6900124,,protein_coding,6900124
LOC4815278,,protein_coding,4815278
LOC4804981,,protein_coding,4804981
LOC4803303,,protein_coding,4803303
LOC6897024,,protein_coding,6897024
LOC4813214,,protein_coding,4813214
LOC117184700,,lncRNA,117184700
LOC4803407,,protein_coding,4803407
LOC4812273,,protein_coding,4812273
LOC6902183,,protein_coding,6902183
LOC4803126,,protein_coding,4803126
LOC4800772,,protein_coding,4800772
LOC4814318,,protein_coding,4814318
LOC4801289,,protein_coding,4801289
LOC4800621,,protein_coding,4800621
LOC4816551,,protein_coding,4816551
LOC6903516,,protein_coding,6903516
LOC4816166,,protein_coding,4816166
LOC4813682,,protein_coding,4813682
LOC4815731,,protein_coding,4815731
LOC4817065,,protein_coding,4817065
LOC4814897,,protein_coding,4814897
LOC4816122,,protein_coding,4816122
LOC6897857,,protein_coding,6897857
LOC4818048,,protein_coding,4818048
LOC6897874,,protein_coding,6897874
LOC26532622,,lncRNA,26532622
LOC4815543,,protein_coding,4815543
LOC117185631,,protein_coding,117185631
LOC4805045,,protein_coding,4805045
LOC4801489,,protein_coding,4801489
LOC6898911,,protein_coding,6898911
LOC117183811,Trnaf-gaa-5,tRNA,117183811
LOC4804201,,protein_coding,4804201
LOC117185080,,protein_coding,117185080
LOC4813483,,protein_coding,4813483
LOC4801579,,protein_coding,4801579
LOC26532726,,protein_coding,26532726
LOC4801763,,protein_coding,4801763
LOC4802803,,protein_coding,4802803
LOC4813529,,protein_coding,4813529
LOC6896875,,protein_coding,6896875
LOC26533928,,protein_coding,26533928
LOC4803840,,protein_coding,4803840
LOC4816881,,protein_coding,4816881
LOC6900413,,protein_coding,6900413
LOC4802682,,protein_coding,4802682
LOC4805401,,protein_coding,4805401
LOC6897799,,protein_coding,6897799
LOC117184779,,protein_coding,117184779
LOC4812746,,protein_coding,4812746
LOC4801234,,protein_coding,4801234
LOC117183687,,lncRNA,117183687
LOC4812513,,protein_coding,4812513
LOC4811751,,protein_coding,4811751
LOC4805476,,protein_coding,4805476
LOC6896760,,protein_coding,6896760
LOC26533750,,protein_coding,26533750
LOC13036470,,protein_coding,13036470
LOC6902148,,protein_coding,6902148
LOC4816552,,protein_coding,4816552
LOC6900041,,protein_coding,6900041
LOC4805445,,protein_coding,4805445
LOC4800938,,protein_coding,4800938
LOC4816132,,protein_coding,4816132
LOC117184555,,lncRNA,117184555
LOC6896874,,protein_coding,6896874
LOC6902604,,protein_coding,6902604
LOC4818018,,protein_coding,4818018
LOC4804869,,protein_coding,4804869
LOC6901423,,protein_coding,6901423
LOC4804814,,protein_coding,4804814
LOC117183866,Trnal-cag,tRNA,117183866
LOC4815595,,protein_coding,4815595
LOC4816249,,protein_coding,4816249
LOC6901528,,protein_coding,6901528
LOC4816028,,protein_coding,4816028
LOC4814725,,protein_coding,4814725
LOC4801953,,protein_coding,4801953
LOC4803784,,protein_coding,4803784
LOC4816202,,protein_coding,4816202
LOC6900907,,protein_coding,6900907
LOC4815622,,protein_coding,4815622
LOC4813702,,protein_coding,4813702
LOC4812681,,protein_coding,4812681
LOC117183445,Trnay-gua,tRNA,117183445
LOC6902597,,protein_coding,6902597
LOC4805378,,protein_coding,4805378
LOC6898449,,protein_coding,6898449
LOC4804495,,protein_coding,4804495
LOC4815463,,protein_coding,4815463
LOC117185208,,protein_coding,117185208
LOC117185133,,lncRNA,117185133
LOC6901635,,protein_coding,6901635
LOC117184592,,protein_coding,117184592
LOC26533787,,lncRNA,26533787
LOC4816350,,protein_coding,4816350
LOC4811905,,protein_coding,4811905
LOC4811855,,protein_coding,4811855
LOC4816698,,protein_coding,4816698
LOC26534109,,protein_coding,26534109
LOC6902572,,protein_coding,6902572
LOC4801578,,protein_coding,4801578
LOC117184251,,protein_coding,117184251
LOC4800923,,protein_coding,4800923
LOC117185131,,pseudogene,117185131
LOC6896731,,protein_coding,6896731
LOC4803103,,protein_coding,4803103
LOC4800248,,protein_coding,4800248
LOC6903515,,protein_coding,6903515
LOC6903371,,protein_coding,6903371
LOC4804345,,protein_coding,4804345
LOC4803638,,protein_coding,4803638
LOC117183776,,lncRNA,117183776
LOC117183806,Trnam-cau-3,tRNA,117183806
LOC6896876,,protein_coding,6896876
LOC4802697,,protein_coding,4802697
LOC4815171,,protein_coding,4815171
LOC4802911,,protein_coding,4802911
LOC4812407,,protein_coding,4812407
LOC4815771,,protein_coding,4815771
LOC6899051,,protein_coding,6899051
LOC4804970,,protein_coding,4804970
LOC4814738,,protein_coding,4814738
LOC4800591,,protein_coding,4800591
LOC6903169,,protein_coding,6903169
LOC117184130,,lncRNA,117184130
LOC26534398,,lncRNA,26534398
LOC6898564,,protein_coding,6898564
LOC4817142,,protein_coding,4817142
LOC4814044,,protein_coding,4814044
LOC4817504,,protein_coding,4817504
LOC4814394,,protein_coding,4814394
LOC4803655,,protein_coding,4803655
LOC6903879,,protein_coding,6903879
LOC4813162,,protein_coding,4813162
LOC4801437,,protein_coding,4801437
LOC6900669,,protein_coding,6900669
LOC4801402,,protein_coding,4801402
LOC4802470,,protein_coding,4802470
LOC4803619,,protein_coding,4803619
LOC26532732,,lncRNA,26532732
LOC4803543,,protein_coding,4803543
LOC6900648,,protein_coding,6900648
LOC26533243,,protein_coding,26533243
LOC4803716,,protein_coding,4803716
LOC4814150,,protein_coding,4814150
LOC4801739,,protein_coding,4801739
LOC6901874,,protein_coding,6901874
LOC4805622,,protein_coding,4805622
LOC4800487,,protein_coding,4800487
LOC4812136,,protein_coding,4812136
LOC4801026,,protein_coding,4801026
LOC4803540,,protein_coding,4803540
LOC4803787,,protein_coding,4803787
LOC6903170,,protein_coding,6903170
LOC4801413,,protein_coding,4801413
LOC4804992,,protein_coding,4804992
LOC4803603,,protein_coding,4803603
LOC6902968,,protein_coding,6902968
LOC4802720,,protein_coding,4802720
LOC4817371,,protein_coding,4817371
LOC26533805,,protein_coding,26533805
LOC4804796,,protein_coding,4804796
LOC4814305,,protein_coding,4814305
LOC4813800,,protein_coding,4813800
LOC6897950,,protein_coding,6897950
LOC6901506,,protein_coding,6901506
LOC4800825,,protein_coding,4800825
LOC4815053,,protein_coding,4815053
LOC26534325,,lncRNA,26534325
LOC26533439,,protein_coding,26533439
LOC4803402,,protein_coding,4803402
LOC4817911,,protein_coding,4817911
LOC26534133,,lncRNA,26534133
LOC4813920,,protein_coding,4813920
LOC6897490,,protein_coding,6897490
LOC4813198,,protein_coding,4813198
LOC4800774,,protein_coding,4800774
LOC6897092,,protein_coding,6897092
LOC117185041,,protein_coding,117185041
LOC4801979,,protein_coding,4801979
LOC117184712,,lncRNA,117184712
LOC4800953,,protein_coding,4800953
LOC4805248,,protein_coding,4805248
LOC4818166,,protein_coding,4818166
LOC4817203,,protein_coding,4817203
LOC13036433,,protein_coding,13036433
LOC4800854,,protein_coding,4800854
LOC4814162,,protein_coding,4814162
LOC4804348,,protein_coding,4804348
LOC117184357,,lncRNA,117184357
LOC6898348,,protein_coding,6898348
LOC4801110,,protein_coding,4801110
LOC4803482,,protein_coding,4803482
LOC6898146,,protein_coding,6898146
LOC26532969,,lncRNA,26532969
LOC117185321,,rRNA,117185321
LOC4804613,,protein_coding,4804613
LOC4803261,,protein_coding,4803261
LOC6899877,,protein_coding,6899877
LOC4817867,,protein_coding,4817867
LOC6902186,,protein_coding,6902186
LOC6903880,,protein_coding,6903880
LOC4814579,,protein_coding,4814579
LOC6899793,,protein_coding,6899793
LOC117183992,,pseudogene,117183992
LOC4816275,,protein_coding,4816275
LOC117184850,,lncRNA,117184850
LOC4802388,,protein_coding,4802388
LOC4803654,,protein_coding,4803654
LOC4817275,,protein_coding,4817275
LOC4815066,,protein_coding,4815066
LOC4813779,,protein_coding,4813779
LOC117183678,,lncRNA,117183678
LOC4813037,,protein_coding,4813037
LOC6901249,,protein_coding,6901249
LOC4816632,,protein_coding,4816632
LOC117183504,,lncRNA,117183504
LOC6901854,,protein_coding,6901854
LOC4817704,,protein_coding,4817704
LOC117185448,,rRNA,117185448
LOC4801871,,protein_coding,4801871
LOC4803079,,protein_coding,4803079
LOC117185099,,lncRNA,117185099
LOC4817875,,protein_coding,4817875
LOC117184826,,lncRNA,117184826
LOC26532645,,protein_coding,26532645
LOC4816571,,protein_coding,4816571
LOC4818067,,protein_coding,4818067
LOC4815437,,protein_coding,4815437
LOC117185255,,rRNA,117185255
LOC4804551,,protein_coding,4804551
LOC4800845,,protein_coding,4800845
LOC4802187,,protein_coding,4802187
LOC117184810,,lncRNA,117184810
LOC4802490,,protein_coding,4802490
LOC6898112,,protein_coding,6898112
LOC4803611,,protein_coding,4803611
LOC4813240,,protein_coding,4813240
LOC26532324,,protein_coding,26532324
LOC6900729,,protein_coding,6900729
LOC6900180,,protein_coding,6900180
LOC4805080,,protein_coding,4805080
LOC4812225,,protein_coding,4812225
LOC4817223,,protein_coding,4817223
LOC4804249,,protein_coding,4804249
LOC4803621,,protein_coding,4803621
LOC26532878,,lncRNA,26532878
LOC4802675,,protein_coding,4802675
LOC6903262,,protein_coding,6903262
LOC117185536,,rRNA,117185536
LOC4803098,,protein_coding,4803098
LOC4801531,,protein_coding,4801531
LOC6898473,,protein_coding,6898473
LOC4802577,,protein_coding,4802577
LOC4812008,,protein_coding,4812008
LOC117185554,,lncRNA,117185554
LOC4814744,,protein_coding,4814744
LOC4814547,,protein_coding,4814547
LOC6901082,,protein_coding,6901082
LOC117184785,,lncRNA,117184785
LOC6899316,,protein_coding,6899316
LOC4817894,,protein_coding,4817894
LOC4801928,,protein_coding,4801928
LOC117185639,,protein_coding,117185639
LOC4800948,,protein_coding,4800948
LOC117183183,,protein_coding,117183183
LOC4817467,,protein_coding,4817467
LOC26534315,,protein_coding,26534315
LOC4815803,,protein_coding,4815803
LOC4812786,,protein_coding,4812786
LOC117184843,,protein_coding,117184843
LOC4812403,,protein_coding,4812403
LOC6896778,,protein_coding,6896778
LOC26532504,,lncRNA,26532504
LOC6898550,,snoRNA,6898550
LOC4816618,,protein_coding,4816618
LOC26534219,,lncRNA,26534219
LOC4800489,,protein_coding,4800489
LOC117183509,,protein_coding,117183509
LOC6897975,,protein_coding,6897975
LOC4813659,,protein_coding,4813659
LOC4802141,,protein_coding,4802141
LOC117184409,,protein_coding,117184409
LOC4802114,,protein_coding,4802114
LOC4817583,,protein_coding,4817583
LOC6897074,,protein_coding,6897074
LOC6902073,,protein_coding,6902073
LOC6898258,,protein_coding,6898258
LOC4816567,,protein_coding,4816567
LOC4812469,,protein_coding,4812469
LOC4812880,,protein_coding,4812880
LOC4802969,,protein_coding,4802969
LOC117185603,,protein_coding,117185603
LOC4805352,,protein_coding,4805352
LOC4800846,,protein_coding,4800846
LOC4816506,,protein_coding,4816506
LOC4805399,,protein_coding,4805399
LOC4802206,,protein_coding,4802206
LOC4801045,,protein_coding,4801045
LOC4801828,,protein_coding,4801828
LOC4804529,,protein_coding,4804529
LOC117185217,,protein_coding,117185217
LOC4812938,,protein_coding,4812938
LOC4803416,,protein_coding,4803416
LOC26534264,,lncRNA,26534264
LOC6899113,,protein_coding,6899113
LOC26534010,,lncRNA,26534010
LOC117183216,,protein_coding,117183216
LOC117184941,,lncRNA,117184941
LOC4817370,,protein_coding,4817370
LOC4816947,,protein_coding,4816947
LOC117183483,Trnas-gcu-2,tRNA,117183483
LOC4805659,,protein_coding,4805659
LOC4814345,,protein_coding,4814345
LOC4812890,,protein_coding,4812890
LOC4813413,,protein_coding,4813413
LOC6903644,,protein_coding,6903644
LOC6901711,,protein_coding,6901711
LOC4804703,,protein_coding,4804703
LOC4802768,,protein_coding,4802768
LOC4816795,,protein_coding,4816795
LOC4801264,,protein_coding,4801264
LOC6902230,,protein_coding,6902230
LOC4816168,,protein_coding,4816168
LOC4800823,,protein_coding,4800823
LOC4801676,,protein_coding,4801676
LOC117184169,,protein_coding,117184169
LOC4805355,,protein_coding,4805355
LOC4803521,,protein_coding,4803521
LOC6897068,,protein_coding,6897068
LOC4803762,,protein_coding,4803762
LOC4800945,,protein_coding,4800945
LOC4803774,,protein_coding,4803774
LOC4813996,,protein_coding,4813996
LOC117184201,,lncRNA,117184201
LOC117183498,,protein_coding,117183498
LOC4812062,,protein_coding,4812062
LOC4803911,,protein_coding,4803911
LOC6901311,,protein_coding,6901311
LOC4801387,,protein_coding,4801387
LOC6900132,,protein_coding,6900132
LOC4813078,,protein_coding,4813078
LOC4812494,,protein_coding,4812494
LOC4801194,,protein_coding,4801194
LOC5495521,,protein_coding,5495521
LOC6900309,,protein_coding,6900309
LOC6903223,,protein_coding,6903223
LOC6903490,,protein_coding,6903490
LOC4812098,,protein_coding,4812098
LOC6901068,,protein_coding,6901068
LOC4815819,,protein_coding,4815819
LOC6900844,,protein_coding,6900844
LOC4800703,,protein_coding,4800703
LOC4812914,,protein_coding,4812914
LOC4800392,,protein_coding,4800392
LOC4801958,,protein_coding,4801958
LOC4801904,,protein_coding,4801904
LOC4802984,,protein_coding,4802984
LOC4801143,,protein_coding,4801143
LOC4812771,,protein_coding,4812771
LOC6901775,,protein_coding,6901775
LOC6903510,,protein_coding,6903510
LOC6902355,,protein_coding,6902355
LOC4804487,,protein_coding,4804487
LOC117185190,,lncRNA,117185190
LOC4813744,,protein_coding,4813744
LOC6902742,,protein_coding,6902742
LOC6902421,,protein_coding,6902421
LOC4815368,,protein_coding,4815368
LOC4801723,,protein_coding,4801723
LOC4804525,,protein_coding,4804525
LOC4814083,,protein_coding,4814083
LOC6900222,,protein_coding,6900222
LOC4802018,,protein_coding,4802018
LOC6901156,,protein_coding,6901156
LOC6897209,,protein_coding,6897209
LOC26532275,,protein_coding,26532275
LOC4814676,,protein_coding,4814676
LOC117183333,,protein_coding,117183333
LOC117185468,,rRNA,117185468
LOC4817800,,protein_coding,4817800
LOC4812517,,protein_coding,4812517
LOC6900776,,protein_coding,6900776
LOC6897052,,protein_coding,6897052
LOC6898511,,protein_coding,6898511
LOC117183361,,protein_coding,117183361
LOC6899798,,protein_coding,6899798
LOC6896955,,protein_coding,6896955
LOC4815547,,protein_coding,4815547
LOC117185590,Trnae-cuc-16,tRNA,117185590
LOC4800696,,protein_coding,4800696
LOC117184935,,lncRNA,117184935
LOC117184136,,protein_coding,117184136
LOC6903006,,protein_coding,6903006
LOC26533482,,lncRNA,26533482
LOC117185054,,protein_coding,117185054
LOC26532579,,lncRNA,26532579
LOC6898956,,protein_coding,6898956
LOC6902502,,protein_coding,6902502
LOC4804639,,protein_coding,4804639
LOC4802061,,protein_coding,4802061
LOC4801827,,protein_coding,4801827
LOC4804755,,protein_coding,4804755
LOC4802404,,protein_coding,4802404
LOC4816720,,protein_coding,4816720
LOC4812581,,protein_coding,4812581
LOC4804607,,protein_coding,4804607
LOC117183275,,protein_coding,117183275
LOC117185048,,protein_coding,117185048
LOC26532671,,lncRNA,26532671
LOC4813807,,protein_coding,4813807
LOC4802981,,protein_coding,4802981
LOC4802448,,protein_coding,4802448
LOC4817852,,protein_coding,4817852
LOC6903466,,protein_coding,6903466
LOC4801306,,protein_coding,4801306
LOC6901253,,protein_coding,6901253
LOC4814553,,protein_coding,4814553
LOC4804739,,protein_coding,4804739
LOC4804737,,protein_coding,4804737
LOC6900566,,protein_coding,6900566
LOC117183599,,protein_coding,117183599
LOC4817263,,protein_coding,4817263
LOC4813420,,protein_coding,4813420
LOC4811972,,protein_coding,4811972
LOC4812807,,protein_coding,4812807
LOC4817547,,protein_coding,4817547
LOC6896706,,protein_coding,6896706
LOC4815564,,protein_coding,4815564
LOC4812879,,protein_coding,4812879
LOC26533104,,protein_coding,26533104
LOC4804075,,protein_coding,4804075
LOC4812501,,protein_coding,4812501
LOC6903452,,protein_coding,6903452
LOC4815527,,protein_coding,4815527
LOC4805020,,protein_coding,4805020
LOC4817996,,protein_coding,4817996
LOC4805694,,protein_coding,4805694
LOC26533150,,protein_coding,26533150
LOC6901466,,protein_coding,6901466
LOC4815780,,protein_coding,4815780
LOC117184585,,lncRNA,117184585
LOC4813549,,protein_coding,4813549
LOC6897520,,protein_coding,6897520
LOC26531986,,protein_coding,26531986
LOC117184825,,protein_coding,117184825
LOC4802075,,protein_coding,4802075
LOC26533834,,lncRNA,26533834
LOC6902129,,protein_coding,6902129
LOC4813385,,protein_coding,4813385
LOC4812475,,protein_coding,4812475
LOC6903229,,protein_coding,6903229
LOC6899206,,protein_coding,6899206
LOC4802880,,protein_coding,4802880
LOC117183182,,lncRNA,117183182
LOC4812753,,protein_coding,4812753
LOC6897738,,protein_coding,6897738
LOC4817271,,protein_coding,4817271
LOC4814985,,protein_coding,4814985
LOC6897978,,protein_coding,6897978
LOC6902127,,protein_coding,6902127
LOC4817551,,protein_coding,4817551
LOC4805519,,protein_coding,4805519
LOC4805722,,lncRNA,4805722
LOC117183484,Trnas-gcu-5,tRNA,117183484
LOC6897767,,protein_coding,6897767
LOC6898873,,protein_coding,6898873
LOC4805301,,protein_coding,4805301
LOC4801738,,protein_coding,4801738
LOC4817112,,protein_coding,4817112
LOC4804696,,protein_coding,4804696
LOC4802229,,protein_coding,4802229
LOC4813440,,protein_coding,4813440
LOC4803541,,protein_coding,4803541
LOC117185326,Trnap-cgg-2,tRNA,117185326
LOC4804879,,protein_coding,4804879
LOC4812783,,protein_coding,4812783
LOC6896919,,protein_coding,6896919
LOC6898537,,protein_coding,6898537
LOC6903363,,protein_coding,6903363
LOC4812932,,protein_coding,4812932
LOC117184382,,lncRNA,117184382
LOC4817922,,protein_coding,4817922
LOC6898803,,protein_coding,6898803
LOC4801518,,protein_coding,4801518
LOC4800958,,protein_coding,4800958
LOC4813042,,protein_coding,4813042
LOC4811982,,protein_coding,4811982
LOC4812181,,protein_coding,4812181
LOC6897014,,protein_coding,6897014
LOC4801613,,protein_coding,4801613
LOC117184407,,lncRNA,117184407
LOC117184672,,protein_coding,117184672
LOC4800998,,protein_coding,4800998
LOC6903582,,protein_coding,6903582
LOC4812289,,protein_coding,4812289
LOC117185286,,pseudogene,117185286
LOC4800719,,protein_coding,4800719
LOC4814595,,protein_coding,4814595
LOC6896914,,protein_coding,6896914
LOC4811850,,protein_coding,4811850
LOC6901742,,protein_coding,6901742
LOC4813556,,protein_coding,4813556
LOC4804464,,protein_coding,4804464
LOC4805140,,protein_coding,4805140
LOC4805468,,protein_coding,4805468
LOC6903041,,protein_coding,6903041
LOC4801381,,protein_coding,4801381
LOC6898246,,protein_coding,6898246
LOC4815360,,protein_coding,4815360
LOC4815529,,protein_coding,4815529
LOC4802340,,protein_coding,4802340
LOC26533066,,protein_coding,26533066
LOC6897099,,protein_coding,6897099
LOC4814673,,protein_coding,4814673
LOC4800698,,protein_coding,4800698
LOC4817717,,protein_coding,4817717
LOC4811977,,protein_coding,4811977
LOC4814019,,protein_coding,4814019
LOC117185234,,rRNA,117185234
LOC6900582,,protein_coding,6900582
LOC4801346,,protein_coding,4801346
LOC6901675,,protein_coding,6901675
LOC6900236,,protein_coding,6900236
LOC26534294,,protein_coding,26534294
LOC4813041,,protein_coding,4813041
LOC4800775,,protein_coding,4800775
LOC26534414,,protein_coding,26534414
LOC6902136,,protein_coding,6902136
LOC4817429,,protein_coding,4817429
LOC26533500,,protein_coding,26533500
LOC6902046,,protein_coding,6902046
LOC6898369,,protein_coding,6898369
LOC6898544,,snoRNA,6898544
LOC4801282,,protein_coding,4801282
LOC26533015,,lncRNA,26533015
LOC4813358,,protein_coding,4813358
LOC4817687,,protein_coding,4817687
LOC4813019,,protein_coding,4813019
LOC4813716,,protein_coding,4813716
LOC4813739,,protein_coding,4813739
LOC4814939,,protein_coding,4814939
LOC4814241,,protein_coding,4814241
LOC6902746,,protein_coding,6902746
LOC4803692,,protein_coding,4803692
LOC4803249,,protein_coding,4803249
LOC4815955,,protein_coding,4815955
LOC6896675,,protein_coding,6896675
LOC6901382,,protein_coding,6901382
LOC4816150,,protein_coding,4816150
LOC6899618,,protein_coding,6899618
LOC117184427,,protein_coding,117184427
LOC6903547,,protein_coding,6903547
LOC4803643,,protein_coding,4803643
LOC4802970,,protein_coding,4802970
LOC117183650,,lncRNA,117183650
LOC4805530,,protein_coding,4805530
LOC26533837,,protein_coding,26533837
LOC4801510,,protein_coding,4801510
LOC117183714,,protein_coding,117183714
LOC117183946,,lncRNA,117183946
LOC117185191,,lncRNA,117185191
LOC4803945,,protein_coding,4803945
LOC4814833,,protein_coding,4814833
LOC4811783,,protein_coding,4811783
LOC4803227,,protein_coding,4803227
LOC117184606,,protein_coding,117184606
LOC26532598,,lncRNA,26532598
LOC4805400,,protein_coding,4805400
LOC26532218,,lncRNA,26532218
LOC4805619,,protein_coding,4805619
LOC4814149,,protein_coding,4814149
LOC4812665,,protein_coding,4812665
LOC6897403,,protein_coding,6897403
LOC4804827,,protein_coding,4804827
LOC6897176,,protein_coding,6897176
LOC6899994,,protein_coding,6899994
LOC4803121,,protein_coding,4803121
LOC4801371,,protein_coding,4801371
LOC4811787,,protein_coding,4811787
LOC4817902,,protein_coding,4817902
LOC6898393,,protein_coding,6898393
LOC117185514,,rRNA,117185514
LOC4802041,,protein_coding,4802041
LOC4817201,,protein_coding,4817201
LOC4814650,,protein_coding,4814650
LOC4803065,,protein_coding,4803065
LOC6900234,,protein_coding,6900234
LOC4803782,,protein_coding,4803782
LOC26532365,,lncRNA,26532365
LOC4801935,,protein_coding,4801935
LOC117183816,Trnar-ccu,tRNA,117183816
LOC117183426,Trnaa-agc-5,tRNA,117183426
LOC6896965,,protein_coding,6896965
LOC6902091,,protein_coding,6902091
LOC4816194,,protein_coding,4816194
LOC4800244,,protein_coding,4800244
LOC4812904,,protein_coding,4812904
LOC4805556,,protein_coding,4805556
LOC4800657,,protein_coding,4800657
LOC6901331,,protein_coding,6901331
LOC4814134,,protein_coding,4814134
LOC4804560,,protein_coding,4804560
LOC117185198,,protein_coding,117185198
LOC26532277,,lncRNA,26532277
LOC4804383,,protein_coding,4804383
LOC4817452,,protein_coding,4817452
LOC4817778,,protein_coding,4817778
LOC6902574,,protein_coding,6902574
LOC6899894,,protein_coding,6899894
LOC6903935,,protein_coding,6903935
LOC6903079,,protein_coding,6903079
LOC117184122,,lncRNA,117184122
LOC26532788,,protein_coding,26532788
LOC117184244,,lncRNA,117184244
LOC4814952,,protein_coding,4814952
LOC4804135,,protein_coding,4804135
LOC6897094,,protein_coding,6897094
LOC4812957,,protein_coding,4812957
LOC117185269,,rRNA,117185269
LOC26532176,,lncRNA,26532176
LOC117185467,,rRNA,117185467
LOC4816360,,protein_coding,4816360
LOC4817055,,protein_coding,4817055
LOC4815108,,protein_coding,4815108
LOC4815149,,protein_coding,4815149
LOC26533352,,lncRNA,26533352
LOC6896780,,protein_coding,6896780
LOC4805699,,protein_coding,4805699
LOC4802324,,protein_coding,4802324
LOC4812258,,protein_coding,4812258
LOC26534274,,lncRNA,26534274
LOC117184565,,protein_coding,117184565
LOC4818141,,protein_coding,4818141
LOC117183577,,protein_coding,117183577
LOC4801690,,protein_coding,4801690
LOC117185575,,rRNA,117185575
LOC6897201,,rRNA,6897201
LOC117183700,,lncRNA,117183700
LOC4814932,,protein_coding,4814932
LOC4817094,,protein_coding,4817094
LOC4814733,,protein_coding,4814733
LOC4815827,,protein_coding,4815827
LOC6901853,,protein_coding,6901853
LOC6900541,,protein_coding,6900541
LOC4812588,,protein_coding,4812588
LOC6896697,,protein_coding,6896697
LOC4813179,,protein_coding,4813179
LOC4812706,,protein_coding,4812706
LOC44805026,HCS66_mgt04,tRNA,44805026
LOC26532074,,lncRNA,26532074
LOC117183839,Trnag-gcc,tRNA,117183839
LOC26533491,,lncRNA,26533491
LOC6903296,,protein_coding,6903296
LOC4811754,,protein_coding,4811754
LOC117185138,,protein_coding,117185138
LOC26532137,,protein_coding,26532137
LOC6901312,,protein_coding,6901312
LOC4801794,,protein_coding,4801794
LOC26532591,,protein_coding,26532591
LOC117185032,,protein_coding,117185032
LOC4813194,,protein_coding,4813194
LOC117183635,,protein_coding,117183635
LOC4802483,,protein_coding,4802483
LOC4811665,,protein_coding,4811665
LOC4802219,,protein_coding,4802219
LOC26533192,,protein_coding,26533192
LOC4817713,,protein_coding,4817713
LOC6903472,,protein_coding,6903472
LOC4813993,,protein_coding,4813993
LOC4816287,,protein_coding,4816287
LOC26534223,,protein_coding,26534223
LOC4800588,,protein_coding,4800588
LOC4814136,,protein_coding,4814136
LOC6897455,,protein_coding,6897455
LOC4803894,,protein_coding,4803894
LOC4818028,,protein_coding,4818028
LOC4815828,,protein_coding,4815828
LOC4801184,,protein_coding,4801184
LOC4803117,,protein_coding,4803117
LOC26532175,,protein_coding,26532175
LOC4801969,,protein_coding,4801969
LOC6898149,,protein_coding,6898149
LOC6901617,,protein_coding,6901617
LOC117184510,,lncRNA,117184510
LOC4812728,,protein_coding,4812728
LOC117183181,,protein_coding,117183181
LOC4803830,,protein_coding,4803830
LOC26532775,,protein_coding,26532775
LOC6898040,,protein_coding,6898040
LOC4813765,,protein_coding,4813765
LOC117185519,,rRNA,117185519
LOC6896742,,protein_coding,6896742
LOC4814281,,protein_coding,4814281
LOC6902132,,protein_coding,6902132
LOC4801992,,protein_coding,4801992
LOC4801103,,protein_coding,4801103
LOC4801547,,protein_coding,4801547
LOC6898698,,protein_coding,6898698
LOC6902298,,protein_coding,6902298
LOC6897155,,protein_coding,6897155
LOC4817668,,protein_coding,4817668
LOC26533063,,lncRNA,26533063
LOC4814165,,protein_coding,4814165
LOC4814816,,protein_coding,4814816
LOC4804962,,protein_coding,4804962
LOC26532958,,pseudogene,26532958
LOC6901374,,protein_coding,6901374
LOC4812686,,protein_coding,4812686
LOC6897148,,protein_coding,6897148
LOC117183951,,lncRNA,117183951
LOC4800324,,protein_coding,4800324
LOC117185659,,protein_coding,117185659
LOC6897801,,protein_coding,6897801
LOC4815315,,protein_coding,4815315
LOC4813075,,protein_coding,4813075
LOC6903558,,protein_coding,6903558
LOC4814129,,protein_coding,4814129
LOC4816514,,protein_coding,4816514
LOC6903300,,protein_coding,6903300
LOC6897362,,protein_coding,6897362
LOC6903103,,protein_coding,6903103
LOC4813243,,protein_coding,4813243
LOC4801624,,protein_coding,4801624
LOC4805002,,protein_coding,4805002
LOC4812509,,protein_coding,4812509
LOC26532192,,lncRNA,26532192
LOC4804055,,protein_coding,4804055
LOC4815573,,protein_coding,4815573
LOC117183735,,lncRNA,117183735
LOC4817133,,protein_coding,4817133
LOC6903120,,protein_coding,6903120
LOC117184644,,protein_coding,117184644
LOC117184986,,lncRNA,117184986
LOC4801226,,protein_coding,4801226
LOC4804512,,protein_coding,4804512
LOC117184698,,lncRNA,117184698
LOC26531996,,protein_coding,26531996
LOC4802982,,protein_coding,4802982
LOC6902453,,protein_coding,6902453
LOC4815218,,protein_coding,4815218
LOC6902571,,protein_coding,6902571
LOC5384075,,protein_coding,5384075
LOC4805110,,protein_coding,4805110
LOC6902633,,protein_coding,6902633
LOC4814546,,protein_coding,4814546
LOC6900588,,protein_coding,6900588
LOC4818171,,protein_coding,4818171
LOC4816811,,protein_coding,4816811
LOC117184131,,lncRNA,117184131
LOC4816767,,protein_coding,4816767
LOC6897499,,protein_coding,6897499
LOC117183968,,protein_coding,117183968
LOC6903174,,protein_coding,6903174
LOC6899222,,protein_coding,6899222
LOC4800299,,protein_coding,4800299
LOC117183760,,lncRNA,117183760
LOC117184863,,protein_coding,117184863
LOC26534447,,protein_coding,26534447
LOC26534051,,lncRNA,26534051
LOC4804833,,protein_coding,4804833
LOC4801831,,protein_coding,4801831
LOC4804443,,protein_coding,4804443
LOC4818097,,protein_coding,4818097
LOC26532111,,protein_coding,26532111
LOC4813543,,protein_coding,4813543
LOC117185019,,lncRNA,117185019
LOC6903240,,protein_coding,6903240
LOC6898231,,protein_coding,6898231
LOC4805449,,protein_coding,4805449
LOC6898805,,protein_coding,6898805
LOC6898627,,protein_coding,6898627
LOC6898268,,protein_coding,6898268
LOC4813191,,protein_coding,4813191
LOC4815687,,protein_coding,4815687
LOC4803423,,protein_coding,4803423
LOC4818169,,protein_coding,4818169
LOC6900542,,protein_coding,6900542
LOC4811775,,protein_coding,4811775
LOC117183666,,lncRNA,117183666
LOC6896963,,protein_coding,6896963
LOC4811697,,protein_coding,4811697
LOC6902102,,protein_coding,6902102
LOC6903054,,protein_coding,6903054
LOC4814543,,protein_coding,4814543
LOC117183320,,lncRNA,117183320
LOC26532882,,protein_coding,26532882
LOC6901360,,snoRNA,6901360
LOC117184275,,lncRNA,117184275
LOC6900388,,protein_coding,6900388
LOC117184538,,protein_coding,117184538
LOC13036427,,protein_coding,13036427
LOC4813827,,protein_coding,4813827
LOC4801697,,protein_coding,4801697
LOC6900836,,protein_coding,6900836
LOC6900793,,protein_coding,6900793
LOC4801571,,protein_coding,4801571
LOC4812985,,protein_coding,4812985
LOC26532247,,protein_coding,26532247
LOC4812128,,protein_coding,4812128
LOC15382870,,protein_coding,15382870
LOC4811817,,protein_coding,4811817
LOC117184468,,pseudogene,117184468
LOC6901054,,protein_coding,6901054
LOC4802669,,protein_coding,4802669
LOC6903026,,protein_coding,6903026
LOC4816060,,protein_coding,4816060
LOC4800315,,protein_coding,4800315
LOC4801943,,protein_coding,4801943
LOC117184949,,lncRNA,117184949
LOC4804457,,protein_coding,4804457
LOC4813941,,protein_coding,4813941
LOC4803154,,protein_coding,4803154
LOC26533200,,protein_coding,26533200
LOC117183434,Trnaw-cca,tRNA,117183434
LOC6900890,,protein_coding,6900890
LOC6903428,,protein_coding,6903428
LOC4818001,,protein_coding,4818001
LOC117184150,,lncRNA,117184150
LOC26532543,,lncRNA,26532543
LOC4802875,,protein_coding,4802875
LOC13036392,,protein_coding,13036392
LOC4817174,,protein_coding,4817174
LOC117183891,Trnae-uuc-2,tRNA,117183891
LOC26532847,,protein_coding,26532847
LOC6903104,,protein_coding,6903104
LOC4801995,,protein_coding,4801995
LOC6898015,,snRNA,6898015
LOC4815774,,protein_coding,4815774
LOC6900048,,protein_coding,6900048
LOC4815897,,protein_coding,4815897
LOC4801237,,protein_coding,4801237
LOC6900073,,protein_coding,6900073
LOC4814071,,protein_coding,4814071
LOC26533162,,protein_coding,26533162
LOC117184747,,lncRNA,117184747
LOC26532583,,lncRNA,26532583
LOC6896686,,protein_coding,6896686
LOC4812895,,protein_coding,4812895
LOC26532258,,lncRNA,26532258
LOC4802621,,protein_coding,4802621
LOC26533882,,lncRNA,26533882
LOC4804708,,protein_coding,4804708
LOC4812770,,protein_coding,4812770
LOC117183325,,protein_coding,117183325
LOC6897554,,protein_coding,6897554
LOC6900587,,protein_coding,6900587
LOC6903978,,protein_coding,6903978
LOC117184749,,protein_coding,117184749
LOC4817796,,protein_coding,4817796
LOC117184583,,lncRNA,117184583
LOC4812419,,protein_coding,4812419
LOC4816463,,protein_coding,4816463
LOC6898163,,protein_coding,6898163
LOC4817108,,protein_coding,4817108
LOC4816300,,protein_coding,4816300
LOC6896970,,protein_coding,6896970
LOC6897109,,protein_coding,6897109
LOC6900482,,protein_coding,6900482
LOC4816337,,protein_coding,4816337
LOC117185142,,protein_coding,117185142
LOC117183869,Trnah-gug-4,tRNA,117183869
LOC4816175,,protein_coding,4816175
LOC6902447,,protein_coding,6902447
LOC4804387,,protein_coding,4804387
LOC6898971,,protein_coding,6898971
LOC6902275,,protein_coding,6902275
LOC4815236,,protein_coding,4815236
LOC6903241,,protein_coding,6903241
LOC4804296,,protein_coding,4804296
LOC4817792,,protein_coding,4817792
LOC6903150,,protein_coding,6903150
LOC4817227,,protein_coding,4817227
LOC4812286,,protein_coding,4812286
LOC6902482,,protein_coding,6902482
LOC4813614,,protein_coding,4813614
LOC4803771,,protein_coding,4803771
LOC26533476,,protein_coding,26533476
LOC4817432,,protein_coding,4817432
LOC6896776,,protein_coding,6896776
LOC4803675,,protein_coding,4803675
LOC4803391,,protein_coding,4803391
LOC6902723,,protein_coding,6902723
LOC4816274,,protein_coding,4816274
LOC4813641,,protein_coding,4813641
LOC4804972,,protein_coding,4804972
LOC4818137,,protein_coding,4818137
LOC6902393,,protein_coding,6902393
LOC4814879,,protein_coding,4814879
LOC4805618,,protein_coding,4805618
LOC6902765,,protein_coding,6902765
LOC4803128,,protein_coding,4803128
LOC6900276,,snoRNA,6900276
LOC117184023,,protein_coding,117184023
LOC6901384,,protein_coding,6901384
LOC4816167,,protein_coding,4816167
LOC6896746,,protein_coding,6896746
LOC117183710,,protein_coding,117183710
LOC26533744,,protein_coding,26533744
LOC4812931,,protein_coding,4812931
LOC4814396,,protein_coding,4814396
LOC117184610,,lncRNA,117184610
LOC6897405,,protein_coding,6897405
LOC4815533,,protein_coding,4815533
LOC4816318,,protein_coding,4816318
LOC4805565,,protein_coding,4805565
LOC4812436,,protein_coding,4812436
LOC4804848,,protein_coding,4804848
LOC117183250,,protein_coding,117183250
LOC4817518,,protein_coding,4817518
LOC4803101,,protein_coding,4803101
LOC4816386,,protein_coding,4816386
LOC4814116,,protein_coding,4814116
LOC4812114,,protein_coding,4812114
LOC6899195,,protein_coding,6899195
LOC26533167,,lncRNA,26533167
LOC117184770,,lncRNA,117184770
LOC4816885,,protein_coding,4816885
LOC4814891,,protein_coding,4814891
LOC4812075,,protein_coding,4812075
LOC6896913,,protein_coding,6896913
LOC4803957,,protein_coding,4803957
LOC6900096,,protein_coding,6900096
LOC4816185,,protein_coding,4816185
LOC4804421,,protein_coding,4804421
LOC4817952,,protein_coding,4817952
LOC26533253,,protein_coding,26533253
LOC4802023,,protein_coding,4802023
LOC117183463,Trnat-agu-4,tRNA,117183463
LOC4816537,,protein_coding,4816537
LOC117183685,,lncRNA,117183685
LOC4817512,,protein_coding,4817512
LOC6903471,,protein_coding,6903471
LOC26532394,,lncRNA,26532394
LOC4803570,,protein_coding,4803570
LOC6898070,,protein_coding,6898070
LOC6899744,,protein_coding,6899744
LOC4813062,,protein_coding,4813062
LOC4815209,,protein_coding,4815209
LOC117184509,,lncRNA,117184509
LOC26532938,,protein_coding,26532938
LOC4801781,,protein_coding,4801781
LOC117184876,,protein_coding,117184876
LOC4816208,,protein_coding,4816208
LOC6901487,,protein_coding,6901487
LOC4801746,,protein_coding,4801746
LOC4814197,,protein_coding,4814197
LOC4813087,,protein_coding,4813087
LOC6898437,,protein_coding,6898437
LOC117185643,,lncRNA,117185643
LOC4814171,,protein_coding,4814171
LOC6899900,,protein_coding,6899900
LOC4805389,,protein_coding,4805389
LOC6901860,,protein_coding,6901860
LOC117184106,,protein_coding,117184106
LOC4805004,,protein_coding,4805004
LOC6902320,,protein_coding,6902320
LOC4803758,,protein_coding,4803758
LOC6900710,,protein_coding,6900710
LOC117185250,,pseudogene,117185250
LOC6900427,,protein_coding,6900427
LOC117183855,Trnaa-cgc-3,tRNA,117183855
LOC4812047,,protein_coding,4812047
LOC4813775,,protein_coding,4813775
LOC6903523,,protein_coding,6903523
LOC6901965,,protein_coding,6901965
LOC4813254,,protein_coding,4813254
LOC117185442,,rRNA,117185442
LOC117184428,,protein_coding,117184428
LOC117185473,,rRNA,117185473
LOC117185202,,protein_coding,117185202
LOC117185199,,lncRNA,117185199
LOC4804434,,protein_coding,4804434
LOC4815518,,protein_coding,4815518
LOC6900875,,protein_coding,6900875
LOC4803879,,protein_coding,4803879
LOC13036429,,protein_coding,13036429
LOC4802494,,protein_coding,4802494
LOC4803558,,protein_coding,4803558
LOC6902456,,protein_coding,6902456
LOC4803343,,protein_coding,4803343
LOC4813956,,protein_coding,4813956
LOC4813182,,protein_coding,4813182
LOC4812537,,protein_coding,4812537
LOC4811703,,protein_coding,4811703
LOC6897373,,protein_coding,6897373
LOC4805456,,protein_coding,4805456
LOC117184852,,lncRNA,117184852
LOC4804086,,protein_coding,4804086
LOC4812519,,protein_coding,4812519
LOC6900727,,protein_coding,6900727
LOC4814486,,protein_coding,4814486
LOC117184704,,lncRNA,117184704
LOC4805081,,protein_coding,4805081
LOC4815107,,protein_coding,4815107
LOC6902645,,protein_coding,6902645
LOC117184513,,lncRNA,117184513
LOC26533188,,lncRNA,26533188
LOC13036497,,protein_coding,13036497
LOC4803362,,protein_coding,4803362
LOC26533410,,protein_coding,26533410
LOC4817567,,protein_coding,4817567
LOC4814034,,protein_coding,4814034
LOC4812026,,protein_coding,4812026
LOC26533512,,protein_coding,26533512
LOC4800794,,protein_coding,4800794
LOC6900296,,protein_coding,6900296
LOC6903352,,protein_coding,6903352
LOC4804083,,protein_coding,4804083
LOC4805310,,protein_coding,4805310
LOC6897456,,protein_coding,6897456
LOC6898541,,protein_coding,6898541
LOC4814683,,protein_coding,4814683
LOC6897898,,protein_coding,6897898
LOC4817087,,protein_coding,4817087
LOC4802838,,protein_coding,4802838
LOC4804775,,protein_coding,4804775
LOC4802500,,protein_coding,4802500
LOC117183252,,lncRNA,117183252
LOC6902032,,protein_coding,6902032
LOC6901055,,protein_coding,6901055
LOC117185591,Trnae-cuc-17,tRNA,117185591
LOC6899436,,protein_coding,6899436
LOC26531984,,lncRNA,26531984
LOC117184965,,lncRNA,117184965
LOC4805152,,protein_coding,4805152
LOC117183240,,lncRNA,117183240
LOC4803358,,protein_coding,4803358
LOC4805741,,protein_coding,4805741
LOC6900764,,protein_coding,6900764
LOC4801636,,protein_coding,4801636
LOC4804261,,protein_coding,4804261
LOC117183162,,protein_coding,117183162
LOC4817762,,protein_coding,4817762
LOC117183613,,lncRNA,117183613
LOC6903205,,protein_coding,6903205
LOC117183825,Trnag-ucc-4,tRNA,117183825
LOC6898336,,protein_coding,6898336
LOC4811779,,protein_coding,4811779
LOC26532541,,protein_coding,26532541
LOC6897751,,protein_coding,6897751
LOC4814656,,protein_coding,4814656
LOC4817413,,protein_coding,4817413
LOC4812382,,protein_coding,4812382
LOC4800790,,protein_coding,4800790
LOC6897625,,protein_coding,6897625
LOC6900826,,protein_coding,6900826
LOC4814248,,protein_coding,4814248
LOC4816142,,protein_coding,4816142
LOC4818194,,protein_coding,4818194
LOC6897407,,protein_coding,6897407
LOC4801617,,protein_coding,4801617
LOC6902708,,protein_coding,6902708
LOC4804609,,protein_coding,4804609
LOC4804918,,protein_coding,4804918
LOC117184803,,lncRNA,117184803
LOC6898499,,protein_coding,6898499
LOC4815621,,protein_coding,4815621
LOC4801537,,protein_coding,4801537
LOC26533006,,protein_coding,26533006
LOC26532519,,lncRNA,26532519
LOC6896695,,protein_coding,6896695
LOC4804165,,protein_coding,4804165
LOC4801618,,protein_coding,4801618
LOC6897855,,protein_coding,6897855
LOC6901777,,protein_coding,6901777
LOC4803250,,protein_coding,4803250
LOC4803004,,protein_coding,4803004
LOC6903619,,protein_coding,6903619
LOC26534423,,lncRNA,26534423
LOC6900758,,protein_coding,6900758
LOC117183977,,protein_coding,117183977
LOC4812928,,protein_coding,4812928
LOC4812958,,protein_coding,4812958
LOC6902623,,protein_coding,6902623
LOC4811932,,protein_coding,4811932
LOC6903936,,protein_coding,6903936
LOC26532954,,protein_coding,26532954
LOC6901084,,protein_coding,6901084
LOC15382895,,protein_coding,15382895
LOC4800664,,protein_coding,4800664
LOC6901388,,protein_coding,6901388
LOC4815605,,protein_coding,4815605
LOC4803518,,protein_coding,4803518
LOC26532300,,lncRNA,26532300
LOC6901452,,protein_coding,6901452
LOC4816904,,protein_coding,4816904
LOC4803837,,protein_coding,4803837
LOC4805183,,protein_coding,4805183
LOC6903458,,lncRNA,6903458
LOC44805049,HCS66_mgt20,tRNA,44805049
LOC4803270,,protein_coding,4803270
LOC26533713,,lncRNA,26533713
LOC26533611,,lncRNA,26533611
LOC6898228,,protein_coding,6898228
LOC26534114,,protein_coding,26534114
LOC117184567,,lncRNA,117184567
LOC4801096,,protein_coding,4801096
LOC4804234,,protein_coding,4804234
LOC6900952,,protein_coding,6900952
LOC26532010,,protein_coding,26532010
LOC4804173,,protein_coding,4804173
LOC117184435,,protein_coding,117184435
LOC6901619,,protein_coding,6901619
LOC6902130,,protein_coding,6902130
LOC6901600,,protein_coding,6901600
LOC4816224,,protein_coding,4816224
LOC6902500,,protein_coding,6902500
LOC6901229,,protein_coding,6901229
LOC6897089,,protein_coding,6897089
LOC4814937,,protein_coding,4814937
LOC4815795,,protein_coding,4815795
LOC117184617,,protein_coding,117184617
LOC4814188,,protein_coding,4814188
LOC6901105,,protein_coding,6901105
LOC4815576,,protein_coding,4815576
LOC26532895,,lncRNA,26532895
LOC6897917,,protein_coding,6897917
LOC4811971,,protein_coding,4811971
LOC4803599,,protein_coding,4803599
LOC6900554,,protein_coding,6900554
LOC4805092,,protein_coding,4805092
LOC4800500,,protein_coding,4800500
LOC26532944,,lncRNA,26532944
LOC4801771,,protein_coding,4801771
LOC4811996,,protein_coding,4811996
LOC6902326,,protein_coding,6902326
LOC6903311,,protein_coding,6903311
LOC6903213,,protein_coding,6903213
LOC4816130,,protein_coding,4816130
LOC4812002,,protein_coding,4812002
LOC4818131,,protein_coding,4818131
LOC4804004,,protein_coding,4804004
LOC117185139,,protein_coding,117185139
LOC6900002,,protein_coding,6900002
LOC4804973,,protein_coding,4804973
LOC6900981,,protein_coding,6900981
LOC26534217,,protein_coding,26534217
LOC117185510,,rRNA,117185510
LOC6897858,,protein_coding,6897858
LOC4814627,,protein_coding,4814627
LOC26533088,,lncRNA,26533088
LOC4816611,,protein_coding,4816611
LOC6903446,,protein_coding,6903446
LOC117185135,,pseudogene,117185135
LOC4802842,,protein_coding,4802842
LOC4805079,,protein_coding,4805079
LOC4803295,,protein_coding,4803295
LOC4803507,,protein_coding,4803507
LOC6902977,,protein_coding,6902977
LOC4815359,,protein_coding,4815359
LOC6902776,,snoRNA,6902776
LOC6902390,,protein_coding,6902390
LOC4804483,,protein_coding,4804483
LOC4802683,,protein_coding,4802683
LOC4805614,,protein_coding,4805614
LOC26534306,,protein_coding,26534306
LOC6899108,,protein_coding,6899108
LOC6897297,,protein_coding,6897297
LOC4801861,,protein_coding,4801861
LOC26533400,,protein_coding,26533400
LOC4800809,,pseudogene,4800809
LOC117185373,Trnam-cau-9,tRNA,117185373
LOC4802382,,protein_coding,4802382
LOC6902804,,protein_coding,6902804
LOC4815018,,protein_coding,4815018
LOC4804140,,protein_coding,4804140
LOC6900247,,protein_coding,6900247
LOC6898953,,snoRNA,6898953
LOC6900087,,protein_coding,6900087
LOC4814005,,protein_coding,4814005
LOC4818108,,protein_coding,4818108
LOC6902715,,protein_coding,6902715
LOC117183487,,lncRNA,117183487
LOC117184956,,lncRNA,117184956
LOC4814297,,protein_coding,4814297
LOC4817350,,protein_coding,4817350
LOC117184978,,lncRNA,117184978
LOC117184436,,lncRNA,117184436
LOC4802837,,protein_coding,4802837
LOC4813498,,protein_coding,4813498
LOC4817463,,protein_coding,4817463
LOC6902739,,protein_coding,6902739
LOC6898108,,protein_coding,6898108
LOC4805115,,protein_coding,4805115
LOC4802144,,protein_coding,4802144
LOC4804733,,protein_coding,4804733
LOC6903283,,protein_coding,6903283
LOC117183966,,pseudogene,117183966
LOC4804253,,protein_coding,4804253
LOC117185158,,protein_coding,117185158
LOC26533187,,lncRNA,26533187
LOC4817797,,protein_coding,4817797
LOC6897878,,protein_coding,6897878
LOC6898058,,protein_coding,6898058
LOC117184919,,protein_coding,117184919
LOC4812977,,protein_coding,4812977
LOC4805211,,protein_coding,4805211
LOC4801457,,protein_coding,4801457
LOC6898152,,protein_coding,6898152
LOC4813714,,protein_coding,4813714
LOC117185623,,lncRNA,117185623
LOC4814189,,protein_coding,4814189
LOC117184317,Trnad-guc-5,tRNA,117184317
LOC4816034,,protein_coding,4816034
LOC26534125,,lncRNA,26534125
LOC4800913,,protein_coding,4800913
LOC6897459,,protein_coding,6897459
LOC6897208,,protein_coding,6897208
LOC4812569,,protein_coding,4812569
LOC117185561,,protein_coding,117185561
LOC6902595,,protein_coding,6902595
LOC26533901,,lncRNA,26533901
LOC6900810,,protein_coding,6900810
LOC4801283,,protein_coding,4801283
LOC6902343,,protein_coding,6902343
LOC4803087,,protein_coding,4803087
LOC4803689,,protein_coding,4803689
LOC4803377,,protein_coding,4803377
LOC6898899,,protein_coding,6898899
LOC4813409,,protein_coding,4813409
LOC26532150,,lncRNA,26532150
LOC117185075,,lncRNA,117185075
LOC117184245,,lncRNA,117184245
LOC4804946,,protein_coding,4804946
LOC4815635,,protein_coding,4815635
LOC6897901,,protein_coding,6897901
LOC6898830,,protein_coding,6898830
LOC4801409,,protein_coding,4801409
LOC4804887,,protein_coding,4804887
LOC4801947,,protein_coding,4801947
LOC4811893,,protein_coding,4811893
LOC4817397,,protein_coding,4817397
LOC26532129,,pseudogene,26532129
LOC15382892,,protein_coding,15382892
LOC6897168,,protein_coding,6897168
LOC6902347,,protein_coding,6902347
LOC6902658,,protein_coding,6902658
LOC4802533,,protein_coding,4802533
LOC4811737,,protein_coding,4811737
LOC6896948,,protein_coding,6896948
LOC4816263,,protein_coding,4816263
LOC4813506,,protein_coding,4813506
LOC4805278,,protein_coding,4805278
LOC4805245,,protein_coding,4805245
LOC4800754,,protein_coding,4800754
LOC6902809,,protein_coding,6902809
LOC13036329,,protein_coding,13036329
LOC4803022,,protein_coding,4803022
LOC117183874,Trnar-acg-2,tRNA,117183874
LOC117184755,,protein_coding,117184755
LOC6902626,,protein_coding,6902626
LOC117185419,,pseudogene,117185419
LOC4803384,,protein_coding,4803384
LOC4803939,,protein_coding,4803939
LOC117185020,,lncRNA,117185020
LOC44805041,HCS66_mgp04,protein_coding,44805041
LOC117184691,,protein_coding,117184691
LOC117183562,,protein_coding,117183562
LOC4813294,,protein_coding,4813294
LOC4817546,,protein_coding,4817546
LOC4811956,,protein_coding,4811956
LOC6898690,,protein_coding,6898690
LOC4805509,,protein_coding,4805509
LOC117183797,,snoRNA,117183797
LOC6900650,,snoRNA,6900650
LOC26533825,,lncRNA,26533825
LOC4814538,,protein_coding,4814538
LOC26532213,,lncRNA,26532213
LOC117184469,,lncRNA,117184469
LOC6897482,,protein_coding,6897482
LOC4811807,,protein_coding,4811807
LOC6902206,,protein_coding,6902206
LOC6903318,,protein_coding,6903318
LOC6897965,,protein_coding,6897965
LOC6897601,,protein_coding,6897601
LOC4813741,,protein_coding,4813741
LOC4800246,,protein_coding,4800246
LOC6897794,,protein_coding,6897794
LOC4804942,,protein_coding,4804942
LOC4812094,,protein_coding,4812094
LOC13036506,,protein_coding,13036506
LOC117185233,,rRNA,117185233
LOC4817343,,protein_coding,4817343
LOC4803392,,protein_coding,4803392
LOC117183803,Trnal-aag,tRNA,117183803
LOC4813231,,protein_coding,4813231
LOC4812303,,protein_coding,4812303
LOC4814098,,protein_coding,4814098
LOC4802933,,protein_coding,4802933
LOC6896769,,protein_coding,6896769
LOC4800521,,protein_coding,4800521
LOC4816040,,protein_coding,4816040
LOC4812270,,protein_coding,4812270
LOC4815487,,protein_coding,4815487
LOC6896657,,protein_coding,6896657
LOC4803193,,protein_coding,4803193
LOC4803809,,protein_coding,4803809
LOC6899403,,pseudogene,6899403
LOC6901279,,protein_coding,6901279
LOC4817994,,protein_coding,4817994
LOC117184552,,protein_coding,117184552
LOC4804397,,protein_coding,4804397
LOC26534158,,protein_coding,26534158
LOC6903447,,protein_coding,6903447
LOC4818168,,protein_coding,4818168
LOC4802870,,protein_coding,4802870
LOC4814976,,protein_coding,4814976
LOC6898159,,protein_coding,6898159
LOC4818088,,protein_coding,4818088
LOC4815903,,protein_coding,4815903
LOC4816392,,protein_coding,4816392
LOC117183607,,lncRNA,117183607
LOC4816258,,protein_coding,4816258
LOC26533416,,lncRNA,26533416
LOC4813918,,protein_coding,4813918
LOC117185533,,rRNA,117185533
LOC117185043,,protein_coding,117185043
LOC13036432,,protein_coding,13036432
LOC4812555,,protein_coding,4812555
LOC6900998,,protein_coding,6900998
LOC117184759,,lncRNA,117184759
LOC4802333,,protein_coding,4802333
LOC5384073,,protein_coding,5384073
LOC117184828,,lncRNA,117184828
LOC4800622,,protein_coding,4800622
LOC117184938,,lncRNA,117184938
LOC6897920,,protein_coding,6897920
LOC117184019,,lncRNA,117184019
LOC4804685,,protein_coding,4804685
LOC4814530,,protein_coding,4814530
LOC26533735,,lncRNA,26533735
LOC6901627,,protein_coding,6901627
LOC117185528,,rRNA,117185528
LOC4813773,,protein_coding,4813773
LOC4817186,,protein_coding,4817186
LOC4804752,,protein_coding,4804752
LOC26532009,,protein_coding,26532009
LOC6898503,,protein_coding,6898503
LOC4815891,,protein_coding,4815891
LOC117183618,,lncRNA,117183618
LOC6901714,,protein_coding,6901714
LOC117185186,,protein_coding,117185186
LOC26532112,,protein_coding,26532112
LOC26532689,,lncRNA,26532689
LOC4814871,,protein_coding,4814871
LOC4802679,,protein_coding,4802679
LOC4814680,,protein_coding,4814680
LOC26532485,,lncRNA,26532485
LOC6899871,,protein_coding,6899871
LOC6902187,,protein_coding,6902187
LOC117184837,,protein_coding,117184837
LOC4812553,,protein_coding,4812553
LOC26533885,,protein_coding,26533885
LOC4802843,,protein_coding,4802843
LOC117184816,,protein_coding,117184816
LOC4817866,,protein_coding,4817866
LOC26532785,,lncRNA,26532785
LOC4817057,,protein_coding,4817057
LOC4800631,,protein_coding,4800631
LOC4812541,,protein_coding,4812541
LOC6903012,,protein_coding,6903012
LOC26532919,,lncRNA,26532919
LOC6897284,,protein_coding,6897284
LOC117183680,,lncRNA,117183680
LOC4816780,,protein_coding,4816780
LOC4815890,,protein_coding,4815890
LOC6900667,,protein_coding,6900667
LOC26533602,,lncRNA,26533602
LOC4803188,,protein_coding,4803188
LOC6902805,,protein_coding,6902805
LOC4813961,,protein_coding,4813961
LOC4804944,,protein_coding,4804944
LOC4818066,,protein_coding,4818066
LOC26533338,,lncRNA,26533338
LOC4817101,,protein_coding,4817101
LOC4802464,,protein_coding,4802464
LOC117184309,Trnag-gcc-7,tRNA,117184309
LOC117184175,,lncRNA,117184175
LOC26532458,,lncRNA,26532458
LOC4803275,,protein_coding,4803275
LOC4811679,,protein_coding,4811679
LOC4815557,,protein_coding,4815557
LOC4804936,,protein_coding,4804936
LOC6900424,,protein_coding,6900424
LOC26534002,,protein_coding,26534002
LOC4802550,,protein_coding,4802550
LOC6897884,,protein_coding,6897884
LOC117183798,,snoRNA,117183798
LOC4813575,,protein_coding,4813575
LOC6901974,,protein_coding,6901974
LOC4800281,,protein_coding,4800281
LOC6900408,,protein_coding,6900408
LOC6901003,,pseudogene,6901003
LOC6901710,,protein_coding,6901710
LOC117184934,,lncRNA,117184934
LOC4815743,,protein_coding,4815743
LOC117185627,,lncRNA,117185627
LOC4800931,,protein_coding,4800931
LOC4804697,,protein_coding,4804697
LOC4812355,,protein_coding,4812355
LOC26532146,,protein_coding,26532146
LOC117184821,,protein_coding,117184821
LOC6901285,,protein_coding,6901285
LOC117184706,,lncRNA,117184706
LOC4800468,,protein_coding,4800468
LOC4804588,,protein_coding,4804588
LOC4816084,,protein_coding,4816084
LOC4804497,,protein_coding,4804497
LOC4818095,,protein_coding,4818095
LOC26533603,,lncRNA,26533603
LOC4817721,,protein_coding,4817721
LOC6902047,,lncRNA,6902047
LOC6903284,,pseudogene,6903284
LOC117183603,,protein_coding,117183603
LOC4814791,,protein_coding,4814791
LOC4801270,,protein_coding,4801270
LOC4816901,,protein_coding,4816901
LOC4805267,,protein_coding,4805267
LOC117185127,,lncRNA,117185127
LOC13036369,,protein_coding,13036369
LOC117184103,,lncRNA,117184103
LOC6899550,,protein_coding,6899550
LOC6902582,,protein_coding,6902582
LOC117185592,,protein_coding,117185592
LOC4803885,,protein_coding,4803885
LOC117183849,Trnar-acg-9,tRNA,117183849
LOC117185052,,protein_coding,117185052
LOC117184443,,lncRNA,117184443
LOC117183901,,lncRNA,117183901
LOC4817982,,protein_coding,4817982
LOC4805324,,protein_coding,4805324
LOC6900677,,protein_coding,6900677
LOC4803032,,protein_coding,4803032
LOC4813380,,protein_coding,4813380
LOC117183534,,protein_coding,117183534
LOC4802930,,protein_coding,4802930
LOC117185150,,protein_coding,117185150
LOC117185576,,rRNA,117185576
LOC4804098,,protein_coding,4804098
LOC6900178,,protein_coding,6900178
LOC4801554,,protein_coding,4801554
LOC4817859,,protein_coding,4817859
LOC6900698,,protein_coding,6900698
LOC6898644,,protein_coding,6898644
LOC26533445,,lncRNA,26533445
LOC26534193,,lncRNA,26534193
LOC6901984,,protein_coding,6901984
LOC4816602,,protein_coding,4816602
LOC6897821,,protein_coding,6897821
LOC4803056,,protein_coding,4803056
LOC117185486,,rRNA,117185486
LOC4813094,,protein_coding,4813094
LOC4805275,,protein_coding,4805275
LOC4801591,,protein_coding,4801591
LOC4814640,,protein_coding,4814640
LOC117185297,,rRNA,117185297
LOC117184119,,lncRNA,117184119
LOC4813625,,protein_coding,4813625
LOC117185657,,lncRNA,117185657
LOC6898224,,protein_coding,6898224
LOC6903210,,protein_coding,6903210
LOC26532478,,protein_coding,26532478
LOC4812763,,protein_coding,4812763
LOC4802218,,protein_coding,4802218
LOC4805637,,protein_coding,4805637
LOC6898828,,protein_coding,6898828
LOC4802749,,protein_coding,4802749
LOC4805194,,protein_coding,4805194
LOC4801244,,protein_coding,4801244
LOC4816051,,protein_coding,4816051
LOC6898296,,protein_coding,6898296
LOC4802846,,protein_coding,4802846
LOC26532410,,protein_coding,26532410
LOC117183837,Trnan-guu-6,tRNA,117183837
LOC4804568,,protein_coding,4804568
LOC6901820,,protein_coding,6901820
LOC6900259,,protein_coding,6900259
LOC4804336,,protein_coding,4804336
LOC4805609,,protein_coding,4805609
LOC4812731,,protein_coding,4812731
LOC4812420,,protein_coding,4812420
LOC4801227,,protein_coding,4801227
LOC4802200,,protein_coding,4802200
LOC4817650,,protein_coding,4817650
LOC4816115,,protein_coding,4816115
LOC117183766,,protein_coding,117183766
LOC117183511,,lncRNA,117183511
LOC4813966,,protein_coding,4813966
LOC4803747,,protein_coding,4803747
LOC6898752,,protein_coding,6898752
LOC4817358,,protein_coding,4817358
LOC117184523,,lncRNA,117184523
LOC4815505,,protein_coding,4815505
LOC4818063,,protein_coding,4818063
LOC6902457,,protein_coding,6902457
LOC4815802,,protein_coding,4815802
LOC4802555,,protein_coding,4802555
LOC117185188,,lncRNA,117185188
LOC4813312,,protein_coding,4813312
LOC6902611,,protein_coding,6902611
LOC4802156,,protein_coding,4802156
LOC6897181,,protein_coding,6897181
LOC6900019,,protein_coding,6900019
LOC4801698,,protein_coding,4801698
LOC4803511,,protein_coding,4803511
LOC6902177,,protein_coding,6902177
LOC4805331,,protein_coding,4805331
LOC4800355,,protein_coding,4800355
LOC117183824,Trnag-ucc-3,tRNA,117183824
LOC117184332,Trnaq-cug-5,tRNA,117184332
LOC4813324,,protein_coding,4813324
LOC117184697,,lncRNA,117184697
LOC4812831,,protein_coding,4812831
LOC6898504,,protein_coding,6898504
LOC4803598,,protein_coding,4803598
LOC6899058,,protein_coding,6899058
LOC4814787,,protein_coding,4814787
LOC4801550,,protein_coding,4801550
LOC4802136,,protein_coding,4802136
LOC117183718,,protein_coding,117183718
LOC4811985,,protein_coding,4811985
LOC6896733,,protein_coding,6896733
LOC6900526,,protein_coding,6900526
LOC117183251,,lncRNA,117183251
LOC6901800,,protein_coding,6901800
LOC6898495,,protein_coding,6898495
LOC6899109,,protein_coding,6899109
LOC4800860,,protein_coding,4800860
LOC117184995,,lncRNA,117184995
LOC4802891,,protein_coding,4802891
LOC6898650,,protein_coding,6898650
LOC4817814,,protein_coding,4817814
LOC6901306,,protein_coding,6901306
LOC4813740,,protein_coding,4813740
LOC6902669,,protein_coding,6902669
LOC4813171,,protein_coding,4813171
LOC4817537,,protein_coding,4817537
LOC4817173,,protein_coding,4817173
LOC6896904,,protein_coding,6896904
LOC4812211,,protein_coding,4812211
LOC4800894,,protein_coding,4800894
LOC117184918,,protein_coding,117184918
LOC4815090,,protein_coding,4815090
LOC4814480,,protein_coding,4814480
LOC6902042,,protein_coding,6902042
LOC4812791,,protein_coding,4812791
LOC4815503,,protein_coding,4815503
LOC4813437,,protein_coding,4813437
LOC117184738,,protein_coding,117184738
LOC6898888,,protein_coding,6898888
LOC4805388,,protein_coding,4805388
LOC4814388,,protein_coding,4814388
LOC4813012,,protein_coding,4813012
LOC6896973,,protein_coding,6896973
LOC4816008,,protein_coding,4816008
LOC117184767,,lncRNA,117184767
LOC4815610,,protein_coding,4815610
LOC6903043,,protein_coding,6903043
LOC4816481,,protein_coding,4816481
LOC4803428,,protein_coding,4803428
LOC4815480,,protein_coding,4815480
LOC6899937,,protein_coding,6899937
LOC117184050,,lncRNA,117184050
LOC4803746,,protein_coding,4803746
LOC4804090,,protein_coding,4804090
LOC4800956,,protein_coding,4800956
LOC6903298,,protein_coding,6903298
LOC117183949,,protein_coding,117183949
LOC6898479,,protein_coding,6898479
LOC13036560,,protein_coding,13036560
LOC4801977,,protein_coding,4801977
LOC13036374,,protein_coding,13036374
LOC4800503,,protein_coding,4800503
LOC26534257,,lncRNA,26534257
LOC26532152,,protein_coding,26532152
LOC6897786,,protein_coding,6897786
LOC6898988,,protein_coding,6898988
LOC117184831,,protein_coding,117184831
LOC4817422,,protein_coding,4817422
LOC26534145,,lncRNA,26534145
LOC6898959,,protein_coding,6898959
LOC26532352,,protein_coding,26532352
LOC4815761,,protein_coding,4815761
LOC6899342,,protein_coding,6899342
LOC117185368,Trnas-aga-7,tRNA,117185368
LOC6898034,,protein_coding,6898034
LOC4800978,,protein_coding,4800978
LOC6897256,,protein_coding,6897256
LOC4816186,,protein_coding,4816186
LOC4800278,,protein_coding,4800278
LOC117183478,Trnat-cgu,tRNA,117183478
LOC6898203,,protein_coding,6898203
LOC6903207,,protein_coding,6903207
LOC6898237,,protein_coding,6898237
LOC4815808,,protein_coding,4815808
LOC4816993,,protein_coding,4816993
LOC117184340,,lncRNA,117184340
LOC6898379,,protein_coding,6898379
LOC6902199,,protein_coding,6902199
LOC4816564,,protein_coding,4816564
LOC117183243,,protein_coding,117183243
LOC117183245,,protein_coding,117183245
LOC117183464,Trnaa-agc-9,tRNA,117183464
LOC26534038,,protein_coding,26534038
LOC4801787,,protein_coding,4801787
LOC26532928,,lncRNA,26532928
LOC26532691,,protein_coding,26532691
LOC4812287,,protein_coding,4812287
LOC6902308,,protein_coding,6902308
LOC4817327,,protein_coding,4817327
LOC4801434,,protein_coding,4801434
LOC4802643,,protein_coding,4802643
LOC4803754,,protein_coding,4803754
LOC4800934,,protein_coding,4800934
LOC117183424,Trnaa-agc,tRNA,117183424
LOC6898304,,protein_coding,6898304
LOC117185231,,rRNA,117185231
LOC4812362,,protein_coding,4812362
LOC117185028,,lncRNA,117185028
LOC26534363,,protein_coding,26534363
LOC6897576,,protein_coding,6897576
LOC117184783,,lncRNA,117184783
LOC4812508,,protein_coding,4812508
LOC4814964,,protein_coding,4814964
LOC4813689,,protein_coding,4813689
LOC117184288,Trnag-gcc-6,tRNA,117184288
LOC4816864,,protein_coding,4816864
LOC6902749,,protein_coding,6902749
LOC4803413,,protein_coding,4803413
LOC4812872,,protein_coding,4812872
LOC6897103,,protein_coding,6897103
LOC6902683,,protein_coding,6902683
LOC6903126,,protein_coding,6903126
LOC6897402,,protein_coding,6897402
LOC117183373,,protein_coding,117183373
LOC6903014,,protein_coding,6903014
LOC4812968,,protein_coding,4812968
LOC6896989,,protein_coding,6896989
LOC4816197,,protein_coding,4816197
LOC117184325,Trnae-cuc-6,tRNA,117184325
LOC6903603,,protein_coding,6903603
LOC117185429,,lncRNA,117185429
LOC4812080,,protein_coding,4812080
LOC4813411,,protein_coding,4813411
LOC26532100,,lncRNA,26532100
LOC4817832,,protein_coding,4817832
LOC117184674,,protein_coding,117184674
LOC4805567,,protein_coding,4805567
LOC117185678,,protein_coding,117185678
LOC4800926,,protein_coding,4800926
LOC4817855,,protein_coding,4817855
LOC4813284,,protein_coding,4813284
LOC6903398,,protein_coding,6903398
LOC4817321,,protein_coding,4817321
LOC4803831,,protein_coding,4803831
LOC4800554,,protein_coding,4800554
LOC4804965,,protein_coding,4804965
LOC117183654,,lncRNA,117183654
LOC4800793,,protein_coding,4800793
LOC117184148,,protein_coding,117184148
LOC44805043,HCS66_mgr02,rRNA,44805043
LOC117185017,,protein_coding,117185017
LOC6897885,,protein_coding,6897885
LOC117184322,Trnag-gcc-12,tRNA,117184322
LOC26533223,,protein_coding,26533223
LOC4802586,,protein_coding,4802586
LOC4800313,,protein_coding,4800313
LOC6902271,,protein_coding,6902271
LOC4801501,,protein_coding,4801501
LOC4812025,,protein_coding,4812025
LOC6899076,,snoRNA,6899076
LOC4802085,,protein_coding,4802085
LOC6900602,,protein_coding,6900602
LOC4814648,,protein_coding,4814648
LOC4813823,,protein_coding,4813823
LOC117185432,,lncRNA,117185432
LOC4805139,,protein_coding,4805139
LOC4815004,,protein_coding,4815004
LOC4805184,,protein_coding,4805184
LOC4817725,,protein_coding,4817725
LOC6903493,,protein_coding,6903493
LOC4816416,,protein_coding,4816416
LOC4817113,,protein_coding,4817113
LOC117184709,,protein_coding,117184709
LOC4802433,,protein_coding,4802433
LOC117183493,,lncRNA,117183493
LOC6897285,,protein_coding,6897285
LOC117184494,,lncRNA,117184494
LOC4814239,,protein_coding,4814239
LOC4803131,,protein_coding,4803131
LOC26532640,,protein_coding,26532640
LOC6897381,,protein_coding,6897381
LOC4816401,,protein_coding,4816401
LOC4814478,,protein_coding,4814478
LOC117184646,,protein_coding,117184646
LOC4815499,,protein_coding,4815499
LOC117184967,,lncRNA,117184967
LOC6899149,,protein_coding,6899149
LOC26532267,,protein_coding,26532267
LOC6901066,,protein_coding,6901066
LOC4816682,,protein_coding,4816682
LOC4812310,,protein_coding,4812310
LOC4816830,,protein_coding,4816830
LOC4814312,,protein_coding,4814312
LOC4817580,,protein_coding,4817580
LOC4802161,,protein_coding,4802161
LOC4812360,,protein_coding,4812360
LOC4802872,,protein_coding,4802872
LOC4812525,,protein_coding,4812525
LOC4801061,,protein_coding,4801061
LOC4801743,,protein_coding,4801743
LOC4800253,,protein_coding,4800253
LOC117185413,,protein_coding,117185413
LOC4800842,,protein_coding,4800842
LOC4816057,,protein_coding,4816057
LOC117184215,,lncRNA,117184215
LOC4813738,,protein_coding,4813738
LOC117185059,,lncRNA,117185059
LOC117184307,Trnag-gcc-4,tRNA,117184307
LOC6900436,,protein_coding,6900436
LOC117184751,,protein_coding,117184751
LOC6903110,,protein_coding,6903110
LOC4818163,,protein_coding,4818163
LOC6903065,,protein_coding,6903065
LOC4800383,,protein_coding,4800383
LOC4801920,,protein_coding,4801920
LOC4802901,,protein_coding,4802901
LOC4801253,,protein_coding,4801253
LOC4813704,,protein_coding,4813704
LOC4812975,,protein_coding,4812975
LOC4814257,,protein_coding,4814257
LOC4805484,,protein_coding,4805484
LOC6897037,,protein_coding,6897037
LOC6903554,,protein_coding,6903554
LOC26533718,,lncRNA,26533718
LOC26533334,,lncRNA,26533334
LOC6898160,,protein_coding,6898160
LOC6902222,,protein_coding,6902222
LOC26532643,,protein_coding,26532643
LOC4813825,,protein_coding,4813825
LOC117185417,,rRNA,117185417
LOC6897647,,protein_coding,6897647
LOC4812027,,protein_coding,4812027
LOC4817579,,protein_coding,4817579
LOC6897562,,protein_coding,6897562
LOC4816502,,protein_coding,4816502
LOC4813367,,protein_coding,4813367
LOC4804763,,protein_coding,4804763
LOC26532216,,lncRNA,26532216
LOC4815586,,protein_coding,4815586
LOC4803365,,protein_coding,4803365
LOC4815035,,protein_coding,4815035
LOC6897081,,protein_coding,6897081
LOC26532916,,lncRNA,26532916
LOC4812184,,protein_coding,4812184
LOC6903334,,protein_coding,6903334
LOC6897100,,protein_coding,6897100
LOC4815522,,protein_coding,4815522
LOC4814103,,protein_coding,4814103
LOC4815921,,protein_coding,4815921
LOC4815730,,protein_coding,4815730
LOC4813826,,protein_coding,4813826
LOC4815047,,protein_coding,4815047
LOC4802980,,protein_coding,4802980
LOC4804025,,protein_coding,4804025
LOC4801341,,protein_coding,4801341
LOC4801462,,protein_coding,4801462
LOC4817681,,protein_coding,4817681
LOC4815641,,protein_coding,4815641
LOC4815227,,protein_coding,4815227
LOC4802393,,protein_coding,4802393
LOC4804409,,protein_coding,4804409
LOC6901064,,protein_coding,6901064
LOC6903491,,protein_coding,6903491
LOC4804177,,protein_coding,4804177
LOC4816803,,protein_coding,4816803
LOC4813616,,protein_coding,4813616
LOC26533240,,protein_coding,26533240
LOC4817736,,protein_coding,4817736
LOC4801640,,protein_coding,4801640
LOC117184149,,lncRNA,117184149
LOC4804917,,protein_coding,4804917
LOC4803325,,protein_coding,4803325
LOC117183563,,protein_coding,117183563
LOC4805422,,protein_coding,4805422
LOC4800779,,protein_coding,4800779
LOC117183258,,protein_coding,117183258
LOC4817618,,protein_coding,4817618
LOC4816210,,protein_coding,4816210
LOC6902139,,protein_coding,6902139
LOC4813671,,protein_coding,4813671
LOC4801762,,protein_coding,4801762
LOC117183632,,protein_coding,117183632
LOC4817447,,protein_coding,4817447
LOC4816579,,protein_coding,4816579
LOC4803067,,protein_coding,4803067
LOC6899197,,protein_coding,6899197
LOC4817824,,protein_coding,4817824
LOC4800572,,protein_coding,4800572
LOC6899062,,protein_coding,6899062
LOC4801799,,protein_coding,4801799
LOC4817949,,protein_coding,4817949
LOC4817517,,protein_coding,4817517
LOC6897112,,protein_coding,6897112
LOC117185037,,lncRNA,117185037
LOC4814211,,protein_coding,4814211
LOC4816907,,protein_coding,4816907
LOC117183641,,protein_coding,117183641
LOC4815382,,protein_coding,4815382
LOC117185634,,protein_coding,117185634
LOC4803115,,protein_coding,4803115
LOC4801141,,protein_coding,4801141
LOC117185005,,lncRNA,117185005
LOC4815987,,protein_coding,4815987
LOC4813900,,protein_coding,4813900
LOC6898835,,protein_coding,6898835
LOC4805123,,protein_coding,4805123
LOC117183617,,protein_coding,117183617
LOC4814524,,protein_coding,4814524
LOC4814348,,protein_coding,4814348
LOC6901858,,protein_coding,6901858
LOC4812488,,protein_coding,4812488
LOC4801151,,protein_coding,4801151
LOC4805234,,protein_coding,4805234
LOC117185177,,lncRNA,117185177
LOC117184714,,protein_coding,117184714
LOC6898250,,protein_coding,6898250
LOC4805431,,protein_coding,4805431
LOC6898642,,protein_coding,6898642
LOC4801658,,protein_coding,4801658
LOC4801703,,protein_coding,4801703
LOC4817861,,protein_coding,4817861
LOC4800616,,protein_coding,4800616
LOC4815995,,protein_coding,4815995
LOC4800303,,protein_coding,4800303
LOC117185562,,protein_coding,117185562
LOC6898315,,snoRNA,6898315
LOC4817226,,protein_coding,4817226
LOC4817076,,protein_coding,4817076
LOC4817617,,protein_coding,4817617
LOC4813484,,protein_coding,4813484
LOC4815844,,protein_coding,4815844
LOC6899907,,protein_coding,6899907
LOC4817335,,protein_coding,4817335
LOC26534378,,protein_coding,26534378
LOC4801079,,protein_coding,4801079
LOC4815180,,protein_coding,4815180
LOC4800867,,protein_coding,4800867
LOC4803404,,protein_coding,4803404
LOC4812030,,protein_coding,4812030
LOC6898625,,protein_coding,6898625
LOC6902730,,protein_coding,6902730
LOC6903297,,protein_coding,6903297
LOC6903339,,protein_coding,6903339
LOC4812411,,protein_coding,4812411
LOC6900768,,protein_coding,6900768
LOC117184601,,lncRNA,117184601
LOC4800951,,protein_coding,4800951
LOC6897658,,protein_coding,6897658
LOC4814597,,protein_coding,4814597
LOC4812195,,protein_coding,4812195
LOC4802997,,protein_coding,4802997
LOC6900368,,protein_coding,6900368
LOC26532096,,lncRNA,26532096
LOC4817482,,protein_coding,4817482
LOC6897607,,protein_coding,6897607
LOC117183896,Trnas-cga,tRNA,117183896
LOC4813183,,protein_coding,4813183
LOC4811707,,protein_coding,4811707
LOC4817770,,protein_coding,4817770
LOC6904030,,protein_coding,6904030
LOC4802794,,protein_coding,4802794
LOC4803705,,protein_coding,4803705
LOC6899102,,protein_coding,6899102
LOC6901115,,protein_coding,6901115
LOC4817600,,protein_coding,4817600
LOC4804895,,protein_coding,4804895
LOC4805122,,protein_coding,4805122
LOC6901371,,protein_coding,6901371
LOC26534041,,protein_coding,26534041
LOC4811992,,protein_coding,4811992
LOC117183695,,protein_coding,117183695
LOC4804063,,protein_coding,4804063
LOC4814667,,protein_coding,4814667
LOC6897701,,protein_coding,6897701
LOC6897487,,protein_coding,6897487
LOC4802654,,protein_coding,4802654
LOC6899967,,protein_coding,6899967
LOC6902643,,protein_coding,6902643
LOC4804841,,protein_coding,4804841
LOC4800476,,protein_coding,4800476
LOC4803298,,protein_coding,4803298
LOC26534199,,protein_coding,26534199
LOC26532751,,protein_coding,26532751
LOC6902692,,protein_coding,6902692
LOC6900706,,protein_coding,6900706
LOC117184097,,lncRNA,117184097
LOC6903295,,protein_coding,6903295
LOC4803345,,protein_coding,4803345
LOC6898577,,protein_coding,6898577
LOC6899914,,protein_coding,6899914
LOC26533429,,lncRNA,26533429
LOC4817418,,protein_coding,4817418
LOC6897666,,protein_coding,6897666
LOC117183671,,protein_coding,117183671
LOC6897793,,protein_coding,6897793
LOC4800580,,protein_coding,4800580
LOC4816076,,protein_coding,4816076
LOC117183698,,lncRNA,117183698
LOC4815330,,protein_coding,4815330
LOC4817728,,protein_coding,4817728
LOC4816107,,protein_coding,4816107
LOC4805024,,protein_coding,4805024
LOC4805142,,protein_coding,4805142
LOC4816280,,protein_coding,4816280
LOC6898812,,protein_coding,6898812
LOC6898370,,protein_coding,6898370
LOC26534295,,lncRNA,26534295
LOC4812465,,protein_coding,4812465
LOC4812891,,protein_coding,4812891
LOC4813929,,protein_coding,4813929
LOC26532156,,protein_coding,26532156
LOC6899054,,protein_coding,6899054
LOC4813241,,protein_coding,4813241
LOC117184659,,lncRNA,117184659
LOC6900819,,protein_coding,6900819
LOC6904092,,protein_coding,6904092
LOC6901907,,protein_coding,6901907
LOC6903269,,protein_coding,6903269
LOC6902972,,protein_coding,6902972
LOC26534170,,protein_coding,26534170
LOC117183202,,protein_coding,117183202
LOC6902140,,protein_coding,6902140
LOC4815297,,protein_coding,4815297
LOC26533686,,lncRNA,26533686
LOC4805350,,protein_coding,4805350
LOC4803686,,protein_coding,4803686
LOC26534282,,protein_coding,26534282
LOC4805601,,protein_coding,4805601
LOC4815078,,protein_coding,4815078
LOC6896992,,protein_coding,6896992
LOC4800776,,protein_coding,4800776
LOC117183602,,protein_coding,117183602
LOC4815996,,protein_coding,4815996
LOC4817965,,protein_coding,4817965
LOC6902699,,protein_coding,6902699
LOC4800275,,protein_coding,4800275
LOC117183973,,lncRNA,117183973
LOC6902205,,protein_coding,6902205
LOC4814980,,protein_coding,4814980
LOC6902614,,protein_coding,6902614
LOC117184037,,protein_coding,117184037
LOC44805029,HCS66_mgt07,tRNA,44805029
LOC6896748,,protein_coding,6896748
LOC6901921,,protein_coding,6901921
LOC4816935,,protein_coding,4816935
LOC4801172,,protein_coding,4801172
LOC117183167,,protein_coding,117183167
LOC26533762,,protein_coding,26533762
LOC6903226,,protein_coding,6903226
LOC6902656,,protein_coding,6902656
LOC4805682,,protein_coding,4805682
LOC4802975,,protein_coding,4802975
LOC6897327,,protein_coding,6897327
LOC4813692,,protein_coding,4813692
LOC4804351,,protein_coding,4804351
LOC4815715,,protein_coding,4815715
LOC4817556,,protein_coding,4817556
LOC4805015,,protein_coding,4805015
LOC4803367,,protein_coding,4803367
LOC117185215,,protein_coding,117185215
LOC117183876,Trnan-guu-7,tRNA,117183876
LOC6898118,,protein_coding,6898118
LOC4803684,,protein_coding,4803684
LOC117184701,,lncRNA,117184701
LOC4802999,,protein_coding,4802999
LOC4815083,,protein_coding,4815083
LOC4803604,,protein_coding,4803604
LOC4816539,,protein_coding,4816539
LOC117185303,,rRNA,117185303
LOC6903243,,protein_coding,6903243
LOC4802125,,protein_coding,4802125
LOC4816970,,protein_coding,4816970
LOC4817326,,protein_coding,4817326
LOC4800659,,protein_coding,4800659
LOC117184429,,lncRNA,117184429
LOC4813153,,protein_coding,4813153
LOC6898754,,protein_coding,6898754
LOC4817978,,protein_coding,4817978
LOC4812929,,protein_coding,4812929
LOC26532433,,lncRNA,26532433
LOC4812702,,protein_coding,4812702
LOC4816169,,protein_coding,4816169
LOC4801902,,protein_coding,4801902
LOC4816631,,protein_coding,4816631
LOC117184792,,lncRNA,117184792
LOC4802673,,protein_coding,4802673
LOC4804285,,protein_coding,4804285
LOC4812474,,protein_coding,4812474
LOC4814167,,protein_coding,4814167
LOC4814997,,protein_coding,4814997
LOC4800369,,protein_coding,4800369
LOC6899992,,protein_coding,6899992
LOC6896995,,protein_coding,6896995
LOC4802489,,protein_coding,4802489
LOC26534432,,lncRNA,26534432
LOC4816082,,protein_coding,4816082
LOC6896940,,protein_coding,6896940
LOC6898896,,protein_coding,6898896
LOC4802727,,protein_coding,4802727
LOC4804329,,protein_coding,4804329
LOC6896707,,protein_coding,6896707
LOC4803190,,protein_coding,4803190
LOC4815575,,protein_coding,4815575
LOC6902713,,lncRNA,6902713
LOC6902496,,protein_coding,6902496
LOC4814240,,protein_coding,4814240
LOC4815331,,protein_coding,4815331
LOC6898166,,protein_coding,6898166
LOC4814868,,protein_coding,4814868
LOC6901118,,protein_coding,6901118
LOC6903186,,protein_coding,6903186
LOC117185159,,lncRNA,117185159
LOC117183451,Trnak-uuu-4,tRNA,117183451
LOC4803838,,protein_coding,4803838
LOC4817115,,protein_coding,4817115
LOC6898223,,protein_coding,6898223
LOC4803896,,protein_coding,4803896
LOC6898198,,protein_coding,6898198
LOC26533245,,protein_coding,26533245
LOC6903267,,protein_coding,6903267
LOC4812320,,protein_coding,4812320
LOC4801338,,protein_coding,4801338
LOC4812041,,protein_coding,4812041
LOC4814727,,protein_coding,4814727
LOC26532961,,protein_coding,26532961
LOC117183559,,protein_coding,117183559
LOC4802400,,protein_coding,4802400
LOC6902903,,protein_coding,6902903
LOC4801855,,protein_coding,4801855
LOC4804153,,protein_coding,4804153
LOC4805293,,protein_coding,4805293
LOC4816620,,protein_coding,4816620
LOC26533608,,protein_coding,26533608
LOC4816493,,protein_coding,4816493
LOC4800946,,protein_coding,4800946
LOC26532025,,protein_coding,26532025
LOC4813185,,protein_coding,4813185
LOC4815857,,protein_coding,4815857
LOC6901954,,protein_coding,6901954
LOC4803884,,protein_coding,4803884
LOC4801877,,protein_coding,4801877
LOC4801929,,protein_coding,4801929
LOC4816796,,protein_coding,4816796
LOC6898447,,protein_coding,6898447
LOC117184675,,lncRNA,117184675
LOC6902960,,protein_coding,6902960
LOC6901559,,protein_coding,6901559
LOC4804612,,protein_coding,4804612
LOC4817219,,protein_coding,4817219
LOC4802542,,protein_coding,4802542
LOC6900308,,protein_coding,6900308
LOC4817477,,protein_coding,4817477
LOC117184657,,lncRNA,117184657
LOC117183327,,protein_coding,117183327
LOC117185343,Trnaf-gaa-7,tRNA,117185343
LOC4816119,,protein_coding,4816119
LOC4802619,,protein_coding,4802619
LOC4817021,,protein_coding,4817021
LOC26533878,,lncRNA,26533878
LOC117183646,,lncRNA,117183646
LOC6900117,,protein_coding,6900117
LOC4805087,,protein_coding,4805087
LOC117184943,,lncRNA,117184943
LOC4815640,,protein_coding,4815640
LOC26532368,,protein_coding,26532368
LOC4816490,,protein_coding,4816490
LOC6896683,,protein_coding,6896683
LOC6903313,,protein_coding,6903313
LOC4803290,,protein_coding,4803290
LOC6900130,,protein_coding,6900130
LOC4812147,,protein_coding,4812147
LOC4804906,,protein_coding,4804906
LOC6897350,,protein_coding,6897350
LOC4816365,,protein_coding,4816365
LOC4816752,,protein_coding,4816752
LOC4801970,,protein_coding,4801970
LOC4802883,,protein_coding,4802883
LOC4802632,,protein_coding,4802632
LOC4816920,,protein_coding,4816920
LOC4804082,,protein_coding,4804082
LOC6896762,,protein_coding,6896762
LOC4816547,,protein_coding,4816547
LOC4802056,,protein_coding,4802056
LOC4816320,,protein_coding,4816320
LOC4815288,,protein_coding,4815288
LOC26532871,,protein_coding,26532871
LOC4815528,,protein_coding,4815528
LOC4812400,,protein_coding,4812400
LOC117183169,,protein_coding,117183169
LOC4812285,,protein_coding,4812285
LOC4801325,,protein_coding,4801325
LOC26532442,,protein_coding,26532442
LOC6902518,,protein_coding,6902518
LOC4817584,,protein_coding,4817584
LOC4801488,,protein_coding,4801488
LOC6901075,,protein_coding,6901075
LOC117184758,,protein_coding,117184758
LOC4812926,,protein_coding,4812926
LOC6899164,,pseudogene,6899164
LOC4815433,,protein_coding,4815433
LOC117183595,,lncRNA,117183595
LOC6902092,,protein_coding,6902092
LOC6897485,,protein_coding,6897485
LOC26532517,,protein_coding,26532517
LOC4803283,,protein_coding,4803283
LOC4801292,,protein_coding,4801292
LOC4804486,,protein_coding,4804486
LOC4804330,,protein_coding,4804330
LOC4803241,,protein_coding,4803241
LOC6903039,,protein_coding,6903039
LOC4812251,,protein_coding,4812251
LOC6901398,,protein_coding,6901398
LOC4805155,,protein_coding,4805155
LOC4802359,,protein_coding,4802359
LOC4815013,,protein_coding,4815013
LOC4815477,,protein_coding,4815477
LOC4804709,,protein_coding,4804709
LOC117184314,Trnar-ccu-4,tRNA,117184314
LOC6901833,,protein_coding,6901833
LOC4804120,,protein_coding,4804120
LOC117183756,,lncRNA,117183756
LOC4801767,,protein_coding,4801767
LOC4800977,,protein_coding,4800977
LOC4817768,,protein_coding,4817768
LOC26534394,,lncRNA,26534394
LOC117184896,,lncRNA,117184896
LOC6900606,,protein_coding,6900606
LOC4814426,,protein_coding,4814426
LOC4816609,,protein_coding,4816609
LOC117183533,,lncRNA,117183533
LOC6900255,,protein_coding,6900255
LOC4812282,,protein_coding,4812282
LOC117183916,,protein_coding,117183916
LOC4817947,,protein_coding,4817947
LOC117185637,,protein_coding,117185637
LOC6901217,,protein_coding,6901217
LOC6902807,,protein_coding,6902807
LOC117184625,,lncRNA,117184625
LOC4813902,,protein_coding,4813902
LOC4812554,,protein_coding,4812554
LOC4817989,,protein_coding,4817989
LOC117183775,,protein_coding,117183775
LOC4817473,,protein_coding,4817473
LOC117183594,,lncRNA,117183594
LOC4815436,,protein_coding,4815436
LOC4800524,,protein_coding,4800524
LOC6898044,,protein_coding,6898044
LOC4805162,,protein_coding,4805162
LOC26534101,,protein_coding,26534101
LOC117185350,Trnap-agg-6,tRNA,117185350
LOC6896832,,protein_coding,6896832
LOC6897848,,protein_coding,6897848
LOC26534267,,protein_coding,26534267
LOC4816527,,protein_coding,4816527
LOC117183610,,protein_coding,117183610
LOC4802415,,protein_coding,4802415
LOC4817611,,protein_coding,4817611
LOC4814226,,protein_coding,4814226
LOC4812069,,protein_coding,4812069
LOC6898161,,protein_coding,6898161
LOC6903031,,protein_coding,6903031
LOC4805441,,protein_coding,4805441
LOC117183298,,protein_coding,117183298
LOC4803937,,protein_coding,4803937
LOC4813352,,protein_coding,4813352
LOC4814746,,protein_coding,4814746
LOC26534388,,lncRNA,26534388
LOC4801412,,protein_coding,4801412
LOC4812040,,protein_coding,4812040
LOC6899944,,protein_coding,6899944
LOC4802364,,protein_coding,4802364
LOC6901769,,protein_coding,6901769
LOC6901927,,protein_coding,6901927
LOC4816346,,protein_coding,4816346
LOC4817825,,protein_coding,4817825
LOC26531990,,lncRNA,26531990
LOC6901031,,protein_coding,6901031
LOC4814689,,protein_coding,4814689
LOC4804813,,protein_coding,4804813
LOC6902333,,protein_coding,6902333
LOC6897032,,protein_coding,6897032
LOC4817507,,protein_coding,4817507
LOC4817830,,protein_coding,4817830
LOC4812454,,protein_coding,4812454
LOC4800525,,protein_coding,4800525
LOC117184458,,lncRNA,117184458
LOC26533952,,protein_coding,26533952
LOC6896983,,protein_coding,6896983
LOC6898840,,protein_coding,6898840
LOC4801131,,protein_coding,4801131
LOC4812859,,protein_coding,4812859
LOC4800778,,protein_coding,4800778
LOC4812228,,protein_coding,4812228
LOC26532641,,lncRNA,26532641
LOC4804062,,protein_coding,4804062
LOC4804817,,protein_coding,4804817
LOC4816548,,protein_coding,4816548
LOC117185143,,lncRNA,117185143
LOC4816791,,protein_coding,4816791
LOC4816489,,protein_coding,4816489
LOC26534317,,lncRNA,26534317
LOC117184152,,protein_coding,117184152
LOC4814826,,protein_coding,4814826
LOC117184329,Trnag-gcc-13,tRNA,117184329
LOC4802692,,protein_coding,4802692
LOC4800364,,protein_coding,4800364
LOC4814329,,protein_coding,4814329
LOC4814346,,protein_coding,4814346
LOC4801142,,protein_coding,4801142
LOC6900777,,protein_coding,6900777
LOC6903235,,protein_coding,6903235
LOC4800345,,protein_coding,4800345
LOC4814040,,protein_coding,4814040
LOC6903030,,protein_coding,6903030
LOC117184879,,protein_coding,117184879
LOC4815151,,protein_coding,4815151
LOC117183644,,lncRNA,117183644
LOC4816283,,protein_coding,4816283
LOC117183372,,lncRNA,117183372
LOC26533557,,protein_coding,26533557
LOC117184537,,protein_coding,117184537
LOC6900181,,protein_coding,6900181
LOC4814339,,protein_coding,4814339
LOC117185635,,protein_coding,117185635
LOC117184287,Trnag-ccc,tRNA,117184287
LOC4817308,,protein_coding,4817308
LOC4801162,,protein_coding,4801162
LOC6902400,,protein_coding,6902400
LOC117183502,,lncRNA,117183502
LOC4813673,,protein_coding,4813673
LOC6902514,,protein_coding,6902514
LOC6899077,,snoRNA,6899077
LOC26534034,,protein_coding,26534034
LOC6900431,,protein_coding,6900431
LOC4816875,,protein_coding,4816875
LOC4801934,,protein_coding,4801934
LOC4802323,,protein_coding,4802323
LOC117184224,,protein_coding,117184224
LOC4812120,,protein_coding,4812120
LOC26534053,,lncRNA,26534053
LOC26533353,,lncRNA,26533353
LOC6897369,,protein_coding,6897369
LOC4814400,,protein_coding,4814400
LOC4802693,,protein_coding,4802693
LOC6903395,,protein_coding,6903395
LOC4800541,,protein_coding,4800541
LOC4805008,,protein_coding,4805008
LOC6902771,,protein_coding,6902771
LOC6900217,,protein_coding,6900217
LOC6903381,,protein_coding,6903381
LOC117183845,Trnak-cuu-11,tRNA,117183845
LOC117184671,,protein_coding,117184671
LOC6903042,,protein_coding,6903042
LOC117185342,Trnag-gcc-14,tRNA,117185342
LOC4815569,,protein_coding,4815569
LOC117184741,,lncRNA,117184741
LOC6901909,,protein_coding,6901909
LOC6898593,,snoRNA,6898593
LOC26532114,,protein_coding,26532114
LOC6902049,,protein_coding,6902049
LOC4814580,,protein_coding,4814580
LOC117183588,,protein_coding,117183588
LOC6896891,,protein_coding,6896891
LOC4813964,,protein_coding,4813964
LOC6903195,,protein_coding,6903195
LOC4812587,,protein_coding,4812587
LOC6897067,,protein_coding,6897067
LOC6898855,,protein_coding,6898855
LOC13036348,,protein_coding,13036348
LOC4800753,,protein_coding,4800753
LOC4812935,,protein_coding,4812935
LOC4800453,,protein_coding,4800453
LOC6896869,,protein_coding,6896869
LOC4801976,,protein_coding,4801976
LOC4813120,,protein_coding,4813120
LOC26532384,,protein_coding,26532384
LOC4812459,,protein_coding,4812459
LOC4813137,,protein_coding,4813137
LOC4812518,,protein_coding,4812518
LOC4817425,,protein_coding,4817425
LOC26532003,,lncRNA,26532003
LOC4814770,,protein_coding,4814770
LOC4801798,,protein_coding,4801798
LOC4816111,,protein_coding,4816111
LOC6897320,,protein_coding,6897320
LOC4804808,,protein_coding,4804808
LOC6903248,,protein_coding,6903248
LOC6897102,,protein_coding,6897102
LOC6900488,,protein_coding,6900488
LOC4816123,,protein_coding,4816123
LOC4804331,,protein_coding,4804331
LOC4803808,,protein_coding,4803808
LOC4800932,,protein_coding,4800932
LOC4802797,,protein_coding,4802797
LOC117184012,,protein_coding,117184012
LOC4811974,,protein_coding,4811974
LOC4801515,,protein_coding,4801515
LOC4803708,,protein_coding,4803708
LOC4817530,,protein_coding,4817530
LOC6896996,,protein_coding,6896996
LOC6899963,,protein_coding,6899963
LOC4805127,,protein_coding,4805127
LOC26532341,,lncRNA,26532341
LOC6898217,,protein_coding,6898217
LOC6898260,,protein_coding,6898260
LOC4802605,,protein_coding,4802605
LOC4817647,,protein_coding,4817647
LOC26532953,,lncRNA,26532953
LOC13036531,,protein_coding,13036531
LOC4812589,,protein_coding,4812589
LOC4803197,,protein_coding,4803197
LOC6897611,,protein_coding,6897611
LOC117185610,,protein_coding,117185610
LOC4816645,,protein_coding,4816645
LOC6897995,,protein_coding,6897995
LOC4802277,,protein_coding,4802277
LOC4803095,,protein_coding,4803095
LOC4802566,,protein_coding,4802566
LOC4814285,,protein_coding,4814285
LOC4815905,,protein_coding,4815905
LOC4814058,,protein_coding,4814058
LOC6901442,,protein_coding,6901442
LOC6903538,,protein_coding,6903538
LOC6903009,,protein_coding,6903009
LOC4802337,,protein_coding,4802337
LOC6901210,,protein_coding,6901210
LOC26534341,,lncRNA,26534341
LOC4803040,,protein_coding,4803040
LOC117183947,,lncRNA,117183947
LOC4804320,,protein_coding,4804320
LOC117183745,,lncRNA,117183745
LOC4816647,,protein_coding,4816647
LOC4816065,,protein_coding,4816065
LOC6902632,,protein_coding,6902632
LOC4815072,,protein_coding,4815072
LOC4812965,,protein_coding,4812965
LOC4815430,,protein_coding,4815430
LOC6902630,,snRNA,6902630
LOC6897150,,protein_coding,6897150
LOC117185227,,rRNA,117185227
LOC6901779,,protein_coding,6901779
LOC6901403,,protein_coding,6901403
LOC6902829,,protein_coding,6902829
LOC4800255,,protein_coding,4800255
LOC4803960,,protein_coding,4803960
LOC6896807,,protein_coding,6896807
LOC6898909,,protein_coding,6898909
LOC4804223,,protein_coding,4804223
LOC4812974,,protein_coding,4812974
LOC6901702,,protein_coding,6901702
LOC117184032,,protein_coding,117184032
LOC6900291,,protein_coding,6900291
LOC4801569,,protein_coding,4801569
LOC117184134,,protein_coding,117184134
LOC4817320,,protein_coding,4817320
LOC6900775,,protein_coding,6900775
LOC117185218,,lncRNA,117185218
LOC4800996,,protein_coding,4800996
LOC4800247,,protein_coding,4800247
LOC6902542,,protein_coding,6902542
LOC4814227,,protein_coding,4814227
LOC4800955,,protein_coding,4800955
LOC117183448,Trnaq-uug,tRNA,117183448
LOC117185367,Trnad-guc-13,tRNA,117185367
LOC4800480,,protein_coding,4800480
LOC4812685,,protein_coding,4812685
LOC6899162,,protein_coding,6899162
LOC6901002,,protein_coding,6901002
LOC6897986,,protein_coding,6897986
LOC4801666,,protein_coding,4801666
LOC4804003,,protein_coding,4804003
LOC6897994,,protein_coding,6897994
LOC4812596,,protein_coding,4812596
LOC4815138,,protein_coding,4815138
LOC4817744,,protein_coding,4817744
LOC4817323,,protein_coding,4817323
LOC6901641,,protein_coding,6901641
LOC4813146,,protein_coding,4813146
LOC117184926,,lncRNA,117184926
LOC117185197,,protein_coding,117185197
LOC4817104,,protein_coding,4817104
LOC4816511,,protein_coding,4816511
LOC4815707,,protein_coding,4815707
LOC4801800,,protein_coding,4801800
LOC117184721,,lncRNA,117184721
LOC4815481,,protein_coding,4815481
LOC6903274,,protein_coding,6903274
LOC6900797,,protein_coding,6900797
LOC4813572,,protein_coding,4813572
LOC4805516,,protein_coding,4805516
LOC4815425,,protein_coding,4815425
LOC4804216,,protein_coding,4804216
LOC4803387,,protein_coding,4803387
LOC4800644,,protein_coding,4800644
LOC4803393,,protein_coding,4803393
LOC4804000,,protein_coding,4804000
LOC117185565,,lncRNA,117185565
LOC4804045,,protein_coding,4804045
LOC6897843,,protein_coding,6897843
LOC4812733,,protein_coding,4812733
LOC117184710,,lncRNA,117184710
LOC4801298,,protein_coding,4801298
LOC6897710,,protein_coding,6897710
LOC4801106,,protein_coding,4801106
LOC4801674,,protein_coding,4801674
LOC4817621,,protein_coding,4817621
LOC4803806,,protein_coding,4803806
LOC4814299,,protein_coding,4814299
LOC4800645,,protein_coding,4800645
LOC4800394,,protein_coding,4800394
LOC4804367,,protein_coding,4804367
LOC117183888,Trnak-cuu,tRNA,117183888
LOC117185239,,rRNA,117185239
LOC4802148,,protein_coding,4802148
LOC117183712,,protein_coding,117183712
LOC6897742,,protein_coding,6897742
LOC4800441,,protein_coding,4800441
LOC4805197,,protein_coding,4805197
LOC4802272,,protein_coding,4802272
LOC4817488,,protein_coding,4817488
LOC6900624,,protein_coding,6900624
LOC4801148,,protein_coding,4801148
LOC6898493,,protein_coding,6898493
LOC26533165,,lncRNA,26533165
LOC4803664,,protein_coding,4803664
LOC4813856,,protein_coding,4813856
LOC4817940,,protein_coding,4817940
LOC4812762,,protein_coding,4812762
LOC117183800,Trnah-gug-2,tRNA,117183800
LOC4816678,,protein_coding,4816678
LOC117183917,,protein_coding,117183917
LOC6902958,,protein_coding,6902958
LOC117183348,,lncRNA,117183348
LOC4801249,,protein_coding,4801249
LOC6902679,,protein_coding,6902679
LOC6902466,,protein_coding,6902466
LOC4812203,,protein_coding,4812203
LOC4812162,,protein_coding,4812162
LOC26532630,,pseudogene,26532630
LOC4812071,,protein_coding,4812071
LOC6896842,,protein_coding,6896842
LOC4803688,,protein_coding,4803688
LOC26532194,,lncRNA,26532194
LOC4803030,,protein_coding,4803030
LOC4800239,,protein_coding,4800239
LOC6901006,,protein_coding,6901006
LOC26534283,,protein_coding,26534283
LOC6902318,,protein_coding,6902318
LOC4816049,,protein_coding,4816049
LOC4804928,,protein_coding,4804928
LOC6901708,,protein_coding,6901708
LOC26532680,,protein_coding,26532680
LOC4814953,,protein_coding,4814953
LOC6899941,,protein_coding,6899941
LOC26532080,,lncRNA,26532080
LOC6897356,,protein_coding,6897356
LOC6901173,,protein_coding,6901173
LOC4802646,,protein_coding,4802646
LOC6901766,,protein_coding,6901766
LOC4805200,,protein_coding,4805200
LOC4816072,,protein_coding,4816072
LOC4812252,,protein_coding,4812252
LOC6901260,,protein_coding,6901260
LOC6898552,,snoRNA,6898552
LOC26533436,,protein_coding,26533436
LOC117184361,,lncRNA,117184361
LOC6899372,,protein_coding,6899372
LOC117184981,,lncRNA,117184981
LOC6898026,,protein_coding,6898026
LOC4812044,,protein_coding,4812044
LOC4804747,,protein_coding,4804747
LOC6900316,,protein_coding,6900316
LOC4813754,,protein_coding,4813754
LOC4804663,,protein_coding,4804663
LOC4813143,,protein_coding,4813143
LOC4818101,,protein_coding,4818101
LOC117184511,,protein_coding,117184511
LOC6898634,,protein_coding,6898634
LOC4814556,,protein_coding,4814556
LOC6902949,,protein_coding,6902949
LOC117184959,,protein_coding,117184959
LOC6898181,,protein_coding,6898181
LOC4814775,,protein_coding,4814775
LOC4814138,,protein_coding,4814138
LOC4801759,,protein_coding,4801759
LOC4805291,,protein_coding,4805291
LOC4817622,,protein_coding,4817622
LOC117183591,,protein_coding,117183591
LOC117185344,Trnal-cag-2,tRNA,117185344
LOC4814342,,protein_coding,4814342
LOC117184200,,protein_coding,117184200
LOC117183655,,protein_coding,117183655
LOC4811676,,protein_coding,4811676
LOC6901541,,protein_coding,6901541
LOC6903977,,protein_coding,6903977
LOC4802097,,protein_coding,4802097
LOC4804966,,protein_coding,4804966
LOC6900626,,protein_coding,6900626
LOC4812592,,protein_coding,4812592
LOC6897783,,protein_coding,6897783
LOC117184446,,lncRNA,117184446
LOC6903596,,protein_coding,6903596
LOC117184053,,lncRNA,117184053
LOC117184132,,lncRNA,117184132
LOC6897580,,protein_coding,6897580
LOC6901479,,protein_coding,6901479
LOC117184069,,lncRNA,117184069
LOC4812906,,protein_coding,4812906
LOC4817281,,protein_coding,4817281
LOC4814372,,protein_coding,4814372
LOC4815877,,protein_coding,4815877
LOC6898833,,protein_coding,6898833
LOC6897269,,protein_coding,6897269
LOC4800891,,protein_coding,4800891
LOC4803081,,protein_coding,4803081
LOC44805044,HCS66_mgr01,rRNA,44805044
LOC4815676,,protein_coding,4815676
LOC117184076,,protein_coding,117184076
LOC117183308,,protein_coding,117183308
LOC6901575,,protein_coding,6901575
LOC4816016,,protein_coding,4816016
LOC4812231,,protein_coding,4812231
LOC4815718,,protein_coding,4815718
LOC117184735,,lncRNA,117184735
LOC4812064,,protein_coding,4812064
LOC4804567,,protein_coding,4804567
LOC6897626,,snRNA,6897626
LOC4817807,,protein_coding,4817807
LOC117185249,,pseudogene,117185249
LOC4812738,,protein_coding,4812738
LOC4812318,,protein_coding,4812318
LOC4815355,,protein_coding,4815355
LOC4815679,,protein_coding,4815679
LOC117184629,,lncRNA,117184629
LOC4813315,,protein_coding,4813315
LOC4801900,,protein_coding,4801900
LOC4801735,,protein_coding,4801735
LOC4815486,,protein_coding,4815486
LOC4816334,,protein_coding,4816334
LOC117183871,Trnaw-cca-6,tRNA,117183871
LOC6902793,,protein_coding,6902793
LOC4802423,,protein_coding,4802423
LOC6898480,,protein_coding,6898480
LOC4802208,,protein_coding,4802208
LOC26534155,,lncRNA,26534155
LOC4803051,,protein_coding,4803051
LOC6896830,,protein_coding,6896830
LOC4816654,,protein_coding,4816654
LOC4802992,,protein_coding,4802992
LOC6898094,,protein_coding,6898094
LOC117184645,,lncRNA,117184645
LOC4816264,,protein_coding,4816264
LOC4805116,,protein_coding,4805116
LOC4805279,,protein_coding,4805279
LOC4800936,,protein_coding,4800936
LOC4815244,,protein_coding,4815244
LOC4816709,,protein_coding,4816709
LOC6901406,,protein_coding,6901406
LOC4816768,,protein_coding,4816768
LOC4816733,,protein_coding,4816733
LOC4812212,,protein_coding,4812212
LOC4816799,,protein_coding,4816799
LOC4816677,,protein_coding,4816677
LOC4800705,,protein_coding,4800705
LOC117184268,,protein_coding,117184268
LOC4813535,,protein_coding,4813535
LOC4804467,,protein_coding,4804467
LOC4805381,,protein_coding,4805381
LOC4814302,,protein_coding,4814302
LOC117183312,,lncRNA,117183312
LOC4812076,,protein_coding,4812076
LOC6898089,,protein_coding,6898089
LOC4812163,,protein_coding,4812163
LOC6900289,,lncRNA,6900289
LOC4815094,,protein_coding,4815094
LOC6899927,,protein_coding,6899927
LOC6899816,,protein_coding,6899816
LOC4817998,,protein_coding,4817998
LOC117185564,,lncRNA,117185564
LOC4813118,,protein_coding,4813118
LOC6901550,,protein_coding,6901550
LOC6897504,,protein_coding,6897504
LOC6903157,,protein_coding,6903157
LOC6901129,,protein_coding,6901129
LOC4813527,,protein_coding,4813527
LOC6900464,,protein_coding,6900464
LOC4801981,,protein_coding,4801981
LOC26532487,,pseudogene,26532487
LOC117185257,,rRNA,117185257
LOC117184033,,lncRNA,117184033
LOC4812328,,protein_coding,4812328
LOC4817631,,protein_coding,4817631
LOC117185130,,protein_coding,117185130
LOC4815127,,protein_coding,4815127
LOC26532887,,lncRNA,26532887
LOC4800730,,protein_coding,4800730
LOC6899932,,protein_coding,6899932
LOC26532831,,lncRNA,26532831
LOC6902687,,protein_coding,6902687
LOC4816625,,protein_coding,4816625
LOC4812010,,protein_coding,4812010
LOC4804872,,protein_coding,4804872
LOC4805727,,protein_coding,4805727
LOC4800361,,protein_coding,4800361
LOC26533523,,protein_coding,26533523
LOC4811743,,protein_coding,4811743
LOC117183499,,lncRNA,117183499
LOC117183583,,lncRNA,117183583
LOC4803846,,protein_coding,4803846
LOC4803026,,protein_coding,4803026
LOC117183880,Trnas-uga-2,tRNA,117183880
LOC4816290,,protein_coding,4816290
LOC6903162,,protein_coding,6903162
LOC117184229,,lncRNA,117184229
LOC4815407,,protein_coding,4815407
LOC117183851,Trnan-guu-8,tRNA,117183851
LOC4815423,,protein_coding,4815423
LOC6902117,,protein_coding,6902117
LOC4801500,,protein_coding,4801500
LOC26532333,,protein_coding,26532333
LOC4800590,,protein_coding,4800590
LOC5495511,,protein_coding,5495511
LOC4813748,,protein_coding,4813748
LOC4803626,,protein_coding,4803626
LOC4804372,,protein_coding,4804372
LOC4805568,,protein_coding,4805568
LOC4815917,,protein_coding,4815917
LOC6898332,,protein_coding,6898332
LOC6902126,,protein_coding,6902126
LOC4813100,,protein_coding,4813100
LOC4802696,,protein_coding,4802696
LOC4801223,,protein_coding,4801223
LOC26532362,,lncRNA,26532362
LOC6897358,,protein_coding,6897358
LOC4800598,,protein_coding,4800598
LOC4801514,,protein_coding,4801514
LOC4802939,,protein_coding,4802939
LOC4812384,,protein_coding,4812384
LOC4801180,,protein_coding,4801180
LOC4815751,,protein_coding,4815751
LOC4801140,,protein_coding,4801140
LOC4812458,,protein_coding,4812458
LOC4811841,,protein_coding,4811841
LOC4800885,,protein_coding,4800885
LOC4817643,,protein_coding,4817643
LOC4811879,,protein_coding,4811879
LOC6901824,,protein_coding,6901824
LOC4801171,,protein_coding,4801171
LOC4802017,,protein_coding,4802017
LOC4813059,,protein_coding,4813059
LOC6897468,,protein_coding,6897468
LOC6903361,,protein_coding,6903361
LOC4805465,,protein_coding,4805465
LOC4801946,,protein_coding,4801946
LOC6903460,,protein_coding,6903460
LOC26532545,,lncRNA,26532545
LOC4805469,,protein_coding,4805469
LOC4803382,,protein_coding,4803382
LOC6900992,,protein_coding,6900992
LOC4817591,,protein_coding,4817591
LOC4816734,,protein_coding,4816734
LOC6901937,,protein_coding,6901937
LOC4816032,,protein_coding,4816032
LOC6901016,,protein_coding,6901016
LOC117183679,,lncRNA,117183679
LOC4804019,,protein_coding,4804019
LOC6900435,,protein_coding,6900435
LOC4811786,,protein_coding,4811786
LOC6904123,,protein_coding,6904123
LOC5495516,,protein_coding,5495516
LOC117184874,,protein_coding,117184874
LOC117184820,,lncRNA,117184820
LOC4804524,,protein_coding,4804524
LOC117185318,,rRNA,117185318
LOC4805683,,protein_coding,4805683
LOC4804358,,protein_coding,4804358
LOC117183173,,protein_coding,117183173
LOC6898081,,protein_coding,6898081
LOC117184928,,lncRNA,117184928
LOC117183462,Trnat-agu-3,tRNA,117183462
LOC4804361,,protein_coding,4804361
LOC117183349,,lncRNA,117183349
LOC4804215,,protein_coding,4804215
LOC6902370,,protein_coding,6902370
LOC4811682,,protein_coding,4811682
LOC13036358,,protein_coding,13036358
LOC6897423,,protein_coding,6897423
LOC4814898,,protein_coding,4814898
LOC4815199,,protein_coding,4815199
LOC6900279,,snoRNA,6900279
LOC6900643,,protein_coding,6900643
LOC4818146,,protein_coding,4818146
LOC4812112,,protein_coding,4812112
LOC117183472,Trnaa-agc-11,tRNA,117183472
LOC4812565,,protein_coding,4812565
LOC4803949,,protein_coding,4803949
LOC4803953,,protein_coding,4803953
LOC6900434,,protein_coding,6900434
LOC6903454,,protein_coding,6903454
LOC4815234,,protein_coding,4815234
LOC117185107,,protein_coding,117185107
LOC117184685,,protein_coding,117184685
LOC6904087,,protein_coding,6904087
LOC6899285,,protein_coding,6899285
LOC117183621,,protein_coding,117183621
LOC117184829,,lncRNA,117184829
LOC6901048,,protein_coding,6901048
LOC4804500,,protein_coding,4804500
LOC4803265,,protein_coding,4803265
LOC4803778,,protein_coding,4803778
LOC4815139,,protein_coding,4815139
LOC6901035,,protein_coding,6901035
LOC4813236,,protein_coding,4813236
LOC4801629,,protein_coding,4801629
LOC6898843,,protein_coding,6898843
LOC6900846,,protein_coding,6900846
LOC4812992,,protein_coding,4812992
LOC4813480,,protein_coding,4813480
LOC4816743,,protein_coding,4816743
LOC4800770,,protein_coding,4800770
LOC4816080,,protein_coding,4816080
LOC117183927,,protein_coding,117183927
LOC117185196,,protein_coding,117185196
LOC26534298,,protein_coding,26534298
LOC117185304,,rRNA,117185304
LOC26532892,,protein_coding,26532892
LOC4812466,,protein_coding,4812466
LOC4815671,,protein_coding,4815671
LOC6901547,,protein_coding,6901547
LOC26533310,,lncRNA,26533310
LOC26532845,,lncRNA,26532845
LOC6900045,,protein_coding,6900045
LOC6900186,,protein_coding,6900186
LOC6903084,,protein_coding,6903084
LOC117183664,,lncRNA,117183664
LOC117185087,,lncRNA,117185087
LOC4815927,,protein_coding,4815927
LOC4804343,,protein_coding,4804343
LOC4800761,,protein_coding,4800761
LOC6901573,,protein_coding,6901573
LOC6898167,,protein_coding,6898167
LOC4801656,,protein_coding,4801656
LOC117184318,Trnad-guc-6,tRNA,117184318
LOC4805021,,protein_coding,4805021
LOC117185148,,protein_coding,117185148
LOC117185472,,rRNA,117185472
LOC4800428,,protein_coding,4800428
LOC6897581,,protein_coding,6897581
LOC4813760,,protein_coding,4813760
LOC26534366,,lncRNA,26534366
LOC4814606,,protein_coding,4814606
LOC4804597,,protein_coding,4804597
LOC117184526,,protein_coding,117184526
LOC4804903,,protein_coding,4804903
LOC4817588,,protein_coding,4817588
LOC6901262,,protein_coding,6901262
LOC4816415,,protein_coding,4816415
LOC117185361,Trnar-ucu-3,tRNA,117185361
LOC4800727,,protein_coding,4800727
LOC4811736,,protein_coding,4811736
LOC6902231,,protein_coding,6902231
LOC117185607,,protein_coding,117185607
LOC4802064,,protein_coding,4802064
LOC4816673,,protein_coding,4816673
LOC6898047,,protein_coding,6898047
LOC26533076,,lncRNA,26533076
LOC4800373,,protein_coding,4800373
LOC6898782,,protein_coding,6898782
LOC4805474,,protein_coding,4805474
LOC6902173,,protein_coding,6902173
LOC4800271,,protein_coding,4800271
LOC4812870,,protein_coding,4812870
LOC117184909,,protein_coding,117184909
LOC4804183,,protein_coding,4804183
LOC6898109,,protein_coding,6898109
LOC117184677,,protein_coding,117184677
LOC4802603,,protein_coding,4802603
LOC6901350,,protein_coding,6901350
LOC4817319,,protein_coding,4817319
LOC6901141,,protein_coding,6901141
LOC4818040,,protein_coding,4818040
LOC6897110,,protein_coding,6897110
LOC4817914,,protein_coding,4817914
LOC4818042,,protein_coding,4818042
LOC4804659,,protein_coding,4804659
LOC4801974,,protein_coding,4801974
LOC6900440,,protein_coding,6900440
LOC6897746,,protein_coding,6897746
LOC4818020,,protein_coding,4818020
LOC6902371,,protein_coding,6902371
LOC117184187,,lncRNA,117184187
LOC4812053,,protein_coding,4812053
LOC4815126,,protein_coding,4815126
LOC4813504,,protein_coding,4813504
LOC4801722,,protein_coding,4801722
LOC4814991,,protein_coding,4814991
LOC4802561,,protein_coding,4802561
LOC6900929,,protein_coding,6900929
LOC4818074,,protein_coding,4818074
LOC4818164,,protein_coding,4818164
LOC6897347,,protein_coding,6897347
LOC4813134,,protein_coding,4813134
LOC4815650,,protein_coding,4815650
LOC4814054,,protein_coding,4814054
LOC6897111,,protein_coding,6897111
LOC6897003,,protein_coding,6897003
LOC4800340,,protein_coding,4800340
LOC26534271,,lncRNA,26534271
LOC117184423,,lncRNA,117184423
LOC6903975,,protein_coding,6903975
LOC4815306,,protein_coding,4815306
LOC117183241,,protein_coding,117183241
LOC117185009,,lncRNA,117185009
LOC117185620,,protein_coding,117185620
LOC6902752,,snoRNA,6902752
LOC117184570,,protein_coding,117184570
LOC4804469,,protein_coding,4804469
LOC117185074,,pseudogene,117185074
LOC117183220,,protein_coding,117183220
LOC4803744,,protein_coding,4803744
LOC4805313,,protein_coding,4805313
LOC4801892,,protein_coding,4801892
LOC4814156,,protein_coding,4814156
LOC6897435,,protein_coding,6897435
LOC4803509,,protein_coding,4803509
LOC4815710,,protein_coding,4815710
LOC4802344,,protein_coding,4802344
LOC4804572,,protein_coding,4804572
LOC117183539,,protein_coding,117183539
LOC4800692,,protein_coding,4800692
LOC6897474,,protein_coding,6897474
LOC6897440,,protein_coding,6897440
LOC117185386,Trnai-uau,tRNA,117185386
LOC6903895,,protein_coding,6903895
LOC117184439,,lncRNA,117184439
LOC4802496,,protein_coding,4802496
LOC4813603,,protein_coding,4813603
LOC4815282,,protein_coding,4815282
LOC26533094,,protein_coding,26533094
LOC4818047,,protein_coding,4818047
LOC6902244,,protein_coding,6902244
LOC4805705,,protein_coding,4805705
LOC6902297,,protein_coding,6902297
LOC6902536,,protein_coding,6902536
LOC4812473,,protein_coding,4812473
LOC117185253,,rRNA,117185253
LOC117184960,,protein_coding,117184960
LOC4814421,,protein_coding,4814421
LOC6903358,,protein_coding,6903358
LOC117183986,,protein_coding,117183986
LOC4815465,,protein_coding,4815465
LOC4813281,,protein_coding,4813281
LOC117184438,,lncRNA,117184438
LOC6900512,,protein_coding,6900512
LOC4817925,,protein_coding,4817925
LOC4817924,,protein_coding,4817924
LOC4804876,,protein_coding,4804876
LOC4816933,,protein_coding,4816933
LOC44805028,HCS66_mgt06,tRNA,44805028
LOC4816607,,protein_coding,4816607
LOC4814704,,protein_coding,4814704
LOC4815951,,protein_coding,4815951
LOC4817632,,protein_coding,4817632
LOC6900271,,protein_coding,6900271
LOC4812725,,protein_coding,4812725
LOC6901383,,protein_coding,6901383
LOC4802905,,protein_coding,4802905
LOC117185204,,protein_coding,117185204
LOC26532117,,lncRNA,26532117
LOC117184788,,lncRNA,117184788
LOC6901425,,protein_coding,6901425
LOC26533992,,protein_coding,26533992
LOC13036445,,protein_coding,13036445
LOC117184522,,lncRNA,117184522
LOC4816719,,protein_coding,4816719
LOC117185164,,lncRNA,117185164
LOC6899111,,protein_coding,6899111
LOC4805319,,protein_coding,4805319
LOC4804891,,protein_coding,4804891
LOC4803186,,protein_coding,4803186
LOC4814802,,protein_coding,4814802
LOC4818201,,protein_coding,4818201
LOC6898303,,protein_coding,6898303
LOC117185315,,rRNA,117185315
LOC6903512,,protein_coding,6903512
LOC117184927,,protein_coding,117184927
LOC4811788,,protein_coding,4811788
LOC117184589,,protein_coding,117184589
LOC6901932,,protein_coding,6901932
LOC4817051,,protein_coding,4817051
LOC117183852,Trnan-guu-10,tRNA,117183852
LOC4812993,,protein_coding,4812993
LOC4801917,,protein_coding,4801917
LOC4803966,,protein_coding,4803966
LOC6901952,,protein_coding,6901952
LOC117183972,,protein_coding,117183972
LOC6898524,,protein_coding,6898524
LOC26534420,,lncRNA,26534420
LOC26533180,,protein_coding,26533180
LOC4802554,,protein_coding,4802554
LOC6902812,,protein_coding,6902812
LOC4803793,,protein_coding,4803793
LOC6898766,,protein_coding,6898766
LOC4817438,,protein_coding,4817438
LOC4817300,,protein_coding,4817300
LOC4803872,,protein_coding,4803872
LOC117184058,,lncRNA,117184058
LOC4816943,,protein_coding,4816943
LOC6900140,,snoRNA,6900140
LOC117185093,,protein_coding,117185093
LOC4802668,,protein_coding,4802668
LOC4802303,,protein_coding,4802303
LOC117185392,Trnal-cag-5,tRNA,117185392
LOC4802530,,protein_coding,4802530
LOC4802246,,protein_coding,4802246
LOC4817049,,protein_coding,4817049
LOC4814706,,protein_coding,4814706
LOC4817098,,protein_coding,4817098
LOC4811927,,protein_coding,4811927
LOC4803989,,protein_coding,4803989
LOC6900762,,protein_coding,6900762
LOC4804214,,protein_coding,4804214
LOC4803517,,protein_coding,4803517
LOC4804978,,protein_coding,4804978
LOC4801426,,protein_coding,4801426
LOC4814911,,protein_coding,4814911
LOC117184024,,protein_coding,117184024
LOC6900887,,protein_coding,6900887
LOC4802105,,protein_coding,4802105
LOC4802672,,protein_coding,4802672
LOC4812505,,protein_coding,4812505
LOC4801782,,protein_coding,4801782
LOC26531951,,protein_coding,26531951
LOC117184554,,protein_coding,117184554
LOC26533646,,protein_coding,26533646
LOC4813213,,protein_coding,4813213
LOC4812511,,protein_coding,4812511
LOC4817779,,protein_coding,4817779
LOC4813057,,protein_coding,4813057
LOC4801121,,protein_coding,4801121
LOC4813234,,protein_coding,4813234
LOC6901651,,protein_coding,6901651
LOC4802418,,protein_coding,4802418
LOC4804706,,protein_coding,4804706
LOC4802066,,protein_coding,4802066
LOC6900500,,protein_coding,6900500
LOC13036511,,protein_coding,13036511
LOC4815515,,protein_coding,4815515
LOC4804581,,protein_coding,4804581
LOC117184731,,pseudogene,117184731
LOC4812138,,protein_coding,4812138
LOC4816265,,protein_coding,4816265
LOC4814930,,protein_coding,4814930
LOC26533059,,lncRNA,26533059
LOC6899986,,protein_coding,6899986
LOC117184348,,lncRNA,117184348
LOC6902158,,protein_coding,6902158
LOC4805151,,protein_coding,4805151
LOC4811914,,protein_coding,4811914
LOC4804425,,protein_coding,4804425
LOC4803780,,protein_coding,4803780
LOC4814309,,protein_coding,4814309
LOC6899859,,protein_coding,6899859
LOC13036543,,protein_coding,13036543
LOC26533268,,lncRNA,26533268
LOC117184905,,lncRNA,117184905
LOC6900092,,protein_coding,6900092
LOC4817298,,protein_coding,4817298
LOC117184933,,lncRNA,117184933
LOC4812321,,protein_coding,4812321
LOC6896872,,protein_coding,6896872
LOC4814895,,protein_coding,4814895
LOC117185540,,rRNA,117185540
LOC6900589,,protein_coding,6900589
LOC6897055,,protein_coding,6897055
LOC4803433,,protein_coding,4803433
LOC6903889,,protein_coding,6903889
LOC4812172,,protein_coding,4812172
LOC6896924,,protein_coding,6896924
LOC117183489,,protein_coding,117183489
LOC26533710,,lncRNA,26533710
LOC6898509,,protein_coding,6898509
LOC4802631,,protein_coding,4802631
LOC4817700,,protein_coding,4817700
LOC4817385,,protein_coding,4817385
LOC4815656,,protein_coding,4815656
LOC6902810,,protein_coding,6902810
LOC4800326,,protein_coding,4800326
LOC4812848,,protein_coding,4812848
LOC4816417,,protein_coding,4816417
LOC4803070,,protein_coding,4803070
LOC4804823,,protein_coding,4804823
LOC4812133,,protein_coding,4812133
LOC26533183,,lncRNA,26533183
LOC4816333,,protein_coding,4816333
LOC6897353,,protein_coding,6897353
LOC4815790,,protein_coding,4815790
LOC4814032,,protein_coding,4814032
LOC6897342,,protein_coding,6897342
LOC4803157,,protein_coding,4803157
LOC4816874,,protein_coding,4816874
LOC6903396,,protein_coding,6903396
LOC4814550,,protein_coding,4814550
LOC4804927,,protein_coding,4804927
LOC6902942,,protein_coding,6902942
LOC4817756,,protein_coding,4817756
LOC6902366,,protein_coding,6902366
LOC117183764,,lncRNA,117183764
LOC6898236,,protein_coding,6898236
LOC4813333,,protein_coding,4813333
LOC26531948,,lncRNA,26531948
LOC6900533,,protein_coding,6900533
LOC4812531,,protein_coding,4812531
LOC117185500,,rRNA,117185500
LOC6897778,,protein_coding,6897778
LOC4815122,,protein_coding,4815122
LOC4816670,,protein_coding,4816670
LOC6903402,,protein_coding,6903402
LOC4815421,,protein_coding,4815421
LOC6896759,,protein_coding,6896759
LOC4804884,,protein_coding,4804884
LOC4816373,,protein_coding,4816373
LOC4814435,,protein_coding,4814435
LOC117184413,,protein_coding,117184413
LOC4804640,,protein_coding,4804640
LOC26534209,,protein_coding,26534209
LOC4805405,,protein_coding,4805405
LOC117183640,,protein_coding,117183640
LOC117183496,,protein_coding,117183496
LOC6901478,,protein_coding,6901478
LOC4813370,,protein_coding,4813370
LOC4816482,,protein_coding,4816482
LOC117184420,,lncRNA,117184420
LOC4803297,,protein_coding,4803297
LOC4816911,,protein_coding,4816911
LOC6898543,,snoRNA,6898543
LOC4800670,,protein_coding,4800670
LOC4815312,,protein_coding,4815312
LOC4816855,,protein_coding,4816855
LOC117183935,,protein_coding,117183935
LOC4805273,,protein_coding,4805273
LOC6901933,,protein_coding,6901933
LOC117185013,,lncRNA,117185013
LOC4801290,,protein_coding,4801290
LOC4815152,,protein_coding,4815152
LOC6900098,,protein_coding,6900098
LOC117185336,Trnas-cga-4,tRNA,117185336
LOC4814851,,protein_coding,4814851
LOC117183316,,protein_coding,117183316
LOC4801422,,protein_coding,4801422
LOC6902353,,protein_coding,6902353
LOC6902701,,protein_coding,6902701
LOC6903735,,protein_coding,6903735
LOC4812334,,protein_coding,4812334
LOC4802917,,protein_coding,4802917
LOC4802516,,protein_coding,4802516
LOC6901749,,protein_coding,6901749
LOC117185072,,protein_coding,117185072
LOC4817241,,protein_coding,4817241
LOC4804410,,protein_coding,4804410
LOC4815973,,protein_coding,4815973
LOC117184471,,lncRNA,117184471
LOC6896879,,protein_coding,6896879
LOC4800749,,protein_coding,4800749
LOC4805326,,protein_coding,4805326
LOC4817269,,protein_coding,4817269
LOC4802479,,protein_coding,4802479
LOC26533654,,lncRNA,26533654
LOC6896708,,protein_coding,6896708
LOC4803538,,protein_coding,4803538
LOC4815478,,protein_coding,4815478
LOC117183465,Trnaa-agc-10,tRNA,117183465
LOC4800548,,protein_coding,4800548
LOC6900937,,protein_coding,6900937
LOC6902252,,protein_coding,6902252
LOC4813289,,protein_coding,4813289
LOC117184626,,lncRNA,117184626
LOC117184171,,protein_coding,117184171
LOC6900632,,protein_coding,6900632
LOC117184011,,protein_coding,117184011
LOC4813357,,protein_coding,4813357
LOC4800357,,protein_coding,4800357
LOC117184795,,lncRNA,117184795
LOC6896817,,protein_coding,6896817
LOC26533347,,lncRNA,26533347
LOC6902492,,protein_coding,6902492
LOC6897025,,protein_coding,6897025
LOC117185372,Trnav-aac-5,tRNA,117185372
LOC4816982,,protein_coding,4816982
LOC4804806,,protein_coding,4804806
LOC26532055,,lncRNA,26532055
LOC4817731,,protein_coding,4817731
LOC4815665,,protein_coding,4815665
LOC4801539,,protein_coding,4801539
LOC117183212,,pseudogene,117183212
LOC6902191,,protein_coding,6902191
LOC4803788,,protein_coding,4803788
LOC4814945,,protein_coding,4814945
LOC4805534,,protein_coding,4805534
LOC6897928,,protein_coding,6897928
LOC4801774,,protein_coding,4801774
LOC4805464,,protein_coding,4805464
LOC117185656,,lncRNA,117185656
LOC6897671,,protein_coding,6897671
LOC26532503,,protein_coding,26532503
LOC117183524,,protein_coding,117183524
LOC6899939,,protein_coding,6899939
LOC6898602,,protein_coding,6898602
LOC4800919,,protein_coding,4800919
LOC6904085,,protein_coding,6904085
LOC6901596,,protein_coding,6901596
LOC117183709,,lncRNA,117183709
LOC4803420,,protein_coding,4803420
LOC4814629,,protein_coding,4814629
LOC6900450,,protein_coding,6900450
LOC6898831,,protein_coding,6898831
LOC6902216,,protein_coding,6902216
LOC6897624,,protein_coding,6897624
LOC4811653,,protein_coding,4811653
LOC4817277,,protein_coding,4817277
LOC4816462,,protein_coding,4816462
LOC4805270,,protein_coding,4805270
LOC4804466,,protein_coding,4804466
LOC4817872,,protein_coding,4817872
LOC4812131,,protein_coding,4812131
LOC4812892,,protein_coding,4812892
LOC117183219,,lncRNA,117183219
LOC6897174,,protein_coding,6897174
LOC26532761,,protein_coding,26532761
LOC26532863,,protein_coding,26532863
LOC117184172,,protein_coding,117184172
LOC117183614,,lncRNA,117183614
LOC6900209,,protein_coding,6900209
LOC4811816,,protein_coding,4811816
LOC117183956,,lncRNA,117183956
LOC4800832,,protein_coding,4800832
LOC4801784,,protein_coding,4801784
LOC26532491,,protein_coding,26532491
LOC26533341,,protein_coding,26533341
LOC4805695,,protein_coding,4805695
LOC6898010,,protein_coding,6898010
LOC4805625,,protein_coding,4805625
LOC6898323,,protein_coding,6898323
LOC6899906,,protein_coding,6899906
LOC26532715,,protein_coding,26532715
LOC4800941,,protein_coding,4800941
LOC4801720,,protein_coding,4801720
LOC4804941,,protein_coding,4804941
LOC4816087,,protein_coding,4816087
LOC117184163,,protein_coding,117184163
LOC4817331,,protein_coding,4817331
LOC6896990,,protein_coding,6896990
LOC6901797,,protein_coding,6901797
LOC4801965,,protein_coding,4801965
LOC4815261,,protein_coding,4815261
LOC4805342,,protein_coding,4805342
LOC117185183,,lncRNA,117185183
LOC4814086,,protein_coding,4814086
LOC4802700,,protein_coding,4802700
LOC4811795,,protein_coding,4811795
LOC6902200,,protein_coding,6902200
LOC4813694,,protein_coding,4813694
LOC4817568,,protein_coding,4817568
LOC4802563,,protein_coding,4802563
LOC4818187,,protein_coding,4818187
LOC4804847,,protein_coding,4804847
LOC6897264,,protein_coding,6897264
LOC4804420,,protein_coding,4804420
LOC4801553,,protein_coding,4801553
LOC6901353,,snoRNA,6901353
LOC4802422,,protein_coding,4802422
LOC4815016,,protein_coding,4815016
LOC6900119,,protein_coding,6900119
LOC6901618,,protein_coding,6901618
LOC6903323,,protein_coding,6903323
LOC4814881,,protein_coding,4814881
LOC26532413,,pseudogene,26532413
LOC4816012,,protein_coding,4816012
LOC4800410,,protein_coding,4800410
LOC4804623,,protein_coding,4804623
LOC6899910,,pseudogene,6899910
LOC6897810,,protein_coding,6897810
LOC117184301,Trnaq-cug-2,tRNA,117184301
LOC117184499,,protein_coding,117184499
LOC4801847,,protein_coding,4801847
LOC44805042,HCS66_mgt14,tRNA,44805042
LOC44805024,HCS66_mgt03,tRNA,44805024
LOC26532240,,lncRNA,26532240
LOC6901616,,protein_coding,6901616
LOC6898458,,protein_coding,6898458
LOC4813954,,protein_coding,4813954
LOC117184020,,lncRNA,117184020
LOC26533874,,lncRNA,26533874
LOC4814841,,protein_coding,4814841
LOC6902579,,protein_coding,6902579
LOC6897340,,protein_coding,6897340
LOC4800777,,protein_coding,4800777
LOC4817393,,protein_coding,4817393
LOC26534302,,lncRNA,26534302
LOC4817492,,protein_coding,4817492
LOC4801505,,protein_coding,4801505
LOC4813730,,protein_coding,4813730
LOC6897992,,protein_coding,6897992
LOC6896689,,protein_coding,6896689
LOC6898344,,protein_coding,6898344
LOC117183656,,lncRNA,117183656
LOC117184729,,lncRNA,117184729
LOC4817071,,protein_coding,4817071
LOC4812418,,protein_coding,4812418
LOC6897172,,protein_coding,6897172
LOC117184355,,lncRNA,117184355
LOC4814544,,protein_coding,4814544
LOC6898992,,protein_coding,6898992
LOC117185452,,rRNA,117185452
LOC6902341,,protein_coding,6902341
LOC4816979,,protein_coding,4816979
LOC6901684,,protein_coding,6901684
LOC6896718,,protein_coding,6896718
LOC4802183,,protein_coding,4802183
LOC6900229,,protein_coding,6900229
LOC6897544,,protein_coding,6897544
LOC4812654,,protein_coding,4812654
LOC4815666,,protein_coding,4815666
LOC4802919,,protein_coding,4802919
LOC6898697,,protein_coding,6898697
LOC6902488,,protein_coding,6902488
LOC117183793,,lncRNA,117183793
LOC6901248,,protein_coding,6901248
LOC117184193,,protein_coding,117184193
LOC117183717,,protein_coding,117183717
LOC117184233,,lncRNA,117184233
LOC4817493,,protein_coding,4817493
LOC6902021,,lncRNA,6902021
LOC6901553,,protein_coding,6901553
LOC6898753,,protein_coding,6898753
LOC4816358,,protein_coding,4816358
LOC4803973,,protein_coding,4803973
LOC4800439,,protein_coding,4800439
LOC117184449,,lncRNA,117184449
LOC4814540,,protein_coding,4814540
LOC4812453,,protein_coding,4812453
LOC6903407,,protein_coding,6903407
LOC6903333,,protein_coding,6903333
LOC4816292,,protein_coding,4816292
LOC4815091,,protein_coding,4815091
LOC4801804,,protein_coding,4801804
LOC4812335,,protein_coding,4812335
LOC4804022,,protein_coding,4804022
LOC4804898,,protein_coding,4804898
LOC4803827,,protein_coding,4803827
LOC4805596,,protein_coding,4805596
LOC4805170,,protein_coding,4805170
LOC4802988,,protein_coding,4802988
LOC26533311,,lncRNA,26533311
LOC6897727,,protein_coding,6897727
LOC117184291,Trnap-agg-4,tRNA,117184291
LOC4817738,,protein_coding,4817738
LOC4816856,,protein_coding,4816856
LOC4803152,,protein_coding,4803152
LOC6896671,,protein_coding,6896671
LOC26533905,,protein_coding,26533905
LOC4815324,,protein_coding,4815324
LOC4800507,,protein_coding,4800507
LOC4801047,,protein_coding,4801047
LOC26533586,,lncRNA,26533586
LOC4803112,,protein_coding,4803112
LOC117184834,,protein_coding,117184834
LOC4802734,,protein_coding,4802734
LOC6901950,,protein_coding,6901950
LOC4812888,,protein_coding,4812888
LOC4814159,,protein_coding,4814159
LOC13036518,,protein_coding,13036518
LOC117184806,,lncRNA,117184806
LOC6897488,,protein_coding,6897488
LOC4814030,,protein_coding,4814030
LOC4801041,,protein_coding,4801041
LOC4801835,,protein_coding,4801835
LOC4801907,,protein_coding,4801907
LOC26533078,,lncRNA,26533078
LOC4803497,,protein_coding,4803497
LOC26533516,,lncRNA,26533516
LOC6902153,,protein_coding,6902153
LOC4813501,,protein_coding,4813501
LOC6897677,,protein_coding,6897677
LOC4805442,,protein_coding,4805442
LOC117185393,Trnal-cag-6,tRNA,117185393
LOC117185439,,protein_coding,117185439
LOC4805656,,protein_coding,4805656
LOC4816568,,protein_coding,4816568
LOC117184075,,protein_coding,117184075
LOC4817206,,protein_coding,4817206
LOC117184414,,protein_coding,117184414
LOC6899999,,protein_coding,6899999
LOC4814041,,protein_coding,4814041
LOC6897196,,rRNA,6897196
LOC4816586,,protein_coding,4816586
LOC6900691,,protein_coding,6900691
LOC4813259,,protein_coding,4813259
LOC4805392,,protein_coding,4805392
LOC6897599,,protein_coding,6897599
LOC117185441,,rRNA,117185441
LOC15382902,,protein_coding,15382902
LOC117185137,,protein_coding,117185137
LOC6896699,,protein_coding,6896699
LOC6900346,,protein_coding,6900346
LOC4802770,,protein_coding,4802770
LOC13036310,,protein_coding,13036310
LOC6899105,,protein_coding,6899105
LOC4812491,,protein_coding,4812491
LOC6903413,,protein_coding,6903413
LOC117185455,,rRNA,117185455
LOC26533108,,lncRNA,26533108
LOC4805336,,protein_coding,4805336
LOC4815994,,protein_coding,4815994
LOC117183193,,protein_coding,117183193
LOC26533224,,pseudogene,26533224
LOC6902018,,protein_coding,6902018
LOC26532550,,lncRNA,26532550
LOC4815373,,protein_coding,4815373
LOC4800966,,protein_coding,4800966
LOC6900079,,snoRNA,6900079
LOC117185645,,lncRNA,117185645
LOC6901417,,protein_coding,6901417
LOC4817953,,protein_coding,4817953
LOC6897777,,protein_coding,6897777
LOC4816610,,protein_coding,4816610
LOC6901649,,protein_coding,6901649
LOC4814574,,protein_coding,4814574
LOC4814575,,protein_coding,4814575
LOC4818019,,protein_coding,4818019
LOC117185338,Trnar-ucg-5,tRNA,117185338
LOC4812991,,protein_coding,4812991
LOC4801522,,protein_coding,4801522
LOC4801886,,protein_coding,4801886
LOC117185002,,lncRNA,117185002
LOC6898848,,protein_coding,6898848
LOC26532940,,lncRNA,26532940
LOC4801295,,protein_coding,4801295
LOC4812652,,protein_coding,4812652
LOC117185261,,rRNA,117185261
LOC4816211,,protein_coding,4816211
LOC6896794,,protein_coding,6896794
LOC4804952,,protein_coding,4804952
LOC117184384,,lncRNA,117184384
LOC117183941,,lncRNA,117183941
LOC4814487,,protein_coding,4814487
LOC4805018,,protein_coding,4805018
LOC6897161,,protein_coding,6897161
LOC117184485,,lncRNA,117184485
LOC4811836,,protein_coding,4811836
LOC6898806,,protein_coding,6898806
LOC6902927,,protein_coding,6902927
LOC117184481,,lncRNA,117184481
LOC6899003,,protein_coding,6899003
LOC6898885,,protein_coding,6898885
LOC4800704,,protein_coding,4800704
LOC4801563,,protein_coding,4801563
LOC6899845,,protein_coding,6899845
LOC6901942,,protein_coding,6901942
LOC6896972,,protein_coding,6896972
LOC4814555,,protein_coding,4814555
LOC4803405,,protein_coding,4803405
LOC4811784,,protein_coding,4811784
LOC4805195,,protein_coding,4805195
LOC4815667,,protein_coding,4815667
LOC4805315,,protein_coding,4805315
LOC4812316,,protein_coding,4812316
LOC6900599,,protein_coding,6900599
LOC4817061,,protein_coding,4817061
LOC4817666,,protein_coding,4817666
LOC4802112,,protein_coding,4802112
LOC4812281,,protein_coding,4812281
LOC26533318,,lncRNA,26533318
LOC4815638,,protein_coding,4815638
LOC117184030,,lncRNA,117184030
LOC4816838,,protein_coding,4816838
LOC4813038,,protein_coding,4813038
LOC4801498,,protein_coding,4801498
LOC6899888,,protein_coding,6899888
LOC6898629,,protein_coding,6898629
LOC4817959,,protein_coding,4817959
LOC4801678,,protein_coding,4801678
LOC4804589,,protein_coding,4804589
LOC6902373,,protein_coding,6902373
LOC4813838,,protein_coding,4813838
LOC4817844,,protein_coding,4817844
LOC4812179,,protein_coding,4812179
LOC4813552,,protein_coding,4813552
LOC4813848,,protein_coding,4813848
LOC117183808,Trnay-gua-3,tRNA,117183808
LOC26532154,,protein_coding,26532154
LOC4803870,,protein_coding,4803870
LOC4800407,,protein_coding,4800407
LOC117184713,,lncRNA,117184713
LOC4805348,,protein_coding,4805348
LOC4800620,,protein_coding,4800620
LOC6902539,,protein_coding,6902539
LOC6898027,,pseudogene,6898027
LOC26532457,,lncRNA,26532457
LOC6903420,,protein_coding,6903420
LOC4805000,,protein_coding,4805000
LOC4816181,,protein_coding,4816181
LOC4815593,,protein_coding,4815593
LOC4804310,,protein_coding,4804310
LOC117184512,,lncRNA,117184512
LOC6898699,,protein_coding,6898699
LOC26532704,,protein_coding,26532704
LOC6897101,,protein_coding,6897101
LOC4814807,,protein_coding,4814807
LOC117184328,Trnad-guc-12,tRNA,117184328
LOC4800897,,protein_coding,4800897
LOC6898969,,protein_coding,6898969
LOC26533203,,protein_coding,26533203
LOC4803077,,lncRNA,4803077
LOC6898364,,protein_coding,6898364
LOC4803434,,protein_coding,4803434
LOC4815439,,protein_coding,4815439
LOC26533021,,protein_coding,26533021
LOC4812789,,protein_coding,4812789
LOC4813688,,protein_coding,4813688
LOC117184507,,lncRNA,117184507
LOC4803048,,protein_coding,4803048
LOC4804354,,protein_coding,4804354
LOC6898743,,protein_coding,6898743
LOC6901918,,protein_coding,6901918
LOC26532325,,protein_coding,26532325
LOC4815471,,protein_coding,4815471
LOC4816023,,protein_coding,4816023
LOC4804638,,protein_coding,4804638
LOC6899502,,protein_coding,6899502
LOC6903602,,protein_coding,6903602
LOC4803458,,protein_coding,4803458
LOC26532870,,protein_coding,26532870
LOC4813181,,protein_coding,4813181
LOC117184016,,lncRNA,117184016
LOC4816800,,protein_coding,4816800
LOC6903478,,protein_coding,6903478
LOC6898182,,protein_coding,6898182
LOC117185149,,lncRNA,117185149
LOC4814855,,protein_coding,4814855
LOC4813651,,protein_coding,4813651
LOC4815301,,protein_coding,4815301
LOC6903641,,protein_coding,6903641
LOC4801129,,protein_coding,4801129
LOC6901172,,protein_coding,6901172
LOC6900035,,protein_coding,6900035
LOC117183846,Trnar-acg-6,tRNA,117183846
LOC4804030,,protein_coding,4804030
LOC117183354,,protein_coding,117183354
LOC6903087,,protein_coding,6903087
LOC4801838,,protein_coding,4801838
LOC4815887,,protein_coding,4815887
LOC4817871,,protein_coding,4817871
LOC6898310,,protein_coding,6898310
LOC4800834,,protein_coding,4800834
LOC4802647,,protein_coding,4802647
LOC117184059,,lncRNA,117184059
LOC4805669,,protein_coding,4805669
LOC6901001,,protein_coding,6901001
LOC4816355,,protein_coding,4816355
LOC117183899,,protein_coding,117183899
LOC4803214,,protein_coding,4803214
LOC4803568,,protein_coding,4803568
LOC6897090,,protein_coding,6897090
LOC26532436,,lncRNA,26532436
LOC26534117,,lncRNA,26534117
LOC4812430,,protein_coding,4812430
LOC15382884,,protein_coding,15382884
LOC6902923,,protein_coding,6902923
LOC4814653,,protein_coding,4814653
LOC4814966,,protein_coding,4814966
LOC6902473,,protein_coding,6902473
LOC6901612,,protein_coding,6901612
LOC117184038,,protein_coding,117184038
LOC4803091,,protein_coding,4803091
LOC117184500,,lncRNA,117184500
LOC4813359,,protein_coding,4813359
LOC4804820,,protein_coding,4804820
LOC6898601,,protein_coding,6898601
LOC6901149,,protein_coding,6901149
LOC117183683,,protein_coding,117183683
LOC4803472,,protein_coding,4803472
LOC4814048,,protein_coding,4814048
LOC4803163,,protein_coding,4803163
LOC4801808,,protein_coding,4801808
LOC6901901,,protein_coding,6901901
LOC6903221,,protein_coding,6903221
LOC4817000,,protein_coding,4817000
LOC4811832,,protein_coding,4811832
LOC4814993,,protein_coding,4814993
LOC4818185,,protein_coding,4818185
LOC4816180,,protein_coding,4816180
LOC4814926,,protein_coding,4814926
LOC13036500,,protein_coding,13036500
LOC4816941,,protein_coding,4816941
LOC6898193,,protein_coding,6898193
LOC4812447,,protein_coding,4812447
LOC4801275,,protein_coding,4801275
LOC4801418,,protein_coding,4801418
LOC26533991,,lncRNA,26533991
LOC4818178,,protein_coding,4818178
LOC26534234,,lncRNA,26534234
LOC26532078,,protein_coding,26532078
LOC6897736,,protein_coding,6897736
LOC117185114,,protein_coding,117185114
LOC4812647,,protein_coding,4812647
LOC4803614,,protein_coding,4803614
LOC6899119,,protein_coding,6899119
LOC4801785,,protein_coding,4801785
LOC117184508,,lncRNA,117184508
LOC6903581,,protein_coding,6903581
LOC6901477,,protein_coding,6901477
LOC4815266,,protein_coding,4815266
LOC4803897,,protein_coding,4803897
LOC26532880,,lncRNA,26532880
LOC6897454,,protein_coding,6897454
LOC4816658,,protein_coding,4816658
LOC4803990,,protein_coding,4803990
LOC117185574,,rRNA,117185574
LOC6899116,,protein_coding,6899116
LOC4812930,,protein_coding,4812930
LOC6896947,,protein_coding,6896947
LOC6898930,,protein_coding,6898930
LOC4816977,,protein_coding,4816977
LOC6903278,,protein_coding,6903278
LOC4816681,,protein_coding,4816681
LOC4802437,,protein_coding,4802437
LOC4815931,,protein_coding,4815931
LOC4817145,,protein_coding,4817145
LOC4804545,,protein_coding,4804545
LOC4802338,,protein_coding,4802338
LOC117183942,,lncRNA,117183942
LOC4814292,,protein_coding,4814292
LOC4800464,,protein_coding,4800464
LOC4801044,,protein_coding,4801044
LOC6903320,,protein_coding,6903320
LOC6899079,,snoRNA,6899079
LOC26533625,,protein_coding,26533625
LOC6897195,,protein_coding,6897195
LOC4801149,,protein_coding,4801149
LOC26532720,,lncRNA,26532720
LOC6902316,,protein_coding,6902316
LOC4814554,,protein_coding,4814554
LOC6898813,,protein_coding,6898813
LOC6898639,,protein_coding,6898639
LOC6899125,,protein_coding,6899125
LOC117183887,Trnan-guu-9,tRNA,117183887
LOC4818061,,protein_coding,4818061
LOC4800421,,protein_coding,4800421
LOC4802771,,protein_coding,4802771
LOC117185160,,lncRNA,117185160
LOC26533271,,protein_coding,26533271
LOC4816352,,protein_coding,4816352
LOC117184999,,lncRNA,117184999
LOC4802039,,protein_coding,4802039
LOC26534383,,protein_coding,26534383
LOC4800417,,protein_coding,4800417
LOC4816146,,protein_coding,4816146
LOC4801443,,protein_coding,4801443
LOC4816723,,protein_coding,4816723
LOC4812386,,protein_coding,4812386
LOC4814035,,protein_coding,4814035
LOC6898151,,protein_coding,6898151
LOC4817820,,protein_coding,4817820
LOC6897926,,protein_coding,6897926
LOC4803452,,protein_coding,4803452
LOC117185600,,protein_coding,117185600
LOC4814839,,protein_coding,4814839
LOC117184417,,protein_coding,117184417
LOC117185364,Trnas-cga-3,tRNA,117185364
LOC4813678,,protein_coding,4813678
LOC4803580,,protein_coding,4803580
LOC6902885,,protein_coding,6902885
LOC26533633,,protein_coding,26533633
LOC4812471,,protein_coding,4812471
LOC4803523,,protein_coding,4803523
LOC4812315,,protein_coding,4812315
LOC6897646,,protein_coding,6897646
LOC4802694,,protein_coding,4802694
LOC4805169,,protein_coding,4805169
LOC117184812,,protein_coding,117184812
LOC4803333,,protein_coding,4803333
LOC6898864,,protein_coding,6898864
LOC26532566,,lncRNA,26532566
LOC6901564,,protein_coding,6901564
LOC4813520,,protein_coding,4813520
LOC117184620,,protein_coding,117184620
LOC6897410,,protein_coding,6897410
LOC4814117,,protein_coding,4814117
LOC4817306,,protein_coding,4817306
LOC4816842,,protein_coding,4816842
LOC6900155,,protein_coding,6900155
LOC6903117,,protein_coding,6903117
LOC4803019,,protein_coding,4803019
LOC4814957,,protein_coding,4814957
LOC117183406,,lncRNA,117183406
LOC26532522,,protein_coding,26532522
LOC6896665,,protein_coding,6896665
LOC4817005,,protein_coding,4817005
LOC6897017,,protein_coding,6897017
LOC6903500,,protein_coding,6903500
LOC117183296,,lncRNA,117183296
LOC4803695,,protein_coding,4803695
LOC4805615,,protein_coding,4805615
LOC26533923,,protein_coding,26533923
LOC4801689,,protein_coding,4801689
LOC6903256,,protein_coding,6903256
LOC117184271,,lncRNA,117184271
LOC4804766,,protein_coding,4804766
LOC4816134,,protein_coding,4816134
LOC117184962,,lncRNA,117184962
LOC6900149,,protein_coding,6900149
LOC117184955,,protein_coding,117184955
LOC26531972,,protein_coding,26531972
LOC117183381,,protein_coding,117183381
LOC6900756,,protein_coding,6900756
LOC6897785,,protein_coding,6897785
LOC117184442,,protein_coding,117184442
LOC6901218,,lncRNA,6901218
LOC6901510,,protein_coding,6901510
LOC4803959,,protein_coding,4803959
LOC4805077,,protein_coding,4805077
LOC117185597,,lncRNA,117185597
LOC4815930,,protein_coding,4815930
LOC117185462,,rRNA,117185462
LOC4815156,,protein_coding,4815156
LOC117183912,,lncRNA,117183912
LOC4815495,,protein_coding,4815495
LOC6897235,,protein_coding,6897235
LOC4805597,,protein_coding,4805597
LOC4805603,,protein_coding,4805603
LOC6897365,,protein_coding,6897365
LOC4813624,,protein_coding,4813624
LOC6903643,,protein_coding,6903643
LOC6899225,,protein_coding,6899225
LOC4804670,,protein_coding,4804670
LOC4804300,,protein_coding,4804300
LOC4802714,,protein_coding,4802714
LOC26532088,,lncRNA,26532088
LOC4817153,,protein_coding,4817153
LOC6898847,,protein_coding,6898847
LOC6897693,,protein_coding,6897693
LOC4800947,,protein_coding,4800947
LOC6901073,,protein_coding,6901073
LOC117183474,Trnac-gca,tRNA,117183474
LOC4800826,,protein_coding,4800826
LOC6902088,,protein_coding,6902088
LOC117183774,,protein_coding,117183774
LOC4811884,,protein_coding,4811884
LOC4815609,,protein_coding,4815609
LOC26533473,,lncRNA,26533473
LOC6896724,,protein_coding,6896724
LOC4817292,,protein_coding,4817292
LOC4802028,,protein_coding,4802028
LOC4804203,,protein_coding,4804203
LOC4815322,,protein_coding,4815322
LOC4803779,,protein_coding,4803779
LOC26533518,,lncRNA,26533518
LOC4804254,,protein_coding,4804254
LOC4802335,,protein_coding,4802335
LOC117185111,,lncRNA,117185111
LOC117184990,,lncRNA,117184990
LOC6903867,,pseudogene,6903867
LOC4813106,,protein_coding,4813106
LOC4813388,,protein_coding,4813388
LOC26532759,,protein_coding,26532759
LOC4804342,,protein_coding,4804342
LOC4802367,,protein_coding,4802367
LOC6897143,,protein_coding,6897143
LOC4817470,,protein_coding,4817470
LOC4805628,,protein_coding,4805628
LOC26533927,,protein_coding,26533927
LOC6898428,,protein_coding,6898428
LOC4803501,,protein_coding,4803501
LOC6903370,,protein_coding,6903370
LOC6897104,,protein_coding,6897104
LOC117184814,,lncRNA,117184814
LOC117183350,,lncRNA,117183350
LOC4801115,,protein_coding,4801115
LOC117183830,Trnag-gcc-2,tRNA,117183830
LOC6897236,,protein_coding,6897236
LOC4801354,,protein_coding,4801354
LOC6903074,,protein_coding,6903074
LOC4804982,,protein_coding,4804982
LOC4804263,,protein_coding,4804263
LOC4802590,,protein_coding,4802590
LOC6899416,,protein_coding,6899416
LOC117184542,,protein_coding,117184542
LOC117183550,,lncRNA,117183550
LOC6901040,,protein_coding,6901040
LOC4802681,,protein_coding,4802681
LOC26533249,,protein_coding,26533249
LOC4817571,,protein_coding,4817571
LOC117183938,,protein_coding,117183938
LOC4817410,,protein_coding,4817410
LOC4801345,,protein_coding,4801345
LOC4815783,,protein_coding,4815783
LOC117184351,,lncRNA,117184351
LOC4803357,,protein_coding,4803357
LOC117183435,Trnaw-cca-2,tRNA,117183435
LOC26533090,,protein_coding,26533090
LOC4811764,,protein_coding,4811764
LOC4813593,,protein_coding,4813593
LOC6897026,,protein_coding,6897026
LOC4802174,,protein_coding,4802174
LOC4802820,,protein_coding,4802820
LOC4805391,,protein_coding,4805391
LOC4814652,,protein_coding,4814652
LOC6896956,,protein_coding,6896956
LOC6897697,,protein_coding,6897697
LOC4812427,,protein_coding,4812427
LOC6901153,,protein_coding,6901153
LOC6898921,,protein_coding,6898921
LOC4805587,,protein_coding,4805587
LOC6896816,,protein_coding,6896816
LOC4817575,,protein_coding,4817575
LOC26533942,,protein_coding,26533942
LOC4804776,,protein_coding,4804776
LOC6902710,,protein_coding,6902710
LOC4816559,,protein_coding,4816559
LOC4812159,,protein_coding,4812159
LOC6897820,,protein_coding,6897820
LOC117184249,,lncRNA,117184249
LOC4817196,,protein_coding,4817196
LOC4805716,,protein_coding,4805716
LOC6902398,,protein_coding,6902398
LOC4802531,,protein_coding,4802531
LOC4802204,,protein_coding,4802204
LOC6899446,,protein_coding,6899446
LOC117185007,,lncRNA,117185007
LOC117184370,,protein_coding,117184370
LOC6903276,,protein_coding,6903276
LOC4815250,,protein_coding,4815250
LOC4802137,,protein_coding,4802137
LOC4802319,,protein_coding,4802319
LOC4812811,,protein_coding,4812811
LOC6904059,,protein_coding,6904059
LOC6898429,,protein_coding,6898429
LOC26534044,,lncRNA,26534044
LOC6898451,,protein_coding,6898451
LOC117183953,,protein_coding,117183953
LOC4812966,,protein_coding,4812966
LOC6901158,,protein_coding,6901158
LOC4816837,,protein_coding,4816837
LOC6897798,,protein_coding,6897798
LOC4814161,,protein_coding,4814161
LOC6897249,,protein_coding,6897249
LOC6902196,,protein_coding,6902196
LOC4814331,,protein_coding,4814331
LOC117185604,,protein_coding,117185604
LOC117184114,,lncRNA,117184114
LOC6903160,,protein_coding,6903160
LOC4805461,,protein_coding,4805461
LOC26533028,,lncRNA,26533028
LOC6903362,,protein_coding,6903362
LOC4801891,,protein_coding,4801891
LOC4815598,,protein_coding,4815598
LOC26534355,,lncRNA,26534355
LOC117185192,,lncRNA,117185192
LOC4800755,,protein_coding,4800755
LOC6903419,,lncRNA,6903419
LOC6902888,,protein_coding,6902888
LOC4815175,,protein_coding,4815175
LOC4812448,,protein_coding,4812448
LOC6898487,,protein_coding,6898487
LOC117183840,Trnak-cuu-7,tRNA,117183840
LOC26533794,,protein_coding,26533794
LOC4804719,,protein_coding,4804719
LOC4805210,,protein_coding,4805210
LOC6897703,,protein_coding,6897703
LOC117185278,,rRNA,117185278
LOC6901256,,protein_coding,6901256
LOC4805178,,protein_coding,4805178
LOC4804507,,protein_coding,4804507
LOC6901429,,protein_coding,6901429
LOC6901505,,protein_coding,6901505
LOC26532990,,lncRNA,26532990
LOC6898784,,protein_coding,6898784
LOC4812157,,protein_coding,4812157
LOC4803388,,protein_coding,4803388
LOC4803066,,protein_coding,4803066
LOC4801865,,protein_coding,4801865
LOC6900025,,protein_coding,6900025
LOC4802765,,protein_coding,4802765
LOC6901756,,protein_coding,6901756
LOC6899938,,protein_coding,6899938
LOC26534042,,lncRNA,26534042
LOC4816302,,protein_coding,4816302
LOC4801812,,protein_coding,4801812
LOC4805685,,protein_coding,4805685
LOC6899104,,protein_coding,6899104
LOC4802769,,protein_coding,4802769
LOC4814144,,protein_coding,4814144
LOC4804570,,protein_coding,4804570
LOC4813840,,protein_coding,4813840
LOC4805402,,protein_coding,4805402
LOC117184535,,protein_coding,117184535
LOC4813586,,protein_coding,4813586
LOC4816052,,protein_coding,4816052
LOC4814496,,protein_coding,4814496
LOC4812801,,protein_coding,4812801
LOC4817761,,protein_coding,4817761
LOC4816785,,protein_coding,4816785
LOC4803447,,protein_coding,4803447
LOC6901017,,protein_coding,6901017
LOC117184004,,protein_coding,117184004
LOC4817729,,protein_coding,4817729
LOC4817194,,protein_coding,4817194
LOC4812603,,protein_coding,4812603
LOC4813344,,protein_coding,4813344
LOC4816204,,protein_coding,4816204
LOC117184777,,lncRNA,117184777
LOC4815607,,protein_coding,4815607
LOC4805444,,protein_coding,4805444
LOC117184256,,protein_coding,117184256
LOC4804664,,protein_coding,4804664
LOC6902520,,protein_coding,6902520
LOC6902705,,protein_coding,6902705
LOC4813680,,protein_coding,4813680
LOC26534422,,lncRNA,26534422
LOC6900044,,protein_coding,6900044
LOC4814201,,protein_coding,4814201
LOC4817913,,protein_coding,4817913
LOC26533620,,protein_coding,26533620
LOC117183771,,lncRNA,117183771
LOC26534210,,protein_coding,26534210
LOC4804538,,protein_coding,4804538
LOC4815365,,protein_coding,4815365
LOC6896655,,protein_coding,6896655
LOC117183209,,lncRNA,117183209
LOC6902580,,protein_coding,6902580
LOC4803820,,protein_coding,4803820
LOC117185488,,rRNA,117185488
LOC4817216,,protein_coding,4817216
LOC117184667,,protein_coding,117184667
LOC6902948,,protein_coding,6902948
LOC26534296,,lncRNA,26534296
LOC6902385,,protein_coding,6902385
LOC26533075,,protein_coding,26533075
LOC26533389,,protein_coding,26533389
LOC6900491,,protein_coding,6900491
LOC4812116,,protein_coding,4812116
LOC4812497,,protein_coding,4812497
LOC26534371,,lncRNA,26534371
LOC6901109,,protein_coding,6901109
LOC6898842,,protein_coding,6898842
LOC117184744,,protein_coding,117184744
LOC13036386,,protein_coding,13036386
LOC117184350,,lncRNA,117184350
LOC117185051,,lncRNA,117185051
LOC4816272,,protein_coding,4816272
LOC4800490,,protein_coding,4800490
LOC4814905,,protein_coding,4814905
LOC117184688,,protein_coding,117184688
LOC26532808,,lncRNA,26532808
LOC6902192,,protein_coding,6902192
LOC6896701,,protein_coding,6896701
LOC4815509,,protein_coding,4815509
LOC6898970,,protein_coding,6898970
LOC26533580,,lncRNA,26533580
LOC6902510,,protein_coding,6902510
LOC117183521,,lncRNA,117183521
LOC4803652,,protein_coding,4803652
LOC26533514,,lncRNA,26533514
LOC117183628,,lncRNA,117183628
LOC4801391,,protein_coding,4801391
LOC4815128,,protein_coding,4815128
LOC4816992,,protein_coding,4816992
LOC26532183,,lncRNA,26532183
LOC4800560,,protein_coding,4800560
LOC4804422,,protein_coding,4804422
LOC4815010,,protein_coding,4815010
LOC6902872,,protein_coding,6902872
LOC6896721,,protein_coding,6896721
LOC4812860,,protein_coding,4812860
LOC4803255,,protein_coding,4803255
LOC117183476,Trnal-uag-2,tRNA,117183476
LOC6898903,,protein_coding,6898903
LOC6900759,,protein_coding,6900759
LOC6902576,,protein_coding,6902576
LOC4816279,,protein_coding,4816279
LOC117185071,,lncRNA,117185071
LOC4804705,,protein_coding,4804705
LOC4804470,,protein_coding,4804470
LOC6901646,,protein_coding,6901646
LOC4814835,,protein_coding,4814835
LOC6898445,,protein_coding,6898445
LOC4814142,,protein_coding,4814142
LOC6898184,,protein_coding,6898184
LOC4815161,,protein_coding,4815161
LOC117185029,,lncRNA,117185029
LOC4812230,,protein_coding,4812230
LOC4812754,,protein_coding,4812754
LOC26533629,,lncRNA,26533629
LOC117184573,,lncRNA,117184573
LOC4804734,,protein_coding,4804734
LOC117184774,,lncRNA,117184774
LOC4805217,,protein_coding,4805217
LOC4803477,,protein_coding,4803477
LOC6902131,,protein_coding,6902131
LOC4802505,,protein_coding,4802505
LOC4815824,,protein_coding,4815824
LOC117183663,,lncRNA,117183663
LOC117183507,,protein_coding,117183507
LOC4815193,,protein_coding,4815193
LOC4802081,,protein_coding,4802081
LOC6898816,,protein_coding,6898816
LOC4814938,,protein_coding,4814938
LOC117183945,,lncRNA,117183945
LOC4801526,,protein_coding,4801526
LOC6901811,,protein_coding,6901811
LOC6899990,,protein_coding,6899990
LOC4816963,,protein_coding,4816963
LOC4817557,,protein_coding,4817557
LOC117184929,,protein_coding,117184929
LOC4811778,,protein_coding,4811778
LOC4805227,,protein_coding,4805227
LOC117185374,Trnac-gca-2,tRNA,117185374
LOC117184056,,protein_coding,117184056
LOC26533241,,lncRNA,26533241
LOC6900788,,protein_coding,6900788
LOC4804291,,protein_coding,4804291
LOC4805501,,protein_coding,4805501
LOC6898484,,protein_coding,6898484
LOC117185578,,pseudogene,117185578
LOC4814152,,protein_coding,4814152
LOC4804182,,protein_coding,4804182
LOC4815117,,protein_coding,4815117
LOC4816716,,protein_coding,4816716
LOC117185346,Trnam-cau-8,tRNA,117185346
LOC6897048,,protein_coding,6897048
LOC117184855,,protein_coding,117184855
LOC4800961,,protein_coding,4800961
LOC6898147,,protein_coding,6898147
LOC26533320,,lncRNA,26533320
LOC13036529,,protein_coding,13036529
LOC4803936,,protein_coding,4803936
LOC4818029,,protein_coding,4818029
LOC4816062,,protein_coding,4816062
LOC4815945,,protein_coding,4815945
LOC4813297,,protein_coding,4813297
LOC4803828,,protein_coding,4803828
LOC6900492,,protein_coding,6900492
LOC6901170,,protein_coding,6901170
LOC4812976,,protein_coding,4812976
LOC4802051,,protein_coding,4802051
LOC4816496,,protein_coding,4816496
LOC4804426,,protein_coding,4804426
LOC4804355,,protein_coding,4804355
LOC117184107,,protein_coding,117184107
LOC4804666,,protein_coding,4804666
LOC117183579,,lncRNA,117183579
LOC4801217,,protein_coding,4801217
LOC6900906,,protein_coding,6900906
LOC4816683,,protein_coding,4816683
LOC6898696,,protein_coding,6898696
LOC4815270,,protein_coding,4815270
LOC4815685,,protein_coding,4815685
LOC4805641,,protein_coding,4805641
LOC4814024,,protein_coding,4814024
LOC6903797,,protein_coding,6903797
LOC6900187,,protein_coding,6900187
LOC26533660,,lncRNA,26533660
LOC4813851,,protein_coding,4813851
LOC6902890,,protein_coding,6902890
LOC117184480,,protein_coding,117184480
LOC4818077,,protein_coding,4818077
LOC4813266,,protein_coding,4813266
LOC4801078,,protein_coding,4801078
LOC26532507,,protein_coding,26532507
LOC6900301,,protein_coding,6900301
LOC6903253,,protein_coding,6903253
LOC117183223,,protein_coding,117183223
LOC4812340,,protein_coding,4812340
LOC6897221,,protein_coding,6897221
LOC4814944,,protein_coding,4814944
LOC4817059,,protein_coding,4817059
LOC4814687,,protein_coding,4814687
LOC117185428,,lncRNA,117185428
LOC117183272,,lncRNA,117183272
LOC117184055,,lncRNA,117184055
LOC6901065,,protein_coding,6901065
LOC6901467,,protein_coding,6901467
LOC26533281,,lncRNA,26533281
LOC26532459,,lncRNA,26532459
LOC4804458,,protein_coding,4804458
LOC6899754,,protein_coding,6899754
LOC6897308,,protein_coding,6897308
LOC4813656,,protein_coding,4813656
LOC4812272,,protein_coding,4812272
LOC4805450,,protein_coding,4805450
LOC6900013,,protein_coding,6900013
LOC6903277,,protein_coding,6903277
LOC4814209,,protein_coding,4814209
LOC4813708,,protein_coding,4813708
LOC26532345,,lncRNA,26532345
LOC26532162,,lncRNA,26532162
LOC4815634,,protein_coding,4815634
LOC4813108,,protein_coding,4813108
LOC4811853,,protein_coding,4811853
LOC4802549,,protein_coding,4802549
LOC4813588,,protein_coding,4813588
LOC26532014,,lncRNA,26532014
LOC117183889,Trnak-cuu-2,tRNA,117183889
LOC6901740,,protein_coding,6901740
LOC4812546,,protein_coding,4812546
LOC4803256,,protein_coding,4803256
LOC6903441,,protein_coding,6903441
LOC4817582,,protein_coding,4817582
LOC6898569,,protein_coding,6898569
LOC4804799,,protein_coding,4804799
LOC4804138,,protein_coding,4804138
LOC6898261,,protein_coding,6898261
LOC6901781,,protein_coding,6901781
LOC117184086,,lncRNA,117184086
LOC4814603,,protein_coding,4814603
LOC4815284,,protein_coding,4815284
LOC6901823,,protein_coding,6901823
LOC117184503,,lncRNA,117184503
LOC4800596,,protein_coding,4800596
LOC6900016,,protein_coding,6900016
LOC4803301,,protein_coding,4803301
LOC26533918,,lncRNA,26533918
LOC6897206,,protein_coding,6897206
LOC6896962,,protein_coding,6896962
LOC4817188,,protein_coding,4817188
LOC4801277,,protein_coding,4801277
LOC4815863,,protein_coding,4815863
LOC4803628,,protein_coding,4803628
LOC6896752,,protein_coding,6896752
LOC6899794,,protein_coding,6899794
LOC4818175,,protein_coding,4818175
LOC26532207,,protein_coding,26532207
LOC4800974,,protein_coding,4800974
LOC4804714,,protein_coding,4804714
LOC6901544,,protein_coding,6901544
LOC4800243,,protein_coding,4800243
LOC6897803,,protein_coding,6897803
LOC4804816,,protein_coding,4804816
LOC6901302,,protein_coding,6901302
LOC4802315,,protein_coding,4802315
LOC117185066,,lncRNA,117185066
LOC6901344,,protein_coding,6901344
LOC4801552,,protein_coding,4801552
LOC4803925,,protein_coding,4803925
LOC4812628,,protein_coding,4812628
LOC4816845,,protein_coding,4816845
LOC4813415,,protein_coding,4813415
LOC4800532,,protein_coding,4800532
LOC6901166,,protein_coding,6901166
LOC4811915,,protein_coding,4811915
LOC117185281,,rRNA,117185281
LOC6901320,,protein_coding,6901320
LOC6901163,,protein_coding,6901163
LOC4812788,,protein_coding,4812788
LOC4818046,,protein_coding,4818046
LOC4814588,,protein_coding,4814588
LOC4814764,,protein_coding,4814764
LOC117184739,,lncRNA,117184739
LOC4815358,,protein_coding,4815358
LOC6899872,,protein_coding,6899872
LOC4800805,,protein_coding,4800805
LOC4804338,,protein_coding,4804338
LOC4812060,,protein_coding,4812060
LOC4813317,,protein_coding,4813317
LOC4814475,,protein_coding,4814475
LOC117184459,,protein_coding,117184459
LOC4817190,,protein_coding,4817190
LOC4816805,,protein_coding,4816805
LOC26533065,,protein_coding,26533065
LOC4801307,,protein_coding,4801307
LOC6902100,,protein_coding,6902100
LOC4800442,,protein_coding,4800442
LOC4801370,,protein_coding,4801370
LOC4803610,,protein_coding,4803610
LOC26534352,,lncRNA,26534352
LOC6901282,,protein_coding,6901282
LOC4800651,,protein_coding,4800651
LOC6897563,,protein_coding,6897563
LOC6901482,,protein_coding,6901482
LOC117185174,,protein_coding,117185174
LOC4812073,,protein_coding,4812073
LOC6900831,,protein_coding,6900831
LOC117184062,,lncRNA,117184062
LOC117184950,,lncRNA,117184950
LOC4800973,,protein_coding,4800973
LOC4813412,,protein_coding,4813412
LOC4800871,,protein_coding,4800871
LOC4804885,,protein_coding,4804885
LOC4805428,,protein_coding,4805428
LOC4805499,,protein_coding,4805499
LOC6902403,,protein_coding,6902403
LOC4814431,,protein_coding,4814431
LOC4802232,,protein_coding,4802232
LOC26533174,,lncRNA,26533174
LOC4813992,,protein_coding,4813992
LOC6903426,,protein_coding,6903426
LOC4817818,,protein_coding,4817818
LOC4816157,,protein_coding,4816157
LOC4815448,,protein_coding,4815448
LOC4816606,,protein_coding,4816606
LOC117184272,,lncRNA,117184272
LOC117185274,,rRNA,117185274
LOC26532471,,lncRNA,26532471
LOC4816455,,protein_coding,4816455
LOC4814186,,protein_coding,4814186
LOC26532897,,lncRNA,26532897
LOC4815162,,protein_coding,4815162
LOC4813936,,protein_coding,4813936
LOC4804059,,protein_coding,4804059
LOC6900539,,protein_coding,6900539
LOC26532434,,protein_coding,26532434
LOC4805038,,protein_coding,4805038
LOC4812177,,protein_coding,4812177
LOC4804704,,protein_coding,4804704
LOC117184932,,lncRNA,117184932
LOC6896775,,protein_coding,6896775
LOC4817149,,protein_coding,4817149
LOC4816583,,protein_coding,4816583
LOC6898823,,protein_coding,6898823
LOC4805425,,protein_coding,4805425
LOC4804858,,protein_coding,4804858
LOC4801875,,protein_coding,4801875
LOC13036461,,protein_coding,13036461
LOC4812408,,protein_coding,4812408
LOC4816414,,protein_coding,4816414
LOC6898459,,protein_coding,6898459
LOC4817946,,protein_coding,4817946
LOC4802014,,protein_coding,4802014
LOC4813884,,protein_coding,4813884
LOC117184609,,protein_coding,117184609
LOC6903360,,protein_coding,6903360
LOC6901453,,protein_coding,6901453
LOC6900638,,protein_coding,6900638
LOC4804636,,protein_coding,4804636
LOC117183227,,lncRNA,117183227
LOC6898716,,protein_coding,6898716
LOC4817170,,protein_coding,4817170
LOC117185389,Trnar-ucg-3,tRNA,117185389
LOC4800997,,protein_coding,4800997
LOC4804352,,protein_coding,4804352
LOC4804945,,protein_coding,4804945
LOC4801117,,protein_coding,4801117
LOC26533795,,protein_coding,26533795
LOC4818142,,protein_coding,4818142
LOC6897615,,protein_coding,6897615
LOC4804365,,protein_coding,4804365
LOC117183890,Trnak-cuu-3,tRNA,117183890
LOC117184018,,protein_coding,117184018
LOC4811973,,protein_coding,4811973
LOC4816748,,protein_coding,4816748
LOC4812329,,protein_coding,4812329
LOC4805361,,protein_coding,4805361
LOC4802016,,protein_coding,4802016
LOC4814208,,protein_coding,4814208
LOC117184116,,protein_coding,117184116
LOC6897198,,rRNA,6897198
LOC4800368,,protein_coding,4800368
LOC4801509,,protein_coding,4801509
LOC4801919,,protein_coding,4801919
LOC15382880,,protein_coding,15382880
LOC4800707,,protein_coding,4800707
LOC117185265,,rRNA,117185265
LOC117183561,,lncRNA,117183561
LOC26533597,,protein_coding,26533597
LOC4816771,,protein_coding,4816771
LOC4815217,,protein_coding,4815217
LOC4816745,,protein_coding,4816745
LOC6898356,,protein_coding,6898356
LOC117183815,Trnae-cuc-3,tRNA,117183815
LOC4817233,,protein_coding,4817233
LOC6897332,,protein_coding,6897332
LOC4802116,,protein_coding,4802116
LOC6898755,,protein_coding,6898755
LOC6898008,,protein_coding,6898008
LOC6901808,,protein_coding,6901808
LOC117183707,,lncRNA,117183707
LOC4815501,,protein_coding,4815501
LOC4812699,,protein_coding,4812699
LOC4811735,,protein_coding,4811735
LOC4812956,,protein_coding,4812956
LOC6898850,,protein_coding,6898850
LOC4816584,,protein_coding,4816584
LOC6902858,,protein_coding,6902858
LOC117183267,,protein_coding,117183267
LOC117184230,,lncRNA,117184230
LOC26532200,,lncRNA,26532200
LOC6901419,,protein_coding,6901419
LOC6898452,,protein_coding,6898452
LOC4803251,,protein_coding,4803251
LOC4812224,,protein_coding,4812224
LOC6902628,,snRNA,6902628
LOC4805720,,protein_coding,4805720
LOC117184870,,lncRNA,117184870
LOC6903109,,protein_coding,6903109
LOC4812751,,protein_coding,4812751
LOC4814849,,protein_coding,4814849
LOC4817920,,protein_coding,4817920
LOC4817434,,protein_coding,4817434
LOC6900892,,protein_coding,6900892
LOC4805725,,protein_coding,4805725
LOC117184757,,lncRNA,117184757
LOC4813186,,protein_coding,4813186
LOC117184716,,lncRNA,117184716
LOC6901365,,snoRNA,6901365
LOC4815246,,protein_coding,4815246
LOC4814121,,protein_coding,4814121
LOC6900642,,protein_coding,6900642
LOC4816699,,protein_coding,4816699
LOC4801879,,protein_coding,4801879
LOC6898668,,protein_coding,6898668
LOC26533095,,lncRNA,26533095
LOC4805365,,protein_coding,4805365
LOC6899936,,protein_coding,6899936
LOC4813486,,protein_coding,4813486
LOC26532553,,lncRNA,26532553
LOC6898804,,protein_coding,6898804
LOC4803257,,protein_coding,4803257
LOC6900790,,protein_coding,6900790
LOC26533440,,lncRNA,26533440
LOC117185551,,lncRNA,117185551
LOC6897072,,protein_coding,6897072
LOC6899811,,protein_coding,6899811
LOC26533485,,lncRNA,26533485
LOC26533566,,lncRNA,26533566
LOC13036285,,protein_coding,13036285
LOC26532899,,protein_coding,26532899
LOC26532950,,lncRNA,26532950
LOC4812485,,protein_coding,4812485
LOC26532649,,protein_coding,26532649
LOC26533472,,protein_coding,26533472
LOC4814489,,protein_coding,4814489
LOC6901272,,protein_coding,6901272
LOC4812850,,protein_coding,4812850
LOC4803757,,protein_coding,4803757
LOC4813530,,protein_coding,4813530
LOC6901392,,protein_coding,6901392
LOC4813220,,protein_coding,4813220
LOC117183943,,protein_coding,117183943
LOC4812842,,protein_coding,4812842
LOC6896984,,protein_coding,6896984
LOC6902641,,snRNA,6902641
LOC6897144,,protein_coding,6897144
LOC117183676,,protein_coding,117183676
LOC4804562,,protein_coding,4804562
LOC4804746,,protein_coding,4804746
LOC6900294,,protein_coding,6900294
LOC4805617,,protein_coding,4805617
LOC4817282,,protein_coding,4817282
LOC4811955,,protein_coding,4811955
LOC4805412,,protein_coding,4805412
LOC4804072,,protein_coding,4804072
LOC6901208,,protein_coding,6901208
LOC4815590,,protein_coding,4815590
LOC26532051,,protein_coding,26532051
LOC4812395,,protein_coding,4812395
LOC4815039,,protein_coding,4815039
LOC4803981,,protein_coding,4803981
LOC117184154,,lncRNA,117184154
LOC26532754,,protein_coding,26532754
LOC6897552,,protein_coding,6897552
LOC6902784,,protein_coding,6902784
LOC117183310,,protein_coding,117183310
LOC4800939,,protein_coding,4800939
LOC4817865,,protein_coding,4817865
LOC4816356,,protein_coding,4816356
LOC117185566,,lncRNA,117185566
LOC4813794,,protein_coding,4813794
LOC44805039,HCS66_mgp05,protein_coding,44805039
LOC4814483,,protein_coding,4814483
LOC4813759,,protein_coding,4813759
LOC4816294,,protein_coding,4816294
LOC4803561,,protein_coding,4803561
LOC6898694,,protein_coding,6898694
LOC4813327,,protein_coding,4813327
LOC4816924,,protein_coding,4816924
LOC4802684,,protein_coding,4802684
LOC117185499,,rRNA,117185499
LOC26532343,,lncRNA,26532343
LOC4804297,,protein_coding,4804297
LOC6899823,,protein_coding,6899823
LOC117185162,,lncRNA,117185162
LOC26533009,,protein_coding,26533009
LOC4812856,,protein_coding,4812856
LOC6897507,,protein_coding,6897507
LOC117183249,,protein_coding,117183249
LOC4812597,,protein_coding,4812597
LOC6898865,,protein_coding,6898865
LOC6899369,,protein_coding,6899369
LOC6902926,,protein_coding,6902926
LOC117184775,,protein_coding,117184775
LOC4816986,,protein_coding,4816986
LOC117183689,,lncRNA,117183689
LOC4814148,,protein_coding,4814148
LOC4815599,,protein_coding,4815599
LOC4800748,,protein_coding,4800748
LOC26534374,,protein_coding,26534374
LOC4800298,,protein_coding,4800298
LOC4805005,,protein_coding,4805005
LOC6901077,,snoRNA,6901077
LOC4816353,,protein_coding,4816353
LOC4815475,,protein_coding,4815475
LOC4816815,,protein_coding,4816815
LOC4817919,,protein_coding,4817919
LOC4813944,,protein_coding,4813944
LOC117183255,,lncRNA,117183255
LOC6901543,,lncRNA,6901543
LOC4800762,,protein_coding,4800762
LOC4813584,,protein_coding,4813584
LOC6900198,,protein_coding,6900198
LOC4804797,,protein_coding,4804797
LOC4800992,,protein_coding,4800992
LOC117184970,,protein_coding,117184970
LOC117184399,,protein_coding,117184399
LOC6902662,,protein_coding,6902662
LOC117183809,Trnaf-gaa-3,tRNA,117183809
LOC4817394,,protein_coding,4817394
LOC4813110,,protein_coding,4813110
LOC4804549,,protein_coding,4804549
LOC26533848,,protein_coding,26533848
LOC4804222,,protein_coding,4804222
LOC4811995,,protein_coding,4811995
LOC6902667,,protein_coding,6902667
LOC4800404,,protein_coding,4800404
LOC117184416,,protein_coding,117184416
LOC4805386,,protein_coding,4805386
LOC4817450,,protein_coding,4817450
LOC4800671,,protein_coding,4800671
LOC4814051,,protein_coding,4814051
LOC4812536,,protein_coding,4812536
LOC4814100,,protein_coding,4814100
LOC6897427,,protein_coding,6897427
LOC6900268,,protein_coding,6900268
LOC4805012,,protein_coding,4805012
LOC4805409,,protein_coding,4805409
LOC15382869,,protein_coding,15382869
LOC4802881,,protein_coding,4802881
LOC4813762,,protein_coding,4813762
LOC6897279,,protein_coding,6897279
LOC4814907,,protein_coding,4814907
LOC26533892,,protein_coding,26533892
LOC4816104,,protein_coding,4816104
LOC4816717,,protein_coding,4816717
LOC4803798,,protein_coding,4803798
LOC6901785,,protein_coding,6901785
LOC6900749,,protein_coding,6900749
LOC6898987,,protein_coding,6898987
LOC4802210,,protein_coding,4802210
LOC4817029,,protein_coding,4817029
LOC6902753,,protein_coding,6902753
LOC4818026,,protein_coding,4818026
LOC4802591,,protein_coding,4802591
LOC6896883,,protein_coding,6896883
LOC4804200,,protein_coding,4804200
LOC6900233,,protein_coding,6900233
LOC4814347,,protein_coding,4814347
LOC4813822,,protein_coding,4813822
LOC4811729,,protein_coding,4811729
LOC6903642,,protein_coding,6903642
LOC6903092,,snoRNA,6903092
LOC6899330,,protein_coding,6899330
LOC117183812,Trnah-gug-5,tRNA,117183812
LOC4800831,,protein_coding,4800831
LOC4814174,,protein_coding,4814174
LOC6896680,,protein_coding,6896680
LOC4816668,,protein_coding,4816668
LOC6903399,,protein_coding,6903399
LOC26532647,,protein_coding,26532647
LOC4816479,,protein_coding,4816479
LOC4817150,,protein_coding,4817150
LOC117184860,,lncRNA,117184860
LOC117185226,,rRNA,117185226
LOC26532185,,lncRNA,26532185
LOC4817656,,protein_coding,4817656
LOC117185665,,lncRNA,117185665
LOC6900640,,protein_coding,6900640
LOC4815457,,protein_coding,4815457
LOC117183990,,protein_coding,117183990
LOC4800293,,protein_coding,4800293
LOC4804068,,protein_coding,4804068
LOC4816100,,protein_coding,4816100
LOC4818093,,protein_coding,4818093
LOC4815563,,protein_coding,4815563
LOC26533304,,protein_coding,26533304
LOC4816172,,protein_coding,4816172
LOC4817278,,protein_coding,4817278
LOC4800890,,protein_coding,4800890
LOC4816118,,protein_coding,4816118
LOC6898739,,protein_coding,6898739
LOC117185091,,protein_coding,117185091
LOC117184078,,lncRNA,117184078
LOC117183549,,lncRNA,117183549
LOC4804236,,protein_coding,4804236
LOC6897929,,protein_coding,6897929
LOC4816847,,protein_coding,4816847
LOC4801077,,protein_coding,4801077
LOC4817802,,protein_coding,4817802
LOC4800909,,protein_coding,4800909
LOC117185077,,protein_coding,117185077
LOC4803874,,protein_coding,4803874
LOC4805163,,protein_coding,4805163
LOC117184006,,protein_coding,117184006
LOC6898329,,protein_coding,6898329
LOC6897826,,protein_coding,6897826
LOC6901341,,protein_coding,6901341
LOC6897309,,protein_coding,6897309
LOC117184772,,lncRNA,117184772
LOC117184963,,lncRNA,117184963
LOC117183686,,lncRNA,117183686
LOC6903167,,protein_coding,6903167
LOC6902313,,protein_coding,6902313
LOC4816713,,protein_coding,4816713
LOC6898994,,protein_coding,6898994
LOC4801732,,protein_coding,4801732
LOC4815257,,protein_coding,4815257
LOC117184137,,lncRNA,117184137
LOC4802510,,protein_coding,4802510
LOC26534075,,lncRNA,26534075
LOC26533244,,lncRNA,26533244
LOC4803900,,protein_coding,4803900
LOC4812833,,protein_coding,4812833
LOC26532972,,lncRNA,26532972
LOC4816063,,protein_coding,4816063
LOC6901985,,protein_coding,6901985
LOC117185295,,rRNA,117185295
LOC4814334,,protein_coding,4814334
LOC6899921,,protein_coding,6899921
LOC4802083,,protein_coding,4802083
LOC6902649,,protein_coding,6902649
LOC4814935,,protein_coding,4814935
LOC6897968,,protein_coding,6897968
LOC6900709,,protein_coding,6900709
LOC4800486,,protein_coding,4800486
LOC4815748,,protein_coding,4815748
LOC6900896,,protein_coding,6900896
LOC117183530,,protein_coding,117183530
LOC4802189,,protein_coding,4802189
LOC6903956,,protein_coding,6903956
LOC4812205,,protein_coding,4812205
LOC4814275,,protein_coding,4814275
LOC4802618,,protein_coding,4802618
LOC4802230,,protein_coding,4802230
LOC6900260,,protein_coding,6900260
LOC4813255,,protein_coding,4813255
LOC4805579,,protein_coding,4805579
LOC117185168,,protein_coding,117185168
LOC4815012,,protein_coding,4815012
LOC4816848,,protein_coding,4816848
LOC6903448,,protein_coding,6903448
LOC6902570,,protein_coding,6902570
LOC6903430,,protein_coding,6903430
LOC4804889,,protein_coding,4804889
LOC4818109,,protein_coding,4818109
LOC4812567,,protein_coding,4812567
LOC6902296,,protein_coding,6902296
LOC4805560,,protein_coding,4805560
LOC6900615,,protein_coding,6900615
LOC6900872,,protein_coding,6900872
LOC117185108,,protein_coding,117185108
LOC4800346,,protein_coding,4800346
LOC4812007,,protein_coding,4812007
LOC6902241,,protein_coding,6902241
LOC6897470,,protein_coding,6897470
LOC4816413,,protein_coding,4816413
LOC4804754,,protein_coding,4804754
LOC4802993,,protein_coding,4802993
LOC4813060,,protein_coding,4813060
LOC117184639,,protein_coding,117184639
LOC4817708,,protein_coding,4817708
LOC4803246,,protein_coding,4803246
LOC26533276,,protein_coding,26533276
LOC4813024,,protein_coding,4813024
LOC26532045,,protein_coding,26532045
LOC4814617,,protein_coding,4814617
LOC26533869,,lncRNA,26533869
LOC4801301,,protein_coding,4801301
LOC4816141,,protein_coding,4816141
LOC117183475,Trnal-uag,tRNA,117183475
LOC6901851,,protein_coding,6901851
LOC4803299,,protein_coding,4803299
LOC15382885,,protein_coding,15382885
LOC44805021,HCS66_mgp13,protein_coding,44805021
LOC6899112,,protein_coding,6899112
LOC4815812,,protein_coding,4815812
LOC4802057,,protein_coding,4802057
LOC117185003,,lncRNA,117185003
LOC4803422,,protein_coding,4803422
LOC117185532,,rRNA,117185532
LOC4802084,,protein_coding,4802084
LOC117183412,,rRNA,117183412
LOC6903265,,protein_coding,6903265
LOC4802379,,protein_coding,4802379
LOC26533470,,lncRNA,26533470
LOC4816259,,protein_coding,4816259
LOC4812582,,protein_coding,4812582
LOC4816801,,protein_coding,4816801
LOC44805054,HCS66_mgt16,tRNA,44805054
LOC4803970,,protein_coding,4803970
LOC6902430,,protein_coding,6902430
LOC6902523,,protein_coding,6902523
LOC6897352,,protein_coding,6897352
LOC6898095,,protein_coding,6898095
LOC117183170,,protein_coding,117183170
LOC4801363,,protein_coding,4801363
LOC117184265,,protein_coding,117184265
LOC4815238,,protein_coding,4815238
LOC4817548,,protein_coding,4817548
LOC6897737,,protein_coding,6897737
LOC4811878,,protein_coding,4811878
LOC6900157,,protein_coding,6900157
LOC4817874,,protein_coding,4817874
LOC4803853,,protein_coding,4803853
LOC4800857,,protein_coding,4800857
LOC4800433,,protein_coding,4800433
LOC6901215,,protein_coding,6901215
LOC6900783,,protein_coding,6900783
LOC4802195,,protein_coding,4802195
LOC4815293,,protein_coding,4815293
LOC26534430,,lncRNA,26534430
LOC4802752,,protein_coding,4802752
LOC4815537,,protein_coding,4815537
LOC4813615,,protein_coding,4813615
LOC4801102,,protein_coding,4801102
LOC4811708,,protein_coding,4811708
LOC4812885,,protein_coding,4812885
LOC4812013,,protein_coding,4812013
LOC4804909,,protein_coding,4804909
LOC117184628,,lncRNA,117184628
LOC26533051,,lncRNA,26533051
LOC4803786,,protein_coding,4803786
LOC4800702,,protein_coding,4800702
LOC4804533,,protein_coding,4804533
LOC4813339,,protein_coding,4813339
LOC4804566,,protein_coding,4804566
LOC4801832,,protein_coding,4801832
LOC4804274,,protein_coding,4804274
LOC117183875,Trnan-guu-5,tRNA,117183875
LOC4813226,,protein_coding,4813226
LOC6897050,,protein_coding,6897050
LOC4802371,,protein_coding,4802371
LOC6900658,,protein_coding,6900658
LOC117184341,,protein_coding,117184341
LOC4813743,,protein_coding,4813743
LOC6897231,,protein_coding,6897231
LOC4813461,,protein_coding,4813461
LOC4816497,,protein_coding,4816497
LOC6898333,,protein_coding,6898333
LOC4813421,,protein_coding,4813421
LOC4817648,,protein_coding,4817648
LOC26533438,,lncRNA,26533438
LOC4812667,,protein_coding,4812667
LOC4812798,,protein_coding,4812798
LOC4803847,,protein_coding,4803847
LOC6903915,,protein_coding,6903915
LOC26531969,,lncRNA,26531969
LOC4814012,,protein_coding,4814012
LOC6898227,,protein_coding,6898227
LOC4814081,,protein_coding,4814081
LOC117184445,,lncRNA,117184445
LOC4816742,,protein_coding,4816742
LOC26532147,,protein_coding,26532147
LOC4805436,,protein_coding,4805436
LOC6898014,,snRNA,6898014
LOC4804306,,protein_coding,4804306
LOC117183433,Trnas-gcu,tRNA,117183433
LOC117184752,,protein_coding,117184752
LOC4803759,,protein_coding,4803759
LOC4812005,,protein_coding,4812005
LOC117185144,,lncRNA,117185144
LOC117185573,,rRNA,117185573
LOC4804564,,protein_coding,4804564
LOC4811981,,protein_coding,4811981
LOC4811803,,protein_coding,4811803
LOC4814237,,protein_coding,4814237
LOC4801635,,protein_coding,4801635
LOC6902362,,protein_coding,6902362
LOC4813568,,protein_coding,4813568
LOC26533034,,protein_coding,26533034
LOC4805124,,protein_coding,4805124
LOC4802738,,protein_coding,4802738
LOC6903648,,protein_coding,6903648
LOC4811880,,protein_coding,4811880
LOC4811805,,protein_coding,4811805
LOC117185145,,lncRNA,117185145
LOC4812986,,protein_coding,4812986
LOC4813752,,protein_coding,4813752
LOC4813707,,protein_coding,4813707
LOC6900873,,protein_coding,6900873
LOC117185615,,protein_coding,117185615
LOC6902052,,protein_coding,6902052
LOC4803268,,protein_coding,4803268
LOC4811991,,protein_coding,4811991
LOC4817629,,protein_coding,4817629
LOC26533685,,lncRNA,26533685
LOC4804569,,protein_coding,4804569
LOC6902050,,protein_coding,6902050
LOC26533906,,pseudogene,26533906
LOC4812198,,protein_coding,4812198
LOC6901532,,protein_coding,6901532
LOC6899286,,protein_coding,6899286
LOC117183400,,lncRNA,117183400
LOC4803478,,protein_coding,4803478
LOC4803084,,protein_coding,4803084
LOC4812201,,protein_coding,4812201
LOC117184993,,lncRNA,117184993
LOC4817887,,protein_coding,4817887
LOC4816714,,protein_coding,4816714
LOC4816574,,protein_coding,4816574
LOC6898043,,protein_coding,6898043
LOC26534122,,protein_coding,26534122
LOC26533546,,lncRNA,26533546
LOC4815611,,protein_coding,4815611
LOC4817750,,protein_coding,4817750
LOC26532515,,lncRNA,26532515
LOC4803485,,protein_coding,4803485
LOC4817839,,protein_coding,4817839
LOC4814448,,protein_coding,4814448
LOC6896860,,protein_coding,6896860
LOC4816015,,protein_coding,4816015
LOC4816091,,protein_coding,4816091
LOC4801297,,protein_coding,4801297
LOC117184374,,lncRNA,117184374
LOC13036366,,protein_coding,13036366
LOC6898583,,protein_coding,6898583
LOC4815815,,protein_coding,4815815
LOC6897943,,snoRNA,6897943
LOC117185121,,pseudogene,117185121
LOC117184742,,lncRNA,117184742
LOC4800306,,protein_coding,4800306
LOC4805739,,protein_coding,4805739
LOC117183518,,protein_coding,117183518
LOC4801913,,protein_coding,4801913
LOC26533050,,protein_coding,26533050
LOC4812821,,protein_coding,4812821
LOC4814003,,protein_coding,4814003
LOC6898207,,protein_coding,6898207
LOC4804010,,protein_coding,4804010
LOC4815630,,protein_coding,4815630
LOC117184687,,protein_coding,117184687
LOC6900336,,protein_coding,6900336
LOC117185621,,protein_coding,117185621
LOC4812359,,protein_coding,4812359
LOC4802914,,protein_coding,4802914
LOC4803449,,protein_coding,4803449
LOC4816480,,protein_coding,4816480
LOC4817524,,protein_coding,4817524
LOC4802029,,protein_coding,4802029
LOC4805432,,protein_coding,4805432
LOC4805689,,protein_coding,4805689
LOC4801843,,protein_coding,4801843
LOC117184298,Trnad-guc-8,tRNA,117184298
LOC4801593,,protein_coding,4801593
LOC4802719,,protein_coding,4802719
LOC6903022,,protein_coding,6903022
LOC117185305,,rRNA,117185305
LOC117184517,,lncRNA,117184517
LOC26533296,,lncRNA,26533296
LOC4802756,,protein_coding,4802756
LOC4813859,,protein_coding,4813859
LOC4800430,,protein_coding,4800430
LOC4803623,,protein_coding,4803623
LOC4804433,,protein_coding,4804433
LOC4813263,,protein_coding,4813263
LOC4814409,,protein_coding,4814409
LOC4813330,,protein_coding,4813330
LOC117184817,,lncRNA,117184817
LOC6898444,,protein_coding,6898444
LOC4802264,,protein_coding,4802264
LOC4816301,,protein_coding,4816301
LOC6899498,,protein_coding,6899498
LOC117185492,,rRNA,117185492
LOC117183724,,protein_coding,117183724
LOC6901774,,protein_coding,6901774
LOC117183848,Trnar-acg-8,tRNA,117183848
LOC4814068,,protein_coding,4814068
LOC4800448,,protein_coding,4800448
LOC4817683,,protein_coding,4817683
LOC6903392,,protein_coding,6903392
LOC6902166,,protein_coding,6902166
LOC4812812,,protein_coding,4812812
LOC6897595,,protein_coding,6897595
LOC6902336,,protein_coding,6902336
LOC4811770,,protein_coding,4811770
LOC4803424,,protein_coding,4803424
LOC4818102,,protein_coding,4818102
LOC4805635,,protein_coding,4805635
LOC4813309,,protein_coding,4813309
LOC6902933,,protein_coding,6902933
LOC4815524,,protein_coding,4815524
LOC4814184,,protein_coding,4814184
LOC4812001,,protein_coding,4812001
LOC6901843,,protein_coding,6901843
LOC4816802,,protein_coding,4816802
LOC4800284,,protein_coding,4800284
LOC6897224,,protein_coding,6897224
LOC6903305,,protein_coding,6903305
LOC117185339,Trnas-aga-9,tRNA,117185339
LOC6902981,,protein_coding,6902981
LOC4804096,,protein_coding,4804096
LOC117185525,,rRNA,117185525
LOC117183450,Trnak-uuu-3,tRNA,117183450
LOC4818184,,protein_coding,4818184
LOC26532429,,lncRNA,26532429
LOC26532359,,lncRNA,26532359
LOC117183893,Trnat-agu-7,tRNA,117183893
LOC4818070,,protein_coding,4818070
LOC13036280,,protein_coding,13036280
LOC6901376,,protein_coding,6901376
LOC6900265,,protein_coding,6900265
LOC4815341,,protein_coding,4815341
LOC4804088,,protein_coding,4804088
LOC4803134,,protein_coding,4803134
LOC4813810,,protein_coding,4813810
LOC4815221,,protein_coding,4815221
LOC4812428,,protein_coding,4812428
LOC117185024,,protein_coding,117185024
LOC4815655,,protein_coding,4815655
LOC4805164,,protein_coding,4805164
LOC4801481,,protein_coding,4801481
LOC117184359,,lncRNA,117184359
LOC4812122,,protein_coding,4812122
LOC4802604,,protein_coding,4802604
LOC4813029,,protein_coding,4813029
LOC6900280,,snoRNA,6900280
LOC4804013,,protein_coding,4804013
LOC4801867,,protein_coding,4801867
LOC4805121,,protein_coding,4805121
LOC26534242,,lncRNA,26534242
LOC6897907,,protein_coding,6897907
LOC4816598,,protein_coding,4816598
LOC6898775,,protein_coding,6898775
LOC117185004,,protein_coding,117185004
LOC117184514,,lncRNA,117184514
LOC117183353,,lncRNA,117183353
LOC6902745,,protein_coding,6902745
LOC6902245,,protein_coding,6902245
LOC4804629,,protein_coding,4804629
LOC4803829,,protein_coding,4803829
LOC4814859,,protein_coding,4814859
LOC4814412,,protein_coding,4814412
LOC4817899,,protein_coding,4817899
LOC4815362,,protein_coding,4815362
LOC6901126,,lncRNA,6901126
LOC26534347,,lncRNA,26534347
LOC4812207,,protein_coding,4812207
LOC26532090,,pseudogene,26532090
LOC4803996,,protein_coding,4803996
LOC117185298,,rRNA,117185298
LOC6898948,,protein_coding,6898948
LOC26533170,,protein_coding,26533170
LOC4804212,,protein_coding,4804212
LOC4817390,,protein_coding,4817390
LOC4802139,,protein_coding,4802139
LOC6896658,,pseudogene,6896658
LOC4812061,,protein_coding,4812061
LOC6902802,,protein_coding,6902802
LOC117185283,,rRNA,117185283
LOC4816712,,protein_coding,4816712
LOC6899822,,protein_coding,6899822
LOC6902725,,protein_coding,6902725
LOC4803972,,protein_coding,4803972
LOC4814072,,protein_coding,4814072
LOC117185229,,rRNA,117185229
LOC4805588,,protein_coding,4805588
LOC26534361,,protein_coding,26534361
LOC4800957,,protein_coding,4800957
LOC6901594,,protein_coding,6901594
LOC4803531,,protein_coding,4803531
LOC6897412,,protein_coding,6897412
LOC6899074,,snoRNA,6899074
LOC4817851,,protein_coding,4817851
LOC4816661,,protein_coding,4816661
LOC117184634,,lncRNA,117184634
LOC6897970,,protein_coding,6897970
LOC4812490,,protein_coding,4812490
LOC117185360,Trnae-uuc-6,tRNA,117185360
LOC117185630,,protein_coding,117185630
LOC4814637,,protein_coding,4814637
LOC6902857,,protein_coding,6902857
LOC26532270,,protein_coding,26532270
LOC117183688,,protein_coding,117183688
LOC4805022,,protein_coding,4805022
LOC4803443,,protein_coding,4803443
LOC117183541,,protein_coding,117183541
LOC117183900,,lncRNA,117183900
LOC4800876,,protein_coding,4800876
LOC117183783,,lncRNA,117183783
LOC117184365,,lncRNA,117184365
LOC6900822,,protein_coding,6900822
LOC4804590,,protein_coding,4804590
LOC4815185,,protein_coding,4815185
LOC4812539,,protein_coding,4812539
LOC4803097,,protein_coding,4803097
LOC4804295,,protein_coding,4804295
LOC4803320,,protein_coding,4803320
LOC6898114,,protein_coding,6898114
LOC117185203,,protein_coding,117185203
LOC26533306,,lncRNA,26533306
LOC4814080,,protein_coding,4814080
LOC4812599,,protein_coding,4812599
LOC4805344,,protein_coding,4805344
LOC4802645,,protein_coding,4802645
LOC13036360,,protein_coding,13036360
LOC4803225,,protein_coding,4803225
LOC4817195,,protein_coding,4817195
LOC26532578,,lncRNA,26532578
LOC117185412,,protein_coding,117185412
LOC4815906,,protein_coding,4815906
LOC4801007,,protein_coding,4801007
LOC26533279,,lncRNA,26533279
LOC4812084,,protein_coding,4812084
LOC4803703,,protein_coding,4803703
LOC4811960,,protein_coding,4811960
LOC4805643,,protein_coding,4805643
LOC4801807,,protein_coding,4801807
LOC4816478,,protein_coding,4816478
LOC6902744,,protein_coding,6902744
LOC117184869,,protein_coding,117184869
LOC117183438,Trnav-cac-3,tRNA,117183438
LOC4812996,,protein_coding,4812996
LOC6903166,,protein_coding,6903166
LOC117183404,,protein_coding,117183404
LOC6900318,,protein_coding,6900318
LOC117185681,,protein_coding,117185681
LOC6901666,,protein_coding,6901666
LOC117185497,,rRNA,117185497
LOC4802478,,protein_coding,4802478
LOC26532766,,protein_coding,26532766
LOC117183841,Trnai-aau-6,tRNA,117183841
LOC6900489,,protein_coding,6900489
LOC4813342,,protein_coding,4813342
LOC4813792,,protein_coding,4813792
LOC6899915,,protein_coding,6899915
LOC4813788,,protein_coding,4813788
LOC4802927,,protein_coding,4802927
LOC6901499,,protein_coding,6901499
LOC117184236,,protein_coding,117184236
LOC4805586,,protein_coding,4805586
LOC117185377,Trnac-gca-5,tRNA,117185377
LOC6901315,,protein_coding,6901315
LOC4813554,,protein_coding,4813554
LOC4813802,,protein_coding,4813802
LOC26532678,,lncRNA,26532678
LOC4816397,,protein_coding,4816397
LOC4812616,,protein_coding,4812616
LOC4804308,,protein_coding,4804308
LOC4811980,,protein_coding,4811980
LOC4801972,,protein_coding,4801972
LOC5495512,,protein_coding,5495512
LOC6898122,,protein_coding,6898122
LOC4817786,,protein_coding,4817786
LOC26533529,,lncRNA,26533529
LOC6897075,,protein_coding,6897075
LOC117184732,,protein_coding,117184732
LOC117185225,,rRNA,117185225
LOC4802776,,protein_coding,4802776
LOC4813477,,protein_coding,4813477
LOC4805141,,protein_coding,4805141
LOC6901265,,protein_coding,6901265
LOC117183194,,protein_coding,117183194
LOC6902826,,protein_coding,6902826
LOC4803770,,protein_coding,4803770
LOC6902755,,protein_coding,6902755
LOC4800260,,protein_coding,4800260
LOC4801239,,protein_coding,4801239
LOC6901883,,protein_coding,6901883
LOC4818069,,protein_coding,4818069
LOC117185322,,rRNA,117185322
LOC4803813,,protein_coding,4803813
LOC4817677,,protein_coding,4817677
LOC6903172,,protein_coding,6903172
LOC26533120,,protein_coding,26533120
LOC4815317,,protein_coding,4815317
LOC6902053,,protein_coding,6902053
LOC4803309,,protein_coding,4803309
LOC4804628,,protein_coding,4804628
LOC4804379,,protein_coding,4804379
LOC6898345,,protein_coding,6898345
LOC117185431,,lncRNA,117185431
LOC4805687,,protein_coding,4805687
LOC4816079,,protein_coding,4816079
LOC117185316,,rRNA,117185316
LOC26533261,,protein_coding,26533261
LOC117185001,,protein_coding,117185001
LOC4800688,,protein_coding,4800688
LOC4811957,,protein_coding,4811957
LOC6900063,,protein_coding,6900063
LOC6897833,,protein_coding,6897833
LOC117183957,,lncRNA,117183957
LOC4803002,,protein_coding,4803002
LOC6897270,,protein_coding,6897270
LOC4812653,,protein_coding,4812653
LOC6901736,,protein_coding,6901736
LOC6901598,,protein_coding,6901598
LOC4802680,,protein_coding,4802680
LOC4800700,,protein_coding,4800700
LOC6900801,,protein_coding,6900801
LOC4804819,,protein_coding,4804819
LOC4800625,,protein_coding,4800625
LOC4817912,,protein_coding,4817912
LOC4817297,,protein_coding,4817297
LOC6896971,,protein_coding,6896971
LOC4801944,,protein_coding,4801944
LOC6898372,,protein_coding,6898372
LOC4816587,,protein_coding,4816587
LOC6897066,,protein_coding,6897066
LOC117183582,,lncRNA,117183582
LOC6900273,,protein_coding,6900273
LOC117183708,,lncRNA,117183708
LOC6897296,,protein_coding,6897296
LOC4802730,,protein_coding,4802730
LOC6904036,,protein_coding,6904036
LOC6901227,,protein_coding,6901227
LOC117185124,,pseudogene,117185124
LOC117184581,,lncRNA,117184581
LOC6903540,,protein_coding,6903540
LOC4816205,,protein_coding,4816205
LOC4812694,,protein_coding,4812694
LOC4816691,,protein_coding,4816691
LOC117185363,Trnas-cga-2,tRNA,117185363
LOC4818145,,protein_coding,4818145
LOC26532548,,protein_coding,26532548
LOC4812816,,protein_coding,4812816
LOC6898852,,protein_coding,6898852
LOC6900505,,protein_coding,6900505
LOC117185589,,lncRNA,117185589
LOC4801791,,protein_coding,4801791
LOC26533010,,protein_coding,26533010
LOC4804520,,protein_coding,4804520
LOC4817495,,protein_coding,4817495
LOC26532914,,lncRNA,26532914
LOC6901211,,protein_coding,6901211
LOC4801757,,protein_coding,4801757
LOC4804634,,protein_coding,4804634
LOC4803515,,protein_coding,4803515
LOC4804091,,protein_coding,4804091
LOC6897513,,protein_coding,6897513
LOC6896881,,protein_coding,6896881
LOC117183331,,lncRNA,117183331
LOC4800747,,protein_coding,4800747
LOC117183980,,protein_coding,117183980
LOC117184615,,protein_coding,117184615
LOC4801945,,protein_coding,4801945
LOC4815424,,protein_coding,4815424
LOC4817562,,protein_coding,4817562
LOC4816293,,protein_coding,4816293
LOC117185539,,rRNA,117185539
LOC117184400,,protein_coding,117184400
LOC6901739,,lncRNA,6901739
LOC117184199,,protein_coding,117184199
LOC4803956,,protein_coding,4803956
LOC117184904,,protein_coding,117184904
LOC4811739,,protein_coding,4811739
LOC4802372,,protein_coding,4802372
LOC4804126,,protein_coding,4804126
LOC117184662,,lncRNA,117184662
LOC4805715,,protein_coding,4805715
LOC4814923,,protein_coding,4814923
LOC6897511,,protein_coding,6897511
LOC26532449,,protein_coding,26532449
LOC4800416,,protein_coding,4800416
LOC117184496,,lncRNA,117184496
LOC117184684,,lncRNA,117184684
LOC4813683,,protein_coding,4813683
LOC6902879,,protein_coding,6902879
LOC4802304,,protein_coding,4802304
LOC117185098,,protein_coding,117185098
LOC6900811,,protein_coding,6900811
LOC26532093,,protein_coding,26532093
LOC4801854,,protein_coding,4801854
LOC4800307,,protein_coding,4800307
LOC4817026,,protein_coding,4817026
LOC4801461,,protein_coding,4801461
LOC4803556,,protein_coding,4803556
LOC4800579,,protein_coding,4800579
LOC4815821,,protein_coding,4815821
LOC4802844,,protein_coding,4802844
LOC4801926,,protein_coding,4801926
LOC4818188,,protein_coding,4818188
LOC6901255,,protein_coding,6901255
LOC6903264,,protein_coding,6903264
LOC4802223,,protein_coding,4802223
LOC4812043,,protein_coding,4812043
LOC6896694,,protein_coding,6896694
LOC4811698,,protein_coding,4811698
LOC6902854,,protein_coding,6902854
LOC4817490,,protein_coding,4817490
LOC26532738,,protein_coding,26532738
LOC4803165,,protein_coding,4803165
LOC4815979,,protein_coding,4815979
LOC4800954,,protein_coding,4800954
LOC26534131,,lncRNA,26534131
LOC117183544,,lncRNA,117183544
LOC4815637,,protein_coding,4815637
LOC4804101,,protein_coding,4804101
LOC117183548,,protein_coding,117183548
LOC4817682,,protein_coding,4817682
LOC4811654,,protein_coding,4811654
LOC4803860,,protein_coding,4803860
LOC6901234,,protein_coding,6901234
LOC4813950,,protein_coding,4813950
LOC117183453,Trnam-cau-2,tRNA,117183453
LOC4801710,,protein_coding,4801710
LOC6900369,,protein_coding,6900369
LOC4816277,,protein_coding,4816277
LOC4803043,,protein_coding,4803043
LOC117183936,,lncRNA,117183936
LOC6902470,,protein_coding,6902470
LOC4813880,,protein_coding,4813880
LOC4815224,,protein_coding,4815224
LOC6896804,,protein_coding,6896804
LOC4801333,,protein_coding,4801333
LOC117184465,,lncRNA,117184465
LOC6900947,,protein_coding,6900947
LOC4805537,,protein_coding,4805537
LOC4817498,,protein_coding,4817498
LOC4814763,,protein_coding,4814763
LOC4815404,,protein_coding,4815404
LOC4805107,,protein_coding,4805107
LOC6901946,,protein_coding,6901946
LOC26533498,,lncRNA,26533498
LOC6901804,,protein_coding,6901804
LOC4814118,,protein_coding,4814118
LOC4816252,,protein_coding,4816252
LOC4816095,,protein_coding,4816095
LOC26532260,,protein_coding,26532260
LOC6901964,,protein_coding,6901964
LOC4812375,,protein_coding,4812375
LOC117183189,,protein_coding,117183189
LOC26533687,,lncRNA,26533687
LOC117185057,,lncRNA,117185057
LOC4815459,,protein_coding,4815459
LOC4805413,,protein_coding,4805413
LOC4813883,,protein_coding,4813883
LOC6902663,,protein_coding,6902663
LOC117184658,,lncRNA,117184658
LOC26532259,,protein_coding,26532259
LOC6900936,,protein_coding,6900936
LOC6902406,,protein_coding,6902406
LOC6897140,,protein_coding,6897140
LOC4812484,,protein_coding,4812484
LOC4803003,,protein_coding,4803003
LOC4813040,,protein_coding,4813040
LOC6898133,,protein_coding,6898133
LOC6900704,,protein_coding,6900704
LOC6896925,,protein_coding,6896925
LOC4814158,,protein_coding,4814158
LOC4802284,,protein_coding,4802284
LOC4814784,,protein_coding,4814784
LOC4802627,,protein_coding,4802627
LOC6900064,,protein_coding,6900064
LOC117185475,,rRNA,117185475
LOC117183503,,lncRNA,117183503
LOC6900548,,protein_coding,6900548
LOC4812014,,protein_coding,4812014
LOC6900804,,protein_coding,6900804
LOC6900901,,protein_coding,6900901
LOC4802979,,protein_coding,4802979
LOC4812019,,protein_coding,4812019
LOC6901436,,protein_coding,6901436
LOC26532629,,protein_coding,26532629
LOC6900754,,protein_coding,6900754
LOC6903479,,protein_coding,6903479
LOC4802796,,protein_coding,4802796
LOC6900546,,protein_coding,6900546
LOC4804092,,protein_coding,4804092
LOC6896923,,protein_coding,6896923
LOC4802889,,protein_coding,4802889
LOC26533945,,lncRNA,26533945
LOC4802822,,protein_coding,4802822
LOC26532749,,protein_coding,26532749
LOC4812568,,protein_coding,4812568
LOC4811939,,protein_coding,4811939
LOC6901102,,protein_coding,6901102
LOC26532465,,lncRNA,26532465
LOC4814476,,protein_coding,4814476
LOC4803412,,protein_coding,4803412
LOC4801705,,protein_coding,4801705
LOC4804530,,protein_coding,4804530
LOC4801113,,protein_coding,4801113
LOC6900876,,protein_coding,6900876
LOC4815198,,protein_coding,4815198
LOC4817208,,protein_coding,4817208
LOC44805034,HCS66_mgp08,protein_coding,44805034
LOC4817931,,protein_coding,4817931
LOC117185553,,protein_coding,117185553
LOC4812732,,protein_coding,4812732
LOC4801362,,protein_coding,4801362
LOC6900020,,protein_coding,6900020
LOC4815810,,protein_coding,4815810
LOC117185658,,lncRNA,117185658
LOC117184946,,lncRNA,117184946
LOC117183560,,protein_coding,117183560
LOC4802321,,protein_coding,4802321
LOC4802750,,protein_coding,4802750
LOC6897790,,protein_coding,6897790
LOC4800968,,protein_coding,4800968
LOC4801062,,protein_coding,4801062
LOC4800634,,protein_coding,4800634
LOC4811921,,protein_coding,4811921
LOC6897188,,protein_coding,6897188
LOC6899106,,protein_coding,6899106
LOC4801503,,protein_coding,4801503
LOC4813957,,protein_coding,4813957
LOC6898206,,protein_coding,6898206
LOC6897361,,protein_coding,6897361
LOC6901257,,protein_coding,6901257
LOC4803042,,protein_coding,4803042
LOC4813600,,protein_coding,4813600
LOC6903072,,protein_coding,6903072
LOC6901195,,protein_coding,6901195
LOC4815074,,protein_coding,4815074
LOC6898797,,protein_coding,6898797
LOC4818153,,protein_coding,4818153
LOC117183439,Trnav-cac-4,tRNA,117183439
LOC4815243,,protein_coding,4815243
LOC4800672,,protein_coding,4800672
LOC117183526,,lncRNA,117183526
LOC4817251,,protein_coding,4817251
LOC26533888,,lncRNA,26533888
LOC4812444,,protein_coding,4812444
LOC4816776,,protein_coding,4816776
LOC4801548,,protein_coding,4801548
LOC4816245,,protein_coding,4816245
LOC4817688,,protein_coding,4817688
LOC4802658,,protein_coding,4802658
LOC117185446,,pseudogene,117185446
LOC117183637,,lncRNA,117183637
LOC4815908,,protein_coding,4815908
LOC4803833,,protein_coding,4803833
LOC6897262,,snRNA,6897262
LOC26532563,,lncRNA,26532563
LOC117183425,Trnaa-agc-3,tRNA,117183425
LOC4814264,,protein_coding,4814264
LOC4804933,,protein_coding,4804933
LOC4801156,,protein_coding,4801156
LOC117185205,,protein_coding,117185205
LOC4804279,,protein_coding,4804279
LOC4804366,,protein_coding,4804366
LOC4816262,,protein_coding,4816262
LOC4801728,,protein_coding,4801728
LOC4815791,,protein_coding,4815791
LOC117184125,,lncRNA,117184125
LOC4813093,,protein_coding,4813093
LOC117184663,,protein_coding,117184663
LOC117184026,,protein_coding,117184026
LOC117183375,,protein_coding,117183375
LOC6899765,,protein_coding,6899765
LOC6898251,,protein_coding,6898251
LOC4802629,,protein_coding,4802629
LOC4801339,,protein_coding,4801339
LOC6896968,,protein_coding,6896968
LOC4814612,,protein_coding,4814612
LOC26532254,,lncRNA,26532254
LOC4802322,,protein_coding,4802322
LOC6900604,,protein_coding,6900604
LOC4815589,,protein_coding,4815589
LOC117185654,,lncRNA,117185654
LOC4816919,,protein_coding,4816919
LOC4815309,,protein_coding,4815309
LOC6902266,,protein_coding,6902266
LOC4818082,,protein_coding,4818082
LOC117184183,,lncRNA,117184183
LOC6897805,,protein_coding,6897805
LOC26532679,,protein_coding,26532679
LOC4812787,,protein_coding,4812787
LOC4814796,,protein_coding,4814796
LOC4813332,,protein_coding,4813332
LOC26533443,,lncRNA,26533443
LOC6900046,,protein_coding,6900046
LOC117183867,Trnal-aag-4,tRNA,117183867
LOC4804989,,protein_coding,4804989
LOC4818154,,protein_coding,4818154
LOC26533272,,lncRNA,26533272
LOC4815476,,protein_coding,4815476
LOC6899980,,protein_coding,6899980
LOC117183568,,protein_coding,117183568
LOC4802704,,protein_coding,4802704
LOC4813314,,protein_coding,4813314
LOC6897776,,protein_coding,6897776
LOC4801955,,protein_coding,4801955
LOC117185548,,pseudogene,117185548
LOC4803560,,protein_coding,4803560
LOC13036320,,protein_coding,13036320
LOC4805290,,protein_coding,4805290
LOC4816918,,protein_coding,4816918
LOC117183755,,lncRNA,117183755
LOC4813208,,protein_coding,4813208
LOC4802707,,protein_coding,4802707
LOC4812561,,protein_coding,4812561
LOC117184586,,protein_coding,117184586
LOC6902941,,protein_coding,6902941
LOC4804740,,protein_coding,4804740
LOC4812404,,protein_coding,4812404
LOC4814533,,protein_coding,4814533
LOC4817810,,protein_coding,4817810
LOC6897391,,protein_coding,6897391
LOC6901788,,protein_coding,6901788
LOC6900856,,protein_coding,6900856
LOC4800285,,protein_coding,4800285
LOC4814913,,protein_coding,4814913
LOC26533533,,protein_coding,26533533
LOC4804359,,protein_coding,4804359
LOC117185307,,rRNA,117185307
LOC6897637,,protein_coding,6897637
LOC4816341,,protein_coding,4816341
LOC4800387,,protein_coding,4800387
LOC6903592,,protein_coding,6903592
LOC4802185,,protein_coding,4802185
LOC4812381,,protein_coding,4812381
LOC117185509,,rRNA,117185509
LOC6896912,,protein_coding,6896912
LOC4817387,,protein_coding,4817387
LOC4812534,,protein_coding,4812534
LOC4817594,,protein_coding,4817594
LOC117183733,,lncRNA,117183733
LOC117185420,,rRNA,117185420
LOC6902217,,protein_coding,6902217
LOC6903429,,protein_coding,6903429
LOC4805282,,protein_coding,4805282
LOC117183359,,protein_coding,117183359
LOC4805250,,protein_coding,4805250
LOC4812092,,protein_coding,4812092
LOC4805679,,protein_coding,4805679
LOC4817218,,protein_coding,4817218
LOC4813211,,protein_coding,4813211
LOC6898781,,protein_coding,6898781
LOC117183551,,lncRNA,117183551
LOC6902285,,protein_coding,6902285
LOC4815265,,protein_coding,4815265
LOC4813233,,protein_coding,4813233
LOC6897452,,protein_coding,6897452
LOC4804239,,protein_coding,4804239
LOC26532098,,protein_coding,26532098
LOC117185065,,protein_coding,117185065
LOC117184299,Trnad-guc-9,tRNA,117184299
LOC5495514,,protein_coding,5495514
LOC117185022,,protein_coding,117185022
LOC117184128,,protein_coding,117184128
LOC6902005,,protein_coding,6902005
LOC6900189,,protein_coding,6900189
LOC4814183,,protein_coding,4814183
LOC4817926,,protein_coding,4817926
LOC4803667,,protein_coding,4803667
LOC4802832,,protein_coding,4802832
LOC4814834,,protein_coding,4814834
LOC6903528,,protein_coding,6903528
LOC4812274,,protein_coding,4812274
LOC4805351,,protein_coding,4805351
LOC117184079,,lncRNA,117184079
LOC5495505,,protein_coding,5495505
LOC4803415,,protein_coding,4803415
LOC4813928,,protein_coding,4813928
LOC4817324,,protein_coding,4817324
LOC6903027,,protein_coding,6903027
LOC4802072,,protein_coding,4802072
LOC44805033,HCS66_mgt10,tRNA,44805033
LOC117184464,,protein_coding,117184464
LOC26533226,,lncRNA,26533226
LOC4812650,,protein_coding,4812650
LOC4814113,,protein_coding,4814113
LOC4817089,,protein_coding,4817089
LOC117184889,,protein_coding,117184889
LOC6903738,,protein_coding,6903738
LOC4803690,,protein_coding,4803690
LOC4802935,,protein_coding,4802935
LOC4813784,,protein_coding,4813784
LOC117184243,,protein_coding,117184243
LOC4804593,,protein_coding,4804593
LOC117183447,Trnak-uuu,tRNA,117183447
LOC6902314,,protein_coding,6902314
LOC4801903,,protein_coding,4801903
LOC26532797,,lncRNA,26532797
LOC4814145,,protein_coding,4814145
LOC117183442,Trnal-uaa,tRNA,117183442
LOC4804009,,protein_coding,4804009
LOC6898973,,protein_coding,6898973
LOC4815279,,protein_coding,4815279
LOC4802449,,protein_coding,4802449
LOC6901046,,protein_coding,6901046
LOC4802954,,protein_coding,4802954
LOC4815574,,protein_coding,4815574
LOC4811660,,protein_coding,4811660
LOC4804975,,protein_coding,4804975
LOC4815256,,protein_coding,4815256
LOC117184532,,lncRNA,117184532
LOC4817781,,protein_coding,4817781
LOC117184126,,lncRNA,117184126
LOC6900591,,protein_coding,6900591
LOC4801334,,protein_coding,4801334
LOC4803668,,protein_coding,4803668
LOC4817942,,protein_coding,4817942
LOC4805452,,protein_coding,4805452
LOC4805520,,protein_coding,4805520
LOC4800599,,protein_coding,4800599
LOC117184996,,protein_coding,117184996
LOC4803751,,protein_coding,4803751
LOC117185244,,pseudogene,117185244
LOC4817945,,protein_coding,4817945
LOC4801810,,protein_coding,4801810
LOC6897157,,protein_coding,6897157
LOC4805697,,protein_coding,4805697
LOC4813273,,protein_coding,4813273
LOC4814596,,protein_coding,4814596
LOC4812606,,protein_coding,4812606
LOC4817368,,protein_coding,4817368
LOC4816594,,protein_coding,4816594
LOC4801770,,protein_coding,4801770
LOC4815551,,protein_coding,4815551
LOC117183357,,lncRNA,117183357
LOC4816960,,protein_coding,4816960
LOC26532857,,protein_coding,26532857
LOC4814539,,protein_coding,4814539
LOC6902083,,protein_coding,6902083
LOC4817412,,protein_coding,4817412
LOC4812242,,protein_coding,4812242
LOC117184160,,lncRNA,117184160
LOC13036379,,protein_coding,13036379
LOC117185221,,rRNA,117185221
LOC6903309,,protein_coding,6903309
LOC117184595,,protein_coding,117184595
LOC4804501,,protein_coding,4804501
LOC4816351,,protein_coding,4816351
LOC6902279,,protein_coding,6902279
LOC4805478,,protein_coding,4805478
LOC4802049,,protein_coding,4802049
LOC6900111,,protein_coding,6900111
LOC26532850,,lncRNA,26532850
LOC4800902,,protein_coding,4800902
LOC4817064,,protein_coding,4817064
LOC6896895,,protein_coding,6896895
LOC4801837,,protein_coding,4801837
LOC4800611,,protein_coding,4800611
LOC4815852,,protein_coding,4815852
LOC4817680,,protein_coding,4817680
LOC117184605,,lncRNA,117184605
LOC117184198,,lncRNA,117184198
LOC117185522,,rRNA,117185522
LOC4812987,,protein_coding,4812987
LOC4803724,,protein_coding,4803724
LOC6901205,,protein_coding,6901205
LOC6902096,,protein_coding,6902096
LOC26533148,,lncRNA,26533148
LOC117185679,,lncRNA,117185679
LOC4804213,,protein_coding,4804213
LOC26532979,,protein_coding,26532979
LOC26533786,,protein_coding,26533786
LOC4812910,,protein_coding,4812910
LOC4816298,,protein_coding,4816298
LOC6900224,,lncRNA,6900224
LOC117184166,,lncRNA,117184166
LOC4802099,,protein_coding,4802099
LOC26533038,,protein_coding,26533038
LOC117185126,,pseudogene,117185126
LOC4803876,,protein_coding,4803876
LOC117185120,,pseudogene,117185120
LOC6903368,,protein_coding,6903368
LOC4804033,,protein_coding,4804033
LOC4814007,,protein_coding,4814007
LOC6897203,,protein_coding,6897203
LOC117183179,,pseudogene,117183179
LOC6902587,,protein_coding,6902587
LOC4815545,,protein_coding,4815545
LOC4801671,,protein_coding,4801671
LOC4816215,,protein_coding,4816215
LOC4800491,,protein_coding,4800491
LOC6900043,,protein_coding,6900043
LOC4815346,,protein_coding,4815346
LOC4812818,,protein_coding,4812818
LOC4802958,,protein_coding,4802958
LOC26533181,,lncRNA,26533181
LOC6897252,,protein_coding,6897252
LOC4801853,,protein_coding,4801853
LOC6900033,,protein_coding,6900033
LOC4801708,,protein_coding,4801708
LOC4802633,,protein_coding,4802633
LOC4817234,,protein_coding,4817234
LOC4803035,,protein_coding,4803035
LOC4801199,,protein_coding,4801199
LOC4805490,,protein_coding,4805490
LOC4813114,,protein_coding,4813114
LOC117184434,,lncRNA,117184434
LOC117184531,,lncRNA,117184531
LOC4812435,,protein_coding,4812435
LOC4815678,,protein_coding,4815678
LOC26532581,,lncRNA,26532581
LOC26532854,,protein_coding,26532854
LOC6898357,,protein_coding,6898357
LOC117183939,,protein_coding,117183939
LOC4817527,,protein_coding,4817527
LOC4813576,,protein_coding,4813576
LOC4815130,,protein_coding,4815130
LOC6901835,,protein_coding,6901835
LOC4813833,,protein_coding,4813833
LOC4805288,,protein_coding,4805288
LOC4812540,,protein_coding,4812540
LOC6898687,,protein_coding,6898687
LOC117185384,Trnac-gca-7,tRNA,117185384
LOC4817100,,protein_coding,4817100
LOC4817471,,protein_coding,4817471
LOC6901683,,protein_coding,6901683
LOC4812684,,protein_coding,4812684
LOC6897852,,protein_coding,6897852
LOC4803228,,protein_coding,4803228
LOC4805072,,protein_coding,4805072
LOC4814282,,protein_coding,4814282
LOC117183705,,pseudogene,117183705
LOC4816221,,protein_coding,4816221
LOC4817337,,protein_coding,4817337
LOC117185494,,protein_coding,117185494
LOC4814410,,protein_coding,4814410
LOC6897147,,protein_coding,6897147
LOC6904012,,protein_coding,6904012
LOC6901983,,protein_coding,6901983
LOC4800765,,protein_coding,4800765
LOC4813891,,protein_coding,4813891
LOC6898196,,protein_coding,6898196
LOC4816593,,protein_coding,4816593
LOC26532372,,lncRNA,26532372
LOC4813643,,protein_coding,4813643
LOC6898470,,protein_coding,6898470
LOC4803589,,protein_coding,4803589
LOC26532201,,lncRNA,26532201
LOC4800733,,protein_coding,4800733
LOC4811948,,protein_coding,4811948
LOC6898283,,protein_coding,6898283
LOC117184897,,protein_coding,117184897
LOC4812903,,protein_coding,4812903
LOC4815494,,protein_coding,4815494
LOC4814771,,protein_coding,4814771
LOC4801742,,protein_coding,4801742
LOC4816660,,protein_coding,4816660
LOC6898022,,protein_coding,6898022
LOC26533414,,pseudogene,26533414
LOC117185385,Trnaa-agc-12,tRNA,117185385
LOC26534132,,lncRNA,26534132
LOC4804441,,protein_coding,4804441
LOC4805041,,protein_coding,4805041
LOC6898439,,protein_coding,6898439
LOC4805325,,protein_coding,4805325
LOC4802366,,protein_coding,4802366
LOC26533412,,lncRNA,26533412
LOC117184061,,lncRNA,117184061
LOC4813426,,protein_coding,4813426
LOC6897882,,protein_coding,6897882
LOC26532509,,protein_coding,26532509
LOC117183879,Trnak-cuu-10,tRNA,117183879
LOC4803871,,protein_coding,4803871
LOC6900641,,protein_coding,6900641
LOC117184394,,protein_coding,117184394
LOC4812727,,protein_coding,4812727
LOC117183801,Trnah-gug,tRNA,117183801
LOC117185602,,protein_coding,117185602
LOC6898020,,protein_coding,6898020
LOC26532306,,protein_coding,26532306
LOC4800594,,protein_coding,4800594
LOC117184984,,protein_coding,117184984
LOC4801535,,protein_coding,4801535
LOC4805093,,protein_coding,4805093
LOC4812324,,protein_coding,4812324
LOC6899751,,protein_coding,6899751
LOC117183352,,lncRNA,117183352
LOC4800989,,protein_coding,4800989
LOC4801991,,protein_coding,4801991
LOC6901107,,protein_coding,6901107
LOC117185490,,rRNA,117185490
LOC117184656,,lncRNA,117184656
LOC4801271,,protein_coding,4801271
LOC4805057,,protein_coding,4805057
LOC6897745,,protein_coding,6897745
LOC4804220,,protein_coding,4804220
LOC4814182,,protein_coding,4814182
LOC117184563,,protein_coding,117184563
LOC26533821,,protein_coding,26533821
LOC4817753,,protein_coding,4817753
LOC4813434,,protein_coding,4813434
LOC6901958,,protein_coding,6901958
LOC26533681,,lncRNA,26533681
LOC4818119,,protein_coding,4818119
LOC6902600,,protein_coding,6902600
LOC4815884,,protein_coding,4815884
LOC4814739,,protein_coding,4814739
LOC117183495,,lncRNA,117183495
LOC117185276,,rRNA,117185276
LOC26532600,,protein_coding,26532600
LOC117183616,,protein_coding,117183616
LOC4816968,,protein_coding,4816968
LOC117185216,,protein_coding,117185216
LOC6897879,,protein_coding,6897879
LOC4805229,,protein_coding,4805229
LOC6902416,,protein_coding,6902416
LOC13036484,,protein_coding,13036484
LOC6902162,,protein_coding,6902162
LOC117184533,,lncRNA,117184533
LOC117183925,,lncRNA,117183925
LOC6900047,,protein_coding,6900047
LOC4804622,,protein_coding,4804622
LOC6897159,,protein_coding,6897159
LOC4813005,,protein_coding,4813005
LOC4817509,,protein_coding,4817509
LOC4800881,,protein_coding,4800881
LOC4802311,,protein_coding,4802311
LOC6902754,,protein_coding,6902754
LOC4804892,,protein_coding,4804892
LOC4802122,,protein_coding,4802122
LOC4805191,,protein_coding,4805191
LOC6896787,,protein_coding,6896787
LOC6896974,,protein_coding,6896974
LOC6897393,,protein_coding,6897393
LOC26532338,,protein_coding,26532338
LOC6901836,,protein_coding,6901836
LOC117183342,,protein_coding,117183342
LOC4801600,,protein_coding,4801600
LOC4818045,,protein_coding,4818045
LOC4813278,,protein_coding,4813278
LOC4816010,,protein_coding,4816010
LOC4801811,,protein_coding,4801811
LOC6901212,,protein_coding,6901212
LOC4814157,,protein_coding,4814157
LOC4814613,,protein_coding,4814613
LOC6903161,,protein_coding,6903161
LOC6897631,,protein_coding,6897631
LOC4802569,,protein_coding,4802569
LOC4817019,,protein_coding,4817019
LOC4812173,,protein_coding,4812173
LOC4805046,,protein_coding,4805046
LOC26534115,,lncRNA,26534115
LOC117184170,,protein_coding,117184170
LOC6901956,,protein_coding,6901956
LOC4804141,,protein_coding,4804141
LOC4801915,,protein_coding,4801915
LOC4812640,,protein_coding,4812640
LOC6901592,,protein_coding,6901592
LOC4801436,,protein_coding,4801436
LOC4813853,,protein_coding,4813853
LOC4816368,,protein_coding,4816368
LOC4805677,,protein_coding,4805677
LOC6898041,,protein_coding,6898041
LOC6896916,,protein_coding,6896916
LOC26533067,,lncRNA,26533067
LOC6897569,,protein_coding,6897569
LOC6902789,,protein_coding,6902789
LOC4811692,,protein_coding,4811692
LOC117183497,,protein_coding,117183497
LOC117185259,,rRNA,117185259
LOC6902936,,protein_coding,6902936
LOC6900405,,protein_coding,6900405
LOC4804851,,protein_coding,4804851
LOC4812981,,protein_coding,4812981
LOC4803466,,protein_coding,4803466
LOC4801499,,protein_coding,4801499
LOC4813971,,protein_coding,4813971
LOC4816053,,protein_coding,4816053
LOC4818133,,protein_coding,4818133
LOC6897651,,protein_coding,6897651
LOC6897664,,protein_coding,6897664
LOC4805276,,protein_coding,4805276
LOC4801700,,protein_coding,4801700
LOC6898453,,protein_coding,6898453
LOC4818165,,protein_coding,4818165
LOC4805323,,protein_coding,4805323
LOC6900445,,protein_coding,6900445
LOC6900156,,protein_coding,6900156
LOC26533307,,protein_coding,26533307
LOC4813447,,protein_coding,4813447
LOC4816426,,protein_coding,4816426
LOC4816047,,protein_coding,4816047
LOC117183928,,lncRNA,117183928
LOC117183668,,lncRNA,117183668
LOC4802261,,protein_coding,4802261
LOC4800605,,protein_coding,4800605
LOC4804376,,protein_coding,4804376
LOC4812556,,protein_coding,4812556
LOC6897158,,protein_coding,6897158
LOC4814266,,protein_coding,4814266
LOC4803710,,protein_coding,4803710
LOC6902138,,protein_coding,6902138
LOC6902706,,protein_coding,6902706
LOC4811763,,protein_coding,4811763
LOC117184422,,lncRNA,117184422
LOC4804043,,protein_coding,4804043
LOC4802011,,protein_coding,4802011
LOC4816021,,protein_coding,4816021
LOC117184320,Trnaf-gaa-6,tRNA,117184320
LOC6901448,,protein_coding,6901448
LOC6897263,,snRNA,6897263
LOC4811793,,protein_coding,4811793
LOC4800249,,protein_coding,4800249
LOC6902214,,lncRNA,6902214
LOC4813790,,protein_coding,4813790
LOC4801170,,protein_coding,4801170
LOC6898618,,protein_coding,6898618
LOC4817415,,protein_coding,4817415
LOC6899402,,protein_coding,6899402
LOC4814415,,protein_coding,4814415
LOC117185165,,lncRNA,117185165
LOC4802744,,protein_coding,4802744
LOC4813914,,protein_coding,4813914
LOC4815351,,protein_coding,4815351
LOC4800841,,protein_coding,4800841
LOC4814692,,protein_coding,4814692
LOC4804611,,protein_coding,4804611
LOC6900039,,protein_coding,6900039
LOC4815933,,protein_coding,4815933
LOC4816286,,protein_coding,4816286
LOC4812317,,protein_coding,4812317
LOC6900520,,protein_coding,6900520
LOC4817037,,protein_coding,4817037
LOC26532322,,protein_coding,26532322
LOC4802128,,protein_coding,4802128
LOC4814919,,protein_coding,4814919
LOC4804114,,protein_coding,4804114
LOC6903920,,protein_coding,6903920
LOC4817193,,protein_coding,4817193
LOC26534098,,protein_coding,26534098
LOC6902160,,protein_coding,6902160
LOC4816494,,protein_coding,4816494
LOC6897329,,protein_coding,6897329
LOC6900532,,protein_coding,6900532
LOC117183470,Trnai-aau,tRNA,117183470
LOC4814740,,protein_coding,4814740
LOC6899047,,protein_coding,6899047
LOC4812544,,protein_coding,4812544
LOC4817366,,protein_coding,4817366
LOC117184007,,protein_coding,117184007
LOC117184270,,lncRNA,117184270
LOC6901207,,protein_coding,6901207
LOC6898064,,protein_coding,6898064
LOC6900891,,protein_coding,6900891
LOC4817766,,protein_coding,4817766
LOC6898475,,protein_coding,6898475
LOC117185270,,rRNA,117185270
LOC4816876,,protein_coding,4816876
LOC6896977,,protein_coding,6896977
LOC117183512,,lncRNA,117183512
LOC4802258,,protein_coding,4802258
LOC4815883,,protein_coding,4815883
LOC4815519,,protein_coding,4815519
LOC6901069,,protein_coding,6901069
LOC6899737,,protein_coding,6899737
LOC26534103,,lncRNA,26534103
LOC117183751,,protein_coding,117183751
LOC6897923,,protein_coding,6897923
LOC117183731,,protein_coding,117183731
LOC6902533,,protein_coding,6902533
LOC26532987,,protein_coding,26532987
LOC117184390,,protein_coding,117184390
LOC6901083,,protein_coding,6901083
LOC4817169,,protein_coding,4817169
LOC4817009,,protein_coding,4817009
LOC117184599,,lncRNA,117184599
LOC4813832,,protein_coding,4813832
LOC4812244,,protein_coding,4812244
LOC4801916,,protein_coding,4801916
LOC4804688,,protein_coding,4804688
LOC4817574,,protein_coding,4817574
LOC4802950,,protein_coding,4802950
LOC4804913,,protein_coding,4804913
LOC6896901,,protein_coding,6896901
LOC26534138,,protein_coding,26534138
LOC4815060,,protein_coding,4815060
LOC4814215,,protein_coding,4814215
LOC4803454,,protein_coding,4803454
LOC4804057,,protein_coding,4804057
LOC4803927,,protein_coding,4803927
LOC4813492,,protein_coding,4813492
LOC117185068,,lncRNA,117185068
LOC6901074,,protein_coding,6901074
LOC4802345,,protein_coding,4802345
LOC4800233,,protein_coding,4800233
LOC26532086,,lncRNA,26532086
LOC4801068,,protein_coding,4801068
LOC6896722,,protein_coding,6896722
LOC6900845,,protein_coding,6900845
LOC4801291,,protein_coding,4801291
LOC4803924,,protein_coding,4803924
LOC6896754,,protein_coding,6896754
LOC6896898,,protein_coding,6896898
LOC4805384,,protein_coding,4805384
LOC4815177,,protein_coding,4815177
LOC26533117,,lncRNA,26533117
LOC117184319,Trnas-aga-3,tRNA,117184319
LOC6900066,,protein_coding,6900066
LOC6898461,,protein_coding,6898461
LOC6900816,,protein_coding,6900816
LOC4817345,,protein_coding,4817345
LOC4812644,,protein_coding,4812644
LOC4814125,,protein_coding,4814125
LOC117183532,,lncRNA,117183532
LOC117183508,,protein_coding,117183508
LOC4812866,,protein_coding,4812866
LOC6897518,,protein_coding,6897518
LOC4801918,,protein_coding,4801918
LOC117183713,,lncRNA,117183713
LOC4801254,,protein_coding,4801254
LOC4816695,,protein_coding,4816695
LOC6897290,,protein_coding,6897290
LOC4811920,,protein_coding,4811920
LOC6901193,,protein_coding,6901193
LOC6903251,,protein_coding,6903251
LOC6898148,,protein_coding,6898148
LOC6899953,,protein_coding,6899953
LOC6900574,,protein_coding,6900574
LOC6901354,,protein_coding,6901354
LOC6898688,,protein_coding,6898688
LOC117185653,,lncRNA,117185653
LOC117183625,,lncRNA,117183625
LOC4805247,,protein_coding,4805247
LOC4812566,,protein_coding,4812566
LOC117183172,,protein_coding,117183172
LOC4816345,,protein_coding,4816345
LOC4803495,,protein_coding,4803495
LOC4814614,,protein_coding,4814614
LOC4816826,,protein_coding,4816826
LOC26533538,,protein_coding,26533538
LOC4800773,,protein_coding,4800773
LOC26532021,,protein_coding,26532021
LOC4814884,,protein_coding,4814884
LOC4804012,,protein_coding,4804012
LOC6903301,,protein_coding,6903301
LOC4801225,,protein_coding,4801225
LOC4802501,,protein_coding,4802501
LOC4814969,,protein_coding,4814969
LOC4801232,,protein_coding,4801232
LOC4814900,,protein_coding,4814900
LOC4804405,,protein_coding,4804405
LOC4814716,,protein_coding,4814716
LOC4802374,,protein_coding,4802374
LOC4812631,,protein_coding,4812631
LOC4814181,,protein_coding,4814181
LOC117183198,,protein_coding,117183198
LOC4813326,,protein_coding,4813326
LOC44805022,HCS66_mgp12,protein_coding,44805022
LOC6901838,,protein_coding,6901838
LOC4801444,,protein_coding,4801444
LOC4805159,,protein_coding,4805159
LOC6898772,,protein_coding,6898772
LOC4800843,,protein_coding,4800843
LOC117185465,,rRNA,117185465
LOC4817906,,protein_coding,4817906
LOC6903224,,protein_coding,6903224
LOC4812876,,protein_coding,4812876
LOC6902619,,protein_coding,6902619
LOC4804852,,protein_coding,4804852
LOC4805460,,protein_coding,4805460
LOC6897177,,protein_coding,6897177
LOC4803088,,protein_coding,4803088
LOC6897389,,protein_coding,6897389
LOC4812313,,protein_coding,4812313
LOC117184947,,protein_coding,117184947
LOC117184310,Trnap-agg-3,tRNA,117184310
LOC6898197,,protein_coding,6898197
LOC44805032,HCS66_mgp09,protein_coding,44805032
LOC4801368,,protein_coding,4801368
LOC26533829,,protein_coding,26533829
LOC4801011,,protein_coding,4801011
LOC4815141,,protein_coding,4815141
LOC4803741,,protein_coding,4803741
LOC4805145,,protein_coding,4805145
LOC4816239,,protein_coding,4816239
LOC4805408,,protein_coding,4805408
LOC4804477,,protein_coding,4804477
LOC117183457,Trnaa-agc-4,tRNA,117183457
LOC6897265,,protein_coding,6897265
LOC117184337,,protein_coding,117184337
LOC6900363,,protein_coding,6900363
LOC4816674,,protein_coding,4816674
LOC4805175,,protein_coding,4805175
LOC4817187,,protein_coding,4817187
LOC4813496,,protein_coding,4813496
LOC6896822,,protein_coding,6896822
LOC4816248,,protein_coding,4816248
LOC6902860,,protein_coding,6902860
LOC4800817,,protein_coding,4800817
LOC6900146,,protein_coding,6900146
LOC4802091,,protein_coding,4802091
LOC4817347,,protein_coding,4817347
LOC4804595,,protein_coding,4804595
LOC117185081,,protein_coding,117185081
LOC4816524,,protein_coding,4816524
LOC4805513,,protein_coding,4805513
LOC4805440,,protein_coding,4805440
LOC4817483,,protein_coding,4817483
LOC117184460,,lncRNA,117184460
LOC4803573,,protein_coding,4803573
LOC117185550,,rRNA,117185550
LOC6901848,,protein_coding,6901848
LOC4803334,,protein_coding,4803334
LOC4801206,,protein_coding,4801206
LOC117183585,,lncRNA,117183585
LOC4816951,,protein_coding,4816951
LOC26533269,,lncRNA,26533269
LOC4805492,,protein_coding,4805492
LOC117184455,,lncRNA,117184455
LOC117183758,,lncRNA,117183758
LOC4803569,,protein_coding,4803569
LOC4812962,,protein_coding,4812962
LOC4812068,,protein_coding,4812068
LOC4802659,,protein_coding,4802659
LOC4812523,,protein_coding,4812523
LOC6896688,,protein_coding,6896688
LOC117183283,,protein_coding,117183283
LOC6902531,,protein_coding,6902531
LOC6900490,,protein_coding,6900490
LOC117183420,Trnat-ugu-2,tRNA,117183420
LOC26533394,,protein_coding,26533394
LOC117185353,Trnaq-uug-4,tRNA,117185353
LOC4803869,,protein_coding,4803869
LOC4818135,,protein_coding,4818135
LOC4802524,,protein_coding,4802524
LOC6900425,,protein_coding,6900425
LOC4801941,,protein_coding,4801941
LOC4800581,,protein_coding,4800581
LOC4817012,,protein_coding,4817012
LOC117184720,,lncRNA,117184720
LOC117184635,,lncRNA,117184635
LOC4816492,,protein_coding,4816492
LOC4801361,,protein_coding,4801361
LOC4812641,,protein_coding,4812641
LOC4800543,,protein_coding,4800543
LOC6900484,,protein_coding,6900484
LOC4813793,,protein_coding,4813793
LOC6900245,,protein_coding,6900245
LOC4802425,,protein_coding,4802425
LOC4813512,,protein_coding,4813512
LOC117184577,,protein_coding,117184577
LOC4812613,,protein_coding,4812613
LOC26532293,,lncRNA,26532293
LOC4802740,,protein_coding,4802740
LOC26532748,,lncRNA,26532748
LOC4813953,,protein_coding,4813953
LOC4812117,,protein_coding,4812117
LOC4818035,,protein_coding,4818035
LOC117184616,,lncRNA,117184616
LOC6901537,,protein_coding,6901537
LOC117183757,,pseudogene,117183757
LOC4812769,,protein_coding,4812769
LOC26533720,,protein_coding,26533720
LOC6900409,,protein_coding,6900409
LOC26532387,,lncRNA,26532387
LOC4800617,,protein_coding,4800617
LOC4811745,,protein_coding,4811745
LOC4803274,,protein_coding,4803274
LOC26532927,,protein_coding,26532927
LOC4815418,,protein_coding,4815418
LOC4815260,,protein_coding,4815260
LOC4802607,,protein_coding,4802607
LOC4814619,,protein_coding,4814619
LOC4801165,,protein_coding,4801165
LOC117184286,Trnar-ccu-3,tRNA,117184286
LOC4816044,,protein_coding,4816044
LOC6897184,,protein_coding,6897184
LOC4817140,,protein_coding,4817140
LOC4800274,,protein_coding,4800274
LOC4801789,,protein_coding,4801789
LOC4803915,,protein_coding,4803915
LOC4802878,,protein_coding,4802878
LOC26533839,,lncRNA,26533839
LOC4814073,,protein_coding,4814073
LOC117183817,Trnal-aag-2,tRNA,117183817
LOC4802650,,protein_coding,4802650
LOC4804188,,protein_coding,4804188
LOC6901358,,snoRNA,6901358
LOC26532380,,protein_coding,26532380
LOC4817780,,protein_coding,4817780
LOC4817400,,protein_coding,4817400
LOC4802286,,protein_coding,4802286
LOC6897379,,protein_coding,6897379
LOC26534083,,lncRNA,26534083
LOC4815825,,protein_coding,4815825
LOC4817938,,protein_coding,4817938
LOC6897241,,protein_coding,6897241
LOC4817200,,protein_coding,4817200
LOC4805060,,protein_coding,4805060
LOC117185628,,lncRNA,117185628
LOC4804139,,protein_coding,4804139
LOC117183168,,protein_coding,117183168
LOC4817862,,protein_coding,4817862
LOC117185185,,lncRNA,117185185
LOC4816774,,protein_coding,4816774
LOC4812951,,protein_coding,4812951
LOC117185021,,protein_coding,117185021
LOC4814056,,protein_coding,4814056
LOC6901709,,protein_coding,6901709
LOC26533332,,lncRNA,26533332
LOC4815223,,protein_coding,4815223
LOC117183677,,lncRNA,117183677
LOC6900367,,protein_coding,6900367
LOC6900005,,protein_coding,6900005
LOC6897577,,protein_coding,6897577
LOC117185613,,protein_coding,117185613
LOC4802998,,protein_coding,4802998
LOC4800498,,protein_coding,4800498
LOC117183859,Trnae-uuc-4,tRNA,117183859
LOC117183291,,lncRNA,117183291
LOC26532347,,lncRNA,26532347
LOC4803714,,protein_coding,4803714
LOC4802131,,protein_coding,4802131
LOC6899288,,protein_coding,6899288
LOC26534254,,lncRNA,26534254
LOC6896662,,protein_coding,6896662
LOC4805661,,protein_coding,4805661
LOC6903759,,protein_coding,6903759
LOC26531971,,protein_coding,26531971
LOC4814916,,protein_coding,4814916
LOC117183293,,lncRNA,117183293
LOC6899081,,protein_coding,6899081
LOC4805367,,protein_coding,4805367
LOC4802622,,protein_coding,4802622
LOC117183861,Trnar-ccu-2,tRNA,117183861
LOC26532087,,protein_coding,26532087
LOC4818065,,protein_coding,4818065
LOC117183265,,lncRNA,117183265
LOC117183648,,protein_coding,117183648
LOC117184696,,lncRNA,117184696
LOC6898790,,protein_coding,6898790
LOC117185023,,protein_coding,117185023
LOC4801719,,protein_coding,4801719
LOC117183996,,protein_coding,117183996
LOC117183915,,protein_coding,117183915
LOC4814696,,protein_coding,4814696
LOC6899211,,protein_coding,6899211
LOC6901560,,protein_coding,6901560
LOC4805220,,protein_coding,4805220
LOC6902402,,pseudogene,6902402
LOC4813136,,protein_coding,4813136
LOC6897295,,lncRNA,6897295
LOC117185588,,lncRNA,117185588
LOC117185119,,protein_coding,117185119
LOC13036450,,protein_coding,13036450
LOC4815310,,protein_coding,4815310
LOC6897508,,protein_coding,6897508
LOC6900792,,protein_coding,6900792
LOC6902024,,protein_coding,6902024
LOC6897558,,protein_coding,6897558
LOC26532336,,lncRNA,26532336
LOC4817464,,protein_coding,4817464
LOC6898371,,protein_coding,6898371
LOC4802095,,protein_coding,4802095
LOC4805477,,protein_coding,4805477
LOC117183857,Trnam-cau-6,tRNA,117183857
LOC117183418,Trnav-aac,tRNA,117183418
LOC4800321,,protein_coding,4800321
LOC6903268,,protein_coding,6903268
LOC4803068,,protein_coding,4803068
LOC4802974,,protein_coding,4802974
LOC4813308,,protein_coding,4813308
LOC4803791,,protein_coding,4803791
LOC4800999,,protein_coding,4800999
LOC6900338,,protein_coding,6900338
LOC4813252,,protein_coding,4813252
LOC6900342,,protein_coding,6900342
LOC4803100,,protein_coding,4803100
LOC4814644,,protein_coding,4814644
LOC4811774,,protein_coding,4811774
LOC117183422,Trnan-guu,tRNA,117183422
LOC4801072,,protein_coding,4801072
LOC6902274,,protein_coding,6902274
LOC6903780,,protein_coding,6903780
LOC6902931,,protein_coding,6902931
LOC4816380,,protein_coding,4816380
LOC4817528,,protein_coding,4817528
LOC117185042,,protein_coding,117185042
LOC6897598,,protein_coding,6897598
LOC4805058,,protein_coding,4805058
LOC4814095,,protein_coding,4814095
LOC4812096,,protein_coding,4812096
LOC4812745,,protein_coding,4812745
LOC4801224,,protein_coding,4801224
LOC4814491,,protein_coding,4814491
LOC6902606,,protein_coding,6902606
LOC4817563,,protein_coding,4817563
LOC4817815,,protein_coding,4817815
LOC6903403,,protein_coding,6903403
LOC117184842,,lncRNA,117184842
LOC4805660,,protein_coding,4805660
LOC4816519,,protein_coding,4816519
LOC4813052,,protein_coding,4813052
LOC4802164,,protein_coding,4802164
LOC6900295,,protein_coding,6900295
LOC4814777,,protein_coding,4814777
LOC117183215,,pseudogene,117183215
LOC117184250,,lncRNA,117184250
LOC4811785,,protein_coding,4811785
LOC4802193,,protein_coding,4802193
LOC6901018,,protein_coding,6901018
LOC117183895,Trnav-aac-4,tRNA,117183895
LOC6896700,,protein_coding,6896700
LOC4816779,,protein_coding,4816779
LOC117184211,,lncRNA,117184211
LOC4805241,,protein_coding,4805241
LOC6898861,,protein_coding,6898861
LOC6902079,,protein_coding,6902079
LOC4804314,,protein_coding,4804314
LOC4804074,,protein_coding,4804074
LOC117184584,,lncRNA,117184584
LOC6900278,,snoRNA,6900278
LOC4800311,,protein_coding,4800311
LOC4801750,,protein_coding,4801750
LOC4802055,,protein_coding,4802055
LOC4816267,,protein_coding,4816267
LOC6900997,,protein_coding,6900997
LOC4801724,,protein_coding,4801724
LOC4812480,,protein_coding,4812480
LOC26532910,,protein_coding,26532910
LOC6900114,,protein_coding,6900114
LOC117184266,,protein_coding,117184266
LOC6902831,,protein_coding,6902831
LOC4815978,,protein_coding,4815978
LOC4813979,,protein_coding,4813979
LOC117185084,,lncRNA,117185084
LOC117183218,,protein_coding,117183218
LOC4815970,,protein_coding,4815970
LOC13036414,,protein_coding,13036414
LOC4812637,,protein_coding,4812637
LOC4814719,,protein_coding,4814719
LOC4812246,,protein_coding,4812246
LOC4817192,,protein_coding,4817192
LOC4812610,,protein_coding,4812610
LOC117183514,,lncRNA,117183514
LOC4813383,,protein_coding,4813383
LOC4813511,,protein_coding,4813511
LOC6896886,,protein_coding,6896886
LOC4813007,,protein_coding,4813007
LOC117184180,,protein_coding,117184180
LOC6900944,,protein_coding,6900944
LOC13036322,,protein_coding,13036322
LOC117183732,,protein_coding,117183732
LOC26534182,,lncRNA,26534182
LOC117185320,,rRNA,117185320
LOC6898221,,protein_coding,6898221
LOC44805051,HCS66_mgp02,protein_coding,44805051
LOC6902665,,protein_coding,6902665
LOC6901321,,protein_coding,6901321
LOC4817179,,protein_coding,4817179
LOC4817809,,protein_coding,4817809
LOC26533313,,lncRNA,26533313
LOC4800800,,protein_coding,4800800
LOC117184768,,lncRNA,117184768
LOC4812393,,protein_coding,4812393
LOC4803398,,protein_coding,4803398
LOC4818176,,protein_coding,4818176
LOC6904000,,protein_coding,6904000
LOC4802004,,protein_coding,4802004
LOC26533136,,lncRNA,26533136
LOC4815271,,protein_coding,4815271
LOC4801668,,protein_coding,4801668
LOC4805527,,protein_coding,4805527
LOC4801797,,protein_coding,4801797
LOC6898464,,protein_coding,6898464
LOC4812135,,protein_coding,4812135
LOC6898786,,protein_coding,6898786
LOC117185493,,rRNA,117185493
LOC4805357,,protein_coding,4805357
LOC6902884,,protein_coding,6902884
LOC4816589,,protein_coding,4816589
LOC26532717,,protein_coding,26532717
LOC117184289,Trnap-agg,tRNA,117184289
LOC4816777,,protein_coding,4816777
LOC4805681,,protein_coding,4805681
LOC4816376,,protein_coding,4816376
LOC117183564,,lncRNA,117183564
LOC44805040,HCS66_mgt13,tRNA,44805040
LOC117184001,,lncRNA,117184001
LOC4812897,,protein_coding,4812897
LOC4812668,,protein_coding,4812668
LOC6896756,,protein_coding,6896756
LOC6897807,,protein_coding,6897807
LOC117183208,,lncRNA,117183208
LOC4816218,,protein_coding,4816218
LOC117183634,,lncRNA,117183634
LOC4804923,,protein_coding,4804923
LOC4801685,,protein_coding,4801685
LOC117184593,,protein_coding,117184593
LOC4814967,,protein_coding,4814967
LOC6896741,,protein_coding,6896741
LOC26532781,,lncRNA,26532781
LOC6897938,,protein_coding,6897938
LOC117184100,,lncRNA,117184100
LOC4813737,,protein_coding,4813737
LOC117183991,,protein_coding,117183991
LOC26534418,,protein_coding,26534418
LOC4801247,,protein_coding,4801247
LOC117185082,,lncRNA,117185082
LOC117184479,,protein_coding,117184479
LOC6897698,,protein_coding,6897698
LOC4803530,,protein_coding,4803530
LOC4816939,,protein_coding,4816939
LOC4813099,,protein_coding,4813099
LOC117183790,,protein_coding,117183790
LOC4813637,,protein_coding,4813637
LOC4817569,,protein_coding,4817569
LOC117183389,,lncRNA,117183389
LOC6902043,,protein_coding,6902043
LOC6900562,,protein_coding,6900562
LOC4817377,,protein_coding,4817377
LOC4813180,,protein_coding,4813180
LOC6897337,,protein_coding,6897337
LOC4802412,,protein_coding,4802412
LOC4805675,,protein_coding,4805675
LOC4813296,,protein_coding,4813296
LOC26532514,,protein_coding,26532514
LOC4800686,,protein_coding,4800686
LOC117184882,,lncRNA,117184882
LOC4812455,,protein_coding,4812455
LOC6900592,,protein_coding,6900592
LOC4804937,,protein_coding,4804937
LOC117185101,,protein_coding,117185101
LOC4803175,,protein_coding,4803175
LOC4816014,,protein_coding,4816014
LOC4813970,,protein_coding,4813970
LOC4803536,,protein_coding,4803536
LOC4805627,,protein_coding,4805627
LOC26533027,,lncRNA,26533027
LOC4817811,,protein_coding,4817811
LOC4812813,,protein_coding,4812813
LOC4804677,,protein_coding,4804677
LOC4805645,,protein_coding,4805645
LOC4802149,,protein_coding,4802149
LOC4815062,,protein_coding,4815062
LOC4812467,,protein_coding,4812467
LOC4814146,,protein_coding,4814146
LOC4812300,,protein_coding,4812300
LOC4813097,,protein_coding,4813097
LOC4804413,,protein_coding,4804413
LOC4802610,,protein_coding,4802610
LOC4816412,,protein_coding,4816412
LOC6903708,,protein_coding,6903708
LOC6898819,,protein_coding,6898819
LOC4812692,,protein_coding,4812692
LOC4802937,,protein_coding,4802937
LOC4812299,,protein_coding,4812299
LOC4814420,,protein_coding,4814420
LOC117183694,,lncRNA,117183694
LOC6897692,,protein_coding,6897692
LOC4804370,,protein_coding,4804370
LOC117183611,,lncRNA,117183611
LOC6899672,,protein_coding,6899672
LOC6903187,,protein_coding,6903187
LOC4800526,,protein_coding,4800526
LOC4801938,,protein_coding,4801938
LOC6899287,,protein_coding,6899287
LOC6902568,,protein_coding,6902568
LOC117183366,,protein_coding,117183366
LOC4801228,,protein_coding,4801228
LOC117184419,,lncRNA,117184419
LOC4811738,,protein_coding,4811738
LOC4804815,,protein_coding,4804815
LOC6902756,,protein_coding,6902756
LOC6900455,,protein_coding,6900455
LOC6897137,,protein_coding,6897137
LOC6901020,,protein_coding,6901020
LOC6900330,,protein_coding,6900330
LOC117184647,,lncRNA,117184647
LOC4803682,,protein_coding,4803682
LOC6903152,,protein_coding,6903152
LOC4814140,,protein_coding,4814140
LOC4814111,,protein_coding,4814111
LOC117183344,,protein_coding,117183344
LOC117185381,Trnal-aag-5,tRNA,117185381
LOC6901938,,protein_coding,6901938
LOC6900528,,protein_coding,6900528
LOC117183214,,lncRNA,117183214
LOC6902185,,protein_coding,6902185
LOC117184105,,protein_coding,117184105
LOC4811755,,protein_coding,4811755
LOC4802973,,protein_coding,4802973
LOC117184670,,lncRNA,117184670
LOC26533493,,protein_coding,26533493
LOC6901431,,protein_coding,6901431
LOC4804902,,protein_coding,4804902
LOC117184830,,lncRNA,117184830
LOC4804437,,protein_coding,4804437
LOC4803082,,protein_coding,4803082
LOC6904037,,protein_coding,6904037
LOC4802318,,protein_coding,4802318
LOC4802764,,protein_coding,4802764
LOC6898096,,protein_coding,6898096
LOC4805495,,protein_coding,4805495
LOC117184528,,protein_coding,117184528
LOC6900444,,protein_coding,6900444
LOC4817787,,protein_coding,4817787
LOC6898134,,protein_coding,6898134
LOC4817891,,protein_coding,4817891
LOC4817374,,protein_coding,4817374
LOC117183523,,protein_coding,117183523
LOC6900372,,protein_coding,6900372
LOC4813239,,protein_coding,4813239
LOC4812530,,protein_coding,4812530
LOC6901468,,protein_coding,6901468
LOC4815123,,protein_coding,4815123
LOC6903397,,protein_coding,6903397
LOC4817184,,protein_coding,4817184
LOC4817927,,protein_coding,4817927
LOC117183795,,lncRNA,117183795
LOC117185351,Trnav-uac-2,tRNA,117185351
LOC6901465,,protein_coding,6901465
LOC4817722,,protein_coding,4817722
LOC4816391,,protein_coding,4816391
LOC4802725,,protein_coding,4802725
LOC4804026,,protein_coding,4804026
LOC4804646,,protein_coding,4804646
LOC6898680,,protein_coding,6898680
LOC4813662,,protein_coding,4813662
LOC4817283,,protein_coding,4817283
LOC4817252,,protein_coding,4817252
LOC6900828,,protein_coding,6900828
LOC6898545,,snoRNA,6898545
LOC4814940,,protein_coding,4814940
LOC4817023,,protein_coding,4817023
LOC4804897,,protein_coding,4804897
LOC26532424,,lncRNA,26532424
LOC6901593,,protein_coding,6901593
LOC6901832,,protein_coding,6901832
LOC4804221,,protein_coding,4804221
LOC4817220,,protein_coding,4817220
LOC26532676,,protein_coding,26532676
LOC6901682,,protein_coding,6901682
LOC117184257,,lncRNA,117184257
LOC4813360,,protein_coding,4813360
LOC5495518,,protein_coding,5495518
LOC6902838,,protein_coding,6902838
LOC26534377,,protein_coding,26534377
LOC26532067,,protein_coding,26532067
LOC4802624,,protein_coding,4802624
LOC4811950,,protein_coding,4811950
LOC6902678,,protein_coding,6902678
LOC4815722,,protein_coding,4815722
LOC4813722,,protein_coding,4813722
LOC117183467,Trnag-ucc,tRNA,117183467
LOC4804618,,protein_coding,4804618
LOC4813582,,protein_coding,4813582
LOC117185324,,rRNA,117185324
LOC4804036,,protein_coding,4804036
LOC6897333,,protein_coding,6897333
LOC4815098,,protein_coding,4815098
LOC117185622,,lncRNA,117185622
LOC117183270,,protein_coding,117183270
LOC4804619,,protein_coding,4804619
LOC4800990,,protein_coding,4800990
LOC6896757,,protein_coding,6896757
LOC4804008,,protein_coding,4804008
LOC4802800,,protein_coding,4802800
LOC4803524,,protein_coding,4803524
LOC117184000,,protein_coding,117184000
LOC4815274,,protein_coding,4815274
LOC4817566,,protein_coding,4817566
LOC4811677,,protein_coding,4811677
LOC6896958,,protein_coding,6896958
LOC6898061,,protein_coding,6898061
LOC4803834,,protein_coding,4803834
LOC4804725,,protein_coding,4804725
LOC117183340,,protein_coding,117183340
LOC117184111,,protein_coding,117184111
LOC4813766,,protein_coding,4813766
LOC4801238,,protein_coding,4801238
LOC6900284,,protein_coding,6900284
LOC6901385,,protein_coding,6901385
LOC4812558,,protein_coding,4812558
LOC4811839,,protein_coding,4811839
LOC117184115,,lncRNA,117184115
LOC4812921,,protein_coding,4812921
LOC4804021,,protein_coding,4804021
LOC6901386,,protein_coding,6901386
LOC6898570,,protein_coding,6898570
LOC6903424,,protein_coding,6903424
LOC4816110,,protein_coding,4816110
LOC4812409,,protein_coding,4812409
LOC13036336,,protein_coding,13036336
LOC6901558,,protein_coding,6901558
LOC4804513,,protein_coding,4804513
LOC4817665,,protein_coding,4817665
LOC26533994,,protein_coding,26533994
LOC4805668,,protein_coding,4805668
LOC6904051,,snRNA,6904051
LOC4805214,,protein_coding,4805214
LOC6899649,,protein_coding,6899649
LOC4802589,,protein_coding,4802589
LOC6902463,,protein_coding,6902463
LOC4803832,,protein_coding,4803832
LOC6902295,,protein_coding,6902295
LOC6897436,,protein_coding,6897436
LOC4816285,,protein_coding,4816285
LOC6904008,,pseudogene,6904008
LOC4817121,,protein_coding,4817121
LOC117184415,,lncRNA,117184415
LOC6901415,,protein_coding,6901415
LOC4817960,,protein_coding,4817960
LOC4817534,,protein_coding,4817534
LOC4814872,,protein_coding,4814872
LOC6903595,,protein_coding,6903595
LOC4802840,,protein_coding,4802840
LOC117183667,,lncRNA,117183667
LOC4800512,,protein_coding,4800512
LOC6897761,,protein_coding,6897761
LOC6902774,,pseudogene,6902774
LOC4818078,,protein_coding,4818078
LOC4817701,,protein_coding,4817701
LOC117184921,,lncRNA,117184921
LOC117185263,,rRNA,117185263
LOC6902709,,protein_coding,6902709
LOC26532346,,protein_coding,26532346
LOC6897505,,protein_coding,6897505
LOC117185447,,rRNA,117185447
LOC6902107,,protein_coding,6902107
LOC4814759,,protein_coding,4814759
LOC6898636,,protein_coding,6898636
LOC4812437,,protein_coding,4812437
LOC117184923,,lncRNA,117184923
LOC4813658,,protein_coding,4813658
LOC6899092,,protein_coding,6899092
LOC4801709,,protein_coding,4801709
LOC4817542,,protein_coding,4817542
LOC117183200,,lncRNA,117183200
LOC4805262,,protein_coding,4805262
LOC4801448,,protein_coding,4801448
LOC6898004,,protein_coding,6898004
LOC4803914,,protein_coding,4803914
LOC117183964,,protein_coding,117183964
LOC4813468,,protein_coding,4813468
LOC4800493,,protein_coding,4800493
LOC6897476,,protein_coding,6897476
LOC4816174,,protein_coding,4816174
LOC26533242,,lncRNA,26533242
LOC4813394,,protein_coding,4813394
LOC4816403,,protein_coding,4816403
LOC4800983,,protein_coding,4800983
LOC4817876,,protein_coding,4817876
LOC117183587,,lncRNA,117183587
LOC6898205,,protein_coding,6898205
LOC4818186,,protein_coding,4818186
LOC6897093,,protein_coding,6897093
LOC4816641,,protein_coding,4816641
LOC4818071,,protein_coding,4818071
LOC117184972,,lncRNA,117184972
LOC4802419,,protein_coding,4802419
LOC6903574,,protein_coding,6903574
LOC4815394,,protein_coding,4815394
LOC4815553,,protein_coding,4815553
LOC117184095,,lncRNA,117184095
LOC6896888,,protein_coding,6896888
LOC4803248,,protein_coding,4803248
LOC26533673,,protein_coding,26533673
LOC6900549,,protein_coding,6900549
LOC4800328,,protein_coding,4800328
LOC4814377,,protein_coding,4814377
LOC4812240,,protein_coding,4812240
LOC6902198,,protein_coding,6902198
LOC117185378,Trnat-ugu-8,tRNA,117185378
LOC4816669,,protein_coding,4816669
LOC4812137,,protein_coding,4812137
LOC4804908,,protein_coding,4804908
LOC4816521,,protein_coding,4816521
LOC6899940,,protein_coding,6899940
LOC13036546,,protein_coding,13036546
LOC4814043,,protein_coding,4814043
LOC6903254,,protein_coding,6903254
LOC26533711,,lncRNA,26533711
LOC4801082,,protein_coding,4801082
LOC26532198,,protein_coding,26532198
LOC4802233,,protein_coding,4802233
LOC4812018,,protein_coding,4812018
LOC4812820,,protein_coding,4812820
LOC4804462,,protein_coding,4804462
LOC117183440,Trnas-gcu-3,tRNA,117183440
LOC4812609,,protein_coding,4812609
LOC4802047,,protein_coding,4802047
LOC4814104,,protein_coding,4814104
LOC117185103,,lncRNA,117185103
LOC117185245,,rRNA,117185245
LOC4803756,,protein_coding,4803756
LOC6900220,,protein_coding,6900220
LOC6901565,,protein_coding,6901565
LOC117184474,,lncRNA,117184474
LOC4813250,,protein_coding,4813250
LOC6898853,,protein_coding,6898853
LOC117185609,,protein_coding,117185609
LOC4804777,,protein_coding,4804777
LOC4803476,,protein_coding,4803476
LOC4805274,,protein_coding,4805274
LOC117184637,,lncRNA,117184637
LOC4805491,,protein_coding,4805491
LOC4800768,,protein_coding,4800768
LOC4814242,,protein_coding,4814242
LOC6902207,,protein_coding,6902207
LOC4801174,,protein_coding,4801174
LOC117185571,,rRNA,117185571
LOC4817424,,protein_coding,4817424
LOC26532031,,protein_coding,26532031
LOC4817718,,protein_coding,4817718
LOC4803071,,protein_coding,4803071
LOC4813821,,protein_coding,4813821
LOC117185140,,pseudogene,117185140
LOC4803677,,protein_coding,4803677
LOC4816806,,protein_coding,4816806
LOC117185118,,lncRNA,117185118
LOC4804731,,protein_coding,4804731
LOC4815432,,protein_coding,4815432
LOC4814155,,protein_coding,4814155
LOC6901280,,protein_coding,6901280
LOC4817139,,protein_coding,4817139
LOC4801764,,protein_coding,4801764
LOC4815170,,protein_coding,4815170
LOC6897547,,protein_coding,6897547
LOC4818158,,protein_coding,4818158
LOC6901561,,protein_coding,6901561
LOC4804770,,protein_coding,4804770
LOC4803047,,protein_coding,4803047
LOC26533807,,protein_coding,26533807
LOC26533166,,protein_coding,26533166
LOC4800982,,protein_coding,4800982
LOC117185537,,rRNA,117185537
LOC4812189,,protein_coding,4812189
LOC6901056,,protein_coding,6901056
LOC117183738,,lncRNA,117183738
LOC6903974,,protein_coding,6903974
LOC4813991,,protein_coding,4813991
LOC26532757,,lncRNA,26532757
LOC6901920,,protein_coding,6901920
LOC13036481,,protein_coding,13036481
LOC6897243,,protein_coding,6897243
LOC4801027,,protein_coding,4801027
LOC4816158,,protein_coding,4816158
LOC5495506,,protein_coding,5495506
LOC117184321,Trnat-agu-8,tRNA,117184321
LOC117184403,,pseudogene,117184403
LOC4800626,,protein_coding,4800626
LOC26533386,,protein_coding,26533386
LOC117183954,,lncRNA,117183954
LOC4803905,,protein_coding,4803905
LOC4801956,,protein_coding,4801956
LOC117183436,Trnaw-cca-3,tRNA,117183436
LOC6898347,,protein_coding,6898347
LOC4817120,,protein_coding,4817120
LOC6900881,,protein_coding,6900881
LOC4800970,,protein_coding,4800970
LOC4817776,,protein_coding,4817776
LOC6901445,,protein_coding,6901445
LOC6899753,,protein_coding,6899753
LOC4804156,,protein_coding,4804156
LOC4802054,,protein_coding,4802054
LOC4804147,,protein_coding,4804147
LOC4813934,,protein_coding,4813934
LOC4812693,,protein_coding,4812693
LOC4816124,,protein_coding,4816124
LOC6901139,,protein_coding,6901139
LOC4817586,,protein_coding,4817586
LOC117184367,,pseudogene,117184367
LOC117184948,,protein_coding,117184948
LOC4818172,,protein_coding,4818172
LOC4814983,,protein_coding,4814983
LOC4815041,,protein_coding,4815041
LOC4802332,,protein_coding,4802332
LOC4814063,,protein_coding,4814063
LOC4801060,,protein_coding,4801060
LOC117184017,,protein_coding,117184017
LOC6899810,,protein_coding,6899810
LOC117183368,,protein_coding,117183368
LOC6900916,,protein_coding,6900916
LOC4804983,,protein_coding,4804983
LOC4800549,,protein_coding,4800549
LOC6897645,,protein_coding,6897645
LOC6900794,,protein_coding,6900794
LOC6897372,,protein_coding,6897372
LOC4815088,,protein_coding,4815088
LOC6899689,,protein_coding,6899689
LOC26532494,,protein_coding,26532494
LOC4815841,,protein_coding,4815841
LOC117183163,,protein_coding,117183163
LOC117185403,Trnae-cuc-14,tRNA,117185403
LOC4814735,,protein_coding,4814735
LOC4816243,,protein_coding,4816243
LOC117184306,Trnay-gua-5,tRNA,117184306
LOC117185167,,protein_coding,117185167
LOC117183691,,lncRNA,117183691
LOC117183701,,lncRNA,117183701
LOC4800771,,protein_coding,4800771
LOC4812703,,protein_coding,4812703
LOC4801802,,protein_coding,4801802
LOC6902422,,protein_coding,6902422
LOC4801716,,protein_coding,4801716
LOC117183586,,protein_coding,117183586
LOC6896828,,protein_coding,6896828
LOC4803376,,protein_coding,4803376
LOC4802537,,protein_coding,4802537
LOC117185504,,rRNA,117185504
LOC4817161,,protein_coding,4817161
LOC4816429,,protein_coding,4816429
LOC4802676,,protein_coding,4802676
LOC117183531,,lncRNA,117183531
LOC4805573,,protein_coding,4805573
LOC4803881,,protein_coding,4803881
LOC6902382,,protein_coding,6902382
LOC4800967,,protein_coding,4800967
LOC117185184,,protein_coding,117185184
LOC6898394,,protein_coding,6898394
LOC6903119,,protein_coding,6903119
LOC4813619,,protein_coding,4813619
LOC4812583,,protein_coding,4812583
LOC4814045,,protein_coding,4814045
LOC4802008,,protein_coding,4802008
LOC4805329,,protein_coding,4805329
LOC4816565,,protein_coding,4816565
LOC26533801,,lncRNA,26533801
LOC117183225,,protein_coding,117183225
LOC4803314,,protein_coding,4803314
LOC4801364,,protein_coding,4801364
LOC26534446,,protein_coding,26534446
LOC4805707,,protein_coding,4805707
LOC4803583,,protein_coding,4803583
LOC117185466,,rRNA,117185466
LOC4813291,,protein_coding,4813291
LOC4801104,,protein_coding,4801104
LOC6903327,,protein_coding,6903327
LOC4802071,,protein_coding,4802071
LOC6902688,,protein_coding,6902688
LOC4802192,,protein_coding,4802192
LOC117185292,,rRNA,117185292
LOC4816810,,protein_coding,4816810
LOC6902853,,protein_coding,6902853
LOC4803548,,protein_coding,4803548
LOC6901495,,protein_coding,6901495
LOC4815188,,protein_coding,4815188
LOC4815050,,protein_coding,4815050
LOC117185580,,rRNA,117185580
LOC4812254,,protein_coding,4812254
LOC4815831,,protein_coding,4815831
LOC6897824,,protein_coding,6897824
LOC4804065,,protein_coding,4804065
LOC4813742,,protein_coding,4813742
LOC6901723,,protein_coding,6901723
LOC4817088,,protein_coding,4817088
LOC4802817,,protein_coding,4802817
LOC6897961,,protein_coding,6897961
LOC117184780,,protein_coding,117184780
LOC4801328,,protein_coding,4801328
LOC6896829,,protein_coding,6896829
LOC117184743,,protein_coding,117184743
LOC117184234,,lncRNA,117184234
LOC6897522,,protein_coding,6897522
LOC4804824,,protein_coding,4804824
LOC4800917,,protein_coding,4800917
LOC6897185,,protein_coding,6897185
LOC6900639,,protein_coding,6900639
LOC6896812,,protein_coding,6896812
LOC117183543,,protein_coding,117183543
LOC117183882,Trnar-acg-3,tRNA,117183882
LOC4812365,,protein_coding,4812365
LOC4815900,,protein_coding,4815900
LOC26532285,,lncRNA,26532285
LOC4811845,,protein_coding,4811845
LOC6901225,,protein_coding,6901225
LOC6901693,,protein_coding,6901693
LOC117184548,,protein_coding,117184548
LOC4817091,,protein_coding,4817091
LOC117183528,,protein_coding,117183528
LOC117184908,,lncRNA,117184908
LOC4803028,,protein_coding,4803028
LOC4811953,,protein_coding,4811953
LOC4803045,,protein_coding,4803045
LOC6903252,,protein_coding,6903252
LOC6897088,,protein_coding,6897088
LOC4802253,,protein_coding,4802253
LOC4804780,,protein_coding,4804780
LOC4815048,,protein_coding,4815048
LOC4801425,,protein_coding,4801425
LOC4813145,,protein_coding,4813145
LOC26534343,,protein_coding,26534343
LOC4816819,,protein_coding,4816819
LOC6900954,,protein_coding,6900954
LOC4801347,,protein_coding,4801347
LOC4817610,,protein_coding,4817610
LOC4813219,,protein_coding,4813219
LOC4800459,,protein_coding,4800459
LOC6898145,,protein_coding,6898145
LOC4817502,,protein_coding,4817502
LOC4803500,,protein_coding,4803500
LOC6901826,,protein_coding,6901826
LOC4800234,,protein_coding,4800234
LOC117183863,Trnat-ugu-6,tRNA,117183863
LOC4804676,,protein_coding,4804676
LOC4816357,,protein_coding,4816357
LOC4813329,,protein_coding,4813329
LOC4802792,,protein_coding,4802792
LOC4800502,,protein_coding,4800502
LOC117183482,Trnat-cgu-3,tRNA,117183482
LOC4816073,,protein_coding,4816073
LOC4804546,,protein_coding,4804546
LOC6898982,,protein_coding,6898982
LOC26533575,,protein_coding,26533575
LOC4816759,,protein_coding,4816759
LOC4801442,,protein_coding,4801442
LOC6902596,,snRNA,6902596
LOC4815952,,protein_coding,4815952
LOC117185277,,rRNA,117185277
LOC4814011,,protein_coding,4814011
LOC4802058,,protein_coding,4802058
LOC117183624,,lncRNA,117183624
LOC6897548,,protein_coding,6897548
LOC6903450,,protein_coding,6903450
LOC6897043,,protein_coding,6897043
LOC6898596,,snoRNA,6898596
LOC4812908,,protein_coding,4812908
LOC6902891,,protein_coding,6902891
LOC4815100,,protein_coding,4815100
LOC117183994,,protein_coding,117183994
LOC117185097,,protein_coding,117185097
LOC6902650,,protein_coding,6902650
LOC4801975,,protein_coding,4801975
LOC4803113,,protein_coding,4803113
LOC4802543,,protein_coding,4802543
LOC4804368,,protein_coding,4804368
LOC4801793,,protein_coding,4801793
LOC117183262,,protein_coding,117183262
LOC4815474,,protein_coding,4815474
LOC4816998,,protein_coding,4816998
LOC4812510,,protein_coding,4812510
LOC26533949,,lncRNA,26533949
LOC4801846,,protein_coding,4801846
LOC13036451,,protein_coding,13036451
LOC4804822,,protein_coding,4804822
LOC4804782,,protein_coding,4804782
LOC4813116,,protein_coding,4813116
LOC26532455,,lncRNA,26532455
LOC4812913,,protein_coding,4812913
LOC6897731,,protein_coding,6897731
LOC4805593,,protein_coding,4805593
LOC117184695,,protein_coding,117184695
LOC26533723,,lncRNA,26533723
LOC26532688,,lncRNA,26532688
LOC117184622,,lncRNA,117184622
LOC6898548,,snoRNA,6898548
LOC117184209,,lncRNA,117184209
LOC4801778,,protein_coding,4801778
LOC117183486,Trnar-ucg,tRNA,117183486
LOC4816966,,protein_coding,4816966
LOC4805049,,protein_coding,4805049
LOC4803980,,protein_coding,4803980
LOC117185045,,lncRNA,117185045
LOC117183652,,protein_coding,117183652
LOC4815338,,protein_coding,4815338
LOC4813442,,protein_coding,4813442
LOC4811990,,protein_coding,4811990
LOC4817191,,protein_coding,4817191
LOC13036548,,protein_coding,13036548
LOC117183180,,protein_coding,117183180
LOC4802268,,protein_coding,4802268
LOC6901021,,protein_coding,6901021
LOC6902040,,protein_coding,6902040
LOC6902991,,protein_coding,6902991
LOC4813909,,protein_coding,4813909
LOC117183885,Trnak-cuu-12,tRNA,117183885
LOC4816793,,protein_coding,4816793
LOC13036342,,protein_coding,13036342
LOC26531955,,lncRNA,26531955
LOC26532389,,protein_coding,26532389
LOC26533375,,lncRNA,26533375
LOC4816384,,protein_coding,4816384
LOC4802260,,protein_coding,4802260
LOC26532971,,protein_coding,26532971
LOC4816020,,protein_coding,4816020
LOC26533259,,lncRNA,26533259
LOC4811656,,protein_coding,4811656
LOC6900999,,protein_coding,6900999
LOC4802754,,protein_coding,4802754
LOC26532891,,protein_coding,26532891
LOC4803926,,protein_coding,4803926
LOC117184484,,lncRNA,117184484
LOC5495520,,protein_coding,5495520
LOC6899645,,protein_coding,6899645
LOC4801337,,protein_coding,4801337
LOC4813126,,protein_coding,4813126
LOC6902929,,protein_coding,6902929
LOC6902859,,protein_coding,6902859
LOC117183388,,protein_coding,117183388
LOC4801127,,protein_coding,4801127
LOC6897644,,protein_coding,6897644
LOC6897735,,protein_coding,6897735
LOC6898656,,protein_coding,6898656
LOC4801365,,protein_coding,4801365
LOC4814977,,protein_coding,4814977
LOC26532947,,protein_coding,26532947
LOC26532072,,protein_coding,26532072
LOC6897371,,protein_coding,6897371
LOC4814446,,protein_coding,4814446
LOC4812948,,protein_coding,4812948
LOC4803563,,protein_coding,4803563
LOC4817309,,protein_coding,4817309
LOC4803671,,protein_coding,4803671
LOC4816596,,protein_coding,4816596
LOC4801390,,protein_coding,4801390
LOC117184640,,protein_coding,117184640
LOC4814933,,protein_coding,4814933
LOC117184092,,lncRNA,117184092
LOC4800446,,protein_coding,4800446
LOC4814376,,protein_coding,4814376
LOC6903049,,protein_coding,6903049
LOC4814865,,protein_coding,4814865
LOC6902743,,protein_coding,6902743
LOC4802863,,protein_coding,4802863
LOC4805138,,protein_coding,4805138
LOC4804535,,protein_coding,4804535
LOC117183190,,protein_coding,117183190
LOC4805303,,protein_coding,4805303
LOC6901451,,protein_coding,6901451
LOC4815181,,protein_coding,4815181
LOC4811917,,protein_coding,4811917
LOC6899933,,protein_coding,6899933
LOC4812740,,protein_coding,4812740
LOC6897628,,protein_coding,6897628
LOC6898652,,protein_coding,6898652
LOC26532077,,protein_coding,26532077
LOC4814089,,protein_coding,4814089
LOC4805714,,protein_coding,4805714
LOC26532437,,lncRNA,26532437
LOC6897583,,protein_coding,6897583
LOC6897939,,protein_coding,6897939
LOC4814327,,protein_coding,4814327
LOC26532988,,lncRNA,26532988
LOC4816773,,protein_coding,4816773
LOC26533336,,protein_coding,26533336
LOC4802753,,protein_coding,4802753
LOC4802426,,protein_coding,4802426
LOC4800325,,protein_coding,4800325
LOC4801596,,protein_coding,4801596
LOC4816257,,protein_coding,4816257
LOC26533967,,lncRNA,26533967
LOC117183753,,protein_coding,117183753
LOC4816405,,protein_coding,4816405
LOC4802994,,protein_coding,4802994
LOC4813178,,protein_coding,4813178
LOC4803773,,protein_coding,4803773
LOC117185535,,rRNA,117185535
LOC117183864,Trnal-caa-3,tRNA,117183864
LOC4803369,,protein_coding,4803369
LOC6900476,,protein_coding,6900476
LOC6899467,,protein_coding,6899467
LOC4805467,,protein_coding,4805467
LOC4805292,,protein_coding,4805292
LOC6900507,,protein_coding,6900507
LOC4816231,,protein_coding,4816231
LOC4800435,,protein_coding,4800435
LOC4804519,,protein_coding,4804519
LOC117184475,,lncRNA,117184475
LOC4805327,,protein_coding,4805327
LOC6901131,,protein_coding,6901131
LOC4817510,,protein_coding,4817510
LOC4801561,,protein_coding,4801561
LOC6900995,,protein_coding,6900995
LOC6901578,,protein_coding,6901578
LOC4804846,,protein_coding,4804846
LOC4800351,,protein_coding,4800351
LOC4815298,,protein_coding,4815298
LOC4812825,,protein_coding,4812825
LOC4811890,,protein_coding,4811890
LOC6896960,,protein_coding,6896960
LOC4804398,,protein_coding,4804398
LOC4817984,,protein_coding,4817984
LOC4804299,,protein_coding,4804299
LOC26534029,,protein_coding,26534029
LOC4812507,,protein_coding,4812507
LOC26532690,,lncRNA,26532690
LOC6902028,,protein_coding,6902028
LOC6898736,,protein_coding,6898736
LOC6903194,,protein_coding,6903194
LOC6899163,,protein_coding,6899163
LOC4817053,,protein_coding,4817053
LOC117184551,,lncRNA,117184551
LOC26533204,,protein_coding,26533204
LOC4818182,,protein_coding,4818182
LOC4813090,,protein_coding,4813090
LOC6898073,,protein_coding,6898073
LOC4803609,,protein_coding,4803609
LOC4817401,,protein_coding,4817401
LOC4801521,,protein_coding,4801521
LOC4801273,,protein_coding,4801273
LOC117183303,,lncRNA,117183303
LOC6901701,,protein_coding,6901701
LOC117185454,,rRNA,117185454
LOC4812312,,protein_coding,4812312
LOC6897680,,protein_coding,6897680
LOC4817011,,protein_coding,4817011
LOC4804375,,protein_coding,4804375
LOC26532716,,protein_coding,26532716
LOC4801222,,protein_coding,4801222
LOC26532134,,protein_coding,26532134
LOC6900352,,protein_coding,6900352
LOC117184353,,protein_coding,117184353
LOC4803800,,protein_coding,4803800
LOC4815842,,protein_coding,4815842
LOC117184112,,protein_coding,117184112
LOC4816967,,protein_coding,4816967
LOC6901155,,protein_coding,6901155
LOC4812946,,protein_coding,4812946
LOC4817041,,protein_coding,4817041
LOC6901657,,protein_coding,6901657
LOC4813755,,protein_coding,4813755
LOC4805390,,protein_coding,4805390
LOC26532228,,protein_coding,26532228
LOC6903591,,protein_coding,6903591
LOC4804718,,protein_coding,4804718
LOC26533742,,protein_coding,26533742
LOC4800883,,protein_coding,4800883
LOC4800836,,protein_coding,4800836
LOC6898235,,protein_coding,6898235
LOC4816058,,protein_coding,4816058
LOC4802406,,protein_coding,4802406
LOC4811825,,protein_coding,4811825
LOC117183419,Trnaf-gaa-2,tRNA,117183419
LOC26534110,,lncRNA,26534110
LOC6901463,,protein_coding,6901463
LOC6903597,,protein_coding,6903597
LOC4801157,,protein_coding,4801157
LOC4801833,,protein_coding,4801833
LOC6900711,,protein_coding,6900711
LOC117185332,Trnaq-uug-3,tRNA,117185332
LOC4812980,,protein_coding,4812980
LOC26534356,,protein_coding,26534356
LOC6900634,,protein_coding,6900634
LOC4812923,,protein_coding,4812923
LOC4803344,,protein_coding,4803344
LOC4800837,,protein_coding,4800837
LOC4800400,,protein_coding,4800400
LOC6899055,,protein_coding,6899055
LOC26533754,,lncRNA,26533754
LOC6896684,,protein_coding,6896684
LOC6897655,,protein_coding,6897655
LOC117183721,,protein_coding,117183721
LOC6897868,,protein_coding,6897868
LOC4816617,,protein_coding,4816617
LOC6900274,,protein_coding,6900274
LOC4801567,,protein_coding,4801567
LOC4803567,,protein_coding,4803567
LOC117185388,Trnap-ugg-6,tRNA,117185388
LOC4817630,,protein_coding,4817630
LOC4804974,,protein_coding,4804974
LOC26532344,,lncRNA,26532344
LOC4803432,,protein_coding,4803432
LOC6900426,,protein_coding,6900426
LOC4816505,,protein_coding,4816505
LOC4817624,,protein_coding,4817624
LOC6897114,,protein_coding,6897114
LOC4815172,,protein_coding,4815172
LOC4818125,,protein_coding,4818125
LOC4804170,,protein_coding,4804170
LOC4817813,,protein_coding,4817813
LOC6899335,,protein_coding,6899335
LOC6898019,,protein_coding,6898019
LOC4815626,,protein_coding,4815626
LOC6900010,,protein_coding,6900010
LOC4805466,,protein_coding,4805466
LOC4803399,,protein_coding,4803399
LOC26533778,,protein_coding,26533778
LOC6897083,,protein_coding,6897083
LOC4812550,,protein_coding,4812550
LOC4802241,,protein_coding,4802241
LOC4804402,,protein_coding,4804402
LOC4812707,,protein_coding,4812707
LOC4813622,,protein_coding,4813622
LOC4804332,,protein_coding,4804332
LOC4816007,,protein_coding,4816007
LOC4814951,,protein_coding,4814951
LOC117183188,,protein_coding,117183188
LOC4817826,,protein_coding,4817826
LOC4814366,,protein_coding,4814366
LOC117183750,,lncRNA,117183750
LOC6900827,,protein_coding,6900827
LOC6897590,,protein_coding,6897590
LOC4801813,,protein_coding,4801813
LOC4805088,,protein_coding,4805088
LOC6897486,,protein_coding,6897486
LOC4811919,,protein_coding,4811919
LOC6902467,,protein_coding,6902467
LOC4804318,,protein_coding,4804318
LOC4802941,,protein_coding,4802941
LOC4813355,,protein_coding,4813355
LOC4816744,,protein_coding,4816744
LOC4804099,,protein_coding,4804099
LOC4801788,,protein_coding,4801788
LOC6898963,,protein_coding,6898963
LOC4812578,,protein_coding,4812578
LOC4813808,,protein_coding,4813808
LOC6900953,,protein_coding,6900953
LOC4818112,,protein_coding,4818112
LOC4815258,,protein_coding,4815258
LOC4805540,,protein_coding,4805540
LOC26532043,,protein_coding,26532043
LOC6902426,,protein_coding,6902426
LOC4816873,,protein_coding,4816873
LOC26534157,,lncRNA,26534157
LOC117183982,,protein_coding,117183982
LOC13036547,,protein_coding,13036547
LOC117184151,,protein_coding,117184151
LOC117185312,,rRNA,117185312
LOC4815417,,protein_coding,4815417
LOC6897080,,protein_coding,6897080
LOC6896933,,protein_coding,6896933
LOC117184121,,lncRNA,117184121
LOC4817637,,protein_coding,4817637
LOC6900569,,snoRNA,6900569
LOC4815101,,protein_coding,4815101
LOC4804742,,protein_coding,4804742
LOC26532095,,protein_coding,26532095
LOC117183926,,lncRNA,117183926
LOC4801476,,protein_coding,4801476
LOC6900551,,protein_coding,6900551
LOC26532556,,protein_coding,26532556
LOC4805700,,protein_coding,4805700
LOC4803180,,protein_coding,4803180
LOC4818104,,protein_coding,4818104
LOC4800347,,protein_coding,4800347
LOC4817833,,protein_coding,4817833
LOC117185445,,rRNA,117185445
LOC6896716,,protein_coding,6896716
LOC6900719,,protein_coding,6900719
LOC117185309,,rRNA,117185309
LOC4812792,,protein_coding,4812792
LOC6903589,,protein_coding,6903589
LOC117183796,,lncRNA,117183796
LOC4811987,,protein_coding,4811987
LOC4813348,,protein_coding,4813348
LOC4801028,,protein_coding,4801028
LOC4814593,,protein_coding,4814593
LOC117184666,,lncRNA,117184666
LOC4801383,,protein_coding,4801383
LOC4813605,,protein_coding,4813605
LOC4814468,,protein_coding,4814468
LOC4801994,,protein_coding,4801994
LOC4804117,,protein_coding,4804117
LOC4800570,,protein_coding,4800570
LOC4812714,,protein_coding,4812714
LOC6900018,,protein_coding,6900018
LOC117185302,,rRNA,117185302
LOC4801721,,protein_coding,4801721
LOC4801588,,protein_coding,4801588
LOC4805335,,protein_coding,4805335
LOC4815352,,protein_coding,4815352
LOC117185572,,rRNA,117185572
LOC6897108,,protein_coding,6897108
LOC117184490,,lncRNA,117184490
LOC4816342,,protein_coding,4816342
LOC4805676,,protein_coding,4805676
LOC4804403,,protein_coding,4804403
LOC4803167,,protein_coding,4803167
LOC4802191,,protein_coding,4802191
LOC4803816,,protein_coding,4803816
LOC6898961,,protein_coding,6898961
LOC4814697,,protein_coding,4814697
LOC4812547,,protein_coding,4812547
LOC4814745,,protein_coding,4814745
LOC4815345,,protein_coding,4815345
LOC4817827,,protein_coding,4817827
LOC4804929,,protein_coding,4804929
LOC6903075,,protein_coding,6903075
LOC6901380,,protein_coding,6901380
LOC4816227,,protein_coding,4816227
LOC4800424,,protein_coding,4800424
LOC6903101,,protein_coding,6903101
LOC4816437,,protein_coding,4816437
LOC4816944,,protein_coding,4816944
LOC4815087,,protein_coding,4815087
LOC6896978,,protein_coding,6896978
LOC6903346,,protein_coding,6903346
LOC117184841,,lncRNA,117184841
LOC26533490,,lncRNA,26533490
LOC4812022,,protein_coding,4812022
LOC4815680,,protein_coding,4815680
LOC117184787,,lncRNA,117184787
LOC117184977,,protein_coding,117184977
LOC4816476,,protein_coding,4816476
LOC117185241,,rRNA,117185241
LOC117184549,,lncRNA,117184549
LOC6897734,,protein_coding,6897734
LOC4813014,,protein_coding,4813014
LOC26533159,,protein_coding,26533159
LOC4817719,,protein_coding,4817719
LOC117184304,Trnap-cgg,tRNA,117184304
LOC117183814,Trnae-uuc-3,tRNA,117183814
LOC6900139,,snoRNA,6900139
LOC4815759,,protein_coding,4815759
LOC4804015,,protein_coding,4804015
LOC4800242,,protein_coding,4800242
LOC6903891,,protein_coding,6903891
LOC6898486,,protein_coding,6898486
LOC6903379,,protein_coding,6903379
LOC117183818,Trnat-ugu-5,tRNA,117183818
LOC4804078,,protein_coding,4804078
LOC4817383,,protein_coding,4817383
LOC6898553,,protein_coding,6898553
LOC4813986,,protein_coding,4813986
LOC6902284,,protein_coding,6902284
LOC4815779,,protein_coding,4815779
LOC4805100,,protein_coding,4805100
LOC6898123,,protein_coding,6898123
LOC4805504,,protein_coding,4805504
LOC4813564,,protein_coding,4813564
LOC6898201,,protein_coding,6898201
LOC117185662,,lncRNA,117185662
LOC4802774,,protein_coding,4802774
LOC4817508,,protein_coding,4817508
LOC6901855,,protein_coding,6901855
LOC6898450,,protein_coding,6898450
LOC4817444,,protein_coding,4817444
LOC4817154,,protein_coding,4817154
LOC26532618,,lncRNA,26532618
LOC4814317,,protein_coding,4814317
LOC117183339,,protein_coding,117183339
LOC117184323,Trnae-cuc-4,tRNA,117184323
LOC6897271,,protein_coding,6897271
LOC26533464,,lncRNA,26533464
LOC4814988,,protein_coding,4814988
LOC4805277,,protein_coding,4805277
LOC117184692,,lncRNA,117184692
LOC4815211,,protein_coding,4815211
LOC4800993,,protein_coding,4800993
LOC4815046,,protein_coding,4815046
LOC4801816,,protein_coding,4801816
LOC4805230,,protein_coding,4805230
LOC4803492,,protein_coding,4803492
LOC4801221,,protein_coding,4801221
LOC117184835,,protein_coding,117184835
LOC4804510,,protein_coding,4804510
LOC4805531,,protein_coding,4805531
LOC117185163,,lncRNA,117185163
LOC4804835,,protein_coding,4804835
LOC4803199,,protein_coding,4803199
LOC6898774,,protein_coding,6898774
LOC4814504,,protein_coding,4814504
LOC4813472,,protein_coding,4813472
LOC26533577,,lncRNA,26533577
LOC6897787,,protein_coding,6897787
LOC117184914,,lncRNA,117184914
LOC4801817,,protein_coding,4801817
LOC26533291,,protein_coding,26533291
LOC117185228,,rRNA,117185228
LOC4817671,,protein_coding,4817671
LOC4802848,,protein_coding,4802848
LOC117183862,Trnat-ugu-4,tRNA,117183862
LOC4817712,,protein_coding,4817712
LOC117183902,,lncRNA,117183902
LOC4804465,,protein_coding,4804465
LOC26534039,,lncRNA,26534039
LOC4804461,,protein_coding,4804461
LOC6899191,,protein_coding,6899191
LOC4817419,,protein_coding,4817419
LOC4816604,,protein_coding,4816604
LOC4812549,,protein_coding,4812549
LOC6899056,,protein_coding,6899056
LOC26534358,,lncRNA,26534358
LOC4801544,,protein_coding,4801544
LOC4815300,,protein_coding,4815300
LOC4815816,,protein_coding,4815816
LOC6900713,,protein_coding,6900713
LOC4803544,,protein_coding,4803544
LOC6903887,,protein_coding,6903887
LOC117184895,,lncRNA,117184895
LOC6900131,,protein_coding,6900131
LOC4800971,,protein_coding,4800971
LOC6903697,,protein_coding,6903697
LOC4815015,,protein_coding,4815015
LOC6900407,,protein_coding,6900407
LOC4812701,,protein_coding,4812701
LOC4815799,,protein_coding,4815799
LOC4815213,,protein_coding,4815213
LOC6897797,,protein_coding,6897797
LOC6900613,,protein_coding,6900613
LOC6899124,,protein_coding,6899124
LOC6898483,,protein_coding,6898483
LOC4814013,,protein_coding,4814013
LOC4805096,,protein_coding,4805096
LOC6899911,,protein_coding,6899911
LOC4804127,,protein_coding,4804127
LOC4804378,,protein_coding,4804378
LOC4815340,,protein_coding,4815340
LOC4802813,,protein_coding,4802813
LOC4812542,,protein_coding,4812542
LOC6897629,,protein_coding,6897629
LOC4805581,,protein_coding,4805581
LOC4817255,,protein_coding,4817255
LOC6901772,,protein_coding,6901772
LOC4817834,,protein_coding,4817834
LOC6900036,,protein_coding,6900036
LOC117185524,,rRNA,117185524
LOC4804699,,protein_coding,4804699
LOC6898274,,protein_coding,6898274
LOC4816117,,protein_coding,4816117
LOC117185427,,lncRNA,117185427
LOC4803740,,protein_coding,4803740
LOC4800739,,protein_coding,4800739
LOC117185284,,pseudogene,117185284
LOC117185122,,pseudogene,117185122
LOC4801630,,protein_coding,4801630
LOC4817028,,protein_coding,4817028
LOC26532383,,lncRNA,26532383
LOC6900290,,protein_coding,6900290
LOC117183491,,protein_coding,117183491
LOC117184782,,lncRNA,117184782
LOC6903015,,protein_coding,6903015
LOC4812183,,protein_coding,4812183
LOC26532842,,protein_coding,26532842
LOC4801821,,protein_coding,4801821
LOC4802873,,protein_coding,4802873
LOC6901223,,protein_coding,6901223
LOC117184003,,pseudogene,117184003
LOC6897496,,protein_coding,6897496
LOC6897573,,protein_coding,6897573
LOC4804736,,protein_coding,4804736
LOC6897227,,protein_coding,6897227
LOC26532677,,protein_coding,26532677
LOC4802179,,protein_coding,4802179
LOC4812912,,protein_coding,4812912
LOC4801541,,protein_coding,4801541
LOC26533278,,lncRNA,26533278
LOC4804702,,protein_coding,4804702
LOC4815281,,protein_coding,4815281
LOC4801657,,protein_coding,4801657
LOC4813036,,protein_coding,4813036
LOC4813721,,protein_coding,4813721
LOC6898093,,protein_coding,6898093
LOC117185541,,rRNA,117185541
LOC4803330,,protein_coding,4803330
LOC6901405,,protein_coding,6901405
LOC4817789,,protein_coding,4817789
LOC4801212,,protein_coding,4801212
LOC117184717,,lncRNA,117184717
LOC4801071,,protein_coding,4801071
LOC117184239,,lncRNA,117184239
LOC4801980,,protein_coding,4801980
LOC117184856,,lncRNA,117184856
LOC4803238,,protein_coding,4803238
LOC26533164,,lncRNA,26533164
LOC6897478,,protein_coding,6897478
LOC6897919,,protein_coding,6897919
LOC6903137,,protein_coding,6903137
LOC6899518,,protein_coding,6899518
LOC117184440,,lncRNA,117184440
LOC117183468,Trnav-cac-2,tRNA,117183468
LOC4818085,,protein_coding,4818085
LOC6901551,,protein_coding,6901551
LOC4811877,,protein_coding,4811877
LOC4817948,,protein_coding,4817948
LOC26533099,,protein_coding,26533099
LOC4804559,,protein_coding,4804559
LOC4817230,,protein_coding,4817230
LOC4800816,,protein_coding,4800816
LOC4815571,,protein_coding,4815571
LOC117184544,,lncRNA,117184544
LOC4803062,,protein_coding,4803062
LOC4800640,,protein_coding,4800640
LOC117184051,,lncRNA,117184051
LOC4804032,,protein_coding,4804032
LOC4804632,,protein_coding,4804632
LOC4817146,,protein_coding,4817146
LOC4812456,,protein_coding,4812456
LOC4804585,,protein_coding,4804585
LOC4801208,,protein_coding,4801208
LOC6896969,,protein_coding,6896969
LOC26531946,,lncRNA,26531946
LOC117185102,,lncRNA,117185102
LOC117183699,,protein_coding,117183699
LOC6900687,,protein_coding,6900687
LOC4812580,,protein_coding,4812580
LOC4801053,,protein_coding,4801053
LOC6903069,,protein_coding,6903069
LOC26533309,,protein_coding,26533309
LOC6896717,,protein_coding,6896717
LOC4815698,,protein_coding,4815698
LOC4803665,,protein_coding,4803665
LOC4812263,,protein_coding,4812263
LOC117183826,Trnal-aag-3,tRNA,117183826
LOC6902642,,snRNA,6902642
LOC6897170,,protein_coding,6897170
LOC4803247,,protein_coding,4803247
LOC6900883,,protein_coding,6900883
LOC26534151,,lncRNA,26534151
LOC117183661,,lncRNA,117183661
LOC6902685,,protein_coding,6902685
LOC117183950,,lncRNA,117183950
LOC4802248,,protein_coding,4802248
LOC4816399,,protein_coding,4816399
LOC26533256,,protein_coding,26533256
LOC4815233,,protein_coding,4815233
LOC4815954,,protein_coding,4815954
LOC26532832,,protein_coding,26532832
LOC4805242,,protein_coding,4805242
LOC6901174,,protein_coding,6901174
LOC4813717,,protein_coding,4813717
LOC117184489,,lncRNA,117184489
LOC4804028,,protein_coding,4804028
LOC6900723,,protein_coding,6900723
LOC4803310,,protein_coding,4803310
LOC4804023,,protein_coding,4804023
LOC4814657,,protein_coding,4814657
LOC4818195,,protein_coding,4818195
LOC4815390,,protein_coding,4815390
LOC6900112,,protein_coding,6900112
LOC117184985,,protein_coding,117184985
LOC4815099,,protein_coding,4815099
LOC4803606,,protein_coding,4803606
LOC6900175,,protein_coding,6900175
LOC6898052,,protein_coding,6898052
LOC117183909,,protein_coding,117183909
LOC4813750,,protein_coding,4813750
LOC6897015,,protein_coding,6897015
LOC4814062,,protein_coding,4814062
LOC26532286,,protein_coding,26532286
LOC4814628,,protein_coding,4814628
LOC6900598,,protein_coding,6900598
LOC117185105,,lncRNA,117185105
LOC6900597,,protein_coding,6900597
LOC117183706,,lncRNA,117183706
LOC6900257,,protein_coding,6900257
LOC4802582,,protein_coding,4802582
LOC4817679,,protein_coding,4817679
LOC6902783,,protein_coding,6902783
LOC117184094,,lncRNA,117184094
LOC26532061,,lncRNA,26532061
LOC4813251,,protein_coding,4813251
LOC117183292,,lncRNA,117183292
LOC26533461,,lncRNA,26533461
LOC6902197,,protein_coding,6902197
LOC6898267,,protein_coding,6898267
LOC117183948,,lncRNA,117183948
LOC117184643,,protein_coding,117184643
LOC4812799,,protein_coding,4812799
LOC4815462,,protein_coding,4815462
LOC4813074,,protein_coding,4813074
LOC6897136,,protein_coding,6897136
LOC4812413,,protein_coding,4812413
LOC4814408,,protein_coding,4814408
LOC6901829,,protein_coding,6901829
LOC4817765,,protein_coding,4817765
LOC6900411,,protein_coding,6900411
LOC4812333,,protein_coding,4812333
LOC4800610,,protein_coding,4800610
LOC26533060,,protein_coding,26533060
LOC4816529,,protein_coding,4816529
LOC4817601,,protein_coding,4817601
LOC117185106,,protein_coding,117185106
LOC26533866,,lncRNA,26533866
LOC4800427,,protein_coding,4800427
LOC117184010,,protein_coding,117184010
LOC4811643,,protein_coding,4811643
LOC117184886,,lncRNA,117184886
LOC4813010,,protein_coding,4813010
LOC117184813,,lncRNA,117184813
LOC6903998,,protein_coding,6903998
LOC4804492,,protein_coding,4804492
LOC4800858,,protein_coding,4800858
LOC26534068,,lncRNA,26534068
LOC4803323,,protein_coding,4803323
LOC4800330,,protein_coding,4800330
LOC4816070,,protein_coding,4816070
LOC117185619,,protein_coding,117185619
LOC4802165,,protein_coding,4802165
LOC4815746,,protein_coding,4815746
LOC117184453,,protein_coding,117184453
LOC6897757,,protein_coding,6897757
LOC4817431,,protein_coding,4817431
LOC4804451,,protein_coding,4804451
LOC117184071,,lncRNA,117184071
LOC4802507,,protein_coding,4802507
LOC4804720,,protein_coding,4804720
LOC6898317,,snoRNA,6898317
LOC4813869,,protein_coding,4813869
LOC117183206,,protein_coding,117183206
LOC6901171,,protein_coding,6901171
LOC4816913,,protein_coding,4816913
LOC117185050,,lncRNA,117185050
LOC4817481,,protein_coding,4817481
LOC4801397,,protein_coding,4801397
LOC6899946,,protein_coding,6899946
LOC4801623,,protein_coding,4801623
LOC4814899,,protein_coding,4814899
LOC6901637,,protein_coding,6901637
LOC4812855,,protein_coding,4812855
LOC4811794,,protein_coding,4811794
LOC4801468,,protein_coding,4801468
LOC4812941,,protein_coding,4812941
LOC4812810,,protein_coding,4812810
LOC4803224,,protein_coding,4803224
LOC6897763,,protein_coding,6897763
LOC4814338,,protein_coding,4814338
LOC4800769,,protein_coding,4800769
LOC4814374,,protein_coding,4814374
LOC4805286,,protein_coding,4805286
LOC4816086,,protein_coding,4816086
LOC26534229,,lncRNA,26534229
LOC6903564,,protein_coding,6903564
LOC4803861,,protein_coding,4803861
LOC117183517,,pseudogene,117183517
LOC4801198,,protein_coding,4801198
LOC26534043,,protein_coding,26534043
LOC4815620,,protein_coding,4815620
LOC4814135,,protein_coding,4814135
LOC4813940,,protein_coding,4813940
LOC117183726,,protein_coding,117183726
LOC4805662,,protein_coding,4805662
LOC117185626,,lncRNA,117185626
LOC6897572,,protein_coding,6897572
LOC6900166,,protein_coding,6900166
LOC117185232,,rRNA,117185232
LOC4813158,,protein_coding,4813158
LOC44805031,HCS66_mgt09,tRNA,44805031
LOC6901919,,protein_coding,6901919
LOC117185652,,lncRNA,117185652
LOC6903024,,protein_coding,6903024
LOC4815484,,protein_coding,4815484
LOC26534105,,lncRNA,26534105
LOC6900150,,protein_coding,6900150
LOC6900734,,protein_coding,6900734
LOC4804020,,protein_coding,4804020
LOC4812432,,protein_coding,4812432
LOC117184034,,lncRNA,117184034
LOC4813843,,protein_coding,4813843
LOC4803273,,protein_coding,4803273
LOC26532317,,lncRNA,26532317
LOC6898349,,protein_coding,6898349
LOC4804926,,protein_coding,4804926
LOC4800352,,protein_coding,4800352
LOC4803805,,protein_coding,4803805
LOC4802263,,protein_coding,4802263
LOC4801644,,protein_coding,4801644
LOC4802265,,protein_coding,4802265
LOC117183377,,protein_coding,117183377
LOC4812638,,protein_coding,4812638
LOC117184302,Trnaq-cug-3,tRNA,117184302
LOC4812293,,protein_coding,4812293
LOC6899913,,protein_coding,6899913
LOC4813023,,protein_coding,4813023
LOC4803306,,protein_coding,4803306
LOC117184377,,protein_coding,117184377
LOC4814099,,protein_coding,4814099
LOC4802835,,protein_coding,4802835
LOC13036292,,protein_coding,13036292
LOC4814998,,protein_coding,4814998
LOC4803761,,protein_coding,4803761
LOC6898474,,protein_coding,6898474
LOC6898433,,protein_coding,6898433
LOC6901727,,protein_coding,6901727
LOC4812477,,protein_coding,4812477
LOC4803715,,protein_coding,4803715
LOC4803933,,protein_coding,4803933
LOC4800261,,protein_coding,4800261
LOC4804152,,protein_coding,4804152
LOC4805212,,protein_coding,4805212
LOC6900219,,protein_coding,6900219
LOC117183481,Trnap-ugg,tRNA,117183481
LOC4804151,,protein_coding,4804151
LOC4814127,,protein_coding,4814127
LOC6898414,,protein_coding,6898414
LOC117184974,,lncRNA,117184974
LOC6899792,,protein_coding,6899792
LOC4811789,,protein_coding,4811789
LOC4812067,,protein_coding,4812067
LOC4804949,,protein_coding,4804949
LOC4804920,,protein_coding,4804920
LOC26534146,,lncRNA,26534146
LOC4815029,,protein_coding,4815029
LOC6902152,,protein_coding,6902152
LOC6898243,,protein_coding,6898243
LOC26534313,,protein_coding,26534313
LOC4805025,,protein_coding,4805025
LOC4801401,,protein_coding,4801401
LOC4801765,,protein_coding,4801765
LOC4804668,,protein_coding,4804668
LOC4801538,,protein_coding,4801538
LOC6900595,,protein_coding,6900595
LOC117185308,,rRNA,117185308
LOC4816961,,protein_coding,4816961
LOC13036540,,protein_coding,13036540
LOC4812081,,protein_coding,4812081
LOC4803254,,protein_coding,4803254
LOC4816297,,protein_coding,4816297
LOC4800706,,protein_coding,4800706
LOC6897636,,protein_coding,6897636
LOC6898898,,protein_coding,6898898
LOC4813290,,protein_coding,4813290
LOC4812126,,protein_coding,4812126
LOC4804990,,protein_coding,4804990
LOC4813072,,protein_coding,4813072
LOC4801836,,protein_coding,4801836
LOC13036328,,protein_coding,13036328
LOC6898633,,protein_coding,6898633
LOC4804176,,protein_coding,4804176
LOC4814128,,protein_coding,4814128
LOC4801973,,protein_coding,4801973
LOC4811961,,protein_coding,4811961
LOC117184282,,snRNA,117184282
LOC26533230,,lncRNA,26533230
LOC6900605,,protein_coding,6900605
LOC117184296,Trnag-gcc-11,tRNA,117184296
LOC4813937,,protein_coding,4813937
LOC4804256,,protein_coding,4804256
LOC6901351,,protein_coding,6901351
LOC26532776,,lncRNA,26532776
LOC4816823,,protein_coding,4816823
LOC6899118,,protein_coding,6899118
LOC4814634,,protein_coding,4814634
LOC117184546,,lncRNA,117184546
LOC4814503,,protein_coding,4814503
LOC4813835,,protein_coding,4813835
LOC4813558,,protein_coding,4813558
LOC26534310,,lncRNA,26534310
LOC117185669,,lncRNA,117185669
LOC4813025,,protein_coding,4813025
LOC26533404,,protein_coding,26533404
LOC4801415,,protein_coding,4801415
LOC6900842,,protein_coding,6900842
LOC4800363,,protein_coding,4800363
LOC4817732,,protein_coding,4817732
LOC6898120,,protein_coding,6898120
LOC4800708,,protein_coding,4800708
LOC6897156,,protein_coding,6897156
LOC4813815,,protein_coding,4813815
LOC117184839,,lncRNA,117184839
LOC6903258,,protein_coding,6903258
LOC6898230,,protein_coding,6898230
LOC6896899,,protein_coding,6896899
LOC4815713,,protein_coding,4815713
LOC4817114,,protein_coding,4817114
LOC6901691,,protein_coding,6901691
LOC26534248,,lncRNA,26534248
LOC4812776,,protein_coding,4812776
LOC6904061,,protein_coding,6904061
LOC6903598,,protein_coding,6903598
LOC4800259,,protein_coding,4800259
LOC6902717,,protein_coding,6902717
LOC6898756,,protein_coding,6898756
LOC6901022,,protein_coding,6901022
LOC26532615,,protein_coding,26532615
LOC4802373,,protein_coding,4802373
LOC6901910,,protein_coding,6901910
LOC117184406,,lncRNA,117184406
LOC117183835,Trnan-guu-3,tRNA,117183835
LOC4816313,,protein_coding,4816313
LOC6897570,,protein_coding,6897570
LOC4801825,,protein_coding,4801825
LOC4803781,,protein_coding,4803781
LOC4804771,,protein_coding,4804771
LOC6898582,,protein_coding,6898582
LOC6902768,,protein_coding,6902768
LOC6901968,,protein_coding,6901968
LOC117184217,,lncRNA,117184217
LOC6902967,,protein_coding,6902967
LOC4816526,,protein_coding,4816526
LOC4801351,,protein_coding,4801351
LOC117183979,,lncRNA,117183979
LOC4813695,,protein_coding,4813695
LOC6901076,,protein_coding,6901076
LOC4817848,,protein_coding,4817848
LOC4804765,,protein_coding,4804765
LOC6897388,,protein_coding,6897388
LOC4804565,,protein_coding,4804565
LOC4813161,,protein_coding,4813161
LOC4804616,,protein_coding,4804616
LOC6900374,,protein_coding,6900374
LOC4811848,,protein_coding,4811848
LOC6902627,,snRNA,6902627
LOC4801961,,protein_coding,4801961
LOC117185495,,lncRNA,117185495
LOC4813796,,protein_coding,4813796
LOC4817603,,protein_coding,4817603
LOC4817250,,protein_coding,4817250
LOC4803727,,protein_coding,4803727
LOC6903545,,protein_coding,6903545
LOC6901930,,protein_coding,6901930
LOC4814025,,protein_coding,4814025
LOC4814038,,protein_coding,4814038
LOC6899356,,protein_coding,6899356
LOC6900550,,snRNA,6900550
LOC6898565,,lncRNA,6898565
LOC4812911,,protein_coding,4812911
LOC4813861,,protein_coding,4813861
LOC4814154,,protein_coding,4814154
LOC4814599,,protein_coding,4814599
LOC4804899,,protein_coding,4804899
LOC26534360,,lncRNA,26534360
LOC4813701,,protein_coding,4813701
LOC117185047,,protein_coding,117185047
LOC4815153,,protein_coding,4815153
LOC4805198,,protein_coding,4805198
LOC4804904,,protein_coding,4804904
LOC4804268,,protein_coding,4804268
LOC6896813,,protein_coding,6896813
LOC4814927,,protein_coding,4814927
LOC4816851,,protein_coding,4816851
LOC4802545,,protein_coding,4802545
LOC4802845,,protein_coding,4802845
LOC6901645,,protein_coding,6901645
LOC4816209,,protein_coding,4816209
LOC117185334,Trnaq-cug-7,tRNA,117185334
LOC4815052,,protein_coding,4815052
LOC4816312,,protein_coding,4816312
LOC4801643,,protein_coding,4801643
LOC4818099,,protein_coding,4818099
LOC4816950,,protein_coding,4816950
LOC4813975,,protein_coding,4813975
LOC4802252,,protein_coding,4802252
LOC6897987,,protein_coding,6897987
LOC117183332,,protein_coding,117183332
LOC4803355,,protein_coding,4803355
LOC4802455,,protein_coding,4802455
LOC6898263,,protein_coding,6898263
LOC4811693,,protein_coding,4811693
LOC26533415,,protein_coding,26533415
LOC4813522,,protein_coding,4813522
LOC6903061,,protein_coding,6903061
LOC4812973,,protein_coding,4812973
LOC4813887,,protein_coding,4813887
LOC4815782,,protein_coding,4815782
LOC117185238,,rRNA,117185238
LOC4803629,,protein_coding,4803629
LOC26532126,,lncRNA,26532126
LOC26532276,,lncRNA,26532276
LOC117184556,,lncRNA,117184556
LOC117183363,,lncRNA,117183363
LOC4805454,,protein_coding,4805454
LOC117185300,,rRNA,117185300
LOC4802929,,protein_coding,4802929
LOC4803493,,protein_coding,4803493
LOC4812504,,protein_coding,4812504
LOC4818124,,protein_coding,4818124
LOC4800348,,protein_coding,4800348
LOC6902410,,protein_coding,6902410
LOC4817474,,protein_coding,4817474
LOC4803260,,protein_coding,4803260
LOC6900354,,protein_coding,6900354
LOC6902615,,protein_coding,6902615
LOC4815142,,protein_coding,4815142
LOC117184501,,lncRNA,117184501
LOC6900400,,protein_coding,6900400
LOC4801783,,protein_coding,4801783
LOC4813699,,protein_coding,4813699
LOC6901476,,protein_coding,6901476
LOC117185288,,rRNA,117185288
LOC4813417,,protein_coding,4813417
LOC4804809,,protein_coding,4804809
LOC4803046,,protein_coding,4803046
LOC26533433,,lncRNA,26533433
LOC6897257,,snRNA,6897257
LOC4814361,,protein_coding,4814361
LOC4802278,,protein_coding,4802278
LOC4803389,,protein_coding,4803389
LOC6897042,,protein_coding,6897042
LOC6901945,,protein_coding,6901945
LOC4801496,,protein_coding,4801496
LOC4816193,,protein_coding,4816193
LOC4801124,,protein_coding,4801124
LOC6900184,,protein_coding,6900184
LOC117184857,,lncRNA,117184857
LOC4804018,,protein_coding,4804018
LOC4812713,,protein_coding,4812713
LOC4816387,,protein_coding,4816387
LOC6899947,,protein_coding,6899947
LOC4804145,,protein_coding,4804145
LOC4816349,,protein_coding,4816349
LOC4812538,,protein_coding,4812538
LOC26533497,,protein_coding,26533497
LOC117184192,,protein_coding,117184192
LOC4814445,,protein_coding,4814445
LOC117185061,,lncRNA,117185061
LOC4801116,,protein_coding,4801116
LOC4802292,,protein_coding,4802292
LOC4816241,,protein_coding,4816241
LOC4811746,,protein_coding,4811746
LOC4804317,,protein_coding,4804317
LOC4816470,,protein_coding,4816470
LOC6903898,,protein_coding,6903898
LOC4802570,,protein_coding,4802570
LOC4802552,,protein_coding,4802552
LOC117185030,,lncRNA,117185030
LOC4805037,,protein_coding,4805037
LOC6898653,,protein_coding,6898653
LOC4817759,,protein_coding,4817759
LOC4801702,,protein_coding,4801702
LOC4801590,,protein_coding,4801590
LOC4815596,,protein_coding,4815596
LOC4802812,,protein_coding,4802812
LOC4803222,,protein_coding,4803222
LOC4817352,,protein_coding,4817352
LOC4813969,,protein_coding,4813969
LOC4816281,,protein_coding,4816281
LOC4815928,,protein_coding,4815928
LOC26532948,,protein_coding,26532948
LOC4816653,,protein_coding,4816653
LOC4813691,,protein_coding,4813691
LOC117183454,Trnat-agu-2,tRNA,117183454
LOC117183833,Trnak-cuu-5,tRNA,117183833
LOC4817063,,protein_coding,4817063
LOC4804247,,protein_coding,4804247
LOC4818051,,protein_coding,4818051
LOC117183754,,lncRNA,117183754
LOC6898585,,protein_coding,6898585
LOC6898520,,protein_coding,6898520
LOC6900859,,protein_coding,6900859
LOC4802421,,protein_coding,4802421
LOC6902534,,protein_coding,6902534
LOC6901121,,protein_coding,6901121
LOC117184013,,protein_coding,117184013
LOC6898353,,protein_coding,6898353
LOC4802514,,protein_coding,4802514
LOC26532731,,protein_coding,26532731
LOC4813533,,protein_coding,4813533
LOC4802890,,protein_coding,4802890
LOC4817511,,protein_coding,4817511
LOC4802126,,protein_coding,4802126
LOC4813032,,protein_coding,4813032
LOC4804805,,protein_coding,4804805
LOC4812871,,protein_coding,4812871
LOC4802019,,protein_coding,4802019
LOC6897400,,protein_coding,6897400
LOC6901192,,protein_coding,6901192
LOC4817261,,protein_coding,4817261
LOC26532330,,lncRNA,26532330
LOC4816486,,protein_coding,4816486
LOC117185471,,rRNA,117185471
LOC4804539,,protein_coding,4804539
LOC6903319,,protein_coding,6903319
LOC117183744,,lncRNA,117183744
LOC6897614,,protein_coding,6897614
LOC4801192,,protein_coding,4801192
LOC26532250,,protein_coding,26532250
LOC6900015,,protein_coding,6900015
LOC117183886,Trnae-uuc-5,tRNA,117183886
LOC4801568,,protein_coding,4801568
LOC4816093,,protein_coding,4816093
LOC4816408,,protein_coding,4816408
LOC6900391,,protein_coding,6900391
LOC6900281,,snoRNA,6900281
LOC4805406,,protein_coding,4805406
LOC6898131,,protein_coding,6898131
LOC4801202,,protein_coding,4801202
LOC4815616,,protein_coding,4815616
LOC117184273,,lncRNA,117184273
LOC4802602,,protein_coding,4802602
LOC4803516,,protein_coding,4803516
LOC4816469,,protein_coding,4816469
LOC4802525,,protein_coding,4802525
LOC4812721,,protein_coding,4812721
LOC4817897,,protein_coding,4817897
LOC6898741,,protein_coding,6898741
LOC6903222,,protein_coding,6903222
LOC26533614,,protein_coding,26533614
LOC4813719,,protein_coding,4813719
LOC6900726,,protein_coding,6900726
LOC6904114,,protein_coding,6904114
LOC6902056,,protein_coding,6902056
LOC4814730,,protein_coding,4814730
LOC26533448,,lncRNA,26533448
LOC4801000,,protein_coding,4801000
LOC4802856,,protein_coding,4802856
LOC6898809,,protein_coding,6898809
LOC4803149,,protein_coding,4803149
LOC4804089,,protein_coding,4804089
LOC4802053,,protein_coding,4802053
LOC6902508,,pseudogene,6902508
LOC4812878,,protein_coding,4812878
LOC4813307,,protein_coding,4813307
LOC26533804,,protein_coding,26533804
LOC4801032,,protein_coding,4801032
LOC6897971,,protein_coding,6897971
LOC4815225,,protein_coding,4815225
LOC6902176,,protein_coding,6902176
LOC4800746,,protein_coding,4800746
LOC4801606,,protein_coding,4801606
LOC4817619,,protein_coding,4817619
LOC6897149,,protein_coding,6897149
LOC4802961,,protein_coding,4802961
LOC6901323,,lncRNA,6901323
LOC26533910,,protein_coding,26533910
LOC4814701,,protein_coding,4814701
LOC6901060,,protein_coding,6901060
LOC4816884,,protein_coding,4816884
LOC13036467,,protein_coding,13036467
LOC4811699,,protein_coding,4811699
LOC6901665,,protein_coding,6901665
LOC4815011,,protein_coding,4815011
LOC4816067,,protein_coding,4816067
LOC6896755,,protein_coding,6896755
LOC117183911,,lncRNA,117183911
LOC4812978,,protein_coding,4812978
LOC26534458,,protein_coding,26534458
LOC117183519,,lncRNA,117183519
LOC6898846,,protein_coding,6898846
LOC4805168,,protein_coding,4805168
LOC4805102,,protein_coding,4805102
LOC26532468,,lncRNA,26532468
LOC4801447,,protein_coding,4801447
LOC4802580,,protein_coding,4802580
LOC6901124,,protein_coding,6901124
LOC117184936,,pseudogene,117184936
LOC4800859,,protein_coding,4800859
LOC6900393,,protein_coding,6900393
LOC4817870,,protein_coding,4817870
LOC4817775,,protein_coding,4817775
LOC4804868,,protein_coding,4804868
LOC4814067,,protein_coding,4814067
LOC26532873,,protein_coding,26532873
LOC117184982,,lncRNA,117184982
LOC26532135,,lncRNA,26532135
LOC4800318,,protein_coding,4800318
LOC4803465,,protein_coding,4803465
LOC4804919,,protein_coding,4804919
LOC6899981,,protein_coding,6899981
LOC4802296,,protein_coding,4802296
LOC4815449,,protein_coding,4815449
LOC117185436,,pseudogene,117185436
LOC117184811,,protein_coding,117184811
LOC4815770,,protein_coding,4815770
LOC4817349,,protein_coding,4817349
LOC4803792,,protein_coding,4803792
LOC4803534,,protein_coding,4803534
LOC4815150,,protein_coding,4815150
LOC6898130,,protein_coding,6898130
LOC6900862,,protein_coding,6900862
LOC6896930,,protein_coding,6896930
LOC4814001,,protein_coding,4814001
LOC4817649,,protein_coding,4817649
LOC6899862,,protein_coding,6899862
LOC6899943,,protein_coding,6899943
LOC4817900,,protein_coding,4817900
LOC26532128,,protein_coding,26532128
LOC4813016,,protein_coding,4813016
LOC4802290,,protein_coding,4802290
LOC117185632,,pseudogene,117185632
LOC4801598,,protein_coding,4801598
LOC4813526,,protein_coding,4813526
LOC4805497,,protein_coding,4805497
LOC6900394,,protein_coding,6900394
LOC4811861,,protein_coding,4811861
LOC6900060,,protein_coding,6900060
LOC4803683,,protein_coding,4803683
LOC4800316,,protein_coding,4800316
LOC117184392,,protein_coding,117184392
LOC6898287,,protein_coding,6898287
LOC26532068,,protein_coding,26532068
LOC6901364,,snoRNA,6901364
LOC4800828,,protein_coding,4800828
LOC4817514,,protein_coding,4817514
LOC4802759,,protein_coding,4802759
LOC117184776,,lncRNA,117184776
LOC6901389,,protein_coding,6901389
LOC4813429,,protein_coding,4813429
LOC4804447,,protein_coding,4804447
LOC4814814,,protein_coding,4814814
LOC4817805,,protein_coding,4817805
LOC6902635,,snRNA,6902635
LOC4816200,,protein_coding,4816200
LOC6901978,,protein_coding,6901978
LOC117184968,,lncRNA,117184968
LOC4804136,,protein_coding,4804136
LOC4815888,,protein_coding,4815888
LOC117183963,,protein_coding,117183963
LOC4814942,,protein_coding,4814942
LOC6898477,,protein_coding,6898477
LOC4804715,,protein_coding,4804715
LOC4816531,,protein_coding,4816531
LOC4817074,,protein_coding,4817074
LOC4802454,,protein_coding,4802454
LOC6899487,,protein_coding,6899487
LOC4811740,,protein_coding,4811740
LOC4803196,,protein_coding,4803196
LOC4803102,,protein_coding,4803102
LOC4804079,,protein_coding,4804079
LOC117184868,,lncRNA,117184868
LOC4804532,,protein_coding,4804532
LOC6896892,,protein_coding,6896892
LOC6898249,,protein_coding,6898249
LOC6901856,,protein_coding,6901856
LOC6903321,,protein_coding,6903321
LOC6898665,,protein_coding,6898665
LOC26532814,,lncRNA,26532814
LOC4804818,,protein_coding,4804818
LOC117183199,,lncRNA,117183199
LOC6899928,,lncRNA,6899928
LOC117184242,,lncRNA,117184242
LOC4817835,,protein_coding,4817835
LOC4801067,,protein_coding,4801067
LOC4815534,,protein_coding,4815534
LOC117184736,,protein_coding,117184736
LOC26533985,,protein_coding,26533985
LOC4811979,,protein_coding,4811979
LOC4803835,,protein_coding,4803835
LOC4814581,,protein_coding,4814581
LOC4802163,,protein_coding,4802163
LOC26532184,,protein_coding,26532184
LOC4816314,,protein_coding,4816314
LOC4817478,,protein_coding,4817478
LOC26534435,,protein_coding,26534435
LOC117183749,,protein_coding,117183749
LOC4812234,,protein_coding,4812234
LOC13036425,,protein_coding,13036425
LOC117183868,Trnaa-ugc-2,tRNA,117183868
LOC4805482,,protein_coding,4805482
LOC4803811,,protein_coding,4803811
LOC4803810,,protein_coding,4803810
LOC6902785,,protein_coding,6902785
LOC6901343,,protein_coding,6901343
LOC6900740,,protein_coding,6900740
LOC4812749,,protein_coding,4812749
LOC117185358,Trnac-gca-11,tRNA,117185358
LOC4813976,,protein_coding,4813976
LOC4811655,,protein_coding,4811655
LOC4800908,,protein_coding,4800908
LOC4800497,,protein_coding,4800497
LOC4813965,,protein_coding,4813965
LOC4812584,,protein_coding,4812584
LOC6904014,,protein_coding,6904014
LOC6903225,,protein_coding,6903225
LOC6897521,,protein_coding,6897521
LOC26532480,,protein_coding,26532480
LOC4816997,,protein_coding,4816997
LOC117183791,,lncRNA,117183791
LOC6897896,,protein_coding,6897896
LOC4803998,,protein_coding,4803998
LOC4801230,,protein_coding,4801230
LOC4804161,,protein_coding,4804161
LOC4804669,,protein_coding,4804669
LOC6901527,,protein_coding,6901527
LOC15382889,,protein_coding,15382889
LOC6901557,,protein_coding,6901557
LOC6900266,,protein_coding,6900266
LOC6899221,,protein_coding,6899221
LOC4813955,,protein_coding,4813955
LOC6899580,,protein_coding,6899580
LOC117185327,Trnae-cuc-7,tRNA,117185327
LOC6902093,,protein_coding,6902093
LOC4815399,,protein_coding,4815399
LOC4816336,,protein_coding,4816336
LOC4816269,,protein_coding,4816269
LOC117184497,,lncRNA,117184497
LOC4812943,,protein_coding,4812943
LOC4812882,,protein_coding,4812882
LOC26532741,,lncRNA,26532741
LOC4813424,,protein_coding,4813424
LOC4814404,,protein_coding,4814404
LOC4801100,,protein_coding,4801100
LOC6903400,,protein_coding,6903400
LOC117184269,,lncRNA,117184269
LOC4817126,,protein_coding,4817126
LOC117184771,,lncRNA,117184771
LOC4812700,,protein_coding,4812700
LOC4803403,,protein_coding,4803403
LOC6901237,,protein_coding,6901237
LOC4802117,,protein_coding,4802117
LOC6903561,,protein_coding,6903561
LOC4816299,,protein_coding,4816299
LOC117183626,,lncRNA,117183626
LOC26533759,,lncRNA,26533759
LOC4813009,,protein_coding,4813009
LOC6900722,,protein_coding,6900722
LOC6897592,,protein_coding,6897592
LOC4816850,,protein_coding,4816850
LOC4804362,,protein_coding,4804362
LOC6900270,,protein_coding,6900270
LOC4817189,,protein_coding,4817189
LOC4816623,,protein_coding,4816623
LOC4814214,,protein_coding,4814214
LOC26532226,,lncRNA,26532226
LOC6901943,,protein_coding,6901943
LOC6898867,,protein_coding,6898867
LOC117185053,,protein_coding,117185053
LOC117184248,,lncRNA,117184248
LOC26532909,,lncRNA,26532909
LOC4802506,,protein_coding,4802506
LOC4814909,,protein_coding,4814909
LOC4812161,,protein_coding,4812161
LOC26533160,,protein_coding,26533160
LOC6897258,,snRNA,6897258
LOC6903189,,protein_coding,6903189
LOC4804350,,protein_coding,4804350
LOC4815155,,protein_coding,4815155
LOC117184087,,protein_coding,117184087
LOC6897479,,protein_coding,6897479
LOC6897575,,protein_coding,6897575
LOC4804753,,protein_coding,4804753
LOC6901015,,protein_coding,6901015
LOC4817014,,protein_coding,4817014
LOC4815740,,protein_coding,4815740
LOC4800482,,protein_coding,4800482
LOC6897128,,protein_coding,6897128
LOC117183987,,protein_coding,117183987
LOC117183682,,lncRNA,117183682
LOC117183356,,protein_coding,117183356
LOC6901277,,protein_coding,6901277
LOC4801168,,protein_coding,4801168
LOC117183374,,protein_coding,117183374
LOC4813375,,protein_coding,4813375
LOC4800379,,protein_coding,4800379
LOC4803130,,protein_coding,4803130
LOC6898405,,protein_coding,6898405
LOC4812440,,protein_coding,4812440
LOC117185423,,rRNA,117185423
LOC26532752,,protein_coding,26532752
LOC4811913,,protein_coding,4811913
LOC4811871,,protein_coding,4811871
LOC4804193,,protein_coding,4804193
LOC117183164,,protein_coding,117183164
LOC4816804,,protein_coding,4816804
LOC4805255,,protein_coding,4805255
LOC117184922,,lncRNA,117184922
LOC6903175,,protein_coding,6903175
LOC6902240,,protein_coding,6902240
LOC6899870,,protein_coding,6899870
LOC44805048,HCS66_mgt19,tRNA,44805048
LOC4816406,,protein_coding,4816406
LOC6901200,,protein_coding,6901200
LOC6903122,,pseudogene,6903122
LOC6897941,,protein_coding,6897941
LOC26533467,,protein_coding,26533467
LOC6897433,,protein_coding,6897433
LOC4803291,,protein_coding,4803291
LOC117183847,Trnar-acg-7,tRNA,117183847
LOC6896950,,protein_coding,6896950
LOC117184653,,protein_coding,117184653
LOC117184607,,lncRNA,117184607
LOC6900510,,protein_coding,6900510
LOC6901672,,protein_coding,6901672
LOC26532740,,protein_coding,26532740
LOC4815245,,protein_coding,4815245
LOC26533367,,protein_coding,26533367
LOC6898191,,protein_coding,6898191
LOC6901963,,protein_coding,6901963
LOC4800710,,protein_coding,4800710
LOC6898958,,protein_coding,6898958
LOC4814545,,protein_coding,4814545
LOC4811852,,protein_coding,4811852
LOC4817695,,protein_coding,4817695
LOC6903197,,protein_coding,6903197
LOC4805302,,protein_coding,4805302
LOC6900430,,protein_coding,6900430
LOC6898481,,protein_coding,6898481
LOC4811791,,protein_coding,4811791
LOC6900383,,protein_coding,6900383
LOC6902711,,protein_coding,6902711
LOC4815336,,protein_coding,4815336
LOC4803954,,protein_coding,4803954
LOC4817612,,protein_coding,4817612
LOC117185348,Trnae-cuc-10,tRNA,117185348
LOC4813610,,protein_coding,4813610
LOC6898991,,protein_coding,6898991
LOC4816411,,protein_coding,4816411
LOC4817448,,protein_coding,4817448
LOC6900715,,protein_coding,6900715
LOC4813450,,protein_coding,4813450
LOC4804748,,protein_coding,4804748
LOC4814365,,protein_coding,4814365
LOC117184730,,lncRNA,117184730
LOC4804442,,protein_coding,4804442
LOC4802892,,protein_coding,4802892
LOC26533250,,lncRNA,26533250
LOC117184591,,lncRNA,117184591
LOC4816946,,protein_coding,4816946
LOC4813271,,protein_coding,4813271
LOC6902792,,protein_coding,6902792
LOC117184156,,lncRNA,117184156
LOC4814631,,protein_coding,4814631
LOC6901613,,protein_coding,6901613
LOC4816783,,protein_coding,4816783
LOC6902653,,protein_coding,6902653
LOC4817655,,protein_coding,4817655
LOC4818122,,protein_coding,4818122
LOC117183975,,protein_coding,117183975
LOC4812765,,protein_coding,4812765
LOC4803932,,protein_coding,4803932
LOC4803185,,protein_coding,4803185
LOC4813770,,protein_coding,4813770
LOC4801269,,protein_coding,4801269
LOC117185175,,protein_coding,117185175
LOC4813654,,protein_coding,4813654
LOC6900026,,protein_coding,6900026
LOC6899080,,protein_coding,6899080
LOC4801744,,protein_coding,4801744
LOC4816910,,protein_coding,4816910
LOC4804185,,protein_coding,4804185
LOC6902424,,protein_coding,6902424
LOC6898614,,protein_coding,6898614
LOC6896838,,protein_coding,6896838
LOC4805688,,protein_coding,4805688
LOC6898974,,protein_coding,6898974
LOC26533342,,lncRNA,26533342
LOC26533960,,protein_coding,26533960
LOC6904084,,protein_coding,6904084
LOC6897119,,protein_coding,6897119
LOC6901095,,protein_coding,6901095
LOC4802849,,protein_coding,4802849
LOC4812104,,protein_coding,4812104
LOC117185501,,rRNA,117185501
LOC4816515,,protein_coding,4816515
LOC4804109,,protein_coding,4804109
LOC117184915,,protein_coding,117184915
LOC6901761,,protein_coding,6901761
LOC117183606,,lncRNA,117183606
LOC4802453,,protein_coding,4802453
LOC6896893,,protein_coding,6896893
LOC26533171,,lncRNA,26533171
LOC117183729,,protein_coding,117183729
LOC4814700,,protein_coding,4814700
LOC4803799,,protein_coding,4803799
LOC26532071,,lncRNA,26532071
LOC4801250,,protein_coding,4801250
LOC117183736,,protein_coding,117183736
LOC6898929,,protein_coding,6898929
LOC4803342,,protein_coding,4803342
LOC6899115,,protein_coding,6899115
LOC26532274,,protein_coding,26532274
LOC6902637,,protein_coding,6902637
LOC26532702,,protein_coding,26532702
LOC4816899,,protein_coding,4816899
LOC4801760,,protein_coding,4801760
LOC26533999,,lncRNA,26533999
LOC4815065,,protein_coding,4815065
LOC4802003,,protein_coding,4802003
LOC6898579,,protein_coding,6898579
LOC4816929,,protein_coding,4816929
LOC6903404,,protein_coding,6903404
LOC117184578,,lncRNA,117184578
LOC117184682,,protein_coding,117184682
LOC26532281,,protein_coding,26532281
LOC6901313,,protein_coding,6901313
LOC6902408,,protein_coding,6902408
LOC6900212,,protein_coding,6900212
LOC6897419,,protein_coding,6897419
LOC6898551,,snoRNA,6898551
LOC6900483,,protein_coding,6900483
LOC6900701,,protein_coding,6900701
LOC4817964,,protein_coding,4817964
LOC4812155,,protein_coding,4812155
LOC6901574,,protein_coding,6901574
LOC4815388,,protein_coding,4815388
LOC117184796,,lncRNA,117184796
LOC117185258,,rRNA,117185258
LOC117185279,,rRNA,117185279
LOC26532852,,protein_coding,26532852
LOC26534160,,lncRNA,26534160
LOC4805094,,protein_coding,4805094
LOC117184992,,lncRNA,117184992
LOC6900666,,protein_coding,6900666
LOC4814360,,protein_coding,4814360
LOC117184553,,protein_coding,117184553
LOC6902294,,protein_coding,6902294
LOC4815681,,protein_coding,4815681
LOC4814981,,protein_coding,4814981
LOC117184964,,protein_coding,117184964
LOC6897287,,protein_coding,6897287
LOC6896827,,protein_coding,6896827
LOC4815829,,protein_coding,4815829
LOC117184483,,protein_coding,117184483
LOC4802909,,protein_coding,4802909
LOC117184958,,protein_coding,117184958
LOC4817462,,protein_coding,4817462
LOC4814659,,protein_coding,4814659
LOC4805729,,protein_coding,4805729
LOC6897274,,protein_coding,6897274
LOC4815913,,protein_coding,4815913
LOC4800933,,protein_coding,4800933
LOC4816109,,protein_coding,4816109
LOC4800390,,protein_coding,4800390
LOC4802402,,protein_coding,4802402
LOC6902137,,protein_coding,6902137
LOC4803508,,protein_coding,4803508
LOC4801662,,protein_coding,4801662
LOC4813758,,protein_coding,4813758
LOC4815633,,protein_coding,4815633
LOC6902224,,protein_coding,6902224
LOC6902537,,protein_coding,6902537
LOC4811758,,protein_coding,4811758
LOC4804418,,protein_coding,4804418
LOC4802143,,protein_coding,4802143
LOC4816457,,protein_coding,4816457
LOC6902638,,protein_coding,6902638
LOC6902660,,protein_coding,6902660
LOC117185668,,lncRNA,117185668
LOC117185677,,lncRNA,117185677
LOC4801310,,protein_coding,4801310
LOC4815076,,protein_coding,4815076
LOC4816261,,protein_coding,4816261
LOC4812215,,protein_coding,4812215
LOC4813746,,protein_coding,4813746
LOC6902030,,protein_coding,6902030
LOC6897234,,protein_coding,6897234
LOC6898153,,protein_coding,6898153
LOC26533669,,protein_coding,26533669
LOC26533940,,protein_coding,26533940
LOC4800906,,protein_coding,4800906
LOC4803204,,protein_coding,4803204
LOC117183785,,lncRNA,117183785
LOC4813497,,protein_coding,4813497
LOC6898210,,protein_coding,6898210
LOC26533853,,protein_coding,26533853
LOC6902307,,protein_coding,6902307
LOC4812939,,protein_coding,4812939
LOC6897182,,protein_coding,6897182
LOC4801634,,protein_coding,4801634
LOC4803220,,protein_coding,4803220
LOC4814523,,protein_coding,4814523
LOC117184220,,protein_coding,117184220
LOC4817285,,protein_coding,4817285
LOC4805232,,protein_coding,4805232
LOC13036345,,protein_coding,13036345
LOC4803843,,protein_coding,4803843
LOC4801527,,protein_coding,4801527
LOC4815765,,protein_coding,4815765
LOC4813776,,protein_coding,4813776
LOC117184966,,lncRNA,117184966
LOC4816409,,protein_coding,4816409
LOC4813444,,protein_coding,4813444
LOC117183279,,lncRNA,117183279
LOC4815727,,protein_coding,4815727
LOC6900544,,protein_coding,6900544
LOC117183828,Trnay-gua-2,tRNA,117183828
LOC4803203,,protein_coding,4803203
LOC6901191,,protein_coding,6901191
LOC4818004,,protein_coding,4818004
LOC6902671,,protein_coding,6902671
LOC26534324,,protein_coding,26534324
LOC4803015,,protein_coding,4803015
LOC4815504,,protein_coding,4815504
LOC26533981,,lncRNA,26533981
LOC4800750,,protein_coding,4800750
LOC117184705,,lncRNA,117184705
LOC117185435,,lncRNA,117185435
LOC4802534,,protein_coding,4802534
LOC4811773,,protein_coding,4811773
LOC4803696,,protein_coding,4803696
LOC4816732,,protein_coding,4816732
LOC4815092,,protein_coding,4815092
LOC6902741,,protein_coding,6902741
LOC117183922,,lncRNA,117183922
LOC6898563,,protein_coding,6898563
LOC4817176,,protein_coding,4817176
LOC4800862,,protein_coding,4800862
LOC4812243,,protein_coding,4812243
LOC6900911,,protein_coding,6900911
LOC117185109,,lncRNA,117185109
LOC4804014,,protein_coding,4804014
LOC4802245,,protein_coding,4802245
LOC6898660,,protein_coding,6898660
LOC6901369,,protein_coding,6901369
LOC6900380,,protein_coding,6900380
LOC26532772,,lncRNA,26532772
LOC117184624,,protein_coding,117184624
LOC117184437,,pseudogene,117184437
LOC117185558,,protein_coding,117185558
LOC26533137,,lncRNA,26533137
LOC6898316,,snoRNA,6898316
LOC117185526,,rRNA,117185526
LOC4813974,,protein_coding,4813974
LOC4801931,,protein_coding,4801931
LOC6900472,,protein_coding,6900472
LOC6897977,,protein_coding,6897977
LOC4803483,,protein_coding,4803483
LOC4803946,,protein_coding,4803946
LOC6900652,,snoRNA,6900652
LOC4803455,,protein_coding,4803455
LOC117185090,,lncRNA,117185090
LOC4816335,,protein_coding,4816335
LOC5495509,,protein_coding,5495509
LOC4813757,,protein_coding,4813757
LOC4818103,,protein_coding,4818103
LOC6898554,,protein_coding,6898554
LOC4815960,,protein_coding,4815960
LOC26534307,,protein_coding,26534307
LOC6899879,,protein_coding,6899879
LOC4801582,,protein_coding,4801582
LOC4802991,,protein_coding,4802991
LOC4804489,,protein_coding,4804489
LOC4815530,,protein_coding,4815530
LOC117183525,,lncRNA,117183525
LOC4803694,,protein_coding,4803694
LOC117183253,,lncRNA,117183253
LOC6898446,,protein_coding,6898446
LOC4805143,,protein_coding,4805143
LOC6899626,,rRNA,6899626
LOC6899601,,pseudogene,6899601
LOC4805180,,protein_coding,4805180
LOC4812927,,protein_coding,4812927
LOC4812476,,protein_coding,4812476
LOC4811941,,protein_coding,4811941
LOC4800288,,protein_coding,4800288
LOC4802484,,protein_coding,4802484
LOC6902110,,protein_coding,6902110
LOC4801114,,protein_coding,4801114
LOC4800385,,protein_coding,4800385
LOC4803400,,protein_coding,4803400
LOC4813082,,protein_coding,4813082
LOC4814052,,protein_coding,4814052
LOC4813786,,protein_coding,4813786
LOC4814472,,protein_coding,4814472
LOC4815219,,protein_coding,4815219
LOC4813949,,protein_coding,4813949
LOC117185310,,rRNA,117185310
LOC6898713,,protein_coding,6898713
LOC26532524,,protein_coding,26532524
LOC4817690,,protein_coding,4817690
LOC4805658,,protein_coding,4805658
LOC4805148,,protein_coding,4805148
LOC4805236,,protein_coding,4805236
LOC117183829,Trnaa-ugc-3,tRNA,117183829
LOC4802130,,protein_coding,4802130
LOC4805712,,protein_coding,4805712
LOC117184568,,protein_coding,117184568
LOC6902417,,protein_coding,6902417
LOC4815980,,protein_coding,4815980
LOC4815455,,protein_coding,4815455
LOC4803244,,protein_coding,4803244
LOC6900302,,protein_coding,6900302
LOC6899908,,protein_coding,6899908
LOC26532658,,lncRNA,26532658
LOC117183187,,protein_coding,117183187
LOC4801125,,protein_coding,4801125
LOC6903724,,protein_coding,6903724
LOC6901625,,protein_coding,6901625
LOC4815694,,protein_coding,4815694
LOC6897346,,protein_coding,6897346
LOC6897749,,protein_coding,6897749
LOC6903938,,protein_coding,6903938
LOC4817151,,protein_coding,4817151
LOC6896786,,protein_coding,6896786
LOC4802033,,protein_coding,4802033
LOC6900423,,protein_coding,6900423
LOC4816090,,protein_coding,4816090
LOC4804157,,protein_coding,4804157
LOC117183380,,protein_coding,117183380
LOC4803722,,protein_coding,4803722
LOC4816247,,protein_coding,4816247
LOC117184988,,lncRNA,117184988
LOC117184080,,lncRNA,117184080
LOC6901440,,protein_coding,6901440
LOC4802701,,protein_coding,4802701
LOC4805744,,protein_coding,4805744
LOC4814131,,protein_coding,4814131
LOC4815342,,protein_coding,4815342
LOC4818118,,protein_coding,4818118
LOC26532983,,protein_coding,26532983
LOC117185235,,rRNA,117185235
LOC4805239,,protein_coding,4805239
LOC4800882,,protein_coding,4800882
LOC4812055,,protein_coding,4812055
LOC4800272,,protein_coding,4800272
LOC4812997,,protein_coding,4812997
LOC6900695,,protein_coding,6900695
LOC4814203,,protein_coding,4814203
LOC6902017,,protein_coding,6902017
LOC117183345,,lncRNA,117183345
LOC117183988,,protein_coding,117183988
LOC117183221,,protein_coding,117183221
LOC4814418,,protein_coding,4814418
LOC4801542,,protein_coding,4801542
LOC4800819,,protein_coding,4800819
LOC4804438,,protein_coding,4804438
LOC117183205,,protein_coding,117183205
LOC117184029,,lncRNA,117184029
LOC6903216,,protein_coding,6903216
LOC4816581,,protein_coding,4816581
LOC117185116,,pseudogene,117185116
LOC4812087,,protein_coding,4812087
LOC6896921,,protein_coding,6896921
LOC26533081,,lncRNA,26533081
LOC15382897,,protein_coding,15382897
LOC117183723,,lncRNA,117183723
LOC6901674,,protein_coding,6901674
LOC4815956,,protein_coding,4815956
LOC117184005,,protein_coding,117184005
LOC4814228,,protein_coding,4814228
LOC4813912,,protein_coding,4813912
LOC4804812,,protein_coding,4804812
LOC6901088,,protein_coding,6901088
LOC117183572,,lncRNA,117183572
LOC4814600,,protein_coding,4814600
LOC4803661,,protein_coding,4803661
LOC4803223,,protein_coding,4803223
LOC6903577,,protein_coding,6903577
LOC6897674,,protein_coding,6897674
LOC4812559,,protein_coding,4812559
LOC4801145,,protein_coding,4801145
LOC4805657,,protein_coding,4805657
LOC4804257,,protein_coding,4804257
LOC4805508,,protein_coding,4805508
LOC26533284,,protein_coding,26533284
LOC26532066,,protein_coding,26532066
LOC4814092,,protein_coding,4814092
LOC4804652,,protein_coding,4804652
LOC117183725,,protein_coding,117183725
LOC6899880,,protein_coding,6899880
LOC117183515,,lncRNA,117183515
LOC4814141,,protein_coding,4814141
LOC4817451,,protein_coding,4817451
LOC5495510,,protein_coding,5495510
LOC4803630,,protein_coding,4803630
LOC6902395,,protein_coding,6902395
LOC4813043,,protein_coding,4813043
LOC6900735,,protein_coding,6900735
LOC6902012,,protein_coding,6902012
LOC4804498,,protein_coding,4804498
LOC6899987,,protein_coding,6899987
LOC4813361,,protein_coding,4813361
LOC4817696,,protein_coding,4817696
LOC4802458,,protein_coding,4802458
LOC4813596,,protein_coding,4813596
LOC26534235,,lncRNA,26534235
LOC26532792,,lncRNA,26532792
LOC4813488,,protein_coding,4813488
LOC6899958,,protein_coding,6899958
LOC117183196,,protein_coding,117183196
LOC4812608,,protein_coding,4812608
LOC4800389,,protein_coding,4800389
LOC4812265,,protein_coding,4812265
LOC117184902,,protein_coding,117184902
LOC4816616,,protein_coding,4816616
LOC6898534,,protein_coding,6898534
LOC4803659,,protein_coding,4803659
LOC117183983,,lncRNA,117183983
LOC4814963,,protein_coding,4814963
LOC117184324,Trnae-cuc-5,tRNA,117184324
LOC4804095,,protein_coding,4804095
LOC6903263,,protein_coding,6903263
LOC6901326,,protein_coding,6901326
LOC26533227,,protein_coding,26533227
LOC4817521,,protein_coding,4817521
LOC6899100,,protein_coding,6899100
LOC6902237,,protein_coding,6902237
LOC6902519,,protein_coding,6902519
LOC117184611,,lncRNA,117184611
LOC26531983,,lncRNA,26531983
LOC6896802,,protein_coding,6896802
LOC117183369,,lncRNA,117183369
LOC4800362,,protein_coding,4800362
LOC6896781,,protein_coding,6896781
LOC4813839,,protein_coding,4813839
LOC4802593,,protein_coding,4802593
LOC4813277,,protein_coding,4813277
LOC4803581,,protein_coding,4803581
LOC4815957,,protein_coding,4815957
LOC6898681,,protein_coding,6898681
LOC4812960,,protein_coding,4812960
LOC4816442,,protein_coding,4816442
LOC4800563,,protein_coding,4800563
LOC4812149,,protein_coding,4812149
LOC26532596,,lncRNA,26532596
LOC4811748,,protein_coding,4811748
LOC117184101,,lncRNA,117184101
LOC4801094,,protein_coding,4801094
LOC26532957,,protein_coding,26532957
LOC4805009,,protein_coding,4805009
LOC4800872,,protein_coding,4800872
LOC117185329,Trnay-gua-7,tRNA,117185329
LOC4804453,,protein_coding,4804453
LOC117185070,,lncRNA,117185070
LOC4800766,,protein_coding,4800766
LOC4812358,,protein_coding,4812358
LOC6898482,,protein_coding,6898482
LOC6902644,,protein_coding,6902644
LOC117185146,,lncRNA,117185146
LOC26533875,,lncRNA,26533875
LOC26532855,,protein_coding,26532855
LOC4818041,,protein_coding,4818041
LOC6903541,,protein_coding,6903541
LOC6900956,,protein_coding,6900956
LOC6902442,,protein_coding,6902442
LOC117185180,,lncRNA,117185180
LOC4804935,,protein_coding,4804935
LOC117184719,,protein_coding,117184719
LOC4802409,,protein_coding,4802409
LOC4805443,,protein_coding,4805443
LOC4804788,,protein_coding,4804788
LOC6900159,,protein_coding,6900159
LOC26531988,,lncRNA,26531988
LOC4811809,,protein_coding,4811809
LOC6902569,,protein_coding,6902569
LOC4813373,,protein_coding,4813373
LOC4813540,,protein_coding,4813540
LOC6896774,,protein_coding,6896774
LOC4801314,,protein_coding,4801314
LOC26533072,,protein_coding,26533072
LOC4817884,,protein_coding,4817884
LOC117185151,,lncRNA,117185151
LOC4812057,,protein_coding,4812057
LOC6900028,,protein_coding,6900028
LOC117184853,,lncRNA,117184853
LOC26533957,,protein_coding,26533957
LOC4815061,,protein_coding,4815061
LOC4817751,,protein_coding,4817751
LOC117185404,Trnae-cuc-15,tRNA,117185404
LOC4816495,,protein_coding,4816495
LOC26533797,,lncRNA,26533797
LOC4815869,,protein_coding,4815869
LOC4802642,,protein_coding,4802642
LOC4801641,,protein_coding,4801641
LOC117183781,,lncRNA,117183781
LOC117184925,,protein_coding,117184925
LOC4803891,,protein_coding,4803891
LOC6901337,,protein_coding,6901337
LOC4800505,,protein_coding,4800505
LOC4800277,,protein_coding,4800277
LOC4801008,,protein_coding,4801008
LOC6903741,,protein_coding,6903741
LOC4815904,,protein_coding,4815904
LOC4805090,,protein_coding,4805090
LOC4805208,,protein_coding,4805208
LOC4818121,,protein_coding,4818121
LOC117183770,,lncRNA,117183770
LOC4801256,,protein_coding,4801256
LOC6901991,,protein_coding,6901991
LOC6897107,,protein_coding,6897107
LOC4816760,,protein_coding,4816760
LOC6898478,,protein_coding,6898478
LOC6898811,,protein_coding,6898811
LOC4812982,,protein_coding,4812982
LOC6899788,,protein_coding,6899788
LOC6901754,,protein_coding,6901754
LOC4805604,,protein_coding,4805604
LOC26532862,,lncRNA,26532862
LOC117185095,,pseudogene,117185095
LOC117183605,,protein_coding,117183605
LOC117183423,Trnar-ucg-2,tRNA,117183423
LOC4801707,,protein_coding,4801707
LOC4814090,,protein_coding,4814090
LOC4816354,,protein_coding,4816354
LOC6900077,,snoRNA,6900077
LOC117185672,,protein_coding,117185672
LOC4801308,,protein_coding,4801308
LOC26532796,,lncRNA,26532796
LOC6902786,,protein_coding,6902786
LOC6902149,,protein_coding,6902149
LOC26533499,,protein_coding,26533499
LOC4801748,,protein_coding,4801748
LOC4800356,,protein_coding,4800356
LOC26532308,,protein_coding,26532308
LOC117185450,,rRNA,117185450
LOC4812625,,protein_coding,4812625
LOC4815594,,protein_coding,4815594
LOC4805547,,protein_coding,4805547
LOC26533064,,protein_coding,26533064
LOC6901270,,protein_coding,6901270
LOC4815959,,protein_coding,4815959
LOC26532779,,protein_coding,26532779
LOC4804931,,protein_coding,4804931
LOC6898088,,protein_coding,6898088
LOC26532802,,pseudogene,26532802
LOC117185618,,protein_coding,117185618
LOC4802615,,protein_coding,4802615
LOC6897657,,protein_coding,6897657
LOC4816528,,protein_coding,4816528
LOC4812615,,protein_coding,4812615
LOC4803411,,protein_coding,4803411
LOC4817260,,protein_coding,4817260
LOC4814864,,protein_coding,4814864
LOC4812070,,protein_coding,4812070
LOC117185583,,rRNA,117185583
LOC6897659,,protein_coding,6897659
LOC6900603,,protein_coding,6900603
LOC4814501,,protein_coding,4814501
LOC4817909,,protein_coding,4817909
LOC117183204,,protein_coding,117183204
LOC4805647,,protein_coding,4805647
LOC6898573,,protein_coding,6898573
LOC4800276,,protein_coding,4800276
LOC6902255,,protein_coding,6902255
LOC4805701,,protein_coding,4805701
LOC4812229,,protein_coding,4812229
LOC117185015,,lncRNA,117185015
LOC6901628,,protein_coding,6901628
LOC4817743,,protein_coding,4817743
LOC4812994,,protein_coding,4812994
LOC6897267,,protein_coding,6897267
LOC4812194,,protein_coding,4812194
LOC4802777,,protein_coding,4802777
LOC4815947,,protein_coding,4815947
LOC4800322,,protein_coding,4800322
LOC6903933,,protein_coding,6903933
LOC6900421,,protein_coding,6900421
LOC26533343,,lncRNA,26533343
LOC4814757,,protein_coding,4814757
LOC6897298,,protein_coding,6897298
LOC117184129,,protein_coding,117184129
LOC6900499,,protein_coding,6900499
LOC26532136,,lncRNA,26532136
LOC26533219,,protein_coding,26533219
LOC4804599,,protein_coding,4804599
LOC117185641,,protein_coding,117185641
LOC4812339,,protein_coding,4812339
LOC117183321,,lncRNA,117183321
LOC117185560,,lncRNA,117185560
LOC6900878,,protein_coding,6900878
LOC4804997,,protein_coding,4804997
LOC4802853,,protein_coding,4802853
LOC4803687,,protein_coding,4803687
LOC4812256,,protein_coding,4812256
LOC117183651,,protein_coding,117183651
LOC4816789,,protein_coding,4816789
LOC6903337,,protein_coding,6903337
LOC4814065,,protein_coding,4814065
LOC117185031,,lncRNA,117185031
LOC4802716,,protein_coding,4802716
LOC4804456,,protein_coding,4804456
LOC4814180,,protein_coding,4814180
LOC26532321,,protein_coding,26532321
LOC6898648,,protein_coding,6898648
LOC6902325,,protein_coding,6902325
LOC4801263,,protein_coding,4801263
LOC4801477,,protein_coding,4801477
LOC4813607,,protein_coding,4813607
LOC6898491,,protein_coding,6898491
LOC117183477,Trnal-caa,tRNA,117183477
LOC4811829,,protein_coding,4811829
LOC4805354,,protein_coding,4805354
LOC4812443,,protein_coding,4812443
LOC6899995,,protein_coding,6899995
LOC4801474,,protein_coding,4801474
LOC6897546,,protein_coding,6897546
LOC4812295,,protein_coding,4812295
LOC6897981,,protein_coding,6897981
LOC4813095,,protein_coding,4813095
LOC6898773,,protein_coding,6898773
LOC117184362,,lncRNA,117184362
LOC6903127,,protein_coding,6903127
LOC6902233,,protein_coding,6902233
LOC4803237,,protein_coding,4803237
LOC4812670,,protein_coding,4812670
LOC4817386,,protein_coding,4817386
LOC4815826,,protein_coding,4815826
LOC117183813,Trnam-cau-5,tRNA,117183813
LOC6898183,,protein_coding,6898183
LOC4813732,,protein_coding,4813732
LOC4813628,,protein_coding,4813628
LOC117184356,,lncRNA,117184356
LOC117183593,,lncRNA,117183593
LOC4815347,,protein_coding,4815347
LOC117184188,,lncRNA,117184188
LOC6899308,,protein_coding,6899308
LOC4803242,,protein_coding,4803242
LOC4812193,,protein_coding,4812193
LOC26532611,,protein_coding,26532611
LOC4802497,,protein_coding,4802497
LOC4803331,,protein_coding,4803331
LOC26532004,,lncRNA,26532004
LOC117183391,,protein_coding,117183391
LOC4802931,,protein_coding,4802931
LOC6897541,,protein_coding,6897541
LOC4814710,,protein_coding,4814710
LOC4815135,,protein_coding,4815135
LOC4804077,,protein_coding,4804077
LOC4801070,,protein_coding,4801070
LOC4813977,,protein_coding,4813977
LOC117184791,,lncRNA,117184791
LOC6901810,,protein_coding,6901810
LOC6903010,,protein_coding,6903010
LOC4814718,,protein_coding,4814718
LOC4817651,,protein_coding,4817651
LOC6898218,,protein_coding,6898218
LOC117184373,,lncRNA,117184373
LOC4801173,,protein_coding,4801173
LOC4813379,,protein_coding,4813379
LOC117184343,,lncRNA,117184343
LOC117183772,,protein_coding,117183772
LOC6903315,,protein_coding,6903315
LOC4817709,,protein_coding,4817709
LOC117183231,,protein_coding,117183231
LOC4812618,,protein_coding,4812618
LOC117185400,Trnay-gua-8,tRNA,117185400
LOC4802198,,protein_coding,4802198
LOC4804993,,protein_coding,4804993
LOC6897506,,protein_coding,6897506
LOC4801388,,protein_coding,4801388
LOC4800916,,protein_coding,4800916
LOC117183619,,lncRNA,117183619
LOC4814861,,protein_coding,4814861
LOC6897834,,protein_coding,6897834
LOC26533594,,protein_coding,26533594
LOC4812066,,protein_coding,4812066
LOC4803184,,protein_coding,4803184
LOC6901587,,protein_coding,6901587
LOC6900009,,protein_coding,6900009
LOC6902661,,protein_coding,6902661
LOC4800508,,protein_coding,4800508
LOC4804665,,protein_coding,4804665
LOC6897183,,protein_coding,6897183
LOC26533474,,lncRNA,26533474
LOC117185552,,lncRNA,117185552
LOC26533425,,protein_coding,26533425
LOC6901982,,protein_coding,6901982
LOC4802989,,protein_coding,4802989
LOC4805475,,protein_coding,4805475
LOC4805393,,protein_coding,4805393
LOC4805387,,protein_coding,4805387
LOC26533976,,lncRNA,26533976
LOC4803889,,protein_coding,4803889
LOC6897719,,protein_coding,6897719
LOC6900466,,protein_coding,6900466
LOC117184906,,protein_coding,117184906
LOC6901670,,protein_coding,6901670
LOC6899012,,protein_coding,6899012
LOC6900678,,protein_coding,6900678
LOC4800935,,protein_coding,4800935
LOC26534385,,protein_coding,26534385
LOC6902992,,protein_coding,6902992
LOC4816711,,protein_coding,4816711
LOC4801677,,protein_coding,4801677
LOC4814717,,protein_coding,4814717
LOC4801910,,protein_coding,4801910
LOC26532603,,protein_coding,26532603
LOC4803021,,protein_coding,4803021
LOC4815422,,protein_coding,4815422
LOC117183792,,lncRNA,117183792
LOC4815805,,protein_coding,4815805
LOC4815600,,protein_coding,4815600
LOC4814004,,protein_coding,4814004
LOC6901008,,protein_coding,6901008
LOC4814665,,protein_coding,4814665
LOC4814756,,protein_coding,4814756
LOC26533755,,lncRNA,26533755
LOC26533703,,protein_coding,26533703
LOC4815781,,protein_coding,4815781
LOC4816088,,protein_coding,4816088
LOC117183289,,protein_coding,117183289
LOC4814166,,protein_coding,4814166
LOC4804346,,protein_coding,4804346
LOC117184195,,lncRNA,117184195
LOC6900049,,protein_coding,6900049
LOC26534400,,protein_coding,26534400
LOC4812441,,protein_coding,4812441
LOC4817235,,protein_coding,4817235
LOC4802535,,protein_coding,4802535
LOC117184173,,protein_coding,117184173
LOC6903557,,protein_coding,6903557
LOC13036337,,protein_coding,13036337
LOC6900746,,protein_coding,6900746
LOC6903011,,protein_coding,6903011
LOC4804886,,protein_coding,4804886
LOC4813925,,protein_coding,4813925
LOC117183955,,protein_coding,117183955
LOC26532404,,protein_coding,26532404
LOC6902025,,protein_coding,6902025
LOC6902511,,protein_coding,6902511
LOC6903134,,protein_coding,6903134
LOC6897925,,protein_coding,6897925
LOC4816821,,protein_coding,4816821
LOC6898002,,protein_coding,6898002
LOC117183778,,lncRNA,117183778
LOC4805299,,protein_coding,4805299
LOC4805638,,protein_coding,4805638
LOC4803093,,protein_coding,4803093
LOC4805451,,protein_coding,4805451
LOC4813131,,protein_coding,4813131
LOC4802896,,protein_coding,4802896
LOC4804144,,protein_coding,4804144
LOC4817843,,protein_coding,4817843
LOC117185586,,rRNA,117185586
LOC4817043,,protein_coding,4817043
LOC26534277,,lncRNA,26534277
LOC4802331,,protein_coding,4802331
LOC6898654,,protein_coding,6898654
LOC4801609,,protein_coding,4801609
LOC4801176,,protein_coding,4801176
LOC15382871,,protein_coding,15382871
LOC4803986,,protein_coding,4803986
LOC4811969,,protein_coding,4811969
LOC4802180,,protein_coding,4802180
LOC4814200,,protein_coding,4814200
LOC4814244,,protein_coding,4814244
LOC6902947,,protein_coding,6902947
LOC6898516,,protein_coding,6898516
LOC117183210,,protein_coding,117183210
LOC26532476,,lncRNA,26532476
LOC4803502,,protein_coding,4803502
LOC4802708,,protein_coding,4802708
LOC6902990,,protein_coding,6902990
LOC4804880,,protein_coding,4804880
LOC4805724,,protein_coding,4805724
LOC26533359,,protein_coding,26533359
LOC117183268,,lncRNA,117183268
LOC4804735,,protein_coding,4804735
LOC117183905,,protein_coding,117183905
LOC4803471,,protein_coding,4803471
LOC4804286,,protein_coding,4804286
LOC4802360,,protein_coding,4802360
LOC4818054,,protein_coding,4818054
LOC4805706,,protein_coding,4805706
LOC117184354,,lncRNA,117184354
LOC6899093,,protein_coding,6899093
LOC117183540,,pseudogene,117183540
LOC4811752,,protein_coding,4811752
LOC117184907,,lncRNA,117184907
LOC4815378,,protein_coding,4815378
LOC6903336,,protein_coding,6903336
LOC6902767,,protein_coding,6902767
LOC4802387,,protein_coding,4802387
LOC117183672,,protein_coding,117183672
LOC4804864,,protein_coding,4804864
LOC6900091,,protein_coding,6900091
LOC6899084,,protein_coding,6899084
LOC4801257,,protein_coding,4801257
LOC117184104,,protein_coding,117184104
LOC6902226,,protein_coding,6902226
LOC4805054,,protein_coding,4805054
LOC4804871,,protein_coding,4804871
LOC4814430,,protein_coding,4814430
LOC6903588,,protein_coding,6903588
LOC4800396,,protein_coding,4800396
LOC6897754,,protein_coding,6897754
LOC4816831,,protein_coding,4816831
LOC6903703,,rRNA,6903703
LOC4815789,,protein_coding,4815789
LOC4800741,,protein_coding,4800741
LOC4802556,,protein_coding,4802556
LOC6901128,,protein_coding,6901128
LOC117184900,,protein_coding,117184900
LOC4812264,,protein_coding,4812264
LOC6901789,,protein_coding,6901789
LOC6898325,,protein_coding,6898325
LOC26531978,,protein_coding,26531978
LOC4804424,,protein_coding,4804424
LOC4803296,,protein_coding,4803296
LOC4813372,,protein_coding,4813372
LOC117183211,,protein_coding,117183211
LOC6900932,,protein_coding,6900932
LOC117183878,Trnak-cuu-9,tRNA,117183878
LOC6897394,,protein_coding,6897394
LOC4804071,,protein_coding,4804071
LOC4814027,,protein_coding,4814027
LOC4817075,,protein_coding,4817075
LOC4817742,,protein_coding,4817742
LOC4813310,,protein_coding,4813310
LOC4805539,,protein_coding,4805539
LOC4815318,,protein_coding,4815318
LOC4800342,,protein_coding,4800342
LOC6898402,,protein_coding,6898402
LOC26532242,,protein_coding,26532242
LOC4814470,,protein_coding,4814470
LOC4813841,,protein_coding,4813841
LOC117183301,,lncRNA,117183301
LOC4813565,,protein_coding,4813565
LOC4800263,,protein_coding,4800263
LOC4802841,,protein_coding,4802841
LOC4800662,,protein_coding,4800662
LOC4814743,,protein_coding,4814743
LOC4812236,,protein_coding,4812236
LOC4804608,,protein_coding,4804608
LOC6897966,,protein_coding,6897966
LOC117184165,,lncRNA,117184165
LOC4811993,,protein_coding,4811993
LOC26532659,,protein_coding,26532659
LOC4801406,,protein_coding,4801406
LOC6903163,,protein_coding,6903163
LOC6903501,,protein_coding,6903501
LOC6897057,,protein_coding,6897057
LOC117185491,,rRNA,117185491
LOC117183452,Trnak-uuu-5,tRNA,117183452
LOC6902099,,protein_coding,6902099
LOC4801455,,protein_coding,4801455
LOC4814840,,protein_coding,4814840
LOC4814662,,protein_coding,4814662
LOC4804289,,protein_coding,4804289
LOC4805711,,protein_coding,4805711
LOC117183166,,protein_coding,117183166
LOC117183347,,lncRNA,117183347
LOC6898874,,protein_coding,6898874
LOC4805506,,protein_coding,4805506
LOC4817592,,protein_coding,4817592
LOC4800735,,protein_coding,4800735
LOC4803111,,protein_coding,4803111
LOC26532588,,lncRNA,26532588
LOC4812656,,protein_coding,4812656
LOC6903485,,protein_coding,6903485
LOC4817590,,protein_coding,4817590
LOC4805523,,protein_coding,4805523
LOC117184799,,lncRNA,117184799
LOC4801074,,protein_coding,4801074
LOC117184621,,lncRNA,117184621
LOC4804883,,protein_coding,4804883
LOC4816738,,protein_coding,4816738
LOC4803132,,protein_coding,4803132
LOC6898282,,protein_coding,6898282
LOC6900886,,protein_coding,6900886
LOC26532464,,lncRNA,26532464
LOC117185508,,rRNA,117185508
LOC4802089,,protein_coding,4802089
LOC4813667,,protein_coding,4813667
LOC4813204,,protein_coding,4813204
LOC4802559,,protein_coding,4802559
LOC4804335,,protein_coding,4804335
LOC4817247,,protein_coding,4817247
LOC6900578,,protein_coding,6900578
LOC4817353,,protein_coding,4817353
LOC6903737,,protein_coding,6903737
LOC117183286,,protein_coding,117183286
LOC4803700,,protein_coding,4803700
LOC4814726,,protein_coding,4814726
LOC4802301,,protein_coding,4802301
LOC4802021,,protein_coding,4802021
LOC4815673,,protein_coding,4815673
LOC4805562,,protein_coding,4805562
LOC117183704,,lncRNA,117183704
LOC4817299,,protein_coding,4817299
LOC6898818,,protein_coding,6898818
LOC6897709,,protein_coding,6897709
LOC4816853,,protein_coding,4816853
LOC4816156,,protein_coding,4816156
LOC4814876,,protein_coding,4814876
LOC4817069,,protein_coding,4817069
LOC4818055,,protein_coding,4818055
LOC4805470,,protein_coding,4805470
LOC4812722,,protein_coding,4812722
LOC26532399,,protein_coding,26532399
LOC117184098,,lncRNA,117184098
LOC117185636,,protein_coding,117185636
LOC4812032,,protein_coding,4812032
LOC4816863,,protein_coding,4816863
LOC44805052,HCS66_mgt22,tRNA,44805052
LOC4805437,,protein_coding,4805437
LOC4812373,,protein_coding,4812373
LOC117184877,,protein_coding,117184877
LOC6903437,,protein_coding,6903437
LOC26533210,,protein_coding,26533210
LOC6903287,,protein_coding,6903287
LOC4801727,,protein_coding,4801727
LOC4800577,,protein_coding,4800577
LOC6897248,,protein_coding,6897248
LOC6903173,,protein_coding,6903173
LOC26534127,,lncRNA,26534127
LOC117185638,,protein_coding,117185638
LOC6901520,,protein_coding,6901520
LOC6902451,,protein_coding,6902451
LOC4804606,,protein_coding,4804606
LOC6902821,,protein_coding,6902821
LOC4818192,,protein_coding,4818192
LOC4811858,,protein_coding,4811858
LOC6900820,,protein_coding,6900820
LOC117183311,,protein_coding,117183311
LOC6901805,,protein_coding,6901805
LOC117184210,,lncRNA,117184210
LOC117185010,,lncRNA,117185010
LOC4802741,,protein_coding,4802741
LOC6900699,,protein_coding,6900699
LOC4801906,,protein_coding,4801906
LOC4817421,,protein_coding,4817421
LOC4812909,,protein_coding,4812909
LOC117185563,,protein_coding,117185563
LOC4800415,,protein_coding,4800415
LOC4813855,,protein_coding,4813855
LOC117185170,,lncRNA,117185170
LOC4817908,,protein_coding,4817908
LOC4804408,,protein_coding,4804408
LOC117183460,Trnaa-agc-7,tRNA,117183460
LOC4802209,,protein_coding,4802209
LOC4802639,,protein_coding,4802639
LOC4817881,,protein_coding,4817881
LOC4803419,,protein_coding,4803419
LOC4815804,,protein_coding,4815804
LOC6900370,,protein_coding,6900370
LOC6903893,,protein_coding,6903893
LOC6897086,,protein_coding,6897086
LOC6898426,,protein_coding,6898426
LOC4815402,,protein_coding,4815402
LOC4817072,,protein_coding,4817072
LOC6900874,,protein_coding,6900874
LOC4816577,,protein_coding,4816577
LOC6901232,,protein_coding,6901232
LOC4802132,,protein_coding,4802132
LOC117183238,,protein_coding,117183238
LOC6903204,,protein_coding,6903204
LOC4817526,,protein_coding,4817526
LOC117184630,,protein_coding,117184630
LOC117184903,,protein_coding,117184903
LOC6900948,,protein_coding,6900948
LOC6897404,,protein_coding,6897404
LOC6902260,,protein_coding,6902260
LOC4813871,,protein_coding,4813871
LOC4815269,,protein_coding,4815269
LOC4815521,,protein_coding,4815521
LOC4813982,,protein_coding,4813982
LOC6896902,,protein_coding,6896902
LOC6901875,,protein_coding,6901875
LOC117183299,,protein_coding,117183299
LOC4802070,,protein_coding,4802070
LOC117183330,,lncRNA,117183330
LOC4812011,,protein_coding,4812011
LOC4815542,,protein_coding,4815542
LOC117184961,,lncRNA,117184961
LOC4800798,,protein_coding,4800798
LOC6900428,,protein_coding,6900428
LOC6902956,,protein_coding,6902956
LOC26534262,,lncRNA,26534262
LOC26534320,,protein_coding,26534320
LOC117184237,,pseudogene,117184237
LOC117185266,,rRNA,117185266
LOC117183854,Trnaa-cgc-2,tRNA,117183854
LOC26532052,,lncRNA,26532052
LOC26533549,,protein_coding,26533549
LOC6897642,,protein_coding,6897642
LOC6900813,,protein_coding,6900813
LOC117184383,,lncRNA,117184383
LOC6896976,,protein_coding,6896976
LOC6903890,,protein_coding,6903890
LOC4802879,,protein_coding,4802879
LOC6901939,,protein_coding,6901939
LOC4800711,,protein_coding,4800711
LOC4811782,,protein_coding,4811782
LOC4800751,,protein_coding,4800751
LOC117184746,,protein_coding,117184746
LOC117184582,,protein_coding,117184582
LOC6902413,,protein_coding,6902413
LOC4816659,,protein_coding,4816659
LOC4801446,,protein_coding,4801446
LOC6903367,,protein_coding,6903367
LOC4804155,,protein_coding,4804155
LOC6901611,,protein_coding,6901611
LOC4800341,,protein_coding,4800341
LOC6899548,,protein_coding,6899548
LOC4818007,,protein_coding,4818007
LOC6896808,,protein_coding,6896808
LOC26534190,,protein_coding,26534190
LOC4804789,,protein_coding,4804789
LOC4803108,,protein_coding,4803108
LOC117183930,,protein_coding,117183930
LOC4811886,,protein_coding,4811886
LOC6899920,,protein_coding,6899920
LOC6900961,,protein_coding,6900961
LOC4812235,,protein_coding,4812235
LOC4815894,,protein_coding,4815894
LOC4815560,,protein_coding,4815560
LOC4813633,,protein_coding,4813633
LOC4816230,,protein_coding,4816230
LOC6897849,,protein_coding,6897849
LOC4800799,,protein_coding,4800799
LOC4818013,,protein_coding,4818013
LOC4814017,,protein_coding,4814017
LOC117184467,,protein_coding,117184467
LOC13036486,,protein_coding,13036486
LOC117185546,,pseudogene,117185546
LOC4804415,,protein_coding,4804415
LOC6901839,,protein_coding,6901839
LOC4800866,,protein_coding,4800866
LOC4803012,,protein_coding,4803012
LOC6900608,,protein_coding,6900608
LOC6902086,,protein_coding,6902086
LOC4800535,,protein_coding,4800535
LOC4816056,,protein_coding,4816056
LOC26532367,,protein_coding,26532367
LOC4802742,,protein_coding,4802742
LOC4812498,,protein_coding,4812498
LOC4801664,,protein_coding,4801664
LOC117183645,,lncRNA,117183645
LOC26533969,,protein_coding,26533969
LOC6902718,,protein_coding,6902718
LOC4805073,,protein_coding,4805073
LOC6899016,,protein_coding,6899016
LOC4800536,,protein_coding,4800536
LOC117184702,,lncRNA,117184702
LOC117184937,,protein_coding,117184937
LOC4801669,,protein_coding,4801669
LOC4812734,,protein_coding,4812734
LOC4800586,,protein_coding,4800586
LOC6898069,,protein_coding,6898069
LOC4803340,,protein_coding,4803340
LOC4813935,,protein_coding,4813935
LOC4804943,,protein_coding,4804943
LOC4803170,,protein_coding,4803170
LOC6900977,,protein_coding,6900977
LOC4813201,,protein_coding,4813201
LOC26532989,,protein_coding,26532989
LOC4814711,,protein_coding,4814711
LOC6902288,,protein_coding,6902288
LOC6896710,,protein_coding,6896710
LOC4815523,,protein_coding,4815523
LOC4800760,,protein_coding,4800760
LOC4804890,,protein_coding,4804890
LOC4802369,,protein_coding,4802369
LOC4817001,,protein_coding,4817001
LOC6900082,,protein_coding,6900082
LOC4813984,,protein_coding,4813984
LOC117184561,,protein_coding,117184561
LOC26532290,,protein_coding,26532290
LOC6896910,,protein_coding,6896910
LOC26533715,,lncRNA,26533715
LOC117184025,,protein_coding,117184025
LOC4816475,,protein_coding,4816475
LOC4817935,,protein_coding,4817935
LOC4801922,,protein_coding,4801922
LOC6898136,,protein_coding,6898136
LOC117185128,,lncRNA,117185128
LOC26532083,,lncRNA,26532083
LOC26534228,,lncRNA,26534228
LOC4800868,,protein_coding,4800868
LOC4802722,,protein_coding,4802722
LOC4802155,,protein_coding,4802155
LOC4801321,,protein_coding,4801321
LOC117183367,,lncRNA,117183367
LOC4813709,,protein_coding,4813709
LOC4812097,,protein_coding,4812097
LOC4817858,,protein_coding,4817858
LOC4803054,,protein_coding,4803054
LOC4815361,,protein_coding,4815361
LOC6903477,,protein_coding,6903477
LOC4800235,,protein_coding,4800235
LOC4805723,,protein_coding,4805723
LOC4805171,,protein_coding,4805171
LOC4805735,,protein_coding,4805735
LOC4803685,,protein_coding,4803685
LOC4801507,,protein_coding,4801507
LOC6902930,,protein_coding,6902930
LOC6898631,,protein_coding,6898631
LOC117183506,,protein_coding,117183506
LOC4815498,,protein_coding,4815498
LOC6902852,,protein_coding,6902852
LOC4805745,,protein_coding,4805745
LOC4814006,,protein_coding,4814006
LOC4803499,,protein_coding,4803499
LOC117184801,,lncRNA,117184801
LOC4800305,,protein_coding,4800305
LOC117183546,,lncRNA,117183546
LOC4815792,,protein_coding,4815792
LOC6902202,,protein_coding,6902202
LOC117185567,,lncRNA,117185567
LOC4813923,,protein_coding,4813923
LOC6901160,,protein_coding,6901160
LOC4805549,,protein_coding,4805549
LOC13036532,,protein_coding,13036532
LOC4812330,,protein_coding,4812330
LOC4814666,,protein_coding,4814666
LOC117184631,,protein_coding,117184631
LOC4817842,,protein_coding,4817842
LOC4801386,,protein_coding,4801386
LOC4800874,,protein_coding,4800874
LOC6900660,,protein_coding,6900660
LOC26532315,,protein_coding,26532315
LOC4814651,,protein_coding,4814651
LOC4815636,,protein_coding,4815636
LOC4803033,,protein_coding,4803033
LOC4814678,,protein_coding,4814678
LOC6898822,,protein_coding,6898822
LOC6901086,,protein_coding,6901086
LOC4813620,,protein_coding,4813620
LOC4803327,,protein_coding,4803327
LOC117183716,,protein_coding,117183716
LOC26533556,,lncRNA,26533556
LOC117183421,Trnat-ugu-3,tRNA,117183421
LOC6899595,,protein_coding,6899595
LOC6897483,,protein_coding,6897483
LOC4815488,,protein_coding,4815488
LOC6900553,,protein_coding,6900553
LOC4802396,,protein_coding,4802396
LOC6897873,,protein_coding,6897873
LOC4812311,,protein_coding,4812311
LOC6898489,,protein_coding,6898489
LOC117183300,,lncRNA,117183300
LOC4813905,,protein_coding,4813905
LOC6899050,,protein_coding,6899050
LOC6899110,,protein_coding,6899110
LOC6898907,,protein_coding,6898907
LOC6902573,,protein_coding,6902573
LOC6898514,,protein_coding,6898514
LOC6897334,,protein_coding,6897334
LOC4801949,,protein_coding,4801949
LOC4817973,,protein_coding,4817973
LOC6897927,,protein_coding,6897927
LOC4816148,,protein_coding,4816148
LOC117185513,,pseudogene,117185513
LOC4803049,,protein_coding,4803049
LOC4816931,,protein_coding,4816931
LOC26532803,,lncRNA,26532803
LOC6901726,,protein_coding,6901726
LOC6897406,,protein_coding,6897406
LOC4801605,,protein_coding,4801605
LOC6896999,,protein_coding,6896999
LOC4811843,,protein_coding,4811843
LOC26532575,,protein_coding,26532575
LOC4816736,,protein_coding,4816736
LOC6897669,,protein_coding,6897669
LOC4802587,,protein_coding,4802587
LOC4816985,,protein_coding,4816985
LOC6897457,,protein_coding,6897457
LOC6901803,,protein_coding,6901803
LOC4816569,,protein_coding,4816569
LOC117185341,Trnag-ucc-5,tRNA,117185341
LOC4814169,,protein_coding,4814169
LOC4817103,,protein_coding,4817103
LOC4802111,,protein_coding,4802111
LOC6897672,,protein_coding,6897672
LOC6898620,,protein_coding,6898620
LOC6903866,,pseudogene,6903866
LOC6898401,,protein_coding,6898401
LOC4815603,,protein_coding,4815603
LOC4802012,,protein_coding,4802012
LOC4800478,,protein_coding,4800478
LOC117184724,,lncRNA,117184724
LOC6901765,,protein_coding,6901765
LOC26533789,,protein_coding,26533789
LOC4815526,,protein_coding,4815526
LOC117185219,,rRNA,117185219
LOC4817693,,protein_coding,4817693
LOC4812160,,protein_coding,4812160
LOC4813764,,protein_coding,4813764
LOC4800494,,protein_coding,4800494
LOC6898871,,protein_coding,6898871
LOC4802450,,protein_coding,4802450
LOC117184203,,lncRNA,117184203
LOC26532562,,lncRNA,26532562
LOC6900614,,protein_coding,6900614
LOC4801164,,protein_coding,4801164
LOC6898745,,protein_coding,6898745
LOC117183759,,lncRNA,117183759
LOC4805698,,protein_coding,4805698
LOC4803520,,protein_coding,4803520
LOC26534392,,lncRNA,26534392
LOC5495504,,protein_coding,5495504
LOC4803880,,protein_coding,4803880
LOC6896871,,protein_coding,6896871
LOC4802330,,protein_coding,4802330
LOC6902253,,protein_coding,6902253
LOC117185646,,lncRNA,117185646
LOC4813260,,protein_coding,4813260
LOC4804641,,protein_coding,4804641
LOC117183598,,lncRNA,117183598
LOC4813761,,protein_coding,4813761
LOC4801562,,protein_coding,4801562
LOC117183417,Trnat-agu,tRNA,117183417
LOC6900629,,protein_coding,6900629
LOC4805463,,protein_coding,4805463
LOC4817857,,protein_coding,4817857
LOC117183804,Trnae-uuc,tRNA,117183804
LOC4804171,,protein_coding,4804171
LOC6898256,,protein_coding,6898256
LOC4817967,,protein_coding,4817967
LOC4813144,,protein_coding,4813144
LOC4817403,,protein_coding,4817403
LOC4812017,,protein_coding,4812017
LOC4811860,,protein_coding,4811860
LOC6900078,,snoRNA,6900078
LOC4814751,,protein_coding,4814751
LOC4815249,,protein_coding,4815249
LOC4817930,,protein_coding,4817930
LOC6898612,,protein_coding,6898612
LOC26534411,,protein_coding,26534411
LOC6902257,,protein_coding,6902257
LOC4800607,,protein_coding,4800607
LOC26534073,,pseudogene,26534073
LOC4812111,,protein_coding,4812111
LOC4802168,,protein_coding,4802168
LOC117184851,,lncRNA,117184851
LOC6896656,,protein_coding,6896656
LOC6901175,,protein_coding,6901175
LOC4812823,,protein_coding,4812823
LOC26533346,,lncRNA,26533346
LOC26532011,,lncRNA,26532011
LOC6901457,,protein_coding,6901457
LOC6902589,,protein_coding,6902589
LOC117183858,Trnah-gug-3,tRNA,117183858
LOC4803783,,protein_coding,4803783
LOC26531942,,protein_coding,26531942
LOC4814772,,protein_coding,4814772
LOC4813864,,protein_coding,4813864
LOC6903934,,protein_coding,6903934
LOC6897543,,protein_coding,6897543
LOC4817340,,protein_coding,4817340
LOC6900864,,protein_coding,6900864
LOC117184213,,lncRNA,117184213
LOC4812642,,protein_coding,4812642
LOC117184231,,lncRNA,117184231
LOC4813998,,protein_coding,4813998
LOC4803636,,protein_coding,4803636
LOC26532787,,lncRNA,26532787
LOC4805177,,protein_coding,4805177
LOC6897051,,protein_coding,6897051
LOC4813627,,protein_coding,4813627
LOC4815173,,protein_coding,4815173
LOC4816136,,protein_coding,4816136
LOC4813894,,protein_coding,4813894
LOC13036350,,protein_coding,13036350
LOC13036391,,protein_coding,13036391
LOC6900258,,protein_coding,6900258
LOC4817461,,protein_coding,4817461
LOC6898013,,snRNA,6898013
LOC4814195,,protein_coding,4814195
LOC4803461,,protein_coding,4803461
LOC4803504,,protein_coding,4803504
LOC4815314,,protein_coding,4815314
LOC4813836,,protein_coding,4813836
LOC4816600,,protein_coding,4816600
LOC6896894,,protein_coding,6896894
LOC4803725,,protein_coding,4803725
LOC4813147,,protein_coding,4813147
LOC117183337,,protein_coding,117183337
LOC117184246,,lncRNA,117184246
LOC6903211,,protein_coding,6903211
LOC26532684,,protein_coding,26532684
LOC6903177,,protein_coding,6903177
LOC4813715,,protein_coding,4813715
LOC117183371,,protein_coding,117183371
LOC6902369,,protein_coding,6902369
LOC4811678,,protein_coding,4811678
LOC4812869,,protein_coding,4812869
LOC4814605,,protein_coding,4814605
LOC117183386,,protein_coding,117183386
LOC4818010,,protein_coding,4818010
LOC4801445,,protein_coding,4801445
LOC4802462,,protein_coding,4802462
LOC4817817,,protein_coding,4817817
LOC4813768,,protein_coding,4813768
LOC4804804,,protein_coding,4804804
LOC117183884,Trnar-acg-5,tRNA,117183884
LOC4817443,,protein_coding,4817443
LOC4802895,,protein_coding,4802895
LOC117184352,,protein_coding,117184352
LOC4805028,,protein_coding,4805028
LOC4801536,,protein_coding,4801536
LOC6897368,,protein_coding,6897368
LOC4801313,,protein_coding,4801313
LOC117183494,,protein_coding,117183494
LOC4803053,,protein_coding,4803053
LOC4818105,,protein_coding,4818105
LOC117183782,,lncRNA,117183782
LOC26533115,,lncRNA,26533115
LOC4803600,,protein_coding,4803600
LOC6903294,,protein_coding,6903294
LOC4814519,,protein_coding,4814519
LOC6900833,,protein_coding,6900833
LOC26533330,,lncRNA,26533330
LOC4815169,,protein_coding,4815169
LOC4804391,,protein_coding,4804391
LOC4815653,,protein_coding,4815653
LOC4805585,,protein_coding,4805585
LOC4814643,,protein_coding,4814643
LOC6903901,,protein_coding,6903901
LOC6902251,,protein_coding,6902251
LOC6897959,,protein_coding,6897959
LOC4814115,,protein_coding,4814115
LOC4813174,,protein_coding,4813174
LOC117184015,,lncRNA,117184015
LOC6902458,,protein_coding,6902458
LOC4805589,,protein_coding,4805589
LOC117184408,,lncRNA,117184408
LOC4815285,,protein_coding,4815285
LOC117184769,,lncRNA,117184769
LOC6898657,,protein_coding,6898657
LOC6898084,,protein_coding,6898084
LOC4801745,,protein_coding,4801745
LOC4815001,,protein_coding,4815001
LOC117184669,,lncRNA,117184669
LOC4815328,,protein_coding,4815328
LOC4803965,,protein_coding,4803965
LOC4812781,,protein_coding,4812781
LOC4815588,,protein_coding,4815588
LOC6901198,,protein_coding,6901198
LOC4802294,,protein_coding,4802294
LOC4804278,,protein_coding,4804278
LOC6899370,,protein_coding,6899370
LOC4804273,,protein_coding,4804273
LOC117183630,,lncRNA,117183630
LOC6899873,,protein_coding,6899873
LOC4802755,,protein_coding,4802755
LOC4805003,,protein_coding,4805003
LOC4816155,,protein_coding,4816155
LOC4805269,,protein_coding,4805269
LOC4802956,,protein_coding,4802956
LOC4802123,,protein_coding,4802123
LOC6899180,,protein_coding,6899180
LOC6897534,,protein_coding,6897534
LOC4813958,,protein_coding,4813958
LOC117185272,,rRNA,117185272
LOC117185405,Trnat-cgu-4,tRNA,117185405
LOC6903288,,protein_coding,6903288
LOC6897963,,protein_coding,6897963
LOC117185498,,rRNA,117185498
LOC4812827,,protein_coding,4812827
LOC6902161,,protein_coding,6902161
LOC4813493,,protein_coding,4813493
LOC4815264,,protein_coding,4815264
LOC4803557,,protein_coding,4803557
LOC117185067,,lncRNA,117185067
LOC26531992,,lncRNA,26531992
LOC117185000,,protein_coding,117185000
LOC4804322,,protein_coding,4804322
LOC6901012,,protein_coding,6901012
LOC117183827,Trnaa-ugc,tRNA,117183827
LOC6898870,,protein_coding,6898870
LOC4814202,,protein_coding,4814202
LOC4815510,,protein_coding,4815510
LOC4812374,,protein_coding,4812374
LOC4803594,,protein_coding,4803594
LOC4812267,,protein_coding,4812267
LOC4811926,,protein_coding,4811926
LOC6903067,,protein_coding,6903067
LOC4817885,,protein_coding,4817885
LOC4815005,,protein_coding,4815005
LOC4804248,,protein_coding,4804248
LOC4804575,,protein_coding,4804575
LOC4811904,,protein_coding,4811904
LOC6898335,,protein_coding,6898335
LOC4804340,,protein_coding,4804340
LOC6899331,,protein_coding,6899331
LOC6898950,,protein_coding,6898950
LOC6902834,,protein_coding,6902834
LOC4803660,,protein_coding,4803660
LOC6898946,,protein_coding,6898946
LOC4816328,,protein_coding,4816328
LOC4818183,,protein_coding,4818183
LOC4801990,,protein_coding,4801990
LOC6900418,,protein_coding,6900418
LOC4816270,,protein_coding,4816270
LOC4817389,,protein_coding,4817389
LOC6903053,,protein_coding,6903053
LOC26533765,,lncRNA,26533765
LOC4816452,,protein_coding,4816452
LOC4815801,,protein_coding,4815801
LOC117184093,,protein_coding,117184093
LOC117183622,,protein_coding,117183622
LOC117185579,,rRNA,117185579
LOC117185092,,protein_coding,117185092
LOC4817757,,protein_coding,4817757
LOC117185036,,lncRNA,117185036
LOC4814288,,protein_coding,4814288
LOC117184847,,protein_coding,117184847
LOC6897620,,protein_coding,6897620
LOC4803804,,protein_coding,4803804
LOC117185398,Trnae-cuc-11,tRNA,117185398
LOC4817793,,protein_coding,4817793
LOC4817328,,protein_coding,4817328
LOC4813706,,protein_coding,4813706
LOC4803179,,protein_coding,4803179
LOC117184604,,lncRNA,117184604
LOC4811704,,protein_coding,4811704
LOC4817716,,protein_coding,4817716
LOC117184036,,lncRNA,117184036
LOC117184441,,lncRNA,117184441
LOC4813086,,protein_coding,4813086
LOC6901572,,protein_coding,6901572
LOC4818113,,protein_coding,4818113
LOC6900782,,protein_coding,6900782
LOC4811694,,protein_coding,4811694
LOC6903544,,protein_coding,6903544
LOC4812548,,protein_coding,4812548
LOC117183336,,protein_coding,117183336
LOC117185456,,rRNA,117185456
LOC4801711,,protein_coding,4801711
LOC4816037,,protein_coding,4816037
LOC4800623,,protein_coding,4800623
LOC4801431,,protein_coding,4801431
LOC26533661,,protein_coding,26533661
LOC4812837,,protein_coding,4812837
LOC117183403,,protein_coding,117183403
LOC4804084,,protein_coding,4804084
LOC4812368,,protein_coding,4812368
LOC6900963,,protein_coding,6900963
LOC26531954,,lncRNA,26531954
LOC117183807,Trnam-cau-4,tRNA,117183807
LOC4813901,,protein_coding,4813901
LOC6899922,,protein_coding,6899922
LOC117184089,,lncRNA,117184089
LOC4813004,,protein_coding,4813004
LOC6900935,,protein_coding,6900935
LOC4804680,,protein_coding,4804680
LOC4802202,,protein_coding,4802202
LOC4804657,,protein_coding,4804657
LOC26533459,,lncRNA,26533459
LOC26533733,,lncRNA,26533733
LOC117184587,,protein_coding,117184587
LOC6901629,,protein_coding,6901629
LOC4802557,,protein_coding,4802557
LOC4816975,,protein_coding,4816975
LOC6902915,,protein_coding,6902915
LOC4812933,,protein_coding,4812933
LOC4803642,,protein_coding,4803642
LOC4817107,,protein_coding,4817107
LOC4816183,,protein_coding,4816183
LOC6898232,,protein_coding,6898232
LOC6898301,,protein_coding,6898301
LOC6897811,,protein_coding,6897811
LOC4813782,,protein_coding,4813782
LOC26532998,,lncRNA,26532998
LOC4802920,,protein_coding,4802920
LOC4814160,,protein_coding,4814160
LOC4804302,,protein_coding,4804302
LOC4805429,,protein_coding,4805429
LOC4802424,,protein_coding,4802424
LOC4801884,,protein_coding,4801884
LOC6898155,,protein_coding,6898155
LOC4802392,,protein_coding,4802392
LOC117184560,,protein_coding,117184560
LOC6900950,,protein_coding,6900950
LOC4816657,,protein_coding,4816657
LOC4812277,,protein_coding,4812277
LOC4814462,,protein_coding,4814462
LOC6903345,,protein_coding,6903345
LOC6901885,,protein_coding,6901885
LOC4804649,,protein_coding,4804649
LOC4816916,,protein_coding,4816916
LOC6902917,,protein_coding,6902917
LOC6897420,,protein_coding,6897420
LOC117185396,Trnal-cag-9,tRNA,117185396
LOC117185362,Trnar-ucg-4,tRNA,117185362
LOC44805027,HCS66_mgt05,tRNA,44805027
LOC4804716,,protein_coding,4804716
LOC6898640,,protein_coding,6898640
LOC26533864,,lncRNA,26533864
LOC26532328,,protein_coding,26532328
LOC6898926,,protein_coding,6898926
LOC117184891,,lncRNA,117184891
LOC4800386,,protein_coding,4800386
LOC6900769,,protein_coding,6900769
LOC4816969,,protein_coding,4816969
LOC4804698,,protein_coding,4804698
LOC4803258,,protein_coding,4803258
LOC4804341,,protein_coding,4804341
LOC117185651,,lncRNA,117185651
LOC26533607,,lncRNA,26533607
LOC4815283,,protein_coding,4815283
LOC4817391,,protein_coding,4817391
LOC6896908,,protein_coding,6896908
LOC6903560,,protein_coding,6903560
LOC4800283,,protein_coding,4800283
LOC6902142,,protein_coding,6902142
LOC6903335,,protein_coding,6903335
LOC117184493,,lncRNA,117184493
LOC6903028,,protein_coding,6903028
LOC4801456,,protein_coding,4801456
LOC4816827,,protein_coding,4816827
LOC4817698,,protein_coding,4817698
LOC117185409,,protein_coding,117185409
LOC4814929,,protein_coding,4814929
LOC4813903,,protein_coding,4813903
LOC13036559,,lncRNA,13036559
LOC4817726,,protein_coding,4817726
LOC4816217,,protein_coding,4816217
LOC117183995,,protein_coding,117183995
LOC4817056,,protein_coding,4817056
LOC4802121,,protein_coding,4802121
LOC4814585,,protein_coding,4814585
LOC117184285,,guide_RNA,117184285
LOC26532169,,protein_coding,26532169
LOC4801921,,protein_coding,4801921
LOC4815585,,protein_coding,4815585
LOC4803338,,protein_coding,4803338
LOC117183197,,lncRNA,117183197
LOC4817040,,protein_coding,4817040
LOC6897046,,protein_coding,6897046
LOC117183571,,lncRNA,117183571
LOC4801348,,protein_coding,4801348
LOC117184470,,lncRNA,117184470
LOC4814844,,protein_coding,4814844
LOC117183711,,lncRNA,117183711
LOC6899869,,protein_coding,6899869
LOC4812085,,protein_coding,4812085
LOC4816382,,protein_coding,4816382
LOC6901746,,protein_coding,6901746
LOC4803418,,protein_coding,4803418
LOC4815251,,protein_coding,4815251
LOC4817090,,protein_coding,4817090
LOC4812503,,protein_coding,4812503
LOC4817244,,protein_coding,4817244
LOC4811828,,protein_coding,4811828
LOC4802441,,protein_coding,4802441
LOC4815932,,protein_coding,4815932
LOC4802978,,protein_coding,4802978
LOC117183413,,guide_RNA,117183413
LOC6900185,,protein_coding,6900185
LOC6898825,,protein_coding,6898825
LOC4815397,,protein_coding,4815397
LOC4815414,,protein_coding,4815414
LOC4813156,,protein_coding,4813156
LOC6903586,,protein_coding,6903586
LOC4815452,,protein_coding,4815452
LOC6902677,,protein_coding,6902677
LOC4814982,,protein_coding,4814982
LOC26532373,,lncRNA,26532373
LOC4800849,,protein_coding,4800849
LOC4804650,,protein_coding,4804650
LOC4812297,,protein_coding,4812297
LOC4801389,,protein_coding,4801389
LOC4800838,,protein_coding,4800838
LOC4817245,,protein_coding,4817245
LOC26533502,,protein_coding,26533502
LOC26533644,,lncRNA,26533644
LOC4815451,,protein_coding,4815451
LOC117184836,,protein_coding,117184836
LOC117185369,Trnas-aga-8,tRNA,117185369
LOC4813631,,protein_coding,4813631
LOC6897904,,protein_coding,6897904
LOC4803844,,protein_coding,4803844
LOC6898462,,protein_coding,6898462
LOC117185506,,rRNA,117185506
LOC6900708,,protein_coding,6900708
LOC6900475,,protein_coding,6900475
LOC6898252,,protein_coding,6898252
LOC4800414,,protein_coding,4800414
LOC6900243,,protein_coding,6900243
LOC4811962,,protein_coding,4811962
LOC6897430,,protein_coding,6897430
LOC4817501,,protein_coding,4817501
LOC6897275,,protein_coding,6897275
LOC6903865,,protein_coding,6903865
LOC4805584,,protein_coding,4805584
LOC4805084,,protein_coding,4805084
LOC4804916,,protein_coding,4804916
LOC117184473,,lncRNA,117184473
LOC4801302,,protein_coding,4801302
LOC4803061,,protein_coding,4803061
LOC4817178,,protein_coding,4817178
LOC4803737,,protein_coding,4803737
LOC4801717,,protein_coding,4801717
LOC4804870,,protein_coding,4804870
LOC6902004,,protein_coding,6902004
LOC26532158,,protein_coding,26532158
LOC4805738,,protein_coding,4805738
LOC4800422,,protein_coding,4800422
LOC4811963,,protein_coding,4811963
LOC4800251,,protein_coding,4800251
LOC6897130,,protein_coding,6897130
LOC26532215,,lncRNA,26532215
LOC4803505,,protein_coding,4803505
LOC4803292,,protein_coding,4803292
LOC4813736,,protein_coding,4813736
LOC4802356,,protein_coding,4802356
LOC6901393,,protein_coding,6901393
LOC6902072,,protein_coding,6902072
LOC6900508,,protein_coding,6900508
LOC4805244,,protein_coding,4805244
LOC4801009,,protein_coding,4801009
LOC4816839,,protein_coding,4816839
LOC117185481,,rRNA,117185481
LOC26533360,,protein_coding,26533360
LOC4801300,,protein_coding,4801300
LOC4802101,,protein_coding,4802101
LOC4800943,,protein_coding,4800943
LOC4814218,,protein_coding,4814218
LOC4800337,,protein_coding,4800337
LOC6897027,,protein_coding,6897027
LOC4803189,,protein_coding,4803189
LOC4812863,,protein_coding,4812863
LOC117183555,,protein_coding,117183555
LOC6897167,,protein_coding,6897167
LOC4803139,,protein_coding,4803139
LOC4816599,,protein_coding,4816599
LOC26532762,,lncRNA,26532762
LOC117183410,,lncRNA,117183410
LOC4814343,,protein_coding,4814343
LOC6901434,,protein_coding,6901434
LOC117183284,,lncRNA,117183284
LOC4811659,,protein_coding,4811659
LOC117183522,,pseudogene,117183522
LOC6902842,,protein_coding,6902842
LOC4801450,,protein_coding,4801450
LOC4816543,,protein_coding,4816543
LOC6900102,,snRNA,6900102
LOC26533196,,pseudogene,26533196
LOC4812213,,protein_coding,4812213
LOC26532278,,lncRNA,26532278
LOC4803371,,protein_coding,4803371
LOC26533808,,lncRNA,26533808
LOC26534373,,lncRNA,26534373
LOC26532840,,lncRNA,26532840
LOC4805065,,protein_coding,4805065
LOC4817525,,protein_coding,4817525
LOC4811942,,protein_coding,4811942
LOC4812209,,protein_coding,4812209
LOC4814452,,protein_coding,4814452
LOC4804877,,protein_coding,4804877
LOC6901667,,protein_coding,6901667
LOC4815329,,protein_coding,4815329
LOC6900647,,protein_coding,6900647
LOC6898983,,protein_coding,6898983
LOC6897545,,protein_coding,6897545
LOC117185178,,lncRNA,117185178
LOC6903349,,protein_coding,6903349
LOC4815232,,protein_coding,4815232
LOC4802228,,protein_coding,4802228
LOC26532683,,lncRNA,26532683
LOC4803862,,protein_coding,4803862
LOC4802152,,protein_coding,4802152
LOC6898539,,protein_coding,6898539
LOC26532607,,protein_coding,26532607
LOC4802279,,protein_coding,4802279
LOC4800835,,protein_coding,4800835
LOC6898999,,protein_coding,6898999
LOC4812793,,protein_coding,4812793
LOC6899661,,protein_coding,6899661
LOC6903351,,protein_coding,6903351
LOC4801441,,protein_coding,4801441
LOC4811741,,protein_coding,4811741
LOC4813184,,protein_coding,4813184
LOC4811978,,protein_coding,4811978
LOC117183627,,lncRNA,117183627
LOC4802124,,protein_coding,4802124
LOC4812171,,protein_coding,4812171
LOC6903209,,protein_coding,6903209
LOC6901971,,protein_coding,6901971
LOC4802214,,protein_coding,4802214
LOC4804198,,protein_coding,4804198
LOC4801203,,protein_coding,4801203
LOC6900945,,protein_coding,6900945
LOC4816938,,protein_coding,4816938
LOC6902962,,protein_coding,6902962
LOC6899899,,protein_coding,6899899
LOC4801682,,protein_coding,4801682
LOC4816339,,protein_coding,4816339
LOC4814724,,protein_coding,4814724
LOC26532132,,lncRNA,26532132
LOC4800965,,protein_coding,4800965
LOC26534009,,lncRNA,26534009
LOC6901828,,protein_coding,6901828
LOC4801504,,protein_coding,4801504
LOC4812545,,protein_coding,4812545
LOC4816737,,protein_coding,4816737
LOC117184049,,lncRNA,117184049
LOC4801756,,protein_coding,4801756
LOC6901862,,protein_coding,6901862
LOC26532547,,lncRNA,26532547
LOC6903021,,protein_coding,6903021
LOC117183997,,lncRNA,117183997
LOC26532159,,protein_coding,26532159
LOC6903369,,protein_coding,6903369
LOC6900242,,protein_coding,6900242
LOC6897162,,protein_coding,6897162
LOC4817555,,protein_coding,4817555
LOC4813664,,protein_coding,4813664
LOC4800689,,protein_coding,4800689
LOC4801754,,protein_coding,4801754
LOC4805498,,protein_coding,4805498
LOC4817559,,protein_coding,4817559
LOC4811806,,protein_coding,4811806
LOC4817795,,protein_coding,4817795
LOC117184344,,lncRNA,117184344
LOC6897567,,protein_coding,6897567
LOC6900337,,protein_coding,6900337
LOC4813020,,protein_coding,4813020
LOC4801245,,protein_coding,4801245
LOC6900385,,protein_coding,6900385
LOC26532377,,lncRNA,26532377
LOC6901755,,protein_coding,6901755
LOC4803572,,protein_coding,4803572
LOC6899001,,protein_coding,6899001
LOC4801888,,protein_coding,4801888
LOC117185209,,protein_coding,117185209
LOC4801137,,protein_coding,4801137
LOC26532621,,lncRNA,26532621
LOC6896824,,protein_coding,6896824
LOC6898791,,protein_coding,6898791
LOC4817162,,protein_coding,4817162
LOC117183527,,lncRNA,117183527
LOC4814008,,protein_coding,4814008
LOC6902964,,protein_coding,6902964
LOC6900525,,protein_coding,6900525
LOC6898984,,protein_coding,6898984
LOC4815777,,protein_coding,4815777
LOC4815662,,protein_coding,4815662
LOC6898960,,protein_coding,6898960
LOC26533356,,protein_coding,26533356
LOC4800475,,protein_coding,4800475
LOC4814924,,protein_coding,4814924
LOC4816546,,protein_coding,4816546
LOC4817993,,protein_coding,4817993
LOC4800729,,protein_coding,4800729
LOC4815021,,protein_coding,4815021
LOC117184998,,lncRNA,117184998
LOC6897503,,protein_coding,6897503
LOC117185470,,rRNA,117185470
LOC6901152,,protein_coding,6901152
LOC6900116,,protein_coding,6900116
LOC6897229,,protein_coding,6897229
LOC6903208,,protein_coding,6903208
LOC117185223,,rRNA,117185223
LOC4815392,,protein_coding,4815392
LOC6898895,,protein_coding,6898895
LOC4815435,,protein_coding,4815435
LOC26532500,,lncRNA,26532500
LOC4812959,,protein_coding,4812959
LOC6901763,,protein_coding,6901763
LOC4805356,,protein_coding,4805356
LOC117183408,,lncRNA,117183408
LOC26533157,,lncRNA,26533157
LOC4800654,,protein_coding,4800654
LOC4800627,,protein_coding,4800627
LOC4804958,,protein_coding,4804958
LOC4804900,,protein_coding,4804900
LOC4801182,,protein_coding,4801182
LOC6903583,,protein_coding,6903583
LOC4812836,,protein_coding,4812836
LOC6897276,,protein_coding,6897276
LOC117185444,,rRNA,117185444
LOC4802444,,protein_coding,4802444
LOC6898302,,protein_coding,6898302
LOC6901319,,protein_coding,6901319
LOC6899226,,protein_coding,6899226
LOC117184040,,lncRNA,117184040
LOC117184939,,protein_coding,117184939
LOC4814535,,protein_coding,4814535
LOC4800928,,protein_coding,4800928
LOC4814447,,protein_coding,4814447
LOC6897781,,protein_coding,6897781
LOC6898703,,protein_coding,6898703
LOC4815776,,protein_coding,4815776
LOC4805640,,protein_coding,4805640
LOC4817496,,protein_coding,4817496
LOC6898955,,protein_coding,6898955
LOC117183789,,protein_coding,117183789
LOC117184892,,protein_coding,117184892
LOC4801769,,protein_coding,4801769
LOC117185425,,lncRNA,117185425
LOC4812767,,protein_coding,4812767
LOC4800264,,protein_coding,4800264
LOC117185426,,lncRNA,117185426
LOC6897151,,protein_coding,6897151
LOC4813177,,protein_coding,4813177
LOC117185242,,rRNA,117185242
LOC117185325,,rRNA,117185325
LOC4816626,,protein_coding,4816626
LOC117183341,,protein_coding,117183341
LOC6901834,,protein_coding,6901834
LOC117184619,,lncRNA,117184619
LOC6901640,,protein_coding,6901640
LOC117185207,,protein_coding,117185207
LOC4814050,,protein_coding,4814050
LOC117183407,,lncRNA,117183407
LOC6901887,,lncRNA,6901887
LOC4802274,,protein_coding,4802274
LOC117184118,,lncRNA,117184118
LOC117185543,,rRNA,117185543
LOC6902585,,protein_coding,6902585
LOC26532860,,lncRNA,26532860
LOC6902476,,protein_coding,6902476
LOC4803922,,protein_coding,4803922
LOC4805542,,protein_coding,4805542
LOC117184155,,lncRNA,117184155
LOC6903945,,protein_coding,6903945
LOC4814078,,protein_coding,4814078
LOC4816891,,protein_coding,4816891
LOC4801054,,protein_coding,4801054
LOC4815308,,protein_coding,4815308
LOC117184969,,protein_coding,117184969
LOC6900919,,protein_coding,6900919
LOC117183248,,lncRNA,117183248
LOC4805006,,protein_coding,4805006
LOC4816396,,protein_coding,4816396
LOC6902493,,protein_coding,6902493
LOC4814147,,protein_coding,4814147
LOC4801733,,protein_coding,4801733
LOC4812394,,protein_coding,4812394
LOC6903114,,protein_coding,6903114
LOC13036434,,protein_coding,13036434
LOC4804660,,protein_coding,4804660
LOC4812108,,protein_coding,4812108
LOC4802267,,protein_coding,4802267
LOC26532809,,lncRNA,26532809
LOC26533675,,protein_coding,26533675
LOC4812742,,protein_coding,4812742
LOC4815333,,protein_coding,4815333
LOC4803845,,protein_coding,4803845
LOC117184798,,lncRNA,117184798
LOC4813140,,protein_coding,4813140
LOC117183693,,protein_coding,117183693
LOC6896964,,protein_coding,6896964
LOC4812416,,protein_coding,4812416
LOC4805369,,protein_coding,4805369
LOC26534072,,protein_coding,26534072
LOC4804873,,protein_coding,4804873
LOC4804386,,protein_coding,4804386
LOC4813107,,protein_coding,4813107
LOC6898179,,protein_coding,6898179
LOC4801826,,protein_coding,4801826
LOC6902329,,protein_coding,6902329
LOC4813467,,protein_coding,4813467
LOC4804874,,protein_coding,4804874
LOC6901731,,protein_coding,6901731
LOC4802644,,protein_coding,4802644
LOC6902577,,protein_coding,6902577
LOC4805192,,protein_coding,4805192
LOC4815572,,protein_coding,4815572
LOC4801589,,protein_coding,4801589
LOC6898740,,protein_coding,6898740
LOC117185547,,rRNA,117185547
LOC4801278,,protein_coding,4801278
LOC6901671,,protein_coding,6901671
LOC4805375,,protein_coding,4805375
LOC4802798,,protein_coding,4802798
LOC4801982,,protein_coding,4801982
LOC4800250,,protein_coding,4800250
LOC6900429,,protein_coding,6900429
LOC4813728,,protein_coding,4813728
LOC26532858,,lncRNA,26532858
LOC26534427,,lncRNA,26534427
LOC4816031,,protein_coding,4816031
LOC4815492,,protein_coding,4815492
LOC117184045,,lncRNA,117184045
LOC26533177,,protein_coding,26533177
LOC4804484,,protein_coding,4804484
LOC117185096,,protein_coding,117185096
LOC4805447,,protein_coding,4805447
LOC6901614,,protein_coding,6901614
LOC26533319,,protein_coding,26533319
LOC4816553,,protein_coding,4816553
LOC4815354,,protein_coding,4815354
LOC6903080,,protein_coding,6903080
LOC4818005,,protein_coding,4818005
LOC6902747,,protein_coding,6902747
LOC4811797,,protein_coding,4811797
LOC26533665,,protein_coding,26533665
LOC13036333,,protein_coding,13036333
LOC6902169,,protein_coding,6902169
LOC6898510,,protein_coding,6898510
LOC4812123,,protein_coding,4812123
LOC117183784,,lncRNA,117183784
LOC6898199,,protein_coding,6898199
LOC26533140,,protein_coding,26533140
LOC4813959,,protein_coding,4813959
LOC117183633,,lncRNA,117183633
LOC4813943,,protein_coding,4813943
LOC26532291,,lncRNA,26532291
LOC4817702,,protein_coding,4817702
LOC4801681,,protein_coding,4801681
LOC6900042,,protein_coding,6900042
LOC6898900,,protein_coding,6898900
LOC117183376,,protein_coding,117183376
LOC117184008,,lncRNA,117184008
LOC4804463,,protein_coding,4804463
LOC6898299,,protein_coding,6898299
LOC26533420,,protein_coding,26533420
LOC4813705,,protein_coding,4813705
LOC6899586,,protein_coding,6899586
LOC4804272,,protein_coding,4804272
LOC6902090,,protein_coding,6902090
LOC4801438,,protein_coding,4801438
LOC4804210,,protein_coding,4804210
LOC4801599,,protein_coding,4801599
LOC26534304,,protein_coding,26534304
LOC4817364,,protein_coding,4817364
LOC26533119,,protein_coding,26533119
LOC117185311,,rRNA,117185311
LOC4817099,,protein_coding,4817099
LOC4805042,,protein_coding,4805042
LOC4802000,,protein_coding,4802000
LOC4803137,,protein_coding,4803137
LOC6898253,,protein_coding,6898253
LOC26533562,,lncRNA,26533562
LOC117183443,Trnal-uaa-2,tRNA,117183443
LOC117184883,,lncRNA,117184883
LOC4815303,,protein_coding,4815303
LOC4804006,,protein_coding,4804006
LOC6902940,,protein_coding,6902940
LOC4816201,,protein_coding,4816201
LOC4817258,,protein_coding,4817258
LOC26533509,,lncRNA,26533509
LOC4812350,,protein_coding,4812350
LOC6903090,,snoRNA,6903090
LOC117185055,,lncRNA,117185055
LOC4804364,,protein_coding,4804364
LOC6901955,,protein_coding,6901955
LOC4815226,,protein_coding,4815226
LOC6899973,,protein_coding,6899973
LOC117184740,,lncRNA,117184740
LOC4814287,,protein_coding,4814287
LOC6899504,,protein_coding,6899504
LOC6901235,,protein_coding,6901235
LOC117184690,,protein_coding,117184690
LOC4817962,,protein_coding,4817962
LOC26531987,,protein_coding,26531987
LOC117183536,,protein_coding,117183536
LOC4813686,,protein_coding,4813686
LOC26532393,,protein_coding,26532393
LOC5614322,,protein_coding,5614322
LOC4818002,,protein_coding,4818002
LOC117184786,,lncRNA,117184786
LOC4817840,,protein_coding,4817840
LOC117184425,,protein_coding,117184425
LOC4817280,,protein_coding,4817280
LOC4803300,,protein_coding,4803300
LOC4804825,,protein_coding,4804825
LOC4813065,,protein_coding,4813065
LOC6897619,,protein_coding,6897619
LOC6898466,,protein_coding,6898466
LOC4801890,,protein_coding,4801890
LOC4800405,,protein_coding,4800405
LOC117184327,Trnad-guc-11,tRNA,117184327
LOC4805147,,protein_coding,4805147
LOC4801023,,protein_coding,4801023
LOC4802772,,protein_coding,4802772
LOC117184478,,protein_coding,117184478
LOC4805623,,protein_coding,4805623
LOC6903885,,protein_coding,6903885
LOC4804002,,protein_coding,4804002
LOC4804710,,protein_coding,4804710
LOC4813590,,protein_coding,4813590
LOC4812223,,protein_coding,4812223
LOC26532628,,lncRNA,26532628
LOC26533468,,protein_coding,26533468
LOC4801080,,protein_coding,4801080
LOC6899912,,protein_coding,6899912
LOC4804245,,protein_coding,4804245
LOC6896737,,snoRNA,6896737
LOC4803350,,protein_coding,4803350
LOC6900970,,protein_coding,6900970
LOC4817365,,protein_coding,4817365
LOC117184235,,protein_coding,117184235
LOC6900021,,protein_coding,6900021
LOC4800642,,protein_coding,4800642
LOC117184194,,protein_coding,117184194
LOC117185534,,rRNA,117185534
LOC26532991,,protein_coding,26532991
LOC6902394,,protein_coding,6902394
LOC4813495,,protein_coding,4813495
LOC26533351,,lncRNA,26533351
LOC26533134,,protein_coding,26533134
LOC26533716,,lncRNA,26533716
LOC4812826,,protein_coding,4812826
LOC117184854,,lncRNA,117184854
LOC6898666,,protein_coding,6898666
LOC6903133,,protein_coding,6903133
LOC6900433,,protein_coding,6900433
LOC4815697,,protein_coding,4815697
LOC4801380,,protein_coding,4801380
LOC4805385,,protein_coding,4805385
LOC6903005,,protein_coding,6903005
LOC26534444,,lncRNA,26534444
LOC4816679,,protein_coding,4816679
LOC4815398,,protein_coding,4815398
LOC117183819,Trnat-ugu-7,tRNA,117183819
LOC117184502,,lncRNA,117184502
LOC4803931,,protein_coding,4803931
LOC4813244,,protein_coding,4813244
LOC117185354,Trnae-cuc-8,tRNA,117185354
LOC6901281,,protein_coding,6901281
LOC4803994,,protein_coding,4803994
LOC6900415,,protein_coding,6900415
LOC26532675,,protein_coding,26532675
LOC4816757,,protein_coding,4816757
LOC4818012,,protein_coding,4818012
LOC117183557,,lncRNA,117183557
LOC4814912,,protein_coding,4814912
LOC117184178,,lncRNA,117184178
LOC4801506,,protein_coding,4801506
LOC4802365,,protein_coding,4802365
LOC4805672,,protein_coding,4805672
LOC4800944,,protein_coding,4800944
LOC6900496,,protein_coding,6900496
LOC26534455,,protein_coding,26534455
LOC6900610,,protein_coding,6900610
LOC4804592,,protein_coding,4804592
LOC6898395,,protein_coding,6898395
LOC4800496,,protein_coding,4800496
LOC117183277,,lncRNA,117183277
LOC4814559,,protein_coding,4814559
LOC6897840,,protein_coding,6897840
LOC6901571,,protein_coding,6901571
LOC4814684,,protein_coding,4814684
LOC4816976,,protein_coding,4816976
LOC6897829,,protein_coding,6897829
LOC4804292,,protein_coding,4804292
LOC117184267,,lncRNA,117184267
LOC117184596,,protein_coding,117184596
LOC4813129,,protein_coding,4813129
LOC4803801,,protein_coding,4803801
LOC4817082,,protein_coding,4817082
LOC117184846,,protein_coding,117184846
LOC6902517,,protein_coding,6902517
LOC6896790,,protein_coding,6896790
LOC4804334,,protein_coding,4804334
LOC4812680,,protein_coding,4812680
LOC4804246,,protein_coding,4804246
LOC117185460,,rRNA,117185460
LOC6897887,,protein_coding,6897887
LOC4811872,,protein_coding,4811872
LOC4817882,,protein_coding,4817882
LOC4814245,,protein_coding,4814245
LOC6896837,,protein_coding,6896837
LOC13036408,,protein_coding,13036408
LOC4801399,,protein_coding,4801399
LOC4801126,,protein_coding,4801126
LOC4804478,,protein_coding,4804478
LOC117185408,,pseudogene,117185408
LOC6898365,,protein_coding,6898365
LOC6900585,,protein_coding,6900585
LOC4818191,,protein_coding,4818191
LOC117184579,,lncRNA,117184579
LOC4803216,,protein_coding,4803216
LOC4817905,,protein_coding,4817905
LOC4815773,,protein_coding,4815773
LOC6898212,,protein_coding,6898212
LOC117183788,,lncRNA,117183788
LOC4800506,,protein_coding,4800506
LOC4801349,,protein_coding,4801349
LOC6897988,,protein_coding,6897988
LOC4816814,,protein_coding,4816814
LOC117183456,Trnaa-agc-2,tRNA,117183456
LOC26532985,,lncRNA,26532985
LOC4817276,,protein_coding,4817276
LOC4803425,,protein_coding,4803425
LOC4804407,,protein_coding,4804407
LOC4802251,,protein_coding,4802251
LOC4805533,,protein_coding,4805533
LOC6898111,,protein_coding,6898111
LOC4802414,,protein_coding,4802414
LOC6900017,,protein_coding,6900017
LOC4816188,,protein_coding,4816188
LOC4804396,,protein_coding,4804396
LOC6901052,,protein_coding,6901052
LOC4815968,,protein_coding,4815968
LOC6903151,,protein_coding,6903151
LOC4801185,,protein_coding,4801185
LOC4804163,,protein_coding,4804163
LOC4814194,,protein_coding,4814194
LOC4814260,,protein_coding,4814260
LOC4802461,,protein_coding,4802461
LOC6897565,,protein_coding,6897565
LOC6897660,,protein_coding,6897660
LOC4800780,,protein_coding,4800780
LOC4804360,,protein_coding,4804360
LOC4811854,,protein_coding,4811854
LOC4805680,,protein_coding,4805680
LOC4803439,,protein_coding,4803439
LOC4813340,,protein_coding,4813340
LOC6903573,,protein_coding,6903573
LOC4814222,,protein_coding,4814222
LOC4812344,,protein_coding,4812344
LOC6903068,,protein_coding,6903068
LOC4801714,,protein_coding,4801714
LOC4812102,,protein_coding,4812102
LOC4805186,,protein_coding,4805186
LOC6902365,,protein_coding,6902365
LOC4815584,,protein_coding,4815584
LOC117185365,Trnas-aga-5,tRNA,117185365
LOC6898050,,protein_coding,6898050
LOC117183365,,protein_coding,117183365
LOC4800515,,protein_coding,4800515
LOC4802678,,protein_coding,4802678
LOC6903553,,protein_coding,6903553
LOC4804414,,protein_coding,4804414
LOC4816317,,protein_coding,4816317
LOC4815063,,protein_coding,4815063
LOC4803539,,protein_coding,4803539
LOC6903546,,snRNA,6903546
LOC26532800,,protein_coding,26532800
LOC6898836,,protein_coding,6898836
LOC117184898,,lncRNA,117184898
LOC117184461,,lncRNA,117184461
LOC26533643,,lncRNA,26533643
LOC6897106,,protein_coding,6897106
LOC4812089,,protein_coding,4812089
LOC4802818,,protein_coding,4802818
LOC4817207,,protein_coding,4817207
LOC4802459,,protein_coding,4802459
LOC6901209,,protein_coding,6901209
LOC117185078,,protein_coding,117185078
LOC4805071,,protein_coding,4805071
LOC4816235,,protein_coding,4816235
LOC117183263,,lncRNA,117183263
LOC6898240,,protein_coding,6898240
LOC4800663,,protein_coding,4800663
LOC117185331,Trnag-ccc-3,tRNA,117185331
LOC4812284,,protein_coding,4812284
LOC4800483,,protein_coding,4800483
LOC4800360,,protein_coding,4800360
LOC4804439,,protein_coding,4804439
LOC4802903,,protein_coding,4802903
LOC6901759,,lncRNA,6901759
LOC6900920,,protein_coding,6900920
LOC6900503,,protein_coding,6900503
LOC26533573,,lncRNA,26533573
LOC117184364,,lncRNA,117184364
LOC26534448,,lncRNA,26534448
LOC4805457,,protein_coding,4805457
LOC4814434,,protein_coding,4814434
LOC117184728,,lncRNA,117184728
LOC6897255,,protein_coding,6897255
LOC4801122,,protein_coding,4801122
LOC6902412,,protein_coding,6902412
LOC117185545,,rRNA,117185545
LOC6900165,,protein_coding,6900165
LOC117183414,,rRNA,117183414
LOC4817004,,protein_coding,4817004
LOC6897416,,protein_coding,6897416
LOC4816877,,protein_coding,4816877
LOC4813877,,protein_coding,4813877
LOC6901844,,protein_coding,6901844
LOC4815427,,protein_coding,4815427
LOC4813990,,protein_coding,4813990
LOC4813524,,protein_coding,4813524
LOC4818011,,protein_coding,4818011
LOC4804577,,protein_coding,4804577
LOC4805251,,protein_coding,4805251
LOC4811887,,protein_coding,4811887
LOC4813474,,protein_coding,4813474
LOC4803187,,protein_coding,4803187
LOC117183903,,lncRNA,117183903
LOC4805690,,protein_coding,4805690
LOC4803127,,protein_coding,4803127
LOC4815054,,protein_coding,4815054
LOC26533388,,lncRNA,26533388
LOC6898024,,protein_coding,6898024
LOC4812396,,protein_coding,4812396
LOC4817988,,protein_coding,4817988
LOC4802938,,protein_coding,4802938
LOC6898378,,protein_coding,6898378
LOC6900716,,protein_coding,6900716
LOC4800712,,protein_coding,4800712
LOC4802403,,protein_coding,4802403
LOC13036472,,protein_coding,13036472
LOC4814357,,protein_coding,4814357
LOC6901138,,protein_coding,6901138
LOC4813687,,protein_coding,4813687
LOC5495508,,protein_coding,5495508
LOC4818056,,protein_coding,4818056
LOC4803895,,protein_coding,4803895
LOC117183437,Trnaw-cca-4,tRNA,117183437
LOC4805029,,protein_coding,4805029
LOC6903106,,protein_coding,6903106
LOC6896783,,protein_coding,6896783
LOC4800513,,protein_coding,4800513
LOC6901636,,protein_coding,6901636
LOC4813070,,protein_coding,4813070
LOC4814838,,protein_coding,4814838
LOC4802361,,protein_coding,4802361
LOC6902105,,protein_coding,6902105
LOC4805011,,protein_coding,4805011
LOC117184074,,protein_coding,117184074
LOC6898330,,protein_coding,6898330
LOC117183623,,protein_coding,117183623
LOC117183659,,lncRNA,117183659
LOC6900960,,protein_coding,6900960
LOC4817018,,protein_coding,4817018
LOC4813478,,protein_coding,4813478
LOC4813142,,protein_coding,4813142
LOC6902759,,protein_coding,6902759
LOC4811801,,protein_coding,4811801
LOC6900361,,protein_coding,6900361
LOC6903108,,protein_coding,6903108
LOC4816326,,protein_coding,4816326
LOC117184418,,protein_coding,117184418
LOC4814233,,protein_coding,4814233
LOC117184894,,lncRNA,117184894
LOC4805602,,protein_coding,4805602
LOC4802259,,protein_coding,4802259
LOC117185117,,pseudogene,117185117
LOC4802712,,protein_coding,4802712
LOC117183981,,lncRNA,117183981
LOC4814979,,protein_coding,4814979
LOC6900866,,protein_coding,6900866
LOC4805686,,protein_coding,4805686
LOC6902624,,protein_coding,6902624
LOC117185211,,lncRNA,117185211
LOC4804826,,protein_coding,4804826
LOC4817125,,protein_coding,4817125
LOC4812896,,protein_coding,4812896
LOC26533301,,protein_coding,26533301
LOC4800597,,protein_coding,4800597
LOC4816303,,protein_coding,4816303
LOC4801193,,protein_coding,4801193
LOC6900755,,protein_coding,6900755
LOC4813224,,protein_coding,4813224
LOC4801749,,protein_coding,4801749
LOC4804400,,protein_coding,4804400
LOC4800833,,protein_coding,4800833
LOC6902839,,protein_coding,6902839
LOC6898966,,protein_coding,6898966
LOC4816900,,protein_coding,4816900
LOC6903678,,protein_coding,6903678
LOC4814207,,protein_coding,4814207
LOC117185247,,pseudogene,117185247
LOC4815144,,protein_coding,4815144
LOC4804303,,protein_coding,4804303
LOC4812024,,protein_coding,4812024
LOC4802040,,protein_coding,4802040
LOC6901900,,protein_coding,6901900
LOC117183304,,protein_coding,117183304
LOC4804988,,protein_coding,4804988
LOC4813045,,protein_coding,4813045
LOC6902955,,protein_coding,6902955
LOC6896758,,protein_coding,6896758
LOC117184572,,protein_coding,117184572
LOC6899949,,protein_coding,6899949
LOC6897973,,protein_coding,6897973
LOC6902469,,protein_coding,6902469
LOC6900269,,protein_coding,6900269
LOC6900299,,protein_coding,6900299
LOC4817573,,protein_coding,4817573
LOC4815688,,protein_coding,4815688
LOC117184733,,lncRNA,117184733
LOC117184376,,protein_coding,117184376
LOC26533809,,lncRNA,26533809
LOC26532865,,protein_coding,26532865
LOC4813939,,protein_coding,4813939
LOC4814587,,protein_coding,4814587
LOC26534082,,lncRNA,26534082
LOC4800844,,protein_coding,4800844
LOC4804536,,protein_coding,4804536
LOC4804146,,protein_coding,4804146
LOC4817997,,protein_coding,4817997
LOC4817968,,protein_coding,4817968
LOC4817311,,protein_coding,4817311
LOC117184602,,lncRNA,117184602
LOC4802597,,protein_coding,4802597
LOC117184745,,protein_coding,117184745
LOC4811815,,protein_coding,4811815
LOC117185038,,lncRNA,117185038
LOC4817030,,protein_coding,4817030
LOC4802599,,protein_coding,4802599
LOC6902583,,protein_coding,6902583
LOC4801551,,protein_coding,4801551
LOC4800472,,protein_coding,4800472
LOC6899083,,protein_coding,6899083
LOC117185034,,lncRNA,117185034
LOC6897200,,rRNA,6897200
LOC4804598,,protein_coding,4804598
LOC117183834,Trnan-guu-2,tRNA,117183834
LOC6898664,,protein_coding,6898664
LOC117183191,,protein_coding,117183191
LOC6901049,,protein_coding,6901049
LOC4800873,,protein_coding,4800873
LOC4816498,,protein_coding,4816498
LOC4804208,,protein_coding,4804208
LOC26533220,,lncRNA,26533220
LOC117184338,,lncRNA,117184338
LOC6899893,,protein_coding,6899893
LOC4805583,,protein_coding,4805583
LOC6898242,,protein_coding,6898242
LOC6903902,,protein_coding,6903902
LOC117185661,,lncRNA,117185661
LOC6903138,,protein_coding,6903138
LOC6897740,,protein_coding,6897740
LOC4800691,,protein_coding,4800691
LOC4803637,,protein_coding,4803637
LOC6900382,,protein_coding,6900382
LOC4816097,,protein_coding,4816097
LOC26533335,,protein_coding,26533335
LOC6901660,,protein_coding,6901660
LOC117183780,,lncRNA,117183780
LOC26533845,,protein_coding,26533845
LOC4800551,,protein_coding,4800551
LOC4813875,,protein_coding,4813875
LOC117185544,,rRNA,117185544
LOC4802118,,protein_coding,4802118
LOC117184253,,protein_coding,117184253
LOC13036504,,protein_coding,13036504
LOC6902448,,protein_coding,6902448
LOC6903882,,protein_coding,6903882
LOC6898234,,protein_coding,6898234
LOC117184140,,lncRNA,117184140
LOC6901753,,protein_coding,6901753
LOC4803987,,protein_coding,4803987
LOC6896823,,protein_coding,6896823
LOC117184182,,protein_coding,117184182
LOC6903118,,protein_coding,6903118
LOC6902584,,protein_coding,6902584
LOC4815817,,protein_coding,4815817
LOC6897286,,protein_coding,6897286
LOC4812829,,protein_coding,4812829
LOC4801736,,protein_coding,4801736
LOC4814110,,protein_coding,4814110
LOC4817341,,protein_coding,4817341
LOC6901099,,protein_coding,6901099
LOC117185655,,lncRNA,117185655
LOC4800979,,protein_coding,4800979
LOC6903434,,protein_coding,6903434
LOC6903416,,protein_coding,6903416
LOC117184046,,lncRNA,117184046
LOC4804207,,protein_coding,4804207
LOC4817570,,protein_coding,4817570
LOC6902067,,protein_coding,6902067
LOC4812241,,protein_coding,4812241
LOC4800962,,protein_coding,4800962
LOC4804053,,protein_coding,4804053
LOC4815337,,protein_coding,4815337
LOC6897538,,protein_coding,6897538
LOC6896884,,protein_coding,6896884
LOC6902607,,protein_coding,6902607
LOC4802398,,protein_coding,4802398
LOC4817135,,protein_coding,4817135
LOC4801248,,protein_coding,4801248
LOC117184124,,protein_coding,117184124
LOC117184096,,protein_coding,117184096
LOC4817754,,protein_coding,4817754
LOC4803011,,protein_coding,4803011
LOC117185210,,lncRNA,117185210
LOC6899629,,protein_coding,6899629
LOC4803277,,protein_coding,4803277
LOC6903405,,protein_coding,6903405
LOC6901391,,protein_coding,6901391
LOC4813167,,protein_coding,4813167
LOC4804111,,protein_coding,4804111
LOC117185411,,protein_coding,117185411
LOC4802201,,protein_coding,4802201
LOC4816739,,protein_coding,4816739
LOC6902487,,protein_coding,6902487
LOC117185206,,protein_coding,117185206
LOC4801272,,protein_coding,4801272
LOC117184214,,protein_coding,117184214
LOC4802763,,protein_coding,4802763
LOC6898906,,protein_coding,6898906
LOC6898949,,protein_coding,6898949
LOC117184451,,protein_coding,117184451
LOC4803519,,protein_coding,4803519
LOC26532142,,lncRNA,26532142
LOC4813995,,protein_coding,4813995
LOC4815618,,protein_coding,4815618
LOC4815077,,protein_coding,4815077
LOC4817934,,protein_coding,4817934
LOC4804265,,protein_coding,4804265
LOC6898686,,protein_coding,6898686
LOC117185006,,protein_coding,117185006
LOC6897760,,protein_coding,6897760
LOC4816383,,protein_coding,4816383
LOC4813718,,protein_coding,4813718
LOC4817346,,protein_coding,4817346
LOC4816747,,protein_coding,4816747
LOC117184345,,lncRNA,117184345
LOC4801595,,protein_coding,4801595
LOC4816423,,protein_coding,4816423
LOC4816371,,protein_coding,4816371
LOC6901929,,protein_coding,6901929
LOC4815861,,protein_coding,4815861
LOC6897612,,protein_coding,6897612
LOC6901349,,protein_coding,6901349
LOC4804531,,protein_coding,4804531
LOC4811663,,protein_coding,4811663
LOC4801730,,protein_coding,4801730
LOC6897036,,protein_coding,6897036
LOC6900617,,protein_coding,6900617
LOC26534040,,lncRNA,26534040
LOC4800963,,protein_coding,4800963
LOC4801670,,protein_coding,4801670
LOC4817641,,protein_coding,4817641
LOC4803138,,protein_coding,4803138
LOC117185664,,lncRNA,117185664
LOC4804682,,protein_coding,4804682
LOC4812515,,protein_coding,4812515
LOC4815702,,protein_coding,4815702
LOC6902851,,protein_coding,6902851
LOC6900190,,protein_coding,6900190
LOC4803063,,protein_coding,4803063
LOC6899268,,protein_coding,6899268
LOC4816809,,protein_coding,4816809
LOC6899762,,protein_coding,6899762
LOC4802628,,protein_coding,4802628
LOC13036438,,protein_coding,13036438
LOC6897937,,protein_coding,6897937
LOC4814132,,protein_coding,4814132
LOC6901922,,protein_coding,6901922
LOC4815866,,protein_coding,4815866
LOC117185523,,rRNA,117185523
LOC4817808,,protein_coding,4817808
LOC6896928,,protein_coding,6896928
LOC4804371,,protein_coding,4804371
LOC6899916,,protein_coding,6899916
LOC4804840,,protein_coding,4804840
LOC4816832,,protein_coding,4816832
LOC117184945,,lncRNA,117184945
LOC4814934,,protein_coding,4814934
LOC4814578,,protein_coding,4814578
LOC4815165,,protein_coding,4815165
LOC4803699,,protein_coding,4803699
LOC4802157,,protein_coding,4802157
LOC6900685,,protein_coding,6900685
LOC26532826,,lncRNA,26532826
LOC4812832,,protein_coding,4812832
LOC4814506,,protein_coding,4814506
LOC4814623,,protein_coding,4814623
LOC6901213,,protein_coding,6901213
LOC117185642,,protein_coding,117185642
LOC6902267,,lncRNA,6902267
LOC6897523,,protein_coding,6897523
LOC4816833,,protein_coding,4816833
LOC4817025,,protein_coding,4817025
LOC6903257,,protein_coding,6903257
LOC4816897,,protein_coding,4816897
LOC117185461,,rRNA,117185461
LOC4815982,,protein_coding,4815982
LOC6897869,,protein_coding,6897869
LOC6902866,,protein_coding,6902866
LOC117185644,,lncRNA,117185644
LOC6898649,,protein_coding,6898649
LOC4816909,,protein_coding,4816909
LOC4801818,,protein_coding,4801818
LOC4812495,,protein_coding,4812495
LOC6896814,,protein_coding,6896814
LOC6897594,,protein_coding,6897594
LOC4801597,,protein_coding,4801597
LOC117184120,,lncRNA,117184120
LOC4816749,,protein_coding,4816749
LOC117185625,,lncRNA,117185625
LOC6903330,,protein_coding,6903330
LOC4818190,,protein_coding,4818190
LOC6903324,,protein_coding,6903324
LOC4815305,,protein_coding,4815305
LOC4813122,,protein_coding,4813122
LOC4805719,,protein_coding,4805719
LOC117185507,,rRNA,117185507
LOC6903178,,protein_coding,6903178
LOC117183703,,lncRNA,117183703
LOC117184833,,lncRNA,117184833
LOC6901199,,protein_coding,6901199
LOC4805339,,protein_coding,4805339
LOC117185521,,rRNA,117185521
LOC117183730,,lncRNA,117183730
LOC4813035,,protein_coding,4813035
LOC117184827,,protein_coding,117184827
LOC26534429,,protein_coding,26534429
LOC4805472,,protein_coding,4805472
LOC4817970,,protein_coding,4817970
LOC4802560,,protein_coding,4802560
LOC6897230,,protein_coding,6897230
LOC117184588,,protein_coding,117184588
LOC26532268,,lncRNA,26532268
LOC117183873,Trnar-acg,tRNA,117183873
LOC4817152,,protein_coding,4817152
LOC4804174,,protein_coding,4804174
LOC26532271,,lncRNA,26532271
LOC4811882,,protein_coding,4811882
LOC4805104,,protein_coding,4805104
LOC4815507,,protein_coding,4815507
LOC117185018,,protein_coding,117185018
LOC4812200,,protein_coding,4812200
LOC6901446,,protein_coding,6901446
LOC117183993,,protein_coding,117183993
LOC4816143,,protein_coding,4816143
LOC4816555,,protein_coding,4816555
LOC6899067,,protein_coding,6899067
LOC4805014,,protein_coding,4805014
LOC117183898,,protein_coding,117183898
LOC4805630,,protein_coding,4805630
LOC117184627,,lncRNA,117184627
LOC44805030,HCS66_mgt08,tRNA,44805030
LOC4805053,,protein_coding,4805053
LOC4813542,,protein_coding,4813542
LOC6901475,,pseudogene,6901475
LOC4805048,,protein_coding,4805048
LOC4802190,,protein_coding,4802190
LOC4812718,,protein_coding,4812718
LOC4801790,,protein_coding,4801790
LOC6902716,,pseudogene,6902716
LOC4805268,,protein_coding,4805268
LOC4804750,,protein_coding,4804750
LOC4813295,,protein_coding,4813295
LOC4813471,,protein_coding,4813471
LOC4800602,,protein_coding,4800602
LOC6898951,,protein_coding,6898951
LOC4811862,,protein_coding,4811862
LOC6903244,,protein_coding,6903244
LOC117183244,,protein_coding,117183244
LOC4802397,,protein_coding,4802397
LOC4801020,,protein_coding,4801020
LOC4816329,,protein_coding,4816329
LOC4803527,,protein_coding,4803527
LOC4800725,,protein_coding,4800725
LOC4816710,,protein_coding,4816710
LOC26532665,,protein_coding,26532665
LOC117184161,,lncRNA,117184161
LOC117183690,,protein_coding,117183690
LOC6902471,,lncRNA,6902471
LOC117183264,,protein_coding,117183264
LOC6898801,,protein_coding,6898801
LOC4815320,,protein_coding,4815320
LOC4814682,,protein_coding,4814682
LOC6898530,,protein_coding,6898530
LOC6898897,,protein_coding,6898897
LOC4812468,,protein_coding,4812468
LOC4813962,,protein_coding,4813962
LOC26533896,,lncRNA,26533896
LOC6902209,,protein_coding,6902209
LOC117185480,,rRNA,117185480
LOC4816957,,protein_coding,4816957
LOC4814369,,protein_coding,4814369
LOC4802833,,protein_coding,4802833
LOC4815254,,protein_coding,4815254
LOC4813405,,protein_coding,4813405
LOC117185141,,protein_coding,117185141
LOC6900693,,protein_coding,6900693
LOC4817305,,protein_coding,4817305
LOC6902089,,protein_coding,6902089
LOC4817741,,protein_coding,4817741
LOC4801024,,protein_coding,4801024
LOC4816131,,protein_coding,4816131
LOC4816892,,protein_coding,4816892
LOC6901529,,protein_coding,6901529
LOC4813679,,protein_coding,4813679
LOC117185474,,rRNA,117185474
LOC6900494,,protein_coding,6900494
LOC4813459,,protein_coding,4813459
LOC6900662,,protein_coding,6900662
LOC6897940,,protein_coding,6897940
LOC4817608,,protein_coding,4817608
LOC4802370,,protein_coding,4802370
LOC4817136,,protein_coding,4817136
LOC117183794,,lncRNA,117183794
LOC4812450,,protein_coding,4812450
LOC4802739,,protein_coding,4802739
LOC6900518,,protein_coding,6900518
LOC4801524,,protein_coding,4801524
LOC4803723,,protein_coding,4803723
LOC4802613,,protein_coding,4802613
LOC117184424,,lncRNA,117184424
LOC6899141,,protein_coding,6899141
LOC6901000,,protein_coding,6901000
LOC6897006,,protein_coding,6897006
LOC117183892,Trnat-agu-6,tRNA,117183892
LOC4802864,,protein_coding,4802864
LOC117183908,,lncRNA,117183908
LOC4802465,,protein_coding,4802465
LOC15382876,,protein_coding,15382876
LOC6900053,,lncRNA,6900053
LOC6902477,,protein_coding,6902477
LOC6902306,,protein_coding,6902306
LOC4815797,,protein_coding,4815797
LOC4816203,,protein_coding,4816203
LOC4816995,,protein_coding,4816995
LOC6902151,,protein_coding,6902151
LOC6898421,,protein_coding,6898421
LOC117184760,,lncRNA,117184760
LOC117184228,,lncRNA,117184228
LOC6901430,,lncRNA,6901430
LOC4813128,,protein_coding,4813128
LOC26533357,,protein_coding,26533357
LOC4812824,,protein_coding,4812824
LOC4817972,,protein_coding,4817972
LOC4817024,,protein_coding,4817024
LOC4817289,,protein_coding,4817289
LOC4803031,,protein_coding,4803031
LOC4817295,,protein_coding,4817295
LOC4813245,,protein_coding,4813245
LOC4800481,,protein_coding,4800481
LOC117183752,,lncRNA,117183752
LOC6899982,,protein_coding,6899982
LOC4816706,,protein_coding,4816706
LOC4802469,,protein_coding,4802469
LOC4813058,,protein_coding,4813058
LOC4804142,,protein_coding,4804142
LOC117183615,,protein_coding,117183615
LOC6898996,,protein_coding,6898996
LOC4801378,,protein_coding,4801378
LOC6900359,,protein_coding,6900359
LOC117185213,,protein_coding,117185213
LOC4815120,,protein_coding,4815120
LOC6898692,,protein_coding,6898692
LOC6902134,,protein_coding,6902134
LOC26532539,,lncRNA,26532539
LOC6902499,,protein_coding,6902499
LOC117183696,,protein_coding,117183696
LOC117185593,,lncRNA,117185593
LOC4802748,,protein_coding,4802748
LOC6899764,,protein_coding,6899764
LOC4801384,,protein_coding,4801384
LOC6900843,,protein_coding,6900843
LOC117184976,,lncRNA,117184976
LOC26533096,,protein_coding,26533096
LOC4811883,,protein_coding,4811883
LOC26532355,,pseudogene,26532355
LOC4800531,,protein_coding,4800531
LOC4815316,,protein_coding,4815316
LOC117184765,,lncRNA,117184765
LOC4804509,,protein_coding,4804509
LOC4800609,,protein_coding,4800609
LOC6902291,,protein_coding,6902291
LOC26533982,,protein_coding,26533982
LOC6900438,,protein_coding,6900438
LOC6896975,,protein_coding,6896975
LOC6898655,,protein_coding,6898655
LOC4802666,,protein_coding,4802666
LOC4801930,,protein_coding,4801930
LOC117184247,,lncRNA,117184247
LOC4816649,,protein_coding,4816649
LOC6898538,,protein_coding,6898538
LOC4812424,,protein_coding,4812424
LOC4812944,,protein_coding,4812944
LOC4814498,,protein_coding,4814498
LOC117185434,,lncRNA,117185434
LOC4816540,,protein_coding,4816540
LOC4816098,,protein_coding,4816098
LOC6902359,,protein_coding,6902359
LOC117184190,,protein_coding,117184190
LOC6903765,,protein_coding,6903765
LOC4818100,,protein_coding,4818100
LOC117185395,Trnal-cag-8,tRNA,117185395
LOC6901814,,protein_coding,6901814
LOC26533158,,protein_coding,26533158
LOC4804707,,protein_coding,4804707
LOC117183390,,protein_coding,117183390
LOC6900164,,protein_coding,6900164
LOC6901644,,protein_coding,6901644
LOC4812124,,protein_coding,4812124
LOC4816046,,protein_coding,4816046
LOC4803192,,protein_coding,4803192
LOC117183429,Trnaa-agc-8,tRNA,117183429
LOC4804240,,protein_coding,4804240
LOC4812486,,protein_coding,4812486
LOC4814368,,protein_coding,4814368
LOC4800354,,protein_coding,4800354
LOC4814406,,protein_coding,4814406
LOC4812185,,protein_coding,4812185
LOC6900991,,protein_coding,6900991
LOC4813858,,protein_coding,4813858
LOC4801556,,protein_coding,4801556
LOC4817428,,protein_coding,4817428
LOC4812574,,protein_coding,4812574
LOC6898273,,protein_coding,6898273
LOC6901737,,protein_coding,6901737
LOC117184179,,lncRNA,117184179
LOC6898952,,protein_coding,6898952
LOC6903066,,protein_coding,6903066
LOC4811680,,protein_coding,4811680
LOC6900097,,protein_coding,6900097
LOC4813578,,protein_coding,4813578
LOC4804980,,protein_coding,4804980
LOC6902906,,protein_coding,6902906
LOC4817589,,protein_coding,4817589
LOC4817180,,protein_coding,4817180
LOC6901177,,protein_coding,6901177
LOC4800852,,protein_coding,4800852
LOC4801495,,protein_coding,4801495
LOC6900249,,protein_coding,6900249
LOC4813516,,protein_coding,4813516
LOC4817956,,protein_coding,4817956
LOC6901483,,protein_coding,6901483
LOC4817653,,protein_coding,4817653
LOC6897656,,protein_coding,6897656
LOC4802641,,protein_coding,4802641
LOC6902874,,protein_coding,6902874
LOC6902080,,protein_coding,6902080
LOC6902547,,protein_coding,6902547
LOC4812377,,protein_coding,4812377
LOC6900565,,protein_coding,6900565
LOC4802598,,protein_coding,4802598
LOC4805097,,protein_coding,4805097
LOC4812434,,protein_coding,4812434
LOC4811959,,protein_coding,4811959
LOC4812107,,protein_coding,4812107
LOC4812898,,protein_coding,4812898
LOC4813933,,protein_coding,4813933
LOC4815133,,protein_coding,4815133
LOC4813462,,protein_coding,4813462
LOC6903489,,protein_coding,6903489
LOC6897634,,protein_coding,6897634
LOC4816315,,protein_coding,4816315
LOC4803513,,protein_coding,4803513
LOC6900888,,protein_coding,6900888
LOC4804580,,protein_coding,4804580
LOC4818091,,protein_coding,4818091
LOC4815582,,protein_coding,4815582
LOC4801420,,protein_coding,4801420
LOC4818089,,protein_coding,4818089
LOC26533327,,lncRNA,26533327
LOC117185401,Trnam-cau-11,tRNA,117185401
LOC4812496,,protein_coding,4812496
LOC6902934,,protein_coding,6902934
LOC4813066,,protein_coding,4813066
LOC4815201,,protein_coding,4815201
LOC4814130,,protein_coding,4814130
LOC117183569,,lncRNA,117183569
LOC4814164,,protein_coding,4814164
LOC4815027,,protein_coding,4815027
LOC6902363,,protein_coding,6902363
LOC4804363,,protein_coding,4804363
LOC4815405,,protein_coding,4815405
LOC4800743,,protein_coding,4800743
LOC6903052,,protein_coding,6903052
LOC4801648,,protein_coding,4801648
LOC6901117,,protein_coding,6901117
LOC4801284,,protein_coding,4801284
LOC26532657,,lncRNA,26532657
LOC4802063,,protein_coding,4802063
LOC26532626,,protein_coding,26532626
LOC6901716,,protein_coding,6901716
LOC4804745,,protein_coding,4804745
LOC4803750,,protein_coding,4803750
LOC4817538,,protein_coding,4817538
LOC4812438,,protein_coding,4812438
LOC6903230,,protein_coding,6903230
LOC6899993,,protein_coding,6899993
LOC6900725,,protein_coding,6900725
LOC4812790,,protein_coding,4812790
LOC4801169,,protein_coding,4801169
LOC6898132,,protein_coding,6898132
LOC4802351,,protein_coding,4802351
LOC4815231,,protein_coding,4815231
LOC4817634,,protein_coding,4817634
LOC6898266,,protein_coding,6898266
LOC4817494,,protein_coding,4817494
LOC117184679,,lncRNA,117184679
LOC4813867,,protein_coding,4813867
LOC4817288,,protein_coding,4817288
LOC117184632,,lncRNA,117184632
LOC4812868,,protein_coding,4812868
LOC4813189,,protein_coding,4813189
LOC4817382,,protein_coding,4817382
LOC6898985,,protein_coding,6898985
LOC4803929,,protein_coding,4803929
LOC4801451,,protein_coding,4801451
LOC4816196,,protein_coding,4816196
LOC6899991,,protein_coding,6899991
LOC6900362,,protein_coding,6900362
LOC6902781,,protein_coding,6902781
LOC117185601,,protein_coding,117185601
LOC117185515,,rRNA,117185515
LOC4818039,,protein_coding,4818039
LOC4816694,,protein_coding,4816694
LOC4811695,,protein_coding,4811695
LOC6899898,,protein_coding,6899898
LOC5495507,,protein_coding,5495507
LOC4802456,,protein_coding,4802456
LOC4803585,,protein_coding,4803585
LOC117184680,,lncRNA,117184680
LOC4815925,,protein_coding,4815925
LOC6902976,,protein_coding,6902976
LOC117184142,,lncRNA,117184142
LOC6899855,,protein_coding,6899855
LOC4813203,,protein_coding,4813203
LOC6900023,,protein_coding,6900023
LOC4805056,,protein_coding,4805056
LOC4814253,,protein_coding,4814253
LOC26534167,,lncRNA,26534167
LOC4804356,,protein_coding,4804356
LOC6902494,,protein_coding,6902494
LOC4803967,,protein_coding,4803967
LOC4814204,,protein_coding,4814204
LOC4803294,,protein_coding,4803294
LOC6904109,,protein_coding,6904109
LOC6901179,,protein_coding,6901179
LOC6903769,,protein_coding,6903769
LOC6898691,,protein_coding,6898691
LOC6900737,,protein_coding,6900737
LOC26532116,,protein_coding,26532116
LOC6903587,,protein_coding,6903587
LOC6896985,,protein_coding,6896985
LOC4813594,,protein_coding,4813594
LOC117183832,Trnaw-cca-8,tRNA,117183832
LOC26532889,,lncRNA,26532889
LOC6900442,,protein_coding,6900442
LOC4803571,,protein_coding,4803571
LOC4816288,,protein_coding,4816288
LOC117183573,,lncRNA,117183573
LOC4800291,,protein_coding,4800291
LOC4800687,,protein_coding,4800687
LOC117184979,,protein_coding,117184979
LOC4813932,,protein_coding,4813932
LOC6898597,,snoRNA,6898597
LOC6900162,,protein_coding,6900162
LOC4804040,,protein_coding,4804040
LOC4805551,,protein_coding,4805551
LOC6897732,,protein_coding,6897732
LOC26533904,,protein_coding,26533904
LOC6899909,,protein_coding,6899909
LOC4816370,,protein_coding,4816370
LOC6901362,,snoRNA,6901362
LOC4812072,,protein_coding,4812072
LOC4804948,,lncRNA,4804948
LOC4803906,,protein_coding,4803906
LOC4814192,,protein_coding,4814192
LOC6901801,,protein_coding,6901801
LOC4816295,,protein_coding,4816295
LOC4803653,,protein_coding,4803653
LOC6901652,,protein_coding,6901652
LOC117184035,,protein_coding,117184035
LOC4800576,,protein_coding,4800576
LOC4804158,,protein_coding,4804158
LOC4801633,,protein_coding,4801633
LOC6901104,,protein_coding,6901104
LOC4800344,,protein_coding,4800344
LOC117184642,,lncRNA,117184642
LOC4813051,,protein_coding,4813051
LOC4804205,,protein_coding,4804205
LOC117185306,,rRNA,117185306
LOC4803892,,protein_coding,4803892
LOC117183176,,protein_coding,117183176
LOC6900921,,protein_coding,6900921
LOC4800332,,protein_coding,4800332
LOC117183271,,lncRNA,117183271
LOC4811901,,protein_coding,4811901
LOC4813210,,protein_coding,4813210
LOC4800317,,protein_coding,4800317
LOC6899952,,protein_coding,6899952
LOC117183836,Trnan-guu-4,tRNA,117183836
LOC117184028,,protein_coding,117184028
LOC4813316,,protein_coding,4813316
LOC4812688,,protein_coding,4812688
LOC4816880,,protein_coding,4816880
LOC4802910,,protein_coding,4802910
LOC4803421,,protein_coding,4803421
LOC4816770,,protein_coding,4816770
LOC6903496,,protein_coding,6903496
LOC4816450,,protein_coding,4816450
LOC6903394,,protein_coding,6903394
LOC26533836,,lncRNA,26533836
LOC6903377,,protein_coding,6903377
LOC4801487,,protein_coding,4801487
LOC117185293,,rRNA,117185293
LOC6901696,,protein_coding,6901696
LOC4803328,,protein_coding,4803328
LOC4804601,,protein_coding,4804601
LOC4802391,,protein_coding,4802391
LOC6901659,,lncRNA,6901659
LOC117184488,,protein_coding,117184488
LOC4802044,,protein_coding,4802044
LOC4816834,,protein_coding,4816834
LOC4801001,,protein_coding,4801001
LOC4817038,,protein_coding,4817038
LOC117184127,,protein_coding,117184127
LOC117184375,,lncRNA,117184375
LOC4812038,,protein_coding,4812038
LOC4812345,,protein_coding,4812345
LOC6901538,,protein_coding,6901538
LOC4801985,,protein_coding,4801985
LOC4800697,,protein_coding,4800697
LOC4814259,,protein_coding,4814259
LOC4812572,,protein_coding,4812572
LOC4805222,,protein_coding,4805222
LOC6900478,,protein_coding,6900478
LOC6898007,,protein_coding,6898007
LOC117183985,,protein_coding,117183985
LOC4815549,,protein_coding,4815549
LOC6897780,,protein_coding,6897780
LOC4804645,,protein_coding,4804645
LOC117185033,,lncRNA,117185033
LOC6902763,,protein_coding,6902763
LOC4804271,,protein_coding,4804271
LOC4803148,,protein_coding,4803148
LOC6897199,,rRNA,6897199
LOC4817460,,protein_coding,4817460
LOC4813553,,protein_coding,4813553
LOC4804905,,protein_coding,4804905
LOC6898420,,protein_coding,6898420
LOC4813539,,protein_coding,4813539
LOC117184157,,protein_coding,117184157
LOC6898098,,protein_coding,6898098
LOC6899165,,protein_coding,6899165
LOC117183232,,lncRNA,117183232
LOC4804694,,protein_coding,4804694
LOC4801960,,protein_coding,4801960
LOC4815617,,protein_coding,4815617
LOC4816103,,protein_coding,4816103
LOC6898916,,snoRNA,6898916
LOC4816499,,protein_coding,4816499
LOC26532160,,protein_coding,26532160
LOC117184041,,protein_coding,117184041
LOC4801336,,protein_coding,4801336
LOC4802664,,protein_coding,4802664
LOC4817427,,protein_coding,4817427
LOC4804552,,protein_coding,4804552
LOC4804270,,protein_coding,4804270
LOC6901254,,protein_coding,6901254
LOC4804881,,protein_coding,4804881
LOC26533737,,lncRNA,26533737
LOC4805648,,protein_coding,4805648
LOC4804304,,protein_coding,4804304
LOC4803691,,protein_coding,4803691
LOC4817253,,protein_coding,4817253
LOC6899443,,rRNA,6899443
LOC4816624,,protein_coding,4816624
LOC26534353,,protein_coding,26534353
LOC6901873,,protein_coding,6901873
LOC6897825,,protein_coding,6897825
LOC4805570,,protein_coding,4805570
LOC26533292,,protein_coding,26533292
LOC4803281,,protein_coding,4803281
LOC6898358,,protein_coding,6898358
LOC6900403,,protein_coding,6900403
LOC117184349,,protein_coding,117184349
LOC117184426,,lncRNA,117184426
LOC4802691,,protein_coding,4802691
LOC4816438,,protein_coding,4816438
LOC4811898,,protein_coding,4811898
LOC4803584,,protein_coding,4803584
LOC6900305,,protein_coding,6900305
LOC4805199,,protein_coding,4805199
LOC6900651,,snoRNA,6900651
LOC4816187,,protein_coding,4816187
LOC117184065,,protein_coding,117184065
LOC4801458,,protein_coding,4801458
LOC117184066,,lncRNA,117184066
LOC4812423,,protein_coding,4812423
LOC6900034,,protein_coding,6900034
LOC4804957,,protein_coding,4804957
LOC26532196,,protein_coding,26532196
LOC44805050,HCS66_mgt21,tRNA,44805050
LOC6902535,,protein_coding,6902535
LOC4816794,,protein_coding,4816794
LOC6901010,,protein_coding,6901010
LOC26534326,,lncRNA,26534326
LOC6896866,,protein_coding,6896866
LOC4802353,,protein_coding,4802353
LOC117183326,,protein_coding,117183326
LOC6899935,,protein_coding,6899935
LOC117184431,,lncRNA,117184431
LOC4803680,,protein_coding,4803680
LOC6896702,,protein_coding,6896702
LOC4814508,,protein_coding,4814508
LOC6902861,,protein_coding,6902861
LOC4814794,,protein_coding,4814794
LOC4805515,,protein_coding,4805515
LOC4817342,,protein_coding,4817342
LOC4814082,,protein_coding,4814082
LOC4801814,,protein_coding,4801814
LOC26532531,,protein_coding,26532531
LOC26532186,,lncRNA,26532186
LOC4812643,,protein_coding,4812643
LOC6897909,,protein_coding,6897909
LOC4816366,,protein_coding,4816366
LOC6897512,,protein_coding,6897512
LOC26533775,,protein_coding,26533775
LOC6900757,,protein_coding,6900757
LOC4816125,,protein_coding,4816125
LOC4800853,,protein_coding,4800853
LOC4814175,,protein_coding,4814175
LOC4817921,,protein_coding,4817921
LOC6901535,,protein_coding,6901535
LOC4801267,,protein_coding,4801267
LOC4818058,,protein_coding,4818058
LOC4804344,,protein_coding,4804344
LOC4803952,,protein_coding,4803952
LOC6899103,,protein_coding,6899103
LOC117183322,,lncRNA,117183322
LOC6902220,,protein_coding,6902220
LOC117184809,,lncRNA,117184809
LOC4812963,,protein_coding,4812963
LOC4801063,,protein_coding,4801063
LOC117183449,Trnak-uuu-2,tRNA,117183449
LOC4812677,,protein_coding,4812677
LOC6902873,,protein_coding,6902873
LOC6902340,,protein_coding,6902340
LOC4800797,,protein_coding,4800797
LOC117185222,,rRNA,117185222
LOC26533547,,protein_coding,26533547
LOC4804914,,protein_coding,4804914
LOC4801565,,protein_coding,4801565
LOC4803208,,protein_coding,4803208
LOC117184117,,lncRNA,117184117
LOC4817836,,protein_coding,4817836
LOC4802517,,protein_coding,4802517
LOC117183965,,lncRNA,117183965
LOC4801294,,protein_coding,4801294
LOC4801559,,protein_coding,4801559
LOC6897142,,protein_coding,6897142
LOC4805377,,protein_coding,4805377
LOC6902521,,protein_coding,6902521
LOC4805287,,protein_coding,4805287
LOC6902436,,pseudogene,6902436
LOC26532244,,protein_coding,26532244
LOC6897823,,protein_coding,6897823
LOC6902194,,protein_coding,6902194
LOC4801997,,protein_coding,4801997
LOC117184456,,protein_coding,117184456
LOC4815240,,protein_coding,4815240
LOC4815190,,protein_coding,4815190
LOC4817273,,protein_coding,4817273
LOC6902668,,protein_coding,6902668
LOC4813566,,protein_coding,4813566
LOC26533217,,lncRNA,26533217
LOC4802065,,protein_coding,4802065
LOC4802104,,protein_coding,4802104
LOC117184082,,protein_coding,117184082
LOC117184448,,lncRNA,117184448
LOC117183177,,protein_coding,117183177
LOC4816222,,protein_coding,4816222
LOC26533489,,protein_coding,26533489
LOC4815692,,protein_coding,4815692
LOC4803969,,protein_coding,4803969
LOC117185464,,rRNA,117185464
LOC4803947,,protein_coding,4803947
LOC117183740,,lncRNA,117183740
LOC4800910,,protein_coding,4800910
LOC4802120,,protein_coding,4802120
LOC4801706,,protein_coding,4801706
LOC6898438,,protein_coding,6898438
LOC4805252,,protein_coding,4805252
LOC6896727,,protein_coding,6896727
LOC4814373,,protein_coding,4814373
LOC6898998,,protein_coding,6898998
LOC4805044,,protein_coding,4805044
LOC117183937,,lncRNA,117183937
LOC6900011,,protein_coding,6900011
LOC6901871,,protein_coding,6901871
LOC6900530,,snoRNA,6900530
LOC4802276,,protein_coding,4802276
LOC4811984,,protein_coding,4811984
LOC4801713,,protein_coding,4801713
LOC4813960,,protein_coding,4813960
LOC6902023,,protein_coding,6902023
LOC4801049,,protein_coding,4801049
LOC4814401,,protein_coding,4814401
LOC117185477,,rRNA,117185477
LOC117184290,Trnap-agg-2,tRNA,117184290
LOC4814413,,protein_coding,4814413
LOC4804964,,protein_coding,4804964
LOC117184393,,protein_coding,117184393
LOC4801660,,protein_coding,4801660
LOC4817373,,protein_coding,4817373
LOC4802575,,protein_coding,4802575
LOC4813454,,protein_coding,4813454
LOC4805026,,protein_coding,4805026
LOC6902797,,protein_coding,6902797
LOC4812247,,protein_coding,4812247
LOC26532454,,protein_coding,26532454
LOC4800592,,protein_coding,4800592
LOC6902077,,protein_coding,6902077
LOC6902048,,protein_coding,6902048
LOC117184559,,protein_coding,117184559
LOC4804767,,protein_coding,4804767
LOC4812338,,protein_coding,4812338
LOC6903576,,protein_coding,6903576
LOC6897650,,protein_coding,6897650
LOC4812042,,protein_coding,4812042
LOC6896798,,protein_coding,6896798
LOC6902425,,protein_coding,6902425
LOC117183242,,protein_coding,117183242
LOC4811999,,protein_coding,4811999
LOC6898506,,protein_coding,6898506
LOC6901732,,protein_coding,6901732
LOC26532411,,protein_coding,26532411
LOC6897363,,protein_coding,6897363
LOC26532822,,lncRNA,26532822
LOC4801323,,protein_coding,4801323
LOC4816870,,protein_coding,4816870
LOC6899785,,protein_coding,6899785
LOC4804168,,protein_coding,4804168
LOC4803311,,protein_coding,4803311
LOC4813402,,protein_coding,4813402
LOC4801159,,protein_coding,4801159
LOC4813938,,protein_coding,4813938
LOC4801429,,protein_coding,4801429
LOC4805040,,protein_coding,4805040
LOC4802871,,protein_coding,4802871
LOC4814688,,protein_coding,4814688
LOC4815926,,protein_coding,4815926
LOC4811771,,protein_coding,4811771
LOC4802957,,protein_coding,4802957
LOC4801186,,protein_coding,4801186
LOC4813525,,protein_coding,4813525
LOC4800925,,protein_coding,4800925
LOC4817229,,protein_coding,4817229
LOC4815113,,protein_coding,4815113
LOC4818076,,protein_coding,4818076
LOC6901847,,protein_coding,6901847
LOC6902006,,protein_coding,6902006
LOC117185155,,lncRNA,117185155
LOC26532747,,lncRNA,26532747
LOC4815241,,protein_coding,4815241
LOC4814831,,protein_coding,4814831
LOC6900523,,protein_coding,6900523
LOC6902666,,protein_coding,6902666
LOC4805047,,protein_coding,4805047
LOC4817330,,protein_coding,4817330
LOC6896672,,protein_coding,6896672
LOC117185011,,pseudogene,117185011
LOC4803487,,protein_coding,4803487
LOC4804511,,protein_coding,4804511
LOC4818193,,protein_coding,4818193
LOC6902764,,protein_coding,6902764
LOC4814213,,protein_coding,4814213
LOC117185063,,protein_coding,117185063
LOC4816990,,protein_coding,4816990
LOC6900805,,protein_coding,6900805
LOC6901500,,protein_coding,6901500
LOC6897219,,protein_coding,6897219
LOC6900439,,protein_coding,6900439
LOC26533238,,lncRNA,26533238
LOC26534345,,lncRNA,26534345
LOC4804810,,protein_coding,4804810
LOC44805045,HCS66_mgt17,tRNA,44805045
LOC4801737,,protein_coding,4801737
LOC4811928,,protein_coding,4811928
LOC6900293,,protein_coding,6900293
LOC6901154,,protein_coding,6901154
LOC4805129,,protein_coding,4805129
LOC4802851,,protein_coding,4802851
LOC4802162,,protein_coding,4802162
LOC117183998,,lncRNA,117183998
LOC26532408,,protein_coding,26532408
LOC4803470,,protein_coding,4803470
LOC4816820,,protein_coding,4816820
LOC6901501,,protein_coding,6901501
LOC4804910,,protein_coding,4804910
LOC6897819,,protein_coding,6897819
LOC117185402,Trnae-cuc-12,tRNA,117185402
LOC117185629,,lncRNA,117185629
LOC4804276,,protein_coding,4804276
LOC6898894,,protein_coding,6898894
LOC117183256,,lncRNA,117183256
LOC4805338,,protein_coding,4805338
LOC6901101,,protein_coding,6901101
LOC4800372,,protein_coding,4800372
LOC4815737,,protein_coding,4815737
LOC6901599,,protein_coding,6901599
LOC6900402,,protein_coding,6900402
LOC6901864,,protein_coding,6901864
LOC4815706,,protein_coding,4815706
LOC117185608,,protein_coding,117185608
LOC4804164,,protein_coding,4804164
LOC26534000,,lncRNA,26534000
LOC6901817,,protein_coding,6901817
LOC6902277,,protein_coding,6902277
LOC6900686,,protein_coding,6900686
LOC6898099,,protein_coding,6898099
LOC6898259,,protein_coding,6898259
LOC4804061,,protein_coding,4804061
LOC4815876,,protein_coding,4815876
LOC6902608,,protein_coding,6902608
LOC117183247,,lncRNA,117183247
LOC6900030,,protein_coding,6900030
LOC6903372,,protein_coding,6903372
LOC4803645,,protein_coding,4803645
LOC4801927,,protein_coding,4801927
LOC117183399,,protein_coding,117183399
LOC117184252,,protein_coding,117184252
LOC6901489,,protein_coding,6901489
LOC117184369,,protein_coding,117184369
LOC6899783,,protein_coding,6899783
LOC4803601,,protein_coding,4803601
LOC4816542,,protein_coding,4816542
LOC4804066,,protein_coding,4804066
LOC26532173,,lncRNA,26532173
LOC4804743,,protein_coding,4804743
LOC4816363,,protein_coding,4816363
LOC4814582,,protein_coding,4814582
LOC4813466,,protein_coding,4813466
LOC4805374,,protein_coding,4805374
LOC6897587,,protein_coding,6897587
LOC6898262,,protein_coding,6898262
LOC4812079,,protein_coding,4812079
LOC4816541,,protein_coding,4816541
LOC6900802,,protein_coding,6900802
LOC4812984,,protein_coding,4812984
LOC6898355,,protein_coding,6898355
LOC117184450,,lncRNA,117184450
LOC117183323,,protein_coding,117183323
LOC4812849,,protein_coding,4812849
LOC4816432,,protein_coding,4816432
LOC4817316,,protein_coding,4817316
LOC4801806,,protein_coding,4801806
LOC117183171,,protein_coding,117183171
LOC4803648,,protein_coding,4803648
LOC6902726,,protein_coding,6902726
LOC6898922,,protein_coding,6898922
LOC4801638,,protein_coding,4801638
LOC6896819,,protein_coding,6896819
LOC4805218,,protein_coding,4805218
LOC4800930,,protein_coding,4800930
LOC117185058,,protein_coding,117185058
LOC4801882,,protein_coding,4801882
LOC6903559,,protein_coding,6903559
LOC4814529,,protein_coding,4814529
LOC6898432,,protein_coding,6898432
LOC4813767,,protein_coding,4813767
LOC6899089,,protein_coding,6899089
LOC117184944,,lncRNA,117184944
LOC6898589,,protein_coding,6898589
LOC4812858,,protein_coding,4812858
LOC6896743,,protein_coding,6896743
LOC6897232,,protein_coding,6897232
LOC4813347,,protein_coding,4813347
LOC4817980,,protein_coding,4817980
LOC4802025,,protein_coding,4802025
LOC6901039,,protein_coding,6901039
LOC6900707,,protein_coding,6900707
LOC4801512,,protein_coding,4801512
LOC4803409,,protein_coding,4803409
LOC4815109,,protein_coding,4815109
LOC117183273,,lncRNA,117183273
LOC4801197,,protein_coding,4801197
LOC26532170,,protein_coding,26532170
LOC4815112,,protein_coding,4815112
LOC4813857,,protein_coding,4813857
LOC4814990,,protein_coding,4814990
LOC117185496,,rRNA,117185496
LOC6898388,,pseudogene,6898388
LOC4814119,,protein_coding,4814119
LOC117184052,,lncRNA,117184052
LOC4816522,,protein_coding,4816522
LOC26533475,,protein_coding,26533475
LOC6899890,,protein_coding,6899890
LOC4815408,,protein_coding,4815408
LOC4805249,,protein_coding,4805249
LOC4813196,,protein_coding,4813196
LOC4814670,,protein_coding,4814670
LOC4818181,,protein_coding,4818181
LOC4803549,,protein_coding,4803549
LOC4800969,,protein_coding,4800969
LOC4803484,,protein_coding,4803484
LOC4815304,,protein_coding,4815304
LOC6898192,,protein_coding,6898192
LOC4803634,,protein_coding,4803634
LOC4813044,,protein_coding,4813044
LOC117184113,,pseudogene,117184113
LOC6901990,,protein_coding,6901990
LOC6897378,,protein_coding,6897378
LOC4803713,,protein_coding,4803713
LOC4804849,,protein_coding,4804849
LOC6902670,,protein_coding,6902670
LOC6901224,,protein_coding,6901224
LOC4800796,,protein_coding,4800796
LOC117183236,,lncRNA,117183236
LOC4802167,,protein_coding,4802167
LOC4811675,,protein_coding,4811675
LOC6902901,,protein_coding,6902901
LOC4817886,,protein_coding,4817886
LOC6900240,,protein_coding,6900240
LOC4803529,,protein_coding,4803529
LOC4812415,,protein_coding,4812415
LOC4803215,,protein_coding,4803215
LOC6896918,,protein_coding,6896918
LOC4804924,,protein_coding,4804924
LOC4801051,,protein_coding,4801051
LOC117185136,,lncRNA,117185136
LOC6898695,,protein_coding,6898695
LOC117184980,,lncRNA,117184980
LOC4803090,,protein_coding,4803090
LOC4815384,,protein_coding,4815384
LOC6901606,,protein_coding,6901606
LOC6901181,,protein_coding,6901181
LOC4817847,,protein_coding,4817847
LOC4818060,,protein_coding,4818060
LOC4803038,,protein_coding,4803038
LOC4818138,,protein_coding,4818138
LOC117183715,,lncRNA,117183715
LOC4815769,,protein_coding,4815769
LOC6900580,,protein_coding,6900580
LOC4817572,,protein_coding,4817572
LOC6896858,,protein_coding,6896858
LOC117183230,,lncRNA,117183230
LOC6900387,,protein_coding,6900387
LOC6898403,,protein_coding,6898403
LOC4801241,,protein_coding,4801241
LOC4804912,,protein_coding,4804912
LOC117185340,Trnas-aga-10,tRNA,117185340
LOC6900480,,protein_coding,6900480
LOC44805035,HCS66_mgp07,protein_coding,44805035
LOC4803430,,protein_coding,4803430
LOC117185256,,rRNA,117185256
LOC6901588,,protein_coding,6901588
LOC4800452,,protein_coding,4800452
LOC6897084,,protein_coding,6897084
LOC6900594,,protein_coding,6900594
LOC4804832,,protein_coding,4804832
LOC4800782,,protein_coding,4800782
LOC117183309,,protein_coding,117183309
LOC117184482,,lncRNA,117184482
LOC117185666,,lncRNA,117185666
LOC4817628,,protein_coding,4817628
LOC4812937,,protein_coding,4812937
LOC4801013,,protein_coding,4801013
LOC6901904,,protein_coding,6901904
LOC117184297,Trnay-gua-6,tRNA,117184297
LOC4802305,,protein_coding,4802305
LOC6900681,,protein_coding,6900681
LOC4803141,,protein_coding,4803141
LOC117183629,,lncRNA,117183629
LOC4800431,,protein_coding,4800431
LOC117183932,,pseudogene,117183932
LOC26534013,,lncRNA,26534013
LOC4802503,,protein_coding,4802503
LOC6898659,,protein_coding,6898659
LOC6900050,,protein_coding,6900050
LOC4815663,,protein_coding,4815663
LOC117184942,,lncRNA,117184942
LOC6898308,,protein_coding,6898308
LOC4801160,,protein_coding,4801160
LOC117183719,,lncRNA,117183719
LOC4804693,,protein_coding,4804693
LOC6903078,,protein_coding,6903078
LOC4805502,,protein_coding,4805502
LOC4814815,,protein_coding,4814815
LOC6897818,,protein_coding,6897818
LOC26532378,,lncRNA,26532378
LOC6897972,,protein_coding,6897972
LOC4802539,,protein_coding,4802539
LOC6897747,,protein_coding,6897747
LOC6897863,,protein_coding,6897863
LOC4817932,,protein_coding,4817932
LOC6900521,,protein_coding,6900521
LOC4800301,,protein_coding,4800301
LOC117185089,,protein_coding,117185089
LOC6904018,,pseudogene,6904018
LOC4813899,,protein_coding,4813899
LOC117184002,,lncRNA,117184002
LOC117184138,,lncRNA,117184138
LOC117183675,,lncRNA,117183675
LOC4801661,,protein_coding,4801661
LOC4804998,,protein_coding,4804998
LOC117184123,,protein_coding,117184123
LOC4800745,,protein_coding,4800745
LOC6897609,,protein_coding,6897609
LOC4814877,,protein_coding,4814877
LOC4802358,,protein_coding,4802358
LOC4805434,,protein_coding,4805434
LOC4800300,,protein_coding,4800300
LOC4801586,,protein_coding,4801586
LOC4813288,,protein_coding,4813288
LOC4802166,,protein_coding,4802166
LOC4812031,,protein_coding,4812031
LOC117184402,,protein_coding,117184402
LOC6898412,,protein_coding,6898412
LOC4802428,,protein_coding,4802428
LOC4818080,,protein_coding,4818080
LOC117184844,,lncRNA,117184844
LOC6901116,,protein_coding,6901116
LOC4812197,,protein_coding,4812197
LOC6900390,,protein_coding,6900390
LOC117184519,,lncRNA,117184519
LOC26533610,,lncRNA,26533610
LOC4812144,,protein_coding,4812144
LOC4804339,,protein_coding,4804339
LOC4804692,,protein_coding,4804692
LOC6903669,,pseudogene,6903669
LOC4813642,,protein_coding,4813642
LOC4816650,,protein_coding,4816650
LOC4816872,,protein_coding,4816872
LOC4802882,,protein_coding,4802882
LOC6898647,,protein_coding,6898647
LOC117184368,,lncRNA,117184368
LOC4802515,,protein_coding,4802515
LOC4813729,,protein_coding,4813729
LOC4802735,,protein_coding,4802735
LOC4813200,,protein_coding,4813200
LOC4817435,,protein_coding,4817435
LOC117185383,Trnap-cgg-4,tRNA,117185383
LOC117184571,,lncRNA,117184571
LOC6898265,,protein_coding,6898265
LOC4812278,,protein_coding,4812278
LOC117184039,,lncRNA,117184039
LOC4804488,,protein_coding,4804488
LOC4813046,,protein_coding,4813046
LOC117185555,,lncRNA,117185555
LOC4813031,,protein_coding,4813031
LOC6900516,,protein_coding,6900516
LOC6898820,,protein_coding,6898820
LOC4817138,,protein_coding,4817138
LOC6902248,,protein_coding,6902248
LOC117184452,,lncRNA,117184452
LOC4805109,,protein_coding,4805109
LOC4813669,,protein_coding,4813669
LOC4803462,,protein_coding,4803462
LOC4804167,,protein_coding,4804167
LOC6896734,,protein_coding,6896734
LOC117185582,,rRNA,117185582
LOC4816973,,protein_coding,4816973
LOC6901661,,protein_coding,6901661
LOC117185301,,rRNA,117185301
LOC6897633,,protein_coding,6897633
LOC6899918,,protein_coding,6899918
LOC4802886,,protein_coding,4802886
LOC4805518,,protein_coding,4805518
LOC4800495,,protein_coding,4800495
LOC4816164,,protein_coding,4816164
LOC4812343,,protein_coding,4812343
LOC117184686,,lncRNA,117184686
LOC117183773,,protein_coding,117183773
LOC4812843,,protein_coding,4812843
LOC4801570,,protein_coding,4801570
LOC4818140,,protein_coding,4818140
LOC117184597,,lncRNA,117184597
LOC117184462,,protein_coding,117184462
LOC117185025,,protein_coding,117185025
LOC6897556,,protein_coding,6897556
LOC4803802,,protein_coding,4803802
LOC6901494,,protein_coding,6901494
LOC6898117,,protein_coding,6898117
LOC4801718,,protein_coding,4801718
LOC4801577,,protein_coding,4801577
LOC4803183,,protein_coding,4803183
LOC4814037,,protein_coding,4814037
LOC117183186,,protein_coding,117183186
LOC4805261,,protein_coding,4805261
LOC117184518,,protein_coding,117184518
LOC26532398,,protein_coding,26532398
LOC117184380,,lncRNA,117184380
LOC4802194,,protein_coding,4802194
LOC13036370,,protein_coding,13036370
LOC4815578,,protein_coding,4815578
LOC26532023,,protein_coding,26532023
LOC117184205,,protein_coding,117184205
LOC117184379,,protein_coding,117184379
LOC6900381,,protein_coding,6900381
LOC26532975,,protein_coding,26532975
LOC4817878,,protein_coding,4817878
LOC4817990,,protein_coding,4817990
LOC4804206,,protein_coding,4804206
LOC4800827,,protein_coding,4800827
LOC6900898,,protein_coding,6900898
LOC4802908,,protein_coding,4802908
LOC4802810,,protein_coding,4802810
LOC4817010,,protein_coding,4817010
LOC6900620,,protein_coding,6900620
LOC6899091,,protein_coding,6899091
LOC4817684,,protein_coding,4817684
LOC4803963,,protein_coding,4803963
LOC26531995,,lncRNA,26531995
LOC6897931,,protein_coding,6897931
LOC4804690,,protein_coding,4804690
LOC4805557,,protein_coding,4805557
LOC4815131,,protein_coding,4815131
LOC6902397,,protein_coding,6902397
LOC4812049,,protein_coding,4812049
LOC4816824,,protein_coding,4816824
LOC4817270,,protein_coding,4817270
LOC4803948,,protein_coding,4803948
LOC6897481,,protein_coding,6897481
LOC6902591,,protein_coding,6902591
LOC6903376,,protein_coding,6903376
LOC4814133,,protein_coding,4814133
LOC4805599,,protein_coding,4805599
LOC4814601,,protein_coding,4814601
LOC117185299,,rRNA,117185299
LOC4817715,,protein_coding,4817715
LOC6903082,,protein_coding,6903082
LOC4803280,,protein_coding,4803280
LOC4817636,,protein_coding,4817636
LOC4817760,,protein_coding,4817760
LOC6903237,,protein_coding,6903237
LOC4805311,,protein_coding,4805311
LOC6902654,,protein_coding,6902654
LOC6898641,,protein_coding,6898641
LOC117183485,Trnam-cau,tRNA,117183485
LOC4817212,,protein_coding,4817212
LOC6901821,,protein_coding,6901821
LOC117184818,,lncRNA,117184818
LOC6898018,,protein_coding,6898018
LOC117183237,,lncRNA,117183237
LOC4813606,,protein_coding,4813606
LOC4815482,,protein_coding,4815482
LOC6896714,,protein_coding,6896714
LOC4814084,,protein_coding,4814084
LOC4817955,,protein_coding,4817955
LOC4804445,,protein_coding,4804445
LOC6898003,,protein_coding,6898003
LOC6898658,,protein_coding,6898658
LOC44805025,HCS66_mgp10,protein_coding,44805025
LOC6901818,,protein_coding,6901818
LOC4812682,,protein_coding,4812682
LOC6902599,,protein_coding,6902599
LOC4817446,,protein_coding,4817446
LOC4816978,,protein_coding,4816978
LOC4800673,,protein_coding,4800673
LOC4813469,,protein_coding,4813469
LOC6896878,,protein_coding,6896878
LOC4817376,,protein_coding,4817376
LOC4815247,,protein_coding,4815247
LOC4811722,,protein_coding,4811722
LOC4801574,,protein_coding,4801574
LOC4803901,,protein_coding,4803901
LOC117183767,,protein_coding,117183767
LOC4803322,,protein_coding,4803322
LOC5495503,,protein_coding,5495503
LOC4811869,,protein_coding,4811869
LOC117183578,,protein_coding,117183578
LOC4812302,,protein_coding,4812302
LOC4815075,,protein_coding,4815075
LOC26533520,,protein_coding,26533520
LOC117183513,,lncRNA,117183513
LOC4815724,,protein_coding,4815724
LOC4815461,,protein_coding,4815461
LOC4801242,,protein_coding,4801242
LOC4800265,,protein_coding,4800265
LOC26532736,,lncRNA,26532736
LOC15382886,,protein_coding,15382886
LOC117184681,,lncRNA,117184681
LOC4805281,,protein_coding,4805281
LOC117184294,Trnad-guc-4,tRNA,117184294
LOC4813731,,protein_coding,4813731
LOC117183636,,lncRNA,117183636
LOC117185040,,protein_coding,117185040
LOC117184773,,protein_coding,117184773
LOC4816575,,protein_coding,4816575
LOC4812917,,protein_coding,4812917
LOC117185260,,rRNA,117185260
LOC4817755,,protein_coding,4817755
LOC4805182,,protein_coding,4805182
LOC4817060,,protein_coding,4817060
LOC117185557,,protein_coding,117185557
LOC6901340,,protein_coding,6901340
LOC4817296,,protein_coding,4817296
LOC117184189,,protein_coding,117184189
LOC117184495,,protein_coding,117184495
LOC4805564,,protein_coding,4805564
LOC4804794,,protein_coding,4804794
LOC6901438,,protein_coding,6901438
LOC6901338,,lncRNA,6901338
LOC4817819,,protein_coding,4817819
LOC6897189,,protein_coding,6897189
LOC4803378,,protein_coding,4803378
LOC4814974,,protein_coding,4814974
LOC6903088,,snoRNA,6903088
LOC4804859,,protein_coding,4804859
LOC4815321,,protein_coding,4815321
LOC117183799,,guide_RNA,117183799
LOC4802076,,protein_coding,4802076
LOC26532360,,protein_coding,26532360
LOC4817143,,protein_coding,4817143
LOC4801195,,protein_coding,4801195
LOC4802907,,protein_coding,4802907
LOC4804034,,protein_coding,4804034
LOC117183295,,lncRNA,117183295
LOC4803356,,protein_coding,4803356
LOC6897835,,protein_coding,6897835
LOC4801839,,protein_coding,4801839
LOC6900934,,protein_coding,6900934
LOC4803624,,protein_coding,4803624
LOC117184410,,protein_coding,117184410
LOC6896843,,protein_coding,6896843
LOC4814371,,protein_coding,4814371
LOC4804029,,protein_coding,4804029
LOC4817405,,protein_coding,4817405
LOC6896704,,protein_coding,6896704
LOC4805334,,protein_coding,4805334
LOC6900519,,protein_coding,6900519
LOC4813676,,protein_coding,4813676
LOC117184099,,protein_coding,117184099
LOC6902966,,protein_coding,6902966
LOC4802762,,protein_coding,4802762
LOC26534069,,protein_coding,26534069
LOC117184477,,lncRNA,117184477
LOC117184021,,lncRNA,117184021
LOC4802027,,protein_coding,4802027
LOC4813103,,protein_coding,4813103
LOC4816576,,protein_coding,4816576
LOC117183319,,lncRNA,117183319
LOC4816701,,protein_coding,4816701
LOC4800310,,protein_coding,4800310
LOC4814818,,protein_coding,4814818
LOC4813105,,protein_coding,4813105
LOC26533406,,protein_coding,26533406
LOC13036449,,protein_coding,13036449
LOC6904117,,protein_coding,6904117
LOC6901273,,protein_coding,6901273
LOC6897146,,protein_coding,6897146
LOC6903016,,protein_coding,6903016
LOC4817035,,protein_coding,4817035
LOC4814399,,protein_coding,4814399
LOC6897796,,protein_coding,6897796
LOC4812622,,protein_coding,4812622
LOC117183674,,lncRNA,117183674
LOC117183294,,lncRNA,117183294
LOC26533572,,protein_coding,26533572
LOC6897314,,protein_coding,6897314
LOC6900593,,protein_coding,6900593
LOC117183984,,protein_coding,117183984
LOC6903555,,protein_coding,6903555
LOC4800587,,protein_coding,4800587
LOC117183306,,lncRNA,117183306
LOC4801988,,protein_coding,4801988
LOC117183246,,lncRNA,117183246
LOC6899046,,protein_coding,6899046
LOC6897480,,protein_coding,6897480
LOC26533216,,lncRNA,26533216
LOC6900498,,protein_coding,6900498
LOC26533776,,lncRNA,26533776
LOC26533135,,protein_coding,26533135
LOC4801274,,protein_coding,4801274
LOC26532932,,protein_coding,26532932
LOC117183805,Trnar-ucu,tRNA,117183805
LOC4801432,,protein_coding,4801432
LOC6903097,,protein_coding,6903097
LOC117183822,Trnai-aau-4,tRNA,117183822
LOC4817357,,protein_coding,4817357
LOC117185069,,protein_coding,117185069
LOC4801555,,protein_coding,4801555
LOC4812103,,protein_coding,4812103
LOC6898824,,protein_coding,6898824
LOC6897312,,protein_coding,6897312
LOC4814395,,protein_coding,4814395
LOC4814190,,protein_coding,4814190
LOC6900980,,protein_coding,6900980
LOC6903432,,protein_coding,6903432
LOC6903373,,protein_coding,6903373
LOC6897589,,protein_coding,6897589
LOC4816629,,protein_coding,4816629
LOC4816865,,protein_coding,4816865
LOC4814709,,protein_coding,4814709
LOC4815220,,protein_coding,4815220
LOC26533972,,lncRNA,26533972
LOC4804939,,protein_coding,4804939
LOC26533811,,lncRNA,26533811
LOC4801566,,protein_coding,4801566
LOC4800558,,protein_coding,4800558
LOC117183558,,protein_coding,117183558
LOC117185391,Trnal-cag-4,tRNA,117185391
LOC4804658,,protein_coding,4804658
LOC117183638,,lncRNA,117183638
LOC4816520,,protein_coding,4816520
LOC4816268,,protein_coding,4816268
LOC4812598,,protein_coding,4812598
LOC6901722,,protein_coding,6901722
LOC4814451,,protein_coding,4814451
LOC4804630,,protein_coding,4804630
LOC4816991,,protein_coding,4816991
LOC4813860,,protein_coding,4813860
LOC6902998,,protein_coding,6902998
LOC117185594,,protein_coding,117185594
LOC117185134,,lncRNA,117185134
LOC6897489,,protein_coding,6897489
LOC26533121,,lncRNA,26533121
LOC26532024,,lncRNA,26532024
LOC4804160,,protein_coding,4804160
LOC4801850,,protein_coding,4801850
LOC117184391,,protein_coding,117184391
LOC4811944,,protein_coding,4811944
LOC4812521,,protein_coding,4812521
LOC26532861,,protein_coding,26532861
LOC117183692,,lncRNA,117183692
LOC6902155,,protein_coding,6902155
LOC6899917,,protein_coding,6899917
LOC4814392,,protein_coding,4814392
LOC4803481,,protein_coding,4803481
LOC4815470,,protein_coding,4815470
LOC4805039,,protein_coding,4805039
LOC4813557,,protein_coding,4813557
LOC4802518,,protein_coding,4802518
LOC6898202,,protein_coding,6898202
LOC4805411,,protein_coding,4805411
LOC6902210,,protein_coding,6902210
LOC117185176,,lncRNA,117185176
LOC4804526,,protein_coding,4804526
LOC6896834,,protein_coding,6896834
LOC4813485,,protein_coding,4813485
LOC4815949,,protein_coding,4815949
LOC26532266,,lncRNA,26532266
LOC117185379,Trnac-gca-6,tRNA,117185379
LOC4817085,,protein_coding,4817085
LOC6900344,,protein_coding,6900344
LOC6897603,,protein_coding,6897603
LOC4812446,,protein_coding,4812446
LOC13036341,,protein_coding,13036341
LOC4814780,,protein_coding,4814780
LOC4803245,,protein_coding,4803245
LOC117184598,,protein_coding,117184598
LOC4812560,,protein_coding,4812560
LOC4814466,,protein_coding,4814466
LOC4817291,,protein_coding,4817291
LOC4803702,,protein_coding,4803702
LOC4801822,,protein_coding,4801822
LOC26532357,,protein_coding,26532357
LOC6903433,,protein_coding,6903433
LOC4813050,,protein_coding,4813050
LOC117185154,,lncRNA,117185154
LOC4812153,,protein_coding,4812153
LOC117184994,,lncRNA,117184994
LOC6898533,,protein_coding,6898533
LOC4803662,,protein_coding,4803662
LOC6900389,,protein_coding,6900389
LOC4814649,,protein_coding,4814649
LOC26534434,,protein_coding,26534434
LOC4801581,,protein_coding,4801581
LOC4812514,,protein_coding,4812514
LOC6903937,,protein_coding,6903937
LOC4805541,,protein_coding,4805541
LOC6902868,,protein_coding,6902868
LOC4815514,,protein_coding,4815514
LOC4811830,,protein_coding,4811830
LOC4813723,,protein_coding,4813723
LOC117184558,,lncRNA,117184558
LOC4800367,,protein_coding,4800367
LOC4812552,,protein_coding,4812552
LOC6900341,,protein_coding,6900341
LOC4802103,,protein_coding,4802103
LOC4812370,,protein_coding,4812370
LOC4813033,,protein_coding,4813033
LOC117184472,,lncRNA,117184472
LOC4804280,,protein_coding,4804280
LOC4814495,,protein_coding,4814495
LOC117184875,,lncRNA,117184875
LOC6903344,,protein_coding,6903344
LOC4802884,,protein_coding,4802884
LOC4811669,,protein_coding,4811669
LOC26533671,,protein_coding,26533671
LOC4805294,,protein_coding,4805294
LOC6903325,,protein_coding,6903325
LOC4815712,,protein_coding,4815712
LOC4801319,,protein_coding,4801319
LOC26534216,,protein_coding,26534216
LOC6900705,,protein_coding,6900705
LOC117184973,,protein_coding,117184973
LOC26533373,,lncRNA,26533373
LOC6900051,,protein_coding,6900051
LOC6900277,,snoRNA,6900277
LOC6900125,,protein_coding,6900125
LOC6900167,,protein_coding,6900167
LOC6896826,,protein_coding,6896826
LOC4801508,,protein_coding,4801508
LOC4814558,,protein_coding,4814558
LOC4811762,,protein_coding,4811762
LOC4815767,,protein_coding,4815767
LOC4805424,,protein_coding,4805424
LOC6901278,,protein_coding,6901278
LOC4805082,,protein_coding,4805082
LOC4812990,,protein_coding,4812990
LOC4805078,,protein_coding,4805078
LOC4814904,,protein_coding,4814904
LOC26532605,,lncRNA,26532605
LOC4812875,,protein_coding,4812875
LOC117184077,,lncRNA,117184077
LOC6898354,,protein_coding,6898354
LOC117184763,,lncRNA,117184763
LOC117184197,,lncRNA,117184197
LOC6902828,,protein_coding,6902828
LOC117184888,,lncRNA,117184888
LOC117183500,,lncRNA,117183500
LOC117184866,,lncRNA,117184866
LOC4815689,,protein_coding,4815689
LOC117183274,,protein_coding,117183274
LOC6901348,,lncRNA,6901348
LOC117183382,,protein_coding,117183382
LOC26532949,,protein_coding,26532949
LOC4817062,,protein_coding,4817062
LOC6897127,,protein_coding,6897127
LOC117184486,,lncRNA,117184486
LOC6898023,,protein_coding,6898023
LOC4800924,,protein_coding,4800924
LOC4814064,,protein_coding,4814064
LOC4815787,,protein_coding,4815787
LOC4805433,,protein_coding,4805433
LOC6901533,,protein_coding,6901533
LOC4803007,,protein_coding,4803007
LOC4816781,,protein_coding,4816781
LOC4805179,,protein_coding,4805179
LOC6902639,,snRNA,6902639
LOC4813644,,protein_coding,4813644
LOC4817102,,protein_coding,4817102
LOC4804493,,protein_coding,4804493
LOC4816347,,protein_coding,4816347
LOC4802468,,protein_coding,4802468
LOC4805074,,protein_coding,4805074
LOC6902961,,protein_coding,6902961
LOC4802357,,protein_coding,4802357
LOC4813218,,protein_coding,4813218
LOC117184216,,protein_coding,117184216
LOC4804620,,protein_coding,4804620
LOC6902376,,protein_coding,6902376
LOC6898643,,protein_coding,6898643
LOC4813077,,protein_coding,4813077
LOC26532178,,protein_coding,26532178
LOC6901226,,protein_coding,6901226
LOC4805176,,protein_coding,4805176
LOC4812979,,protein_coding,4812979
LOC4813232,,protein_coding,4813232
LOC4811709,,protein_coding,4811709
LOC4811865,,protein_coding,4811865
LOC4815840,,protein_coding,4815840
LOC117183574,,protein_coding,117183574
LOC6897273,,protein_coding,6897273
LOC117185394,Trnal-cag-7,tRNA,117185394
LOC4800510,,protein_coding,4800510
LOC4800870,,protein_coding,4800870
LOC117184227,,lncRNA,117184227
LOC4814827,,protein_coding,4814827
LOC26534059,,lncRNA,26534059
LOC4816903,,protein_coding,4816903
LOC6901416,,protein_coding,6901416
LOC4804828,,protein_coding,4804828
LOC4801236,,protein_coding,4801236
LOC26534230,,lncRNA,26534230
LOC117184881,,protein_coding,117184881
LOC4801852,,protein_coding,4801852
LOC117184594,,protein_coding,117184594
LOC4815485,,protein_coding,4815485
LOC6897307,,protein_coding,6897307
LOC4815859,,protein_coding,4815859
LOC26532037,,protein_coding,26532037
LOC4818144,,protein_coding,4818144
LOC117184158,,lncRNA,117184158
LOC4818094,,protein_coding,4818094
LOC4813053,,protein_coding,4813053
LOC117183490,,lncRNA,117183490
LOC6897762,,protein_coding,6897762
LOC4812627,,protein_coding,4812627
LOC6903001,,protein_coding,6903001
LOC4815343,,protein_coding,4815343
LOC26534185,,lncRNA,26534185
LOC117183642,,lncRNA,117183642
LOC4803450,,protein_coding,4803450
LOC4802463,,protein_coding,4802463
LOC4817506,,protein_coding,4817506
LOC4813293,,protein_coding,4813293
LOC4817505,,protein_coding,4817505
LOC4813013,,protein_coding,4813013
LOC4816147,,protein_coding,4816147
LOC4813084,,protein_coding,4813084
LOC4800440,,protein_coding,4800440
LOC6898276,,protein_coding,6898276
LOC6897976,,protein_coding,6897976
LOC4816962,,protein_coding,4816962
LOC6898651,,protein_coding,6898651
LOC4802934,,protein_coding,4802934
LOC4803177,,protein_coding,4803177
LOC26534028,,protein_coding,26534028
LOC4814444,,protein_coding,4814444
LOC4816428,,protein_coding,4816428
LOC117184808,,lncRNA,117184808
LOC6899905,,protein_coding,6899905
LOC6902342,,protein_coding,6902342
LOC26533666,,protein_coding,26533666
LOC6899088,,protein_coding,6899088
LOC117185670,,lncRNA,117185670
LOC4816291,,protein_coding,4816291
LOC4803110,,protein_coding,4803110
LOC6900514,,protein_coding,6900514
LOC4813509,,protein_coding,4813509
LOC4818199,,protein_coding,4818199
LOC6896753,,protein_coding,6896753
LOC4804005,,protein_coding,4804005
LOC117183397,,protein_coding,117183397
LOC117184823,,protein_coding,117184823
LOC6903239,,protein_coding,6903239
LOC117183934,,lncRNA,117183934
LOC4816965,,protein_coding,4816965
LOC4818022,,protein_coding,4818022
LOC117184386,,lncRNA,117184386
LOC117183280,,lncRNA,117183280
LOC6902593,,snRNA,6902593
LOC4813640,,protein_coding,4813640
LOC26533974,,protein_coding,26533974
LOC26533190,,lncRNA,26533190
LOC4801454,,protein_coding,4801454
LOC117184797,,lncRNA,117184797
LOC6899053,,protein_coding,6899053
LOC6899095,,protein_coding,6899095
LOC4813890,,protein_coding,4813890
LOC13036326,,protein_coding,13036326
LOC4800501,,protein_coding,4800501
LOC13036385,,protein_coding,13036385
LOC4816846,,protein_coding,4816846
LOC4814315,,protein_coding,4814315
LOC4815115,,protein_coding,4815115
LOC6898751,,rRNA,6898751
LOC4813854,,protein_coding,4813854
LOC117184954,,protein_coding,117184954
LOC6903567,,protein_coding,6903567
LOC4817131,,protein_coding,4817131
LOC6900218,,protein_coding,6900218
LOC4817310,,protein_coding,4817310
LOC4803217,,protein_coding,4803217
LOC4804190,,protein_coding,4804190
LOC4804337,,protein_coding,4804337
LOC4815508,,protein_coding,4815508
LOC26534003,,protein_coding,26534003
LOC4815848,,protein_coding,4815848
LOC6902799,,protein_coding,6902799
LOC6902740,,protein_coding,6902740
LOC117184388,,lncRNA,117184388
LOC117183510,,lncRNA,117183510
LOC26532334,,lncRNA,26532334
LOC117183860,Trnak-cuu-4,tRNA,117183860
LOC4812901,,protein_coding,4812901
LOC13036535,,protein_coding,13036535
LOC4811772,,protein_coding,4811772
LOC6903685,,protein_coding,6903685
LOC6902704,,protein_coding,6902704
LOC6900835,,protein_coding,6900835
LOC4803852,,protein_coding,4803852
LOC4801392,,protein_coding,4801392
LOC4815280,,protein_coding,4815280
LOC4801594,,protein_coding,4801594
LOC6903497,,protein_coding,6903497
LOC6898222,,protein_coding,6898222
LOC4802625,,protein_coding,4802625
LOC6898515,,protein_coding,6898515
LOC117184893,,protein_coding,117184893
LOC26533793,,lncRNA,26533793
LOC6896744,,protein_coding,6896744
LOC4811946,,protein_coding,4811946
LOC4813121,,protein_coding,4813121
LOC117185330,Trnag-ccc-2,tRNA,117185330
LOC117185612,,protein_coding,117185612
LOC4801146,,protein_coding,4801146
LOC117184699,,protein_coding,117184699
LOC4805582,,protein_coding,4805582
LOC6903282,,protein_coding,6903282
LOC117184433,,lncRNA,117184433
LOC26533680,,protein_coding,26533680
LOC4804764,,protein_coding,4804764
LOC26533930,,protein_coding,26533930
LOC6901511,,protein_coding,6901511
LOC117184800,,lncRNA,117184800
LOC4800534,,protein_coding,4800534
LOC6901427,,protein_coding,6901427
LOC4817147,,protein_coding,4817147
LOC117185371,Trnae-cuc-9,tRNA,117185371
LOC26533215,,protein_coding,26533215
LOC4802963,,protein_coding,4802963
LOC117183747,,lncRNA,117183747
LOC4802751,,protein_coding,4802751
LOC6896795,,protein_coding,6896795
LOC4803317,,protein_coding,4803317
LOC4802460,,protein_coding,4802460
LOC26532756,,protein_coding,26532756
LOC117184334,,lncRNA,117184334
LOC117184618,,protein_coding,117184618
LOC4800807,,protein_coding,4800807
LOC6902059,,pseudogene,6902059
LOC6898062,,protein_coding,6898062
LOC117184623,,lncRNA,117184623
LOC4814473,,protein_coding,4814473
LOC6898164,,protein_coding,6898164
LOC4800454,,protein_coding,4800454
LOC6903575,,protein_coding,6903575
LOC4815009,,protein_coding,4815009
LOC6903086,,protein_coding,6903086
LOC6902454,,protein_coding,6902454
LOC4817290,,protein_coding,4817290
LOC4815230,,protein_coding,4815230
LOC4817013,,protein_coding,4817013
LOC4815434,,protein_coding,4815434
LOC4813733,,protein_coding,4813733
LOC4817644,,protein_coding,4817644
LOC4804485,,protein_coding,4804485
LOC4811998,,protein_coding,4811998
LOC4803194,,protein_coding,4803194
LOC4804085,,protein_coding,4804085
LOC4803083,,protein_coding,4803083
LOC4814499,,protein_coding,4814499
LOC4812988,,protein_coding,4812988
LOC6902686,,protein_coding,6902686
LOC6897154,,protein_coding,6897154
LOC4800269,,protein_coding,4800269
LOC4802442,,protein_coding,4802442
LOC4812233,,protein_coding,4812233
LOC6897561,,protein_coding,6897561
LOC6896696,,protein_coding,6896696
LOC6900443,,protein_coding,6900443
LOC26533266,,protein_coding,26533266
LOC117184395,,protein_coding,117184395
LOC4803319,,protein_coding,4803319
LOC26532422,,protein_coding,26532422
LOC4800786,,protein_coding,4800786
LOC4801189,,protein_coding,4801189
LOC6901895,,protein_coding,6901895
LOC6901767,,protein_coding,6901767
LOC13036270,,protein_coding,13036270
LOC4816896,,protein_coding,4816896
LOC4812489,,protein_coding,4812489
LOC4811910,,protein_coding,4811910
LOC4816741,,protein_coding,4816741
LOC4814681,,protein_coding,4814681
LOC117183952,,lncRNA,117183952
LOC4811730,,protein_coding,4811730
LOC117185606,,protein_coding,117185606
LOC6897604,,protein_coding,6897604
LOC26533612,,protein_coding,26533612
LOC117184952,,lncRNA,117184952
LOC6901070,,protein_coding,6901070
LOC117183469,Trnav-cac-5,tRNA,117183469
LOC4815901,,protein_coding,4815901
LOC26532007,,pseudogene,26532007
LOC4801777,,protein_coding,4801777
LOC4802171,,protein_coding,4802171
LOC4817213,,protein_coding,4817213
LOC117185520,,rRNA,117185520
LOC4802581,,protein_coding,4802581
LOC4803288,,protein_coding,4803288
LOC6903955,,protein_coding,6903955
LOC117185347,Trnal-cag-3,tRNA,117185347
LOC4814333,,protein_coding,4814333
LOC4817554,,protein_coding,4817554
LOC6898575,,protein_coding,6898575
LOC4804417,,protein_coding,4804417
LOC6900003,,protein_coding,6900003
LOC4814754,,protein_coding,4814754
LOC4811727,,protein_coding,4811727
LOC4815756,,protein_coding,4815756
LOC6897277,,protein_coding,6897277
LOC117184141,,lncRNA,117184141
LOC117184649,,lncRNA,117184649
LOC6903304,,protein_coding,6903304
LOC26532141,,lncRNA,26532141
LOC4803883,,protein_coding,4803883
LOC4803717,,protein_coding,4803717
LOC4804312,,protein_coding,4804312
LOC6900459,,protein_coding,6900459
LOC6901250,,protein_coding,6901250
LOC4814820,,protein_coding,4814820
LOC6903474,,protein_coding,6903474
LOC6897443,,protein_coding,6897443
LOC4814093,,protein_coding,4814093
LOC117183466,Trnap-ugg-5,tRNA,117183466
LOC4803564,,protein_coding,4803564
LOC4816199,,protein_coding,4816199
LOC117184342,,protein_coding,117184342
LOC26534391,,lncRNA,26534391
LOC6898485,,protein_coding,6898485
LOC4804518,,protein_coding,4804518
LOC117185268,,rRNA,117185268
LOC4801087,,protein_coding,4801087
LOC4805398,,protein_coding,4805398
LOC6902737,,lncRNA,6902737
LOC6901414,,protein_coding,6901414
LOC4802718,,protein_coding,4802718
LOC4812717,,protein_coding,4812717
LOC4816570,,protein_coding,4816570
LOC4816213,,protein_coding,4816213
LOC4805592,,protein_coding,4805592
LOC117185014,,protein_coding,117185014
LOC4803052,,protein_coding,4803052
LOC4800287,,protein_coding,4800287
LOC6898178,,protein_coding,6898178
LOC4816367,,protein_coding,4816367
LOC6898613,,protein_coding,6898613
LOC4801989,,protein_coding,4801989
LOC4816512,,protein_coding,4816512
LOC4805514,,protein_coding,4805514
LOC4812838,,protein_coding,4812838
LOC4801942,,protein_coding,4801942
LOC4802188,,protein_coding,4802188
LOC4812142,,protein_coding,4812142
LOC4803865,,protein_coding,4803865
LOC4813432,,protein_coding,4813432
LOC4803904,,protein_coding,4803904
LOC26532888,,protein_coding,26532888
LOC4802457,,protein_coding,4802457
LOC4817134,,protein_coding,4817134
LOC6902483,,protein_coding,6902483
LOC4813799,,protein_coding,4813799
LOC117184641,,pseudogene,117184641
LOC4812472,,protein_coding,4812472
LOC4804672,,protein_coding,4804672
LOC4814479,,protein_coding,4814479
LOC4815613,,protein_coding,4815613
LOC117183959,,protein_coding,117183959
LOC117185453,,rRNA,117185453
LOC6898113,,protein_coding,6898113
LOC6903527,,protein_coding,6903527
LOC4814734,,protein_coding,4814734
LOC117184708,,lncRNA,117184708
LOC4801003,,protein_coding,4801003
LOC4800569,,protein_coding,4800569
LOC4813930,,protein_coding,4813930
LOC26532120,,protein_coding,26532120
LOC6899625,,lncRNA,6899625
LOC6899734,,protein_coding,6899734
LOC4812462,,protein_coding,4812462
LOC4801243,,protein_coding,4801243
LOC6903707,,protein_coding,6903707
LOC117185414,,protein_coding,117185414
LOC6903884,,protein_coding,6903884
LOC117183734,,lncRNA,117183734
LOC4804555,,protein_coding,4804555
LOC4815943,,protein_coding,4815943
LOC4802562,,protein_coding,4802562
LOC117185599,,protein_coding,117185599
LOC6902618,,protein_coding,6902618
LOC4815194,,protein_coding,4815194
LOC4802249,,protein_coding,4802249
LOC117185193,,lncRNA,117185193
LOC26533274,,lncRNA,26533274
LOC6903342,,protein_coding,6903342
LOC4815058,,protein_coding,4815058
LOC117185568,,lncRNA,117185568
LOC4816857,,protein_coding,4816857
LOC4814457,,protein_coding,4814457
LOC6899052,,protein_coding,6899052
LOC4814736,,protein_coding,4814736
LOC6899959,,protein_coding,6899959
LOC117184009,,lncRNA,117184009
LOC117185660,,protein_coding,117185660
LOC4804563,,protein_coding,4804563
LOC6900513,,protein_coding,6900513
LOC4816859,,protein_coding,4816859
LOC6903044,,protein_coding,6903044
LOC4802090,,protein_coding,4802090
LOC117183910,,protein_coding,117183910
LOC26533012,,protein_coding,26533012
LOC117184347,,lncRNA,117184347
LOC4815294,,protein_coding,4815294
LOC6903524,,protein_coding,6903524
LOC117183906,,lncRNA,117183906
LOC117183567,,lncRNA,117183567
LOC6903135,,protein_coding,6903135
LOC117184540,,lncRNA,117184540
LOC4812331,,protein_coding,4812331
LOC6902731,,protein_coding,6902731
LOC6898738,,protein_coding,6898738
LOC4800395,,protein_coding,4800395
LOC4805403,,protein_coding,4805403
LOC6898943,,protein_coding,6898943
LOC4813655,,protein_coding,4813655
LOC26532238,,lncRNA,26532238
LOC4817794,,protein_coding,4817794
LOC117183261,,protein_coding,117183261
LOC117183446,Trnae-cuc-2,tRNA,117183446
LOC117183370,,protein_coding,117183370
LOC4812353,,protein_coding,4812353
LOC26533430,,protein_coding,26533430
LOC6899560,,pseudogene,6899560
LOC4801350,,protein_coding,4801350
LOC6901770,,protein_coding,6901770
LOC26534323,,protein_coding,26534323
LOC117184815,,lncRNA,117184815
LOC117183604,,protein_coding,117183604
LOC4816461,,protein_coding,4816461
LOC6897000,,protein_coding,6897000
LOC4801352,,protein_coding,4801352
LOC4815387,,protein_coding,4815387
LOC4811916,,protein_coding,4811916
LOC4816113,,protein_coding,4816113
LOC4802652,,protein_coding,4802652
LOC6901589,,protein_coding,6901589
LOC117183765,,protein_coding,117183765
LOC6900094,,protein_coding,6900094
LOC4804315,,protein_coding,4804315
LOC4803825,,protein_coding,4803825
LOC6900100,,protein_coding,6900100
LOC6900120,,protein_coding,6900120
LOC4816983,,protein_coding,4816983
LOC4802293,,protein_coding,4802293
LOC4816446,,protein_coding,4816446
LOC6902434,,protein_coding,6902434
LOC6896920,,protein_coding,6896920
LOC6902938,,protein_coding,6902938
LOC117184838,,lncRNA,117184838
LOC4817417,,protein_coding,4817417
LOC4817197,,protein_coding,4817197
LOC4802074,,protein_coding,4802074
LOC4802571,,protein_coding,4802571
LOC6902675,,protein_coding,6902675
LOC44805053,HCS66_mgt15,tRNA,44805053
LOC4817177,,protein_coding,4817177
LOC4805563,,protein_coding,4805563
LOC6898522,,protein_coding,6898522
LOC4817344,,protein_coding,4817344
LOC117184133,,lncRNA,117184133
LOC6903083,,protein_coding,6903083
LOC4813141,,protein_coding,4813141
LOC117184212,,protein_coding,117184212
LOC4802855,,protein_coding,4802855
LOC6902707,,protein_coding,6902707
LOC6896766,,protein_coding,6896766
LOC6903548,,protein_coding,6903548
LOC4816094,,protein_coding,4816094
LOC6901387,,protein_coding,6901387
LOC117184910,,protein_coding,117184910
LOC117184280,,protein_coding,117184280
LOC4803383,,protein_coding,4803383
LOC117185173,,protein_coding,117185173
LOC117183597,,lncRNA,117183597
LOC6900636,,protein_coding,6900636
LOC13036446,,protein_coding,13036446
LOC26531944,,lncRNA,26531944
LOC6898972,,protein_coding,6898972
LOC4804522,,protein_coding,4804522
LOC117185073,,lncRNA,117185073
LOC4801421,,protein_coding,4801421
LOC6897865,,protein_coding,6897865
LOC4803745,,protein_coding,4803745
LOC4816304,,protein_coding,4816304
LOC6899073,,snoRNA,6899073
LOC6898630,,protein_coding,6898630
LOC4801880,,protein_coding,4801880
LOC15382874,,protein_coding,15382874
LOC4802169,,protein_coding,4802169
LOC4815820,,protein_coding,4815820
LOC4818003,,protein_coding,4818003
LOC4815544,,protein_coding,4815544
LOC4814077,,protein_coding,4814077
LOC4816083,,protein_coding,4816083
LOC6901605,,protein_coding,6901605
LOC26532189,,protein_coding,26532189
LOC4816276,,protein_coding,4816276
LOC4805061,,protein_coding,4805061
LOC6898661,,protein_coding,6898661
LOC4802733,,protein_coding,4802733
LOC117183537,,protein_coding,117183537
LOC6899101,,protein_coding,6899101
LOC4804218,,protein_coding,4804218
LOC4802536,,protein_coding,4802536
LOC4805462,,protein_coding,4805462
LOC4817414,,protein_coding,4817414
LOC117184218,,lncRNA,117184218
LOC4813968,,protein_coding,4813968
LOC6896993,,protein_coding,6896993
LOC4815708,,protein_coding,4815708
LOC4814344,,protein_coding,4814344
LOC4812750,,protein_coding,4812750
LOC4801453,,protein_coding,4801453
LOC4803632,,protein_coding,4803632
LOC6902154,,protein_coding,6902154
LOC4816685,,protein_coding,4816685
LOC4817118,,protein_coding,4817118
LOC117185171,,protein_coding,117185171
LOC4812367,,protein_coding,4812367
LOC4803359,,protein_coding,4803359
LOC26532636,,protein_coding,26532636
LOC117184550,,protein_coding,117184550
LOC4817772,,protein_coding,4817772
LOC4801895,,protein_coding,4801895
LOC117185512,,pseudogene,117185512
LOC4803172,,protein_coding,4803172
LOC4815289,,protein_coding,4815289
LOC26533083,,protein_coding,26533083
LOC6898512,,protein_coding,6898512
LOC4813756,,protein_coding,4813756
LOC4801622,,protein_coding,4801622
LOC4815396,,protein_coding,4815396
LOC26534364,,lncRNA,26534364
LOC4803663,,protein_coding,4803663
LOC4811868,,protein_coding,4811868
LOC4814438,,protein_coding,4814438
LOC6902305,,protein_coding,6902305
LOC6901507,,protein_coding,6901507
LOC117185214,,protein_coding,117185214
LOC117184873,,lncRNA,117184873
LOC117183516,,protein_coding,117183516
LOC6902156,,protein_coding,6902156
LOC4816788,,protein_coding,4816788
LOC6901377,,protein_coding,6901377
LOC4804150,,protein_coding,4804150
LOC4803712,,protein_coding,4803712
LOC117185542,,rRNA,117185542
LOC4802236,,protein_coding,4802236
LOC6903442,,protein_coding,6903442
LOC117183918,,protein_coding,117183918
LOC4812127,,protein_coding,4812127
LOC4813494,,protein_coding,4813494
LOC4801478,,protein_coding,4801478
LOC4818206,,protein_coding,4818206
LOC4801279,,protein_coding,4801279
LOC4811831,,protein_coding,4811831
LOC6897387,,protein_coding,6897387
LOC4801984,,protein_coding,4801984
LOC4802578,,protein_coding,4802578
LOC26532163,,lncRNA,26532163
LOC117185236,,rRNA,117185236
LOC6897173,,protein_coding,6897173
LOC6900339,,protein_coding,6900339
LOC4800690,,protein_coding,4800690
LOC6901333,,protein_coding,6901333
LOC117184102,,protein_coding,117184102
LOC6902212,,pseudogene,6902212
LOC6899970,,protein_coding,6899970
LOC26534381,,protein_coding,26534381
LOC4814531,,protein_coding,4814531
LOC4812854,,protein_coding,4812854
LOC4805069,,protein_coding,4805069
LOC4801430,,protein_coding,4801430
LOC6898150,,protein_coding,6898150
LOC4804548,,protein_coding,4804548
LOC4811907,,protein_coding,4811907
LOC4815040,,protein_coding,4815040
LOC4818038,,protein_coding,4818038
LOC6898200,,protein_coding,6898200
LOC4803512,,protein_coding,4803512
LOC26534407,,protein_coding,26534407
LOC6901621,,protein_coding,6901621
LOC117185200,,lncRNA,117185200
LOC4814313,,protein_coding,4814313
LOC4812003,,protein_coding,4812003
LOC6900303,,protein_coding,6900303
LOC4802440,,protein_coding,4802440
LOC6898817,,protein_coding,6898817
LOC117185650,,protein_coding,117185650
LOC4816554,,protein_coding,4816554
LOC4814198,,protein_coding,4814198
LOC4804219,,protein_coding,4804219
LOC4813276,,protein_coding,4813276
LOC6898367,,protein_coding,6898367
LOC4816234,,protein_coding,4816234
LOC4817646,,protein_coding,4817646
LOC26532941,,lncRNA,26532941
LOC4812636,,protein_coding,4812636
LOC4812175,,protein_coding,4812175
LOC4802431,,protein_coding,4802431
LOC6898103,,protein_coding,6898103
LOC6901957,,protein_coding,6901957
LOC26532681,,lncRNA,26532681
LOC6902190,,protein_coding,6902190
LOC15382879,,protein_coding,15382879
LOC26533111,,protein_coding,26533111
LOC117184917,,protein_coding,117184917
LOC6900622,,protein_coding,6900622
LOC4817487,,protein_coding,4817487
LOC6896713,,protein_coding,6896713
LOC26534214,,lncRNA,26534214
LOC117185056,,lncRNA,117185056
LOC6901276,,protein_coding,6901276
LOC117184378,,protein_coding,117184378
LOC6898435,,protein_coding,6898435
LOC4814984,,protein_coding,4814984
LOC26533308,,protein_coding,26533308
LOC6897380,,protein_coding,6897380
LOC6900789,,protein_coding,6900789
LOC4803666,,protein_coding,4803666
LOC6896735,,snoRNA,6896735
LOC6897283,,protein_coding,6897283
LOC117183580,,lncRNA,117183580
LOC4815744,,protein_coding,4815744
LOC117185469,,rRNA,117185469
LOC4814811,,protein_coding,4814811
LOC4803395,,protein_coding,4803395
LOC26534258,,protein_coding,26534258
LOC4812421,,protein_coding,4812421
LOC4800887,,protein_coding,4800887
LOC6903509,,protein_coding,6903509
LOC4812887,,protein_coding,4812887
LOC4801819,,protein_coding,4801819
LOC26532905,,protein_coding,26532905
LOC6904066,,protein_coding,6904066
LOC4801207,,protein_coding,4801207
LOC4818177,,protein_coding,4818177
LOC4815079,,protein_coding,4815079
LOC4814521,,protein_coding,4814521
LOC4805068,,protein_coding,4805068
LOC6900205,,protein_coding,6900205
LOC6898737,,protein_coding,6898737
LOC4816619,,protein_coding,4816619
LOC4803034,,protein_coding,4803034
LOC4812397,,protein_coding,4812397
LOC117184951,,lncRNA,117184951
LOC4815659,,protein_coding,4815659
LOC4813502,,protein_coding,4813502
LOC6899996,,protein_coding,6899996
LOC26534015,,lncRNA,26534015
LOC4804024,,protein_coding,4804024
LOC4801166,,protein_coding,4801166
LOC4802088,,protein_coding,4802088
LOC4814143,,protein_coding,4814143
LOC26532627,,protein_coding,26532627
LOC6898328,,protein_coding,6898328
LOC117183392,,lncRNA,117183392
LOC6900307,,protein_coding,6900307
LOC6896720,,protein_coding,6896720
LOC4805538,,protein_coding,4805538
LOC4814889,,protein_coding,4814889
LOC4817898,,protein_coding,4817898
LOC6898783,,protein_coding,6898783
LOC6901771,,protein_coding,6901771
LOC6897942,,protein_coding,6897942
LOC4814747,,protein_coding,4814747
LOC4800808,,protein_coding,4800808
LOC117183217,,pseudogene,117183217
LOC6901822,,protein_coding,6901822
LOC4804357,,protein_coding,4804357
LOC26533871,,lncRNA,26533871
LOC4812054,,protein_coding,4812054
LOC4815205,,protein_coding,4815205
LOC4817529,,protein_coding,4817529
LOC4805193,,protein_coding,4805193
LOC26532104,,protein_coding,26532104
LOC4814518,,protein_coding,4814518
LOC117185296,,rRNA,117185296
LOC4812736,,protein_coding,4812736
LOC4812063,,protein_coding,4812063
LOC6900304,,protein_coding,6900304
LOC4815577,,protein_coding,4815577
LOC4815275,,protein_coding,4815275
LOC4813026,,protein_coding,4813026
LOC4815762,,protein_coding,4815762
LOC4813911,,protein_coding,4813911
LOC4815006,,protein_coding,4815006
LOC4812562,,protein_coding,4812562
LOC6897568,,protein_coding,6897568
LOC4803748,,protein_coding,4803748
LOC117183393,,protein_coding,117183393
LOC4816984,,protein_coding,4816984
LOC4814728,,protein_coding,4814728
LOC4803912,,protein_coding,4803912
LOC4814793,,protein_coding,4814793
LOC4814199,,protein_coding,4814199
LOC4815942,,protein_coding,4815942
LOC6898037,,protein_coding,6898037
LOC4805646,,protein_coding,4805646
LOC4817097,,protein_coding,4817097
LOC4811947,,protein_coding,4811947
LOC4818114,,protein_coding,4818114
LOC4813117,,protein_coding,4813117
LOC4803381,,protein_coding,4803381
LOC4812804,,protein_coding,4812804
LOC4816471,,protein_coding,4816471
LOC6900996,,protein_coding,6900996
LOC4802257,,protein_coding,4802257
LOC4805343,,protein_coding,4805343
LOC6898624,,protein_coding,6898624
LOC4815882,,protein_coding,4815882
LOC117184991,,protein_coding,117184991
LOC4800595,,protein_coding,4800595
LOC4811696,,protein_coding,4811696
LOC6898105,,protein_coding,6898105
LOC4801411,,protein_coding,4801411
LOC4805742,,protein_coding,4805742
LOC4815512,,protein_coding,4815512
LOC6900406,,protein_coding,6900406
LOC117183681,,protein_coding,117183681
LOC4815944,,protein_coding,4815944
LOC4818151,,protein_coding,4818151
LOC117183649,,lncRNA,117183649
LOC6897326,,protein_coding,6897326
LOC4805036,,protein_coding,4805036
LOC4812739,,protein_coding,4812739
LOC117185487,,rRNA,117185487
LOC4816861,,protein_coding,4816861
LOC4812972,,protein_coding,4812972
LOC4812176,,protein_coding,4812176
LOC4802036,,protein_coding,4802036
LOC4801650,,protein_coding,4801650
LOC6903806,,protein_coding,6903806
LOC4804353,,protein_coding,4804353
LOC6898436,,protein_coding,6898436
LOC4818148,,protein_coding,4818148
LOC6901776,,protein_coding,6901776
LOC117185673,,protein_coding,117185673
LOC4803574,,protein_coding,4803574
LOC4815002,,protein_coding,4815002
LOC6903020,,protein_coding,6903020
LOC117185485,,rRNA,117185485
LOC26534150,,protein_coding,26534150
LOC4815332,,protein_coding,4815332
LOC6902937,,protein_coding,6902937
LOC4814690,,protein_coding,4814690
LOC4814712,,protein_coding,4814712
LOC4817879,,protein_coding,4817879
LOC4818083,,protein_coding,4818083
LOC117183914,,protein_coding,117183914
LOC6901462,,protein_coding,6901462
LOC4816483,,protein_coding,4816483
LOC6902567,,protein_coding,6902567
LOC117185503,,rRNA,117185503
LOC4813354,,protein_coding,4813354
LOC117184975,,lncRNA,117184975
LOC4811780,,protein_coding,4811780
LOC4803678,,protein_coding,4803678
LOC6901222,,protein_coding,6901222
LOC6902163,,protein_coding,6902163
LOC4815385,,protein_coding,4815385
LOC26534265,,protein_coding,26534265
LOC4815124,,protein_coding,4815124
LOC6902319,,protein_coding,6902319
LOC117184794,,lncRNA,117184794
LOC4812575,,protein_coding,4812575
LOC117185585,,rRNA,117185585
LOC117185273,,rRNA,117185273
LOC4814836,,protein_coding,4814836
LOC4815800,,protein_coding,4815800
LOC4801873,,protein_coding,4801873
LOC4801139,,protein_coding,4801139
LOC6897593,,protein_coding,6897593
LOC117184260,,lncRNA,117184260
LOC4801517,,protein_coding,4801517
LOC26533567,,lncRNA,26533567
LOC26533152,,lncRNA,26533152
LOC4812266,,protein_coding,4812266
LOC117183741,,lncRNA,117183741
LOC6897726,,protein_coding,6897726
LOC4804001,,protein_coding,4804001
LOC4803921,,protein_coding,4803921
LOC6896676,,protein_coding,6896676
LOC117183395,,protein_coding,117183395
LOC6903314,,protein_coding,6903314
LOC6898635,,protein_coding,6898635
LOC117184668,,lncRNA,117184668
LOC4817497,,protein_coding,4817497
LOC4817516,,protein_coding,4817516
LOC4816705,,protein_coding,4816705
LOC6903307,,protein_coding,6903307
LOC4804192,,protein_coding,4804192
LOC4815868,,protein_coding,4815868
LOC4802119,,protein_coding,4802119
LOC6901267,,protein_coding,6901267
LOC4801486,,protein_coding,4801486
LOC4803765,,protein_coding,4803765
LOC117184397,,protein_coding,117184397
LOC4813886,,protein_coding,4813886
LOC4815389,,protein_coding,4815389
LOC26533996,,lncRNA,26533996
LOC4800488,,protein_coding,4800488
LOC4816096,,protein_coding,4816096
LOC117185424,,lncRNA,117185424
LOC4803253,,protein_coding,4803253
LOC4805639,,protein_coding,4805639
LOC4811891,,protein_coding,4811891
LOC4816002,,protein_coding,4816002
LOC6901698,,protein_coding,6901698
LOC4801293,,protein_coding,4801293
LOC6897930,,protein_coding,6897930
LOC6897007,,protein_coding,6897007
LOC4802968,,protein_coding,4802968
LOC4804232,,protein_coding,4804232
LOC4804792,,protein_coding,4804792
LOC26533632,,lncRNA,26533632
LOC4800309,,protein_coding,4800309
LOC4813261,,protein_coding,4813261
LOC4812899,,protein_coding,4812899
LOC6900298,,protein_coding,6900298
LOC117183547,,lncRNA,117183547
LOC6896836,,protein_coding,6896836
LOC6898295,,protein_coding,6898295
LOC4815711,,protein_coding,4815711
LOC6898407,,protein_coding,6898407
LOC6898254,,protein_coding,6898254
LOC4802447,,protein_coding,4802447
LOC4802009,,protein_coding,4802009
LOC6901607,,protein_coding,6901607
LOC117183787,,lncRNA,117183787
LOC4813337,,protein_coding,4813337
LOC4817199,,protein_coding,4817199
LOC4805149,,protein_coding,4805149
LOC4812971,,protein_coding,4812971
LOC6903415,,protein_coding,6903415
LOC6903455,,protein_coding,6903455
LOC117184487,,lncRNA,117184487
LOC4815413,,protein_coding,4815413
LOC26533624,,lncRNA,26533624
LOC6902278,,protein_coding,6902278
LOC117184718,,lncRNA,117184718
LOC4817856,,protein_coding,4817856
LOC26532956,,protein_coding,26532956
LOC6898341,,protein_coding,6898341
LOC4815981,,protein_coding,4815981
LOC4802492,,protein_coding,4802492
LOC4803728,,protein_coding,4803728
LOC4817453,,protein_coding,4817453
LOC4817877,,protein_coding,4817877
LOC4818120,,protein_coding,4818120
LOC4817686,,protein_coding,4817686
LOC4803013,,protein_coding,4803013
LOC117184064,,protein_coding,117184064
LOC6897832,,protein_coding,6897832
LOC117184987,,lncRNA,117184987
LOC4812479,,protein_coding,4812479
LOC117183958,,protein_coding,117183958
LOC4817031,,protein_coding,4817031
LOC6897061,,protein_coding,6897061
LOC4812617,,protein_coding,4812617
LOC4816766,,protein_coding,4816766
LOC6903440,,protein_coding,6903440
LOC6902907,,protein_coding,6902907
LOC4803995,,protein_coding,4803995
LOC4814246,,protein_coding,4814246
LOC4815672,,protein_coding,4815672
LOC4803431,,protein_coding,4803431
LOC26532922,,lncRNA,26532922
LOC4803498,,protein_coding,4803498
LOC4812151,,protein_coding,4812151
LOC4801123,,protein_coding,4801123
LOC4813482,,protein_coding,4813482
LOC4801497,,protein_coding,4801497
LOC4804554,,protein_coding,4804554
LOC4818198,,protein_coding,4818198
LOC4805318,,protein_coding,4805318
LOC13036490,,protein_coding,13036490
LOC4814010,,protein_coding,4814010
LOC4816765,,protein_coding,4816765
LOC117184191,,protein_coding,117184191
LOC6899059,,protein_coding,6899059
LOC117183612,,lncRNA,117183612
LOC4813690,,protein_coding,4813690
LOC4803207,,protein_coding,4803207
LOC117184861,,protein_coding,117184861
LOC4812723,,protein_coding,4812723
LOC6896799,,protein_coding,6896799
LOC117183989,,protein_coding,117183989
LOC4803329,,protein_coding,4803329
LOC4813811,,protein_coding,4813811
LOC4804627,,protein_coding,4804627
LOC4812304,,protein_coding,4812304
LOC4812772,,protein_coding,4812772
LOC26532094,,protein_coding,26532094
LOC117184849,,lncRNA,117184849
LOC117184819,,protein_coding,117184819
LOC6899766,,protein_coding,6899766
LOC4804431,,protein_coding,4804431
LOC4805511,,protein_coding,4805511
LOC4817351,,protein_coding,4817351
LOC4818159,,protein_coding,4818159
LOC117185518,,rRNA,117185518
LOC4805113,,protein_coding,4805113
LOC6902806,,protein_coding,6902806
LOC4815158,,protein_coding,4815158
LOC4816424,,protein_coding,4816424
LOC26532326,,lncRNA,26532326
LOC4800529,,protein_coding,4800529
LOC4811700,,protein_coding,4811700
LOC6898827,,protein_coding,6898827
LOC4818006,,protein_coding,4818006
LOC4800419,,protein_coding,4800419
LOC4803263,,protein_coding,4803263
LOC6900824,,protein_coding,6900824
LOC6901041,,protein_coding,6901041
LOC4817304,,protein_coding,4817304
LOC117183266,,lncRNA,117183266
LOC4805418,,protein_coding,4805418
LOC6902429,,protein_coding,6902429
LOC4816728,,protein_coding,4816728
LOC6896687,,protein_coding,6896687
LOC26533542,,protein_coding,26533542
LOC26533826,,lncRNA,26533826
LOC4816927,,protein_coding,4816927
LOC4817048,,protein_coding,4817048
LOC4815252,,protein_coding,4815252
LOC4801261,,protein_coding,4801261
LOC4803335,,protein_coding,4803335
LOC4811940,,protein_coding,4811940
LOC6901098,,protein_coding,6901098
LOC117185086,,lncRNA,117185086
LOC4803928,,protein_coding,4803928
LOC4803742,,protein_coding,4803742
LOC4816184,,protein_coding,4816184
LOC6899956,,protein_coding,6899956
LOC4804503,,protein_coding,4804503
LOC4800238,,protein_coding,4800238
LOC6902702,,protein_coding,6902702
LOC4802384,,protein_coding,4802384
LOC4812719,,protein_coding,4812719
LOC6902751,,protein_coding,6902751
LOC4800384,,protein_coding,4800384
LOC4803673,,protein_coding,4803673
LOC6901905,,protein_coding,6901905
LOC4816729,,protein_coding,4816729
LOC4800714,,protein_coding,4800714
LOC6900619,,protein_coding,6900619
LOC4803555,,protein_coding,4803555
LOC117183432,Trnag-ucc-2,tRNA,117183432
LOC6899426,,protein_coding,6899426
LOC6897536,,protein_coding,6897536
LOC26534207,,lncRNA,26534207
LOC4803122,,protein_coding,4803122
LOC4802808,,protein_coding,4802808
LOC26532737,,protein_coding,26532737
LOC6899711,,pseudogene,6899711
LOC4816220,,protein_coding,4816220
LOC4816686,,protein_coding,4816686
LOC6903423,,protein_coding,6903423
LOC4812078,,protein_coding,4812078
LOC6901999,,protein_coding,6901999
LOC6903188,,protein_coding,6903188
LOC4803417,,protein_coding,4803417
LOC4817901,,protein_coding,4817901
LOC26533938,,lncRNA,26533938
LOC4802775,,protein_coding,4802775
LOC4813696,,protein_coding,4813696
LOC117183428,Trnap-ugg-3,tRNA,117183428
LOC4813011,,protein_coding,4813011
LOC6903215,,protein_coding,6903215
LOC4802059,,protein_coding,4802059
LOC4813559,,protein_coding,4813559
LOC4815267,,protein_coding,4815267
LOC4801019,,protein_coding,4801019
LOC4812090,,protein_coding,4812090
LOC117184363,,pseudogene,117184363
LOC4802600,,protein_coding,4802600
LOC117184331,Trnaq-cug-4,tRNA,117184331
LOC4817128,,protein_coding,4817128
LOC6901738,,protein_coding,6901738
LOC4800240,,protein_coding,4800240
LOC4815286,,protein_coding,4815286
LOC4817672,,protein_coding,4817672
LOC26533552,,lncRNA,26533552
LOC4800423,,protein_coding,4800423
LOC6901335,,protein_coding,6901335
LOC6902965,,protein_coding,6902965
LOC6901271,,protein_coding,6901271
LOC4814789,,protein_coding,4814789
LOC4814788,,protein_coding,4814788
LOC4803732,,protein_coding,4803732
LOC6896818,,protein_coding,6896818
LOC4813595,,protein_coding,4813595
LOC4817773,,protein_coding,4817773
LOC4800528,,protein_coding,4800528
LOC6898257,,protein_coding,6898257
LOC117185399,Trnai-uau-2,tRNA,117185399
LOC117184887,,lncRNA,117184887
LOC6903191,,protein_coding,6903191
LOC4800980,,protein_coding,4800980
LOC117184516,,lncRNA,117184516
LOC6897246,,protein_coding,6897246
LOC4814381,,protein_coding,4814381
LOC117183556,,protein_coding,117183556
LOC4817963,,protein_coding,4817963
LOC4817032,,protein_coding,4817032
LOC6898368,,protein_coding,6898368
LOC4801012,,protein_coding,4801012
LOC4817078,,protein_coding,4817078
LOC6903270,,protein_coding,6903270
LOC6897630,,protein_coding,6897630
LOC4814563,,protein_coding,4814563
LOC4814405,,protein_coding,4814405
LOC117183535,,protein_coding,117183535
LOC26533447,,lncRNA,26533447
LOC6897632,,protein_coding,6897632
LOC4816359,,protein_coding,4816359
LOC117183779,,lncRNA,117183779
LOC4812800,,protein_coding,4812800
LOC6902128,,protein_coding,6902128
LOC6896926,,protein_coding,6896926
LOC4815865,,protein_coding,4815865
LOC4815313,,protein_coding,4815313
LOC4816580,,protein_coding,4816580
LOC26534172,,lncRNA,26534172
LOC26533859,,lncRNA,26533859
LOC4814220,,protein_coding,4814220
LOC4803909,,protein_coding,4803909
LOC4803899,,protein_coding,4803899
LOC6898419,,protein_coding,6898419
LOC117184091,,lncRNA,117184091
LOC4802815,,protein_coding,4802815
LOC117185224,,rRNA,117185224
LOC4805157,,protein_coding,4805157
LOC4817396,,protein_coding,4817396
LOC4801701,,protein_coding,4801701
LOC4800370,,protein_coding,4800370
LOC13036398,,protein_coding,13036398
LOC6900032,,protein_coding,6900032
LOC4804307,,protein_coding,4804307
LOC13036269,,protein_coding,13036269
LOC4802046,,protein_coding,4802046
LOC4804255,,protein_coding,4804255
LOC4814810,,protein_coding,4814810
LOC6903511,,protein_coding,6903511
LOC117183290,,protein_coding,117183290
LOC4804113,,protein_coding,4804113
LOC4804154,,protein_coding,4804154
LOC4817758,,protein_coding,4817758
LOC6903600,,protein_coding,6903600
LOC117183254,,protein_coding,117183254
LOC26533584,,protein_coding,26533584
LOC4801557,,protein_coding,4801557
LOC6898581,,protein_coding,6898581
LOC4813866,,protein_coding,4813866
LOC4815319,,protein_coding,4815319
LOC4803456,,protein_coding,4803456
LOC4817764,,protein_coding,4817764
LOC4817531,,protein_coding,4817531
LOC4815253,,protein_coding,4815253
LOC4801043,,protein_coding,4801043
LOC117183329,,lncRNA,117183329
LOC26531961,,protein_coding,26531961
LOC26533295,,protein_coding,26533295
LOC6897145,,protein_coding,6897145
LOC4802852,,protein_coding,4802852
LOC117185387,Trnam-cau-10,tRNA,117185387
LOC6899968,,protein_coding,6899968
LOC4816915,,protein_coding,4816915