Gene stable ID,Gene name,FlyBase annotation ID,Gene type,Gene description
FBgn0053832,CG33832,CG33832,protein_coding,CG33832
FBgn0267657,CR45995,CR45995,ncRNA,CR45995
FBgn0262170,CG42878,CG42878,protein_coding,CG42878
FBgn0263538,mir-4965,CR43523,ncRNA,mir-4965 stem loop
FBgn0038189,Art6,CG9927,protein_coding,Arginine methyltransferase 6
FBgn0085193,CG34164,CG34164,protein_coding,CG34164
FBgn0037583,Veneno,CG9684,protein_coding,Veneno
FBgn0047038,ND-13B,CG6463,protein_coding,NADH dehydrogenase (ubiquinone) 13 kDa B subunit
FBgn0044324,Chro,CG10712,protein_coding,Chromator
FBgn0038606,CG15803,CG15803,protein_coding,CG15803
FBgn0267702,CR46035,CR46035,ncRNA,CR46035
FBgn0083949,side-III,CG34113,protein_coding,sidestep III
FBgn0264443,CG43861,CG43861,protein_coding,CG43861
FBgn0000153,b,CG7811,protein_coding,black
FBgn0034487,Efhc1.2,CG11048,protein_coding,EF-hand domain containing 1.2
FBgn0038054,CG5509,CG5509,protein_coding,CG5509
FBgn0034405,Jheh2,CG15102,protein_coding,Juvenile hormone epoxide hydrolase 2
FBgn0034665,CG4372,CG4372,protein_coding,CG4372
FBgn0266730,CR45203,CR45203,ncRNA,CR45203
FBgn0030823,TTLL1A,CG8918,protein_coding,Tubulin tyrosine ligase-like 1A
FBgn0035607,CG4835,CG4835,protein_coding,CG4835
FBgn0004368,Ptp4E,CG6899,protein_coding,Protein tyrosine phosphatase 4E
FBgn0286036,CR46358,CR46358,ncRNA,stable intronic sequence RNA CR46358
FBgn0035906,GstO2,CG6673,protein_coding,Glutathione S transferase O2
FBgn0051383,Leu-TAG-1-1,CR31383,tRNA,Leucine-TAG 1-1
FBgn0039612,Nepl19,CG14523,protein_coding,Neprilysin-like 19
FBgn0266488,CG45087,CG45087,protein_coding,CG45087
FBgn0031498,CG17260,CG17260,protein_coding,CG17260
FBgn0037409,Osi24,CG15589,protein_coding,Osiris 24
FBgn0266825,CR45287,CR45287,ncRNA,CR45287
FBgn0266740,CR45213,CR45213,ncRNA,CR45213
FBgn0266039,CR44804,CR44804,ncRNA,CR44804
FBgn0034540,Lrt,CG11136,protein_coding,Leucine-rich tendon-specific protein
FBgn0038788,Sirt2,CG5085,protein_coding,Sirtuin 2
FBgn0265888,CR44677,CR44677,ncRNA,CR44677
FBgn0031282,Pex12,CG3639,protein_coding,Peroxin 12
FBgn0032835,CG16772,CG16772,protein_coding,CG16772
FBgn0026079,Nsun2,CG6133,protein_coding,"NOP2-Sun domain family, member 2"
FBgn0026398,Or22a,CG12193,protein_coding,Odorant receptor 22a
FBgn0004782,Ccp84Ab,CG1252,protein_coding,Ccp84Ab
FBgn0265347,CR44301,CR44301,ncRNA,CR44301
FBgn0063670,CG40228,CG40228,protein_coding,CG40228
FBgn0039911,CG1909,CG1909,protein_coding,CG1909
FBgn0031531,CG8840,CG8840,protein_coding,CG8840
FBgn0265986,CR44765,CR44765,ncRNA,CR44765
FBgn0266198,CR44893,CR44893,ncRNA,CR44893
FBgn0035859,CG13678,CG13678,protein_coding,CG13678
FBgn0000427,dec,CG2175,protein_coding,defective chorion
FBgn0036711,CG13727,CG13727,protein_coding,CG13727
FBgn0032919,pths,CG9253,protein_coding,porthos
FBgn0036580,PDCD-5,CG13072,protein_coding,Programmed Cell Death 5
FBgn0032004,CG8292,CG8292,protein_coding,CG8292
FBgn0034829,CG9899,CG9899,protein_coding,CG9899
FBgn0038799,MFS9,CG4288,protein_coding,Major Facilitator Superfamily Transporter 9
FBgn0032586,Tpr2,CG4599,protein_coding,Tetratricopeptide repeat protein 2
FBgn0029512,Aos1,CG12276,protein_coding,Activator of SUMO 1
FBgn0052643,CG32643,CG32643,protein_coding,CG32643
FBgn0011866,Gly-GCC-2-1,CR31980,tRNA,Glycine-GCC 2-1
FBgn0085309,CG34280,CG34280,protein_coding,CG34280
FBgn0039859,Mnat9,CG11539,protein_coding,microtubule-associated Nat9
FBgn0264437,CR43855,CR43855,ncRNA,CR43855
FBgn0035358,CG14949,CG14949,protein_coding,CG14949
FBgn0031441,CG9962,CG9962,protein_coding,CG9962
FBgn0286027,Rnmt,CG3688,protein_coding,RNA guanine-7 methyltransferase
FBgn0267268,CR45704,CR45704,ncRNA,CR45704
FBgn0039754,CG9747,CG9747,protein_coding,CG9747
FBgn0030242,sofe,CG1655,protein_coding,sister of feo
FBgn0039120,Nup98-96,CG10198,protein_coding,Nucleoporin 98-96kD
FBgn0033423,Alp6,CG1809,protein_coding,Alkaline phosphatase 6
FBgn0266084,Fhos,CG42610,protein_coding,Formin homology 2 domain containing
FBgn0020372,TM4SF,CG11303,protein_coding,Transmembrane 4 superfamily
FBgn0264336,CR43792,CR43792,ncRNA,CR43792
FBgn0086069,Me28S-C3351,CR34698,snoRNA,CR34698
FBgn0053365,CR33365,CR33365,rRNA,CR33365
FBgn0065109,ppk11,CG34058,protein_coding,pickpocket 11
FBgn0053816,CG33816,CG33816,protein_coding,CG33816
FBgn0029892,CG3184,CG3184,protein_coding,CG3184
FBgn0026207,mbo,CG6819,protein_coding,members only
FBgn0003206,Ras64B,CG1167,protein_coding,Ras oncogene at 64B
FBgn0011279,Obp69a,CG10436,protein_coding,Odorant-binding protein 69a
FBgn0030829,CG12998,CG12998,protein_coding,CG12998
FBgn0035600,Cyt-c1,CG4769,protein_coding,Cytochrome c1
FBgn0266331,CR44996,CR44996,ncRNA,CR44996
FBgn0033087,Hsepi,CG3194,protein_coding,Heparan sulfate C5-epimerase
FBgn0032519,CG16957,CG16957,protein_coding,CG16957
FBgn0261628,CG42711,CG42711,protein_coding,CG42711
FBgn0031054,Ssu72,CG14216,protein_coding,Ssu72 CTD phosphatase
FBgn0051418,CG31418,CG31418,protein_coding,CG31418
FBgn0053437,CR33437,CR33437,rRNA,CR33437
FBgn0262393,mir-33,CR42928,ncRNA,mir-33 stem loop
FBgn0261636,CR42719,CR42719,ncRNA,CR42719
FBgn0260429,CG42524,CG42524,protein_coding,CG42524
FBgn0050021,metro,CG30021,protein_coding,menage a trois
FBgn0019968,Khc-73,CG8183,protein_coding,Kinesin heavy chain 73
FBgn0032946,nrv3,CG8663,protein_coding,nervana 3
FBgn0265313,CG44286,CG44286,protein_coding,CG44286
FBgn0026390,Or33c,CG5006,protein_coding,Odorant receptor 33c
FBgn0004620,GluRIIA,CG6992,protein_coding,Glutamate receptor IIA
FBgn0038425,CG14881,CG14881,protein_coding,CG14881
FBgn0036853,mRpL21,CG9730,protein_coding,mitochondrial ribosomal protein L21
FBgn0286976,Osi10a,CG46436,protein_coding,Osiris 10a
FBgn0052069,CG32069,CG32069,protein_coding,CG32069
FBgn0037449,CG15185,CG15185,protein_coding,CG15185
FBgn0033919,CG8547,CG8547,protein_coding,CG8547
FBgn0050029,CR30029,CR30029,pseudogene,CR30029
FBgn0263617,CR43626,CR43626,ncRNA,CR43626
FBgn0264697,CR43966,CR43966,ncRNA,CR43966
FBgn0029952,CG12689,CG12689,protein_coding,CG12689
FBgn0260741,CG3281,CG3281,protein_coding,CG3281
FBgn0036146,nkt,CG14141,protein_coding,noktochor
FBgn0029094,asf1,CG9383,protein_coding,anti-silencing factor 1
FBgn0034195,Spn53F,CG10956,protein_coding,Serpin 53F
FBgn0267635,CR45973,CR45973,ncRNA,CR45973
FBgn0036730,qjt,CG13732,protein_coding,quijote
FBgn0029980,Dhdds,CG10778,protein_coding,Dehydrodolichyl diphosphate synthase subunit
FBgn0004591,Eig71Ed,CG7350,protein_coding,Ecdysone-induced gene 71Ed
FBgn0287669,CR46496,CR46496,ncRNA,CR46496
FBgn0259998,CG17571,CG17571,protein_coding,CG17571
FBgn0016081,fry,CG32045,protein_coding,furry
FBgn0011837,Tis11,CG4070,protein_coding,Tis11 zinc finger protein
FBgn0015036,Cyp4ae1,CG10755,protein_coding,Cytochrome P450 4ae1
FBgn0031606,CG15439,CG15439,protein_coding,CG15439
FBgn0036310,CG10969,CG10969,protein_coding,CG10969
FBgn0053325,CG33325,CG33325,protein_coding,CG33325
FBgn0040799,CG13051,CG13051,protein_coding,CG13051
FBgn0054030,CG34030,CG34030,protein_coding,CG34030
FBgn0267679,CR46015,CR46015,ncRNA,CR46015
FBgn0002945,nkd,CG11614,protein_coding,naked cuticle
FBgn0037762,eloF,CG16905,protein_coding,elongase F
FBgn0029912,Tmf,CG4557,protein_coding,TATA element modulatory factor
FBgn0030558,Tat,CG1461,protein_coding,Tyrosine aminotransferase
FBgn0053415,CR33415,CR33415,rRNA,CR33415
FBgn0287599,CG46468,CG46468,protein_coding,CG46468
FBgn0028475,Hrd3,CG10221,protein_coding,HMG-coA reductase degradation 3
FBgn0051792,CG31792,CG31792,protein_coding,CG31792
FBgn0035471,Sc2,CG10849,protein_coding,Sc2
FBgn0038693,unc79,CG5237,protein_coding,uncoordinated 79
FBgn0029724,CG15472,CG15472,protein_coding,CG15472
FBgn0030230,Rph,CG11556,protein_coding,Rabphilin
FBgn0267479,CR45829,CR45829,ncRNA,CR45829
FBgn0263407,CR43453,CR43453,ncRNA,CR43453
FBgn0036335,mRpL20,CG11258,protein_coding,mitochondrial ribosomal protein L20
FBgn0027929,NimB1,CG33119,protein_coding,Nimrod B1
FBgn0003527,stil,CG8592,protein_coding,stand still
FBgn0283545,vilya,CG2709,protein_coding,vilya
FBgn0030029,CG15343,CG15343,protein_coding,CG15343
FBgn0284231,CG46315,CG46315,protein_coding,CG46315
FBgn0265836,CG44625,CG44625,protein_coding,CG44625
FBgn0038744,CG4733,CG4733,protein_coding,CG4733
FBgn0036950,CG6996,CG6996,protein_coding,CG6996
FBgn0010770,ppan,CG5786,protein_coding,peter pan
FBgn0262112,sro,CG12068,protein_coding,shroud
FBgn0034705,CG11170,CG11170,protein_coding,CG11170
FBgn0001255,ImpE3,CG2723,protein_coding,Ecdysone-inducible gene E3
FBgn0035138,CG13884,CG13884,protein_coding,CG13884
FBgn0260858,Ykt6,CG1515,protein_coding,YKT6 v-SNARE
FBgn0038039,CG5196,CG5196,protein_coding,CG5196
FBgn0286051,Rexo5,CG8368,protein_coding,RNA exonuclease 5
FBgn0028412,Mst33A,CG6541,protein_coding,Mst33A
FBgn0036110,Cpr67Fb,CG18348,protein_coding,Cuticular protein 67Fb
FBgn0035855,CG7366,CG7366,protein_coding,CG7366
FBgn0266369,Mtp,CG9342,protein_coding,Microsomal triacylglycerol transfer protein
FBgn0003249,Rh3,CG10888,protein_coding,Rhodopsin 3
FBgn0052376,CG32376,CG32376,protein_coding,CG32376
FBgn0038033,CG10097,CG10097,protein_coding,CG10097
FBgn0030451,CG15717,CG15717,protein_coding,CG15717
FBgn0037028,CG3618,CG3618,protein_coding,CG3618
FBgn0032509,Grx3,CG6523,protein_coding,Glutaredoxin 3
FBgn0033278,CG14759,CG14759,protein_coding,CG14759
FBgn0063667,meep,CG32335,protein_coding,meep
FBgn0037276,Ccdc39,CG17387,protein_coding,Coiled-coil domain containing protein 39
FBgn0032878,CG9316,CG9316,protein_coding,CG9316
FBgn0051661,CG31661,CG31661,protein_coding,CG31661
FBgn0259195,CG42299,CG42299,protein_coding,CG42299
FBgn0035854,Dhps,CG8005,protein_coding,Deoxyhypusine synthase
FBgn0037336,CG2519,CG2519,protein_coding,CG2519
FBgn0054021,CG34021,CG34021,protein_coding,CG34021
FBgn0030366,Usp7,CG1490,protein_coding,Ubiquitin-specific protease 7
FBgn0044511,mRpS21,CG32854,protein_coding,mitochondrial ribosomal protein S21
FBgn0052672,Atg8a,CG32672,protein_coding,Autophagy-related 8a
FBgn0086782,amn,CG11937,protein_coding,amnesiac
FBgn0030599,CG9030,CG9030,protein_coding,CG9030
FBgn0262480,CG43070,CG43070,protein_coding,CG43070
FBgn0012036,Aldh,CG3752,protein_coding,Aldehyde dehydrogenase
FBgn0262808,CG43179,CG43179,protein_coding,CG43179
FBgn0030858,IntS2,CG8211,protein_coding,Integrator 2
FBgn0267773,CR46104,CR46104,ncRNA,CR46104
FBgn0035498,Fit1,CG14991,protein_coding,Fermitin 1
FBgn0267764,CR46095,CR46095,ncRNA,CR46095
FBgn0250825,CG34241,CG34241,protein_coding,CG34241
FBgn0033893,CG18371,CG18371,protein_coding,CG18371
FBgn0053803,CG33803,CG33803,protein_coding,CG33803
FBgn0035272,mRpL46,CG13922,protein_coding,mitochondrial ribosomal protein L46
FBgn0001122,Galphao,CG2204,protein_coding,G protein alpha subunit o
FBgn0039135,CG13603,CG13603,protein_coding,CG13603
FBgn0015524,otp,CG10036,protein_coding,orthopedia
FBgn0266037,CR44802,CR44802,ncRNA,CR44802
FBgn0287585,Pss,CG4825,protein_coding,Phosphatidylserine synthase
FBgn0032058,CG9289,CG9289,protein_coding,CG9289
FBgn0032335,CG14915,CG14915,protein_coding,CG14915
FBgn0013812,Dhc93AB,CG3723,protein_coding,Dynein heavy chain at 93AB
FBgn0262317,mir-966,CR43024,ncRNA,mir-966 stem loop
FBgn0036602,CG13042,CG13042,protein_coding,CG13042
FBgn0035227,Iml1,CG12090,protein_coding,Increased minichromosome loss 1
FBgn0265373,CG44314,CG44314,protein_coding,CG44314
FBgn0264297,CG43775,CG43775,protein_coding,CG43775
FBgn0034928,CG13562,CG13562,protein_coding,CG13562
FBgn0011895,Lys-CTT-1-9,CR30303,tRNA,Lysine-CTT 1-9
FBgn0031032,CG14204,CG14204,protein_coding,CG14204
FBgn0015521,RpS21,CG2986,protein_coding,Ribosomal protein S21
FBgn0039503,CG14262,CG14262,protein_coding,CG14262
FBgn0000163,baz,CG5055,protein_coding,bazooka
FBgn0263449,CR43472,CR43472,ncRNA,CR43472
FBgn0031047,Rcd-1,CG14213,protein_coding,Required for cell differentiation 1
FBgn0260393,CG17147,CG17147,protein_coding,CG17147
FBgn0036348,CG17687,CG17687,protein_coding,CG17687
FBgn0001987,Gli,CG3903,protein_coding,Gliotactin
FBgn0265938,CR44725,CR44725,ncRNA,CR44725
FBgn0003720,tll,CG1378,protein_coding,tailless
FBgn0038902,CG6800,CG6800,protein_coding,CG6800
FBgn0036769,Tsp74F,CG5492,protein_coding,Tetraspanin 74F
FBgn0267019,CR45463,CR45463,ncRNA,CR45463
FBgn0004870,bab1,CG9097,protein_coding,bric a brac 1
FBgn0016131,Cdk4,CG5072,protein_coding,Cyclin-dependent kinase 4
FBgn0036599,CG13044,CG13044,protein_coding,CG13044
FBgn0030563,betaNACtes2,CG18157,protein_coding,"Nascent-associated complex beta-subunit-like, testis 2"
FBgn0262855,CG43219,CG43219,protein_coding,CG43219
FBgn0011872,Gly-GCC-1-13,CR30210,tRNA,Glycine-GCC 1-13
FBgn0285938,CG46335,CG46335,protein_coding,CG46335
FBgn0260870,CG42580,CG42580,protein_coding,CG42580
FBgn0031170,Abca3,CG1718,protein_coding,ATP binding cassette subfamily A member 3
FBgn0266839,CR45301,CR45301,ncRNA,CR45301
FBgn0053143,CG33143,CG33143,protein_coding,CG33143
FBgn0038435,Gyc89Da,CG14885,protein_coding,Guanylyl cyclase at 89Da
FBgn0004901,Prat,CG2867,protein_coding,Phosphoribosylamidotransferase
FBgn0035238,CG12104,CG12104,protein_coding,CG12104
FBgn0039713,RpS8,CG7808,protein_coding,Ribosomal protein S8
FBgn0033987,ckn,CG12424,protein_coding,caskin
FBgn0029949,CG15035,CG15035,protein_coding,CG15035
FBgn0010383,Cyp18a1,CG6816,protein_coding,Cytochrome P450 18a1
FBgn0031677,CG14036,CG14036,protein_coding,CG14036
FBgn0039889,Arl4,CG2219,protein_coding,ADP ribosylation factor-like 4
FBgn0265903,CR44692,CR44692,ncRNA,CR44692
FBgn0011836,Taf2,CG6711,protein_coding,TBP-associated factor 2
FBgn0030912,CG6023,CG6023,protein_coding,CG6023
FBgn0000180,bib,CG4722,protein_coding,big brain
FBgn0085491,CG34462,CG34462,protein_coding,CG34462
FBgn0029888,ND-ASHI,CG3192,protein_coding,NADH dehydrogenase (ubiquinone) ASHI subunit
FBgn0267511,CR45851,CR45851,pseudogene,CR45851
FBgn0262404,mir-996,CR42947,ncRNA,mir-996 stem loop
FBgn0034423,tbrd-2,CG7229,protein_coding,testis-specifically expressed bromodomain containing protein-2
FBgn0028953,CG14478,CG14478,protein_coding,CG14478
FBgn0032685,CG10211,CG10211,protein_coding,CG10211
FBgn0267196,CR45636,CR45636,ncRNA,CR45636
FBgn0263458,CG43051-a,CR43573,snoRNA,CR43573
FBgn0003984,vn,CG10491,protein_coding,vein
FBgn0041242,Gr47a,CG12906,protein_coding,Gustatory receptor 47a
FBgn0027793,CG14787,CG14787,protein_coding,CG14787
FBgn0032039,CG13385,CG13385,protein_coding,CG13385
FBgn0053426,CR33426,CR33426,rRNA,CR33426
FBgn0029740,CG12680,CG12680,protein_coding,CG12680
FBgn0037591,Or85c,CG17911,protein_coding,Odorant receptor 85c
FBgn0036770,Prestin,CG5485,protein_coding,Prestin
FBgn0002719,Men,CG10120,protein_coding,Malic enzyme
FBgn0032680,Ntf-2r,CG10174,protein_coding,Nuclear transport factor-2-related
FBgn0032126,CG13113,CG13113,protein_coding,CG13113
FBgn0039774,CDase,CG1471,protein_coding,Ceramidase
FBgn0035355,CG16985,CG16985,protein_coding,CG16985
FBgn0033279,CG2291,CG2291,protein_coding,CG2291
FBgn0259700,CG42354,CG42354,protein_coding,CG42354
FBgn0040207,kat80,CG13956,protein_coding,katanin 80
FBgn0051221,CG31221,CG31221,protein_coding,CG31221
FBgn0003891,tud,CG9450,protein_coding,tudor
FBgn0028520,CG4891,CG4891,protein_coding,CG4891
FBgn0289444,CR46535,CR46535,ncRNA,CR46535
FBgn0036833,CG3819,CG3819,protein_coding,CG3819
FBgn0262858,MtnF,CG43222,protein_coding,Metallothionein F
FBgn0010433,ato,CG7508,protein_coding,atonal
FBgn0286937,CR46431,CR46431,ncRNA,CR46431
FBgn0263113,Cc2d2a,CG43370,protein_coding,Coiled-coil and C2 domain containing 2A
FBgn0265454,CR44354,CR44354,ncRNA,CR44354
FBgn0266775,CR45240,CR45240,ncRNA,CR45240
FBgn0000414,Dab,CG9695,protein_coding,Disabled
FBgn0010114,hig,CG2040,protein_coding,hikaru genki
FBgn0037472,CG10098,CG10098,protein_coding,CG10098
FBgn0264880,CR44071,CR44071,ncRNA,CR44071
FBgn0051213,CG31213,CG31213,protein_coding,CG31213
FBgn0051897,CG31897,CG31897,protein_coding,CG31897
FBgn0266777,CR45242,CR45242,ncRNA,CR45242
FBgn0030391,Rab40,CG1900,protein_coding,Rab40
FBgn0029746,CG15465,CG15465,protein_coding,CG15465
FBgn0267004,CR45448,CR45448,ncRNA,CR45448
FBgn0037950,HisCl1,CG14723,protein_coding,Histamine-gated chloride channel subunit 1
FBgn0052457,CG32457,CG32457,protein_coding,CG32457
FBgn0003598,Su(var)3-7,CG8599,protein_coding,Suppressor of variegation 3-7
FBgn0035523,Ctl1,CG1311,protein_coding,Choline transporter-like 1
FBgn0031544,CG17593,CG17593,protein_coding,CG17593
FBgn0267826,CR46147,CR46147,ncRNA,CR46147
FBgn0265712,CR44519,CR44519,ncRNA,CR44519
FBgn0035584,CG17030,CG17030,protein_coding,CG17030
FBgn0011289,TfIIA-L,CG5930,protein_coding,Transcription factor IIA L
FBgn0034426,AANATL5,CG10476,protein_coding,Arylalkylamine N-acetyltransferase-like 5
FBgn0266564,CR45103,CR45103,ncRNA,CR45103
FBgn0051441,CG31441,CG31441,protein_coding,CG31441
FBgn0014849,Eig71Ei,CG7327,protein_coding,Eig71Ei
FBgn0052350,Vps11,CG32350,protein_coding,Vacuolar protein sorting 11
FBgn0037420,CG15597,CG15597,protein_coding,CG15597
FBgn0266931,CR45382,CR45382,ncRNA,CR45382
FBgn0036621,roq,CG16807,protein_coding,roquin
FBgn0259677,CG42346,CG42346,protein_coding,CG42346
FBgn0001341,Mybbp1A,CG6189,protein_coding,MYB binding protein 1a
FBgn0036439,CG13474,CG13474,protein_coding,CG13474
FBgn0033355,CG13748,CG13748,protein_coding,CG13748
FBgn0011020,Sas-4,CG10061,protein_coding,Spindle assembly abnormal 4
FBgn0031194,CG17598,CG17598,protein_coding,CG17598
FBgn0030552,mRpL38,CG15871,protein_coding,mitochondrial ribosomal protein L38
FBgn0039735,Nph,CG7911,protein_coding,Nucleophosmin
FBgn0031305,Iris,CG4715,protein_coding,Iris
FBgn0000524,dx,CG3929,protein_coding,deltex
FBgn0004575,Syn,CG3985,protein_coding,Synapsin
FBgn0039812,CG15548,CG15548,protein_coding,CG15548
FBgn0033875,CG6357,CG6357,protein_coding,CG6357
FBgn0002905,PolQ,CG6019,protein_coding,DNA polymerase theta
FBgn0284435,tyn,CG17131,protein_coding,trynity
FBgn0023177,Pp4-19C,CG32505,protein_coding,Protein phosphatase 19C
FBgn0264367,CR43819,CR43819,ncRNA,CR43819
FBgn0028999,nerfin-1,CG13906,protein_coding,nervous fingers 1
FBgn0267501,CR45841,CR45841,rRNA,CR45841
FBgn0033830,CG10814,CG10814,protein_coding,CG10814
FBgn0265825,CR44614,CR44614,ncRNA,CR44614
FBgn0243486,rdo,CG15151,protein_coding,reduced ocelli
FBgn0083045,Psi18S-1389b,CR34557,snoRNA,Psi18S-1389b
FBgn0030597,Eo,CG9504,protein_coding,Ecdysone oxidase
FBgn0010395,Itgbn,CG1762,protein_coding,Integrin betanu subunit
FBgn0039233,CG7006,CG7006,protein_coding,CG7006
FBgn0259111,Ndae1,CG42253,protein_coding,Na[+]-driven anion exchanger 1
FBgn0015737,Hmu,CG3373,protein_coding,Hemomucin
FBgn0262904,CR43259,CR43259,ncRNA,CR43259
FBgn0265167,CR44236,CR44236,ncRNA,CR44236
FBgn0030830,CG5172,CG5172,protein_coding,CG5172
FBgn0039198,CG5768,CG5768,protein_coding,CG5768
FBgn0033000,CG14464,CG14464,protein_coding,CG14464
FBgn0286871,CR46393,CR46393,ncRNA,CR46393
FBgn0287460,CR46449,CR46449,ncRNA,CR46449
FBgn0085276,CG34247,CG34247,protein_coding,CG34247
FBgn0002716,mei-W68,CG7753,protein_coding,meiotic W68
FBgn0036998,CG5969,CG5969,protein_coding,CG5969
FBgn0033210,U2A,CG1406,protein_coding,U2A
FBgn0031869,CG18304,CG18304,protein_coding,CG18304
FBgn0050177,CG30177,CG30177,protein_coding,CG30177
FBgn0037227,TwdlV,CG14640,protein_coding,TweedleV
FBgn0262819,CG43190,CG43190,protein_coding,CG43190
FBgn0003716,tkv,CG14026,protein_coding,thickveins
FBgn0030872,Ucp4A,CG6492,protein_coding,Uncoupling protein 4A
FBgn0025620,CG13360,CG13360,protein_coding,CG13360
FBgn0029747,CG5062,CG5062,protein_coding,CG5062
FBgn0035107,mri,CG1216,protein_coding,mrityu
FBgn0052359,Leu-CAG-1-3,CR32359,tRNA,Leucine-CAG 1-3
FBgn0032873,CG2614,CG2614,protein_coding,CG2614
FBgn0010282,TfIIFalpha,CG10281,protein_coding,Transcription factor IIFalpha
FBgn0030435,CG4645,CG4645,protein_coding,CG4645
FBgn0052087,CG32087,CG32087,protein_coding,CG32087
FBgn0029705,CG12693,CG12693,protein_coding,CG12693
FBgn0015038,Cyp9b1,CG4485,protein_coding,Cytochrome P450 9b1
FBgn0262398,mir-124,CR42937,ncRNA,mir-124 stem loop
FBgn0051143,Leu-CAA-2-3,CR31143,tRNA,Leucine-CAA 2-3
FBgn0029770,CG4151,CG4151,protein_coding,CG4151
FBgn0035770,pst,CG8588,protein_coding,pastrel
FBgn0262290,mir-iab-8,CR42997,ncRNA,mir-iab-8 stem loop
FBgn0259728,CG42382,CG42382,protein_coding,CG42382
FBgn0266687,CR45177,CR45177,ncRNA,CR45177
FBgn0267581,CR45921,CR45921,ncRNA,CR45921
FBgn0264515,CR43914,CR43914,ncRNA,CR43914
FBgn0038445,CG14891,CG14891,protein_coding,CG14891
FBgn0260454,CG17139,CG17139,protein_coding,CG17139
FBgn0051262,CG31262,CG31262,protein_coding,CG31262
FBgn0039492,CG6051,CG6051,protein_coding,CG6051
FBgn0015774,NetB,CG10521,protein_coding,Netrin-B
FBgn0040968,CG14933,CG14933,protein_coding,CG14933
FBgn0016919,nompB,CG12548,protein_coding,no mechanoreceptor potential B
FBgn0260971,CG42594,CG42594,protein_coding,CG42594
FBgn0265759,CR44566,CR44566,ncRNA,CR44566
FBgn0250732,gfzf,CG33546,protein_coding,GST-containing FLYWCH zinc-finger protein
FBgn0259837,CR42406,CR42406,ncRNA,CR42406
FBgn0036799,CG13380,CG13380,protein_coding,CG13380
FBgn0036825,RpL26,CG6846,protein_coding,Ribosomal protein L26
FBgn0034841,atlas,CG13541,protein_coding,atlas
FBgn0032551,CG18636,CG18636,protein_coding,CG18636
FBgn0264866,CR44057,CR44057,ncRNA,CR44057
FBgn0036235,CG6938,CG6938,protein_coding,CG6938
FBgn0263605,l(3)72Dn,CG5018,protein_coding,lethal (3) 72Dn
FBgn0029962,CARPA,CG1402,protein_coding,Carbonic anhydrase-related protein A
FBgn0263654,CG43645,CG43645,protein_coding,CG43645
FBgn0262719,CG43163,CG43163,protein_coding,CG43163
FBgn0004380,Klp64D,CG10642,protein_coding,Kinesin-like protein at 64D
FBgn0035545,CG12607,CG12607,protein_coding,CG12607
FBgn0035976,PGRP-LC,CG4432,protein_coding,Peptidoglycan recognition protein LC
FBgn0035004,Pgam5-2,CG15874,protein_coding,Phosphoglycerate mutase 5-2
FBgn0052243,CG32243,CG32243,protein_coding,CG32243
FBgn0037703,Kdm3,CG8165,protein_coding,Lysine demethylase 3
FBgn0265687,CR44494,CR44494,ncRNA,CR44494
FBgn0035111,Dis3l2,CG16940,protein_coding,Dis3 like 3'-5' exoribonuclease 2
FBgn0086350,tef,CG8961,protein_coding,teflon
FBgn0267602,CR45940,CR45940,ncRNA,CR45940
FBgn0036141,wls,CG6210,protein_coding,wntless
FBgn0020306,dom,CG9696,protein_coding,domino
FBgn0040465,Dlip3,CG12767,protein_coding,Dorsal interacting protein 3
FBgn0266757,mfr,CG5747,protein_coding,misfire
FBgn0086130,Dbp21E2,CG3561,protein_coding,DEAD box protein 21E2
FBgn0036942,CG7328,CG7328,protein_coding,CG7328
FBgn0000439,Dfd,CG2189,protein_coding,Deformed
FBgn0265931,CR44720,CR44720,ncRNA,CR44720
FBgn0267513,CR45853,CR45853,pseudogene,CR45853
FBgn0016672,Ipp,CG3028,protein_coding,Inositol polyphosphate 1-phosphatase
FBgn0037186,CG11241,CG11241,protein_coding,CG11241
FBgn0266898,CR45358,CR45358,ncRNA,CR45358
FBgn0262478,CG43068,CG43068,protein_coding,CG43068
FBgn0034439,CG10062,CG10062,protein_coding,CG10062
FBgn0053181,CG33181,CG33181,protein_coding,CG33181
FBgn0037552,CG7800,CG7800,protein_coding,CG7800
FBgn0025686,Amnionless,CG11592,protein_coding,Amnionless
FBgn0259817,CG42398,CG42398,protein_coding,CG42398
FBgn0031772,CG13994,CG13994,protein_coding,CG13994
FBgn0259933,Dpm2,CG42456,protein_coding,Dolichyl-phosphate mannosyltransferase subunit 2
FBgn0267725,CR46058,CR46058,ncRNA,CR46058
FBgn0267559,CR45899,CR45899,ncRNA,CR45899
FBgn0033442,CG1690,CG1690,protein_coding,CG1690
FBgn0033652,ths,CG12443,protein_coding,thisbe
FBgn0003255,rk,CG8930,protein_coding,rickets
FBgn0014868,Ost48,CG9022,protein_coding,Oligosaccharyltransferase 48kD subunit
FBgn0034821,CG9876,CG9876,protein_coding,CG9876
FBgn0004406,PolG1,CG8987,protein_coding,DNA polymerase gamma subunit 1
FBgn0263771,CR43688,CR43688,pseudogene,CR43688
FBgn0033623,CG13202,CG13202,protein_coding,CG13202
FBgn0039613,Nepl20,CG14527,protein_coding,Neprilysin-like 20
FBgn0034099,CG15708,CG15708,protein_coding,CG15708
FBgn0037519,CG3014,CG3014,protein_coding,CG3014
FBgn0267484,CR45834,CR45834,ncRNA,CR45834
FBgn0035300,acs,CG1139,protein_coding,arcus
FBgn0004186,95Cb,CR32866,snRNA,small nuclear RNA U1 at 95C b
FBgn0053459,CG33459,CG33459,protein_coding,CG33459
FBgn0039311,CG10513,CG10513,protein_coding,CG10513
FBgn0038100,Paip2,CG12358,protein_coding,polyA-binding protein interacting protein 2
FBgn0053502,CG33502,CG33502,protein_coding,CG33502
FBgn0265863,CR44652,CR44652,ncRNA,CR44652
FBgn0030663,CG8117,CG8117,protein_coding,CG8117
FBgn0053820,CG33820,CG33820,protein_coding,CG33820
FBgn0267010,CR45454,CR45454,ncRNA,CR45454
FBgn0262813,CG43184,CG43184,protein_coding,CG43184
FBgn0035372,CG12093,CG12093,protein_coding,CG12093
FBgn0261395,Prosalpha3T,CG1736,protein_coding,"Proteasome alpha3 subunit, Testis-specific"
FBgn0045827,CG13245,CG13245,protein_coding,CG13245
FBgn0031289,CG13950,CG13950,protein_coding,CG13950
FBgn0037464,Mst84B,CG1988,protein_coding,Male-specific transcript 84B
FBgn0264449,CG43867,CG43867,protein_coding,CG43867
FBgn0053329,Sp212,CG33329,protein_coding,Serine-peptidase 212
FBgn0259950,CG42460,CG42460,protein_coding,CG42460
FBgn0040719,CG15357,CG15357,protein_coding,CG15357
FBgn0029837,Tsp5D,CG4690,protein_coding,Tetraspanin 5D
FBgn0267141,CR45581,CR45581,ncRNA,CR45581
FBgn0036590,CG13065,CG13065,protein_coding,CG13065
FBgn0034118,Nup62,CG6251,protein_coding,Nucleoporin 62kD
FBgn0263025,HSPBAP1,CG43320,protein_coding,HSPB1 associated protein 1
FBgn0031893,MICU1,CG4495,protein_coding,Mitochondrial calcium uptake 1
FBgn0267160,CR45600,CR45600,ncRNA,CR45600
FBgn0000594,Est-P,CG17148,protein_coding,Esterase P
FBgn0267990,CR46257,CR46257,ncRNA,CR46257
FBgn0264472,CG43880,CG43880,protein_coding,CG43880
FBgn0085432,pan,CG34403,protein_coding,pangolin
FBgn0050025,CG30025,CG30025,protein_coding,CG30025
FBgn0003996,w,CG2759,protein_coding,white
FBgn0289122,Ino80,CG31212,protein_coding,INO80 complex subunit
FBgn0030876,Srx,CG6762,protein_coding,Sulfiredoxin
FBgn0051793,CG31793,CG31793,protein_coding,CG31793
FBgn0033313,Cirl,CG8639,protein_coding,Calcium-independent receptor for alpha-latrotoxin
FBgn0262895,CR43250,CR43250,ncRNA,CR43250
FBgn0263603,Zn72D,CG5215,protein_coding,Zinc-finger protein at 72D
FBgn0053355,CR33355,CR33355,rRNA,CR33355
FBgn0262372,mir-3,CR42890,ncRNA,mir-3 stem loop
FBgn0267443,CR45793,CR45793,ncRNA,CR45793
FBgn0261675,Npc1b,CG12092,protein_coding,Niemann-Pick type C-1b
FBgn0039595,AstA-R2,CG10001,protein_coding,Allatostatin A receptor 2
FBgn0014903,CG14630,CG14630,protein_coding,CG14630
FBgn0267865,CR46153,CR46153,ncRNA,CR46153
FBgn0033683,CG18343,CG18343,protein_coding,CG18343
FBgn0283451,br,CG11491,protein_coding,broad
FBgn0033608,CG13220,CG13220,protein_coding,CG13220
FBgn0262892,CR43247,CR43247,ncRNA,CR43247
FBgn0039904,Hcf,CG1710,protein_coding,Host cell factor
FBgn0033985,CG10257,CG10257,protein_coding,CG10257
FBgn0034837,RpL22-like,CG9871,protein_coding,Ribosomal protein L22-like
FBgn0263647,CG43638,CG43638,protein_coding,CG43638
FBgn0039238,CG7016,CG7016,protein_coding,CG7016
FBgn0033187,PIG-G,CG2144,protein_coding,Phosphatidylinositol glycan anchor biosynthesis class G
FBgn0085693,CG41562,CG41562,protein_coding,CG41562
FBgn0262355,CR43053,CR43053,ncRNA,CR43053
FBgn0267879,CR46167,CR46167,pseudogene,CR46167
FBgn0038204,CG14357,CG14357,protein_coding,CG14357
FBgn0051788,CG31788,CG31788,protein_coding,CG31788
FBgn0030195,CG2898,CG2898,protein_coding,CG2898
FBgn0037794,CG6254,CG6254,protein_coding,CG6254
FBgn0034049,bdg,CG8291,protein_coding,bedraggled
FBgn0051064,CG31064,CG31064,protein_coding,CG31064
FBgn0031045,CG14212,CG14212,protein_coding,CG14212
FBgn0267170,CR45610,CR45610,ncRNA,CR45610
FBgn0029157,ssh,CG6238,protein_coding,slingshot
FBgn0035488,CG11593,CG11593,protein_coding,CG11593
FBgn0265542,CR44392,CR44392,ncRNA,CR44392
FBgn0035508,CG15005,CG15005,protein_coding,CG15005
FBgn0036499,CG7276,CG7276,protein_coding,CG7276
FBgn0263330,CR43411,CR43411,ncRNA,CR43411
FBgn0051265,CG31265,CG31265,protein_coding,CG31265
FBgn0032524,Hacd2,CG9267,protein_coding,3-hydroxyacyl-CoA dehydratase 2
FBgn0039670,CG7567,CG7567,protein_coding,CG7567
FBgn0265537,CR44387,CR44387,ncRNA,CR44387
FBgn0052425,CG32425,CG32425,protein_coding,CG32425
FBgn0035924,CG6576,CG6576,protein_coding,CG6576
FBgn0011206,bol,CG4760,protein_coding,boule
FBgn0001994,crp,CG7664,protein_coding,cropped
FBgn0029526,CR18166,CR18166,pseudogene,CR18166
FBgn0032476,CG5439,CG5439,protein_coding,CG5439
FBgn0031877,Hmgcl,CG10399,protein_coding,3-Hydroxymethyl-3-methylglutaryl-CoA lyase
FBgn0034274,CG10931,CG10931,protein_coding,CG10931
FBgn0267801,CR46126,CR46126,ncRNA,CR46126
FBgn0262376,mir-219,CR42897,ncRNA,mir-219 stem loop
FBgn0267568,CR45908,CR45908,ncRNA,CR45908
FBgn0033297,Mal-A8,CG8690,protein_coding,Maltase A8
FBgn0265201,CG44261,CG44261,protein_coding,CG44261
FBgn0037562,Nazo,CG11671,protein_coding,CG11671
FBgn0050374,CR30374,CR30374,pseudogene,CR30374
FBgn0004198,ct,CG11387,protein_coding,cut
FBgn0033483,egr,CG12919,protein_coding,eiger
FBgn0263601,mib1,CG5841,protein_coding,mind bomb 1
FBgn0053548,SmydA-8,CG33548,protein_coding,"SET and MYND domain containing, arthropod-specific, member 8"
FBgn0037608,mRpL19,CG8039,protein_coding,mitochondrial ribosomal protein L19
FBgn0050364,hubl,CG30364,protein_coding,hug-bell
FBgn0030795,ppk28,CG4805,protein_coding,pickpocket 28
FBgn0033788,CG13323,CG13323,protein_coding,CG13323
FBgn0264490,Eip93F,CG18389,protein_coding,Ecdysone-induced protein 93F
FBgn0039769,CG15534,CG15534,protein_coding,CG15534
FBgn0266939,CR45390,CR45390,ncRNA,CR45390
FBgn0267032,CR45476,CR45476,ncRNA,CR45476
FBgn0262144,CG42870,CG42870,protein_coding,CG42870
FBgn0267960,CR46240,CR46240,ncRNA,CR46240
FBgn0267612,CR45950,CR45950,ncRNA,CR45950
FBgn0004514,Oct-TyrR,CG7485,protein_coding,Octopamine-Tyramine receptor
FBgn0039058,VhaAC39-2,CG4624,protein_coding,Vacuolar H[+] ATPase AC39 subunit 2
FBgn0083943,CG34107,CG34107,protein_coding,CG34107
FBgn0037816,CG6345,CG6345,protein_coding,CG6345
FBgn0029816,CG12729,CG12729,protein_coding,CG12729
FBgn0039811,CG15550,CG15550,protein_coding,CG15550
FBgn0022355,Tsf1,CG6186,protein_coding,Transferrin 1
FBgn0267618,CR45956,CR45956,ncRNA,CR45956
FBgn0032303,CG6508,CG6508,protein_coding,CG6508
FBgn0051380,CG31380,CG31380,protein_coding,CG31380
FBgn0034920,CG5597,CG5597,protein_coding,CG5597
FBgn0034803,CG9849,CG9849,protein_coding,CG9849
FBgn0031598,Vps53,CG3338,protein_coding,Vacuolar protein sorting 53
FBgn0063391,30Eb,CR32876,snoRNA,30Eb
FBgn0266304,CR44969,CR44969,ncRNA,CR44969
FBgn0289438,CR46529,CR46529,ncRNA,CR46529
FBgn0263579,mir-4947,CR43564,ncRNA,mir-4947 stem loop
FBgn0033376,CG8777,CG8777,protein_coding,CG8777
FBgn0036608,CG13040,CG13040,protein_coding,CG13040
FBgn0264504,CR43903,CR43903,ncRNA,CR43903
FBgn0025835,CG17707,CG17707,protein_coding,CG17707
FBgn0027111,miple1,CG1221,protein_coding,midkine and pleiotrophin 1
FBgn0013263,Trl,CG33261,protein_coding,Trithorax-like
FBgn0042213,CG18731,CG18731,protein_coding,CG18731
FBgn0036681,Obp73a,CG13027,protein_coding,Odorant-binding protein 73a
FBgn0264819,CR44027,CR44027,ncRNA,CR44027
FBgn0034083,lbk,CG8434,protein_coding,lambik
FBgn0033855,link,CG13333,protein_coding,link
FBgn0038946,rdhB,CG7077,protein_coding,retinol dehydrogenase B
FBgn0031302,CG14340,CG14340,protein_coding,CG14340
FBgn0041236,Gr59d,CG30330,protein_coding,Gustatory receptor 59d
FBgn0085472,CG34443,CG34443,protein_coding,CG34443
FBgn0035070,CG3650,CG3650,protein_coding,CG3650
FBgn0002791,mr,CG3060,protein_coding,morula
FBgn0263630,mir-3641,CR43520,ncRNA,mir-3641 stem loop
FBgn0267590,CR45928,CR45928,ncRNA,CR45928
FBgn0010762,simj,CG32067,protein_coding,simjang
FBgn0025678,CaBP1,CG5809,protein_coding,calcium-binding protein 1
FBgn0035866,Arl5,CG7197,protein_coding,ADP-ribosylation factor-like 5
FBgn0031434,insv,CG3227,protein_coding,insensitive
FBgn0033232,CG12159,CG12159,protein_coding,CG12159
FBgn0052479,Usp10,CG32479,protein_coding,Ubiquitin specific protease 10
FBgn0035569,CG15876,CG15876,protein_coding,CG15876
FBgn0266352,CR45001,CR45001,ncRNA,CR45001
FBgn0032587,CG5953,CG5953,protein_coding,CG5953
FBgn0027594,drpr,CG2086,protein_coding,draper
FBgn0038705,CG11626,CG11626,protein_coding,CG11626
FBgn0053873,CG33873,CG33873,protein_coding,CG33873
FBgn0032329,Art8,CG16840,protein_coding,Arginine methyltransferase 8
FBgn0264912,CR44103,CR44103,ncRNA,CR44103
FBgn0039479,CG14257,CG14257,protein_coding,CG14257
FBgn0050393,CG30393,CG30393,protein_coding,CG30393
FBgn0015221,Fer2LCH,CG1469,protein_coding,Ferritin 2 light chain homologue
FBgn0032085,CG9555,CG9555,protein_coding,CG9555
FBgn0034618,CG9485,CG9485,protein_coding,CG9485
FBgn0026874,CG13358,CG13358,protein_coding,CG13358
FBgn0033497,CG12912,CG12912,protein_coding,CG12912
FBgn0034201,CG17290,CG17290,protein_coding,CG17290
FBgn0039504,CG14260,CG14260,protein_coding,CG14260
FBgn0038211,CG9649,CG9649,protein_coding,CG9649
FBgn0034894,sigmar,CG4091,protein_coding,salivary glands marred
FBgn0040475,SH3PX1,CG6757,protein_coding,SH3 and PX domain containing 1
FBgn0030889,CG15373,CG15373,protein_coding,CG15373
FBgn0265544,CR44394,CR44394,pseudogene,CR44394
FBgn0266020,CR44785,CR44785,ncRNA,CR44785
FBgn0034612,CG10505,CG10505,protein_coding,CG10505
FBgn0265157,CR44226,CR44226,ncRNA,CR44226
FBgn0259859,CR42428,CR42428,ncRNA,CR42428
FBgn0267181,CR45621,CR45621,ncRNA,CR45621
FBgn0051871,CG31871,CG31871,protein_coding,CG31871
FBgn0051228,Pro-TGG-1-5,CR31228,tRNA,Proline-TGG 1-5
FBgn0053447,CR33447,CR33447,rRNA,CR33447
FBgn0035025,uri,CG11416,protein_coding,unconventional prefoldin RPB5 interactor
FBgn0002775,msl-3,CG8631,protein_coding,male-specific lethal 3
FBgn0029961,Ir7a,CG12663,protein_coding,Ionotropic receptor 7a
FBgn0053859,CG33859,CG33859,protein_coding,CG33859
FBgn0263766,CR43683,CR43683,ncRNA,CR43683
FBgn0045469,Gr93c,CG31173,protein_coding,Gustatory receptor 93c
FBgn0051888,Asp-GTC-1-9,CR31888,tRNA,Aspartic acid-GTC 1-9
FBgn0267023,CR45467,CR45467,ncRNA,CR45467
FBgn0029700,CG15576,CG15576,protein_coding,CG15576
FBgn0267464,CR45814,CR45814,ncRNA,CR45814
FBgn0024836,stan,CG11895,protein_coding,starry night
FBgn0266831,CR45293,CR45293,ncRNA,CR45293
FBgn0025381,rush,CG14782,protein_coding,rush hour
FBgn0267050,CG45494,CG45494,protein_coding,CG45494
FBgn0045073,Stim,CG9126,protein_coding,Stromal interaction molecule
FBgn0037406,Osi1,CG15585,protein_coding,Osiris 1
FBgn0259231,CCKLR-17D1,CG42301,protein_coding,Cholecystokinin-like receptor at 17D1
FBgn0052983,CG32983,CG32983,protein_coding,CG32983
FBgn0030998,CG14195,CG14195,protein_coding,CG14195
FBgn0032595,CG17996,CG17996,protein_coding,CG17996
FBgn0052072,Elo68alpha,CG32072,protein_coding,Elongase 68alpha
FBgn0035627,Sse,CG10583,protein_coding,Separase
FBgn0013696,Ile-GAT,CR34060,tRNA,Isoleucine-GAT
FBgn0038747,RhoGAP92B,CG4755,protein_coding,Rho GTPase activating protein at 92B
FBgn0083022,Psi18S-640e,CR34581,snoRNA,Psi18S-640e
FBgn0040923,CG11368,CG11368,protein_coding,CG11368
FBgn0286726,Or-ACA6,CR46368,snoRNA,Orphan H/ACA box 6
FBgn0015754,Lis-1,CG8440,protein_coding,Lissencephaly-1
FBgn0028377,gdl-ORF39,CG33755,protein_coding,gdl-ORF39
FBgn0264672,Eogt,CG9867,protein_coding,EGF-domain O-GlcNAc transferase
FBgn0286737,Or-CD16,CR46379,ncRNA,Orphan CD box 16
FBgn0261849,CG42781,CG42781,protein_coding,CG42781
FBgn0086445,l(2)37Cd,CG10563,protein_coding,lethal (2) 37Cd
FBgn0038387,blp,CG5268,protein_coding,black pearl
FBgn0032525,Hsp60D,CG16954,protein_coding,Heat shock protein 60D
FBgn0265649,CR44456,CR44456,ncRNA,CR44456
FBgn0016930,Dyrk2,CG4551,protein_coding,Dual-specificity tyrosine phosphorylation-regulated kinase 2
FBgn0034565,CG15650,CG15650,protein_coding,CG15650
FBgn0262994,CR43302,CR43302,ncRNA,CR43302
FBgn0051301,CG31301,CG31301,protein_coding,CG31301
FBgn0004882,orb,CG10868,protein_coding,oo18 RNA-binding protein
FBgn0032026,CG7627,CG7627,protein_coding,CG7627
FBgn0036967,SCCRO4,CG6597,protein_coding,Squamous cell carcinoma-related oncogene 4
FBgn0032727,Bhmt,CG10623,protein_coding,Betaine-homocysteine S-methyltransferase
FBgn0011746,ana,CG8084,protein_coding,anachronism
FBgn0026089,CG14817,CG14817,protein_coding,CG14817
FBgn0033134,Tsp42El,CG12840,protein_coding,Tetraspanin 42El
FBgn0015818,Spx,CG3780,protein_coding,Spliceosomal protein on the X
FBgn0020642,Lcp65Ac,CG6956,protein_coding,Lcp65Ac
FBgn0033541,CG12934,CG12934,protein_coding,CG12934
FBgn0053003,CG33003,CG33003,protein_coding,CG33003
FBgn0051514,CR31514,CR31514,ncRNA,CR31514
FBgn0030703,MSBP,CG9066,protein_coding,membrane steroid binding protein
FBgn0030258,CG1552,CG1552,protein_coding,CG1552
FBgn0053874,CG33874,CG33874,protein_coding,CG33874
FBgn0029881,pigs,CG3973,protein_coding,pickled eggs
FBgn0266705,CR45195,CR45195,ncRNA,CR45195
FBgn0036005,pall,CG3428,protein_coding,pallbearer
FBgn0040261,Ugt37E1,CG13271,protein_coding,UDP-glycosyltransferase family 37 member E1
FBgn0051472,sgll,CG31472,protein_coding,sugarlethal
FBgn0039767,CG2218,CG2218,protein_coding,CG2218
FBgn0016123,Alp4,CG1462,protein_coding,Alkaline phosphatase 4
FBgn0037654,CG11983,CG11983,protein_coding,CG11983
FBgn0030742,CG9919,CG9919,protein_coding,CG9919
FBgn0034919,CG5569,CG5569,protein_coding,CG5569
FBgn0011236,ken,CG5575,protein_coding,ken and barbie
FBgn0024194,rasp,CG11495,protein_coding,rasp
FBgn0003134,Pp1alpha-96A,CG6593,protein_coding,Protein phosphatase 1alpha at 96A
FBgn0265058,CR44169,CR44169,ncRNA,CR44169
FBgn0086368,tw,CG12311,protein_coding,twisted
FBgn0030555,Fbxl4,CG1839,protein_coding,F box and leucine-rich-repeat gene 4
FBgn0036262,Miox,CG6910,protein_coding,Myo-inositol oxygenase
FBgn0019938,Polr1A,CG10122,protein_coding,RNA polymerase I subunit A
FBgn0264915,CR44106,CR44106,ncRNA,CR44106
FBgn0283494,Ak2,CG3140,protein_coding,Adenylate kinase 2
FBgn0054008,CG34008,CG34008,protein_coding,CG34008
FBgn0036390,CG13738,CG13738,protein_coding,CG13738
FBgn0266434,CG45064,CG45064,protein_coding,CG45064
FBgn0039071,bb8,CG4434,protein_coding,big bubble 8
FBgn0052272,Lys-CTT-1-13,CR32272,tRNA,Lysine-CTT 1-13
FBgn0038612,cona,CG7676,protein_coding,corona
FBgn0032156,CG13124,CG13124,protein_coding,CG13124
FBgn0265299,CR44272,CR44272,ncRNA,CR44272
FBgn0029067,Dd,CG1696,protein_coding,Dullard
FBgn0050259,CG30259,CG30259,protein_coding,CG30259
FBgn0053629,CR33629,CR33629,pseudogene,CR33629
FBgn0028662,VhaPPA1-1,CG7007,protein_coding,Vacuolar H[+] ATPase PPA1 subunit 1
FBgn0053557,CG33557,CG33557,protein_coding,CG33557
FBgn0083985,CG34149,CG34149,protein_coding,CG34149
FBgn0031515,CG9664,CG9664,protein_coding,CG9664
FBgn0267300,CR45736,CR45736,ncRNA,CR45736
FBgn0034825,Gpdh2,CG3215,protein_coding,Glycerol-3-phosphate dehydrogenase 2
FBgn0267462,CR45812,CR45812,ncRNA,CR45812
FBgn0039257,tnc,CG13648,protein_coding,tenectin
FBgn0267084,CR45528,CR45528,ncRNA,CR45528
FBgn0035041,CG13594,CG13594,protein_coding,CG13594
FBgn0262437,mir-274,CR42996,ncRNA,mir-274 stem loop
FBgn0034143,CG8303,CG8303,protein_coding,CG8303
FBgn0051679,Tengl3,CG31679,protein_coding,Testis EndoG-Like 3
FBgn0040239,bc10,CG4867,protein_coding,bc10
FBgn0033322,CG8584,CG8584,protein_coding,CG8584
FBgn0030841,CG8568,CG8568,protein_coding,CG8568
FBgn0051199,CG31199,CG31199,protein_coding,CG31199
FBgn0051016,CG31016,CG31016,protein_coding,CG31016
FBgn0265803,CR44592,CR44592,ncRNA,CR44592
FBgn0035436,CG12016,CG12016,protein_coding,CG12016
FBgn0013467,igl,CG18285,protein_coding,igloo
FBgn0001224,Hsp23,CG4463,protein_coding,Heat shock protein 23
FBgn0035333,CG1317,CG1317,protein_coding,CG1317
FBgn0039639,Alg13,CG14512,protein_coding,Alg13 UDP-N-acetylglucosaminyltransferase subunit
FBgn0033312,CG8642,CG8642,protein_coding,CG8642
FBgn0030319,CG2533,CG2533,protein_coding,CG2533
FBgn0261456,hpo,CG11228,protein_coding,hippo
FBgn0039914,mav,CG1901,protein_coding,maverick
FBgn0051477,ATPsynepsilonL,CG31477,protein_coding,"ATP synthase, epsilon subunit-like"
FBgn0004784,inaC,CG6518,protein_coding,inactivation no afterpotential C
FBgn0035205,Ctr9,CG2469,protein_coding,Ctr9
FBgn0017456,Ubc84D,CG12799,protein_coding,Ubiquitin conjugating enzyme 84D
FBgn0267306,CR45742,CR45742,ncRNA,CR45742
FBgn0035160,hng3,CG13897,protein_coding,hinge3
FBgn0265688,CR44495,CR44495,ncRNA,CR44495
FBgn0039485,Jhbp11,CG17189,protein_coding,Juvenile hormone binding protein 11
FBgn0036009,Or67a,CG12526,protein_coding,Odorant receptor 67a
FBgn0051576,Ala-AGC-2-10,CR31576,tRNA,Alanine-AGC 2-10
FBgn0033762,ZnT49B,CG8632,protein_coding,Zinc transporter 49B
FBgn0053551,Arg-TCG-2-4,CR33551,tRNA,Arginine-TCG 2-4
FBgn0005655,PCNA,CG9193,protein_coding,Proliferating cell nuclear antigen
FBgn0031690,CG7742,CG7742,protein_coding,CG7742
FBgn0284419,TS26,CR46333,ncRNA, testis-specific 26
FBgn0050080,CG30080,CG30080,protein_coding,CG30080
FBgn0030882,Gss1,CG6835,protein_coding,Glutathione synthetase 1
FBgn0037149,CG14561,CG14561,protein_coding,CG14561
FBgn0265855,CR44644,CR44644,ncRNA,CR44644
FBgn0001085,fz,CG17697,protein_coding,frizzled
FBgn0015040,Cyp9c1,CG3616,protein_coding,Cytochrome P450 9c1
FBgn0263323,CR43404,CR43404,ncRNA,CR43404
FBgn0051647,CR31647,CR31647,ncRNA,CR31647
FBgn0046793,CG32236,CG32236,protein_coding,CG32236
FBgn0052645,CG32645,CG32645,protein_coding,CG32645
FBgn0038584,mTerf5,CG7175,protein_coding,mitochondrial transcription termination factor 5
FBgn0051626,CG31626,CG31626,protein_coding,CG31626
FBgn0030797,CG13004,CG13004,protein_coding,CG13004
FBgn0004419,me31B,CG4916,protein_coding,maternal expression at 31B
FBgn0259876,Cap-G,CG34438,protein_coding,Chromosome associated protein G
FBgn0014454,Acp1,CG7216,protein_coding,Adult cuticle protein 1
FBgn0263525,mir-4911,CR43510,ncRNA,mir-4911 stem loop
FBgn0264911,CG44102,CG44102,protein_coding,CG44102
FBgn0032788,CG13084,CG13084,protein_coding,CG13084
FBgn0033275,CG14756,CG14756,protein_coding,CG14756
FBgn0035255,RabX5,CG7980,protein_coding,RabX5
FBgn0036756,Cln3,CG5582,protein_coding,Cln3
FBgn0038512,CG14330,CG14330,protein_coding,CG14330
FBgn0030027,CG1632,CG1632,protein_coding,CG1632
FBgn0262114,RanBPM,CG42236,protein_coding,Ran-binding protein M
FBgn0265343,CR44297,CR44297,ncRNA,CR44297
FBgn0034296,CG10912,CG10912,protein_coding,CG10912
FBgn0261266,zuc,CG12314,protein_coding,zucchini
FBgn0036029,CG16719,CG16719,protein_coding,CG16719
FBgn0037170,Trxr2,CG11401,protein_coding,Thioredoxin reductase 2
FBgn0045479,Gr64a,CG32261,protein_coding,Gustatory receptor 64a
FBgn0029649,CG4116,CG4116,protein_coding,CG4116
FBgn0065055,Psi28S-2648,CR33693,snoRNA,CR33693
FBgn0266202,CR44897,CR44897,ncRNA,CR44897
FBgn0004573,5-HT7,CG12073,protein_coding,5-hydroxytryptamine (serotonin) receptor 7
FBgn0035916,GAPsec,CG5978,protein_coding,"GTPase activating protein, SECIS-dependent read-through"
FBgn0052109,CG32109,CG32109,protein_coding,CG32109
FBgn0039152,Root,CG6129,protein_coding,Rootletin
FBgn0042102,CG18745,CG18745,protein_coding,CG18745
FBgn0033551,CG7222,CG7222,protein_coding,CG7222
FBgn0034662,CG13492,CG13492,protein_coding,CG13492
FBgn0053497,Sdic2,CG33497,protein_coding,Sperm-specific dynein intermediate chain 2
FBgn0286507,vrs,CG5538,protein_coding,versager
FBgn0034218,CG18467,CG18467,protein_coding,CG18467
FBgn0040356,CG12498,CG12498,protein_coding,CG12498
FBgn0266741,CR45214,CR45214,ncRNA,CR45214
FBgn0051089,CG31089,CG31089,protein_coding,CG31089
FBgn0040694,CG14974,CG14974,protein_coding,CG14974
FBgn0267566,CR45906,CR45906,ncRNA,CR45906
FBgn0028467,Ube4A,CG11070,protein_coding,Ubiquitination factor E4A
FBgn0082963,Psi28S-3378,CR34549,snoRNA,Psi28S-3378
FBgn0001230,Hsp68,CG5436,protein_coding,Heat shock protein 68
FBgn0243511,psidin,CG4845,protein_coding,phagocyte signaling impaired
FBgn0032972,CG10834,CG10834,protein_coding,CG10834
FBgn0261507,CG42655,CG42655,protein_coding,CG42655
FBgn0035953,CG5087,CG5087,protein_coding,CG5087
FBgn0267723,CR46056,CR46056,ncRNA,CR46056
FBgn0085307,CG34278,CG34278,protein_coding,CG34278
FBgn0013698,Leu-TAG,CR34093,tRNA,Leucine-TAG
FBgn0283627,CR46300,CR46300,pseudogene,CR46300
FBgn0038660,Sgsh,CG14291,protein_coding,N-sulfoglucosamine sulfohydrolase
FBgn0029819,Usp30,CG3016,protein_coding,Ubiquitin specific protease 30
FBgn0051892,Asp-GTC-1-3,CR31892,tRNA,Aspartic acid-GTC 1-3
FBgn0266376,CR45018,CR45018,ncRNA,CR45018
FBgn0285947,RpS10b,CG14206,protein_coding,Ribosomal protein S10b
FBgn0030026,sni,CG10964,protein_coding,sniffer
FBgn0030245,CG1637,CG1637,protein_coding,CG1637
FBgn0033960,CG10151,CG10151,protein_coding,CG10151
FBgn0263780,CG17684,CG17684,protein_coding,CG17684
FBgn0267202,CR45642,CR45642,ncRNA,CR45642
FBgn0028897,CG4935,CG4935,protein_coding,CG4935
FBgn0051700,CR31700,CR31700,pseudogene,CR31700
FBgn0043854,slam,CG9506,protein_coding,slow as molasses
FBgn0030625,CG5877,CG5877,protein_coding,CG5877
FBgn0275433,CR46265,CR46265,ncRNA,CR46265
FBgn0267580,CR45920,CR45920,ncRNA,CR45920
FBgn0020251,sfl,CG8339,protein_coding,sulfateless
FBgn0266151,CR44857,CR44857,ncRNA,CR44857
FBgn0020257,Ppa,CG9952,protein_coding,Partner of paired
FBgn0029877,CG17717,CG17717,protein_coding,CG17717
FBgn0034753,CG2852,CG2852,protein_coding,CG2852
FBgn0037171,CG14459,CG14459,protein_coding,CG14459
FBgn0034876,wmd,CG3957,protein_coding,wing morphogenesis defect
FBgn0053236,CG33236,CG33236,protein_coding,CG33236
FBgn0038353,CG5399,CG5399,protein_coding,CG5399
FBgn0025807,Rad9,CG3945,protein_coding,Rad9
FBgn0263412,CR43458,CR43458,ncRNA,CR43458
FBgn0037672,sage,CG12952,protein_coding,salivary gland-expressed bHLH
FBgn0031854,TTLL3A,CG11323,protein_coding,Tubulin tyrosine ligase-like 3A
FBgn0051971,Asp-GTC-2-1,CR31971,tRNA,Aspartic acid-GTC 2-1
FBgn0259221,ATP8A,CG42321,protein_coding,ATPase 8A
FBgn0037142,CG14562,CG14562,protein_coding,CG14562
FBgn0039449,CG6425,CG6425,protein_coding,CG6425
FBgn0265070,CR44181,CR44181,ncRNA,CR44181
FBgn0040395,Unc-76,CG3981,protein_coding,Uncoordinated 76
FBgn0031620,CG11929,CG11929,protein_coding,CG11929
FBgn0265255,CR44269,CR44269,ncRNA,CR44269
FBgn0039740,ZIPIC,CG7928,protein_coding,Zinc-finger protein interacting with CP190
FBgn0010040,GstD4,CG11512,protein_coding,Glutathione S transferase D4
FBgn0031529,CG9662,CG9662,protein_coding,CG9662
FBgn0263982,CG43731,CG43731,protein_coding,CG43731
FBgn0003187,qua,CG6433,protein_coding,quail
FBgn0267238,CR45678,CR45678,ncRNA,CR45678
FBgn0036282,Smyd4-2,CG14122,protein_coding,"SET and MYND domain containing, class 4, member 2"
FBgn0265983,CR44762,CR44762,ncRNA,CR44762
FBgn0046756,CR33945,CR33945,ncRNA,CR33945
FBgn0040466,Dlip2,CG9771,protein_coding,Dorsal interacting protein 2
FBgn0030217,CG2124,CG2124,protein_coding,CG2124
FBgn0053914,CG33914,CG33914,protein_coding,CG33914
FBgn0266720,Snap24,CG9474,protein_coding,Synaptosomal-associated protein 24kDa
FBgn0260795,NaPi-III,CG42575,protein_coding,Na[+]-dependent inorganic phosphate cotransporter type III
FBgn0287590,CG46460,CG46460,protein_coding,CG46460
FBgn0037679,Aduk,CG8866,protein_coding,Another Drosophila Unc-51-like kinase
FBgn0036592,CG13049,CG13049,protein_coding,CG13049
FBgn0038084,beat-Vc,CG14390,protein_coding,beaten path Vc
FBgn0266073,CR44826,CR44826,ncRNA,CR44826
FBgn0033400,CG2063,CG2063,protein_coding,CG2063
FBgn0053462,CG33462,CG33462,protein_coding,CG33462
FBgn0286199,shps,CG13611,protein_coding,sheepish
FBgn0263994,CG43737,CG43737,protein_coding,CG43737
FBgn0260996,CG42597,CG42597,protein_coding,CG42597
FBgn0051784,CG31784,CG31784,protein_coding,CG31784
FBgn0030434,Brms1,CG4400,protein_coding,BRMS1 transcriptional repressor
FBgn0030793,Rai1,CG9125,protein_coding,Rat1 Interacting Protein 1
FBgn0001965,Sos,CG7793,protein_coding,Son of sevenless
FBgn0262307,mir-990,CR43014,ncRNA,mir-990 stem loop
FBgn0033375,Ctu1,CG8078,protein_coding,Cytosolic thiouridylase subunit 1
FBgn0035817,CG7409,CG7409,protein_coding,CG7409
FBgn0035944,CG5021,CG5021,protein_coding,CG5021
FBgn0010591,Sply,CG8946,protein_coding,Sphingosine-1-phosphate lyase
FBgn0047334,BG642312,CG33943,protein_coding,BG642312
FBgn0265455,CG44355,CG44355,protein_coding,CG44355
FBgn0265765,CR44572,CR44572,ncRNA,CR44572
FBgn0036801,MYPT-75D,CG6896,protein_coding,Myosin phosphatase targeting subunit 75D
FBgn0265076,CR44187,CR44187,ncRNA,CR44187
FBgn0004957,por,CG6205,protein_coding,porcupine
FBgn0053927,CG33927,CG33927,protein_coding,CG33927
FBgn0030657,cerv,CG15645,protein_coding,cervantes
FBgn0021742,C901,CG1567,protein_coding,C901
FBgn0265574,Cdc5,CG6905,protein_coding,Cell division cycle 5
FBgn0265270,CR43239,CR43239,ncRNA,CR43239
FBgn0267411,CG45764,CG45764,protein_coding,CG45764
FBgn0262717,Skel,CG43161,protein_coding,Skeletor
FBgn0023541,Cyp4d14,CG3540,protein_coding,Cytochrome P450 4d14
FBgn0266644,CR45151,CR45151,ncRNA,CR45151
FBgn0032253,LManI,CG5322,protein_coding,Lysosomal alpha-mannosidase I
FBgn0263376,CG43428,CG43428,protein_coding,CG43428
FBgn0038589,CG18598,CG18598,protein_coding,CG18598
FBgn0025185,az2,CG1605,protein_coding,az2
FBgn0085234,CG34205,CG34205,protein_coding,CG34205
FBgn0034330,BomS4,CG18107,protein_coding,Bomanin Short 4
FBgn0267893,CR46181,CR46181,pseudogene,CR46181
FBgn0039779,PH4alphaSG2,CG1546,protein_coding,prolyl-4-hydroxylase-alpha SG2
FBgn0033236,CG14764,CG14764,protein_coding,CG14764
FBgn0046222,Wdr33,CG1109,protein_coding,WD repeat domain 33
FBgn0264896,CR44087,CR44087,ncRNA,CR44087
FBgn0263594,lost,CG14648,protein_coding,lost
FBgn0000447,Dhod,CG9741,protein_coding,Dihydroorotate dehydrogenase
FBgn0266582,ND-30,CG12079,protein_coding,NADH dehydrogenase (ubiquinone) 30 kDa subunit
FBgn0040735,BomT2,CG16836,protein_coding,Bomanin Tailed 2
FBgn0037250,CG1074,CG1074,protein_coding,CG1074
FBgn0039697,Etfb,CG7834,protein_coding,Electron transfer flavoprotein beta subunit
FBgn0038007,Cyp313a3,CG10093,protein_coding,Cytochrome P450 313a3
FBgn0010425,epsilonTry,CG18681,protein_coding,epsilonTrypsin
FBgn0263628,CR43637,CR43637,ncRNA,CR43637
FBgn0029745,Rpn13R,CG6789,protein_coding,Regulatory particle non-ATPase 13-related
FBgn0265338,CR44292,CR44292,ncRNA,CR44292
FBgn0028875,nAChRalpha5,CG32975,protein_coding,nicotinic Acetylcholine Receptor alpha5
FBgn0267967,corolla,CG8316,protein_coding,corolla
FBgn0267248,CR45688,CR45688,ncRNA,CR45688
FBgn0051437,CG31437,CG31437,protein_coding,CG31437
FBgn0032643,GCS2beta,CG6453,protein_coding,Glucosidase 2 beta subunit
FBgn0036196,CG11658,CG11658,protein_coding,CG11658
FBgn0031466,CG3119,CG3119,protein_coding,CG3119
FBgn0031065,CG14234,CG14234,protein_coding,CG14234
FBgn0039405,PIG-P,CG14550,protein_coding,Phosphatidylinositol glycan anchor biosynthesis class P
FBgn0264261,CR43761,CR43761,ncRNA,CR43761
FBgn0267780,CR46111,CR46111,ncRNA,CR46111
FBgn0053460,CG33460,CG33460,protein_coding,CG33460
FBgn0036925,schuy,CG17736,protein_coding,schumacher-levy
FBgn0011693,Pdh,CG4899,protein_coding,Photoreceptor dehydrogenase
FBgn0013717,not,CG4166,protein_coding,non-stop
FBgn0039357,CG4743,CG4743,protein_coding,CG4743
FBgn0266707,CR45197,CR45197,ncRNA,CR45197
FBgn0039335,Vps33B,CG5127,protein_coding,Vacuolar protein sorting 33B
FBgn0001092,Gapdh2,CG8893,protein_coding,Glyceraldehyde 3 phosphate dehydrogenase 2
FBgn0031886,Nuf2,CG8902,protein_coding,Nuf2
FBgn0286511,Pld,CG12110,protein_coding,Phospholipase D
FBgn0001138,grn,CG9656,protein_coding,grain
FBgn0053905,CG33905,CG33905,protein_coding,CG33905
FBgn0020909,Rtc1,CG11130,protein_coding,Rtc1
FBgn0026438,Eaat2,CG3159,protein_coding,Excitatory amino acid transporter 2
FBgn0266724,Trs20,CG5161,protein_coding,TRAPP subunit 20
FBgn0003655,swa,CG3429,protein_coding,swallow
FBgn0259201,CG42305,CG42305,protein_coding,CG42305
FBgn0000392,cup,CG11181,protein_coding,cup
FBgn0052319,Naa30B,CG32319,protein_coding,N(alpha)-acetyltransferase 30 B
FBgn0264870,CR44061,CR44061,ncRNA,CR44061
FBgn0003392,shi,CG18102,protein_coding,shibire
FBgn0035065,CG3589,CG3589,protein_coding,CG3589
FBgn0037298,CG2604,CG2604,protein_coding,CG2604
FBgn0035657,alphaKap4,CG10478,protein_coding,alpha Karyopherin-4
FBgn0036811,MED11,CG6884,protein_coding,Mediator complex subunit 11
FBgn0004619,GluRIA,CG8442,protein_coding,Glutamate receptor IA
FBgn0040211,hgo,CG4779,protein_coding,"homogentisate 1,2-dioxygenase"
FBgn0264741,CG43999,CG43999,protein_coding,CG43999
FBgn0027296,temp,CG3073,protein_coding,tempura
FBgn0013675,CoII,CG34069,protein_coding,mitochondrial Cytochrome c oxidase subunit II
FBgn0011906,Leu-CAG-1-1,CR30292,tRNA,Leucine-CAG 1-1
FBgn0267018,CR45462,CR45462,ncRNA,CR45462
FBgn0034061,Ufc1,CG8386,protein_coding,Ubiquitin-fold modifier conjugating enzyme 1
FBgn0267184,CR45624,CR45624,ncRNA,CR45624
FBgn0052813,CG32813,CG32813,protein_coding,CG32813
FBgn0287591,CR46461,CR46461,pseudogene,CR46461
FBgn0000173,ben,CG18319,protein_coding,bendless
FBgn0029730,boil,CG12681,protein_coding,boilerman
FBgn0032981,CG3635,CG3635,protein_coding,CG3635
FBgn0261844,pre-mod(mdg4)-V,CG42776,protein_coding,CG42776
FBgn0026428,HDAC6,CG6170,protein_coding,Histone deacetylase 6
FBgn0050115,GEFmeso,CG30115,protein_coding,Guanine nucleotide exchange factor in mesoderm
FBgn0266771,CR45236,CR45236,ncRNA,CR45236
FBgn0039705,Atg16,CG31033,protein_coding,Autophagy-related 16
FBgn0082925,Or-aca1,CR34561,snoRNA,Or-aca1
FBgn0033636,tou,CG10897,protein_coding,toutatis
FBgn0262853,CR43217,CR43217,pseudogene,CR43217
FBgn0039229,Saf-B,CG6995,protein_coding,Scaffold attachment factor B
FBgn0053645,CG33645,CG33645,protein_coding,CG33645
FBgn0266748,CR45221,CR45221,ncRNA,CR45221
FBgn0052133,Ptip,CG32133,protein_coding,PAX transcription activation domain interacting protein
FBgn0029719,CG15473,CG15473,protein_coding,CG15473
FBgn0264328,CR43787,CR43787,ncRNA,CR43787
FBgn0035426,CG12078,CG12078,protein_coding,CG12078
FBgn0028872,CG18095,CG18095,protein_coding,CG18095
FBgn0262886,CR43241,CR43241,ncRNA,CR43241
FBgn0265084,CG44195,CG44195,protein_coding,CG44195
FBgn0053281,CG33281,CG33281,protein_coding,CG33281
FBgn0004778,Ccp84Af,CG1331,protein_coding,Ccp84Af
FBgn0010431,mtrm,CG18543,protein_coding,matrimony
FBgn0024183,vig,CG4170,protein_coding,vasa intronic gene
FBgn0266026,CR44791,CR44791,ncRNA,CR44791
FBgn0010909,msn,CG16973,protein_coding,misshapen
FBgn0004507,Glyp,CG7254,protein_coding,Glycogen phosphorylase
FBgn0038571,CG7215,CG7215,protein_coding,CG7215
FBgn0260659,CG42542,CG42542,protein_coding,CG42542
FBgn0030289,GCS1,CG1597,protein_coding,Glucosidase 1
FBgn0039306,RIOK2,CG11859,protein_coding,RIO kinase 2
FBgn0038017,CG4115,CG4115,protein_coding,CG4115
FBgn0265418,CR44330,CR44330,ncRNA,CR44330
FBgn0036570,IntS9,CG5222,protein_coding,Integrator 9
FBgn0058160,CG40160,CG40160,protein_coding,CG40160
FBgn0261555,CG42673,CG42673,protein_coding,CG42673
FBgn0264077,Cnx14D,CG9906,protein_coding,Calnexin 14D
FBgn0050088,CG30088,CG30088,protein_coding,CG30088
FBgn0040273,Spt5,CG7626,protein_coding,Spt5
FBgn0025393,CG14795,CG14795,protein_coding,CG14795
FBgn0267244,CR45684,CR45684,ncRNA,CR45684
FBgn0038909,CG6569,CG6569,protein_coding,CG6569
FBgn0000320,eya,CG9554,protein_coding,eyes absent
FBgn0038072,CG6225,CG6225,protein_coding,CG6225
FBgn0036237,viaf,CG18593,protein_coding,viral IAP-associated factor
FBgn0034599,hng1,CG9437,protein_coding,hinge1
FBgn0259838,CR42407,CR42407,ncRNA,CR42407
FBgn0015240,Hr96,CG11783,protein_coding,Hormone receptor-like in 96
FBgn0082946,Me28S-A2634a,CR34636,snoRNA,Me28S-A2634a
FBgn0052199,CG32199,CG32199,protein_coding,CG32199
FBgn0053203,CG33203,CG33203,protein_coding,CG33203
FBgn0035122,mRpL17,CG13880,protein_coding,mitochondrial ribosomal protein L17
FBgn0000406,Cyt-b5-r,CG13279,protein_coding,Cytochrome b5-related
FBgn0039776,PH4alphaEFB,CG31022,protein_coding,prolyl-4-hydroxylase-alpha EFB
FBgn0039481,Cpr97Eb,CG15884,protein_coding,Cuticular protein 97Eb
FBgn0261996,CG42814,CG42814,protein_coding,CG42814
FBgn0262036,CG42847,CG42847,protein_coding,CG42847
FBgn0067861,Sdic1,CG9580,protein_coding,Sperm-specific dynein intermediate chain 1
FBgn0040398,CG14629,CG14629,protein_coding,CG14629
FBgn0030058,CG11294,CG11294,protein_coding,CG11294
FBgn0037842,CG6567,CG6567,protein_coding,CG6567
FBgn0265859,CR44648,CR44648,ncRNA,CR44648
FBgn0053493,CG33493,CG33493,protein_coding,CG33493
FBgn0011885,Ile-AAT-1-7,CR30247,tRNA,Isoleucine-AAT 1-7
FBgn0259212,cno,CG42312,protein_coding,canoe
FBgn0026634,Cog2,CG6177,protein_coding,Component of oligomeric golgi complex 2
FBgn0265747,CR44554,CR44554,ncRNA,CR44554
FBgn0262450,mir-312,CR43017,ncRNA,mir-312 stem loop
FBgn0015584,Acp53Ea,CG8622,protein_coding,Accessory gland protein 53Ea
FBgn0035871,BI-1,CG7188,protein_coding,Bax Inhibitor-1
FBgn0034788,CG13532,CG13532,protein_coding,CG13532
FBgn0035270,CG13933,CG13933,protein_coding,CG13933
FBgn0003751,trk,CG5619,protein_coding,trunk
FBgn0051616,CR31616,CR31616,pseudogene,CR31616
FBgn0041210,HDAC4,CG1770,protein_coding,Histone deacetylase 4
FBgn0030680,CG8944,CG8944,protein_coding,CG8944
FBgn0038772,mdlc,CG4973,protein_coding,midlife crisis
FBgn0050495,CG30495,CG30495,protein_coding,CG30495
FBgn0033229,CG12822,CG12822,protein_coding,CG12822
FBgn0037262,MED31,CG1057,protein_coding,Mediator complex subunit 31
FBgn0027524,CG3909,CG3909,protein_coding,CG3909
FBgn0004242,Syt1,CG3139,protein_coding,Synaptotagmin 1
FBgn0267013,CR45457,CR45457,ncRNA,CR45457
FBgn0264377,CG43829,CG43829,protein_coding,CG43829
FBgn0030477,dmrt11E,CG15749,protein_coding,doublesex-Mab related 11E
FBgn0035476,CG12766,CG12766,protein_coding,CG12766
FBgn0029648,CG3603,CG3603,protein_coding,CG3603
FBgn0267648,pre-mod(mdg4)-G,CG45986,protein_coding,CG45986
FBgn0267490,Mst77Y-4,CG45763,protein_coding,Male-specific transcript 77Y 4
FBgn0017545,RpS3A,CG2168,protein_coding,Ribosomal protein S3A
FBgn0038549,Nnk,CG17802,protein_coding,Nicknack
FBgn0039199,CG13615,CG13615,protein_coding,CG13615
FBgn0264467,CR43875,CR43875,ncRNA,CR43875
FBgn0035959,CG4911,CG4911,protein_coding,CG4911
FBgn0263387,CG43439,CG43439,protein_coding,CG43439
FBgn0035308,CG15822,CG15822,protein_coding,CG15822
FBgn0038221,IFT54,CG3259,protein_coding,Intraflagellar transport 54
FBgn0038157,CG12538,CG12538,protein_coding,CG12538
FBgn0037223,TwdlU,CR14638,pseudogene,TweedleU
FBgn0035057,CG3880,CG3880,protein_coding,CG3880
FBgn0012037,Ance,CG8827,protein_coding,Angiotensin converting enzyme
FBgn0036022,CG8329,CG8329,protein_coding,CG8329
FBgn0029174,Fkbp59,CG4535,protein_coding,FK506-binding protein 59kD
FBgn0267632,CR45970,CR45970,ncRNA,CR45970
FBgn0051093,CG31093,CG31093,protein_coding,CG31093
FBgn0283546,mir-9384,CR46280,ncRNA,mir-9384 stem loop
FBgn0033916,Usp20-33,CG8494,protein_coding,Ubiquitin specific protease 20/33
FBgn0052303,Cys-GCA-3-1,CR32303,tRNA,Cysteine-GCA 3-1
FBgn0029539,CG11663,CG11663,protein_coding,CG11663
FBgn0034491,Hsl,CG11055,protein_coding,Hormone-sensitive lipase
FBgn0029778,RhoGAP5A,CG3208,protein_coding,Rho GTPase activating protein at 5A
FBgn0034429,AANATL4,CG18607,protein_coding,Arylalkylamine N-acetyltransferase-like 4
FBgn0051313,CG31313,CG31313,protein_coding,CG31313
FBgn0264484,CR43892,CR43892,ncRNA,CR43892
FBgn0040290,RecQ4,CG7487,protein_coding,RecQ4 helicase
FBgn0028497,Mtmr6,CG3530,protein_coding,Myotubularin related protein 6
FBgn0085419,Rgk2,CG34390,protein_coding,"Rad, Gem/Kir family member 2"
FBgn0034706,CG11275,CG11275,protein_coding,CG11275
FBgn0034776,CG13527,CG13527,protein_coding,CG13527
FBgn0031217,Creld,CG11377,protein_coding,Cysteine rich with EGF like domains
FBgn0264717,CR43985,CR43985,ncRNA,CR43985
FBgn0034187,Mov10,CG6967,protein_coding,Mov10 RISC complex RNA helicase
FBgn0283478,und,CG4008,protein_coding,uninitiated
FBgn0011863,Gly-GCC-1-5,CR31978,tRNA,Glycine-GCC 1-5
FBgn0001208,Hn,CG7399,protein_coding,Henna
FBgn0004370,Ptp10D,CG1817,protein_coding,Protein tyrosine phosphatase 10D
FBgn0263094,CG43362,CG43362,protein_coding,CG43362
FBgn0031879,uif,CG9138,protein_coding,uninflatable
FBgn0027375,RecQ5,CG4879,protein_coding,RecQ5 helicase
FBgn0032847,Taf13,CG10756,protein_coding,TBP-associated factor 13
FBgn0036516,CG7656,CG7656,protein_coding,CG7656
FBgn0035928,CG13310,CG13310,protein_coding,CG13310
FBgn0283480,Alp2,CG3290,protein_coding,Alkaline phosphatase 2
FBgn0013692,Glu-TTC,CR34081,tRNA,Glutamic acid-TTC
FBgn0259922,Skadu,CG42448,protein_coding,Skadu
FBgn0004924,Top1,CG6146,protein_coding,Topoisomerase 1
FBgn0010078,RpL23,CG3661,protein_coding,Ribosomal protein L23
FBgn0264444,CR43862,CR43862,ncRNA,CR43862
FBgn0263289,scrib,CG43398,protein_coding,scribble
FBgn0038838,TotB,CG5609,protein_coding,Turandot B
FBgn0038136,CG8774,CG8774,protein_coding,CG8774
FBgn0266439,CG45069,CG45069,protein_coding,CG45069
FBgn0285963,CG46339,CG46339,protein_coding,CG46339
FBgn0267169,CR45609,CR45609,ncRNA,CR45609
FBgn0035704,Vps8,CG10144,protein_coding,Vacuolar protein sorting 8
FBgn0267197,CR45637,CR45637,ncRNA,CR45637
FBgn0003410,sina,CG9949,protein_coding,seven in absentia
FBgn0261571,CG42685,CG42685,protein_coding,CG42685
FBgn0039420,CG6154,CG6154,protein_coding,CG6154
FBgn0037462,sunz,CG15179,protein_coding,sungrazer
FBgn0001189,hfw,CG3095,protein_coding,halfway
FBgn0039531,CG5611,CG5611,protein_coding,CG5611
FBgn0042092,Polr1F,CG13773,protein_coding,RNA polymerase I subunit F
FBgn0053919,CG33919,CG33919,protein_coding,CG33919
FBgn0035878,CG7182,CG7182,protein_coding,CG7182
FBgn0267090,CR45534,CR45534,ncRNA,CR45534
FBgn0032820,fbp,CG31692,protein_coding,"fructose-1,6-bisphosphatase"
FBgn0263767,CR43684,CR43684,ncRNA,CR43684
FBgn0265684,CR44491,CR44491,ncRNA,CR44491
FBgn0036471,CG13460,CG13460,protein_coding,CG13460
FBgn0031571,bark,CG3921,protein_coding,bark beetle
FBgn0041238,Gr58b,CG13495,protein_coding,Gustatory receptor 58b
FBgn0264948,CR44117,CR44117,ncRNA,CR44117
FBgn0033818,CG4712,CG4712,protein_coding,CG4712
FBgn0036962,CG17122,CG17122,protein_coding,CG17122
FBgn0026319,Traf4,CG3048,protein_coding,TNF-receptor-associated factor 4
FBgn0051806,CG31806,CG31806,protein_coding,CG31806
FBgn0036510,SCCRO,CG7427,protein_coding,Squamous cell carcinoma-related oncogene
FBgn0037473,CG10068,CG10068,protein_coding,CG10068
FBgn0263656,CG43647,CG43647,protein_coding,CG43647
FBgn0267078,CR45522,CR45522,ncRNA,CR45522
FBgn0023477,Taldo,CG2827,protein_coding,Transaldolase
FBgn0267935,CR46215,CR46215,ncRNA,CR46215
FBgn0265425,CR44337,CR44337,ncRNA,CR44337
FBgn0037015,cmpy,CG13253,protein_coding,crimpy
FBgn0085197,CG34168,CG34168,protein_coding,CG34168
FBgn0031488,Ccdc85,CG17265,protein_coding,CG17265
FBgn0031857,LUBEL,CG11321,protein_coding,Linear Ubiquitin E3 ligase
FBgn0039858,CycG,CG11525,protein_coding,Cyclin G
FBgn0265822,CR44611,CR44611,ncRNA,CR44611
FBgn0265887,CR44676,CR44676,ncRNA,CR44676
FBgn0034965,ppk29,CG13568,protein_coding,pickpocket 29
FBgn0266253,CR44948,CR44948,ncRNA,CR44948
FBgn0266883,CR45344,CR45344,ncRNA,CR45344
FBgn0286729,Or-CD15,CR46371,snoRNA,Orphan C/D box 15
FBgn0030952,CG12609,CG12609,protein_coding,CG12609
FBgn0027587,Prp4k,CG7028,protein_coding,Pre-mRNA processing factor 4 kinase
FBgn0267988,CR46255,CR46255,ncRNA,CR46255
FBgn0004837,Su(H),CG3497,protein_coding,Suppressor of Hairless
FBgn0267663,CR46001,CR46001,ncRNA,CR46001
FBgn0266411,sima,CG45051,protein_coding,similar
FBgn0053505,U3-55K,CG33505,protein_coding,U3 small nuclear riboprotein factor 55K
FBgn0036978,Toll-9,CG5528,protein_coding,Toll-9
FBgn0259989,CG42486,CG42486,protein_coding,CG42486
FBgn0260941,app,CG42318,protein_coding,approximated
FBgn0286834,CG46388,CG46388,protein_coding,CG46388
FBgn0020655,ArfGAP1,CG4237,protein_coding,ADP-ribosylation factor GTPase activating protein 1
FBgn0030891,Ada3,CG7098,protein_coding,transcriptional Adaptor 3
FBgn0031550,IFT57,CG8853,protein_coding,Intraflagellar transport 57
FBgn0010516,wal,CG8996,protein_coding,walrus
FBgn0053265,Muc68E,CG33265,protein_coding,Mucin 68E
FBgn0033457,Ntmt,CG1675,protein_coding,N-terminal methyltransferase
FBgn0266064,Glys,CG6904,protein_coding,Glycogen synthase
FBgn0053841,CG33841,CG33841,protein_coding,CG33841
FBgn0039678,Obp99a,CG18111,protein_coding,Odorant-binding protein 99a
FBgn0058441,CR40441,CR40441,pseudogene,CR40441
FBgn0034110,Atg9,CG3615,protein_coding,Autophagy-related 9
FBgn0030376,CG2750,CG2750,protein_coding,CG2750
FBgn0051998,CG31998,CG31998,protein_coding,CG31998
FBgn0031707,CG14020,CG14020,protein_coding,CG14020
FBgn0041231,Gr68a,CG7303,protein_coding,Gustatory receptor 68a
FBgn0037195,CG11226,CG11226,protein_coding,CG11226
FBgn0011910,Leu-CAA-1-1,CR30508,tRNA,Leucine-CAA 1-1
FBgn0036784,CG5103,CG5103,protein_coding,CG5103
FBgn0031040,CG14210,CG14210,protein_coding,CG14210
FBgn0263334,CR43415,CR43415,ncRNA,CR43415
FBgn0259937,Nop60B,CG3333,protein_coding,Nucleolar protein at 60B
FBgn0267232,CR45672,CR45672,ncRNA,CR45672
FBgn0034210,Camp,CG6568,protein_coding,Cathelicidin-like antimicrobial protein
FBgn0031935,CG13793,CG13793,protein_coding,CG13793
FBgn0038685,CG14282,CG14282,protein_coding,CG14282
FBgn0085305,CG34276,CG34276,protein_coding,CG34276
FBgn0039125,Ndc1,CG5857,protein_coding,Nuclear division cycle 1
FBgn0263257,Cngl,CG43395,protein_coding,Cyclic nucleotide-gated ion channel-like
FBgn0267225,CR45665,CR45665,ncRNA,CR45665
FBgn0038389,CG5516,CG5516,protein_coding,CG5516
FBgn0052017,CG32017,CG32017,protein_coding,CG32017
FBgn0261537,CG42661,CG42661,protein_coding,CG42661
FBgn0266798,CR45260,CR45260,ncRNA,CR45260
FBgn0265421,CR44333,CR44333,ncRNA,CR44333
FBgn0260487,CG42534,CG42534,protein_coding,CG42534
FBgn0026163,Lys-TTT-2-2,CR31487,tRNA,Lysine-TTT 2-2
FBgn0039707,Prtl99C,CG15510,protein_coding,Protamine-like 99C
FBgn0042711,Hex-t1,CG33102,protein_coding,Hexokinase testis 1
FBgn0035193,CG9192,CG9192,protein_coding,CG9192
FBgn0286204,ich,CG11966,protein_coding,ichor
FBgn0003210,rb,CG11427,protein_coding,ruby
FBgn0267952,CR46232,CR46232,pseudogene,CR46232
FBgn0015623,Cpr,CG11567,protein_coding,Cytochrome P450 reductase
FBgn0040918,schlank,CG3576,protein_coding,schlank
FBgn0010741,Pfdn2,CG6302,protein_coding,Prefoldin 2
FBgn0027070,Ugt36E1,CG17322,protein_coding,UDP-glycosyltransferase family 36 member E1
FBgn0266320,CR44985,CR44985,ncRNA,CR44985
FBgn0031018,narya,CG12200,protein_coding,narya
FBgn0036585,CG13071,CG13071,protein_coding,CG13071
FBgn0033688,Prp8,CG8877,protein_coding,pre-mRNA processing factor 8
FBgn0054051,CG34051,CG34051,protein_coding,CG34051
FBgn0051014,PH4alphaSG1,CG31014,protein_coding,prolyl-4-hydroxylase-alpha SG1
FBgn0082931,Me28S-G2703a,CR34539,snoRNA,Me28S-G2703a
FBgn0031432,Cyp309a1,CG9964,protein_coding,Cytochrome P450 309a1
FBgn0050274,CG30274,CG30274,protein_coding,CG30274
FBgn0010043,GstD7,CG4371,protein_coding,Glutathione S transferase D7
FBgn0267435,chp,CG1744,protein_coding,chaoptin
FBgn0267936,CR46216,CR46216,ncRNA,CR46216
FBgn0041100,park,CG10523,protein_coding,parkin
FBgn0264945,CR44114,CR44114,ncRNA,CR44114
FBgn0041248,Gr23a,CG15396,protein_coding,Gustatory receptor 23a
FBgn0034915,eIF6,CG17611,protein_coding,eukaryotic translation initiation factor 6
FBgn0038071,Dtg,CG6234,protein_coding,Dpp target gene
FBgn0267504,CR45844,CR45844,rRNA,CR45844
FBgn0019936,RpS20,CG15693,protein_coding,Ribosomal protein S20
FBgn0016641,PTP-ER,CG9856,protein_coding,Protein tyrosine phosphatase-ERK/Enhancer of Ras1
FBgn0265160,CR44229,CR44229,ncRNA,CR44229
FBgn0261085,Syt12,CG10617,protein_coding,Synaptotagmin 12
FBgn0086605,CG9853,CG9853,protein_coding,CG9853
FBgn0267964,CG46244,CG46244,protein_coding,CG46244
FBgn0267945,CR46225,CR46225,ncRNA,CR46225
FBgn0052112,CG32112,CG32112,protein_coding,CG32112
FBgn0002899,mus301,CG7972,protein_coding,mutagen-sensitive 301
FBgn0250868,CG42239,CG42239,protein_coding,CG42239
FBgn0262283,mir-985,CR42990,ncRNA,mir-985 stem loop
FBgn0052483,CG32483,CG32483,protein_coding,CG32483
FBgn0039780,PH4alphaNE1,CG9728,protein_coding,prolyl-4-hydroxylase-alpha NE1
FBgn0286730,Me28S-A2629,CR46372,snoRNA,Me28S-A2629
FBgn0033366,Ance-4,CG8196,protein_coding,Ance-4
FBgn0264475,CR43883,CR43883,ncRNA,CR43883
FBgn0003267,ro,CG6348,protein_coding,rough
FBgn0034517,Cpr57A,CG18066,protein_coding,Cuticular protein 57A
FBgn0053835,CG33835,CG33835,protein_coding,CG33835
FBgn0065087,649,CR33685,ncRNA,small non-coding RNA 649
FBgn0022770,Peritrophin-A,CG17058,protein_coding,Peritrophin A
FBgn0266404,CR45044,CR45044,ncRNA,CR45044
FBgn0039590,CG10011,CG10011,protein_coding,CG10011
FBgn0061435,CG30270,CG30270,protein_coding,CG30270
FBgn0002707,mei-9,CG3697,protein_coding,meiotic 9
FBgn0085319,CG34290,CG34290,protein_coding,CG34290
FBgn0032089,Rcd-1r,CG9573,protein_coding,Rcd-1 related
FBgn0035767,Cln7,CG8596,protein_coding,Cln7
FBgn0085290,Targ3,CG34261,protein_coding,Terminal ADP-ribose protein glycohydrolase 3
FBgn0266657,CR45164,CR45164,ncRNA,CR45164
FBgn0035539,slow,CG7447,protein_coding,slowdown
FBgn0065048,54Aa,CR33921,snoRNA,54Aa
FBgn0035955,CG5194,CG5194,protein_coding,CG5194
FBgn0038251,Hexim,CG3508,protein_coding,Hexamethylene bisacetamide inducible
FBgn0052283,Drsl3,CG32283,protein_coding,Drosomycin-like 3
FBgn0267307,CR45743,CR45743,ncRNA,CR45743
FBgn0263072,CG43347,CG43347,protein_coding,CG43347
FBgn0052360,Leu-CAG-1-4,CR32360,tRNA,Leucine-CAG 1-4
FBgn0262485,CG43075,CG43075,protein_coding,CG43075
FBgn0029990,CG2233,CG2233,protein_coding,CG2233
FBgn0028942,CG16852,CG16852,protein_coding,CG16852
FBgn0262427,mir-1016,CR42981,ncRNA,mir-1016 stem loop
FBgn0082957,Psi28S-3405d,CR34623,snoRNA,Psi28S-3405d
FBgn0023479,teq,CG4821,protein_coding,Tequila
FBgn0260225,CR42499,CR42499,pseudogene,CR42499
FBgn0037078,CG12971,CG12971,protein_coding,CG12971
FBgn0032484,kek4,CG9431,protein_coding,kekkon 4
FBgn0004102,oc,CG12154,protein_coding,ocelliless
FBgn0030696,CG8509,CG8509,protein_coding,CG8509
FBgn0040234,c12.2,CG12149,protein_coding,c12.2
FBgn0034552,CG17999,CG17999,protein_coding,CG17999
FBgn0033864,CG18368,CG18368,protein_coding,CG18368
FBgn0028690,Rpn5,CG1100,protein_coding,Regulatory particle non-ATPase 5
FBgn0020279,lig,CG8715,protein_coding,lingerer
FBgn0036947,obst-F,CG7306,protein_coding,obstructor-F
FBgn0038680,Cyp12a5,CG11821,protein_coding,Cytochrome P450 12a5
FBgn0039564,Nep7,CG5527,protein_coding,Neprilysin 7
FBgn0038206,twf,CG3172,protein_coding,twinfilin
FBgn0286508,Had1,CG9914,protein_coding,beta Hydroxy acid dehydrogenase 1
FBgn0014877,Roe1,CG6155,protein_coding,Roe1
FBgn0034087,clu,CG8443,protein_coding,clueless
FBgn0266828,CR45290,CR45290,ncRNA,CR45290
FBgn0266450,Kr-h1,CG45074,protein_coding,Kruppel homolog 1
FBgn0011760,ctp,CG6998,protein_coding,cut up
FBgn0040022,Set1,CG40351,protein_coding,SET domain containing 1
FBgn0267458,CR45808,CR45808,ncRNA,CR45808
FBgn0053519,Obsc,CG33519,protein_coding,Obscurin
FBgn0265423,CR44335,CR44335,ncRNA,CR44335
FBgn0266769,CR45234,CR45234,ncRNA,CR45234
FBgn0031142,r-cup,CG10998,protein_coding,ryder cup
FBgn0031735,CG11029,CG11029,protein_coding,CG11029
FBgn0050502,Fa2h,CG30502,protein_coding,Fatty acid 2-hydroxylase
FBgn0037252,CG14650,CG14650,protein_coding,CG14650
FBgn0265366,CR44307,CR44307,ncRNA,CR44307
FBgn0032639,CG18563,CG18563,protein_coding,CG18563
FBgn0267463,CR45813,CR45813,ncRNA,CR45813
FBgn0031318,CG4887,CG4887,protein_coding,CG4887
FBgn0259736,CG42390,CG42390,protein_coding,CG42390
FBgn0039326,CG10562,CG10562,protein_coding,CG10562
FBgn0260461,Rcd7,CG14098,protein_coding,Reduction in Cnn dots 7
FBgn0038123,CG8508,CG8508,protein_coding,CG8508
FBgn0001120,gnu,CG5272,protein_coding,giant nuclei
FBgn0037520,CG18268,CG18268,protein_coding,CG18268
FBgn0015230,Glut3,CG3853,protein_coding,Glucose transporter type 3
FBgn0033943,CG12869,CG12869,protein_coding,CG12869
FBgn0265896,CR44685,CR44685,ncRNA,CR44685
FBgn0267201,CR45641,CR45641,ncRNA,CR45641
FBgn0026361,Septin5,CG2916,protein_coding,Septin 5
FBgn0085359,CG34330,CG34330,protein_coding,CG34330
FBgn0035733,CG8641,CG8641,protein_coding,CG8641
FBgn0031361,CG17652,CG17652,protein_coding,CG17652
FBgn0262189,mir-2500,CR42896,ncRNA,mir-2500 stem loop
FBgn0266303,CR44968,CR44968,ncRNA,CR44968
FBgn0033100,CG3420,CG3420,protein_coding,CG3420
FBgn0266817,CR45279,CR45279,ncRNA,CR45279
FBgn0267114,CR45554,CR45554,ncRNA,CR45554
FBgn0261634,CG42717,CG42717,protein_coding,CG42717
FBgn0085486,CG34457,CG34457,protein_coding,CG34457
FBgn0037819,Phyhd1,CG14688,protein_coding,Phytanoyl-CoA dioxygenase domain containing 1
FBgn0265614,CR44432,CR44432,ncRNA,CR44432
FBgn0026439,Eaat1,CG3747,protein_coding,Excitatory amino acid transporter 1
FBgn0030894,Mvb12,CG7192,protein_coding,Multivesicular body subunit 12
FBgn0259861,CR42430,CR42430,ncRNA,CR42430
FBgn0028734,Fmr1,CG6203,protein_coding,Fragile X messenger ribonucleoprotein 1
FBgn0287466,CR46455,CR46455,ncRNA,CR46455
FBgn0267913,CR46194,CR46194,ncRNA,CR46194
FBgn0053512,dpr4,CG33512,protein_coding,defective proboscis extension response 4
FBgn0011984,Ser-AGA-2-4,CR31951,tRNA,Serine-AGA 2-4
FBgn0039565,CG4884,CG4884,protein_coding,CG4884
FBgn0260474,CG30002,CG30002,protein_coding,CG30002
FBgn0267024,CR45468,CR45468,ncRNA,CR45468
FBgn0085500,CR40601,CR40601,pseudogene,CR40601
FBgn0037997,CG14742,CG14742,protein_coding,CG14742
FBgn0030887,CG6867,CG6867,protein_coding,CG6867
FBgn0036155,CG6163,CG6163,protein_coding,CG6163
FBgn0040554,CR17025,CR17025,ncRNA,CR17025
FBgn0053736,430j,CR33736,ncRNA,small non-coding RNA 430j
FBgn0036398,upSET,CG9007,protein_coding,upSET
FBgn0085209,CG34180,CG34180,protein_coding,CG34180
FBgn0264603,CR43952,CR43952,ncRNA,CR43952
FBgn0024177,zpg,CG10125,protein_coding,zero population growth
FBgn0263738,Ada2a,CG43663,protein_coding,transcriptional Adaptor 2a
FBgn0051460,CG31460,CG31460,protein_coding,CG31460
FBgn0000527,e,CG3331,protein_coding,ebony
FBgn0038440,Gr89a,CG14901,protein_coding,Gustatory receptor 89a
FBgn0036742,CG7497,CG7497,protein_coding,CG7497
FBgn0265598,Bx,CG44425,protein_coding,Beadex
FBgn0000044,Act57B,CG10067,protein_coding,Actin 57B
FBgn0265652,CR44459,CR44459,ncRNA,CR44459
FBgn0262007,Srg2,CG42825,protein_coding,Sting-regulated gene 2
FBgn0053813,CG33813,CG33813,protein_coding,CG33813
FBgn0085242,CG34213,CG34213,protein_coding,CG34213
FBgn0034728,rad50,CG6339,protein_coding,rad50
FBgn0261609,eIF2alpha,CG9946,protein_coding,eukaryotic translation initiation factor 2 subunit alpha
FBgn0033654,Sobp,CG8991,protein_coding,Sine oculis-binding protein
FBgn0005624,Psc,CG3886,protein_coding,Posterior sex combs
FBgn0037412,Osi4,CG10303,protein_coding,Osiris 4
FBgn0034399,CG15083,CG15083,protein_coding,CG15083
FBgn0020906,Jon25Bi,CG8867,protein_coding,Jonah 25Bi
FBgn0031661,Gmd,CG8890,protein_coding,"GDP-mannose 4,6-dehydratase"
FBgn0029817,CG15764,CG15764,protein_coding,CG15764
FBgn0051697,CG31697,CG31697,protein_coding,CG31697
FBgn0040828,CG13306,CG13306,protein_coding,CG13306
FBgn0036476,sstn,CG6945,protein_coding,stepping stone
FBgn0031765,CG9109,CG9109,protein_coding,CG9109
FBgn0036260,Rh7,CG5638,protein_coding,Rhodopsin 7
FBgn0262816,CG43187,CG43187,protein_coding,CG43187
FBgn0033603,Cpr47Ef,CG13214,protein_coding,Cuticular protein 47Ef
FBgn0260967,CG42590,CG42590,protein_coding,CG42590
FBgn0052459,CG32459,CG32459,protein_coding,CG32459
FBgn0038847,CG12278,CG12278,protein_coding,CG12278
FBgn0265525,CR44375,CR44375,ncRNA,CR44375
FBgn0011770,Gip,CG2227,protein_coding,GIP-like
FBgn0267617,CR45955,CR45955,ncRNA,CR45955
FBgn0030883,CG7772,CG7772,protein_coding,CG7772
FBgn0000216,Brd,CG3096,protein_coding,Bearded
FBgn0028537,CG31775,CG31775,protein_coding,CG31775
FBgn0037436,Hr83,CG10296,protein_coding,Hormone receptor 83
FBgn0030479,Rbp1-like,CG1987,protein_coding,Rbp1-like
FBgn0031042,CG14221,CG14221,protein_coding,CG14221
FBgn0032298,CG6724,CG6724,protein_coding,CG6724
FBgn0062440,EMRE,CG17680,protein_coding,Essential MCU regulator
FBgn0015381,dsf,CG9019,protein_coding,dissatisfaction
FBgn0035697,CG10163,CG10163,protein_coding,CG10163
FBgn0020312,Tmtc3,CG4050,protein_coding,Transmembrane O-mannosyltransferase targeting cadherins 3
FBgn0260482,CG32599,CG32599,protein_coding,CG32599
FBgn0031804,CG9500,CG9500,protein_coding,CG9500
FBgn0030659,CG9215,CG9215,protein_coding,CG9215
FBgn0029946,CG15034,CG15034,protein_coding,CG15034
FBgn0265901,CR44690,CR44690,ncRNA,CR44690
FBgn0039734,Tace,CG7908,protein_coding,Tace
FBgn0266722,Trs33,CG6196,protein_coding,TRAPP subunit 33
FBgn0260468,CG7950,CG7950,protein_coding,CG7950
FBgn0029596,CG14054,CG14054,protein_coding,CG14054
FBgn0037665,St2,CG16733,protein_coding,Sulfotransferase 2
FBgn0266901,CR45361,CR45361,ncRNA,CR45361
FBgn0030521,CtsB,CG10992,protein_coding,Cathepsin B
FBgn0026777,Rad23,CG1836,protein_coding,Rad23
FBgn0021847,Ttc7,CG8325,protein_coding,Tetratricopeptide repeat domain 7
FBgn0286213,RpS12,CG11271,protein_coding,Ribosomal protein S12
FBgn0053287,CG33287,CG33287,protein_coding,CG33287
FBgn0267130,CR45570,CR45570,ncRNA,CR45570
FBgn0063298,CR31429,CR31429,ncRNA,CR31429
FBgn0036704,CG6497,CG6497,protein_coding,CG6497
FBgn0036462,mRpL39,CG17166,protein_coding,mitochondrial ribosomal protein L39
FBgn0034998,CG13577,CG13577,protein_coding,CG13577
FBgn0014465,Cp7Fb,CG15350,protein_coding,Chorion protein b at 7F
FBgn0011834,Ser6,CG2071,protein_coding,Serine protease 6
FBgn0033055,Tbce,CG7861,protein_coding,Tubulin-binding cofactor E
FBgn0053508,ppk13,CG33508,protein_coding,pickpocket 13
FBgn0004656,fs(1)h,CG2252,protein_coding,female sterile (1) homeotic
FBgn0266306,CR44971,CR44971,ncRNA,CR44971
FBgn0265735,CR44542,CR44542,ncRNA,CR44542
FBgn0286925,CR46422,CR46422,pseudogene,CR46422
FBgn0039370,CG4956,CG4956,protein_coding,CG4956
FBgn0032188,CG13137,CG13137,protein_coding,CG13137
FBgn0053632,CG33632,CG33632,protein_coding,CG33632
FBgn0039044,p53,CG33336,protein_coding,p53
FBgn0035014,CG13581,CG13581,protein_coding,CG13581
FBgn0054015,CG34015,CG34015,protein_coding,CG34015
FBgn0051358,CG31358,CG31358,protein_coding,CG31358
FBgn0265159,CR44228,CR44228,ncRNA,CR44228
FBgn0032290,CG6443,CG6443,protein_coding,CG6443
FBgn0029172,Fad2,CG7923,protein_coding,Fad2
FBgn0261289,CheB98a,CG14531,protein_coding,Chemosensory protein A 98a
FBgn0032601,yellow-b,CG17914,protein_coding,yellow-b
FBgn0266035,CR44800,CR44800,ncRNA,CR44800
FBgn0036927,Gabat,CG7433,protein_coding,gamma-aminobutyric acid transaminase
FBgn0262963,CR43274,CR43274,ncRNA,CR43274
FBgn0038968,CG12499,CG12499,protein_coding,CG12499
FBgn0025882,MeU6-A47,CR32519,snoRNA,MeU6-A47
FBgn0037727,Nepl12,CG8358,protein_coding,Neprilysin-like 12
FBgn0030374,CG15734,CG15734,protein_coding,CG15734
FBgn0000459,disco,CG9908,protein_coding,disconnected
FBgn0000140,asp,CG6875,protein_coding,abnormal spindle
FBgn0260003,Dys,CG34157,protein_coding,Dystrophin
FBgn0287465,CR46454,CR46454,ncRNA,CR46454
FBgn0028427,Ilk,CG10504,protein_coding,Integrin linked kinase
FBgn0085813,CR41602,CR41602,pseudogene,CR41602
FBgn0023520,CG3857,CG3857,protein_coding,CG3857
FBgn0266587,CR45112,CR45112,ncRNA,CR45112
FBgn0034523,Nnf1a,CG13434,protein_coding,Nnf1a
FBgn0265202,CR44262,CR44262,ncRNA,CR44262
FBgn0034162,CG6426,CG6426,protein_coding,CG6426
FBgn0030575,CG5321,CG5321,protein_coding,CG5321
FBgn0039863,Zmynd8,CG1815,protein_coding,Zinc finger MYND-type containing 8
FBgn0266711,EloC,CG9291,protein_coding,Elongin C
FBgn0085361,CG34332,CG34332,protein_coding,CG34332
FBgn0267284,CR45720,CR45720,ncRNA,CR45720
FBgn0052173,Pro-CGG-2-2,CR32173,tRNA,Proline-CGG 2-2
FBgn0264554,CR43933,CR43933,ncRNA,CR43933
FBgn0052273,Met-CAT-2-1,CR32273,tRNA,Methionine-CAT 2-1
FBgn0083001,Psi28S-1192a,CR34597,snoRNA,Psi28S-1192a
FBgn0260762,CG42560,CG42560,protein_coding,CG42560
FBgn0038683,CG11779,CG11779,protein_coding,CG11779
FBgn0033096,Zip42C.1,CG9428,protein_coding,Zinc/iron regulated transporter-related protein 42C.1
FBgn0259740,CG42394,CG42394,protein_coding,CG42394
FBgn0267320,CR45756,CR45756,ncRNA,CR45756
FBgn0050195,CG30195,CG30195,protein_coding,CG30195
FBgn0038034,Cyp9f3,CG17875,protein_coding,Cytochrome P450 9f3
FBgn0030400,Pits,CG11138,protein_coding,Protein interacting with Ttk69 and Sin3A
FBgn0262352,CG43050,CG43050,protein_coding,CG43050
FBgn0028341,Ptpmeg2,CG32697,protein_coding,Protein tyrosine phosphatase Meg2
FBgn0037470,Tailor,CG1091,protein_coding,Tailor
FBgn0033624,CG12384,CG12384,protein_coding,CG12384
FBgn0036975,CG5618,CG5618,protein_coding,CG5618
FBgn0261608,RpL37A,CG5827,protein_coding,Ribosomal protein L37A
FBgn0000659,fkh,CG10002,protein_coding,fork head
FBgn0051370,CG31370,CG31370,protein_coding,CG31370
FBgn0043532,Obp56i,CG30448,protein_coding,Odorant-binding protein 56i
FBgn0267763,CR46094,CR46094,ncRNA,CR46094
FBgn0085253,CG34224,CG34224,protein_coding,CG34224
FBgn0266324,CR44989,CR44989,ncRNA,CR44989
FBgn0264262,CR43762,CR43762,ncRNA,CR43762
FBgn0262441,mir-313,CR43003,ncRNA,mir-313 stem loop
FBgn0030596,CG12398,CG12398,protein_coding,CG12398
FBgn0037626,CG8236,CG8236,protein_coding,CG8236
FBgn0052196,CG32196,CG32196,protein_coding,CG32196
FBgn0011937,Asn-GTT-1-2,CR33972,tRNA,Asparagine-GTT 1-2
FBgn0022069,Nnp-1,CG12396,protein_coding,Nnp-1
FBgn0039673,CG7568,CG7568,protein_coding,CG7568
FBgn0031449,CG31689,CG31689,protein_coding,CG31689
FBgn0263560,mir-4987,CR43545,ncRNA,mir-4987 stem loop
FBgn0031011,CG8034,CG8034,protein_coding,CG8034
FBgn0045471,Gr92a,CG31208,protein_coding,Gustatory receptor 92a
FBgn0039124,tbrd-1,CG13597,protein_coding,testis-specifically expressed bromodomain containing protein-1
FBgn0003041,pbl,CG8114,protein_coding,pebble
FBgn0263997,CG43740,CG43740,protein_coding,CG43740
FBgn0030715,Or13a,CG12697,protein_coding,Odorant receptor 13a
FBgn0033774,CG12374,CG12374,protein_coding,CG12374
FBgn0250833,CG34461,CG34461,protein_coding,CG34461
FBgn0262316,mir-986,CR43023,ncRNA,mir-986 stem loop
FBgn0031610,Paris,CG15436,protein_coding,Parkin Interacting Substrate
FBgn0031134,CG1314,CG1314,protein_coding,CG1314
FBgn0037244,CG14647,CG14647,protein_coding,CG14647
FBgn0287670,CR46497,CR46497,ncRNA,CR46497
FBgn0015032,Cyp4c3,CG1438,protein_coding,Cytochrome P450 4c3
FBgn0004842,RYa-R,CG5811,protein_coding,RYamide receptor
FBgn0031995,CG8475,CG8475,protein_coding,CG8475
FBgn0264269,CR43769,CR43769,ncRNA,CR43769
FBgn0031372,CG7295,CG7295,protein_coding,CG7295
FBgn0032189,Ripalpha,CG18145,protein_coding,RPA-interacting protein alpha
FBgn0028844,CG15283,CG15283,protein_coding,CG15283
FBgn0039577,CG12516,CG12516,protein_coding,CG12516
FBgn0039437,TwdlL,CG6447,protein_coding,TweedleL
FBgn0033378,tsu,CG8781,protein_coding,tsunagi
FBgn0037577,CG7443,CG7443,protein_coding,CG7443
FBgn0085192,CG34163,CG34163,protein_coding,CG34163
FBgn0053425,CR33425,CR33425,rRNA,CR33425
FBgn0039844,CG1607,CG1607,protein_coding,CG1607
FBgn0034988,cN-IIIB,CG3362,protein_coding,cytosolic 5'-nucleotidase IIIB
FBgn0033244,CG8726,CG8726,protein_coding,CG8726
FBgn0001257,ImpL2,CG15009,protein_coding,Ecdysone-inducible gene L2
FBgn0036156,CG11726,CG11726,protein_coding,CG11726
FBgn0040305,MTF-1,CG3743,protein_coding,Metal response element-binding Transcription Factor-1
FBgn0085569,CG41242,CG41242,protein_coding,CG41242
FBgn0050048,CG30048,CG30048,protein_coding,CG30048
FBgn0265815,CR44604,CR44604,ncRNA,CR44604
FBgn0013954,Fkbp12,CG11001,protein_coding,FK506-binding protein 12kD
FBgn0266400,CR45040,CR45040,ncRNA,CR45040
FBgn0262440,mir-280,CR43002,ncRNA,mir-280 stem loop
FBgn0038395,Jhbp5,CG10407,protein_coding,Juvenile hormone binding protein 5
FBgn0032553,CG4480,CG4480,protein_coding,CG4480
FBgn0037021,Pcif1,CG11399,protein_coding,Phosphorylated CTD-interacting factor 1
FBgn0037550,CG9667,CG9667,protein_coding,CG9667
FBgn0025387,Alms1b,CG12184,protein_coding,Alstrom syndrome 1b
FBgn0260660,Mp,CG42543,protein_coding,Multiplexin
FBgn0036397,Nprl3,CG8783,protein_coding,Nitrogen permease regulator-like 3
FBgn0263402,CG43448,CG43448,protein_coding,CG43448
FBgn0032378,CycY,CG14939,protein_coding,Cyclin Y
FBgn0034277,OstDelta,CG6370,protein_coding,Oligosaccharide transferase Delta subunit
FBgn0014848,Eig71Eh,CG7594,protein_coding,Eig71Eh
FBgn0052706,CG32706,CG32706,protein_coding,CG32706
FBgn0031866,Nlg2,CG13772,protein_coding,Neuroligin 2
FBgn0053817,CG33817,CG33817,protein_coding,CG33817
FBgn0288737,CG46512,CG46512,protein_coding,CG46512
FBgn0266357,CR45005,CR45005,ncRNA,CR45005
FBgn0030109,CG12121,CG12121,protein_coding,CG12121
FBgn0032492,Prosalpha6T,CG5648,protein_coding,"Proteasome alpha6 subunit, Testis-specific"
FBgn0263213,CR43383,CR43383,pseudogene,CR43383
FBgn0036805,Chmp1,CG4108,protein_coding,Charged multivesicular body protein 1
FBgn0029693,Cmtr1,CG6379,protein_coding,Cap methyltransferase 1
FBgn0266002,CR44776,CR44776,ncRNA,CR44776
FBgn0051940,Gln-CTG-3-1,CR31940,tRNA,Glutamine-CTG 3-1
FBgn0038981,CG5346,CG5346,protein_coding,CG5346
FBgn0030851,CG8326,CG8326,protein_coding,CG8326
FBgn0085213,CG34184,CG34184,protein_coding,CG34184
FBgn0005612,Sox14,CG3090,protein_coding,Sox box protein 14
FBgn0051613,CG31613,CG31613,protein_coding,CG31613
FBgn0267033,mamo,CG45477,protein_coding,maternal gene required for meiosis
FBgn0032843,CG10730,CG10730,protein_coding,CG10730
FBgn0042175,CG18858,CG18858,protein_coding,CG18858
FBgn0035034,CG3565,CG3565,protein_coding,CG3565
FBgn0267296,CR45732,CR45732,ncRNA,CR45732
FBgn0262538,CG43092,CG43092,protein_coding,CG43092
FBgn0264992,CR44143,CR44143,ncRNA,CR44143
FBgn0050201,Ser-TGA-1-1,CR30201,tRNA,Serine-TGA 1-1
FBgn0283680,IP3K2,CG45017,protein_coding,"Inositol 1,4,5-triphosphate kinase 2"
FBgn0039408,CG14551,CG14551,protein_coding,CG14551
FBgn0032101,CG9586,CG9586,protein_coding,CG9586
FBgn0000567,Eip74EF,CG32180,protein_coding,Ecdysone-induced protein 74EF
FBgn0262583,CG43123,CG43123,protein_coding,CG43123
FBgn0030792,CG4789,CG4789,protein_coding,CG4789
FBgn0033179,p47,CG11139,protein_coding,p47
FBgn0267413,CG45766,CG45766,protein_coding,CG45766
FBgn0004188,96Aa,CR31379,snRNA,small nuclear RNA U6 at 96A a
FBgn0266667,Exo70,CG7127,protein_coding,Exocyst 70
FBgn0038469,CG4009,CG4009,protein_coding,CG4009
FBgn0050249,His-GTG-1-1,CR30249,tRNA,Histidine-GTG 1-1
FBgn0267735,CR46066,CR46066,ncRNA,CR46066
FBgn0053172,CG33172,CG33172,protein_coding,CG33172
FBgn0083946,lobo,CG34110,protein_coding,lost boys
FBgn0286778,CG46385,CG46385,protein_coding,CG46385
FBgn0035900,ZC3H3,CG6694,protein_coding,ZC3H3
FBgn0027093,ArgRS,CG9020,protein_coding,Arginyl-tRNA synthetase
FBgn0023511,Edem1,CG3810,protein_coding,"ER degradation enhancer, mannosidase alpha-like 1"
FBgn0053467,CG33467,CG33467,protein_coding,CG33467
FBgn0083005,Psi28S-1175a,CR34558,snoRNA,Psi28S-1175a
FBgn0267686,CR46022,CR46022,ncRNA,CR46022
FBgn0053092,P5CDh2,CG33092,protein_coding,delta-1-Pyrroline-5-carboxylate dehydrogenase 2
FBgn0032234,gny,CG5091,protein_coding,garnysstan
FBgn0265860,CR44649,CR44649,ncRNA,CR44649
FBgn0053640,CG33640,CG33640,protein_coding,CG33640
FBgn0053192,MtnD,CG33192,protein_coding,Metallothionein D
FBgn0013726,pnut,CG8705,protein_coding,peanut
FBgn0051683,CG31683,CG31683,protein_coding,CG31683
FBgn0263533,mir-4973,CR43518,ncRNA,mir-4973 stem loop
FBgn0052461,CG32461,CG32461,protein_coding,CG32461
FBgn0283649,elgi,CG17033,protein_coding,early girl
FBgn0032818,CG10628,CG10628,protein_coding,CG10628
FBgn0260467,CG7071,CG7071,protein_coding,CG7071
FBgn0085300,Cpr65Ay,CG34271,protein_coding,Cuticular protein 65Ay
FBgn0037013,CG13250,CG13250,protein_coding,CG13250
FBgn0264272,mwh,CG43772,protein_coding,multiple wing hairs
FBgn0010803,TrpRS,CG9735,protein_coding,Tryptophanyl-tRNA synthetase
FBgn0261801,CG42747,CG42747,protein_coding,CG42747
FBgn0038088,CG10126,CG10126,protein_coding,CG10126
FBgn0032422,atilla,CG6579,protein_coding,atilla
FBgn0261992,CG42810,CG42810,protein_coding,CG42810
FBgn0011244,Hsp60B,CG2830,protein_coding,Heat shock protein 60B
FBgn0026315,Ugt35A1,CG6644,protein_coding,UDP-glycosyltransferase family 35 member A1
FBgn0037824,CG14684,CG14684,protein_coding,CG14684
FBgn0053891,CG33891,CG33891,protein_coding,CG33891
FBgn0034479,CG8654,CG8654,protein_coding,CG8654
FBgn0035031,CG13587,CG13587,protein_coding,CG13587
FBgn0036131,CG12522,CG12522,protein_coding,CG12522
FBgn0038583,CG7183,CG7183,protein_coding,CG7183
FBgn0052153,Met-CAT-1-3,CR32153,tRNA,Methionine-CAT 1-3
FBgn0037364,Rab23,CG2108,protein_coding,Rab23
FBgn0263246,CG43389,CG43389,protein_coding,CG43389
FBgn0031600,CG3652,CG3652,protein_coding,CG3652
FBgn0267786,CR46117,CR46117,ncRNA,CR46117
FBgn0262795,CR43176,CR43176,pseudogene,CR43176
FBgn0032176,CG13127,CG13127,protein_coding,CG13127
FBgn0259791,bora,CG6897,protein_coding,aurora borealis
FBgn0262169,magu,CG2264,protein_coding,magu
FBgn0032451,spict,CG12292,protein_coding,spichthyin
FBgn0266812,CR45274,CR45274,ncRNA,CR45274
FBgn0030587,CG9522,CG9522,protein_coding,CG9522
FBgn0263457,CR43480,CR43480,ncRNA,CR43480
FBgn0058461,CR40461,CR40461,pseudogene,CR40461
FBgn0263832,Rcd5,CG1135,protein_coding,Reduction in Cnn dots 5
FBgn0034027,CG8187,CG8187,protein_coding,CG8187
FBgn0030798,CG13003,CG13003,protein_coding,CG13003
FBgn0031161,CG15445,CG15445,protein_coding,CG15445
FBgn0039118,CG10208,CG10208,protein_coding,CG10208
FBgn0031786,CG13989,CG13989,protein_coding,CG13989
FBgn0035735,Cpr65Ea,CG8640,protein_coding,Cuticular protein 65Ea
FBgn0085296,CG34267,CG34267,protein_coding,CG34267
FBgn0264985,CR44136,CR44136,ncRNA,CR44136
FBgn0266418,wake,CG45058,protein_coding,wide awake
FBgn0267593,CR45931,CR45931,pseudogene,CR45931
FBgn0037678,CG16749,CG16749,protein_coding,CG16749
FBgn0030836,CG8664,CG8664,protein_coding,CG8664
FBgn0041625,Or65a,CG32401,protein_coding,Odorant receptor 65a
FBgn0050093,COX6AL,CG30093,protein_coding,Cytochrome c oxidase subunit 6A-like
FBgn0265426,CR44338,CR44338,ncRNA,CR44338
FBgn0037442,gzl,CG10277,protein_coding,godzilla E3 ubiquitin protein ligase
FBgn0002021,l(2)37Bb,CG10655,protein_coding,lethal (2) 37Bb
FBgn0086079,Me28S-A774a,CR34708,snoRNA,CR34708
FBgn0035951,CG5068,CG5068,protein_coding,CG5068
FBgn0027503,CG11970,CG11970,protein_coding,CG11970
FBgn0034199,Gbp1,CG15917,protein_coding,Growth-blocking peptide 1
FBgn0261436,DhpD,CG18143,protein_coding,Dihydropterin deaminase
FBgn0262462,mir-iab-4,CR43043,ncRNA,mir-iab-4 stem loop
FBgn0033257,sand,CG8713,protein_coding,sandman
FBgn0037312,CG11999,CG11999,protein_coding,CG11999
FBgn0038840,Grik,CG5621,protein_coding,CG5621
FBgn0051561,Osi16,CG31561,protein_coding,Osiris 16
FBgn0261842,pre-mod(mdg4)-AE,CG42774,protein_coding,CG42774
FBgn0260499,qvr,CG33472,protein_coding,quiver
FBgn0016075,vkg,CG16858,protein_coding,viking
FBgn0027609,morgue,CG15437,protein_coding,"modifier of rpr and grim, ubiquitously expressed"
FBgn0266410,drn,CG45050,protein_coding,doctor no
FBgn0029687,Vap33,CG5014,protein_coding,VAMP-associated protein 33kDa
FBgn0030671,Hap40,CG8134,protein_coding,Huntingtin-associated protein 40 kDa
FBgn0034514,CG13427,CG13427,protein_coding,CG13427
FBgn0262560,wcd,CG7989,protein_coding,wicked
FBgn0037014,CG13251,CG13251,protein_coding,CG13251
FBgn0051924,CG31924,CG31924,protein_coding,CG31924
FBgn0036031,CG6761,CG6761,protein_coding,CG6761
FBgn0266220,CR44915,CR44915,ncRNA,CR44915
FBgn0000719,fog,CG9559,protein_coding,folded gastrulation
FBgn0034473,Or56a,CG12501,protein_coding,Odorant receptor 56a
FBgn0053811,CR33811,CR33811,pseudogene,CR33811
FBgn0039232,sosie,CG13636,protein_coding,sosie
FBgn0286758,Me18S-G1358c,CR46384,snoRNA,small nucleolar RNA Me18S-G1358c
FBgn0051890,Asp-GTC-1-8,CR31890,tRNA,Aspartic acid-GTC 1-8
FBgn0266252,CR44947,CR44947,ncRNA,CR44947
FBgn0052480,Ile-TAT-1-1,CR32480,tRNA,Isoleucine-TAT 1-1
FBgn0051162,Ser-GCT-2-4,CR31162,tRNA,Serine-GCT 2-4
FBgn0266852,CR45313,CR45313,ncRNA,CR45313
FBgn0262367,mir-13b-1,CR42878,ncRNA,mir-13b-1 stem loop
FBgn0053860,CG33860,CG33860,protein_coding,CG33860
FBgn0025571,SF1,CG5836,protein_coding,Splicing factor 1
FBgn0262392,mir-1004,CR42926,ncRNA,mir-1004 stem loop
FBgn0037172,ND-B14.5AL,CG6914,protein_coding,NADH dehydrogenase (ubiquinone) B14.5 A subunit-like
FBgn0267475,CR45825,CR45825,ncRNA,CR45825
FBgn0266005,CR44779,CR44779,ncRNA,CR44779
FBgn0265711,CR44518,CR44518,ncRNA,CR44518
FBgn0261953,TfAP-2,CG7807,protein_coding,Transcription factor AP-2
FBgn0038014,CG10041,CG10041,protein_coding,CG10041
FBgn0037137,Nopp140,CG7421,protein_coding,Nopp140
FBgn0038407,CG6126,CG6126,protein_coding,CG6126
FBgn0250911,CG42245,CG42245,protein_coding,CG42245
FBgn0262839,CG43203,CG43203,protein_coding,CG43203
FBgn0031288,CG13949,CG13949,protein_coding,CG13949
FBgn0039738,Mgat2,CG7921,protein_coding,"Mannosyl (alpha-1,6-)-glycoprotein beta-1,2-N-acetylglucosaminyltransferase"
FBgn0267951,CR46231,CR46231,ncRNA,CR46231
FBgn0263446,CR43469,CR43469,ncRNA,CR43469
FBgn0036835,CG14075,CG14075,protein_coding,CG14075
FBgn0264516,CG43915,CG43915,protein_coding,CG43915
FBgn0053096,CG33096,CG33096,protein_coding,CG33096
FBgn0038826,Syp,CG17838,protein_coding,Syncrip
FBgn0039348,Npl4,CG4673,protein_coding,Nuclear protein localization 4
FBgn0286884,CR46406,CR46406,pseudogene,CR46406
FBgn0034022,CG12964,CG12964,protein_coding,CG12964
FBgn0036023,CG18179,CG18179,protein_coding,CG18179
FBgn0032339,Wdr59,CG4705,protein_coding,WD repeat domain 59
FBgn0030136,RpS28b,CG2998,protein_coding,Ribosomal protein S28b
FBgn0051087,CG31087,CG31087,protein_coding,CG31087
FBgn0265420,CR44332,CR44332,ncRNA,CR44332
FBgn0036715,Cad74A,CG6445,protein_coding,Cadherin 74A
FBgn0026602,Adk3,CG1851,protein_coding,Adenosine kinase 3
FBgn0030306,Spase25,CG1751,protein_coding,Spase 25-subunit
FBgn0051146,Nlg1,CG31146,protein_coding,Neuroligin 1
FBgn0264358,CR43810,CR43810,ncRNA,CR43810
FBgn0085252,CG34223,CG34223,protein_coding,CG34223
FBgn0266224,CR44919,CR44919,ncRNA,CR44919
FBgn0260632,dl,CG6667,protein_coding,dorsal
FBgn0052189,CG32189,CG32189,protein_coding,CG32189
FBgn0033836,CG18278,CG18278,protein_coding,CG18278
FBgn0027280,orion,CG2206,protein_coding,orion
FBgn0034288,CG5084,CG5084,protein_coding,CG5084
FBgn0035548,CG15023,CG15023,protein_coding,CG15023
FBgn0030610,Cox17,CG9065,protein_coding,Cytochrome c oxidase copper chaperone COX17
FBgn0065066,Me28S-A2564,CR33778,snoRNA,CR33778
FBgn0264706,CR43975,CR43975,pseudogene,CR43975
FBgn0261924,CR42791,CR42791,ncRNA,CR42791
FBgn0033235,CG8728,CG8728,protein_coding,CG8728
FBgn0036395,CG17361,CG17361,protein_coding,CG17361
FBgn0085382,CG34353,CG34353,protein_coding,CG34353
FBgn0030933,CG6470,CG6470,protein_coding,CG6470
FBgn0037749,CG9471,CG9471,protein_coding,CG9471
FBgn0267623,CR45961,CR45961,ncRNA,CR45961
FBgn0263495,CR43484,CR43484,ncRNA,CR43484
FBgn0034331,BomBc2,CG15067,protein_coding,Bomanin Bicipital 2
FBgn0054025,CG34025,CG34025,protein_coding,CG34025
FBgn0034135,Syn2,CG4905,protein_coding,Syntrophin-like 2
FBgn0038640,CG7706,CG7706,protein_coding,CG7706
FBgn0043903,dome,CG14226,protein_coding,domeless
FBgn0266011,CR44784,CR44784,ncRNA,CR44784
FBgn0013308,Odc2,CG8719,protein_coding,Ornithine decarboxylase 2
FBgn0034585,Rbpn-5,CG4030,protein_coding,Rabaptin-5
FBgn0039439,TwdlK,CG6460,protein_coding,TweedleK
FBgn0267337,rn,CG42277,protein_coding,rotund
FBgn0267487,Ptp61F,CG9181,protein_coding,Protein tyrosine phosphatase 61F
FBgn0033130,Tsp42Ei,CG12843,protein_coding,Tetraspanin 42Ei
FBgn0267104,CG45544,CG45544,protein_coding,CG45544
FBgn0030541,CG11584,CG11584,protein_coding,CG11584
FBgn0085208,CG34179,CG34179,protein_coding,CG34179
FBgn0286889,CR46408,CR46408,ncRNA,CR46408
FBgn0033544,CG7220,CG7220,protein_coding,CG7220
FBgn0026630,nes,CG9655,protein_coding,nessy
FBgn0040368,eIF4E7,CG32859,protein_coding,eukaryotic translation initiation factor 4E7
FBgn0030605,ND-B18,CG5548,protein_coding,NADH dehydrogenase (ubiquinone) B18 subunit
FBgn0013701,Asn-GTT,CR34079,tRNA,Asparagine-GTT
FBgn0013673,ATPase8,CG34072,protein_coding,mitochondrial ATPase subunit 8
FBgn0051131,CG31131,CG31131,protein_coding,CG31131
FBgn0260871,CG42581,CG42581,protein_coding,CG42581
FBgn0037413,Osi5,CG15590,protein_coding,Osiris 5
FBgn0288740,CG46515,CG46515,protein_coding,CG46515
FBgn0019949,Cdk9,CG5179,protein_coding,Cyclin-dependent kinase 9
FBgn0003378,Sgs8,CG6132,protein_coding,Salivary gland secretion 8
FBgn0000036,nAChRalpha1,CG5610,protein_coding,nicotinic Acetylcholine Receptor alpha1
FBgn0039870,CG1896,CG1896,protein_coding,CG1896
FBgn0031722,CG14011,CG14011,protein_coding,CG14011
FBgn0051345,CG31345,CG31345,protein_coding,CG31345
FBgn0264352,CR43808,CR43808,ncRNA,CR43808
FBgn0266680,CR45170,CR45170,ncRNA,CR45170
FBgn0262438,mir-1006,CR42999,ncRNA,mir-1006 stem loop
FBgn0032646,mEFTs,CG6412,protein_coding,mitochondrial translation elongation factor Ts
FBgn0267956,CR46236,CR46236,ncRNA,CR46236
FBgn0266042,CR44807,CR44807,ncRNA,CR44807
FBgn0026718,Agpat2,CG17608,protein_coding,1-Acylglycerol-3-phosphate O-acyltransferase 2
FBgn0265657,CR44464,CR44464,ncRNA,CR44464
FBgn0262021,CG42832,CG42832,protein_coding,CG42832
FBgn0267311,CR45747,CR45747,ncRNA,CR45747
FBgn0038092,beat-Vb,CG31298,protein_coding,beaten path Vb
FBgn0005558,ey,CG1464,protein_coding,eyeless
FBgn0033113,Spn42Dc,CG9455,protein_coding,Serpin 42Dc
FBgn0031414,eys,FBtr0077759,protein_coding,eyes shut
FBgn0031414,eys,FBpp0077439,protein_coding,eyes shut
FBgn0031414,eys,CG33955,protein_coding,eyes shut
FBgn0085405,CG34376,CG34376,protein_coding,CG34376
FBgn0032281,CG17107,CG17107,protein_coding,CG17107
FBgn0032507,CG9377,CG9377,protein_coding,CG9377
FBgn0051957,CG31957,CG31957,protein_coding,CG31957
FBgn0266932,CR45383,CR45383,ncRNA,CR45383
FBgn0035555,CG13720,CG13720,protein_coding,CG13720
FBgn0266213,CR44908,CR44908,ncRNA,CR44908
FBgn0035978,UGP,CG4347,protein_coding,UDP-glucose pyrophosphorylase
FBgn0040271,Sulf1,CG6725,protein_coding,Sulfated
FBgn0259174,Nedd4,CG42279,protein_coding,Nedd4
FBgn0267912,CanA-14F,CG9819,protein_coding,Calcineurin A at 14F
FBgn0036528,CG7579,CG7579,protein_coding,CG7579
FBgn0035218,CG9173,CG9173,protein_coding,CG9173
FBgn0031512,CG15404,CG15404,protein_coding,CG15404
FBgn0263501,CR43490,CR43490,ncRNA,CR43490
FBgn0032845,CG10747,CG10747,protein_coding,CG10747
FBgn0031538,CG3246,CG3246,protein_coding,CG3246
FBgn0011998,Val-CAC-2-2,CR31592,tRNA,Valine-CAC 2-2
FBgn0036208,Gcat,CG10361,protein_coding,Glycine C-acetyltransferase
FBgn0015949,hrg,CG9854,protein_coding,hiiragi
FBgn0261787,brun,CG2478,protein_coding,brunelleschi
FBgn0085222,CG34193,CG34193,protein_coding,CG34193
FBgn0032647,CG15143,CG15143,protein_coding,CG15143
FBgn0035998,CG3437,CG3437,protein_coding,CG3437
FBgn0265985,CR44764,CR44764,ncRNA,CR44764
FBgn0019624,COX5A,CG14724,protein_coding,Cytochrome c oxidase subunit 5A
FBgn0262866,S6kII,CG17596,protein_coding,Ribosomal protein S6 kinase II
FBgn0017572,Mo25,CG4083,protein_coding,Mo25
FBgn0029861,CG3815,CG3815,protein_coding,CG3815
FBgn0039117,tst,CG10210,protein_coding,twister
FBgn0036547,CG17032,CG17032,protein_coding,CG17032
FBgn0266902,CR45362,CR45362,ncRNA,CR45362
FBgn0003748,Treh,CG9364,protein_coding,Trehalase
FBgn0259849,CR42418,CR42418,ncRNA,CR42418
FBgn0029672,CG2875,CG2875,protein_coding,CG2875
FBgn0032236,mRpS7,CG5108,protein_coding,mitochondrial ribosomal protein S7
FBgn0267520,CR45860,CR45860,pseudogene,CR45860
FBgn0267578,CR45918,CR45918,ncRNA,CR45918
FBgn0037912,sea,CG6782,protein_coding,scheggia
FBgn0037045,CG10584,CG10584,protein_coding,CG10584
FBgn0044817,Ste12DOR,CG32616,protein_coding,Stellate 12D orphon
FBgn0039462,CG14252,CG14252,protein_coding,CG14252
FBgn0026582,Hmg-2,CG9418,protein_coding,High mobility group protein 2
FBgn0262814,CG43185,CG43185,protein_coding,CG43185
FBgn0264888,CR44079,CR44079,pseudogene,CR44079
FBgn0053654,CG33654,CG33654,protein_coding,CG33654
FBgn0015586,Acp76A,CG3801,protein_coding,Accessory gland protein 76A
FBgn0261703,gce,CG42739,protein_coding,germ cell-expressed bHLH-PAS
FBgn0034883,Eglp2,CG17664,protein_coding,Entomoglyceroporin 2
FBgn0262571,CG43111,CG43111,protein_coding,CG43111
FBgn0037535,PIG-H,CG14463,protein_coding,Phosphatidylinositol glycan anchor biosynthesis class H
FBgn0027616,Ythdc1,CG12076,protein_coding,YTH domain containing 1
FBgn0038977,CG5376,CG5376,protein_coding,CG5376
FBgn0032839,AANATL3,CG10659,protein_coding,Arylalkylamine N-acetyltransferase-like 3
FBgn0039299,CG11854,CG11854,protein_coding,CG11854
FBgn0039453,CG6403,CG6403,protein_coding,CG6403
FBgn0037563,CG11672,CG11672,protein_coding,CG11672
FBgn0030360,CG1806,CG1806,protein_coding,CG1806
FBgn0263002,CR43310,CR43310,pseudogene,CR43310
FBgn0037106,CG11307,CG11307,protein_coding,CG11307
FBgn0265691,CR44498,CR44498,ncRNA,CR44498
FBgn0033392,Gnptab,CG8027,protein_coding,N-acetylglucosamine-1-phosphate transferase subunits alpha and beta
FBgn0264394,CR43842,CR43842,ncRNA,CR43842
FBgn0260451,CG14042,CG14042,protein_coding,CG14042
FBgn0040931,NdufA3,CG9034,protein_coding,ubiquinone oxidoreductase subunit A3
FBgn0011970,Ser-GCT-2-1,CR31396,tRNA,Serine-GCT 2-1
FBgn0038412,Zip89B,CG6898,protein_coding,Zinc/iron regulated transporter-related protein 89B
FBgn0024360,MTPAP,CG11418,protein_coding,mitochondrial poly(A) polymerase
FBgn0036183,CG6083,CG6083,protein_coding,CG6083
FBgn0051814,DIP-kappa,CG31814,protein_coding,Dpr-interacting protein kappa
FBgn0263849,CG43710,CG43710,protein_coding,CG43710
FBgn0030266,CG11122,CG11122,protein_coding,CG11122
FBgn0038199,CCHa1,CG14358,protein_coding,CCHamide-1
FBgn0011849,Glu-TTC-1-5,CR30455,tRNA,Glutamic acid-TTC 1-5
FBgn0033639,CG9003,CG9003,protein_coding,CG9003
FBgn0042641,frc,CG3874,protein_coding,fringe connection
FBgn0033713,CG8841,CG8841,protein_coding,CG8841
FBgn0034264,Dlish,CG10933,protein_coding,Dachs ligand with SH3s
FBgn0031717,Oscillin,CG6957,protein_coding,Oscillin
FBgn0034933,CG3735,CG3735,protein_coding,CG3735
FBgn0034861,CG9815,CG9815,protein_coding,CG9815
FBgn0010379,Akt,CG4006,protein_coding,Akt kinase
FBgn0259738,CG42392,CG42392,protein_coding,CG42392
FBgn0053461,CG33461,CG33461,protein_coding,CG33461
FBgn0039252,CG11771,CG11771,protein_coding,CG11771
FBgn0032733,CG15170,CG15170,protein_coding,CG15170
FBgn0025684,MFS18,CG15438,protein_coding,Major Facilitator Superfamily Transporter 18
FBgn0286788,Orc1,CG10667,protein_coding,Origin recognition complex subunit 1
FBgn0045478,Gr64b,CG32257,protein_coding,Gustatory receptor 64b
FBgn0035632,Ppat-Dpck,CG10575,protein_coding,Bifunctional Phosphopantetheine adenylyltransferase - Dephospho-CoA kinase
FBgn0030757,CG9902,CG9902,protein_coding,CG9902
FBgn0024288,Sox100B,CG15552,protein_coding,Sox100B
FBgn0266489,CG45088,CG45088,protein_coding,CG45088
FBgn0086362,spn-F,CG12114,protein_coding,spn-F
FBgn0063649,CG6006,CG6006,protein_coding,CG6006
FBgn0261561,CG42675,CG42675,protein_coding,CG42675
FBgn0023526,CG2865,CG2865,protein_coding,CG2865
FBgn0010198,RpS15Aa,CG2033,protein_coding,Ribosomal protein S15Aa
FBgn0034729,CG10344,CG10344,protein_coding,CG10344
FBgn0039711,CG7824,CG7824,protein_coding,CG7824
FBgn0034530,Rcd6,CG11175,protein_coding,Reduction in Cnn dots 6
FBgn0264372,CR43824,CR43824,ncRNA,CR43824
FBgn0030246,CG1582,CG1582,protein_coding,CG1582
FBgn0038577,CG12321,CG12321,protein_coding,CG12321
FBgn0030759,CG13014,CG13014,protein_coding,CG13014
FBgn0261686,CG42733,CG42733,protein_coding,CG42733
FBgn0265184,CG44249,CG44249,protein_coding,CG44249
FBgn0027578,Nepl21,CG14526,protein_coding,Neprilysin-like 21
FBgn0031757,Ucp4C,CG9064,protein_coding,Uncoupling protein 4C
FBgn0019957,ND-42,CG6343,protein_coding,NADH dehydrogenase (ubiquinone) 42 kDa subunit
FBgn0011867,Gly-GCC-1-8,CR30236,tRNA,Glycine-GCC 1-8
FBgn0266284,Ns3,CG14788,protein_coding,Nucleostemin 3
FBgn0033614,Obp47b,CG13208,protein_coding,Odorant-binding protein 47b
FBgn0050468,Ir52c,CG30468,protein_coding,Ionotropic receptor 52c
FBgn0053439,CR33439,CR33439,rRNA,CR33439
FBgn0031698,Ncoa6,CG14023,protein_coding,Nuclear receptor coactivator 6
FBgn0030828,CG5162,CG5162,protein_coding,CG5162
FBgn0033158,CG12164,CG12164,protein_coding,CG12164
FBgn0038095,Cyp304a1,CG7241,protein_coding,Cytochrome P450 304a1
FBgn0043043,Desat2,CG5925,protein_coding,Desaturase 2
FBgn0051105,ppk22,CG31105,protein_coding,pickpocket 22
FBgn0051715,CG31715,CG31715,protein_coding,CG31715
FBgn0029835,CG5921,CG5921,protein_coding,CG5921
FBgn0033029,Not3,CG8426,protein_coding,CCR4-NOT transcription complex subunit 3
FBgn0267991,CR46258,CR46258,ncRNA,CR46258
FBgn0263470,Tudor-SN-a,CR43585,snoRNA,CR43585
FBgn0033906,ReepB,CG8331,protein_coding,Receptor expression enhancing protein B
FBgn0029665,CG14270,CG14270,protein_coding,CG14270
FBgn0030354,Upf1,CG1559,protein_coding,Upf1 RNA helicase
FBgn0266790,CR45255,CR45255,ncRNA,CR45255
FBgn0266392,CR45032,CR45032,ncRNA,CR45032
FBgn0019982,Gs1l,CG15441,protein_coding,GS1-like
FBgn0266260,CR44955,CR44955,ncRNA,CR44955
FBgn0039002,CG17625,CG17625,protein_coding,CG17625
FBgn0036246,CG17154,CG17154,protein_coding,CG17154
FBgn0032341,Reps,CG6192,protein_coding,RALBP1 associated Eps domain containing
FBgn0005677,dac,CG4952,protein_coding,dachshund
FBgn0043530,Obp51a,CG30473,protein_coding,Odorant-binding protein 51a
FBgn0004183,82Eb,CR32862,snRNA,small nuclear RNA U1 at 82Eb
FBgn0033912,RpS23,CG8415,protein_coding,Ribosomal protein S23
FBgn0026441,ear,CG4913,protein_coding,ENL/AF9-related
FBgn0028700,RfC38,CG6258,protein_coding,Replication factor C 38kD subunit
FBgn0264570,CR43942,CR43942,ncRNA,CR43942
FBgn0001222,Hsf,CG5748,protein_coding,Heat shock factor
FBgn0036490,Prx1,CG6888,protein_coding,Peroxiredoxin 1
FBgn0266977,CG45428,CG45428,protein_coding,CG45428
FBgn0032763,CG17568,CG17568,protein_coding,CG17568
FBgn0038053,CG18549,CG18549,protein_coding,CG18549
FBgn0262543,CR43097,CR43097,ncRNA,CR43097
FBgn0266170,pre-mod(mdg4)-C,CG44876,protein_coding,CG44876
FBgn0267137,CR45577,CR45577,ncRNA,CR45577
FBgn0036363,CG10140,CG10140,protein_coding,CG10140
FBgn0035788,CG8541,CG8541,protein_coding,CG8541
FBgn0020518,Me28S-G764,CR32907,snoRNA,CR32907
FBgn0267881,CR46169,CR46169,pseudogene,CR46169
FBgn0263632,mir-3642,CR43534,ncRNA,mir-3642 stem loop
FBgn0020249,stck,CG7954,protein_coding,steamer duck
FBgn0031851,Aatf,CG11188,protein_coding,Apoptosis antagonizing transcription factor
FBgn0284413,TS4,CR46327,ncRNA, testis-specific 4
FBgn0028523,CG5888,CG5888,protein_coding,CG5888
FBgn0266413,CR45053,CR45053,ncRNA,CR45053
FBgn0000547,ed,CG12676,protein_coding,echinoid
FBgn0034281,CG14490,CG14490,protein_coding,CG14490
FBgn0031490,CG17264,CG17264,protein_coding,CG17264
FBgn0029828,CG6067,CG6067,protein_coding,CG6067
FBgn0050009,CR30009,CR30009,ncRNA,CR30009
FBgn0000662,fl(2)d,CG6315,protein_coding,female lethal d
FBgn0004181,Ebp,CG2668,protein_coding,Ejaculatory bulb protein
FBgn0267891,CR46179,CR46179,pseudogene,CR46179
FBgn0040078,pont,CG4003,protein_coding,pontin
FBgn0040268,Top3alpha,CG10123,protein_coding,Topoisomerase 3alpha
FBgn0029971,ND-MNLL,CG18624,protein_coding,NADH dehydrogenase (ubiquinone) MNLL subunit
FBgn0015000,betaggt-I,CG3469,protein_coding,beta subunit of type I geranylgeranyl transferase
FBgn0038125,CG8141,CG8141,protein_coding,CG8141
FBgn0264980,CR44131,CR44131,ncRNA,CR44131
FBgn0038320,Cyfip,CG4931,protein_coding,Cytoplasmic FMR1 interacting protein
FBgn0033723,CG13155,CG13155,protein_coding,CG13155
FBgn0020300,geko,CG13695,protein_coding,geko
FBgn0042177,Arts,CG32164,protein_coding,Artemis
FBgn0083965,CG34129,CG34129,protein_coding,CG34129
FBgn0037131,CG14564,CG14564,protein_coding,CG14564
FBgn0262872,milt,CG43227,protein_coding,milton
FBgn0278600,CG46270,CG46270,protein_coding,CG46270
FBgn0029968,Ir7g,CG15325,protein_coding,Ionotropic receptor 7g
FBgn0083018,Psi18S-841b,CR34551,snoRNA,Psi18S-841b
FBgn0038750,CG4465,CG4465,protein_coding,CG4465
FBgn0265727,CR44534,CR44534,ncRNA,CR44534
FBgn0032029,CG17292,CG17292,protein_coding,CG17292
FBgn0266275,CR44960,CR44960,ncRNA,CR44960
FBgn0061200,Nup153,CG4453,protein_coding,Nucleoporin 153kD
FBgn0053875,CG33875,CG33875,protein_coding,CG33875
FBgn0040349,CG3699,CG3699,protein_coding,CG3699
FBgn0069938,Cnep1r1,CG41106,protein_coding,CTD nuclear envelope phosphatase 1 regulatory subunit 1
FBgn0053489,CG33489,CG33489,protein_coding,CG33489
FBgn0037981,Spt3,CG3169,protein_coding,Spt3
FBgn0035524,CG11583,CG11583,protein_coding,CG11583
FBgn0035443,CG12010,CG12010,protein_coding,CG12010
FBgn0037433,CG17919,CG17919,protein_coding,CG17919
FBgn0265060,CR44171,CR44171,ncRNA,CR44171
FBgn0033547,CG12935,CG12935,protein_coding,CG12935
FBgn0053506,CG33506,CG33506,protein_coding,CG33506
FBgn0039500,CG5984,CG5984,protein_coding,CG5984
FBgn0038797,Dic2,CG4323,protein_coding,Dicarboxylate carrier 2
FBgn0067311,CheB38b,CG33321,protein_coding,Chemosensory protein B 38b
FBgn0262415,mir-289,CR42962,ncRNA,mir-289 stem loop
FBgn0028684,Rpt5,CG10370,protein_coding,Regulatory particle triple-A ATPase 5
FBgn0262142,CR42868,CR42868,ncRNA,CR42868
FBgn0033315,beta3GalTII,CG8734,protein_coding,"beta-1,3-Galactosyltransferase II"
FBgn0030386,CG2574,CG2574,protein_coding,CG2574
FBgn0040752,Prosap,CG30483,protein_coding,Prosap
FBgn0262788,CG43169,CG43169,protein_coding,CG43169
FBgn0266751,CR45224,CR45224,ncRNA,CR45224
FBgn0051648,Cox11,CG31648,protein_coding,Cytochrome c oxidase copper chaperone COX11
FBgn0019644,ATPsynB,CG8189,protein_coding,"ATP synthase, subunit B"
FBgn0260026,CG42494,CG42494,protein_coding,CG42494
FBgn0263667,Lpt,CG5591,protein_coding,Lost PHDs of trr
FBgn0032314,CG7309,CG7309,protein_coding,CG7309
FBgn0013750,Arf6,CG8156,protein_coding,ADP ribosylation factor 6
FBgn0038505,CG17283,CG17283,protein_coding,CG17283
FBgn0039169,Spps,CG5669,protein_coding,Sp1-like factor for pairing sensitive-silencing
FBgn0261016,clos,CG42600,protein_coding,closca
FBgn0002940,ninaE,CG4550,protein_coding,neither inactivation nor afterpotential E
FBgn0053746,430t,CR33746,ncRNA,small non-coding RNA 430t
FBgn0267119,CR45559,CR45559,ncRNA,CR45559
FBgn0032395,Wdr81,CG6734,protein_coding,WD repeat domain 81
FBgn0031875,CG3430,CG3430,protein_coding,CG3430
FBgn0013678,Cyt-b,CG34090,protein_coding,mitochondrial Cytochrome b
FBgn0265729,CR44536,CR44536,ncRNA,CR44536
FBgn0000448,Hr3,CG33183,protein_coding,Hormone receptor 3
FBgn0001248,Idh,CG7176,protein_coding,Isocitrate dehydrogenase
FBgn0038846,CG5697,CG5697,protein_coding,CG5697
FBgn0262790,CG43171,CG43171,protein_coding,CG43171
FBgn0267263,CR45699,CR45699,ncRNA,CR45699
FBgn0085732,CR40190,CR40190,pseudogene,CR40190
FBgn0039441,TwdlN,CG5476,protein_coding,TweedleN
FBgn0082968,Psi28S-3316e,CR34554,snoRNA,Psi28S-3316e
FBgn0010265,RpS13,CG13389,protein_coding,Ribosomal protein S13
FBgn0039303,CG11857,CG11857,protein_coding,CG11857
FBgn0265156,CR44225,CR44225,ncRNA,CR44225
FBgn0086915,Mst77F,CG3354,protein_coding,Male-specific transcript 77F
FBgn0037634,hng2,CG8359,protein_coding,hinge2
FBgn0051635,CG31635,CG31635,protein_coding,CG31635
FBgn0011660,Pms2,CG8169,protein_coding,Pms2
FBgn0039676,ppk20,CG7577,protein_coding,pickpocket 20
FBgn0028962,AlaRS-m,CG4633,protein_coding,"Alanyl-tRNA synthetase, mitochondrial"
FBgn0265669,CG44476,CG44476,protein_coding,CG44476
FBgn0040365,CG14628,CG14628,protein_coding,CG14628
FBgn0044049,Ilp4,CG6736,protein_coding,Insulin-like peptide 4
FBgn0031909,CG5181,CG5181,protein_coding,CG5181
FBgn0085446,CG34417,CG34417,protein_coding,CG34417
FBgn0262850,CR43214,CR43214,pseudogene,CR43214
FBgn0261006,83E4-5,CR43568,snoRNA,CR43568
FBgn0066365,dyl,CG15013,protein_coding,dusky-like
FBgn0262214,mir-929,CR42921,ncRNA,mir-929 stem loop
FBgn0051779,Acp24A4,CG31779,protein_coding,Accessory gland protein 24A4
FBgn0033740,dgt5,CG8828,protein_coding,dim gamma-tubulin 5
FBgn0031093,CG9581,CG9581,protein_coding,CG9581
FBgn0000709,fliI,CG1484,protein_coding,flightless I
FBgn0267668,CR46006,CR46006,ncRNA,CR46006
FBgn0037569,tex,CG9615,protein_coding,tex
FBgn0031309,Tfb4,CG5041,protein_coding,Transcription factor B4
FBgn0039726,eIF2Balpha,CG7883,protein_coding,eukaryotic translation initiation factor 2B subunit alpha
FBgn0020415,Idgf2,CG4475,protein_coding,Imaginal disc growth factor 2
FBgn0039966,Rab21,CG17515,protein_coding,Rab21
FBgn0036846,MESR6,CG6818,protein_coding,Misexpression suppressor of ras 6
FBgn0053728,430b,CR33728,ncRNA,small non-coding RNA 430b
FBgn0051669,Gln-CTG-2-5,CR31669,tRNA,Glutamine-CTG 2-5
FBgn0041622,Or69a,CG33264,protein_coding,Odorant receptor 69a
FBgn0023506,Es2,CG1474,protein_coding,Es2
FBgn0033953,CG12861,CG12861,protein_coding,CG12861
FBgn0259146,fid,CG42261,protein_coding,fire dancer
FBgn0011888,Lys-CTT-1-3,CR30516,tRNA,Lysine-CTT 1-3
FBgn0031021,ND-18,CG12203,protein_coding,NADH dehydrogenase (ubiquinone) 18 kDa subunit
FBgn0032968,CG11634,CG11634,protein_coding,CG11634
FBgn0052582,CR32582,CR32582,ncRNA,CR32582
FBgn0064237,Idgf5,CG5154,protein_coding,Imaginal disc growth factor 5
FBgn0265886,CR44675,CR44675,ncRNA,CR44675
FBgn0013997,Nrx-IV,CG6827,protein_coding,Neurexin IV
FBgn0052174,Coq4,CG32174,protein_coding,Coenzyme Q4
FBgn0035331,MsR1,CG8985,protein_coding,Myosuppressin receptor 1
FBgn0040699,CG15024,CG15024,protein_coding,CG15024
FBgn0052304,obst-I,CG32304,protein_coding,obstructor-I
FBgn0037753,CG12947,CG12947,protein_coding,CG12947
FBgn0051010,CG31010,CG31010,protein_coding,CG31010
FBgn0050286,CG30286,CG30286,protein_coding,CG30286
FBgn0003942,RpS27A,CG5271,protein_coding,Ribosomal protein S27A
FBgn0037989,ATP8B,CG14741,protein_coding,ATPase 8B
FBgn0031149,Stt3A,CG1518,protein_coding,Catalytic subunit 3A of the oligosaccharyltransferase complex
FBgn0039703,CG7829,CG7829,protein_coding,CG7829
FBgn0265144,CR44213,CR44213,ncRNA,CR44213
FBgn0036264,CG11529,CG11529,protein_coding,CG11529
FBgn0038475,Keap1,CG3962,protein_coding,Keap1
FBgn0035620,Alp9,CG5150,protein_coding,Alkaline phosphatase 9
FBgn0037294,CG12590,CG12590,protein_coding,CG12590
FBgn0053113,Rtnl1,CG33113,protein_coding,Reticulon-like1
FBgn0284436,CCT8,CG8258,protein_coding,Chaperonin containing TCP1 subunit 8
FBgn0050383,CG30383,CG30383,protein_coding,CG30383
FBgn0263493,CR43482,CR43482,pseudogene,CR43482
FBgn0031460,CG15399,CG15399,protein_coding,CG15399
FBgn0032810,CG13077,CG13077,protein_coding,CG13077
FBgn0052058,Ir67c,CG32058,protein_coding,Ionotropic receptor 67c
FBgn0013674,CoI,CG34067,protein_coding,mitochondrial Cytochrome c oxidase subunit I
FBgn0004387,Klp98A,CG5658,protein_coding,Kinesin-like protein at 98A
FBgn0267299,CR45735,CR45735,ncRNA,CR45735
FBgn0004587,B52,CG10851,protein_coding,B52
FBgn0262870,axo,CG43225,protein_coding,axotactin
FBgn0000808,gd,CG1505,protein_coding,gastrulation-defective
FBgn0262894,CG43249,CG43249,protein_coding,CG43249
FBgn0033316,Gle1,CG14749,protein_coding,Gle1 RNA export mediator
FBgn0052413,CG32413,CG32413,protein_coding,CG32413
FBgn0002531,Lcp1,CG11650,protein_coding,Larval cuticle protein 1
FBgn0032072,CG9483,CG9483,protein_coding,CG9483
FBgn0034808,CG9896,CG9896,protein_coding,CG9896
FBgn0028862,dao,CG15267,protein_coding,down and out
FBgn0053805,CR33805,CR33805,pseudogene,CR33805
FBgn0039003,wfs1,CG4917,protein_coding,wolfram syndrome 1
FBgn0024998,CG2685,CG2685,protein_coding,CG2685
FBgn0267512,CR45852,CR45852,rRNA,CR45852
FBgn0011966,Arg-TCG-2-3,CR31443,tRNA,Arginine-TCG 2-3
FBgn0265865,CR44654,CR44654,ncRNA,CR44654
FBgn0266034,CR44799,CR44799,ncRNA,CR44799
FBgn0267254,CG45690,CG45690,protein_coding,CG45690
FBgn0259852,CR42421,CR42421,ncRNA,CR42421
FBgn0039483,CG14259,CG14259,protein_coding,CG14259
FBgn0035831,Pop4,CG8038,protein_coding,POP4 ribonuclease P/MRP subunit
FBgn0266916,Cenp-C,CG31258,protein_coding,Centromeric protein-C
FBgn0036862,Gbs-76A,CG9619,protein_coding,Glycogen binding subunit 76A
FBgn0285959,1,CR46355,ncRNA,stable intronic sequence RNA 1
FBgn0263995,cpo,CG43738,protein_coding,couch potato
FBgn0040056,CG17698,CG17698,protein_coding,CG17698
FBgn0266140,CR44846,CR44846,ncRNA,CR44846
FBgn0264738,CG43996,CG43996,protein_coding,CG43996
FBgn0262174,mir-993,CR42881,ncRNA,mir-993 stem loop
FBgn0266032,CR44797,CR44797,ncRNA,CR44797
FBgn0266729,CR45202,CR45202,ncRNA,CR45202
FBgn0262249,mir-958,CR42956,ncRNA,mir-958 stem loop
FBgn0263004,CG43312,CG43312,protein_coding,CG43312
FBgn0052564,CG32564,CG32564,protein_coding,CG32564
FBgn0031528,CG15412,CG15412,protein_coding,CG15412
FBgn0260953,CG42585,CG42585,protein_coding,CG42585
FBgn0037115,CG11249,CG11249,protein_coding,CG11249
FBgn0039634,alpha-Man-Ib,CG11874,protein_coding,alpha-Mannosidase class I b
FBgn0085315,CG34286,CG34286,protein_coding,CG34286
FBgn0050081,Ir51b,CG30081,protein_coding,Ionotropic receptor 51b
FBgn0050297,Ile-AAT-1-2,CR30297,tRNA,Isoleucine-AAT 1-2
FBgn0030582,CG14411,CG14411,protein_coding,CG14411
FBgn0034459,TTLL6A,CG16716,protein_coding,Tubulin tyrosine ligase-like 6A
FBgn0266735,CR45208,CR45208,ncRNA,CR45208
FBgn0264374,CR43826,CR43826,ncRNA,CR43826
FBgn0260226,CG42500,CG42500,protein_coding,CG42500
FBgn0033996,CG11807,CG11807,protein_coding,CG11807
FBgn0039778,Jon99Fi,CG18030,protein_coding,Jonah 99Fi
FBgn0266934,CR45385,CR45385,pseudogene,CR45385
FBgn0017561,Ork1,CG1615,protein_coding,Open rectifier K[+] channel 1
FBgn0266384,CR45026,CR45026,ncRNA,CR45026
FBgn0035008,CG3494,CG3494,protein_coding,CG3494
FBgn0085360,CG34331,CG34331,protein_coding,CG34331
FBgn0005695,gcl,CG8411,protein_coding,germ cell-less
FBgn0033607,CG9062,CG9062,protein_coding,CG9062
FBgn0051522,CG31522,CG31522,protein_coding,CG31522
FBgn0040942,CG12643,CG12643,protein_coding,CG12643
FBgn0285917,sbb,CG5580,protein_coding,scribbler
FBgn0265651,CR44458,CR44458,ncRNA,CR44458
FBgn0034689,CG2921,CG2921,protein_coding,CG2921
FBgn0085391,trv,CG34362,protein_coding,trivet
FBgn0010317,CycJ,CG10308,protein_coding,Cyclin J
FBgn0036752,Adgf-A,CG5992,protein_coding,Adenosine deaminase-related growth factor A
FBgn0266249,CR44944,CR44944,ncRNA,CR44944
FBgn0003256,rl,CG12559,protein_coding,rolled
FBgn0038472,bdwf,CG3995,protein_coding,bedwarfed
FBgn0050091,CG30091,CG30091,protein_coding,CG30091
FBgn0259832,CG34229,CG34229,protein_coding,CG34229
FBgn0267461,CR45811,CR45811,ncRNA,CR45811
FBgn0010388,Dro,CG10816,protein_coding,Drosocin
FBgn0029686,Glos,CG2941,protein_coding,Gaulos
FBgn0014380,RhoL,CG9366,protein_coding,Rho-like
FBgn0039202,CG13622,CG13622,protein_coding,CG13622
FBgn0035084,CG15861,CG15861,protein_coding,CG15861
FBgn0262022,CG42833,CG42833,protein_coding,CG42833
FBgn0028533,CG7953,CG7953,protein_coding,CG7953
FBgn0029552,CG14631,CG14631,protein_coding,CG14631
FBgn0266689,CR45179,CR45179,ncRNA,CR45179
FBgn0037891,CG5214,CG5214,protein_coding,CG5214
FBgn0053804,CG33804,CG33804,protein_coding,CG33804
FBgn0039714,Zip99C,CG7816,protein_coding,Zinc/iron regulated transporter-related protein 99C
FBgn0027504,bsd,CG8878,protein_coding,back seat driver
FBgn0035886,Jon66Ci,CG7118,protein_coding,Jonah 66Ci
FBgn0266241,CR44936,CR44936,ncRNA,CR44936
FBgn0039056,CenB1A,CG6742,protein_coding,Centaurin beta 1A
FBgn0266645,CR45152,CR45152,ncRNA,CR45152
FBgn0053471,Ir48a,CR33471,pseudogene,Ionotropic receptor 48a
FBgn0023174,Prosbeta2,CG3329,protein_coding,Proteasome beta2 subunit
FBgn0001149,GstD1,CG10045,protein_coding,Glutathione S transferase D1
FBgn0266246,CR44941,CR44941,ncRNA,CR44941
FBgn0051827,CG31827,CG31827,protein_coding,CG31827
FBgn0039205,CG13623,CG13623,protein_coding,CG13623
FBgn0032040,CG13386,CG13386,protein_coding,CG13386
FBgn0031516,CG9663,CG9663,protein_coding,CG9663
FBgn0032489,CG15480,CG15480,protein_coding,CG15480
FBgn0035727,CG10063,CG10063,protein_coding,CG10063
FBgn0034650,NC2alpha,CG10318,protein_coding,Negative Cofactor 2alpha
FBgn0261794,kcc,CG5594,protein_coding,kazachoc
FBgn0037275,CG14655,CG14655,protein_coding,CG14655
FBgn0266403,CR45043,CR45043,ncRNA,CR45043
FBgn0262985,CG43293,CG43293,protein_coding,CG43293
FBgn0262542,CR43096,CR43096,pseudogene,CR43096
FBgn0036568,ATPsynbetaL,CG5389,protein_coding,"ATP synthase, beta subunit-like"
FBgn0037344,CG2926,CG2926,protein_coding,CG2926
FBgn0267098,CR45538,CR45538,ncRNA,CR45538
FBgn0032596,Prosbeta4,CG17331,protein_coding,Proteasome beta4 subunit
FBgn0039850,CG11333,CG11333,protein_coding,CG11333
FBgn0263627,CR43636,CR43636,ncRNA,CR43636
FBgn0034909,pippin,CG4797,protein_coding,pippin
FBgn0041710,yellow-f,CG18550,protein_coding,yellow-f
FBgn0086785,Vps36,CG10711,protein_coding,Vacuolar protein sorting 36
FBgn0032896,CG14400,CG14400,protein_coding,CG14400
FBgn0038377,CG9632,CG9632,protein_coding,CG9632
FBgn0027338,Kap-alpha3,CG9423,protein_coding,karyopherin alpha3
FBgn0035827,Srp9,CG8268,protein_coding,Signal recognition particle 9
FBgn0036793,CG4174,CG4174,protein_coding,CG4174
FBgn0004567,slp2,CG2939,protein_coding,sloppy paired 2
FBgn0065073,229,CR33684,snoRNA,229
FBgn0262031,CR42842,CR42842,pseudogene,CR42842
FBgn0035838,ldbr,CG7942,protein_coding,lariat debranching enzyme
FBgn0032315,CG14069,CG14069,protein_coding,CG14069
FBgn0050432,CG30432,CG30432,protein_coding,CG30432
FBgn0053547,Rim,CG33547,protein_coding,Rab3 interacting molecule
FBgn0265756,CR44563,CR44563,ncRNA,CR44563
FBgn0035702,CG10147,CG10147,protein_coding,CG10147
FBgn0086604,side-VIII,CG12484,protein_coding,sidestep VIII
FBgn0033702,CG8854,CG8854,protein_coding,CG8854
FBgn0052141,saturn,CG32141,protein_coding,saturn
FBgn0011286,RyR,CG10844,protein_coding,Ryanodine receptor
FBgn0020280,laf,CG14660,protein_coding,labial associated factor
FBgn0283554,mir-9371,CR46288,ncRNA,mir-9371 stem loop
FBgn0003900,twi,CG2956,protein_coding,twist
FBgn0030028,Corp,CG10965,protein_coding,Companion of reaper
FBgn0031574,TTLL4B,CG3964,protein_coding,Tubulin tyrosine ligase-like 4B
FBgn0030396,mdu,CG2556,protein_coding,meduse
FBgn0044030,mRpS14,CG32531,protein_coding,mitochondrial ribosomal protein S14
FBgn0000559,eEF2,CG2238,protein_coding,eukaryotic translation elongation factor 2
FBgn0030955,CG6891,CG6891,protein_coding,CG6891
FBgn0267552,CR45892,CR45892,ncRNA,CR45892
FBgn0034265,Snx16,CG6410,protein_coding,Sorting nexin 16
FBgn0032773,fon,CG15825,protein_coding,fondue
FBgn0032956,Cul2,CG1512,protein_coding,Cullin 2
FBgn0040816,CG12521,CG12521,protein_coding,CG12521
FBgn0020369,Rpt6,CG1489,protein_coding,Regulatory particle triple-A ATPase 6
FBgn0025595,AkhR,CG11325,protein_coding,Adipokinetic hormone receptor
FBgn0266820,CR45282,CR45282,ncRNA,CR45282
FBgn0036028,CG16717,CG16717,protein_coding,CG16717
FBgn0265885,CR44674,CR44674,ncRNA,CR44674
FBgn0037844,CG4570,CG4570,protein_coding,CG4570
FBgn0036039,Naa60,CG18177,protein_coding,N(alpha)-acetyltransferase 60
FBgn0037685,Or85f,CG16755,protein_coding,Odorant receptor 85f
FBgn0264727,CR43995,CR43995,ncRNA,CR43995
FBgn0036351,CG14107,CG14107,protein_coding,CG14107
FBgn0035103,Vdup1,CG7047,protein_coding,Vitamin D[[3]] up-regulated protein 1
FBgn0263038,CG43333,CG43333,protein_coding,CG43333
FBgn0038975,Nrx-1,CG7050,protein_coding,Neurexin 1
FBgn0052695,CG32695,CG32695,protein_coding,CG32695
FBgn0086533,Me18S-C419,CR43566,snoRNA,CR43566
FBgn0039126,CG13601,CG13601,protein_coding,CG13601
FBgn0032259,CG6144,CG6144,protein_coding,CG6144
FBgn0265276,l(3)neo38,CG6930,protein_coding,lethal (3) neo38
FBgn0030613,Rab3-GEF,CG5627,protein_coding,Rab3 GDP-GTP exchange factor
FBgn0051865,Ada1-1,CG31865,protein_coding,transcriptional Adaptor 1-1
FBgn0266360,CR45008,CR45008,ncRNA,CR45008
FBgn0004103,Pp1-87B,CG5650,protein_coding,Protein phosphatase 1 at 87B
FBgn0036911,Fibp,CG8660,protein_coding,Fibp
FBgn0267199,CR45639,CR45639,ncRNA,CR45639
FBgn0016693,Past1,CG6148,protein_coding,Putative Achaete Scute Target 1
FBgn0266864,CR45325,CR45325,ncRNA,CR45325
FBgn0038191,Kots,CG9925,protein_coding,Kotsubu
FBgn0035865,CG7201,CG7201,protein_coding,CG7201
FBgn0002865,Mst98Ca,CG11719,protein_coding,Male-specific RNA 98Ca
FBgn0262686,CG43156,CG43156,protein_coding,CG43156
FBgn0265040,CR44157,CR44157,ncRNA,CR44157
FBgn0033850,CG13331,CG13331,protein_coding,CG13331
FBgn0031996,CG8460,CG8460,protein_coding,CG8460
FBgn0038354,CG5404,CG5404,protein_coding,CG5404
FBgn0051551,CG31551,CG31551,protein_coding,CG31551
FBgn0264947,CR44116,CR44116,ncRNA,CR44116
FBgn0267086,CR45530,CR45530,ncRNA,CR45530
FBgn0263482,lola-c,CR43597,snoRNA,CR43597
FBgn0083003,Psi28S-1175c,CR34560,snoRNA,Psi28S-1175c
FBgn0263236,SP1029,CG11956,protein_coding,SP1029
FBgn0267808,CR46133,CR46133,ncRNA,CR46133
FBgn0037296,Prosbeta2R2,CG12161,protein_coding,Proteasome beta2 subunit-related 2
FBgn0264349,CR43805,CR43805,ncRNA,CR43805
FBgn0259974,Sfp84E,CG42484,protein_coding,Seminal fluid protein 84E
FBgn0020294,ko,CG10573,protein_coding,knockout
FBgn0264308,hbt,CG43778,protein_coding,headbutt
FBgn0021979,l(2)k09913,CG3082,protein_coding,lethal (2) k09913
FBgn0030655,CG9213,CG9213,protein_coding,CG9213
FBgn0013697,Lys-CTT,CR34070,tRNA,Lysine-CTT
FBgn0050257,Thr-TGT-2-1,CR30257,tRNA,Threonine-TGT 2-1
FBgn0036015,CG3088,CG3088,protein_coding,CG3088
FBgn0052000,anne,CG32000,protein_coding,anne boleyn
FBgn0035568,CG18418,CG18418,protein_coding,CG18418
FBgn0031523,CG15408,CG15408,protein_coding,CG15408
FBgn0031733,CG14006,CG14006,protein_coding,CG14006
FBgn0265937,CR44724,CR44724,ncRNA,CR44724
FBgn0264493,rdx,CG12537,protein_coding,roadkill
FBgn0042094,Ak3,CG6612,protein_coding,Adenylate kinase 3
FBgn0038348,AOX2,CG18519,protein_coding,Aldehyde oxidase 2
FBgn0039756,CG9743,CG9743,protein_coding,CG9743
FBgn0039655,CG14507,CG14507,protein_coding,CG14507
FBgn0265912,CR44701,CR44701,ncRNA,CR44701
FBgn0261086,Syt14,CG9778,protein_coding,Synaptotagmin 14
FBgn0267653,CR45991,CR45991,ncRNA,CR45991
FBgn0267524,CR45864,CR45864,rRNA,CR45864
FBgn0037199,EMC4,CG11137,protein_coding,ER membrane protein complex subunit 4
FBgn0265317,CG44290,CG44290,protein_coding,CG44290
FBgn0038820,CG4000,CG4000,protein_coding,CG4000
FBgn0036096,CG8003,CG8003,protein_coding,CG8003
FBgn0034279,CG18635,CG18635,protein_coding,CG18635
FBgn0040066,wds,CG17437,protein_coding,will die slowly
FBgn0036909,Ccdc58,CG15881,protein_coding,Coiled-coil domain-containing 58
FBgn0032024,CG14273,CG14273,protein_coding,CG14273
FBgn0040339,MED22,CG3034,protein_coding,Mediator complex subunit 22
FBgn0030853,ND-24,CG5703,protein_coding,NADH dehydrogenase (ubiquinone) 24 kDa subunit
FBgn0037139,CG14563,CG14563,protein_coding,CG14563
FBgn0262871,lute,CG43226,protein_coding,lute
FBgn0029785,RpL35,CG4111,protein_coding,Ribosomal protein L35
FBgn0004654,Pgd,CG3724,protein_coding,Phosphogluconate dehydrogenase
FBgn0265950,CR44737,CR44737,ncRNA,CR44737
FBgn0259878,Fs,CG33466,protein_coding,Follistatin
FBgn0032295,CG12299,CG12299,protein_coding,CG12299
FBgn0037003,CG18281,CG18281,protein_coding,CG18281
FBgn0034641,mahj,CG10080,protein_coding,mahjong
FBgn0004655,wapl,CG3707,protein_coding,wings apart-like
FBgn0002632,E(spl)m6-BFM,CG8354,protein_coding,"Enhancer of split m6, Bearded family member"
FBgn0032470,Ttc30,CG5142,protein_coding,Tetratricopeptide repeat domain 30
FBgn0012001,Val-CAC-2-4,CR31502,tRNA,Valine-CAC 2-4
FBgn0013679,ND1,CG34092,protein_coding,mitochondrial NADH-ubiquinone oxidoreductase chain 1
FBgn0036879,Cpr76Bb,CG9290,protein_coding,Cuticular protein 76Bb
FBgn0262201,mir-973,CR42908,ncRNA,mir-973 stem loop
FBgn0037098,Wnk,CG7177,protein_coding,Wnk kinase
FBgn0038451,CG14893,CG14893,protein_coding,CG14893
FBgn0036893,PIG-F,CG9376,protein_coding,Phosphatidylinositol glycan anchor biosynthesis class F
FBgn0053395,CR33395,CR33395,rRNA,CR33395
FBgn0033657,Sln,CG8271,protein_coding,Silnoon
FBgn0263343,CR43424,CR43424,ncRNA,CR43424
FBgn0011981,Ser-AGA-3-2,CR32618,tRNA,Serine-AGA 3-2
FBgn0264512,CR43911,CR43911,ncRNA,CR43911
FBgn0030067,Rbm13,CG10648,protein_coding,RNA-binding motif protein 13
FBgn0034691,Synj,CG6562,protein_coding,Synaptojanin
FBgn0264347,CR43803,CR43803,ncRNA,CR43803
FBgn0053993,Egfrap,CG33993,protein_coding,EGFR adaptor protein
FBgn0266786,CR45251,CR45251,ncRNA,CR45251
FBgn0003117,pnr,CG3978,protein_coding,pannier
FBgn0027057,CSN1b,CG3889,protein_coding,COP9 signalosome subunit 1b
FBgn0035207,Herc4,CG9153,protein_coding,HECT and RLD domain containing E3 ubiquitin ligase 4
FBgn0030666,CG12708,CG12708,protein_coding,CG12708
FBgn0036945,Ssk,CG6981,protein_coding,Snakeskin
FBgn0037985,ssp5,CG14735,protein_coding,short spindle 5
FBgn0037837,CG14693,CG14693,protein_coding,CG14693
FBgn0040352,CG14416,CG14416,protein_coding,CG14416
FBgn0040253,Ugt35E1,CG17200,protein_coding,UDP-glycosyltransferase family 35 member E1
FBgn0038429,CG14882,CG14882,protein_coding,CG14882
FBgn0038203,Or88a,CG14360,protein_coding,Odorant receptor 88a
FBgn0266066,CR44819,CR44819,ncRNA,CR44819
FBgn0263441,CR43464,CR43464,ncRNA,CR43464
FBgn0004860,ph-d,CG3895,protein_coding,polyhomeotic distal
FBgn0015926,dah,CG6157,protein_coding,discontinuous actin hexagon
FBgn0037359,MED27,CG1245,protein_coding,Mediator complex subunit 27
FBgn0266682,CR45172,CR45172,ncRNA,CR45172
FBgn0053769,CG33769,CG33769,protein_coding,CG33769
FBgn0267128,CR45568,CR45568,ncRNA,CR45568
FBgn0034131,CG15712,CG15712,protein_coding,CG15712
FBgn0030964,Pvf1,CG7103,protein_coding,PDGF- and VEGF-related factor 1
FBgn0035170,dpr20,CG12191,protein_coding,defective proboscis extension response 20
FBgn0037778,mtTFB2,CG3910,protein_coding,mitochondrial transcription factor B2
FBgn0053207,pxb,CG33207,protein_coding,pxb
FBgn0039235,CAH4,CG10899,protein_coding,Carbonic anhydrase 4
FBgn0031566,CG2818,CG2818,protein_coding,CG2818
FBgn0266314,CR44979,CR44979,ncRNA,CR44979
FBgn0050431,CG30431,CG30431,protein_coding,CG30431
FBgn0011840,Ala-AGC-2-3,CR31574,tRNA,Alanine-AGC 2-3
FBgn0264273,Sema2b,CG33960,protein_coding,Semaphorin 2b
FBgn0264606,Fife,CG43955,protein_coding,Fife
FBgn0040623,Spase12,CG11500,protein_coding,Spase 12-subunit
FBgn0039359,RpL27,CG4759,protein_coding,Ribosomal protein L27
FBgn0034030,CG8192,CG8192,protein_coding,CG8192
FBgn0085292,CG34263,CG34263,protein_coding,CG34263
FBgn0287211,CG46441,CG46441,protein_coding,CG46441
FBgn0033628,CG13203,CG13203,protein_coding,CG13203
FBgn0043456,Ndf,CG4747,protein_coding,Nucleosome-destabilizing factor
FBgn0051638,CG31638,CG31638,protein_coding,CG31638
FBgn0039421,Nil,CG6036,protein_coding,Nilkantha
FBgn0052944,CG32944,CG32944,protein_coding,CG32944
FBgn0031231,mRpL10,CG11488,protein_coding,mitochondrial ribosomal protein L10
FBgn0024733,RpL10,CG17521,protein_coding,Ribosomal protein L10
FBgn0038257,smp-30,CG7390,protein_coding,Senescence marker protein-30
FBgn0266972,CR45423,CR45423,ncRNA,CR45423
FBgn0014133,bif,CG1822,protein_coding,bifocal
FBgn0040344,Lztr1,CG3711,protein_coding,Leucine zipper like transcription regulator 1
FBgn0266837,CR45299,CR45299,ncRNA,CR45299
FBgn0267219,CR45659,CR45659,ncRNA,CR45659
FBgn0061197,salto,CG13164,protein_coding,salto
FBgn0011892,Lys-CTT-1-6,CR30300,tRNA,Lysine-CTT 1-6
FBgn0033990,CG10265,CG10265,protein_coding,CG10265
FBgn0031885,Mnn1,CG13778,protein_coding,Menin 1
FBgn0034046,tun,CG8253,protein_coding,tungus
FBgn0266772,CR45237,CR45237,ncRNA,CR45237
FBgn0032000,CG8372,CG8372,protein_coding,CG8372
FBgn0036486,Msh6,CG7003,protein_coding,Msh6
FBgn0031052,Elys,CG14215,protein_coding,CG14215
FBgn0038006,Cyp313a2,CG10094,protein_coding,Cytochrome P450 313a2
FBgn0262559,Mdh2,CG7998,protein_coding,Malate dehydrogenase 2
FBgn0004926,eIF2beta,CG4153,protein_coding,eukaryotic translation initiation factor 2 subunit beta
FBgn0266854,CR45315,CR45315,pseudogene,CR45315
FBgn0086251,del,CG9252,protein_coding,deadlock
FBgn0261588,pdm3,CG42698,protein_coding,pou domain motif 3
FBgn0005648,Pabp2,CG2163,protein_coding,Pabp2
FBgn0266536,CR45097,CR45097,ncRNA,CR45097
FBgn0267080,CR45524,CR45524,ncRNA,CR45524
FBgn0086666,Psi28S-2179,CR33918,snoRNA,Psi28S-2179
FBgn0286869,CR46391,CR46391,ncRNA,CR46391
FBgn0039589,CG9986,CG9986,protein_coding,CG9986
FBgn0030313,Reepl1,CG11697,protein_coding,Receptor accessory protein like 1
FBgn0082983,Psi28S-2626,CR34629,snoRNA,Psi28S-2626
FBgn0034654,eIF3k,CG10306,protein_coding,eukaryotic translation initiation factor 3 subunit k
FBgn0034284,CG14491,CG14491,protein_coding,CG14491
FBgn0265673,CR44480,CR44480,ncRNA,CR44480
FBgn0037398,CG15580,CG15580,protein_coding,CG15580
FBgn0027783,SMC2,CG10212,protein_coding,Structural maintenance of chromosomes 2
FBgn0284238,CR46322,CR46322,ncRNA,CR46322
FBgn0054011,CG34011,CG34011,protein_coding,CG34011
FBgn0011848,Glu-TTC-1-6,CR30453,tRNA,Glutamic acid-TTC 1-6
FBgn0001990,wek,CG4148,protein_coding,weckle
FBgn0034065,Rrp42,CG8395,protein_coding,Rrp42
FBgn0025631,moody,CG4322,protein_coding,moody
FBgn0032813,PCNA2,CG10262,protein_coding,Proliferating cell nuclear antigen 2
FBgn0287667,CR46494,CR46494,ncRNA,CR46494
FBgn0035110,thoc7,CG17143,protein_coding,thoc7
FBgn0085404,CG34375,CG34375,protein_coding,CG34375
FBgn0053475,CG33475,CG33475,protein_coding,CG33475
FBgn0030272,CG15201,CG15201,protein_coding,CG15201
FBgn0028691,Rpn9,CG10230,protein_coding,Regulatory particle non-ATPase 9
FBgn0033816,CG4679,CG4679,protein_coding,CG4679
FBgn0033821,CG10799,CG10799,protein_coding,CG10799
FBgn0033610,CG18335,CG18335,protein_coding,CG18335
FBgn0035941,CG13313,CG13313,protein_coding,CG13313
FBgn0031398,daed,CG10880,protein_coding,daedalus
FBgn0037853,CG14696,CG14696,protein_coding,CG14696
FBgn0037834,Art1,CG6554,protein_coding,Arginine methyltransferase 1
FBgn0017578,Max,CG9648,protein_coding,Max
FBgn0086442,mib2,CG17492,protein_coding,mind bomb 2
FBgn0030243,CG2186,CG2186,protein_coding,CG2186
FBgn0264748,CG44006,CG44006,protein_coding,CG44006
FBgn0261505,CR42653,CR42653,pseudogene,CR42653
FBgn0039737,CG7920,CG7920,protein_coding,CG7920
FBgn0005278,Sam-S,CG2674,protein_coding,S-adenosylmethionine Synthetase
FBgn0033661,CG13185,CG13185,protein_coding,CG13185
FBgn0053234,CG33234,CG33234,protein_coding,CG33234
FBgn0264997,CR44148,CR44148,ncRNA,CR44148
FBgn0034443,cer,CG10460,protein_coding,crammer
FBgn0029932,CG4607,CG4607,protein_coding,CG4607
FBgn0032840,sNPF,CG13968,protein_coding,short neuropeptide F precursor
FBgn0262574,CG43114,CG43114,protein_coding,CG43114
FBgn0034063,CG8389,CG8389,protein_coding,CG8389
FBgn0029504,CHES-1-like,CG12690,protein_coding,Checkpoint suppressor 1-like
FBgn0035109,CG13876,CG13876,protein_coding,CG13876
FBgn0051068,CG31068,CG31068,protein_coding,CG31068
FBgn0044028,Notum,CG13076,protein_coding,Notum
FBgn0034219,mthl4,CG6536,protein_coding,methuselah-like 4
FBgn0025334,PHDP,CG11182,protein_coding,Putative homeodomain protein
FBgn0038290,CG6912,CG6912,protein_coding,CG6912
FBgn0039955,CG41099,CG41099,protein_coding,CG41099
FBgn0267888,CR46176,CR46176,pseudogene,CR46176
FBgn0259179,CG42284,CG42284,protein_coding,CG42284
FBgn0004427,LysD,CG9118,protein_coding,Lysozyme D
FBgn0003416,sl,CG4200,protein_coding,small wing
FBgn0261994,CG42812,CG42812,protein_coding,CG42812
FBgn0037526,ArgRS-m,CG10092,protein_coding,"Arginyl-tRNA synthetase, mitochondrial"
FBgn0025740,PlexB,CG17245,protein_coding,Plexin B
FBgn0035189,CG9119,CG9119,protein_coding,CG9119
FBgn0033698,CG8858,CG8858,protein_coding,CG8858
FBgn0052532,CG32532,CG32532,protein_coding,CG32532
FBgn0033589,CG13227,CG13227,protein_coding,CG13227
FBgn0033501,CG12911,CG12911,protein_coding,CG12911
FBgn0266870,CR45331,CR45331,ncRNA,CR45331
FBgn0033548,Nop10,CG7637,protein_coding,Nop10 ribonucleoprotein
FBgn0052762,CG32762,CG32762,protein_coding,CG32762
FBgn0035237,CG13917,CG13917,protein_coding,CG13917
FBgn0267947,CR46227,CR46227,ncRNA,CR46227
FBgn0261834,CG42766,CG42766,protein_coding,CG42766
FBgn0286783,Etf-QO,CG12140,protein_coding,Electron transfer flavoprotein-ubiquinone oxidoreductase
FBgn0035734,CG14823,CG14823,protein_coding,CG14823
FBgn0036995,atk,CG5195,protein_coding,artichoke
FBgn0031239,CG17075,CG17075,protein_coding,CG17075
FBgn0032055,Sgp,CG13091,protein_coding,Sgroppino
FBgn0050104,NT5E-2,CG30104,protein_coding,Ecto-5'-nucleotidase 2
FBgn0265153,CR44222,CR44222,ncRNA,CR44222
FBgn0037121,Polr2H,CG11246,protein_coding,"RNA polymerase II, I and III subunit H"
FBgn0040340,TRAM,CG11642,protein_coding,TRAM
FBgn0263047,CG43342,CG43342,protein_coding,CG43342
FBgn0261506,CG42654,CG42654,protein_coding,CG42654
FBgn0037705,mura,CG9381,protein_coding,murashka
FBgn0267673,CR46009,CR46009,ncRNA,CR46009
FBgn0037024,tzn,CG4365,protein_coding,tenzing norgay
FBgn0039835,mRpL32,CG12220,protein_coding,mitochondrial ribosomal protein L32
FBgn0036531,CG6244,CG6244,protein_coding,CG6244
FBgn0010287,Trf,CG7562,protein_coding,TBP-related factor
FBgn0036677,CG13023,CG13023,protein_coding,CG13023
FBgn0266391,CR45031,CR45031,ncRNA,CR45031
FBgn0032772,CG17350,CG17350,protein_coding,CG17350
FBgn0037584,CG7963,CG7963,protein_coding,CG7963
FBgn0037609,Unc50,CG9773,protein_coding,Unc50 RNA binding protein
FBgn0002643,mam,CG8118,protein_coding,mastermind
FBgn0051407,CG31407,CG31407,protein_coding,CG31407
FBgn0053136,CG33136,CG33136,protein_coding,CG33136
FBgn0264857,iab8,CR43261,ncRNA,iab8
FBgn0037347,SecS,CG1427,protein_coding,Sec synthetase
FBgn0262806,CR43177,CR43177,pseudogene,CR43177
FBgn0011726,tsr,CG4254,protein_coding,twinstar
FBgn0034318,CG14500,CG14500,protein_coding,CG14500
FBgn0037525,CG17816,CG17816,protein_coding,CG17816
FBgn0053902,CG33902,CG33902,protein_coding,CG33902
FBgn0035879,GAPcenA,CG7112,protein_coding,GTPase activating protein and centrosome-associated
FBgn0038865,cDIP,CG10824,protein_coding,Common Dpr-interacting protein
FBgn0038659,EndoA,CG14296,protein_coding,Endophilin A
FBgn0264385,CR43837,CR43837,ncRNA,CR43837
FBgn0052855,CG32855,CG32855,protein_coding,CG32855
FBgn0267012,CR45456,CR45456,ncRNA,CR45456
FBgn0052666,Drak,CG32666,protein_coding,Death-associated protein kinase related
FBgn0031560,CG16713,CG16713,protein_coding,CG16713
FBgn0261556,CG42674,CG42674,protein_coding,CG42674
FBgn0039089,beat-IV,CG10152,protein_coding,beaten path IV
FBgn0030342,CG10347,CG10347,protein_coding,CG10347
FBgn0039764,CG15535,CG15535,protein_coding,CG15535
FBgn0265538,CG44388,CG44388,protein_coding,CG44388
FBgn0265271,CG14717,CG14717,protein_coding,CG14717
FBgn0035161,CG13898,CG13898,protein_coding,CG13898
FBgn0038418,pad,CG10309,protein_coding,poils au dos
FBgn0262205,mir-932,CR42912,ncRNA,mir-932 stem loop
FBgn0036057,Hez,CG14164,protein_coding,Hezron
FBgn0265917,CR44706,CR44706,pseudogene,CR44706
FBgn0265690,CR44497,CR44497,ncRNA,CR44497
FBgn0039832,CG15563,CG15563,protein_coding,CG15563
FBgn0265994,CR44769,CR44769,ncRNA,CR44769
FBgn0058006,CG40006,CG40006,protein_coding,CG40006
FBgn0262889,CG43244,CG43244,protein_coding,CG43244
FBgn0032811,Pmvk,CG10268,protein_coding,Phosphomevalonate kinase
FBgn0035241,CG12105,CG12105,protein_coding,CG12105
FBgn0039594,snu,CG9990,protein_coding,snustorr
FBgn0036053,iPLA2-VIA,CG6718,protein_coding,calcium-independent phospholipase A2 VIA
FBgn0030577,CG5334,CG5334,protein_coding,CG5334
FBgn0014366,noi,CG2925,protein_coding,noisette
FBgn0262025,CR42836,CR42836,ncRNA,CR42836
FBgn0038679,CG6040,CG6040,protein_coding,CG6040
FBgn0065047,54Ab,CR33628,snoRNA,54Ab
FBgn0038755,Hs6st,CG4451,protein_coding,Heparan sulfate 6-O-sulfotransferase
FBgn0046332,gskt,CG31003,protein_coding,gasket
FBgn0262968,CR43279,CR43279,ncRNA,CR43279
FBgn0037164,CG11438,CG11438,protein_coding,CG11438
FBgn0264601,CR43950,CR43950,ncRNA,CR43950
FBgn0051159,mRRF2,CG31159,protein_coding,mitochondrial ribosome recycling factor 2
FBgn0034419,CG15111,CG15111,protein_coding,CG15111
FBgn0067052,Rab9D,CG32678,protein_coding,Rab at 9D
FBgn0037005,CG5078,CG5078,protein_coding,CG5078
FBgn0266182,CR44888,CR44888,ncRNA,CR44888
FBgn0264513,CR43912,CR43912,ncRNA,CR43912
FBgn0267937,CR46217,CR46217,ncRNA,CR46217
FBgn0041337,Cyp309a2,CG18559,protein_coding,Cytochrome P450 309a2
FBgn0032648,CG15144,CG15144,protein_coding,CG15144
FBgn0085228,CG34199,CG34199,protein_coding,CG34199
FBgn0285948,RpL27A,CG15442,protein_coding,Ribosomal protein L27A
FBgn0029825,CG12728,CG12728,protein_coding,CG12728
FBgn0011993,Thr-AGT-1-5,CR31589,tRNA,Threonine-AGT 1-5
FBgn0267615,CR45953,CR45953,ncRNA,CR45953
FBgn0085786,CR41501,CR41501,pseudogene,CR41501
FBgn0082948,Me18S-U1356b,CR34645,snoRNA,Me18S-U1356b
FBgn0051017,PH4alphaNE3,CG31017,protein_coding,prolyl-4-hydroxylase-alpha NE3
FBgn0011584,Trp1,CG4758,protein_coding,Translocation protein 1
FBgn0032833,COX4,CG10664,protein_coding,Cytochrome c oxidase subunit 4
FBgn0052161,CG32161,CG32161,protein_coding,CG32161
FBgn0040104,lectin-24A,CG3410,protein_coding,lectin-24A
FBgn0032047,CG13088,CG13088,protein_coding,CG13088
FBgn0036104,CG6418,CG6418,protein_coding,CG6418
FBgn0083942,CG34106,CG34106,protein_coding,CG34106
FBgn0265097,CR44202,CR44202,ncRNA,CR44202
FBgn0263542,mir-4954,CR43527,ncRNA,mir-4954 stem loop
FBgn0011227,ox,CG8764,protein_coding,oxen
FBgn0031264,uncNacbeta,CG11835,protein_coding,uncharacterized nascent polypeptide-associated complex beta subunit
FBgn0029974,dpr14,CG10946,protein_coding,defective proboscis extension response 14
FBgn0265310,CR44283,CR44283,ncRNA,CR44283
FBgn0032689,CG10413,CG10413,protein_coding,CG10413
FBgn0034132,S-Lap8,CG4439,protein_coding,Sperm-Leucylaminopeptidase 8
FBgn0032973,CG6675,CG6675,protein_coding,CG6675
FBgn0027598,cindr,CG31012,protein_coding,CIN85 and CD2AP related
FBgn0014931,kipf,CG2678,protein_coding,kipferl
FBgn0036612,CG4998,CG4998,protein_coding,CG4998
FBgn0035842,Setx,CG7504,protein_coding,Senataxin
FBgn0035217,FucTD,CG9169,protein_coding,"alpha1,3-fucosyltransferase D"
FBgn0031343,CG18131,CG18131,protein_coding,CG18131
FBgn0038058,CG5608,CG5608,protein_coding,CG5608
FBgn0030077,CG15365,CG15365,protein_coding,CG15365
FBgn0028892,CG4161,CG4161,protein_coding,CG4161
FBgn0085273,CG34244,CG34244,protein_coding,CG34244
FBgn0026597,Axn,CG7926,protein_coding,Axin
FBgn0030595,CG14406,CG14406,protein_coding,CG14406
FBgn0263608,l(3)72Dr,CG32154,protein_coding,lethal (3) 72Dr
FBgn0263590,CR43615,CR43615,ncRNA,CR43615
FBgn0262685,CG43155,CG43155,protein_coding,CG43155
FBgn0267766,CR46097,CR46097,ncRNA,CR46097
FBgn0015283,Rpn10,CG7619,protein_coding,Regulatory particle non-ATPase 10
FBgn0264607,CaMKII,CG18069,protein_coding,Calcium/calmodulin-dependent protein kinase II
FBgn0024983,CG4293,CG4293,protein_coding,CG4293
FBgn0034878,pita,CG3941,protein_coding,pita
FBgn0267234,CR45674,CR45674,ncRNA,CR45674
FBgn0267091,CR45535,CR45535,ncRNA,CR45535
FBgn0031737,obst-E,CG11142,protein_coding,obstructor-E
FBgn0033174,CG11125,CG11125,protein_coding,CG11125
FBgn0037037,CG10588,CG10588,protein_coding,CG10588
FBgn0265940,CR44727,CR44727,ncRNA,CR44727
FBgn0262330,mir-193,CR43037,ncRNA,mir-193 stem loop
FBgn0267958,CR46238,CR46238,ncRNA,CR46238
FBgn0000289,cg,CG8367,protein_coding,combgap
FBgn0265966,CR44753,CR44753,ncRNA,CR44753
FBgn0037166,CG11426,CG11426,protein_coding,CG11426
FBgn0036226,CG7252,CG7252,protein_coding,CG7252
FBgn0030089,AP-1gamma,CG9113,protein_coding,"Adaptor Protein complex 1, gamma subunit"
FBgn0263353,CG11000,CG11000,protein_coding,CG11000
FBgn0266811,CG45273,CG45273,protein_coding,CG45273
FBgn0265296,Dscam2,CG42256,protein_coding,Down syndrome cell adhesion molecule 2
FBgn0265701,CR44508,CR44508,ncRNA,CR44508
FBgn0035315,CG8960,CG8960,protein_coding,CG8960
FBgn0038131,CG15888,CG15888,protein_coding,CG15888
FBgn0004852,Ac76E,CG7978,protein_coding,Adenylyl cyclase 76E
FBgn0051921,CG31921,CG31921,protein_coding,CG31921
FBgn0284409,TS1,CR46323,ncRNA, testis-specific 1
FBgn0027508,Tnks,CG4719,protein_coding,tankyrase
FBgn0267567,CR45907,CR45907,ncRNA,CR45907
FBgn0015583,Acp29AB,CG17797,protein_coding,Accessory gland protein 29AB
FBgn0263973,jv,CG32397,protein_coding,javelin
FBgn0034850,CG9875,CG9875,protein_coding,CG9875
FBgn0053700,CG33700,CG33700,protein_coding,CG33700
FBgn0266097,CR44834,CR44834,ncRNA,CR44834
FBgn0030034,CG10555,CG10555,protein_coding,CG10555
FBgn0033349,CG8243,CG8243,protein_coding,CG8243
FBgn0085411,CG34382,CG34382,protein_coding,CG34382
FBgn0010414,SerT,CG4545,protein_coding,Serotonin transporter
FBgn0033715,CG8490,CG8490,protein_coding,CG8490
FBgn0032751,CG17343,CG17343,protein_coding,CG17343
FBgn0037885,CG17721,CG17721,protein_coding,CG17721
FBgn0039180,CG5715,CG5715,protein_coding,CG5715
FBgn0033810,CG4646,CG4646,protein_coding,CG4646
FBgn0052274,Drsl1,CG32274,protein_coding,Drosomycin-like 1
FBgn0053838,CG33838,CG33838,protein_coding,CG33838
FBgn0036075,CG8065,CG8065,protein_coding,CG8065
FBgn0031646,snsl,CG2837,protein_coding,snustorr snarlik
FBgn0040650,CG15456,CG15456,protein_coding,CG15456
FBgn0036177,CG33268,CG33268,protein_coding,CG33268
FBgn0030884,CG6847,CG6847,protein_coding,CG6847
FBgn0034697,GM130,CG11061,protein_coding,Golgi matrix protein 130 kD
FBgn0037377,Hpf1,CG1218,protein_coding,Histone PARylation factor 1
FBgn0031216,Zir,CG11376,protein_coding,Zizimin-related
FBgn0030003,CG2116,CG2116,protein_coding,CG2116
FBgn0039110,RanBP3,CG10225,protein_coding,Ran binding protein 3
FBgn0051740,CG31740,CG31740,protein_coding,CG31740
FBgn0265978,CR44757,CR44757,ncRNA,CR44757
FBgn0267236,CG45676,CG45676,protein_coding,CG45676
FBgn0036940,obst-J,CG7348,protein_coding,obstructor-J
FBgn0003935,34A,CR31853,snRNA,small nuclear RNA U5 at 34A
FBgn0035271,CG2021,CG2021,protein_coding,CG2021
FBgn0030296,CG15196,CG15196,protein_coding,CG15196
FBgn0031245,CG3625,CG3625,protein_coding,CG3625
FBgn0030892,Swt1,CG7206,protein_coding,Swt1 RNA endoribonuclease
FBgn0033191,CG1598,CG1598,protein_coding,CG1598
FBgn0033482,CG1371,CG1371,protein_coding,CG1371
FBgn0053862,CG33862,CG33862,protein_coding,CG33862
FBgn0265739,CR44546,CR44546,ncRNA,CR44546
FBgn0050275,CG30275,CG30275,protein_coding,CG30275
FBgn0032294,Vha16-5,CG6737,protein_coding,Vacuolar H[+] ATPase 16kD subunit 5
FBgn0035943,CG5653,CG5653,protein_coding,CG5653
FBgn0026722,drosha,CG8730,protein_coding,drosha
FBgn0030886,CG12672,CG12672,protein_coding,CG12672
FBgn0034800,CG3788,CG3788,protein_coding,CG3788
FBgn0000286,Cf2,CG11924,protein_coding,Chorion factor 2
FBgn0053440,CR33440,CR33440,rRNA,CR33440
FBgn0267261,CR45697,CR45697,ncRNA,CR45697
FBgn0003513,ss,CG6993,protein_coding,spineless
FBgn0051739,AspRS-m,CG31739,protein_coding,"Aspartyl-tRNA synthetase, mitochondrial"
FBgn0053258,CG33258,CG33258,protein_coding,CG33258
FBgn0000299,Col4a1,CG4145,protein_coding,Collagen type IV alpha 1
FBgn0039137,Epp,CG13604,protein_coding,Ecdysteroid phosphate phosphatase
FBgn0033348,Spt,CG8247,protein_coding,Spitting Image
FBgn0053252,CG33252,CG33252,protein_coding,CG33252
FBgn0036179,CG7368,CG7368,protein_coding,CG7368
FBgn0037777,CG11722,CG11722,protein_coding,CG11722
FBgn0043539,Obp22a,CG31941,protein_coding,Odorant-binding protein 22a
FBgn0036314,Sf3a2,CG10754,protein_coding,Splicing factor 3a subunit 2
FBgn0052803,Ldaf1,CG32803,protein_coding,Lipid droplet assembly factor 1
FBgn0036495,CG33259,CG33259,protein_coding,CG33259
FBgn0042125,CG18787,CG18787,protein_coding,CG18787
FBgn0011933,Asn-GTT-1-4,CR30518,tRNA,Asparagine-GTT 1-4
FBgn0267149,CR45589,CR45589,ncRNA,CR45589
FBgn0037067,Cpr78Ca,CG11310,protein_coding,Cuticular protein 78Ca
FBgn0266586,CR45111,CR45111,ncRNA,CR45111
FBgn0028408,Drep2,CG1975,protein_coding,DNA fragmentation factor-related protein 2
FBgn0033751,CG8818,CG8818,protein_coding,CG8818
FBgn0037883,Dph3,CG14701,protein_coding,Diphthamide biosynthesis 3
FBgn0026164,Lys-TTT-2-3,CR31489,tRNA,Lysine-TTT 2-3
FBgn0003475,spir,CG10076,protein_coding,spire
FBgn0051874,Fum4,CG31874,protein_coding,Fumarase 4
FBgn0039419,CG12290,CG12290,protein_coding,CG12290
FBgn0034472,CG8517,CG8517,protein_coding,CG8517
FBgn0265916,CR44705,CR44705,ncRNA,CR44705
FBgn0035290,dsb,CG1887,protein_coding,debris buster
FBgn0036342,CG11279,CG11279,protein_coding,CG11279
FBgn0004185,95Ca,CR31341,snRNA,small nuclear RNA U1 at 95C a
FBgn0038733,Acsx3,CG11407,protein_coding,Acyl-CoA synthetase X3
FBgn0045980,niki,CG10951,protein_coding,nimA-like kinase
FBgn0083966,CG34130,CG34130,protein_coding,CG34130
FBgn0260764,CG42562,CG42562,protein_coding,CG42562
FBgn0036106,CG6409,CG6409,protein_coding,CG6409
FBgn0030251,CG2145,CG2145,protein_coding,CG2145
FBgn0033350,CG8237,CG8237,protein_coding,CG8237
FBgn0039855,CG1638,CG1638,protein_coding,CG1638
FBgn0034828,CG13545,CG13545,protein_coding,CG13545
FBgn0037133,CG7370,CG7370,protein_coding,CG7370
FBgn0040354,CG14418,CG14418,protein_coding,CG14418
FBgn0001624,dlg1,CG1725,protein_coding,discs large 1
FBgn0267614,CR45952,CR45952,ncRNA,CR45952
FBgn0266859,CR45320,CR45320,ncRNA,CR45320
FBgn0067783,DPCoAC,CG4241,protein_coding,Dephosphocoenzyme A carrier
FBgn0266690,CR45180,CR45180,ncRNA,CR45180
FBgn0035805,CG7506,CG7506,protein_coding,CG7506
FBgn0085384,CG34355,CG34355,protein_coding,CG34355
FBgn0034730,ppk12,CG10972,protein_coding,pickpocket 12
FBgn0266967,CR45418,CR45418,ncRNA,CR45418
FBgn0266361,CR45009,CR45009,ncRNA,CR45009
FBgn0267275,CR45711,CR45711,ncRNA,CR45711
FBgn0035983,CG4080,CG4080,protein_coding,CG4080
FBgn0262484,CG43074,CG43074,protein_coding,CG43074
FBgn0020304,drongo,CG3365,protein_coding,drongo
FBgn0026323,Tak1,CG18492,protein_coding,TGF-beta activated kinase 1
FBgn0035575,CG7509,CG7509,protein_coding,CG7509
FBgn0004607,zfh2,CG1449,protein_coding,Zn finger homeodomain 2
FBgn0038531,CG14325,CG14325,protein_coding,CG14325
FBgn0027506,EDTP,CG6542,protein_coding,Egg-derived tyrosine phosphatase
FBgn0000384,cta,CG17678,protein_coding,concertina
FBgn0265965,CR44752,CR44752,ncRNA,CR44752
FBgn0034551,CG15225,CG15225,protein_coding,CG15225
FBgn0038113,CG11668,CG11668,protein_coding,CG11668
FBgn0036032,CG16711,CG16711,protein_coding,CG16711
FBgn0267779,CR46110,CR46110,ncRNA,CR46110
FBgn0030343,ATP7,CG1886,protein_coding,ATP7
FBgn0267598,CR45936,CR45936,ncRNA,CR45936
FBgn0260657,CG42540,CG42540,protein_coding,CG42540
FBgn0028394,CG17834,CG17834,protein_coding,CG17834
FBgn0085369,Drgx,CG34340,protein_coding,Dorsal root ganglia homeobox
FBgn0259209,Mlp60A,CG42309,protein_coding,Muscle LIM protein at 60A
FBgn0051942,Arg-TCT-2-1,CR31942,tRNA,Arginine-TCT 2-1
FBgn0032140,CG13117,CG13117,protein_coding,CG13117
FBgn0266072,CR44825,CR44825,ncRNA,CR44825
FBgn0266655,CR45162,CR45162,ncRNA,CR45162
FBgn0243514,eater,CG6124,protein_coding,eater
FBgn0030816,CG16700,CG16700,protein_coding,CG16700
FBgn0037368,CG1239,CG1239,protein_coding,CG1239
FBgn0267115,CR45555,CR45555,ncRNA,CR45555
FBgn0051245,CG31245,CG31245,protein_coding,CG31245
FBgn0029716,CG3546,CG3546,protein_coding,CG3546
FBgn0029763,Usp16-45,CG4165,protein_coding,Ubiquitin specific protease 16/45
FBgn0038527,CG14324,CG14324,protein_coding,CG14324
FBgn0032934,CG8679,CG8679,protein_coding,CG8679
FBgn0031959,spz3,CG7104,protein_coding,spatzle 3
FBgn0030880,CG6788,CG6788,protein_coding,CG6788
FBgn0010387,Acbp2,CG8627,protein_coding,Acyl-CoA binding protein 2
FBgn0260428,CG42523,CG42523,protein_coding,CG42523
FBgn0250816,AGO3,CG40300,protein_coding,Argonaute 3
FBgn0051678,CG31678,CG31678,protein_coding,CG31678
FBgn0083025,Psi18S-640b,CR34574,snoRNA,Psi18S-640b
FBgn0038405,CG8927,CG8927,protein_coding,CG8927
FBgn0036624,RAF2,CG4877,protein_coding,RING-associated factor 2
FBgn0027619,eIF3j,CG12131,protein_coding,eukaryotic translation initiation factor 3 subunit j
FBgn0266452,Ctps,CG45070,protein_coding,CTP synthase
FBgn0262020,CG42831,CG42831,protein_coding,CG42831
FBgn0051675,CG31675,CG31675,protein_coding,CG31675
FBgn0287768,esg,CG3758,protein_coding,escargot
FBgn0037502,wa-cup,CG10113,protein_coding,walker cup
FBgn0259173,corn,CG42278,protein_coding,cornetto
FBgn0036717,CG13731,CG13731,protein_coding,CG13731
FBgn0047135,CG32276,CG32276,protein_coding,CG32276
FBgn0024188,san,CG12352,protein_coding,separation anxiety
FBgn0036557,mRpS31,CG5904,protein_coding,mitochondrial ribosomal protein S31
FBgn0051274,CG31274,CG31274,protein_coding,CG31274
FBgn0052452,CG32452,CG32452,protein_coding,CG32452
FBgn0034436,CG11961,CG11961,protein_coding,CG11961
FBgn0035236,Tmep,CG12004,protein_coding,Transmembrane endosomal protein
FBgn0264873,CR44064,CR44064,ncRNA,CR44064
FBgn0039491,CG6059,CG6059,protein_coding,CG6059
FBgn0266438,PIG-Z,CG45068,protein_coding,Phosphatidylinositol glycan anchor biosynthesis class Z
FBgn0036108,Cpr67Fa1,CG7941,protein_coding,Cuticular protein 67Fa1
FBgn0052569,TwdlZ,CG32569,protein_coding,TweedleZ
FBgn0004858,elB,CG4220,protein_coding,elbow B
FBgn0259245,DIP-beta,CG42343,protein_coding,Dpr-interacting protein beta
FBgn0264721,CR43989,CR43989,ncRNA,CR43989
FBgn0010294,ng2,CG14266,protein_coding,new glue 2
FBgn0085236,CG34207,CG34207,protein_coding,CG34207
FBgn0264903,CG44094,CG44094,protein_coding,CG44094
FBgn0286873,CG46395,CG46395,protein_coding,CG46395
FBgn0031871,Fgop2,CG10158,protein_coding,Fibroblast growth factor receptor 1 oncogene partner 2
FBgn0038478,cal1,CG5148,protein_coding,chromosome alignment defect 1
FBgn0267330,KdelR,CG5183,protein_coding,KDEL receptor
FBgn0036470,EAChm,CG13463,protein_coding,Enhancer of Acetyltransferase Chameau
FBgn0032513,CG6565,CG6565,protein_coding,CG6565
FBgn0037554,PolI,CG7602,protein_coding,DNA polymerase iota
FBgn0085260,CG34231,CG34231,protein_coding,CG34231
FBgn0260986,mei-38,CG14781,protein_coding,meiotic 38
FBgn0259678,sqa,CG42347,protein_coding,spaghetti-squash activator
FBgn0054057,CG34057,CG34057,protein_coding,CG34057
FBgn0266989,CR45440,CR45440,ncRNA,CR45440
FBgn0038332,CG6136,CG6136,protein_coding,CG6136
FBgn0031252,CG13690,CG13690,protein_coding,CG13690
FBgn0265163,CR44232,CR44232,ncRNA,CR44232
FBgn0036210,CG14130,CG14130,protein_coding,CG14130
FBgn0042206,GstD10,CG18548,protein_coding,Glutathione S transferase D10
FBgn0263049,let7C,CR43344,ncRNA,let-7 Complex
FBgn0035181,CG9205,CG9205,protein_coding,CG9205
FBgn0267895,CR46183,CR46183,pseudogene,CR46183
FBgn0263770,CR43687,CR43687,pseudogene,CR43687
FBgn0040965,CR13130,CR13130,ncRNA,CR13130
FBgn0050187,CG30187,CG30187,protein_coding,CG30187
FBgn0265915,CR44704,CR44704,ncRNA,CR44704
FBgn0261973,Or-CD9a,CR42804,snoRNA,CR42804
FBgn0263555,mir-4943,CR43540,ncRNA,mir-4943 stem loop
FBgn0033124,Tsp42Ec,CG12847,protein_coding,Tetraspanin 42Ec
FBgn0015838,Vang,CG8075,protein_coding,Van Gogh
FBgn0024432,Dlc90F,CG12363,protein_coding,Dynein light chain 90F
FBgn0035012,CG13590,CG13590,protein_coding,CG13590
FBgn0082979,Psi28S-3091a,CR34610,snoRNA,Psi28S-3091a
FBgn0264395,CG43843,CG43843,protein_coding,CG43843
FBgn0262362,CG43060,CG43060,protein_coding,CG43060
FBgn0011889,Lys-CTT-1-2,CR30517,tRNA,Lysine-CTT 1-2
FBgn0037809,CG12818,CG12818,protein_coding,CG12818
FBgn0036696,Pop5,CG14057,protein_coding,POP5 ribonuclease P/MRP subunit
FBgn0265943,CR44730,CR44730,ncRNA,CR44730
FBgn0086908,egg,CG12196,protein_coding,eggless
FBgn0283426,acal,CR46278,ncRNA,acal
FBgn0037850,CG14695,CG14695,protein_coding,CG14695
FBgn0053013,CR33013,CR33013,pseudogene,CR33013
FBgn0262395,mir-12,CR42932,ncRNA,mir-12 stem loop
FBgn0051463,CG31463,CG31463,protein_coding,CG31463
FBgn0038665,euc,CG12269,protein_coding,eucalyptus
FBgn0039077,CG17380,CG17380,protein_coding,CG17380
FBgn0262018,CadN2,CG42829,protein_coding,Cadherin-N2
FBgn0264505,CR43904,CR43904,ncRNA,CR43904
FBgn0262794,CG43175,CG43175,protein_coding,CG43175
FBgn0266145,CR44851,CR44851,ncRNA,CR44851
FBgn0050280,CG30280,CG30280,protein_coding,CG30280
FBgn0036043,Ae2,CG8177,protein_coding,Anion exchanger 2
FBgn0035484,CG11594,CG11594,protein_coding,CG11594
FBgn0051004,mesh,CG31004,protein_coding,mesh
FBgn0036574,elg1,CG16838,protein_coding,enhanced level of genomic instability 1
FBgn0035336,CG9004,CG9004,protein_coding,CG9004
FBgn0267662,CR46000,CR46000,ncRNA,CR46000
FBgn0267167,CR45607,CR45607,ncRNA,CR45607
FBgn0030204,Or9a,CG15302,protein_coding,Odorant receptor 9a
FBgn0038315,CG14866,CG14866,protein_coding,CG14866
FBgn0014092,CG4278,CG4278,protein_coding,CG4278
FBgn0288856,peo,CG46338,protein_coding,pendolino
FBgn0033728,Cpr49Ae,CG8505,protein_coding,Cuticular protein 49Ae
FBgn0267483,CR45833,CR45833,ncRNA,CR45833
FBgn0030877,Arp8,CG7846,protein_coding,Actin-related protein 8
FBgn0040010,CG17493,CG17493,protein_coding,CG17493
FBgn0263399,CG43445,CG43445,protein_coding,CG43445
FBgn0039440,TwdlJ,CG5471,protein_coding,TweedleJ
FBgn0053105,p24-2,CG33105,protein_coding,p24-related-2
FBgn0033580,CG13231,CG13231,protein_coding,CG13231
FBgn0029702,CG15572,CG15572,protein_coding,CG15572
FBgn0036497,Ran-like,CG7815,protein_coding,Ran-like
FBgn0050121,CR30121,CR30121,ncRNA,CR30121
FBgn0037652,CG11980,CG11980,protein_coding,CG11980
FBgn0033265,coil,CG8710,protein_coding,coilin
FBgn0067622,LSm-4,CG33677,protein_coding,Like Sm protein 4
FBgn0264957,CR44126,CR44126,ncRNA,CR44126
FBgn0020392,Nmt,CG7436,protein_coding,N-myristoyl transferase
FBgn0000490,dpp,CG9885,protein_coding,decapentaplegic
FBgn0052188,CG32188,CG32188,protein_coding,CG32188
FBgn0262967,CR43278,CR43278,ncRNA,CR43278
FBgn0038504,Sur-8,CG5407,protein_coding,Sur-8
FBgn0266328,CR44993,CR44993,ncRNA,CR44993
FBgn0037622,CG8202,CG8202,protein_coding,CG8202
FBgn0086134,Prosalpha2,CG5266,protein_coding,Proteasome alpha2 subunit
FBgn0085443,spri,CG34414,protein_coding,sprint
FBgn0264790,CR44020,CR44020,ncRNA,CR44020
FBgn0022699,D19B,CG10270,protein_coding,D19B
FBgn0023181,Orc4,CG2917,protein_coding,Origin recognition complex subunit 4
FBgn0035577,CG13708,CG13708,protein_coding,CG13708
FBgn0263219,Dscam4,CG42330,protein_coding,Down syndrome cell adhesion molecule 4
FBgn0034440,CG10073,CG10073,protein_coding,CG10073
FBgn0267073,CR45517,CR45517,ncRNA,CR45517
FBgn0050077,Blos1,CG30077,protein_coding,"Biogenesis of lysosome-related organelles complex 1, subunit 1"
FBgn0036254,CG5645,CG5645,protein_coding,CG5645
FBgn0010222,Nmdmc,CG18466,protein_coding,NAD-dependent methylenetetrahydrofolate dehydrogenase
FBgn0033215,Dgat2,CG1942,protein_coding,Diacylglycerol O-acyltransferase 2
FBgn0036906,CG14102,CG14102,protein_coding,CG14102
FBgn0053888,CG33888,CG33888,protein_coding,CG33888
FBgn0028471,Nab2,CG5720,protein_coding,Nuclear polyadenosine RNA-binding 2
FBgn0061188,Yu,CR42645,ncRNA,Yu
FBgn0037065,CG12974,CG12974,protein_coding,CG12974
FBgn0262530,CG43084,CG43084,protein_coding,CG43084
FBgn0264360,CR43812,CR43812,ncRNA,CR43812
FBgn0030664,CG8119,CG8119,protein_coding,CG8119
FBgn0028996,onecut,CG1922,protein_coding,onecut
FBgn0052704,Ir8a,CG32704,protein_coding,Ionotropic receptor 8a
FBgn0036094,CG14153,CG14153,protein_coding,CG14153
FBgn0265675,CR44482,CR44482,ncRNA,CR44482
FBgn0031275,GABA-B-R3,CG3022,protein_coding,metabotropic GABA-B receptor subtype 3
FBgn0020269,mspo,CG10145,protein_coding,M-spondin
FBgn0014388,sty,CG1921,protein_coding,sprouty
FBgn0011977,Ser-CGA-1-3,CR32608,tRNA,Serine-CGA 1-3
FBgn0003747,Gr5a,CG15779,protein_coding,Gustatory receptor 5a
FBgn0000183,BicD,CG6605,protein_coding,Bicaudal D
FBgn0037465,CG1105,CG1105,protein_coding,CG1105
FBgn0288966,Med,CG1775,protein_coding,Medea
FBgn0033272,RagC-D,CG8707,protein_coding,Ras-related GTP binding C/D
FBgn0037068,Cpr78Cb,CG7663,protein_coding,Cuticular protein 78Cb
FBgn0025777,homer,CG11324,protein_coding,homer
FBgn0266955,CR45406,CR45406,ncRNA,CR45406
FBgn0033170,sPLA2,CG11124,protein_coding,secretory Phospholipase A2
FBgn0038739,CG4686,CG4686,protein_coding,CG4686
FBgn0035499,Chd64,CG14996,protein_coding,Chd64
FBgn0033382,Hydr1,CG8058,protein_coding,alpha/beta hydrolase 1
FBgn0037224,TwdlF,CG14639,protein_coding,TweedleF
FBgn0031497,SerRS,CG17259,protein_coding,Seryl-tRNA synthetase
FBgn0030005,CG2120,CG2120,protein_coding,CG2120
FBgn0032663,CG15153,CG15153,protein_coding,CG15153
FBgn0035328,yellow-g2,CG13804,protein_coding,yellow-g2
FBgn0032193,CG5727,CG5727,protein_coding,CG5727
FBgn0083024,Psi18S-640c,CR34576,snoRNA,Psi18S-640c
FBgn0051682,Tengl1,CG31682,protein_coding,Testis EndoG-Like 1
FBgn0033129,Tsp42Eh,CG12844,protein_coding,Tetraspanin 42Eh
FBgn0264500,CR43899,CR43899,ncRNA,CR43899
FBgn0036000,CG3434,CG3434,protein_coding,CG3434
FBgn0050295,Ipk1,CG30295,protein_coding,Inositol phosphate kinase 1
FBgn0288976,Dnaaf5,CG31320,protein_coding,Dynein axonemal assembly factor 5
FBgn0261566,CG42680,CG42680,protein_coding,CG42680
FBgn0267062,CR45506,CR45506,ncRNA,CR45506
FBgn0035141,Cypl,CG13892,protein_coding,Cyclophilin-like
FBgn0030994,HP1D3csd,CG14193,protein_coding,Heterochromatin Protein 1D3 chromoshadow domain
FBgn0036008,CG3408,CG3408,protein_coding,CG3408
FBgn0035009,CG16837,CG16837,protein_coding,CG16837
FBgn0034109,CG7747,CG7747,protein_coding,CG7747
FBgn0265791,CR44580,CR44580,ncRNA,CR44580
FBgn0030683,Mvd,CG8239,protein_coding,Mevalonate diphosphate decarboxylase
FBgn0262187,mir-970,CR42894,ncRNA,mir-970 stem loop
FBgn0038819,Cpr92F,CG5494,protein_coding,Cuticular protein 92F
FBgn0083006,Psi28S-1153,CR34531,snoRNA,Psi28S-1153
FBgn0030234,CG15211,CG15211,protein_coding,CG15211
FBgn0031406,Send1,CG17012,protein_coding,Spermathecal endopeptidase 1
FBgn0045852,ham,CG31753,protein_coding,hamlet
FBgn0264887,CR44078,CR44078,ncRNA,CR44078
FBgn0001229,Hsp67Bc,CG4190,protein_coding,Heat shock gene 67Bc
FBgn0045474,Gr77a,CG32433,protein_coding,Gustatory receptor 77a
FBgn0031010,CG8028,CG8028,protein_coding,CG8028
FBgn0032404,RpL7-like,CG5317,protein_coding,Ribosomal protein L7-like
FBgn0040318,HGTX,CG13475,protein_coding,HGTX
FBgn0262385,mir-307a,CR42913,ncRNA,mir-307a stem loop
FBgn0053244,CG33244,CG33244,protein_coding,CG33244
FBgn0038855,Tbc1d22,CG5745,protein_coding,TBC1 domain family member 22
FBgn0032535,Ance-2,CG16869,protein_coding,Ance-2
FBgn0001090,bnb,CG7088,protein_coding,bangles and beads
FBgn0283562,mir-9383,CR46296,ncRNA,mir-9383 stem loop
FBgn0263395,hppy,CG7097,protein_coding,happyhour
FBgn0267536,CR45876,CR45876,ncRNA,CR45876
FBgn0036168,CG7512,CG7512,protein_coding,CG7512
FBgn0034307,CG10914,CG10914,protein_coding,CG10914
FBgn0265704,CR44511,CR44511,ncRNA,CR44511
FBgn0015582,dare,CG12390,protein_coding,defective in the avoidance of repellents
FBgn0262791,CG43172,CG43172,protein_coding,CG43172
FBgn0283651,CG46301,CG46301,protein_coding,CG46301
FBgn0033069,eIF3f2,CG8335,protein_coding,eukaryotic translation initiation factor 3 subunit f2
FBgn0034360,CG10927,CG10927,protein_coding,CG10927
FBgn0032511,ND-B22,CG9306,protein_coding,NADH dehydrogenase (ubiquinone) B22 subunit
FBgn0265449,CR44349,CR44349,ncRNA,CR44349
FBgn0051955,CG31955,CG31955,protein_coding,CG31955
FBgn0038115,CG7966,CG7966,protein_coding,CG7966
FBgn0038769,Regnase-1,CG10889,protein_coding,Regnase 1
FBgn0034737,CG11362,CG11362,protein_coding,CG11362
FBgn0263741,CG43666,CG43666,protein_coding,CG43666
FBgn0029854,CG3566,CG3566,protein_coding,CG3566
FBgn0034854,Golgin245,CG3493,protein_coding,Golgin-245
FBgn0036638,CG13033,CG13033,protein_coding,CG13033
FBgn0023096,btv,CG15148,protein_coding,beethoven
FBgn0037163,laza,CG11440,protein_coding,lazaro
FBgn0262962,CG43273,CG43273,protein_coding,CG43273
FBgn0265682,CR44489,CR44489,ncRNA,CR44489
FBgn0086129,snama,CG3231,protein_coding,something that sticks like glue
FBgn0262996,CR43304,CR43304,ncRNA,CR43304
FBgn0015376,cutlet,CG33122,protein_coding,cutlet
FBgn0015773,NetA,CG18657,protein_coding,Netrin-A
FBgn0028889,Leu-TAA-3-1,CR31831,tRNA,Leucine-TAA 3-1
FBgn0013983,imd,CG5576,protein_coding,immune deficiency
FBgn0010309,pigeon,CG10739,protein_coding,pigeon
FBgn0053375,CR33375,CR33375,rRNA,CR33375
FBgn0053422,CR33422,CR33422,rRNA,CR33422
FBgn0033072,CG17994,CG17994,protein_coding,CG17994
FBgn0025742,mtm,CG9115,protein_coding,myotubularin
FBgn0264487,CG43895,CG43895,protein_coding,CG43895
FBgn0023023,CRMP,CG1411,protein_coding,Collapsin Response Mediator Protein
FBgn0038248,CG7886,CG7886,protein_coding,CG7886
FBgn0265891,CR44680,CR44680,ncRNA,CR44680
FBgn0034145,CG5065,CG5065,protein_coding,CG5065
FBgn0011283,Obp28a,CG6641,protein_coding,Odorant-binding protein 28a
FBgn0261840,pre-mod(mdg4)-X,CG42772,protein_coding,CG42772
FBgn0050073,Obp50b,CG30073,protein_coding,Odorant-binding protein 50b
FBgn0263325,CR43406,CR43406,ncRNA,CR43406
FBgn0039741,CG7943,CG7943,protein_coding,CG7943
FBgn0031728,Hsp60C,CG7235,protein_coding,Heat shock protein 60C
FBgn0085397,Fili,CG34368,protein_coding,Fish-lips
FBgn0037565,CG9626,CG9626,protein_coding,CG9626
FBgn0034283,CG14492,CG14492,protein_coding,CG14492
FBgn0265593,CR44420,CR44420,ncRNA,CR44420
FBgn0265083,CG44194,CG44194,protein_coding,CG44194
FBgn0004956,upd1,CG5993,protein_coding,unpaired 1
FBgn0263845,CR43706,CR43706,ncRNA,CR43706
FBgn0041630,Hexo1,CG1318,protein_coding,Hexosaminidase 1
FBgn0265623,Su(z)2,CG3905,protein_coding,Suppressor of zeste 2
FBgn0037039,CG10587,CG10587,protein_coding,CG10587
FBgn0000564,Eh,CG5400,protein_coding,Eclosion hormone
FBgn0086708,stv,CG32130,protein_coding,starvin
FBgn0053824,CG33824,CG33824,protein_coding,CG33824
FBgn0267554,CR45894,CR45894,ncRNA,CR45894
FBgn0263657,CR43648,CR43648,ncRNA,CR43648
FBgn0015799,Rbf,CG7413,protein_coding,Retinoblastoma-family protein
FBgn0037574,Coq2,CG9613,protein_coding,Coenzyme Q biosynthesis protein 2
FBgn0001099,gdl,CG33756,protein_coding,gonadal
FBgn0033778,Balat,CG3790,protein_coding,Beta-alanine transporter
FBgn0086655,jing,CG9397,protein_coding,jing
FBgn0262786,CG43167,CG43167,protein_coding,CG43167
FBgn0036203,Muc68D,CG6004,protein_coding,Mucin 68D
FBgn0000152,Axs,CG9703,protein_coding,Abnormal X segregation
FBgn0004584,Rrp1,CG3178,protein_coding,Recombination repair protein 1
FBgn0266733,CR45206,CR45206,ncRNA,CR45206
FBgn0003261,Rm62,CG10279,protein_coding,Rm62
FBgn0050051,Tmem18,CG30051,protein_coding,Transmembrane protein 18
FBgn0052190,NUCB1,CG32190,protein_coding,Nucleobindin 1
FBgn0261954,east,CG4399,protein_coding,enhanced adult sensory threshold
FBgn0051573,Pro-TGG-1-3,CR31573,tRNA,Proline-TGG 1-3
FBgn0085200,CG34171,CG34171,protein_coding,CG34171
FBgn0266236,CR44931,CR44931,ncRNA,CR44931
FBgn0263522,mir-4982,CR43507,ncRNA,mir-4982 stem loop
FBgn0037669,Ibf2,CG9740,protein_coding,Insulator binding factor 2
FBgn0267206,CR45646,CR45646,ncRNA,CR45646
FBgn0030699,CG8578,CG8578,protein_coding,CG8578
FBgn0085350,inaF-C,CG34321,protein_coding,inaF-C
FBgn0263665,CR43656,CR43656,ncRNA,CR43656
FBgn0283551,mir-9378,CR46285,ncRNA,mir-9378 stem loop
FBgn0036818,CG14074,CG14074,protein_coding,CG14074
FBgn0264442,ab,CG43860,protein_coding,abrupt
FBgn0262420,mir-318,CR42971,ncRNA,mir-318 stem loop
FBgn0023527,CG3071,CG3071,protein_coding,CG3071
FBgn0267218,CR45658,CR45658,ncRNA,CR45658
FBgn0030731,Mfe2,CG3415,protein_coding,peroxisomal Multifunctional enzyme type 2
FBgn0053880,CG33880,CG33880,protein_coding,CG33880
FBgn0046253,CG3502,CG3502,protein_coding,CG3502
FBgn0051693,CG31693,CG31693,protein_coding,CG31693
FBgn0083015,Psi18S-920,CR34641,snoRNA,Psi18S-920
FBgn0044011,Spn43Ad,CG1859,protein_coding,Serpin 43Ad
FBgn0262595,CheA56a,CG33724,protein_coding,Chemosensory protein A 56a
FBgn0039200,CG13616,CG13616,protein_coding,CG13616
FBgn0051229,CG31229,CG31229,protein_coding,CG31229
FBgn0039473,CG17191,CG17191,protein_coding,CG17191
FBgn0052446,Atox1,CG32446,protein_coding,Antioxidant 1 copper chaperone
FBgn0011862,Gly-GCC-1-4,CR31977,tRNA,Glycine-GCC 1-4
FBgn0046294,CG12699,CG12699,protein_coding,CG12699
FBgn0034059,CG8320,CG8320,protein_coding,CG8320
FBgn0033971,CG10209,CG10209,protein_coding,CG10209
FBgn0250867,CG42238,CG42238,protein_coding,CG42238
FBgn0039804,CG15544,CG15544,protein_coding,CG15544
FBgn0003345,sd,CG8544,protein_coding,scalloped
FBgn0010389,htl,CG7223,protein_coding,heartless
FBgn0259926,CG42449,CG42449,protein_coding,CG42449
FBgn0267800,CR46125,CR46125,ncRNA,CR46125
FBgn0022338,dnk,CG5452,protein_coding,deoxyribonucleoside kinase
FBgn0000303,ChAT,CG12345,protein_coding,Choline acetyltransferase
FBgn0034084,CG8435,CG8435,protein_coding,CG8435
FBgn0285991,CR18854,CR18854,ncRNA,CR18854
FBgn0035782,CG14835,CG14835,protein_coding,CG14835
FBgn0263852,Dad1,CG13393,protein_coding,Defender against apoptotic cell death 1
FBgn0011949,Arg-TCG-3-2,CR32620,tRNA,Arginine-TCG 3-2
FBgn0086027,Me18S-C1968,CR34656,snoRNA,CR34656
FBgn0038868,Ddrgk1,CG5862,protein_coding,DDRGK domain containing 1
FBgn0030645,Alg14,CG6308,protein_coding,"ALG14, UDP-N-acetylglucosaminyltransferase subunit"
FBgn0035730,CG17744,CG17744,protein_coding,CG17744
FBgn0267655,CR45993,CR45993,ncRNA,CR45993
FBgn0011259,Sema1a,CG18405,protein_coding,Semaphorin 1a
FBgn0036327,CG10748,CG10748,protein_coding,CG10748
FBgn0033159,Dscam1,CG17800,protein_coding,Down syndrome cell adhesion molecule 1
FBgn0266449,Kr-h2,CG9159,protein_coding,Kruppel homolog 2
FBgn0266904,CR45364,CR45364,ncRNA,CR45364
FBgn0262567,CG43107,CG43107,protein_coding,CG43107
FBgn0000565,MsrA,CG7266,protein_coding,Methionine sulfoxide reductase A
FBgn0032266,CG18302,CG18302,protein_coding,CG18302
FBgn0267626,CR45964,CR45964,ncRNA,CR45964
FBgn0266782,CR45247,CR45247,ncRNA,CR45247
FBgn0032130,brwl,CG3838,protein_coding,brickwall
FBgn0024236,foi,CG6817,protein_coding,fear-of-intimacy
FBgn0037548,CG7900,CG7900,protein_coding,CG7900
FBgn0029818,GAA1,CG3033,protein_coding,Glycosylphosphatidylinositol anchor attachment 1
FBgn0031277,CG13947,CG13947,protein_coding,CG13947
FBgn0261853,CG42782,CG42782,protein_coding,CG42782
FBgn0262146,MtnE,CG42872,protein_coding,Metallothionein E
FBgn0039049,CG6726,CG6726,protein_coding,CG6726
FBgn0002534,Lcp3,CG2043,protein_coding,Larval cuticle protein 3
FBgn0031829,IFT52,CG9595,protein_coding,Intraflagellar transport 52
FBgn0030298,Or10a,CG17867,protein_coding,Odorant receptor 10a
FBgn0051390,MED7,CG31390,protein_coding,Mediator complex subunit 7
FBgn0262163,betaNACtes5,CR42877,pseudogene,"Nascent-associated complex beta-subunit-like, testis 5"
FBgn0260873,CG42583,CG42583,protein_coding,CG42583
FBgn0264986,CR44137,CR44137,ncRNA,CR44137
FBgn0000463,Delta,CG3619,protein_coding,Delta
FBgn0025615,Torsin,CG3024,protein_coding,Torsin
FBgn0038741,CG17186,CG17186,protein_coding,CG17186
FBgn0052073,CG32073,CG32073,protein_coding,CG32073
FBgn0262563,CG43103,CG43103,protein_coding,CG43103
FBgn0029907,Atx-1,CG4547,protein_coding,Ataxin 1
FBgn0037979,GCC185,CG3532,protein_coding,GRIP and coiled-coil domain containing 185 kDa
FBgn0037165,CG11437,CG11437,protein_coding,CG11437
FBgn0033122,CG17002,CG17002,protein_coding,CG17002
FBgn0266407,CR45047,CR45047,ncRNA,CR45047
FBgn0027378,MRG15,CG6363,protein_coding,MORF-related gene 15
FBgn0262716,Arp3,CG7558,protein_coding,Actin-related protein 3
FBgn0262263,mir-969,CR42970,ncRNA,mir-969 stem loop
FBgn0026199,myo,CG1838,protein_coding,myoglianin
FBgn0261932,CG42798,CG42798,protein_coding,CG42798
FBgn0025641,DAAM,CG14622,protein_coding,Dishevelled Associated Activator of Morphogenesis
FBgn0259216,RhoGAP102A,CG42316,protein_coding,Rho GTPase activating protein at 102A
FBgn0038536,CG7655,CG7655,protein_coding,CG7655
FBgn0037862,mAcon2,CG4706,protein_coding,Mitochondrial aconitase 2
FBgn0265264,CG17097,CG17097,protein_coding,CG17097
FBgn0032431,CG5435,CG5435,protein_coding,CG5435
FBgn0260860,Bet5,CG1359,protein_coding,Blocked early in transport 5
FBgn0026320,Tom,CG5185,protein_coding,Twin of m4
FBgn0265638,CR44445,CR44445,ncRNA,CR44445
FBgn0035491,Dpy-30L2,CG11591,protein_coding,Dpy-30-like 2
FBgn0038437,Sdhaf3,CG14898,protein_coding,Succinate dehydrogenase assembly factor 3
FBgn0010263,Rbp9,CG3151,protein_coding,RNA-binding protein 9
FBgn0262539,CG43093,CG43093,protein_coding,CG43093
FBgn0035131,mthl9,CG17084,protein_coding,methuselah-like 9
FBgn0038735,MICU3,CG4662,protein_coding,Mitochondrial calcium uptake 3
FBgn0034247,CG6484,CG6484,protein_coding,CG6484
FBgn0026754,Ugt37C1,CG8652,protein_coding,UDP-glycosyltransferase family 37 member C1
FBgn0266598,Kmn2,CG42550,protein_coding,kinetochore Mis12-Ndc80 network component 2
FBgn0037350,Dph4,CG2911,protein_coding,Diphthamide biosynthesis 4
FBgn0038235,CG8461,CG8461,protein_coding,CG8461
FBgn0003450,snk,CG7996,protein_coding,snake
FBgn0020248,stet,CG33166,protein_coding,stem cell tumor
FBgn0086912,mbm,CG11604,protein_coding,mushroom body miniature
FBgn0283428,CR46271,CR46271,ncRNA,CR46271
FBgn0259481,Mob2,CG11711,protein_coding,Mob2
FBgn0032613,Nepl9,CG13283,protein_coding,Neprilysin-like 9
FBgn0037715,CG9399,CG9399,protein_coding,CG9399
FBgn0266619,CR45126,CR45126,ncRNA,CR45126
FBgn0261061,Sfp96F,CG42609,protein_coding,Seminal fluid protein 96F
FBgn0033131,CR12842,CR12842,pseudogene,CR12842
FBgn0033876,Syngr,CG10808,protein_coding,Synaptogyrin
FBgn0034624,CG17974,CG17974,protein_coding,CG17974
FBgn0265961,CR44748,CR44748,ncRNA,CR44748
FBgn0261627,CG42710,CG42710,protein_coding,CG42710
FBgn0267885,CR46173,CR46173,pseudogene,CR46173
FBgn0043550,Tsp68C,CG32136,protein_coding,Tetraspanin 68C
FBgn0266982,CR45433,CR45433,ncRNA,CR45433
FBgn0264381,CR43833,CR43833,ncRNA,CR43833
FBgn0287423,Nplp2,CG11051,protein_coding,Neuropeptide-like precursor 2
FBgn0267058,CR45502,CR45502,ncRNA,CR45502
FBgn0036083,Ir67b,CG12303,protein_coding,Ionotropic receptor 67b
FBgn0031725,DIP-eta,CG14010,protein_coding,Dpr-interacting protein eta
FBgn0262588,CG43125,CG43125,protein_coding,CG43125
FBgn0040063,yip3,CG13549,protein_coding,yippee interacting protein 3
FBgn0265824,CR44613,CR44613,ncRNA,CR44613
FBgn0000625,eyg,CG10488,protein_coding,eyegone
FBgn0032748,CG10492,CG10492,protein_coding,CG10492
FBgn0022942,Cbp80,CG7035,protein_coding,cap binding protein 80
FBgn0003979,Vm26Aa,CG9048,protein_coding,Vitelline membrane 26Aa
FBgn0015033,Cyp4d8,CG4321,protein_coding,Cytochrome P450 4d8
FBgn0263333,CR43414,CR43414,ncRNA,CR43414
FBgn0031279,CG3544,CG3544,protein_coding,CG3544
FBgn0004552,Akh,CG1171,protein_coding,Adipokinetic hormone
FBgn0082975,Psi28S-3305b,CR34622,snoRNA,Psi28S-3305b
FBgn0031327,CG5397,CG5397,protein_coding,CG5397
FBgn0034299,CG5757,CG5757,protein_coding,CG5757
FBgn0024366,CG11409,CG11409,protein_coding,CG11409
FBgn0034394,CG15096,CG15096,protein_coding,CG15096
FBgn0037114,Cpr78E,CG7160,protein_coding,Cuticular protein 78E
FBgn0039376,CG14354,CG14354,protein_coding,CG14354
FBgn0265370,CR44311,CR44311,ncRNA,CR44311
FBgn0053396,CR33396,CR33396,rRNA,CR33396
FBgn0259200,CG42304,CG42304,protein_coding,CG42304
FBgn0265838,CR44627,CR44627,ncRNA,CR44627
FBgn0265546,CR44396,CR44396,ncRNA,CR44396
FBgn0050067,Obp50a,CG30067,protein_coding,Odorant-binding protein 50a
FBgn0010473,tutl,CG15427,protein_coding,turtle
FBgn0052286,Cys-GCA-1-4,CR32286,tRNA,Cysteine-GCA 1-4
FBgn0069242,eca,CG33104,protein_coding,eclair
FBgn0025111,Ant2,CG1683,protein_coding,Adenine nucleotide translocase 2
FBgn0033437,CG12926,CG12926,protein_coding,CG12926
FBgn0031888,Pvf2,CG13780,protein_coding,PDGF- and VEGF-related factor 2
FBgn0030855,CG5800,CG5800,protein_coding,CG5800
FBgn0030040,CG15347,CG15347,protein_coding,CG15347
FBgn0266521,stai,CG31641,protein_coding,stathmin
FBgn0053847,CG33847,CG33847,protein_coding,CG33847
FBgn0035591,CG4611,CG4611,protein_coding,CG4611
FBgn0038912,CG6656,CG6656,protein_coding,CG6656
FBgn0030543,CG11585,CG11585,protein_coding,CG11585
FBgn0038931,CG13407,CG13407,protein_coding,CG13407
FBgn0263109,CG43366,CG43366,protein_coding,CG43366
FBgn0260972,alc,CG8057,protein_coding,alicorn
FBgn0034243,Ns2,CG6501,protein_coding,Nucleostemin 2
FBgn0267714,CR46047,CR46047,ncRNA,CR46047
FBgn0265635,CR44442,CR44442,ncRNA,CR44442
FBgn0037581,CG7352,CG7352,protein_coding,CG7352
FBgn0264742,CG44000,CG44000,protein_coding,CG44000
FBgn0031023,CG14200,CG14200,protein_coding,CG14200
FBgn0025874,Meics,CG8474,protein_coding,Meiotic central spindle
FBgn0046776,CR14033,CR14033,pseudogene,CR14033
FBgn0038751,CG4770,CG4770,protein_coding,CG4770
FBgn0259215,Ir93a,CG42315,protein_coding,Ionotropic receptor 93a
FBgn0035703,Bulli,CG8270,protein_coding,Bulli
FBgn0032487,Ski6,CG15481,protein_coding,Ski6
FBgn0027364,Six4,CG3871,protein_coding,Six4
FBgn0038439,Cad89D,CG14900,protein_coding,Cadherin 89D
FBgn0024510,dlt,CG32315,protein_coding,discs lost
FBgn0265188,CG44253,CG44253,protein_coding,CG44253
FBgn0264371,CR43823,CR43823,ncRNA,CR43823
FBgn0039925,Kif3C,CG17461,protein_coding,Kinesin family member 3C
FBgn0267976,Tim23,CG40042,protein_coding,Translocase of inner mitochondrial membrane 23
FBgn0267186,CR45626,CR45626,ncRNA,CR45626
FBgn0263659,CR43650,CR43650,ncRNA,CR43650
FBgn0028658,Adat1,CG16889,protein_coding,"Adenosine deaminase, tRNA-specific 1"
FBgn0032243,Klp31E,CG5300,protein_coding,Kinesin-like protein at 31E
FBgn0039343,CG5111,CG5111,protein_coding,CG5111
FBgn0039630,CG11843,CG11843,protein_coding,CG11843
FBgn0051949,CG31949,CG31949,protein_coding,CG31949
FBgn0033354,FANCI,CG13745,protein_coding,Fanconi anemia complementation group I
FBgn0035049,Mmp1,CG4859,protein_coding,Matrix metalloproteinase 1
FBgn0038566,bard,CG14317,protein_coding,bard
FBgn0031773,Fbw5,CG9144,protein_coding,F-box and WD repeat domain containing 5
FBgn0003076,Pgm1,CG5165,protein_coding,Phosphoglucose mutase 1
FBgn0023000,mth,CG6936,protein_coding,methuselah
FBgn0010339,128up,CG8340,protein_coding,upstream of RpIII128
FBgn0265665,CR44472,CR44472,ncRNA,CR44472
FBgn0053796,CG33796,CG33796,protein_coding,CG33796
FBgn0023521,CG3587,CG3587,protein_coding,CG3587
FBgn0261832,CG42764,CG42764,protein_coding,CG42764
FBgn0260776,CG42570,CG42570,protein_coding,CG42570
FBgn0266164,CR44870,CR44870,ncRNA,CR44870
FBgn0262740,Evi5,CG11727,protein_coding,Ecotropic viral integration site 5
FBgn0261267,CG42615,CG42615,protein_coding,CG42615
FBgn0032876,Cen,CG1962,protein_coding,Centrocortin
FBgn0265448,CR44348,CR44348,ncRNA,CR44348
FBgn0035179,aln,CG12038,protein_coding,allnighter
FBgn0030518,CG11134,CG11134,protein_coding,CG11134
FBgn0036298,nst,CG10627,protein_coding,nesthocker
FBgn0267795,Frl,CG32138,protein_coding,Formin-like
FBgn0032803,CG13082,CG13082,protein_coding,CG13082
FBgn0038012,CG10013,CG10013,protein_coding,CG10013
FBgn0261514,NimA,CG42282,protein_coding,Nimrod A
FBgn0038749,Xport-A,CG4468,protein_coding,exit protein of rhodopsin and TRP A
FBgn0039490,CG5882,CG5882,protein_coding,CG5882
FBgn0037234,CG9795,CG9795,protein_coding,CG9795
FBgn0286932,CG46429,CG46429,protein_coding,CG46429
FBgn0038470,CG18213,CG18213,protein_coding,CG18213
FBgn0029105,alpha-Catr,CG2987,protein_coding,alpha-catenin related
FBgn0026403,Ndg,CG12908,protein_coding,Nidogen
FBgn0051632,sens-2,CG31632,protein_coding,senseless-2
FBgn0035280,Cpr62Bb,CG13935,protein_coding,Cuticular protein 62Bb
FBgn0063127,CR33938,CR33938,ncRNA,CR33938
FBgn0263830,CG40486,CG40486,protein_coding,CG40486
FBgn0267417,CG45770,CG45770,protein_coding,CG45770
FBgn0037282,CG14657,CG14657,protein_coding,CG14657
FBgn0050480,CG30480,CG30480,protein_coding,CG30480
FBgn0032343,Idua,CG6201,protein_coding,alpha-L-iduronidase
FBgn0261437,CSN8,CG42522,protein_coding,COP9 signalosome subunit 8
FBgn0053887,CG33887,CG33887,protein_coding,CG33887
FBgn0032882,Ns4,CG9320,protein_coding,Nucleostemin 4
FBgn0027335,Rip11,CG6606,protein_coding,Rab11 interacting protein
FBgn0039478,Nep5,CG6265,protein_coding,Neprilysin 5
FBgn0053986,CG33986,CG33986,protein_coding,CG33986
FBgn0052797,CG32797,CG32797,protein_coding,CG32797
FBgn0039170,CG13609,CG13609,protein_coding,CG13609
FBgn0036532,CG13445,CG13445,protein_coding,CG13445
FBgn0052675,Tango5,CG32675,protein_coding,Transport and Golgi organization 5
FBgn0262009,CG42827,CG42827,protein_coding,CG42827
FBgn0266100,CG44837,CG44837,protein_coding,CG44837
FBgn0037363,Atg17,CG1347,protein_coding,Autophagy-related 17
FBgn0038122,CG8138,CG8138,protein_coding,CG8138
FBgn0260008,UQCR-11,CG41623,protein_coding,Ubiquinol-cytochrome c reductase 11 kDa subunit
FBgn0011938,Asn-GTT-1-1,CR30513,tRNA,Asparagine-GTT 1-1
FBgn0026179,siz,CG32434,protein_coding,schizo
FBgn0040487,BobA,CG12487,protein_coding,Brother of Bearded A
FBgn0036553,CG17027,CG17027,protein_coding,CG17027
FBgn0032318,CG14072,CG14072,protein_coding,CG14072
FBgn0032224,Sps2,CG5025,protein_coding,Selenophosphate synthetase 2
FBgn0015336,CG15865,CG15865,protein_coding,CG15865
FBgn0010548,Aldh-III,CG11140,protein_coding,Aldehyde dehydrogenase type III
FBgn0265854,CR44643,CR44643,ncRNA,CR44643
FBgn0263572,mir-4981,CR43557,ncRNA,mir-4981 stem loop
FBgn0032143,CG4017,CG4017,protein_coding,CG4017
FBgn0262424,mir-10,CR42977,ncRNA,mir-10 stem loop
FBgn0031718,CG14014,CG14014,protein_coding,CG14014
FBgn0267641,CR45979,CR45979,ncRNA,CR45979
FBgn0040817,CG14132,CG14132,protein_coding,CG14132
FBgn0026197,noe,CR32172,ncRNA,noe
FBgn0262846,CG43210,CG43210,protein_coding,CG43210
FBgn0051097,CG31097,CG31097,protein_coding,CG31097
FBgn0053815,CG33815,CG33815,protein_coding,CG33815
FBgn0266843,CR45305,CR45305,ncRNA,CR45305
FBgn0032195,Bcs1,CG4908,protein_coding,Bcs1 chaperone
FBgn0036082,CG12362,CG12362,protein_coding,CG12362
FBgn0033296,Mal-A7,CG11669,protein_coding,Maltase A7
FBgn0033353,BaraB,CG13749,protein_coding,Baramicin B
FBgn0051098,CG31098,CG31098,protein_coding,CG31098
FBgn0052732,Setd3,CG32732,protein_coding,SET domain containing 3
FBgn0265678,CR44485,CR44485,ncRNA,CR44485
FBgn0250785,vari,CG9326,protein_coding,varicose
FBgn0262743,Fs(2)Ket,CG2637,protein_coding,Female sterile (2) Ketel
FBgn0026570,CG5704,CG5704,protein_coding,CG5704
FBgn0013709,Trp-TCA,CR34064,tRNA,Tryptophan-TCA
FBgn0014033,Sr-CI,CG4099,protein_coding,"Scavenger receptor class C, type I"
FBgn0001075,ft,CG3352,protein_coding,fat
FBgn0038602,CG7126,CG7126,protein_coding,CG7126
FBgn0031127,CG1835,CG1835,protein_coding,CG1835
FBgn0266305,CR44970,CR44970,ncRNA,CR44970
FBgn0034232,CG4866,CG4866,protein_coding,CG4866
FBgn0032791,CG18094,CG18094,protein_coding,CG18094
FBgn0262890,CG43245,CG43245,protein_coding,CG43245
FBgn0261060,Sfp93F,CG42608,protein_coding,Seminal fluid protein 93F
FBgn0038325,Atg4b,CG6194,protein_coding,Autophagy-related 4b
FBgn0039487,gb,CG6070,protein_coding,genderblind
FBgn0037341,CG12746,CG12746,protein_coding,CG12746
FBgn0002565,Lsp2,CG6806,protein_coding,Larval serum protein 2
FBgn0033097,Zip42C.2,CG9430,protein_coding,Zinc/iron regulated transporter-related protein 42C.2
FBgn0003390,shf,CG3135,protein_coding,shifted
FBgn0011987,SeC-TCA-1-1,CR30024,tRNA,Selenocysteine-TCA 1-1
FBgn0263839,CR43701,CR43701,ncRNA,CR43701
FBgn0034606,ASPP,CG18375,protein_coding,"Ankyrin-repeat, SH3-domain, and Proline-rich-region containing Protein"
FBgn0037270,eIF3f1,CG9769,protein_coding,eukaryotic translation initiation factor 3 subunit f1
FBgn0033304,Cyp6a13,CG2397,protein_coding,Cytochrome P450 6a13
FBgn0035244,ABCB7,CG7955,protein_coding,ATP binding cassette subfamily B member 7
FBgn0086078,Me28S-A774b,CR34707,snoRNA,CR34707
FBgn0038271,UQCR-C1,CG3731,protein_coding,Ubiquinol-cytochrome c reductase core protein 1
FBgn0031298,Atg4a,CG4428,protein_coding,Autophagy-related 4a
FBgn0028687,Rpt1,CG1341,protein_coding,Regulatory particle triple-A ATPase 1
FBgn0023514,CG14805,CG14805,protein_coding,CG14805
FBgn0036258,eIF3l,CG5642,protein_coding,eukaryotic translation initiation factor 3 subunit l
FBgn0050047,CG30047,CG30047,protein_coding,CG30047
FBgn0037877,CG6689,CG6689,protein_coding,CG6689
FBgn0051391,CG31391,CG31391,protein_coding,CG31391
FBgn0039728,CG7896,CG7896,protein_coding,CG7896
FBgn0042179,Ugt305A1,CG18869,protein_coding,UDP-glycosyltransferase family 305 member A1
FBgn0034666,CG9294,CG9294,protein_coding,CG9294
FBgn0051568,Ala-AGC-2-6,CR31568,tRNA,Alanine-AGC 2-6
FBgn0037539,CG10435,CG10435,protein_coding,CG10435
FBgn0040575,CG15922,CG15922,protein_coding,CG15922
FBgn0030316,CG11695,CG11695,protein_coding,CG11695
FBgn0039038,CG6688,CG6688,protein_coding,CG6688
FBgn0031654,Jon25Bii,CG8869,protein_coding,Jonah 25Bii
FBgn0264430,CR43848,CR43848,ncRNA,CR43848
FBgn0261602,RpL8,CG1263,protein_coding,Ribosomal protein L8
FBgn0035692,Sf3b6,CG13298,protein_coding,Splicing factor 3b subunit 6
FBgn0039084,CG10175,CG10175,protein_coding,CG10175
FBgn0058439,CG40439,CG40439,protein_coding,CG40439
FBgn0044871,Gos28,CG7700,protein_coding,"Golgi SNARE, 28 kDa"
FBgn0265639,CR44446,CR44446,ncRNA,CR44446
FBgn0266980,CR45431,CR45431,ncRNA,CR45431
FBgn0259850,CR42419,CR42419,ncRNA,CR42419
FBgn0052371,CG32371,CG32371,protein_coding,CG32371
FBgn0262822,CR43193,CR43193,ncRNA,CR43193
FBgn0265835,CG44624,CG44624,protein_coding,CG44624
FBgn0031471,CG3117,CG3117,protein_coding,CG3117
FBgn0265952,CR44739,CR44739,ncRNA,CR44739
FBgn0050417,tbrd-3,CG30417,protein_coding,testis-specifically expressed bromodomain containing protein-3
FBgn0263573,mir-4942,CR43558,ncRNA,mir-4942 stem loop
FBgn0027498,CG2061,CG2061,protein_coding,CG2061
FBgn0034173,CG9010,CG9010,protein_coding,CG9010
FBgn0000357,Cp18,CG6517,protein_coding,Chorion protein 18
FBgn0262454,mir-1007,CR43025,ncRNA,mir-1007 stem loop
FBgn0043010,Fsn,CG4643,protein_coding,F-box synaptic protein
FBgn0263329,CR43410,CR43410,ncRNA,CR43410
FBgn0022709,Ak1,CG17146,protein_coding,Adenylate kinase 1
FBgn0261632,CR42715,CR42715,ncRNA,CR42715
FBgn0002973,numb,CG3779,protein_coding,numb
FBgn0035547,CG15022,CG15022,protein_coding,CG15022
FBgn0028539,Eato,CG31731,protein_coding,Engulfment ABC Transporter in the ovary
FBgn0265048,cv-d,CG31150,protein_coding,crossveinless d
FBgn0037200,CG11109,CG11109,protein_coding,CG11109
FBgn0039790,CG2246,CG2246,protein_coding,CG2246
FBgn0260777,CG42571,CG42571,protein_coding,CG42571
FBgn0033984,Lap1,CG10255,protein_coding,Lap1
FBgn0267955,CR46235,CR46235,ncRNA,CR46235
FBgn0287695,KFase,CG9542,protein_coding,Kynurenine formamidase
FBgn0262004,CG42822,CG42822,protein_coding,CG42822
FBgn0262527,nsl1,CG4699,protein_coding,non-specific lethal 1
FBgn0031115,CG11710,CG11710,protein_coding,CG11710
FBgn0039677,ppk30,CG18110,protein_coding,pickpocket 30
FBgn0266430,CG45060,CG45060,protein_coding,CG45060
FBgn0036229,CG7248,CG7248,protein_coding,CG7248
FBgn0024909,Taf7,CG2670,protein_coding,TBP-associated factor 7
FBgn0031473,CG3104,CG3104,protein_coding,CG3104
FBgn0039856,CG1774,CG1774,protein_coding,CG1774
FBgn0284225,CG46309,CG46309,protein_coding,CG46309
FBgn0266814,CR45276,CR45276,ncRNA,CR45276
FBgn0033484,CG2269,CG2269,protein_coding,CG2269
FBgn0039508,CG3368,CG3368,protein_coding,CG3368
FBgn0266868,CR45329,CR45329,ncRNA,CR45329
FBgn0052250,PMP34,CG32250,protein_coding,Peroxisomal Membrane Protein 34
FBgn0033649,pyr,CG13194,protein_coding,pyramus
FBgn0038662,Mpc1,CG14290,protein_coding,Mitochondrial pyruvate carrier
FBgn0030790,CG4768,CG4768,protein_coding,CG4768
FBgn0051870,CG31870,CG31870,protein_coding,CG31870
FBgn0030733,UQCR-14,CG3560,protein_coding,Ubiquinol-cytochrome c reductase 14 kDa subunit
FBgn0033785,Sans,CG13320,protein_coding,Scaffold protein containing ankyrin repeats and SAM domain
FBgn0032244,RfC3,CG5313,protein_coding,Replication factor C subunit 3
FBgn0037933,Ho,CG14716,protein_coding,Heme oxygenase
FBgn0053809,CG33809,CG33809,protein_coding,CG33809
FBgn0031611,FIG4,CG17840,protein_coding,FIG4 phosphoinositide 5-phosphatase
FBgn0032433,Oatp33Ea,CG5427,protein_coding,Organic anion transporting polypeptide 33Ea
FBgn0036328,CG10749,CG10749,protein_coding,CG10749
FBgn0266666,Sem1,CG13779,protein_coding,Suppressor of exocyst mutations 1
FBgn0028491,CG2930,CG2930,protein_coding,CG2930
FBgn0004888,Scsalpha1,CG1065,protein_coding,Succinyl-coenzyme A synthetase alpha subunit 1
FBgn0051958,CR31958,CR31958,pseudogene,CR31958
FBgn0260869,CG42579,CG42579,protein_coding,CG42579
FBgn0035510,Cpr64Aa,CG15006,protein_coding,Cuticular protein 64Aa
FBgn0051867,CG31867,CG31867,protein_coding,CG31867
FBgn0085237,CG34208,CG34208,protein_coding,CG34208
FBgn0035397,PAN3,CG11486,protein_coding,Poly(A) specific ribonuclease subunit PAN3
FBgn0051091,CG31091,CG31091,protein_coding,CG31091
FBgn0030562,CG9400,CG9400,protein_coding,CG9400
FBgn0051497,Thr-AGT-1-3,CR31497,tRNA,Threonine-AGT 1-3
FBgn0000043,Act42A,CG12051,protein_coding,Actin 42A
FBgn0262141,CG42867,CG42867,protein_coding,CG42867
FBgn0038150,yellow-e3,CG17045,protein_coding,yellow-e3
FBgn0039041,CG13838,CG13838,protein_coding,CG13838
FBgn0036754,ais,CG5589,protein_coding,aramis
FBgn0051781,CR31781,CR31781,ncRNA,CR31781
FBgn0265763,CR44570,CR44570,ncRNA,CR44570
FBgn0001218,Hsc70-3,CG4147,protein_coding,Heat shock protein 70 cognate 3
FBgn0265524,CR44374,CR44374,ncRNA,CR44374
FBgn0266678,CR45168,CR45168,ncRNA,CR45168
FBgn0051410,Npc2e,CG31410,protein_coding,Niemann-Pick type C-2e
FBgn0028707,Mt2,CG10692,protein_coding,Methyltransferase 2
FBgn0061196,CG15468,CG15468,protein_coding,CG15468
FBgn0065059,660,CR33780,snoRNA,660
FBgn0003460,so,CG11121,protein_coding,sine oculis
FBgn0267034,CR45478,CR45478,ncRNA,CR45478
FBgn0030764,CG9777,CG9777,protein_coding,CG9777
FBgn0024956,Mat1,CG7614,protein_coding,Menage a trois 1
FBgn0033717,CG8839,CG8839,protein_coding,CG8839
FBgn0036391,CG17364,CG17364,protein_coding,CG17364
FBgn0039201,DZIP1,CG13617,protein_coding,CG13617
FBgn0266856,CR45317,CR45317,ncRNA,CR45317
FBgn0035424,Larp4B,CG11505,protein_coding,La-related protein 4B
FBgn0039415,CG6142,CG6142,protein_coding,CG6142
FBgn0030318,rho-4,CG1697,protein_coding,rhomboid-4
FBgn0264944,CR44113,CR44113,ncRNA,CR44113
FBgn0031098,CG17068,CG17068,protein_coding,CG17068
FBgn0250814,UQCR-C2,CG4169,protein_coding,Ubiquinol-cytochrome c reductase core protein 2
FBgn0265086,CR44197,CR44197,ncRNA,CR44197
FBgn0262874,CG43229,CG43229,protein_coding,CG43229
FBgn0039489,CG5880,CG5880,protein_coding,CG5880
FBgn0051885,Thr-AGT-1-1,CR31885,tRNA,Threonine-AGT 1-1
FBgn0040074,retinin,CG13057,protein_coding,retinin
FBgn0266159,CR44865,CR44865,ncRNA,CR44865
FBgn0028939,NimC2,CG18146,protein_coding,Nimrod C2
FBgn0266936,CR45387,CR45387,ncRNA,CR45387
FBgn0034025,Pgant1,CG8182,protein_coding,Polypeptide N-Acetylgalactosaminyltransferase 1
FBgn0031043,Naa20A,CG14222,protein_coding,N(alpha)-acetyltransferase 20 A
FBgn0035438,Gtpx,CG12013,protein_coding,Glutathione peroxidase homolog with thioredoxin peroxidase activity
FBgn0263207,CR43377,CR43377,pseudogene,CR43377
FBgn0053218,CR33218,CR33218,ncRNA,CR33218
FBgn0267317,CR45753,CR45753,ncRNA,CR45753
FBgn0027095,Manf,CG7013,protein_coding,Mesencephalic astrocyte-derived neurotrophic factor
FBgn0039622,eIF4E6,CG1442,protein_coding,eukaryotic translation initiation factor 4E6
FBgn0278604,dmt,CG8374,protein_coding,dalmatian
FBgn0261700,CR42736,CR42736,ncRNA,CR42736
FBgn0027835,Dp1,CG5170,protein_coding,Dodeca-satellite-binding protein 1
FBgn0024833,AP-1mu,CG9388,protein_coding,"Adaptor Protein complex 1, mu subunit"
FBgn0038234,mRpL11,CG3351,protein_coding,mitochondrial ribosomal protein L11
FBgn0085248,CG34219,CG34219,protein_coding,CG34219
FBgn0024995,CG2680,CG2680,protein_coding,CG2680
FBgn0052271,CG32271,CG32271,protein_coding,CG32271
FBgn0265875,CR44664,CR44664,ncRNA,CR44664
FBgn0004401,Pep,CG6143,protein_coding,Protein on ecdysone puffs
FBgn0266656,CR45163,CR45163,ncRNA,CR45163
FBgn0037616,CG8136,CG8136,protein_coding,CG8136
FBgn0262269,mir-955,CR42976,ncRNA,mir-955 stem loop
FBgn0037573,CG7483,CG7483,protein_coding,CG7483
FBgn0011965,Arg-TCG-4-1,CR31593,tRNA,Arginine-TCG 4-1
FBgn0262057,Spn77Ba,CG6680,protein_coding,Serpin 77Ba
FBgn0263040,CG43335,CG43335,protein_coding,CG43335
FBgn0025781,Cdc16,CG6759,protein_coding,Cell division cycle 16
FBgn0086895,pea,CG8241,protein_coding,peanuts
FBgn0259705,CG42359,CG42359,protein_coding,CG42359
FBgn0029769,frma,CG3239,protein_coding,fra mauro
FBgn0032846,Pyroxd1,CG10721,protein_coding,Pyridine nucleotide-disulfide oxidoreductase domain 1
FBgn0266802,CR45264,CR45264,ncRNA,CR45264
FBgn0264712,CG1172,CG1172,protein_coding,CG1172
FBgn0286930,CG46427,CG46427,protein_coding,CG46427
FBgn0029814,CG15765,CG15765,protein_coding,CG15765
FBgn0000416,Sap-r,CG12070,protein_coding,Saposin-related
FBgn0031496,CG17258,CG17258,protein_coding,CG17258
FBgn0266155,CR44861,CR44861,ncRNA,CR44861
FBgn0034769,Obp58c,CG13524,protein_coding,Odorant-binding protein 58c
FBgn0263023,CG43318,CG43318,protein_coding,CG43318
FBgn0053436,CR33436,CR33436,rRNA,CR33436
FBgn0260766,CG42564,CG42564,protein_coding,CG42564
FBgn0267173,CR45613,CR45613,ncRNA,CR45613
FBgn0031858,CG17378,CG17378,protein_coding,CG17378
FBgn0037614,TMEM216,CG8116,protein_coding,Transmembrane protein 216
FBgn0004652,fru,CG14307,protein_coding,fruitless
FBgn0011817,nmo,CG7892,protein_coding,nemo
FBgn0039591,CG9988,CG9988,protein_coding,CG9988
FBgn0035985,Cpr67B,CG3672,protein_coding,Cuticular protein 67B
FBgn0038714,Cpr92A,CG6240,protein_coding,Cuticular protein 92A
FBgn0037579,COX7AL,CG18193,protein_coding,Cytochrome c oxidase subunit 7A-like
FBgn0264368,CR43820,CR43820,ncRNA,CR43820
FBgn0051494,Gly-TCC-1-1,CR31494,tRNA,Glycine-TCC 1-1
FBgn0262524,ver,CG14121,protein_coding,verrocchio
FBgn0003008,or,CG3029,protein_coding,orange
FBgn0041246,Gr32a,CG14916,protein_coding,Gustatory receptor 32a
FBgn0267273,CR45709,CR45709,ncRNA,CR45709
FBgn0034643,CG10321,CG10321,protein_coding,CG10321
FBgn0035479,CG14983,CG14983,protein_coding,CG14983
FBgn0083058,Psi18S-1086,CR34633,snoRNA,Psi18S-1086
FBgn0261682,CG42729,CG42729,protein_coding,CG42729
FBgn0053054,Targ1,CG33054,protein_coding,Terminal ADP-ribose protein glycohydrolase 1
FBgn0039736,CG7912,CG7912,protein_coding,CG7912
FBgn0025776,ind,CG11551,protein_coding,intermediate neuroblasts defective
FBgn0038002,CG12256,CG12256,protein_coding,CG12256
FBgn0267821,da,CG5102,protein_coding,daughterless
FBgn0016036,mei-P22,CG14827,protein_coding,meiotic P22
FBgn0085474,CG34445,CG34445,protein_coding,CG34445
FBgn0032898,CR9337,CR9337,pseudogene,CR9337
FBgn0266684,CR45174,CR45174,ncRNA,CR45174
FBgn0046696,RNA,CR32868,ncRNA,Ribonuclease P RNA
FBgn0053777,CG33777,CG33777,protein_coding,CG33777
FBgn0003358,Jon99Ci,CG31039,protein_coding,Jonah 99Ci
FBgn0263237,Cdk7,CG3319,protein_coding,Cyclin-dependent kinase 7
FBgn0265148,CR44217,CR44217,ncRNA,CR44217
FBgn0261523,CG42658,CG42658,protein_coding,CG42658
FBgn0263032,CG43327,CG43327,protein_coding,CG43327
FBgn0039924,PIP4K,CG17471,protein_coding,Phosphatidylinositol 5-phosphate 4-kinase
FBgn0036019,Or67b,CG14176,protein_coding,Odorant receptor 67b
FBgn0017482,T3dh,CG3425,protein_coding,Type III alcohol dehydrogenase
FBgn0262408,mir-5,CR42952,ncRNA,mir-5 stem loop
FBgn0029751,CG17764,CG17764,protein_coding,CG17764
FBgn0028981,Ser-CGA-1-4,CR30224,tRNA,Serine-CGA 1-4
FBgn0263575,mir-4912,CR43560,ncRNA,mir-4912 stem loop
FBgn0003339,Scr,CG1030,protein_coding,Sex combs reduced
FBgn0050114,CG30114,CG30114,protein_coding,CG30114
FBgn0034437,CG10051,CG10051,protein_coding,CG10051
FBgn0262026,CG42837,CG42837,protein_coding,CG42837
FBgn0036890,CG9368,CG9368,protein_coding,CG9368
FBgn0020626,Osbp,CG6708,protein_coding,Oxysterol binding protein
FBgn0046225,CG17230,CG17230,protein_coding,CG17230
FBgn0010417,Taf6,CG32211,protein_coding,TBP-associated factor 6
FBgn0053434,CR33434,CR33434,rRNA,CR33434
FBgn0033732,CG13157,CG13157,protein_coding,CG13157
FBgn0024992,Spg7,CG2658,protein_coding,Paraplegin
FBgn0085229,CG34200,CG34200,protein_coding,CG34200
FBgn0037797,CG12420,CG12420,protein_coding,CG12420
FBgn0262107,CR42860,CR42860,ncRNA,CR42860
FBgn0265140,Meltrin,CG7649,protein_coding,Meltrin
FBgn0027546,CG4766,CG4766,protein_coding,CG4766
FBgn0266806,CR45268,CR45268,ncRNA,CR45268
FBgn0037845,CG14694,CG14694,protein_coding,CG14694
FBgn0035232,CG12099,CG12099,protein_coding,CG12099
FBgn0264492,CkIIalpha,CG17520,protein_coding,casein kinase IIalpha
FBgn0034663,CG4363,CG4363,protein_coding,CG4363
FBgn0267984,CR46251,CR46251,ncRNA,CR46251
FBgn0031775,CG9150,CG9150,protein_coding,CG9150
FBgn0034667,comr,CG13493,protein_coding,cookie monster
FBgn0034529,FAM21,CG16742,protein_coding,Family with sequence similarity 21
FBgn0261610,CG42699,CG42699,protein_coding,CG42699
FBgn0287461,CR46450,CR46450,ncRNA,CR46450
FBgn0263578,mir-4916,CR43563,ncRNA,mir-4916 stem loop
FBgn0000114,bru1,CG31762,protein_coding,bruno 1
FBgn0000352,cos,CG1708,protein_coding,costa
FBgn0002926,ndl,CG10129,protein_coding,nudel
FBgn0032817,CG10631,CG10631,protein_coding,CG10631
FBgn0003710,tipE,CG1232,protein_coding,temperature-induced paralytic E
FBgn0003062,Fib,CG9888,protein_coding,Fibrillarin
FBgn0039617,DIP-gamma,CG14521,protein_coding,Dpr-interacting protein gamma
FBgn0287720,Pen,CG4799,protein_coding,Pendulin
FBgn0051141,CG31141,CG31141,protein_coding,CG31141
FBgn0265095,CR44200,CR44200,ncRNA,CR44200
FBgn0033280,CG12126,CG12126,protein_coding,CG12126
FBgn0031141,CG1304,CG1304,protein_coding,CG1304
FBgn0034489,ppk6,CG11209,protein_coding,pickpocket 6
FBgn0052227,gogo,CG32227,protein_coding,golden goal
FBgn0033663,ERp60,CG8983,protein_coding,Endoplasmic reticulum p60
FBgn0030060,CG2004,CG2004,protein_coding,CG2004
FBgn0266647,CG45154,CG45154,protein_coding,CG45154
FBgn0033735,Dera,CG8525,protein_coding,Deoxyribose-phosphate aldolase
FBgn0036984,CG13248,CG13248,protein_coding,CG13248
FBgn0052285,Lys-CTT-1-12,CR32285,tRNA,Lysine-CTT 1-12
FBgn0031637,mxt,CG2950,protein_coding,mextli
FBgn0030576,CG15890,CG15890,protein_coding,CG15890
FBgn0038535,alt,CG18212,protein_coding,aluminum tubes
FBgn0259139,glo,CG6946,protein_coding,glorund
FBgn0031364,CG17648,CG17648,protein_coding,CG17648
FBgn0036227,CG17826,CG17826,protein_coding,CG17826
FBgn0034859,CG3520,CG3520,protein_coding,CG3520
FBgn0030108,Gr8a,CG15371,protein_coding,Gustatory receptor 8a
FBgn0266694,CR45184,CR45184,ncRNA,CR45184
FBgn0037229,flip,CG9766,protein_coding,flippy
FBgn0011769,Fdx1,CG4205,protein_coding,Ferredoxin 1
FBgn0286506,Mpi,CG8417,protein_coding,Mannose phosphate isomerase
FBgn0020640,Lcp65Ae,CG10529,protein_coding,Lcp65Ae
FBgn0030869,Socs16D,CG8146,protein_coding,Suppressor of Cytokine Signaling at 16D
FBgn0034578,CG15653,CG15653,protein_coding,CG15653
FBgn0265547,CR44397,CR44397,ncRNA,CR44397
FBgn0264084,CR43753,CR43753,ncRNA,CR43753
FBgn0038167,Lkb1,CG9374,protein_coding,Lkb1 kinase
FBgn0023212,EloB,CG4204,protein_coding,Elongin B
FBgn0266095,CR44832,CR44832,ncRNA,CR44832
FBgn0030377,CG1924,CG1924,protein_coding,CG1924
FBgn0264810,Pburs,CG15284,protein_coding,Partner of Bursicon
FBgn0266585,Leu-CAG-1-8,CR32456,tRNA,Leucine-CAG 1-8
FBgn0014343,mirr,CG10601,protein_coding,mirror
FBgn0004629,Cys,CG8050,protein_coding,Cystatin-like
FBgn0037926,Elp1,CG10535,protein_coding,Elongator complex protein 1
FBgn0037488,CG14607,CG14607,protein_coding,CG14607
FBgn0264837,CR44045,CR44045,ncRNA,CR44045
FBgn0265804,CR44593,CR44593,ncRNA,CR44593
FBgn0031929,CG18585,CG18585,protein_coding,CG18585
FBgn0262422,mir-1011,CR42974,ncRNA,mir-1011 stem loop
FBgn0032285,CG17108,CG17108,protein_coding,CG17108
FBgn0262379,mir-1012,CR42902,ncRNA,mir-1012 stem loop
FBgn0083012,Psi28S-1135a,CR34606,snoRNA,Psi28S-1135a
FBgn0051549,CG31549,CG31549,protein_coding,CG31549
FBgn0061476,Zwilch,CG18729,protein_coding,Zwilch
FBgn0031070,CG12702,CG12702,protein_coding,CG12702
FBgn0053430,CR33430,CR33430,rRNA,CR33430
FBgn0030640,CG6294,CG6294,protein_coding,CG6294
FBgn0011826,Pp2B-14D,CG9842,protein_coding,Protein phosphatase 2B at 14D
FBgn0250827,whip,CG34218,protein_coding,whipple
FBgn0052305,CG32305,CG32305,protein_coding,CG32305
FBgn0035608,blanks,CG10630,protein_coding,blanks
FBgn0263504,CR43493,CR43493,ncRNA,CR43493
FBgn0034639,CG15673,CG15673,protein_coding,CG15673
FBgn0083031,Psi18S-525h,CR34582,snoRNA,Psi18S-525h
FBgn0037017,CG4074,CG4074,protein_coding,CG4074
FBgn0264266,CR43766,CR43766,ncRNA,CR43766
FBgn0032707,CG10348,CG10348,protein_coding,CG10348
FBgn0015229,glec,CG6575,protein_coding,gliolectin
FBgn0037714,CG9396,CG9396,protein_coding,CG9396
FBgn0028864,CG18477,CG18477,protein_coding,CG18477
FBgn0029688,lva,CG6450,protein_coding,lava lamp
FBgn0023535,arg,CG18104,protein_coding,arginase
FBgn0031776,Pfdn1,CG13993,protein_coding,Prefoldin 1
FBgn0052773,CR32773,CR32773,ncRNA,CR32773
FBgn0260398,Pbp49,CG42515,protein_coding,PSEA-binding protein 49kD
FBgn0264715,CR43983,CR43983,ncRNA,CR43983
FBgn0265367,CR44308,CR44308,ncRNA,CR44308
FBgn0039833,CG15564,CG15564,protein_coding,CG15564
FBgn0032955,CG2201,CG2201,protein_coding,CG2201
FBgn0063383,54Ec,CR32894,snoRNA,54Ec
FBgn0027620,Acf,CG1966,protein_coding,ATP-dependent chromatin assembly factor large subunit
FBgn0035957,Argk2,CG5144,protein_coding,Arginine kinase 2
FBgn0050163,Cpr60D,CG30163,protein_coding,Cuticular protein 60D
FBgn0065083,765,CR33789,ncRNA,small non-coding RNA 765
FBgn0037315,Cerk,CG16708,protein_coding,Ceramide kinase
FBgn0051028,Rsod,CG31028,protein_coding,Related to Sod
FBgn0040232,cmet,CG6392,protein_coding,CENP-meta
FBgn0037483,CG14609,CG14609,protein_coding,CG14609
FBgn0266307,CR44972,CR44972,ncRNA,CR44972
FBgn0003087,pim,CG5052,protein_coding,pimples
FBgn0031638,CG11927,CG11927,protein_coding,CG11927
FBgn0029995,CG2256,CG2256,protein_coding,CG2256
FBgn0036403,CG6661,CG6661,protein_coding,CG6661
FBgn0264330,CG43789,CG43789,protein_coding,CG43789
FBgn0264460,CR43868,CR43868,ncRNA,CR43868
FBgn0033752,CG8569,CG8569,protein_coding,CG8569
FBgn0031817,HemK1,CG9531,protein_coding,HemK methyltransferase 1
FBgn0053370,CR33370,CR33370,rRNA,CR33370
FBgn0039552,CG12426,CG12426,protein_coding,CG12426
FBgn0286723,hll,CG4500,protein_coding,heimdall
FBgn0082972,Psi28S-3316a,CR34547,snoRNA,Psi28S-3316a
FBgn0265656,CR44463,CR44463,ncRNA,CR44463
FBgn0003567,su(Hw),CG8573,protein_coding,suppressor of Hairy wing
FBgn0053863,CG33863,CG33863,protein_coding,CG33863
FBgn0033932,Dh44-R1,CG8422,protein_coding,Diuretic hormone 44 receptor 1
FBgn0027951,MTA1-like,CG2244,protein_coding,Metastasis associated 1-like
FBgn0086065,Me28S-G3113a,CR34694,snoRNA,CR34694
FBgn0036996,mag,CG5932,protein_coding,magro
FBgn0266263,CR44958,CR44958,ncRNA,CR44958
FBgn0035552,CG11350,CG11350,protein_coding,CG11350
FBgn0037994,eIF3d2,CG4810,protein_coding,eukaryotic translation initiation factor 3 subunit d2
FBgn0035044,CG3663,CG3663,protein_coding,CG3663
FBgn0032464,Vha68-3,CG5075,protein_coding,Vacuolar H[+] ATPase 68kD subunit 3
FBgn0037529,mRpS9,CG2957,protein_coding,mitochondrial ribosomal protein S9
FBgn0264722,CR43990,CR43990,ncRNA,CR43990
FBgn0267425,CR45778,CR45778,ncRNA,CR45778
FBgn0265719,CR44526,CR44526,ncRNA,CR44526
FBgn0038309,Amt,CG6499,protein_coding,Ammonium transporter
FBgn0023529,Grp170,CG2918,protein_coding,Grp170 co-chaperone
FBgn0036827,CG6843,CG6843,protein_coding,CG6843
FBgn0262116,RNASEK,CG40127,protein_coding,Ribonuclease kappa
FBgn0029696,CG15571,CG15571,protein_coding,CG15571
FBgn0267517,CR45857,CR45857,pseudogene,CR45857
FBgn0031662,CG3792,CG3792,protein_coding,CG3792
FBgn0262849,CR43213,CR43213,pseudogene,CR43213
FBgn0027084,LysRS,CG12141,protein_coding,Lysyl-tRNA synthetase
FBgn0034175,ste24b,CG9001,protein_coding,ste24b prenyl protease type I
FBgn0029843,Nep1,CG5905,protein_coding,Neprilysin 1
FBgn0034910,CG4763,CG4763,protein_coding,CG4763
FBgn0030447,CG2200,CG2200,protein_coding,CG2200
FBgn0031801,CG9498,CG9498,protein_coding,CG9498
FBgn0012025,Tyr-GTA-1-7,CR31433,tRNA,Tyrosine-GTA 1-7
FBgn0051189,CG31189,CG31189,protein_coding,CG31189
FBgn0053380,CR33380,CR33380,rRNA,CR33380
FBgn0262971,CR43282,CR43282,ncRNA,CR43282
FBgn0034498,CG16868,CG16868,protein_coding,CG16868
FBgn0028513,CG9254,CG9254,protein_coding,CG9254
FBgn0051084,CR31084,CR31084,ncRNA,CR31084
FBgn0267266,CR45702,CR45702,ncRNA,CR45702
FBgn0011239,ms(2)35Ci,CG31733,protein_coding,male sterile (2) 35Ci
FBgn0004863,C15,CG7937,protein_coding,C15
FBgn0263500,CR43489,CR43489,ncRNA,CR43489
FBgn0028538,Sec71,CG7578,protein_coding,Secretory 71
FBgn0266045,CR44810,CR44810,ncRNA,CR44810
FBgn0033019,CG10395,CG10395,protein_coding,CG10395
FBgn0035167,Gr61a,CG13888,protein_coding,Gustatory receptor 61a
FBgn0052039,Svip,CG32039,protein_coding,small VCP interacting protein
FBgn0052071,CG32071,CG32071,protein_coding,CG32071
FBgn0034317,CG14499,CG14499,protein_coding,CG14499
FBgn0034546,CG13442,CG13442,protein_coding,CG13442
FBgn0034140,Lst,CG8317,protein_coding,Limostatin
FBgn0054026,CG34026,CG34026,protein_coding,CG34026
FBgn0260480,CG32295,CG32295,protein_coding,CG32295
FBgn0036815,HipHop,CG6874,protein_coding,HP1-HOAP-interacting protein
FBgn0025936,Eph,CG1511,protein_coding,Eph receptor tyrosine kinase
FBgn0038145,Droj2,CG8863,protein_coding,DnaJ-like-2
FBgn0044419,Pmi,CG33718,protein_coding,Pmi
FBgn0260940,lsn,CG6637,protein_coding,larsen
FBgn0010015,CanA1,CG1455,protein_coding,Calcineurin A1
FBgn0063493,GstE7,CG17531,protein_coding,Glutathione S transferase E7
FBgn0267246,CR45686,CR45686,ncRNA,CR45686
FBgn0032033,CG13392,CG13392,protein_coding,CG13392
FBgn0264675,CR43960,CR43960,ncRNA,CR43960
FBgn0284234,CG46318,CG46318,protein_coding,CG46318
FBgn0031251,CG4213,CG4213,protein_coding,CG4213
FBgn0260452,CG13984,CG13984,protein_coding,CG13984
FBgn0030789,Rrp45,CG9606,protein_coding,Rrp45
FBgn0284223,CG46307,CG46307,protein_coding,CG46307
FBgn0030221,Rab9Db,CG9807,protein_coding,Rab at 9Db
FBgn0082938,Me28S-C2645a,CR34587,snoRNA,CR34587
FBgn0263413,CR43459,CR43459,ncRNA,CR43459
FBgn0033246,ACC,CG11198,protein_coding,Acetyl-CoA carboxylase
FBgn0263777,CG43694,CG43694,protein_coding,CG43694
FBgn0036618,Cpr72Eb,CG12255,protein_coding,Cuticular protein 72Eb
FBgn0086062,Me28S-C788b,CR34691,snoRNA,CR34691
FBgn0017550,Rga,CG2161,protein_coding,Regena
FBgn0016715,Reg-2,CG3200,protein_coding,Rhythmically expressed gene 2
FBgn0263337,CR43418,CR43418,ncRNA,CR43418
FBgn0032393,Nfs1,CG12264,protein_coding,Nfs1 cysteine desulfurase
FBgn0031034,CG14205,CG14205,protein_coding,CG14205
FBgn0259978,vlc,CG8390,protein_coding,vulcan
FBgn0053237,CG33237,CG33237,protein_coding,CG33237
FBgn0030725,CG8958,CG8958,protein_coding,CG8958
FBgn0053390,CR33390,CR33390,rRNA,CR33390
FBgn0265797,CR44586,CR44586,ncRNA,CR44586
FBgn0266797,CR45259,CR45259,ncRNA,CR45259
FBgn0026576,Pisd,CG5991,protein_coding,Phosphatidylserine decarboxylase
FBgn0010194,Wnt5,CG6407,protein_coding,Wnt oncogene analog 5
FBgn0032880,TM9SF2,CG9318,protein_coding,Transmembrane 9 superfamily protein member 2
FBgn0052626,AMPdeam,CG32626,protein_coding,AMP deaminase
FBgn0036728,UQCR-Q,CG7580,protein_coding,Ubiquinol-cytochrome c reductase ubiquinone-binding protein
FBgn0037618,ouib,CG11762,protein_coding,ouija board
FBgn0040252,Ugt303A1,CG4772,protein_coding,UDP-glycosyltransferase family 303 member A1
FBgn0283559,mir-9377,CR46293,ncRNA,mir-9377 stem loop
FBgn0016031,lama,CG10645,protein_coding,lamina ancestor
FBgn0003391,shg,CG3722,protein_coding,shotgun
FBgn0030100,CG12106,CG12106,protein_coding,CG12106
FBgn0284444,ddbt,CG34264,protein_coding,deadbeat
FBgn0038458,VhaM9.7-d,CG14909,protein_coding,Vacuolar H[+] ATPase M9.7 subunit d
FBgn0024321,NK7.1,CG8524,protein_coding,NK7.1
FBgn0042119,Cpr65Au,CG18778,protein_coding,Cuticular protein 65Au
FBgn0030086,CCT2,CG7033,protein_coding,Chaperonin containing TCP1 subunit 2
FBgn0032405,firl,CG14946,protein_coding,firelighter
FBgn0031367,c-cup,CG15623,protein_coding,calcutta cup
FBgn0039309,CG11891,CG11891,protein_coding,CG11891
FBgn0024957,Irp-1B,CG6342,protein_coding,Iron regulatory protein 1B
FBgn0033479,PIG-N,CG2292,protein_coding,Phosphatidylinositol glycan anchor biosynthesis class N
FBgn0029798,Rtel1,CG4078,protein_coding,Regulator of telomere elongation helicase 1
FBgn0051778,CG31778,CG31778,protein_coding,CG31778
FBgn0267941,CR46221,CR46221,ncRNA,CR46221
FBgn0030408,CG11085,CG11085,protein_coding,CG11085
FBgn0262878,CG43233,CG43233,protein_coding,CG43233
FBgn0003165,pum,CG9755,protein_coding,pumilio
FBgn0263597,Acp98AB,CG43619,protein_coding,Accessory gland protein 98AB
FBgn0267605,CR45943,CR45943,ncRNA,CR45943
FBgn0036334,CG11267,CG11267,protein_coding,CG11267
FBgn0032799,Dpm1,CG10166,protein_coding,Dolichyl-phosphate mannosyltransferase subunit 1
FBgn0037454,CG1137,CG1137,protein_coding,CG1137
FBgn0262990,CR43298,CR43298,ncRNA,CR43298
FBgn0034817,Art7,CG9882,protein_coding,Arginine methyltransferase 7
FBgn0032018,CG7806,CG7806,protein_coding,CG7806
FBgn0261276,Opa1,CG8479,protein_coding,Optic atrophy 1
FBgn0053340,CG33340,CG33340,protein_coding,CG33340
FBgn0034383,CG17821,CG17821,protein_coding,CG17821
FBgn0032957,CG2225,CG2225,protein_coding,CG2225
FBgn0263548,mir-4957,CR43533,ncRNA,mir-4957 stem loop
FBgn0033192,Corin,CG2105,protein_coding,Corin
FBgn0029957,CG12155,CG12155,protein_coding,CG12155
FBgn0038568,CG14315,CG14315,protein_coding,CG14315
FBgn0015770,MstProx,CG1149,protein_coding,MstProx
FBgn0053309,CG33309,CG33309,protein_coding,CG33309
FBgn0264789,CR44019,CR44019,ncRNA,CR44019
FBgn0038507,CG5863,CG5863,protein_coding,CG5863
FBgn0015797,Rab6,CG6601,protein_coding,Rab6
FBgn0039958,CG12567,CG12567,protein_coding,CG12567
FBgn0262812,CG43183,CG43183,protein_coding,CG43183
FBgn0034183,SmydA-6,CG9642,protein_coding,"SET and MYND domain containing, arthropod-specific, member 6"
FBgn0032709,CG15167,CG15167,protein_coding,CG15167
FBgn0266717,Bruce,CG6303,protein_coding,BIR repeat containing ubiquitin-conjugating enzyme
FBgn0036052,CG10809,CG10809,protein_coding,CG10809
FBgn0051646,DIP-theta,CG31646,protein_coding,Dpr-interacting protein theta
FBgn0003733,tor,CG1389,protein_coding,torso
FBgn0004173,Mst84Db,CG17934,protein_coding,Male-specific RNA 84Db
FBgn0264882,CR44073,CR44073,ncRNA,CR44073
FBgn0040383,CG5254,CG5254,protein_coding,CG5254
FBgn0039227,polybromo,CG11375,protein_coding,polybromo
FBgn0267449,WDY,CG45799,protein_coding,WD40 Y
FBgn0261817,CG42759,CG42759,protein_coding,CG42759
FBgn0037151,CG7130,CG7130,protein_coding,CG7130
FBgn0031837,DIP-iota,CG11320,protein_coding,Dpr-interacting protein iota
FBgn0263581,CR43606,CR43606,ncRNA,CR43606
FBgn0052485,CG32485,CG32485,protein_coding,CG32485
FBgn0050357,CG30357,CG30357,protein_coding,CG30357
FBgn0266706,CR45196,CR45196,ncRNA,CR45196
FBgn0023534,CG17778,CG17778,protein_coding,CG17778
FBgn0002673,twe,CG4965,protein_coding,twine
FBgn0284245,eEF1alpha1,CG8280,protein_coding,eukaryotic translation elongation factor 1 alpha 1
FBgn0288229,CG3164,CG3164,protein_coding,CG3164
FBgn0036549,CG10516,CG10516,protein_coding,CG10516
FBgn0035421,nSMase,CG12034,protein_coding,neutral sphingomyelinase
FBgn0054047,CR34047,CR34047,ncRNA,CR34047
FBgn0265311,CR44284,CR44284,ncRNA,CR44284
FBgn0035158,CG13895,CG13895,protein_coding,CG13895
FBgn0039970,CG17508,CG17508,protein_coding,CG17508
FBgn0265102,Oseg1,CG7161,protein_coding,Outer segment 1
FBgn0052379,CG32379,CG32379,protein_coding,CG32379
FBgn0038446,CG14903,CG14903,protein_coding,CG14903
FBgn0262854,CG43218,CG43218,protein_coding,CG43218
FBgn0029754,CG15930,CG15930,protein_coding,CG15930
FBgn0034091,mrj,CG8448,protein_coding,mrj
FBgn0010109,dpn,CG8704,protein_coding,deadpan
FBgn0267423,CR45776,CR45776,pseudogene,CR45776
FBgn0265837,CR44626,CR44626,ncRNA,CR44626
FBgn0085506,CG40635,CG40635,protein_coding,CG40635
FBgn0261835,CR42767,CR42767,ncRNA,CR42767
FBgn0035811,Mcad,CG12262,protein_coding,Medium-chain acyl-CoA dehydrogenase
FBgn0265316,CR44289,CR44289,ncRNA,CR44289
FBgn0029535,CG14635,CG14635,protein_coding,CG14635
FBgn0266234,CR44929,CR44929,ncRNA,CR44929
FBgn0263708,CR43660,CR43660,ncRNA,CR43660
FBgn0039683,dmrt99B,CG15504,protein_coding,doublesex-Mab related 99B
FBgn0039596,CG10000,CG10000,protein_coding,CG10000
FBgn0039463,Spag1,CG18472,protein_coding,Spag1 axonemal dynein assembly factor
FBgn0042129,OS9,CG18806,protein_coding,Olfactory-specific 9
FBgn0050049,CG30049,CG30049,protein_coding,CG30049
FBgn0013693,Phe-GAA,CR34082,tRNA,Phenylalanine-GAA
FBgn0005696,PolA2,CG5923,protein_coding,DNA polymerase alpha subunit 2
FBgn0037849,CG4596,CG4596,protein_coding,CG4596
FBgn0016726,RpL29,CG10071,protein_coding,Ribosomal protein L29
FBgn0035587,Gdap1,CG4623,protein_coding,Gdap1
FBgn0032034,Rcd4,CG17295,protein_coding,Reduction in Cnn dots 4
FBgn0000071,Ama,CG2198,protein_coding,Amalgam
FBgn0052104,CG32104,CG32104,protein_coding,CG32104
FBgn0038526,CG14327,CG14327,protein_coding,CG14327
FBgn0010747,Srp54k,CG4659,protein_coding,Signal recognition particle 54k
FBgn0030612,Dbct,CG5599,protein_coding,Dihydrolipoamide branched chain transacylase E2
FBgn0034956,CG4324,CG4324,protein_coding,CG4324
FBgn0034671,CG13494,CG13494,protein_coding,CG13494
FBgn0010258,Rbp4,CG9654,protein_coding,RNA-binding protein 4
FBgn0263844,CR43705,CR43705,ncRNA,CR43705
FBgn0038880,SIFaR,CG10823,protein_coding,SIFamide receptor
FBgn0011974,Ser-AGA-1-1,CR32615,tRNA,Serine-AGA 1-1
FBgn0011474,Set8,CG3307,protein_coding,SET domain containing 8
FBgn0284249,Adf1,CG15845,protein_coding,Adh transcription factor 1
FBgn0265932,CR44721,CR44721,ncRNA,CR44721
FBgn0265145,CR44214,CR44214,ncRNA,CR44214
FBgn0036165,chrb,CG7533,protein_coding,charybde
FBgn0264905,CR44096,CR44096,ncRNA,CR44096
FBgn0265043,CR44160,CR44160,ncRNA,CR44160
FBgn0263260,sel,CG12918,protein_coding,seele
FBgn0034611,MFS16,CG10069,protein_coding,Major Facilitator Superfamily Transporter 16
FBgn0264345,CR43801,CR43801,ncRNA,CR43801
FBgn0015286,Rala,CG2849,protein_coding,Ras-like protein A
FBgn0065080,Me18S-A1374,CR33634,snoRNA,CR33634
FBgn0267045,CG45489,CG45489,protein_coding,CG45489
FBgn0027094,AlaRS,CG13391,protein_coding,Alanyl-tRNA synthetase
FBgn0032147,IP3K1,CG4026,protein_coding,"Inositol 1,4,5-triphosphate kinase 1"
FBgn0027599,CG2790,CG2790,protein_coding,CG2790
FBgn0250731,CR40454,CR40454,rRNA,CR40454
FBgn0024991,CG2694,CG2694,protein_coding,CG2694
FBgn0011887,Lys-CTT-1-4,CR30312,tRNA,Lysine-CTT 1-4
FBgn0053784,CG33784,CG33784,protein_coding,CG33784
FBgn0034943,Fmo-1,CG3006,protein_coding,Flavin-containing monooxygenase 1
FBgn0039760,CG9682,CG9682,protein_coding,CG9682
FBgn0034572,CG9346,CG9346,protein_coding,CG9346
FBgn0053290,CG33290,CG33290,protein_coding,CG33290
FBgn0267257,CR45693,CR45693,ncRNA,CR45693
FBgn0261397,didum,CG2146,protein_coding,dilute class unconventional myosin
FBgn0261573,CoRest,CG42687,protein_coding,CoRest
FBgn0033184,mEFTu2,CG12736,protein_coding,mitochondrial translation elongation factor Tu 2
FBgn0036560,CG5895,CG5895,protein_coding,CG5895
FBgn0052224,CR32224,CR32224,ncRNA,CR32224
FBgn0038386,CG5478,CG5478,protein_coding,CG5478
FBgn0013755,Bro,CG7960,protein_coding,Brother
FBgn0003731,Egfr,CG10079,protein_coding,Epidermal growth factor receptor
FBgn0264482,CR43890,CR43890,ncRNA,CR43890
FBgn0036449,bmm,CG5295,protein_coding,brummer
FBgn0060292,66Da,CR32911,snoRNA,66Da
FBgn0036380,CG8757,CG8757,protein_coding,CG8757
FBgn0266727,CR45200,CR45200,ncRNA,CR45200
FBgn0267036,CR45480,CR45480,ncRNA,CR45480
FBgn0004117,Tm2,CG4843,protein_coding,Tropomyosin 2
FBgn0034986,mRpS17,CG4326,protein_coding,mitochondrial ribosomal protein S17
FBgn0038887,CG7907,CG7907,protein_coding,CG7907
FBgn0262351,CG43049,CG43049,protein_coding,CG43049
FBgn0028909,Gln-CTG-4-1,CR31838,tRNA,Glutamine-CTG 4-1
FBgn0032658,CG5681,CG5681,protein_coding,CG5681
FBgn0037185,CG11367,CG11367,protein_coding,CG11367
FBgn0040795,CG13038,CG13038,protein_coding,CG13038
FBgn0037356,CG12170,CG12170,protein_coding,CG12170
FBgn0002862,Mst87F,CG17956,protein_coding,Male-specific RNA 87F
FBgn0054027,CG34027,CG34027,protein_coding,CG34027
FBgn0265200,CR44260,CR44260,ncRNA,CR44260
FBgn0032293,Dpy-30L1,CG6444,protein_coding,Dpy-30-like 1
FBgn0030661,Alp11,CG8105,protein_coding,Alkaline phosphatase 11
FBgn0050234,Leu-AAG-1-2,CR30234,tRNA,Leucine-AAG 1-2
FBgn0038827,Fancd2,CG17269,protein_coding,Fancd2
FBgn0286914,CR46414,CR46414,ncRNA,CR46414
FBgn0054034,CG34034,CG34034,protein_coding,CG34034
FBgn0034363,CG5327,CG5327,protein_coding,CG5327
FBgn0033145,CG12828,CG12828,protein_coding,CG12828
FBgn0035699,CG13300,CG13300,protein_coding,CG13300
FBgn0051225,Ir94f,CG31225,protein_coding,Ionotropic receptor 94f
FBgn0039807,CG15546,CG15546,protein_coding,CG15546
FBgn0267085,CR45529,CR45529,ncRNA,CR45529
FBgn0033499,CG12914,CG12914,protein_coding,CG12914
FBgn0263258,chas,CG32556,protein_coding,chascon
FBgn0051251,CG31251,CG31251,protein_coding,CG31251
FBgn0263404,CG43450,CG43450,protein_coding,CG43450
FBgn0030600,hiw,CG32592,protein_coding,highwire
FBgn0014396,tim,CG3234,protein_coding,timeless
FBgn0036221,CG11588,CG11588,protein_coding,CG11588
FBgn0266842,CR45304,CR45304,ncRNA,CR45304
FBgn0036913,Usp32,CG8334,protein_coding,Ubiquitin specific protease 32
FBgn0015919,caup,CG10605,protein_coding,caupolican
FBgn0265169,CR44238,CR44238,ncRNA,CR44238
FBgn0037781,Fancl,CG12812,protein_coding,Fancl
FBgn0051122,CG31122,CG31122,protein_coding,CG31122
FBgn0001215,Hrb98DE,CG9983,protein_coding,Heterogeneous nuclear ribonucleoprotein at 98DE
FBgn0015039,Cyp9b2,CG4486,protein_coding,Cytochrome P450 9b2
FBgn0267603,CR45941,CR45941,ncRNA,CR45941
FBgn0036783,CheA75a,CG7313,protein_coding,Chemosensory protein A 75a
FBgn0266141,CR44847,CR44847,ncRNA,CR44847
FBgn0005391,Yp2,CG2979,protein_coding,Yolk protein 2
FBgn0037647,RagA-B,CG11968,protein_coding,Ras-related GTP binding A/B
FBgn0037578,PNKP,CG9601,protein_coding,Polynucleotide kinase 3'-phosphatase
FBgn0250846,glob2,CG15180,protein_coding,globin 2
FBgn0259190,Ir7d,CG42294,protein_coding,Ionotropic receptor 7d
FBgn0032336,AstC,CG14919,protein_coding,Allatostatin C
FBgn0039428,CG14237,CG14237,protein_coding,CG14237
FBgn0053233,CG33233,CG33233,protein_coding,CG33233
FBgn0053446,CR33446,CR33446,rRNA,CR33446
FBgn0243513,cnir,CG17262,protein_coding,cornichon related
FBgn0030807,CG13000,CG13000,protein_coding,CG13000
FBgn0037339,Pi4KIIalpha,CG2929,protein_coding,Phosphatidylinositol 4-kinase II alpha
FBgn0038172,Adgf-D,CG9621,protein_coding,Adenosine deaminase-related growth factor D
FBgn0031267,Ipk2,CG13688,protein_coding,Inositol phosphate kinase 2
FBgn0286034,CR46354,CR46354,ncRNA,CR46354
FBgn0031276,CG12506,CG12506,protein_coding,CG12506
FBgn0031474,CG2991,CG2991,protein_coding,CG2991
FBgn0051183,CG31183,CG31183,protein_coding,CG31183
FBgn0266938,CR45389,CR45389,ncRNA,CR45389
FBgn0043025,Adgf-A2,CG32178,protein_coding,Adenosine deaminase-related growth factor A2
FBgn0051580,Ala-AGC-2-8,CR31580,tRNA,Alanine-AGC 2-8
FBgn0053360,CR33360,CR33360,rRNA,CR33360
FBgn0037069,Cpr78Cc,CG7658,protein_coding,Cuticular protein 78Cc
FBgn0260642,Antp,CG1028,protein_coding,Antennapedia
FBgn0050288,CG30288,CG30288,protein_coding,CG30288
FBgn0032494,Jhbp13,CG5945,protein_coding,Juvenile hormone binding protein 13
FBgn0082994,Psi28S-1837c,CR34638,snoRNA,Psi28S-1837c
FBgn0013725,phyl,CG10108,protein_coding,phyllopod
FBgn0036908,TORIP,CG14103,protein_coding,Torsin interacting protein
FBgn0032853,CG10651,CG10651,protein_coding,CG10651
FBgn0262731,CG33941,CG33941,protein_coding,CG33941
FBgn0267992,CR46259,CR46259,ncRNA,CR46259
FBgn0036143,CG14142,CG14142,protein_coding,CG14142
FBgn0038003,CG3916,CG3916,protein_coding,CG3916
FBgn0259184,CG42288,CG42288,protein_coding,CG42288
FBgn0027055,CSN3,CG18332,protein_coding,COP9 signalosome subunit 3
FBgn0034763,RYBP,CG12190,protein_coding,Ring and YY1 Binding Protein
FBgn0051106,CG31106,CG31106,protein_coding,CG31106
FBgn0015218,eIF4E1,CG4035,protein_coding,eukaryotic translation initiation factor 4E1
FBgn0039582,Or98b,CG1867,protein_coding,Odorant receptor 98b
FBgn0045035,tefu,CG6535,protein_coding,telomere fusion
FBgn0053732,430f,CR33732,ncRNA,small non-coding RNA 430f
FBgn0029720,CG3009,CG3009,protein_coding,CG3009
FBgn0004003,wbl,CG7225,protein_coding,windbeutel
FBgn0041789,Pax,CG31794,protein_coding,Paxillin
FBgn0053169,CG33169,CG33169,protein_coding,CG33169
FBgn0265980,CR44759,CR44759,ncRNA,CR44759
FBgn0039214,puf,CG5794,protein_coding,puffyeye
FBgn0262357,CG43055,CG43055,protein_coding,CG43055
FBgn0031904,CG5149,CG5149,protein_coding,CG5149
FBgn0286809,xmas,CG46386,protein_coding,xmas
FBgn0263613,CR43622,CR43622,ncRNA,CR43622
FBgn0085582,CR41257,CR41257,ncRNA,CR41257
FBgn0034634,CG10494,CG10494,protein_coding,CG10494
FBgn0286979,CG46439,CG46439,protein_coding,CG46439
FBgn0031770,CG13995,CG13995,protein_coding,CG13995
FBgn0032860,CG15130,CG15130,protein_coding,CG15130
FBgn0262619,DNAlig1,CG5602,protein_coding,DNA ligase 1
FBgn0045770,S-Lap3,CG32063,protein_coding,Sperm-Leucylaminopeptidase 3
FBgn0032246,Wdfy2,CG5168,protein_coding,WD repeat and FYVE domain containing 2
FBgn0036232,CG14125,CG14125,protein_coding,CG14125
FBgn0266210,CR44905,CR44905,ncRNA,CR44905
FBgn0037427,Osi17,CG15598,protein_coding,Osiris 17
FBgn0263916,Ent2,CG31911,protein_coding,Equilibrative nucleoside transporter 2
FBgn0033358,spab,CG8216,protein_coding,space blanket
FBgn0264476,CR43884,CR43884,ncRNA,CR43884
FBgn0038286,CG6966,CG6966,protein_coding,CG6966
FBgn0033015,d4,CG2682,protein_coding,d4
FBgn0011771,Hem,CG5837,protein_coding,HEM-protein
FBgn0033380,Phax,CG8069,protein_coding,Phosphorylated adaptor for RNA export
FBgn0038821,CG17267,CG17267,protein_coding,CG17267
FBgn0035823,eIF4E5,CG8277,protein_coding,eukaryotic translation initiation factor 4E5
FBgn0265089,eIF4E3,CG8023,protein_coding,eukaryotic translation initiation factor 4E3
FBgn0266592,CR45117,CR45117,ncRNA,CR45117
FBgn0044047,Ilp6,CG14049,protein_coding,Insulin-like peptide 6
FBgn0036857,Aldh7A1,CG9629,protein_coding,Aldehyde dehydrogenase 7 family member A1
FBgn0086664,Psi28S-2149,CR33776,snoRNA,Psi28S-2149
FBgn0038016,MBD-R2,CG10042,protein_coding,MBD-R2
FBgn0266537,CR45098,CR45098,ncRNA,CR45098
FBgn0042131,CG18808,CG18808,protein_coding,CG18808
FBgn0036654,CG9692,CG9692,protein_coding,CG9692
FBgn0085481,CG34452,CG34452,protein_coding,CG34452
FBgn0039759,CG9733,CG9733,protein_coding,CG9733
FBgn0039689,CIA30,CG7598,protein_coding,"Complex I intermediate-associated protein, 30 kDa"
FBgn0050085,Rif1,CG30085,protein_coding,Rap1 interacting factor 1
FBgn0263498,CR43487,CR43487,ncRNA,CR43487
FBgn0027589,CG1688,CG1688,protein_coding,CG1688
FBgn0050050,CG30050,CG30050,protein_coding,CG30050
FBgn0032971,ttm3,CG6691,protein_coding,tiny tim 3
FBgn0036710,CG6479,CG6479,protein_coding,CG6479
FBgn0053109,CG33109,CG33109,protein_coding,CG33109
FBgn0054024,CR34024,CR34024,ncRNA,CR34024
FBgn0267767,CR46098,CR46098,ncRNA,CR46098
FBgn0011281,Obp83a,CG11421,protein_coding,Odorant-binding protein 83a
FBgn0085327,CG34298,CG34298,protein_coding,CG34298
FBgn0040102,lectin-24Db,CG2958,protein_coding,lectin-24Db
FBgn0034645,ND-B12,CG10320,protein_coding,NADH dehydrogenase (ubiquinone) B12 subunit
FBgn0034904,CG15800,CG15800,protein_coding,CG15800
FBgn0061209,CG17949,CG17949,protein_coding,CG17949
FBgn0014949,btn,CG5264,protein_coding,buttonless
FBgn0265429,CG44341,CG44341,protein_coding,CG44341
FBgn0011891,Lys-CTT-1-1,CR32837,tRNA,Lysine-CTT 1-1
FBgn0033344,CG8252,CG8252,protein_coding,CG8252
FBgn0287615,CR46484,CR46484,ncRNA,CR46484
FBgn0260388,CG42514,CG42514,protein_coding,CG42514
FBgn0031749,CG14000,CG14000,protein_coding,CG14000
FBgn0032061,CatB,CG9314,protein_coding,Catalase B
FBgn0030629,CG9123,CG9123,protein_coding,CG9123
FBgn0058053,CR40053,CR40053,ncRNA,CR40053
FBgn0262572,CG43112,CG43112,protein_coding,CG43112
FBgn0262252,mir-965,CR42959,ncRNA,mir-965 stem loop
FBgn0014029,Septin2,CG4173,protein_coding,Septin 2
FBgn0040080,pins,CG5692,protein_coding,partner of inscuteable
FBgn0265191,Gyg,CG44244,protein_coding,Glycogenin
FBgn0037664,CG8420,CG8420,protein_coding,CG8420
FBgn0013702,Pro-TGG,CR34088,tRNA,Proline-TGG
FBgn0037895,bumpel,CG6723,protein_coding,brother of rumpel
FBgn0000826,png,CG11420,protein_coding,pan gu
FBgn0033261,udd,CG18316,protein_coding,under-developed
FBgn0038304,CG12241,CG12241,protein_coding,CG12241
FBgn0266595,CR45120,CR45120,ncRNA,CR45120
FBgn0264691,Lst8,CG3004,protein_coding,Lst8
FBgn0264506,CR43905,CR43905,ncRNA,CR43905
FBgn0265150,CR44219,CR44219,ncRNA,CR44219
FBgn0051495,CG31495,CG31495,protein_coding,CG31495
FBgn0085427,CG34398,CG34398,protein_coding,CG34398
FBgn0036121,CG6310,CG6310,protein_coding,CG6310
FBgn0033812,Pex13,CG4663,protein_coding,Peroxin 13
FBgn0038166,CG9588,CG9588,protein_coding,CG9588
FBgn0053797,CR33797,CR33797,pseudogene,CR33797
FBgn0033787,CG13321,CG13321,protein_coding,CG13321
FBgn0267055,CR45499,CR45499,pseudogene,CR45499
FBgn0034200,Gbp2,CG11395,protein_coding,Growth-blocking peptide 2
FBgn0035977,PGRP-LF,CG4437,protein_coding,Peptidoglycan recognition protein LF
FBgn0260943,Rbp6,CG32169,protein_coding,RNA-binding protein 6
FBgn0260459,CG14106,CG14106,protein_coding,CG14106
FBgn0287185,nvd,CG40050,protein_coding,neverland
FBgn0264989,CG44140,CG44140,protein_coding,CG44140
FBgn0028912,Pro-AGG-1-2,CR31983,tRNA,Proline-AGG 1-2
FBgn0035282,CNMa,CG13936,protein_coding,CNMamide
FBgn0042201,Nplp3,CG13061,protein_coding,Neuropeptide-like precursor 3
FBgn0267963,CR46243,CR46243,ncRNA,CR46243
FBgn0004172,Mst84Da,CG17946,protein_coding,Male-specific RNA 84Da
FBgn0265856,CR44645,CR44645,ncRNA,CR44645
FBgn0037061,Trmt112,CG12975,protein_coding,tRNA methyltransferase subunit 11-2
FBgn0259731,tal-2A,CG42385,protein_coding,tarsal-less 2A
FBgn0035444,CG12012,CG12012,protein_coding,CG12012
FBgn0050457,CG30457,CG30457,protein_coding,CG30457
FBgn0000247,ca,CG31037,protein_coding,claret
FBgn0050469,Ir52b,CG30469,protein_coding,Ionotropic receptor 52b
FBgn0036937,Ir76b,CG7385,protein_coding,Ionotropic receptor 76b
FBgn0028546,ics,CG9031,protein_coding,icarus
FBgn0030323,Vlet,CG2371,protein_coding,Valette
FBgn0039402,Vps2,CG14542,protein_coding,Vacuolar protein sorting 2
FBgn0085438,CG34409,CG34409,protein_coding,CG34409
FBgn0027358,Tim9b,CG17767,protein_coding,Translocase of inner membrane 9b
FBgn0263386,CG43438,CG43438,protein_coding,CG43438
FBgn0267482,CR45832,CR45832,ncRNA,CR45832
FBgn0083967,Muted,CG34131,protein_coding,Muted
FBgn0051716,Cnot4,CG31716,protein_coding,CCR4-NOT transcription complex subunit 4
FBgn0032366,CG14930,CG14930,protein_coding,CG14930
FBgn0031723,CG7251,CG7251,protein_coding,CG7251
FBgn0265927,CR44716,CR44716,ncRNA,CR44716
FBgn0051480,Thr-CGT-1-1,CR31480,tRNA,Threonine-CGT 1-1
FBgn0033724,CG8501,CG8501,protein_coding,CG8501
FBgn0014850,Eig71Ej,CG7588,protein_coding,Eig71Ej
FBgn0038416,CG17930,CG17930,protein_coding,CG17930
FBgn0031954,CG14537,CG14537,protein_coding,CG14537
FBgn0267321,CR45757,CR45757,ncRNA,CR45757
FBgn0031066,COX6B,CG14235,protein_coding,Cytochrome c oxidase subunit 6B
FBgn0265300,CR44273,CR44273,ncRNA,CR44273
FBgn0032785,CG10026,CG10026,protein_coding,CG10026
FBgn0036153,CG7573,CG7573,protein_coding,CG7573
FBgn0003607,Su(var)205,CG8409,protein_coding,Suppressor of variegation 205
FBgn0286921,CR46421,CR46421,pseudogene,CR46421
FBgn0263576,mir-4919,CR43561,ncRNA,mir-4919 stem loop
FBgn0265884,CR44673,CR44673,ncRNA,CR44673
FBgn0040342,CG3706,CG3706,protein_coding,CG3706
FBgn0034537,DMAP1,CG11132,protein_coding,DNA methyltransferase 1 associated protein 1
FBgn0027529,tapas,CG8920,protein_coding,tapas
FBgn0266044,CR44809,CR44809,ncRNA,CR44809
FBgn0038790,MtnC,CG5097,protein_coding,Metallothionein C
FBgn0030826,CG12995,CG12995,protein_coding,CG12995
FBgn0046999,CG6429,CG6429,protein_coding,CG6429
FBgn0286927,CR46424,CR46424,pseudogene,CR46424
FBgn0035755,CG14830,CG14830,protein_coding,CG14830
FBgn0051145,CG31145,CG31145,protein_coding,CG31145
FBgn0262010,CG42828,CG42828,protein_coding,CG42828
FBgn0260470,SP555,CG14041,protein_coding,SP555
FBgn0086357,Sec61alpha,CG9539,protein_coding,Sec61 alpha subunit
FBgn0031573,CG3407,CG3407,protein_coding,CG3407
FBgn0013762,Cdk5,CG8203,protein_coding,Cyclin-dependent kinase 5
FBgn0028473,Non1,CG8801,protein_coding,Novel nucleolar protein 1
FBgn0086041,Me18S-A469,CR34670,snoRNA,CR34670
FBgn0053901,CG33901,CG33901,protein_coding,CG33901
FBgn0038621,CG10864,CG10864,protein_coding,CG10864
FBgn0050178,CG30178,CG30178,protein_coding,CG30178
FBgn0029942,CG2059,CG2059,protein_coding,CG2059
FBgn0053289,ppk5,CG33289,protein_coding,pickpocket 5
FBgn0021814,Vps28,CG12770,protein_coding,Vacuolar protein sorting 28
FBgn0265082,Cdep,CG44193,protein_coding,Chondrocyte-derived ezrin-like domain containing protein
FBgn0030389,CG15927,CG15927,protein_coding,CG15927
FBgn0082971,Psi28S-3316b,CR34548,snoRNA,Psi28S-3316b
FBgn0037490,CG10053,CG10053,protein_coding,CG10053
FBgn0015577,alpha-Est9,CG1128,protein_coding,alpha-Esterase-9
FBgn0015766,Msr-110,CG10596,protein_coding,Msr-110
FBgn0037536,CG2698,CG2698,protein_coding,CG2698
FBgn0267966,CR46246,CR46246,ncRNA,CR46246
FBgn0053269,CG33269,CG33269,protein_coding,CG33269
FBgn0036063,CG6674,CG6674,protein_coding,CG6674
FBgn0031652,jet,CG8873,protein_coding,jetlag
FBgn0026181,Rok,CG9774,protein_coding,Rho kinase
FBgn0267144,CR45584,CR45584,ncRNA,CR45584
FBgn0265001,ppk18,CG44152,protein_coding,pickpocket 18
FBgn0266330,CR44995,CR44995,ncRNA,CR44995
FBgn0013770,CtsL1,CG6692,protein_coding,Cathepsin L1
FBgn0002838,ms(3)K81,CG14251,protein_coding,male sterile (3) K81
FBgn0265362,CG44303,CG44303,protein_coding,CG44303
FBgn0288736,CG46511,CG46511,protein_coding,CG46511
FBgn0036459,CG3349,CG3349,protein_coding,CG3349
FBgn0053802,CR33802,CR33802,pseudogene,CR33802
FBgn0267452,CR45802,CR45802,ncRNA,CR45802
FBgn0035989,Atat,CG3967,protein_coding,alpha-tubulin acetylase
FBgn0052103,SCaMC,CG32103,protein_coding,Short Calcium-binding Mitochondrial Carrier
FBgn0058191,CG40191,CG40191,protein_coding,CG40191
FBgn0037934,CG6830,CG6830,protein_coding,CG6830
FBgn0263379,CR43431,CR43431,ncRNA,CR43431
FBgn0038223,Afti,CG8538,protein_coding,Aftiphilin
FBgn0031972,Wwox,CG7221,protein_coding,WW domain containing oxidoreductase
FBgn0032202,REPTOR-BP,CG18619,protein_coding,REPTOR-binding partner
FBgn0036062,CG6685,CG6685,protein_coding,CG6685
FBgn0039937,fd102C,CG11152,protein_coding,forkhead domain 102C
FBgn0264716,CR43984,CR43984,ncRNA,CR43984
FBgn0037702,CG8176,CG8176,protein_coding,CG8176
FBgn0002856,Acp26Ab,CG9024,protein_coding,Accessory gland protein 26Ab
FBgn0000578,ena,CG15112,protein_coding,enabled
FBgn0038725,CG6184,CG6184,protein_coding,CG6184
FBgn0262418,mir-6-3,CR42966,ncRNA,mir-6-3 stem loop
FBgn0033273,Gasz,CG2183,protein_coding,Gasz
FBgn0063376,54Eb,CR32891,snoRNA,54Eb
FBgn0039371,CG4960,CG4960,protein_coding,CG4960
FBgn0035063,CG3594,CG3594,protein_coding,CG3594
FBgn0085312,CG34283,CG34283,protein_coding,CG34283
FBgn0263593,Lpin,CG8709,protein_coding,Lipin
FBgn0034009,CG8155,CG8155,protein_coding,CG8155
FBgn0028514,CG4793,CG4793,protein_coding,CG4793
FBgn0041097,robo3,CG5423,protein_coding,roundabout 3
FBgn0052208,825-Oak,CG32208,protein_coding,825-Oak
FBgn0052195,CG32195,CG32195,protein_coding,CG32195
FBgn0035407,Asciz,CG14962,protein_coding,ASCIZ zinc finger protein
FBgn0083041,Psi18S-1854b,CR34600,snoRNA,Psi18S-1854b
FBgn0036386,CG8833,CG8833,protein_coding,CG8833
FBgn0036872,CG12519,CG12519,protein_coding,CG12519
FBgn0028882,Pro-AGG-1-1,CR31985,tRNA,Proline-AGG 1-1
FBgn0035337,CG15877,CG15877,protein_coding,CG15877
FBgn0267316,CR45752,CR45752,ncRNA,CR45752
FBgn0286915,CR46415,CR46415,pseudogene,CR46415
FBgn0032170,CG4658,CG4658,protein_coding,CG4658
FBgn0027359,Tim8,CG1728,protein_coding,Tim8
FBgn0024989,CG3777,CG3777,protein_coding,CG3777
FBgn0038681,Cyp12a4,CG6042,protein_coding,Cytochrome P450 12a4
FBgn0051144,CR31144,CR31144,ncRNA,CR31144
FBgn0261509,haf,CG14351,protein_coding,hattifattener
FBgn0025716,Bap55,CG6546,protein_coding,Brahma associated protein 55kD
FBgn0031388,CG12674,CG12674,protein_coding,CG12674
FBgn0039065,Rad60,CG4449,protein_coding,Rad60
FBgn0263764,CR43681,CR43681,ncRNA,CR43681
FBgn0036212,CG11597,CG11597,protein_coding,CG11597
FBgn0050155,Trp-CCA-1-1,CR30155,tRNA,Tryptophan-CCA 1-1
FBgn0263768,CR43685,CR43685,ncRNA,CR43685
FBgn0013813,Dhc98D,CG1842,protein_coding,Dynein heavy chain at 89D
FBgn0264370,CR43822,CR43822,ncRNA,CR43822
FBgn0036222,SdhAL,CG5718,protein_coding,"Succinate dehydrogenase, subunit A (flavoprotein)-like"
FBgn0002023,Lim3,CG10699,protein_coding,Lim3
FBgn0259955,CG42465,CG42465,protein_coding,CG42465
FBgn0039087,Ugt303B2,CG10168,protein_coding,UDP-glycosyltransferase family 303 member B2
FBgn0032022,CG14275,CG14275,protein_coding,CG14275
FBgn0039645,CG11898,CG11898,protein_coding,CG11898
FBgn0040392,CG14050,CG14050,protein_coding,CG14050
FBgn0038753,CG4459,CG4459,protein_coding,CG4459
FBgn0036586,CG13070,CG13070,protein_coding,CG13070
FBgn0035630,CG10576,CG10576,protein_coding,CG10576
FBgn0287844,Dhc1,CG9492,protein_coding,Dynein heavy chain 1
FBgn0259196,CG42300,CG42300,protein_coding,CG42300
FBgn0051823,CG31823,CG31823,protein_coding,CG31823
FBgn0031622,CG3251,CG3251,protein_coding,CG3251
FBgn0031643,CG3008,CG3008,protein_coding,CG3008
FBgn0053702,CG33702,CG33702,protein_coding,CG33702
FBgn0030928,CG15044,CG15044,protein_coding,CG15044
FBgn0033734,CG8520,CG8520,protein_coding,CG8520
FBgn0265709,CR44516,CR44516,ncRNA,CR44516
FBgn0266858,CR45319,CR45319,ncRNA,CR45319
FBgn0260434,CG42529,CG42529,protein_coding,CG42529
FBgn0035715,Ist1,CG10103,protein_coding,CG10103
FBgn0051459,CG31459,CG31459,protein_coding,CG31459
FBgn0030570,CG12540,CG12540,protein_coding,CG12540
FBgn0028646,aralar1,CG2139,protein_coding,aralar1
FBgn0260991,Incenp,CG12165,protein_coding,Inner centromere protein
FBgn0035464,PIG-B,CG12006,protein_coding,Phosphatidylinositol glycan anchor biosynthesis class B
FBgn0031233,Tbc1d15-17,CG11490,protein_coding,TBC1 domain family member 15/17
FBgn0013706,Ser-TGA,CR34091,tRNA,Serine-TGA
FBgn0039915,Gat,CG1732,protein_coding,GABA transporter
FBgn0039346,CG5079,CG5079,protein_coding,CG5079
FBgn0004049,yrt,CG9764,protein_coding,yurt
FBgn0033979,Cyp6a19,CG10243,protein_coding,Cytochrome P450 6a19
FBgn0033520,Prx6b,CG12405,protein_coding,Peroxiredoxin 6b
FBgn0024293,Spn43Ab,CG1865,protein_coding,Serpin 43Ab
FBgn0037843,CG4511,CG4511,protein_coding,CG4511
FBgn0035317,Oseg2,CG13809,protein_coding,Outer segment 2
FBgn0028878,CG15269,CG15269,protein_coding,CG15269
FBgn0051704,CG31704,CG31704,protein_coding,CG31704
FBgn0032603,CG17928,CG17928,protein_coding,CG17928
FBgn0034797,nahoda,CG12781,protein_coding,nahoda
FBgn0035501,CG1299,CG1299,protein_coding,CG1299
FBgn0286872,CG46394,CG46394,protein_coding,CG46394
FBgn0035936,Tsp66E,CG4999,protein_coding,Tetraspanin 66E
FBgn0000557,eEF1alpha2,CG1873,protein_coding,eukaryotic translation elongation factor 1 alpha 2
FBgn0037742,Rpt3R,CG9475,protein_coding,Regulatory particle triple-A ATPase 3-related
FBgn0031609,CG15443,CG15443,protein_coding,CG15443
FBgn0029737,Hgsnat,CG6903,protein_coding,Heparan-alpha-glucosaminide N-acetyltransferase
FBgn0031663,CG8891,CG8891,protein_coding,CG8891
FBgn0031918,CG6055,CG6055,protein_coding,CG6055
FBgn0030571,CG14414,CG14414,protein_coding,CG14414
FBgn0030840,p-cup,CG12993,protein_coding,presidents-cup
FBgn0028436,ECSIT,CG10610,protein_coding,ECSIT
FBgn0004047,Yp3,CG11129,protein_coding,Yolk protein 3
FBgn0030761,CG9784,CG9784,protein_coding,CG9784
FBgn0000543,ecd,CG5714,protein_coding,ecdysoneless
FBgn0034782,CG12490,CG12490,protein_coding,CG12490
FBgn0032153,CG4537,CG4537,protein_coding,CG4537
FBgn0053431,CR33431,CR33431,rRNA,CR33431
FBgn0024558,Dph5,CG31289,protein_coding,Diphthamide methyltransferase
FBgn0265590,CR44417,CR44417,ncRNA,CR44417
FBgn0026598,Apc2,CG6193,protein_coding,Adenomatous polyposis coli 2
FBgn0260644,CG42536,CG42536,protein_coding,CG42536
FBgn0267900,CR46188,CR46188,pseudogene,CR46188
FBgn0035543,CG15020,CG15020,protein_coding,CG15020
FBgn0266866,CR45327,CR45327,ncRNA,CR45327
FBgn0016038,Vsp37A,CG17828,protein_coding,Vacuolar protein sorting 37A
FBgn0026372,RpL23A,CG7977,protein_coding,Ribosomal protein L23A
FBgn0052053,CG32053,CG32053,protein_coding,CG32053
FBgn0085219,CG34190,CG34190,protein_coding,CG34190
FBgn0250824,CG33655,CG33655,protein_coding,CG33655
FBgn0034475,Obp56h,CG13874,protein_coding,Odorant-binding protein 56h
FBgn0265378,CR44319,CR44319,ncRNA,CR44319
FBgn0032477,Alg7,CG5287,protein_coding,Alg7 dolichyl-phosphate N-acetylglucosaminephosphotransferase
FBgn0035473,mge,CG14981,protein_coding,maggie
FBgn0003082,phr,CG11205,protein_coding,photorepair
FBgn0263398,Uck,CG6364,protein_coding,Uridine-cytidine kinase
FBgn0261239,Hr39,CG8676,protein_coding,Hormone receptor-like in 39
FBgn0264086,CG43755,CG43755,protein_coding,CG43755
FBgn0065051,MeU5-U42,CR33716,snoRNA, MeU5-U42
FBgn0260935,Vps15,CG9746,protein_coding,Vacuolar protein sorting 15
FBgn0031941,ATPsynGL,CG7211,protein_coding,"ATP synthase, subunit G-like"
FBgn0265841,CR44630,CR44630,ncRNA,CR44630
FBgn0031834,CG13766,CG13766,protein_coding,CG13766
FBgn0029824,CG3726,CG3726,protein_coding,CG3726
FBgn0053410,CR33410,CR33410,rRNA,CR33410
FBgn0036441,CG13476,CG13476,protein_coding,CG13476
FBgn0052181,CG32181,CG32181,protein_coding,CG32181
FBgn0032069,LManVI,CG9468,protein_coding,Lysosomal alpha-mannosidase VI
FBgn0034271,Vps50,CG4996,protein_coding,Vacuolar protein sorting 50
FBgn0053160,CG33160,CG33160,protein_coding,CG33160
FBgn0026391,Or33b,CG16961,protein_coding,Odorant receptor 33b
FBgn0032090,CG9582,CG9582,protein_coding,CG9582
FBgn0028920,CG8997,CG8997,protein_coding,CG8997
FBgn0027052,STUB1,CG5203,protein_coding,STIP1 homology and U-box containing protein 1
FBgn0000221,brn,CG4934,protein_coding,brainiac
FBgn0259986,nab,CG33545,protein_coding,nab
FBgn0031561,IM33,CG16712,protein_coding,Immune induced molecule 33
FBgn0035793,CG7546,CG7546,protein_coding,CG7546
FBgn0053845,CG33845,CG33845,protein_coding,CG33845
FBgn0037031,CG11456,CG11456,protein_coding,CG11456
FBgn0267120,CR45560,CR45560,ncRNA,CR45560
FBgn0034335,GstE1,CG5164,protein_coding,Glutathione S transferase E1
FBgn0267961,CR46241,CR46241,ncRNA,CR46241
FBgn0051780,CG31780,CG31780,protein_coding,CG31780
FBgn0028382,cyp33,CG4886,protein_coding,cyclophilin-33
FBgn0003129,Poxm,CG9610,protein_coding,Pox meso
FBgn0028667,Vha16-3,CG32090,protein_coding,Vacuolar H[+] ATPase 16kD subunit 3
FBgn0067782,att-ORFB,CG33488,protein_coding,alternative testis transcripts open reading frame B
FBgn0031970,CG7227,CG7227,protein_coding,CG7227
FBgn0010830,l(3)04053,CG11238,protein_coding,lethal (3) 04053
FBgn0262621,CG43145,CG43145,protein_coding,CG43145
FBgn0003079,Raf,CG2845,protein_coding,Raf oncogene
FBgn0032456,MRP,CG6214,protein_coding,Multidrug-Resistance like Protein 1
FBgn0027081,ThrRS,CG5353,protein_coding,Threonyl-tRNA synthetase
FBgn0039554,CG5003,CG5003,protein_coding,CG5003
FBgn0265487,mbl,CG33197,protein_coding,muscleblind
FBgn0031454,HemK2,CG9960,protein_coding,HemK methyltransferase 2
FBgn0267294,CR45730,CR45730,ncRNA,CR45730
FBgn0266943,CR45394,CR45394,ncRNA,CR45394
FBgn0000094,Anp,CG1361,protein_coding,Andropin
FBgn0040298,Myt1,CG32417,protein_coding,Myt1
FBgn0032066,LManIII,CG9463,protein_coding,Lysosomal alpha-mannosidase III
FBgn0013694,Gly-TCC,CR34075,tRNA,Glycine-TCC
FBgn0284220,Top2,CG10223,protein_coding,Topoisomerase 2
FBgn0029518,CG13376,CG13376,protein_coding,CG13376
FBgn0050296,RIC-3,CG30296,protein_coding,RIC3 acetylcholine receptor chaperone
FBgn0031987,CG12375,CG12375,protein_coding,CG12375
FBgn0029645,CG14422,CG14422,protein_coding,CG14422
FBgn0086757,Golgin97,CG4840,protein_coding,Golgin 97
FBgn0053294,CR33294,CR33294,pseudogene,CR33294
FBgn0037431,CG17917,CG17917,protein_coding,CG17917
FBgn0267716,CR46049,CR46049,ncRNA,CR46049
FBgn0037873,SdhC,CG6666,protein_coding,"Succinate dehydrogenase, subunit C"
FBgn0010041,GstD5,CG12242,protein_coding,Glutathione S transferase D5
FBgn0052105,Lmx1a,CG32105,protein_coding,LIM homeobox transcription factor 1 alpha
FBgn0036414,nan,CG5842,protein_coding,nanchung
FBgn0037555,Ada2b,CG9638,protein_coding,transcriptional Adaptor 2b
FBgn0031719,CG18269,CG18269,protein_coding,CG18269
FBgn0262582,cic,CG43122,protein_coding,capicua
FBgn0040291,Roc1b,CG16988,protein_coding,Regulator of cullins 1b
FBgn0263567,mir-4915,CR43552,ncRNA,mir-4915 stem loop
FBgn0064126,CG33722,CG33722,protein_coding,CG33722
FBgn0032755,CG17344,CG17344,protein_coding,CG17344
FBgn0267089,CR45533,CR45533,ncRNA,CR45533
FBgn0037416,Osi9,CG15592,protein_coding,Osiris 9
FBgn0033048,CG7881,CG7881,protein_coding,CG7881
FBgn0266217,CR44912,CR44912,ncRNA,CR44912
FBgn0013772,Cyp6a8,CG10248,protein_coding,Cytochrome P450 6a8
FBgn0266312,CR44977,CR44977,ncRNA,CR44977
FBgn0038989,CG6937,CG6937,protein_coding,CG6937
FBgn0029941,CG1677,CG1677,protein_coding,CG1677
FBgn0033516,CG12898,CG12898,protein_coding,CG12898
FBgn0083228,Frq2,CG5907,protein_coding,Frequenin 2
FBgn0010424,TpnC73F,CG7930,protein_coding,Troponin C at 73F
FBgn0265467,CR44360,CR44360,ncRNA,CR44360
FBgn0039290,CG13654,CG13654,protein_coding,CG13654
FBgn0262097,CR42850,CR42850,ncRNA,CR42850
FBgn0266222,CR44917,CR44917,ncRNA,CR44917
FBgn0260987,vtd,CG17436,protein_coding,verthandi
FBgn0053458,CG33458,CG33458,protein_coding,CG33458
FBgn0265073,CR44184,CR44184,ncRNA,CR44184
FBgn0037921,Zaf1,CG6808,protein_coding,ZAD and Architectural Function 1
FBgn0261814,CR42756,CR42756,ncRNA,CR42756
FBgn0004897,fd96Ca,CG11921,protein_coding,forkhead domain 96Ca
FBgn0286877,CG46399,CG46399,protein_coding,CG46399
FBgn0030017,CG2278,CG2278,protein_coding,CG2278
FBgn0036691,beg,CG7842,protein_coding,bad egg
FBgn0267006,CR45450,CR45450,ncRNA,CR45450
FBgn0027549,Nulp1,CG7927,protein_coding,Nuclear localized protein 1
FBgn0265914,CR44703,CR44703,ncRNA,CR44703
FBgn0065105,157,CR33707,ncRNA,small non-coding RNA 157
FBgn0038448,CG12783,CG12783,protein_coding,CG12783
FBgn0263133,mEFG1,CG4567,protein_coding,mitochondrial translation elongation factor G 1
FBgn0039511,CG3330,CG3330,protein_coding,CG3330
FBgn0000499,dsh,CG18361,protein_coding,dishevelled
FBgn0284252,Letm1,CG4589,protein_coding,Leucine zipper and EF-hand containing transmembrane protein 1
FBgn0035452,CG10359,CG10359,protein_coding,CG10359
FBgn0000053,Gart,CG31628,protein_coding,GART trifunctional enzyme
FBgn0264865,CR44056,CR44056,ncRNA,CR44056
FBgn0013323,Ptth,CG13687,protein_coding,Prothoracicotropic hormone
FBgn0030151,CG1354,CG1354,protein_coding,CG1354
FBgn0035572,CG13711,CG13711,protein_coding,CG13711
FBgn0034724,babos,CG3624,protein_coding,babos
FBgn0266643,CR45150,CR45150,ncRNA,CR45150
FBgn0039568,CG4815,CG4815,protein_coding,CG4815
FBgn0032208,Ufd4,CG5604,protein_coding,Ubiquitin fusion-degradation 4-like
FBgn0029729,CG12682,CG12682,protein_coding,CG12682
FBgn0013683,ND4L,CG34086,protein_coding,mitochondrial NADH-ubiquinone oxidoreductase chain 4L
FBgn0065076,185,CR33930,snoRNA,185
FBgn0040031,CG12061,CG12061,protein_coding,CG12061
FBgn0053454,CG33454,CG33454,protein_coding,CG33454
FBgn0031634,Ir25a,CG15627,protein_coding,Ionotropic receptor 25a
FBgn0031633,Fnta,CG2976,protein_coding,Farnesyl transferase alpha subunit
FBgn0051032,CR31032,CR31032,pseudogene,CR31032
FBgn0086254,Akr1B,CG6084,protein_coding,Aldo-keto reductase 1B
FBgn0038532,CG14322,CG14322,protein_coding,CG14322
FBgn0038163,CG10841,CG10841,protein_coding,CG10841
FBgn0026787,Nhe1,CG12178,protein_coding,Na[+]/H[+] hydrogen exchanger 1
FBgn0034379,CG15073,CG15073,protein_coding,CG15073
FBgn0030465,CG15743,CG15743,protein_coding,CG15743
FBgn0086907,Cyt-c-d,CG13263,protein_coding,Cytochrome c distal
FBgn0259167,CG42272,CG42272,protein_coding,CG42272
FBgn0011742,Arp2,CG9901,protein_coding,Actin-related protein 2
FBgn0039091,CG10182,CG10182,protein_coding,CG10182
FBgn0042205,CG18764,CG18764,protein_coding,CG18764
FBgn0025360,Optix,CG18455,protein_coding,Optix
FBgn0031461,daw,CG16987,protein_coding,dawdle
FBgn0034783,CG9825,CG9825,protein_coding,CG9825
FBgn0263093,CR43361,CR43361,pseudogene,CR43361
FBgn0038706,CG3517,CG3517,protein_coding,CG3517
FBgn0051104,CG31104,CG31104,protein_coding,CG31104
FBgn0002789,Mp20,CG4696,protein_coding,Muscle protein 20
FBgn0030915,CG6179,CG6179,protein_coding,CG6179
FBgn0031703,Acsf2,CG12512,protein_coding,Acyl-CoA synthetase family member 2
FBgn0036273,INPP5E,CG10426,protein_coding,Inositol polyphosphate 5-phosphatase E
FBgn0085298,CG34269,CG34269,protein_coding,CG34269
FBgn0034325,CG18539,CG18539,protein_coding,CG18539
FBgn0028396,TotA,CG31509,protein_coding,Turandot A
FBgn0267610,CR45948,CR45948,pseudogene,CR45948
FBgn0035540,Syx17,CG7452,protein_coding,Syntaxin 17
FBgn0050489,Cyp12d1-p,CG30489,protein_coding,Cytochrome P450 12d1 proximal
FBgn0266535,CR45096,CR45096,ncRNA,CR45096
FBgn0260234,Xport-B,CG42508,protein_coding,exit protein of rhodopsin and TRP B
FBgn0010422,TfIIS,CG3710,protein_coding,RNA polymerase II elongation factor
FBgn0013325,RpL11,CG7726,protein_coding,Ribosomal protein L11
FBgn0263354,CG42784,CG42784,protein_coding,CG42784
FBgn0267470,CR45820,CR45820,ncRNA,CR45820
FBgn0029502,Coq7,CG14437,protein_coding,Coenzyme Q7
FBgn0085771,CR40741,CR40741,pseudogene,CR40741
FBgn0050105,CG30105,CG30105,protein_coding,CG30105
FBgn0043783,CG32444,CG32444,protein_coding,CG32444
FBgn0015589,Apc,CG1451,protein_coding,APC-like
FBgn0031815,frj,CG9526,protein_coding,farjavit
FBgn0028931,CG16863,CG16863,protein_coding,CG16863
FBgn0266346,CngB,CG17922,protein_coding,Cyclic nucleotide-gated ion channel subunit B
FBgn0266630,CR45137,CR45137,ncRNA,CR45137
FBgn0026879,CG13364,CG13364,protein_coding,CG13364
FBgn0262353,CG43051,CG43051,protein_coding,CG43051
FBgn0040299,Myo28B1,CG6976,protein_coding,Myosin 28B1
FBgn0033730,Cpr49Ag,CG8511,protein_coding,Cuticular protein 49Ag
FBgn0030320,CG2247,CG2247,protein_coding,CG2247
FBgn0035203,Acat2,CG9149,protein_coding,Acetyl-CoA acetyltransferase 2
FBgn0034168,CG15614,CG15614,protein_coding,CG15614
FBgn0040099,lectin-28C,CG7106,protein_coding,lectin-28C
FBgn0002778,mnd,CG3297,protein_coding,minidiscs
FBgn0265044,CR44161,CR44161,ncRNA,CR44161
FBgn0031317,Charon,CG5118,protein_coding,Charon
FBgn0039378,alpha4GT2,CG5878,protein_coding,"alpha1,4-galactosyltransferase 2"
FBgn0039294,Cad96Cb,CG13664,protein_coding,Cadherin 96Cb
FBgn0266949,CR45400,CR45400,ncRNA,CR45400
FBgn0025680,cry,CG3772,protein_coding,cryptochrome
FBgn0034276,Sardh,CG6385,protein_coding,Sarcosine dehydrogenase
FBgn0053463,CG33463,CG33463,protein_coding,CG33463
FBgn0259785,pzg,CG7752,protein_coding,putzig
FBgn0039773,CG2224,CG2224,protein_coding,CG2224
FBgn0037389,CR10991,CR10991,pseudogene,CR10991
FBgn0262235,mir-983-1,CR42942,ncRNA,mir-983-1 stem loop
FBgn0053239,CG33239,CG33239,protein_coding,CG33239
FBgn0038926,CG13409,CG13409,protein_coding,CG13409
FBgn0267875,CR46163,CR46163,pseudogene,CR46163
FBgn0266681,CR45171,CR45171,ncRNA,CR45171
FBgn0010435,emp,CG2727,protein_coding,epithelial membrane protein
FBgn0030522,amrt,CG11103,protein_coding,amaretto
FBgn0051198,CG31198,CG31198,protein_coding,CG31198
FBgn0052712,CG32712,CG32712,protein_coding,CG32712
FBgn0032465,Yip1d1,CG12404,protein_coding,Yip1 domain-containing 1
FBgn0013987,MAPk-Ak2,CG3086,protein_coding,MAP kinase activated protein-kinase-2
FBgn0040871,CG12479,CG12479,protein_coding,CG12479
FBgn0036579,Tmx3,CG5027,protein_coding,Thioredoxin-related transmembrane protein 3
FBgn0040850,CG15210,CG15210,protein_coding,CG15210
FBgn0045063,fdl,CG8824,protein_coding,fused lobes
FBgn0265038,CR44155,CR44155,ncRNA,CR44155
FBgn0029944,Dok,CG2079,protein_coding,Downstream of kinase
FBgn0264745,CR44003,CR44003,pseudogene,CR44003
FBgn0039656,CG11951,CG11951,protein_coding,CG11951
FBgn0264344,CG43800,CG43800,protein_coding,CG43800
FBgn0261990,CG42808,CG42808,protein_coding,CG42808
FBgn0030432,CG4404,CG4404,protein_coding,CG4404
FBgn0266766,CR45231,CR45231,ncRNA,CR45231
FBgn0053846,CG33846,CG33846,protein_coding,CG33846
FBgn0033828,CG17048,CG17048,protein_coding,CG17048
FBgn0286005,mir-11182,CR46345,ncRNA,mir-11182 stem loop
FBgn0004395,unk,CG4620,protein_coding,unkempt
FBgn0032916,CG9257,CG9257,protein_coding,CG9257
FBgn0265913,CR44702,CR44702,ncRNA,CR44702
FBgn0011884,Ile-AAT-1-6,CR30246,tRNA,Isoleucine-AAT 1-6
FBgn0286916,CR46416,CR46416,ncRNA,CR46416
FBgn0083036,Psi18S-525c,CR34573,snoRNA,Psi18S-525c
FBgn0264539,CR43918,CR43918,ncRNA,CR43918
FBgn0034824,Klp59C,CG3219,protein_coding,Kinesin-like protein at 59C
FBgn0267291,CR45727,CR45727,ncRNA,CR45727
FBgn0037123,CG14569,CG14569,protein_coding,CG14569
FBgn0038465,Irc,CG8913,protein_coding,Immune-regulated catalase
FBgn0085340,CR34311,CR34311,pseudogene,CR34311
FBgn0265685,CR44492,CR44492,ncRNA,CR44492
FBgn0051139,CG31139,CG31139,protein_coding,CG31139
FBgn0287215,CR46445,CR46445,ncRNA,CR46445
FBgn0263392,Tet,CG43444,protein_coding,Ten-Eleven Translocation (TET) family protein
FBgn0033529,Pef,CG17765,protein_coding,Peflin
FBgn0038973,Pebp1,CG18594,protein_coding,Phosphatidylethanolamine-binding protein 1
FBgn0262687,CR43157,CR43157,ncRNA,CR43157
FBgn0034291,CG5770,CG5770,protein_coding,CG5770
FBgn0260874,Ir76a,CG42584,protein_coding,Ionotropic receptor 76a
FBgn0267897,CR46185,CR46185,pseudogene,CR46185
FBgn0032049,Bace,CG13095,protein_coding,beta-site APP-cleaving enzyme
FBgn0005390,fs(1)M3,CG4790,protein_coding,female sterile (1) M3
FBgn0040385,CG12496,CG12496,protein_coding,CG12496
FBgn0039069,CG6763,CG6763,protein_coding,CG6763
FBgn0262382,mir-1010,CR42905,ncRNA,mir-1010 stem loop
FBgn0034454,CG15120,CG15120,protein_coding,CG15120
FBgn0265742,CR44549,CR44549,ncRNA,CR44549
FBgn0039782,CG15539,CG15539,protein_coding,CG15539
FBgn0031760,Tsp26A,CG9093,protein_coding,Tetraspanin 26A
FBgn0031836,CG11050,CG11050,protein_coding,CG11050
FBgn0033887,St4,CG6704,protein_coding,Sulfotransferase 4
FBgn0033685,OSCP1,CG13178,protein_coding,Organic solute carrier partner 1
FBgn0033135,Tsp42En,CG12839,protein_coding,Tetraspanin 42En
FBgn0053120,CG33120,CG33120,protein_coding,CG33120
FBgn0265532,CR44382,CR44382,ncRNA,CR44382
FBgn0044050,Ilp3,CG14167,protein_coding,Insulin-like peptide 3
FBgn0266203,CR44898,CR44898,ncRNA,CR44898
FBgn0259896,NimC1,CG8942,protein_coding,Nimrod C1
FBgn0052194,CR32194,CR32194,ncRNA,CR32194
FBgn0011959,Arg-ACG-1-10,CR31581,tRNA,Arginine-ACG 1-10
FBgn0267298,CR45734,CR45734,ncRNA,CR45734
FBgn0039113,udt,CG10217,protein_coding,undicht
FBgn0038068,CG11600,CG11600,protein_coding,CG11600
FBgn0038207,CG14356,CG14356,protein_coding,CG14356
FBgn0036774,mRpS26,CG7354,protein_coding,mitochondrial ribosomal protein S26
FBgn0037156,CG11523,CG11523,protein_coding,CG11523
FBgn0052939,CG32939,CG32939,protein_coding,CG32939
FBgn0039043,CG17121,CG17121,protein_coding,CG17121
FBgn0036410,CG8100,CG8100,protein_coding,CG8100
FBgn0039757,RpS7,CG1883,protein_coding,Ribosomal protein S7
FBgn0038279,Sdr,CG3837,protein_coding,Secreted decoy of InR
FBgn0039629,CG11842,CG11842,protein_coding,CG11842
FBgn0262536,CG43090,CG43090,protein_coding,CG43090
FBgn0266654,CR45161,CR45161,ncRNA,CR45161
FBgn0053405,CR33405,CR33405,rRNA,CR33405
FBgn0036205,CG14131,CG14131,protein_coding,CG14131
FBgn0031514,OtopLb,CG3332,protein_coding,Otopetrin-like b
FBgn0050421,Usp15-31,CG30421,protein_coding,Ubiquitin specific protease 15/31
FBgn0265954,CR44741,CR44741,ncRNA,CR44741
FBgn0010408,RpS9,CG3395,protein_coding,Ribosomal protein S9
FBgn0265098,CR44203,CR44203,ncRNA,CR44203
FBgn0035153,ebd1,CG3371,protein_coding,earthbound 1
FBgn0027563,CG9631,CG9631,protein_coding,CG9631
FBgn0032048,Dh31,CG13094,protein_coding,Diuretic hormone 31
FBgn0011669,Mst57Db,CG5016,protein_coding,Male-specific RNA 57Db
FBgn0040775,CG12158,CG12158,protein_coding,CG12158
FBgn0289108,Archease,CG6353,protein_coding,Archease
FBgn0038487,TwdlW,CG4060,protein_coding,TweedleW
FBgn0262005,CG42823,CG42823,protein_coding,CG42823
FBgn0267192,CR45632,CR45632,ncRNA,CR45632
FBgn0030674,HUWE1,CG8184,protein_coding,"HECT, UBA and WWE domain containing E3 ubiquitin protein ligase 1"
FBgn0030301,HP5,CG1745,protein_coding,Heterochromatin protein 5
FBgn0030481,CG1662,CG1662,protein_coding,CG1662
FBgn0261068,LSm7,CG13277,protein_coding,Like Sm 7
FBgn0039943,CG17168,CG17168,protein_coding,CG17168
FBgn0284235,CG46319,CG46319,protein_coding,CG46319
FBgn0031753,CG13999,CG13999,protein_coding,CG13999
FBgn0030704,CG15916,CG15916,protein_coding,CG15916
FBgn0262566,CG43106,CG43106,protein_coding,CG43106
FBgn0002571,Mal-A3,CG8695,protein_coding,Maltase A3
FBgn0011555,thetaTry,CG12385,protein_coding,thetaTrypsin
FBgn0014073,Tie,CG7525,protein_coding,Tie-like receptor tyrosine kinase
FBgn0025573,PpN58A,CG3245,protein_coding,Protein phosphatase N at 58A
FBgn0041092,tai,CG13109,protein_coding,taiman
FBgn0261545,CG42663,CG42663,protein_coding,CG42663
FBgn0034050,bug,CG8297,protein_coding,bunker gear
FBgn0035688,fmt,CG10289,protein_coding,fiery mountain
FBgn0027550,CG6495,CG6495,protein_coding,CG6495
FBgn0003975,vg,CG3830,protein_coding,vestigial
FBgn0026563,CG1979,CG1979,protein_coding,CG1979
FBgn0000477,DNaseII,CG7780,protein_coding,Deoxyribonuclease II
FBgn0286939,CG46433,CG46433,protein_coding,CG46433
FBgn0039055,Rassf,CG4656,protein_coding,Ras association family member
FBgn0040996,CG12617,CG12617,protein_coding,CG12617
FBgn0000028,acj6,CG9151,protein_coding,abnormal chemosensory jump 6
FBgn0017581,Lk6,CG17342,protein_coding,Lk6 kinase
FBgn0262479,CG43069,CG43069,protein_coding,CG43069
FBgn0265147,CR44216,CR44216,ncRNA,CR44216
FBgn0001253,ImpE1,CG32356,protein_coding,Ecdysone-inducible gene E1
FBgn0266175,pre-mod(mdg4)-P,CG44881,protein_coding,CG44881
FBgn0038525,CG14329,CG14329,protein_coding,CG14329
FBgn0036336,Icmt,CG11268,protein_coding,Isoprenylcysteine carboxyl methyltransferase
FBgn0267376,SelR,CG6584,protein_coding,Selenoprotein R
FBgn0051952,CG31952,CG31952,protein_coding,CG31952
FBgn0030483,CG12725,CG12725,protein_coding,CG12725
FBgn0030684,CG8260,CG8260,protein_coding,CG8260
FBgn0030945,Ing3,CG6632,protein_coding,"Inhibitor of growth family, member 3"
FBgn0286883,CR46405,CR46405,pseudogene,CR46405
FBgn0011202,dia,CG1768,protein_coding,diaphanous
FBgn0052581,sordd2,CG32581,protein_coding,suppression of retinal degeneration disease 1 upon overexpression 2
FBgn0031395,CG10874,CG10874,protein_coding,CG10874
FBgn0264884,CR44075,CR44075,ncRNA,CR44075
FBgn0051354,Hsp70Bbb,CG5834,protein_coding,Heat shock protein 70 Bbb
FBgn0259210,prom,CG42310,protein_coding,prominin
FBgn0267044,CG45488,CG45488,protein_coding,CG45488
FBgn0031058,CG14227,CG14227,protein_coding,CG14227
FBgn0025335,Cpes,CG4585,protein_coding,Ceramide phosphoethanolamine synthase
FBgn0062961,CR33942,CR33942,ncRNA,CR33942
FBgn0083023,Psi18S-640d,CR34578,snoRNA,Psi18S-640d
FBgn0037561,CG9630,CG9630,protein_coding,CG9630
FBgn0262222,mir-971,CR42929,ncRNA,mir-971 stem loop
FBgn0029113,Uba2,CG7528,protein_coding,Ubiquitin-like activating enzyme 2
FBgn0032782,Rab9,CG9994,protein_coding,Rab9
FBgn0267412,CG45765,CG45765,protein_coding,CG45765
FBgn0284244,l(2)k05911,CG31728,protein_coding,lethal (2) k05911
FBgn0011293,a10,CG6642,protein_coding,antennal protein 10
FBgn0030187,CG2961,CG2961,protein_coding,CG2961
FBgn0051167,Ser-GCT-1-1,CR31167,tRNA,Serine-GCT 1-1
FBgn0267553,CR45893,CR45893,ncRNA,CR45893
FBgn0037379,CG10979,CG10979,protein_coding,CG10979
FBgn0011855,Glu-CTC-3-9,CR32322,tRNA,Glutamic acid-CTC 3-9
FBgn0031988,CG8668,CG8668,protein_coding,CG8668
FBgn0033879,Echs1,CG6543,protein_coding,"Enoyl-CoA hydratase, short chain 1"
FBgn0053679,CG33679,CG33679,protein_coding,CG33679
FBgn0262570,CG43110,CG43110,protein_coding,CG43110
FBgn0031000,Muc18B,CG7876,protein_coding,Mucin 18B
FBgn0267741,CR46072,CR46072,pseudogene,CR46072
FBgn0000032,Acph-1,CG7899,protein_coding,Acid phosphatase 1
FBgn0033486,dmpd,CG11866,protein_coding,dampened
FBgn0030332,CG9360,CG9360,protein_coding,CG9360
FBgn0011902,Lys-TTT-1-1,CR31899,tRNA,Lysine-TTT 1-1
FBgn0263745,CR43670,CR43670,pseudogene,CR43670
FBgn0034789,PIP5K59B,CG3682,protein_coding,Phosphatidylinositol 4-phosphate 5-kinase 59B
FBgn0039928,Cals,CG11059,protein_coding,Calsyntenin
FBgn0034463,CG15125,CG15125,protein_coding,CG15125
FBgn0035839,CG7550,CG7550,protein_coding,CG7550
FBgn0085261,CG34232,CG34232,protein_coding,CG34232
FBgn0264998,CR44149,CR44149,ncRNA,CR44149
FBgn0050359,Mal-A5,CG30359,protein_coding,Maltase A5
FBgn0262898,CR43253,CR43253,ncRNA,CR43253
FBgn0025800,Smox,CG2262,protein_coding,Smad on X
FBgn0263748,CG43673,CG43673,protein_coding,CG43673
FBgn0053217,CG33217,CG33217,protein_coding,CG33217
FBgn0034839,CG13540,CG13540,protein_coding,CG13540
FBgn0264987,CR44138,CR44138,ncRNA,CR44138
FBgn0086691,UK114,CG15261,protein_coding,UK114
FBgn0033886,Rpn13,CG13349,protein_coding,Regulatory particle non-ATPase 13
FBgn0050268,CG30268,CG30268,protein_coding,CG30268
FBgn0037763,CG16904,CG16904,protein_coding,CG16904
FBgn0035420,hob,CG14967,protein_coding,hobbit
FBgn0261671,tweek,CG42555,protein_coding,tweek
FBgn0285940,CR46336,CR46336,ncRNA,CR46336
FBgn0052023,CG32023,CG32023,protein_coding,CG32023
FBgn0040778,CG17977,CG17977,protein_coding,CG17977
FBgn0027785,NP15.6,CG6008,protein_coding,NP15.6
FBgn0263037,CG43332,CG43332,protein_coding,CG43332
FBgn0023081,gek,CG4012,protein_coding,genghis khan
FBgn0285951,mRpS34,CG42648,protein_coding,mitochondrial ribosomal protein S34
FBgn0085337,CG34308,CG34308,protein_coding,CG34308
FBgn0032921,Mpp6,CG9250,protein_coding,M-phase phosphoprotein 6
FBgn0002906,Blm,CG6920,protein_coding,Bloom syndrome helicase
FBgn0037360,CG2182,CG2182,protein_coding,CG2182
FBgn0053538,Arg-CCT-1-3,CR33538,tRNA,Arginine-CCT 1-3
FBgn0050291,CG30291,CG30291,protein_coding,CG30291
FBgn0262979,CR43287,CR43287,ncRNA,CR43287
FBgn0004240,DptA,CG12763,protein_coding,Diptericin A
FBgn0264478,CG43886,CG43886,protein_coding,CG43886
FBgn0051453,pch2,CG31453,protein_coding,pachytene checkpoint 2
FBgn0263855,BubR1,CG7838,protein_coding,Bub1-related kinase
FBgn0053987,CR33987,CR33987,ncRNA,CR33987
FBgn0267690,CG46026,CG46026,protein_coding,CG46026
FBgn0035258,CG13931,CG13931,protein_coding,CG13931
FBgn0004465,Su(P),CG4086,protein_coding,Suppressor of ref(2)P sterility
FBgn0030734,ERp44,CG9911,protein_coding,Endoplasmic reticulum protein 44
FBgn0266153,CR44859,CR44859,ncRNA,CR44859
FBgn0034490,CG9864,CG9864,protein_coding,CG9864
FBgn0039712,CG15514,CG15514,protein_coding,CG15514
FBgn0085245,CG34216,CG34216,protein_coding,CG34216
FBgn0052865,CR32865,CR32865,ncRNA,CR32865
FBgn0040687,CG14645,CG14645,protein_coding,CG14645
FBgn0040859,CR32658,CR32658,ncRNA,CR32658
FBgn0025469,slv,CG8717,protein_coding,saliva
FBgn0040005,CG17883,CG17883,protein_coding,CG17883
FBgn0028371,jbug,CG30092,protein_coding,jitterbug
FBgn0259162,RunxB,CG42267,protein_coding,Runt related B
FBgn0266279,CR44964,CR44964,ncRNA,CR44964
FBgn0058263,MFS17,CG40263,protein_coding,Major Facilitator Superfamily Transporter 17
FBgn0085191,CG34162,CG34162,protein_coding,CG34162
FBgn0029812,Prosbeta2R1,CG18341,protein_coding,Proteasome beta2 subunit-related 1
FBgn0039897,CG1674,CG1674,protein_coding,CG1674
FBgn0036844,Mkp3,CG14080,protein_coding,Mitogen-activated protein kinase phosphatase 3
FBgn0039431,plum,CG6490,protein_coding,plum
FBgn0261090,Sytbeta,CG42333,protein_coding,Synaptotagmin beta
FBgn0037941,CG12594,CG12594,protein_coding,CG12594
FBgn0036919,Grasp65,CG7809,protein_coding,Grasp65
FBgn0259151,CG42266,CG42266,protein_coding,CG42266
FBgn0267740,CR46071,CR46071,ncRNA,CR46071
FBgn0024920,Ts,CG3181,protein_coding,Thymidylate synthase
FBgn0259682,Jabba,CG42351,protein_coding,Jabba
FBgn0039010,CG4907,CG4907,protein_coding,CG4907
FBgn0034204,CG10953,CG10953,protein_coding,CG10953
FBgn0266254,CR44949,CR44949,ncRNA,CR44949
FBgn0029866,CG3842,CG3842,protein_coding,CG3842
FBgn0034503,MED8,CG13867,protein_coding,Mediator complex subunit 8
FBgn0035235,CG7879,CG7879,protein_coding,CG7879
FBgn0022787,Hel89B,CG4261,protein_coding,Helicase 89B
FBgn0264908,pHCl-1,CG44099,protein_coding,pH-sensitive chloride channel 1
FBgn0037240,Cont,CG1084,protein_coding,Contactin
FBgn0025608,Faf2,CG10372,protein_coding,Fas-associated factor 2
FBgn0264788,CR44018,CR44018,ncRNA,CR44018
FBgn0034267,CG4984,CG4984,protein_coding,CG4984
FBgn0265314,CR44287,CR44287,ncRNA,CR44287
FBgn0034735,CG4610,CG4610,protein_coding,CG4610
FBgn0060296,pain,CG15860,protein_coding,painless
FBgn0001276,ix,CG13201,protein_coding,intersex
FBgn0051658,Nnf1b,CG31658,protein_coding,Nnf1b
FBgn0031745,rau,CG8965,protein_coding,rau
FBgn0085316,CG34287,CG34287,protein_coding,CG34287
FBgn0053783,CG33783,CG33783,protein_coding,CG33783
FBgn0004403,RpS14a,CG1524,protein_coding,Ribosomal protein S14a
FBgn0259969,Sfp65A,CG42479,protein_coding,Seminal fluid protein 65A
FBgn0053766,CG33766,CG33766,protein_coding,CG33766
FBgn0250836,Acbp3,CG8628,protein_coding,Acyl-CoA binding protein 3
FBgn0264833,CR44041,CR44041,ncRNA,CR44041
FBgn0034940,CG16787,CG16787,protein_coding,CG16787
FBgn0265889,CR44678,CR44678,ncRNA,CR44678
FBgn0264674,CR43959,CR43959,ncRNA,CR43959
FBgn0085819,CR41609,CR41609,pseudogene,CR41609
FBgn0065095,400,CR33699,ncRNA,small non-coding RNA 400
FBgn0265939,CR44726,CR44726,ncRNA,CR44726
FBgn0263327,CR43408,CR43408,ncRNA,CR43408
FBgn0284247,ds,CG17941,protein_coding,dachsous
FBgn0041588,eIF2D,CG31426,protein_coding,eukaryotic translation initiation factor 2D
FBgn0267498,CR45838,CR45838,rRNA,CR45838
FBgn0052699,LPCAT,CG32699,protein_coding,Lysophosphatidylcholine acyltransferase
FBgn0270928,VAChT,CG32848,protein_coding,Vesicular acetylcholine transporter
FBgn0039659,CG14506,CG14506,protein_coding,CG14506
FBgn0261269,conv,CG8561,protein_coding,convoluted
FBgn0287831,speck,CG3318,protein_coding,speck
FBgn0035960,CG4942,CG4942,protein_coding,CG4942
FBgn0285937,Rab1,CG3320,protein_coding,Rab1
FBgn0039027,CG7031,CG7031,protein_coding,CG7031
FBgn0039112,SdhD,CG10219,protein_coding,"Succinate dehydrogenase, subunit D"
FBgn0259863,CR42432,CR42432,ncRNA,CR42432
FBgn0004175,Mst84Dd,CG17935,protein_coding,Male-specific RNA 84Dd
FBgn0263451,CR43474,CR43474,ncRNA,CR43474
FBgn0033450,Lsm11,CG12924,protein_coding,Lsm11
FBgn0267577,CR45917,CR45917,ncRNA,CR45917
FBgn0053468,CG33468,CG33468,protein_coding,CG33468
FBgn0035598,CG4669,CG4669,protein_coding,CG4669
FBgn0040208,Kat60,CG10229,protein_coding,Katanin 60
FBgn0032488,CG16812,CG16812,protein_coding,CG16812
FBgn0027547,CG1927,CG1927,protein_coding,CG1927
FBgn0086707,ncm,CG12750,protein_coding,nucampholin
FBgn0040798,CG13069,CG13069,protein_coding,CG13069
FBgn0045483,Gr59a,CG30189,protein_coding,Gustatory receptor 59a
FBgn0040491,Buffy,CG8238,protein_coding,Buffy
FBgn0001179,hay,CG8019,protein_coding,haywire
FBgn0267143,CR45583,CR45583,ncRNA,CR45583
FBgn0028886,CG15279,CG15279,protein_coding,CG15279
FBgn0035145,MED14,CG12031,protein_coding,Mediator complex subunit 14
FBgn0036366,JMJD7,CG10133,protein_coding,Jumonji domain containing 7
FBgn0027279,l(1)G0196,CG14616,protein_coding,lethal (1) G0196
FBgn0031238,Dus1,CG3645,protein_coding,Dihydrouridine synthase 1
FBgn0038934,Gld2,CG5732,protein_coding,GLD2 poly(A) polymerase
FBgn0032681,CG10283,CG10283,protein_coding,CG10283
FBgn0046689,Takl1,CG31421,protein_coding,Tak1-like 1
FBgn0261290,CheA84a,CG33779,protein_coding,Chemosensory protein A 84a
FBgn0265576,CG44403,CG44403,protein_coding,CG44403
FBgn0263081,CG43349,CG43349,protein_coding,CG43349
FBgn0037782,Npc2d,CG12813,protein_coding,Niemann-Pick type C-2d
FBgn0263409,CR43455,CR43455,ncRNA,CR43455
FBgn0266580,Gp210,CG7897,protein_coding,Glycoprotein 210 kDa
FBgn0032184,CG13135,CG13135,protein_coding,CG13135
FBgn0020545,kraken,CG3943,protein_coding,kraken
FBgn0260027,CG42495,CG42495,protein_coding,CG42495
FBgn0036882,Dred,CG9279,protein_coding,Dctn1-related
FBgn0004374,neb,CG10718,protein_coding,nebbish
FBgn0266235,CR44930,CR44930,ncRNA,CR44930
FBgn0030528,CG11095,CG11095,protein_coding,CG11095
FBgn0011828,Pxn,CG12002,protein_coding,Peroxidasin
FBgn0031232,CG11617,CG11617,protein_coding,CG11617
FBgn0037060,CG10508,CG10508,protein_coding,CG10508
FBgn0053864,CG33864,CG33864,protein_coding,CG33864
FBgn0037022,CG11396,CG11396,protein_coding,CG11396
FBgn0010611,Hmgs,CG4311,protein_coding,HMG Coenzyme A synthase
FBgn0034007,ND-51L2,CG8102,protein_coding,NADH dehydrogenase (ubiquinone) 51 kDa subunit-like 2
FBgn0033490,CG12917,CG12917,protein_coding,CG12917
FBgn0264295,CG43773,CG43773,protein_coding,CG43773
FBgn0032705,Grip71,CG10346,protein_coding,Grip71
FBgn0023197,Jon74E,CG6298,protein_coding,Jonah 74E
FBgn0036936,CG14185,CG14185,protein_coding,CG14185
FBgn0266195,Tgs1,CG44890,protein_coding,Trimethylguanosine synthase 1
FBgn0034913,Snap29,CG11173,protein_coding,Synaptosomal-associated protein 29kDa
FBgn0050250,His-GTG-1-2,CR30250,tRNA,Histidine-GTG 1-2
FBgn0036460,CG5114,CG5114,protein_coding,CG5114
FBgn0259725,CG42379,CG42379,protein_coding,CG42379
FBgn0034674,CG9304,CG9304,protein_coding,CG9304
FBgn0010750,atms,CG2503,protein_coding,antimeros
FBgn0026869,Tdg,CG1981,protein_coding,Thymine DNA glycosylase
FBgn0034694,Plekhm1,CG6613,protein_coding,Pleckstrin homology and RUN domain containing M1
FBgn0267811,CR46136,CR46136,ncRNA,CR46136
FBgn0004589,Eig71Eb,CG7355,protein_coding,Ecdysone-induced gene 71Eb
FBgn0032346,Csl4,CG6249,protein_coding,Csl4
FBgn0262370,mir-7,CR42883,ncRNA,mir-7 stem loop
FBgn0038168,omd,CG9591,protein_coding,oocyte maintenance defects
FBgn0261262,CG42613,CG42613,protein_coding,CG42613
FBgn0032053,mRpL51,CG13098,protein_coding,mitochondrial ribosomal protein L51
FBgn0039008,CG6972,CG6972,protein_coding,CG6972
FBgn0262266,mir-980,CR42973,ncRNA,mir-980 stem loop
FBgn0050281,CG30281,CG30281,protein_coding,CG30281
FBgn0032518,RpL24,CG9282,protein_coding,Ribosomal protein L24
FBgn0031887,Ugt307A1,CG11289,protein_coding,UDP-glycosyltransferase family 307 member A1
FBgn0000330,cm,CG3035,protein_coding,carmine
FBgn0029733,CG6927,CG6927,protein_coding,CG6927
FBgn0028997,nmdyn-D7,CG8362,protein_coding,nmdyn-D7
FBgn0266570,NO66,CG2982,protein_coding,Nucleolar protein 66
FBgn0037572,CG11698,CG11698,protein_coding,CG11698
FBgn0028644,beat-Ic,CG4838,protein_coding,beaten path Ic
FBgn0051323,CG31323,CG31323,protein_coding,CG31323
FBgn0035934,TrpA1,CG5751,protein_coding,Transient receptor potential cation channel A1
FBgn0267129,CR45569,CR45569,ncRNA,CR45569
FBgn0264343,CG43799,CG43799,protein_coding,CG43799
FBgn0086356,tum,CG13345,protein_coding,tumbleweed
FBgn0262623,CG43147,CG43147,protein_coding,CG43147
FBgn0263111,cac,CG43368,protein_coding,cacophony
FBgn0002921,Atpalpha,CG5670,protein_coding,Na pump alpha subunit
FBgn0032554,CG15278,CG15278,protein_coding,CG15278
FBgn0033412,CG13955,CG13955,protein_coding,CG13955
FBgn0266065,CR44818,CR44818,ncRNA,CR44818
FBgn0038302,CG4210,CG4210,protein_coding,CG4210
FBgn0037827,CG4073,CG4073,protein_coding,CG4073
FBgn0051800,CG31800,CG31800,protein_coding,CG31800
FBgn0265785,CG44574,CG44574,protein_coding,CG44574
FBgn0267011,CR45455,CR45455,ncRNA,CR45455
FBgn0082919,Or-CD4,CR34542,snoRNA,CR34542
FBgn0004227,nonA,CG4211,protein_coding,no on or off transient A
FBgn0085353,CG34324,CG34324,protein_coding,CG34324
FBgn0010246,Myo61F,CG9155,protein_coding,Myosin 61F
FBgn0030474,CG15747,CG15747,protein_coding,CG15747
FBgn0050471,CG30471,CG30471,protein_coding,CG30471
FBgn0259714,DIP-epsilon,CG42368,protein_coding,Dpr-interacting protein epsilon
FBgn0030457,CG12096,CG12096,protein_coding,CG12096
FBgn0086451,l(2)k09022,CG10805,protein_coding,lethal (2) k09022
FBgn0034505,CG16739,CG16739,protein_coding,CG16739
FBgn0263599,Brr2,CG5931,protein_coding,Brr2 U5 snRNP complex subunit
FBgn0082952,Me18S-A1061,CR34537,snoRNA,Me18S-A1061
FBgn0038247,Cad88C,CG3389,protein_coding,Cadherin 88C
FBgn0264815,Pde1c,CG44007,protein_coding,Phosphodiesterase 1c
FBgn0035431,CG14968,CG14968,protein_coding,CG14968
FBgn0031607,Secp43,CG15440,protein_coding,tRNA Selenocysteine associated protein
FBgn0263515,mir-4983,CR43500,ncRNA,mir-4983 stem loop
FBgn0038585,Non3,CG7993,protein_coding,Novel nucleolar protein 3
FBgn0262275,mir-2280,CR42982,ncRNA,mir-2280 stem loop
FBgn0033644,Tret1-2,CG8234,protein_coding,Trehalose transporter 1-2
FBgn0025725,alphaCOP,CG7961,protein_coding,Coat Protein (coatomer) alpha
FBgn0036584,CG13054,CG13054,protein_coding,CG13054
FBgn0026415,Idgf4,CG1780,protein_coding,Imaginal disc growth factor 4
FBgn0034957,Rsph4a,CG3121,protein_coding,Radial spoke head protein 4a
FBgn0030747,CG4301,CG4301,protein_coding,CG4301
FBgn0014135,bnl,CG4608,protein_coding,branchless
FBgn0262980,CG43288,CG43288,protein_coding,CG43288
FBgn0267694,CR46030,CR46030,ncRNA,CR46030
FBgn0033572,polyph,CG12943,protein_coding,polyphemus
FBgn0034451,Tbcb,CG11242,protein_coding,Tubulin-binding cofactor B
FBgn0038727,CG7432,CG7432,protein_coding,CG7432
FBgn0031535,CG12795,CG12795,protein_coding,CG12795
FBgn0011762,Prim1,CG7108,protein_coding,DNA primase subunit 1
FBgn0012058,Cdc27,CG8610,protein_coding,Cell division cycle 27
FBgn0037620,ranshi,CG9793,protein_coding,ranshi
FBgn0032016,Mettl14,CG7818,protein_coding,Methyltransferase like 14
FBgn0034304,CG5742,CG5742,protein_coding,CG5742
FBgn0034327,CG14505,CG14505,protein_coding,CG14505
FBgn0012011,Val-AAC-1-1,CR31587,tRNA,Valine-AAC 1-1
FBgn0085232,CG34203,CG34203,protein_coding,CG34203
FBgn0032144,CG17633,CG17633,protein_coding,CG17633
FBgn0004394,pdm2,CG12287,protein_coding,POU domain protein 2
FBgn0052761,Glu-CTC-6-1Psi,CR32761,pseudogene,Glutamic acid-CTC 6-1 pseudogene
FBgn0264310,CR43785,CR43785,ncRNA,CR43785
FBgn0085239,CG34210,CG34210,protein_coding,CG34210
FBgn0086064,Me28S-G3113b,CR34693,snoRNA,CR34693
FBgn0039936,Gyf,CG11148,protein_coding,Gigyf
FBgn0286833,CG46387,CG46387,protein_coding,CG46387
FBgn0038598,CG7131,CG7131,protein_coding,CG7131
FBgn0032883,Rhau,CG9323,protein_coding,RHAU helicase
FBgn0035640,mad2,CG17498,protein_coding,mad2
FBgn0285958,Fuca,CG6128,protein_coding,alpha-L-fucosidase
FBgn0265257,CG44271,CG44271,protein_coding,CG44271
FBgn0086265,psd,CG9050,protein_coding,palisade
FBgn0051690,Tmtc1,CG31690,protein_coding,Transmembrane O-mannosyltransferase targeting cadherins 1
FBgn0265469,CG44362,CG44362,protein_coding,CG44362
FBgn0052591,CG32591,CG32591,protein_coding,CG32591
FBgn0033873,CG6337,CG6337,protein_coding,CG6337
FBgn0021800,Reph,CG3920,protein_coding,Regulator of eph expression
FBgn0065046,9B,CR33662,snoRNA,9B
FBgn0031118,RhoGAP19D,CG1412,protein_coding,Rho GTPase activating protein at 19D
FBgn0052198,CG32198,CG32198,protein_coding,CG32198
FBgn0035256,CG13930,CG13930,protein_coding,CG13930
FBgn0264943,CR44112,CR44112,ncRNA,CR44112
FBgn0053179,beat-IIIb,CG33179,protein_coding,beaten path IIIb
FBgn0037241,CG14646,CG14646,protein_coding,CG14646
FBgn0266675,CR45165,CR45165,ncRNA,CR45165
FBgn0035522,CG1273,CG1273,protein_coding,CG1273
FBgn0051007,CG31007,CG31007,protein_coding,CG31007
FBgn0013811,Dhc62B,CG15804,protein_coding,Dynein heavy chain at 62B
FBgn0262966,CG43277,CG43277,protein_coding,CG43277
FBgn0033602,Cpr47Ee,CG13222,protein_coding,Cuticular protein 47Ee
FBgn0031442,Prosbeta4R1,CG17301,protein_coding,Proteasome beta4 subunit-related 1
FBgn0287594,CG46463,CG46463,protein_coding,CG46463
FBgn0051300,CG31300,CG31300,protein_coding,CG31300
FBgn0052649,Coq8,CG32649,protein_coding,Coenzyme Q8
FBgn0035589,CHMP2B,CG4618,protein_coding,Charged multivesicular body protein 2b
FBgn0024947,NTPase,CG3059,protein_coding,NTPase
FBgn0000426,SmF,CG16792,protein_coding,Small ribonucleoprotein particle protein SmF
FBgn0262473,Tl,CG5490,protein_coding,Toll
FBgn0030540,CG11581,CG11581,protein_coding,CG11581
FBgn0022349,CG1910,CG1910,protein_coding,CG1910
FBgn0266649,CR45156,CR45156,ncRNA,CR45156
FBgn0032821,CdGAPr,CG10538,protein_coding,Cd GTPase activating protein-related
FBgn0259170,alpha-Man-Ia,CG42275,protein_coding,alpha-Mannosidase class I a
FBgn0265578,CG44405,CG44405,protein_coding,CG44405
FBgn0012026,Tyr-GTA-1-6,CR31434,tRNA,Tyrosine-GTA 1-6
FBgn0038404,CG8925,CG8925,protein_coding,CG8925
FBgn0261046,Dscam3,CG31190,protein_coding,Down syndrome cell adhesion molecule 3
FBgn0265498,CR44367,CR44367,ncRNA,CR44367
FBgn0030011,Gbeta5,CG10763,protein_coding,G protein beta subunit 5
FBgn0263553,mir-4913,CR43538,ncRNA,mir-4913 stem loop
FBgn0038877,CG3308,CG3308,protein_coding,CG3308
FBgn0035768,CG14834,CG14834,protein_coding,CG14834
FBgn0024315,Picot,CG8098,protein_coding,Picot
FBgn0035293,CG5687,CG5687,protein_coding,CG5687
FBgn0032123,Oatp30B,CG3811,protein_coding,Organic anion transporting polypeptide 30B
FBgn0029606,CG14052,CG14052,protein_coding,CG14052
FBgn0003867,tsl,CG6705,protein_coding,torso-like
FBgn0029508,Tsp42Ea,CG18817,protein_coding,Tetraspanin 42Ea
FBgn0267476,CR45826,CR45826,ncRNA,CR45826
FBgn0262331,mir-999,CR43038,ncRNA,mir-999 stem loop
FBgn0040348,CG3703,CG3703,protein_coding,CG3703
FBgn0028888,CG4168,CG4168,protein_coding,CG4168
FBgn0053536,Leu-TAA-2-1,CR33536,tRNA,Leucine-TAA 2-1
FBgn0013949,Elal,CG7021,protein_coding,Elastin-like
FBgn0014019,Rh5,CG5279,protein_coding,Rhodopsin 5
FBgn0041174,Vhl,CG13221,protein_coding,von Hippel-Lindau
FBgn0037150,CG7133,CG7133,protein_coding,CG7133
FBgn0041156,exex,CG8254,protein_coding,extra-extra
FBgn0038816,Lrrk,CG5483,protein_coding,Leucine-rich repeat kinase
FBgn0037242,CG9855,CG9855,protein_coding,CG9855
FBgn0262375,mir-1005,CR42895,ncRNA,mir-1005 stem loop
FBgn0039840,pHCl-2,CG11340,protein_coding,pH-sensitive chloride channel 2
FBgn0000283,Cp190,CG6384,protein_coding,Centrosomal protein 190kD
FBgn0032699,CG10383,CG10383,protein_coding,CG10383
FBgn0050211,Trp-CCA-1-2,CR30211,tRNA,Tryptophan-CCA 1-2
FBgn0266200,CR44895,CR44895,ncRNA,CR44895
FBgn0266969,CR45420,CR45420,ncRNA,CR45420
FBgn0264436,CR43854,CR43854,ncRNA,CR43854
FBgn0259847,CR42416,CR42416,ncRNA,CR42416
FBgn0032291,CG17118,CG17118,protein_coding,CG17118
FBgn0267507,CR45847,CR45847,rRNA,CR45847
FBgn0051036,CG31036,CG31036,protein_coding,CG31036
FBgn0283469,Vps4,CG6842,protein_coding,Vacuolar protein sorting 4
FBgn0053673,CG33673,CG33673,protein_coding,CG33673
FBgn0267494,Mst77Y-8Psi,CR45774,pseudogene,Male-specific pseudogene 77Y 8
FBgn0026562,SPARC,CG6378,protein_coding,"Secreted protein, acidic, cysteine-rich"
FBgn0033692,wash,CG13176,protein_coding,washout
FBgn0032614,CG13284,CG13284,protein_coding,CG13284
FBgn0262534,CG43088,CG43088,protein_coding,CG43088
FBgn0263554,mir-4952,CR43539,ncRNA,mir-4952 stem loop
FBgn0052821,CR32821,CR32821,pseudogene,CR32821
FBgn0003048,pcx,CG3443,protein_coding,pecanex
FBgn0264337,CR43793,CR43793,ncRNA,CR43793
FBgn0033770,wuc,CG12442,protein_coding,Wake-up-call
FBgn0259975,Sfp87B,CG42485,protein_coding,Seminal fluid protein 87B
FBgn0037035,CG10589,CG10589,protein_coding,CG10589
FBgn0033185,CG1603,CG1603,protein_coding,CG1603
FBgn0082928,Me28S-G3255a,CR34526,snoRNA,Me28S-G3255a
FBgn0053377,CR33377,CR33377,rRNA,CR33377
FBgn0037686,RpL34b,CG9354,protein_coding,Ribosomal protein L34b
FBgn0001961,Arpc1,CG8978,protein_coding,"Actin-related protein 2/3 complex, subunit 1"
FBgn0002542,lds,CG2684,protein_coding,lodestar
FBgn0038196,CG9922,CG9922,protein_coding,CG9922
FBgn0266310,CR44975,CR44975,ncRNA,CR44975
FBgn0039977,Spf30,CG17454,protein_coding,Splicing factor 30
FBgn0287828,Pkcdelta,CG42349,protein_coding,Protein kinase C delta
FBgn0085196,CG34167,CG34167,protein_coding,CG34167
FBgn0015553,tos,CG10387,protein_coding,tosca
FBgn0032286,CG7300,CG7300,protein_coding,CG7300
FBgn0024273,WASp,CG1520,protein_coding,WASp
FBgn0051125,CG31125,CG31125,protein_coding,CG31125
FBgn0263551,mir-4939,CR43536,ncRNA,mir-4939 stem loop
FBgn0033817,GstE14,CG4688,protein_coding,Glutathione S transferase E14
FBgn0032399,CG6785,CG6785,protein_coding,CG6785
FBgn0262386,mir-306,CR42914,ncRNA,mir-306 stem loop
FBgn0050271,CG30271,CG30271,protein_coding,CG30271
FBgn0025700,CG5885,CG5885,protein_coding,CG5885
FBgn0021995,Rs1,CG2173,protein_coding,Rs1
FBgn0039022,Nepl13,CG4725,protein_coding,Neprilysin-like 13
FBgn0034478,CG10822,CG10822,protein_coding,CG10822
FBgn0039079,Ir94g,CG17381,protein_coding,Ionotropic receptor 94g
FBgn0266650,CR45157,CR45157,ncRNA,CR45157
FBgn0029529,CG13365,CG13365,protein_coding,CG13365
FBgn0261881,Ankrd49,CG4140,protein_coding,CG4140
FBgn0031792,CG13983,CG13983,protein_coding,CG13983
FBgn0027090,GlnRS,CG10506,protein_coding,Glutaminyl-tRNA synthetase
FBgn0266402,CR45042,CR45042,ncRNA,CR45042
FBgn0082926,Me28S-U1848,CR34535,snoRNA,Me28S-U1848
FBgn0263468,SC35-a,CR43583,snoRNA,CR43583
FBgn0030085,CG6999,CG6999,protein_coding,CG6999
FBgn0040653,Dso1,CG15231,protein_coding,Daisho1
FBgn0038491,CG5292,CG5292,protein_coding,CG5292
FBgn0039107,CG10300,CG10300,protein_coding,CG10300
FBgn0010213,Sod2,CG8905,protein_coding,Superoxide dismutase 2 (Mn)
FBgn0259834,out,CG8062,protein_coding,outsiders
FBgn0028518,CG18480,CG18480,protein_coding,CG18480
FBgn0267500,CR45840,CR45840,rRNA,CR45840
FBgn0031778,CR9162,CR9162,ncRNA,CR9162
FBgn0260231,CG42505,CG42505,protein_coding,CG42505
FBgn0032381,Mal-B1,CG14934,protein_coding,Maltase B1
FBgn0033301,CG12780,CG12780,protein_coding,CG12780
FBgn0283500,Sac1,CG9128,protein_coding,Sac1 phosphatase
FBgn0031143,CG1532,CG1532,protein_coding,CG1532
FBgn0011361,ND-ACP,CG9160,protein_coding,NADH dehydrogenase (ubiquinone) acyl carrier protein
FBgn0267153,CR45593,CR45593,ncRNA,CR45593
FBgn0033062,Ars2,CG7843,protein_coding,Arsenic resistance protein 2
FBgn0030881,CG12985,CG12985,protein_coding,CG12985
FBgn0023495,Lip3,CG8823,protein_coding,Lipase 3
FBgn0052548,CG32548,CG32548,protein_coding,CG32548
FBgn0022943,Cbp20,CG12357,protein_coding,cap binding protein 20
FBgn0026169,Psi18S-1820,CR32884,snoRNA,CR32884
FBgn0261707,CR42743,CR42743,ncRNA,CR42743
FBgn0030260,CG1537,CG1537,protein_coding,CG1537
FBgn0015834,eIF3i,CG8882,protein_coding,eukaryotic translation initiation factor 3 subunit i
FBgn0038879,CG17298,CG17298,protein_coding,CG17298
FBgn0031619,CG3355,CG3355,protein_coding,CG3355
FBgn0259722,CG42376,CG42376,protein_coding,CG42376
FBgn0038506,CG5860,CG5860,protein_coding,CG5860
FBgn0039777,Jon99Fii,CG2229,protein_coding,Jonah 99Fii
FBgn0037611,CG11755,CG11755,protein_coding,CG11755
FBgn0264271,CR43771,CR43771,ncRNA,CR43771
FBgn0039386,Sodq,CG5948,protein_coding,Sodesque
FBgn0085295,CG34266,CG34266,protein_coding,CG34266
FBgn0032260,CG13144,CG13144,protein_coding,CG13144
FBgn0267087,CR45531,CR45531,ncRNA,CR45531
FBgn0287601,CR46470,CR46470,ncRNA,CR46470
FBgn0265500,CR44369,CR44369,ncRNA,CR44369
FBgn0022361,Pur-alpha,CG1507,protein_coding,Purine-rich binding protein-alpha
FBgn0029755,Sas10,CG4202,protein_coding,Something about silencing 10
FBgn0031763,CG13996,CG13996,protein_coding,CG13996
FBgn0265760,CR44567,CR44567,ncRNA,CR44567
FBgn0033041,Or42a,CG17250,protein_coding,Odorant receptor 42a
FBgn0262730,dtn,CG14446,protein_coding,detonator
FBgn0053373,CR33373,CR33373,rRNA,CR33373
FBgn0262335,mir-2492,CR43042,ncRNA,mir-2492 stem loop
FBgn0032640,Sgt,CG5094,protein_coding,small glutamine-rich tetratricopeptide containing protein
FBgn0036306,CG10973,CG10973,protein_coding,CG10973
FBgn0001226,Hsp27,CG4466,protein_coding,Heat shock protein 27
FBgn0264868,CR44059,CR44059,ncRNA,CR44059
FBgn0003028,ovo,CG6824,protein_coding,ovo
FBgn0020377,Sr-CII,CG8856,protein_coding,"Scavenger receptor class C, type II"
FBgn0051687,CG31687,CG31687,protein_coding,CG31687
FBgn0087013,Karybeta3,CG1059,protein_coding,Karyopherin beta 3
FBgn0029801,CG15771,CG15771,protein_coding,CG15771
FBgn0053871,CG33871,CG33871,protein_coding,CG33871
FBgn0039301,Nup37,CG11875,protein_coding,Nucleoporin 37kD
FBgn0021776,mira,CG12249,protein_coding,miranda
FBgn0053127,CG33127,CG33127,protein_coding,CG33127
FBgn0266925,CR45376,CR45376,ncRNA,CR45376
FBgn0035993,Nf-YA,CG3891,protein_coding,Nuclear factor Y-box A
FBgn0035877,CG7083,CG7083,protein_coding,CG7083
FBgn0031178,CG10918,CG10918,protein_coding,CG10918
FBgn0266768,CR45233,CR45233,ncRNA,CR45233
FBgn0033060,CG7849,CG7849,protein_coding,CG7849
FBgn0052232,t-Grip128,CG32232,protein_coding,testis-specific gamma-tubulin ring protein 128
FBgn0263615,CR43624,CR43624,ncRNA,CR43624
FBgn0259730,tal-1A,CG42384,protein_coding,tarsal-less 1A
FBgn0038806,CG5412,CG5412,protein_coding,CG5412
FBgn0033020,COX4L,CG10396,protein_coding,Cytochrome c oxidase subunit 4-like
FBgn0038760,MED25,CG12254,protein_coding,Mediator complex subunit 25
FBgn0005590,scw,CG31695,protein_coding,screw
FBgn0035776,CG8564,CG8564,protein_coding,CG8564
FBgn0014026,RpL7A,CG3314,protein_coding,Ribosomal protein L7A
FBgn0038715,CG7333,CG7333,protein_coding,CG7333
FBgn0036423,CG3919,CG3919,protein_coding,CG3919
FBgn0032812,Hakai,CG10263,protein_coding,Hakai
FBgn0263201,MeU1b-A234,CR43567,snoRNA, MeU1b-A234
FBgn0085454,CG34425,CG34425,protein_coding,CG34425
FBgn0264895,RapGAP1,CG44086,protein_coding,Rap GTPase activating protein 1
FBgn0037481,MAGE,CG10059,protein_coding,MAGE
FBgn0260817,gkt,CG8825,protein_coding,glaikit
FBgn0052642,CG32642,CG32642,protein_coding,CG32642
FBgn0000576,ems,CG2988,protein_coding,empty spiracles
FBgn0063492,GstE8,CG17533,protein_coding,Glutathione S transferase E8
FBgn0022224,ubl,CG3450,protein_coding,ubiquitin like
FBgn0039505,CG5934,CG5934,protein_coding,CG5934
FBgn0032136,Apoltp,CG15828,protein_coding,Apolipoprotein lipid transfer particle
FBgn0015795,Rab7,CG5915,protein_coding,Rab7
FBgn0265152,CR44221,CR44221,ncRNA,CR44221
FBgn0266372,CR45016,CR45016,ncRNA,CR45016
FBgn0029996,UbcE2H,CG2257,protein_coding,Ubiquitin conjugating enzyme E2H
FBgn0039385,CG5913,CG5913,protein_coding,CG5913
FBgn0286731,Or-ACA8,CR46373,snoRNA,Orphan H/ACA box 8
FBgn0051928,CG31928,CG31928,protein_coding,CG31928
FBgn0037429,Osi19,CG15189,protein_coding,Osiris 19
FBgn0030691,Efhc1.1,CG8959,protein_coding,EF-hand domain containing 1.1
FBgn0028530,mTTF,CG18124,protein_coding,mitochondrial transcription termination factor
FBgn0035763,mrva,CG8602,protein_coding,minerva
FBgn0265853,CR44642,CR44642,ncRNA,CR44642
FBgn0267292,CR45728,CR45728,ncRNA,CR45728
FBgn0001077,ftz,CG2047,protein_coding,fushi tarazu
FBgn0036360,CG10713,CG10713,protein_coding,CG10713
FBgn0035434,Drsl5,CG10812,protein_coding,Drosomycin-like 5
FBgn0047330,CG32235,CG32235,protein_coding,CG32235
FBgn0262961,CG43272,CG43272,protein_coding,CG43272
FBgn0032139,CG13116,CG13116,protein_coding,CG13116
FBgn0031485,CG9643,CG9643,protein_coding,CG9643
FBgn0029914,CG4558,CG4558,protein_coding,CG4558
FBgn0053051,Polr3G,CG33051,protein_coding,RNA polymerase III subunit G
FBgn0052333,CG32333,CG32333,protein_coding,CG32333
FBgn0038787,CG4360,CG4360,protein_coding,CG4360
FBgn0086071,Or-CD11b,CR34700,snoRNA,CR34700
FBgn0264466,CR43874,CR43874,ncRNA,CR43874
FBgn0031266,Sf3b1,CG2807,protein_coding,Splicing factor 3b subunit 1
FBgn0029155,Men-b,CG5889,protein_coding,Malic enzyme b
FBgn0267326,Ntl,CG7075,protein_coding,Neurotransmitter transporter-like
FBgn0039930,Mpv17,CG11077,protein_coding,Mitochondrial inner membrane protein MPV17
FBgn0031418,CG3609,CG3609,protein_coding,CG3609
FBgn0036856,Mettl5,CG9666,protein_coding,Methyltransferase like 5
FBgn0265534,CR44384,CR44384,ncRNA,CR44384
FBgn0004781,Ccp84Ac,CG1327,protein_coding,Ccp84Ac
FBgn0030437,hec,CG4395,protein_coding,hector
FBgn0267442,CR45792,CR45792,ncRNA,CR45792
FBgn0265724,CR44531,CR44531,ncRNA,CR44531
FBgn0034563,CG15649,CG15649,protein_coding,CG15649
FBgn0040364,CG11378,CG11378,protein_coding,CG11378
FBgn0065094,419,CR33917,ncRNA,small non-coding RNA 419
FBgn0023407,B4,CG9239,protein_coding,B4
FBgn0261930,vnd,CG6172,protein_coding,ventral nervous system defective
FBgn0051538,CG31538,CG31538,protein_coding,CG31538
FBgn0022288,l(2)09851,CG12792,protein_coding,lethal (2) 09851
FBgn0267351,Topors,CG15104,protein_coding,Topoisomerase I-interacting protein
FBgn0054052,CR34052,CR34052,ncRNA,CR34052
FBgn0261245,sing,CG13011,protein_coding,singles bar
FBgn0036896,wnd,CG8789,protein_coding,wallenda
FBgn0267111,CR45551,CR45551,ncRNA,CR45551
FBgn0000277,CecA2,CG1367,protein_coding,Cecropin A2
FBgn0026778,Rad1,CG3240,protein_coding,Radiation insensitive 1
FBgn0053177,CG33177,CG33177,protein_coding,CG33177
FBgn0264383,CR43835,CR43835,ncRNA,CR43835
FBgn0024191,sip1,CG7238,protein_coding,septin interacting protein 1
FBgn0036016,CG3306,CG3306,protein_coding,CG3306
FBgn0286728,Or-CD13,CR46370,snoRNA,Orphan C/D box 13
FBgn0010607,l(2)05714,CG8886,protein_coding,lethal (2) 05714
FBgn0266043,CR44808,CR44808,ncRNA,CR44808
FBgn0038818,Nep4,CG4058,protein_coding,Neprilysin 4
FBgn0051703,tplus3b,CG31703,protein_coding,testis-specific Plus3 domain b
FBgn0031526,CG8838,CG8838,protein_coding,CG8838
FBgn0085436,Not1,CG34407,protein_coding,Not1
FBgn0038789,Ir92a,CG15685,protein_coding,Ionotropic receptor 92a
FBgn0053770,CG33770,CG33770,protein_coding,CG33770
FBgn0052786,Gem4b,CG32786,protein_coding,Gemin 4b
FBgn0259712,CG42366,CG42366,protein_coding,CG42366
FBgn0264605,CG43954,CG43954,protein_coding,CG43954
FBgn0030411,CG2540,CG2540,protein_coding,CG2540
FBgn0083047,Psi18S-1377e,CR34625,snoRNA,Psi18S-1377e
FBgn0267519,CR45859,CR45859,pseudogene,CR45859
FBgn0266205,CR44900,CR44900,ncRNA,CR44900
FBgn0051803,Rsph9,CG31803,protein_coding,Radial spoke head protein 9
FBgn0032789,CG13083,CG13083,protein_coding,CG13083
FBgn0038240,CG14851,CG14851,protein_coding,CG14851
FBgn0035379,spz5,CG9972,protein_coding,spatzle 5
FBgn0015558,tty,CG1693,protein_coding,tweety
FBgn0266632,CR45139,CR45139,ncRNA,CR45139
FBgn0032988,Tif-IA,CG3278,protein_coding,Tif-IA
FBgn0038432,CG14883,CG14883,protein_coding,CG14883
FBgn0037203,slif,CG11128,protein_coding,slimfast
FBgn0032116,Mco1,CG3759,protein_coding,Multicopper oxidase 1
FBgn0033794,CG13326,CG13326,protein_coding,CG13326
FBgn0029506,Tsp42Ee,CG10106,protein_coding,Tetraspanin 42Ee
FBgn0052115,CG32115,CG32115,protein_coding,CG32115
FBgn0051128,CG31128,CG31128,protein_coding,CG31128
FBgn0286926,CR46423,CR46423,pseudogene,CR46423
FBgn0033141,CG12831,CG12831,protein_coding,CG12831
FBgn0263658,CR43649,CR43649,ncRNA,CR43649
FBgn0039650,Mesh1,CG11900,protein_coding,Metazoan SpoT homolog-1
FBgn0052095,CG32095,CG32095,protein_coding,CG32095
FBgn0034942,CG13566,CG13566,protein_coding,CG13566
FBgn0036416,CG7924,CG7924,protein_coding,CG7924
FBgn0030589,CG9519,CG9519,protein_coding,CG9519
FBgn0050239,Glu-CTC-1-1,CR30239,tRNA,Glutamic acid-CTC 1-1
FBgn0001978,stc,CG3647,protein_coding,shuttle craft
FBgn0032530,CG9263,CG9263,protein_coding,CG9263
FBgn0038597,CG8064,CG8064,protein_coding,CG8064
FBgn0039668,Trc8,CG2304,protein_coding,TRC8 ring finger protein
FBgn0264373,CR43825,CR43825,ncRNA,CR43825
FBgn0030349,CG10353,CG10353,protein_coding,CG10353
FBgn0002842,sa,CG11308,protein_coding,spermatocyte arrest
FBgn0038069,CG11608,CG11608,protein_coding,CG11608
FBgn0023167,SmD3,CG8427,protein_coding,Small ribonucleoprotein particle protein SmD3
FBgn0039424,ppk15,CG14239,protein_coding,pickpocket 15
FBgn0030808,RhoGAP15B,CG4937,protein_coding,Rho GTPase activating protein at 15B
FBgn0039816,CG11317,CG11317,protein_coding,CG11317
FBgn0262293,mir-2490,CR43000,ncRNA,mir-2490 stem loop
FBgn0050299,Thr-AGT-1-2,CR30299,tRNA,Threonine-AGT 1-2
FBgn0035795,CG16998,CG16998,protein_coding,CG16998
FBgn0024912,agt,CG1303,protein_coding,O-6-alkylguanine-DNA alkyltransferase
FBgn0259985,Mppe,CG8889,protein_coding,Metallophosphoesterase
FBgn0031784,CG9222,CG9222,protein_coding,CG9222
FBgn0025693,ZnT41F,CG11163,protein_coding,Zinc transporter 41F
FBgn0053138,AGBE,CG33138,protein_coding,"1,4-Alpha-Glucan Branching Enzyme"
FBgn0037386,CG1208,CG1208,protein_coding,CG1208
FBgn0037084,Syx6,CG7736,protein_coding,Syntaxin 6
FBgn0052512,CG32512,CG32512,protein_coding,CG32512
FBgn0031306,CG4577,CG4577,protein_coding,CG4577
FBgn0014861,Mcm2,CG7538,protein_coding,Minichromosome maintenance 2
FBgn0264952,CR44121,CR44121,ncRNA,CR44121
FBgn0025355,SuUR,CG7869,protein_coding,Suppressor of Under-Replication
FBgn0039945,CG17159,CG17159,protein_coding,CG17159
FBgn0265948,CR44735,CR44735,ncRNA,CR44735
FBgn0264501,CR43900,CR43900,ncRNA,CR43900
FBgn0039129,RpS19b,CG5338,protein_coding,Ribosomal protein S19b
FBgn0067864,Patj,CG12021,protein_coding,Patj
FBgn0030330,Tango10,CG1841,protein_coding,Transport and Golgi organization 10
FBgn0054049,CG34049,CG34049,protein_coding,CG34049
FBgn0015288,RpL22,CG7434,protein_coding,Ribosomal protein L22
FBgn0260238,CG42512,CG42512,protein_coding,CG42512
FBgn0029723,Proc-R,CG6986,protein_coding,Proctolin receptor
FBgn0029905,Nf-YC,CG3075,protein_coding,Nuclear factor Y-box C
FBgn0288735,CG46510,CG46510,protein_coding,CG46510
FBgn0028374,Hug,CG6371,protein_coding,Hugin
FBgn0002645,Map205,CG1483,protein_coding,Microtubule-associated protein 205
FBgn0051158,Efa6,CG31158,protein_coding,Exchange factor for Arf 6
FBgn0265677,CR44484,CR44484,ncRNA,CR44484
FBgn0067779,dbr,CG11371,protein_coding,debra
FBgn0033164,CG11112,CG11112,protein_coding,CG11112
FBgn0005659,Ets98B,CG5583,protein_coding,Ets at 98B
FBgn0260945,Atg1,CG10967,protein_coding,Autophagy-related 1
FBgn0087005,rtp,CG10233,protein_coding,retinophilin
FBgn0036830,COX6AL2,CG14077,protein_coding,Cytochrome c oxidase subunit 6A-like 2
FBgn0016041,Tom40,CG12157,protein_coding,Translocase of outer membrane 40
FBgn0032150,CG13123,CG13123,protein_coding,CG13123
FBgn0029752,TrxT,CG3315,protein_coding,Thioredoxin T
FBgn0002626,RpL32,CG7939,protein_coding,Ribosomal protein L32
FBgn0024734,PRL-1,CG4993,protein_coding,PRL-1 phosphatase
FBgn0004907,14-3-3zeta,CG17870,protein_coding,14-3-3zeta
FBgn0020887,Su(z)12,CG8013,protein_coding,Su(z)12
FBgn0032660,elfless,CG15150,protein_coding,elfless
FBgn0026189,promL,CG7740,protein_coding,prominin-like
FBgn0087012,5-HT2A,CG1056,protein_coding,5-hydroxytryptamine (serotonin) receptor 2A
FBgn0036230,CG11570,CG11570,protein_coding,CG11570
FBgn0040235,c12.1,CG12135,protein_coding,c12.1
FBgn0035537,CG11342,CG11342,protein_coding,CG11342
FBgn0037206,CG12768,CG12768,protein_coding,CG12768
FBgn0033616,CG7745,CG7745,protein_coding,CG7745
FBgn0036938,CG14187,CG14187,protein_coding,CG14187
FBgn0050424,cGlr2,CG30424,protein_coding,cGAS-like receptor 2
FBgn0085673,CR41533,CR41533,ncRNA,CR41533
FBgn0040949,CG13998,CG13998,protein_coding,CG13998
FBgn0267100,CR45540,CR45540,ncRNA,CR45540
FBgn0011957,Arg-ACG-1-2,CR30512,tRNA,Arginine-ACG 1-2
FBgn0082942,Me28S-A982b,CR34528,snoRNA,Me28S-A982b
FBgn0032365,CG14929,CG14929,protein_coding,CG14929
FBgn0063373,54Ec,CR32901,snoRNA,54Ec
FBgn0267531,CR45871,CR45871,ncRNA,CR45871
FBgn0053503,Cyp12d1-d,CG33503,protein_coding,Cytochrome P450 12d1 distal
FBgn0031050,Arp10,CG12235,protein_coding,Actin-related protein 10
FBgn0028479,Mtpalpha,CG4389,protein_coding,Mitochondrial trifunctional protein alpha subunit
FBgn0266356,CR45004,CR45004,ncRNA,CR45004
FBgn0267071,CR45515,CR45515,ncRNA,CR45515
FBgn0262148,CR42874,CR42874,ncRNA,CR42874
FBgn0002735,E(spl)mgamma-HLH,CG8333,protein_coding,"Enhancer of split mgamma, helix-loop-helix"
FBgn0033808,CG4627,CG4627,protein_coding,CG4627
FBgn0264346,CR43802,CR43802,ncRNA,CR43802
FBgn0266970,CR45421,CR45421,ncRNA,CR45421
FBgn0266139,CR44845,CR44845,ncRNA,CR44845
FBgn0033364,CG13747,CG13747,protein_coding,CG13747
FBgn0259110,mmd,CG42252,protein_coding,mind-meld
FBgn0031413,CG9967,CG9967,protein_coding,CG9967
FBgn0036324,CG12520,CG12520,protein_coding,CG12520
FBgn0083008,Psi28S-1135e,CR34601,snoRNA,Psi28S-1135e
FBgn0036969,Spn77Bb,CG6663,protein_coding,Serpin 77Bb
FBgn0030097,CG12115,CG12115,protein_coding,CG12115
FBgn0034846,CG9863,CG9863,protein_coding,CG9863
FBgn0031091,Phf7,CG9576,protein_coding,PHD finger protein 7
FBgn0031580,CG15423,CG15423,protein_coding,CG15423
FBgn0030276,Dlic,CG1938,protein_coding,Dynein light intermediate chain
FBgn0259860,CR42429,CR42429,ncRNA,CR42429
FBgn0266242,CR44937,CR44937,ncRNA,CR44937
FBgn0031392,AIF,CG7263,protein_coding,Apoptosis inducing factor
FBgn0022029,l(2)k01209,CG4798,protein_coding,lethal (2) k01209
FBgn0265458,CR44358,CR44358,ncRNA,CR44358
FBgn0035581,Dnah3,CG17150,protein_coding,"dynein, axonemal, heavy chain 3"
FBgn0052011,CR32011,CR32011,pseudogene,CR32011
FBgn0051439,Muc96D,CG31439,protein_coding,Mucin 96D
FBgn0040904,CG15577,CG15577,protein_coding,CG15577
FBgn0267301,CR45737,CR45737,ncRNA,CR45737
FBgn0000014,abd-A,CG10325,protein_coding,abdominal A
FBgn0000618,e(y)2,CG15191,protein_coding,enhancer of yellow 2
FBgn0085736,CG40472,CG40472,protein_coding,CG40472
FBgn0020907,Scp2,CG14904,protein_coding,Sarcoplasmic calcium-binding protein 2
FBgn0033696,Cyp6g2,CG8859,protein_coding,Cytochrome P450 6g2
FBgn0038619,CG7685,CG7685,protein_coding,CG7685
FBgn0250835,CG15394,CG15394,protein_coding,CG15394
FBgn0051287,CG31287,CG31287,protein_coding,CG31287
FBgn0026206,mei-P26,CG12218,protein_coding,meiotic P26
FBgn0267472,CR45822,CR45822,ncRNA,CR45822
FBgn0031802,ppk7,CG9499,protein_coding,pickpocket 7
FBgn0264573,CR43945,CR43945,ncRNA,CR43945
FBgn0037543,CG10903,CG10903,protein_coding,CG10903
FBgn0264085,CR43754,CR43754,ncRNA,CR43754
FBgn0039749,CG11498,CG11498,protein_coding,CG11498
FBgn0266223,CR44918,CR44918,ncRNA,CR44918
FBgn0034959,Xxylt,CG11388,protein_coding,Xyloside xylosyltransferase
FBgn0050223,His-GTG-1-5,CR30223,tRNA,Histidine-GTG 1-5
FBgn0035641,CG5568,CG5568,protein_coding,CG5568
FBgn0040028,CG17450,CG17450,protein_coding,CG17450
FBgn0261839,pre-mod(mdg4)-Y,CG42771,protein_coding,CG42771
FBgn0261706,CR42742,CR42742,ncRNA,CR42742
FBgn0083970,CG34134,CG34134,protein_coding,CG34134
FBgn0285896,btl,CG32134,protein_coding,breathless
FBgn0086447,Polr1D,CG10685,protein_coding,RNA polymerase I and III subunit D
FBgn0267793,CR45232,CR45232,ncRNA,CR45232
FBgn0024320,Npc1a,CG5722,protein_coding,Niemann-Pick type C-1a
FBgn0035392,CG1271,CG1271,protein_coding,CG1271
FBgn0086067,Me28S-A771,CR34696,snoRNA,CR34696
FBgn0032160,CG4598,CG4598,protein_coding,CG4598
FBgn0034351,rswl,CG5190,protein_coding,roswell
FBgn0264305,CG43783,CG43783,protein_coding,CG43783
FBgn0053193,sav,CG33193,protein_coding,salvador
FBgn0020307,dve,CG5799,protein_coding,defective proventriculus
FBgn0033481,CG12920,CG12920,protein_coding,CG12920
FBgn0004456,mew,CG1771,protein_coding,multiple edematous wings
FBgn0052702,Cubn,CG32702,protein_coding,Cubilin
FBgn0030269,CDK2AP1,CG18292,protein_coding,CDK2-associated protein 1
FBgn0053535,Glu-TTC-1-3,CR33535,tRNA,Glutamic acid-TTC 1-3
FBgn0037624,Nasp,CG8223,protein_coding,Nuclear autoantigenic sperm protein
FBgn0053544,Vkor,CG33544,protein_coding,Vitamin-K epoxide reductase
FBgn0250755,CG42233,CG42233,protein_coding,CG42233
FBgn0265876,CR44665,CR44665,ncRNA,CR44665
FBgn0043012,AP-2sigma,CG6056,protein_coding,"Adaptor Protein complex 2, sigma subunit"
FBgn0033429,CG12929,CG12929,protein_coding,CG12929
FBgn0266629,CR45136,CR45136,ncRNA,CR45136
FBgn0000241,bw,CG17632,protein_coding,brown
FBgn0261353,Ccdc56,CG42630,protein_coding,Coiled-coil domain containing 56
FBgn0261611,CG42700,CG42700,protein_coding,CG42700
FBgn0026396,Or22c,CG15377,protein_coding,Odorant receptor 22c
FBgn0024986,CG3719,CG3719,protein_coding,CG3719
FBgn0036345,CG17300,CG17300,protein_coding,CG17300
FBgn0086677,jeb,CG30040,protein_coding,jelly belly
FBgn0030364,Lsm12a,CG15735,protein_coding,LSM12 homolog a
FBgn0040372,G9a,CG2995,protein_coding,G9a
FBgn0265753,CR44560,CR44560,ncRNA,CR44560
FBgn0029713,CG11436,CG11436,protein_coding,CG11436
FBgn0267535,CR45875,CR45875,ncRNA,CR45875
FBgn0033121,Cyp6u1,CG3567,protein_coding,Cytochrome P450 6u1
FBgn0051070,Gln-TTG-1-3,CR31070,tRNA,Glutamine-TTG 1-3
FBgn0267671,CR46007,CR46007,ncRNA,CR46007
FBgn0263620,CR43629,CR43629,ncRNA,CR43629
FBgn0032409,Ced-12,CG5336,protein_coding,Ced-12
FBgn0012051,CalpA,CG7563,protein_coding,Calpain-A
FBgn0051115,CG31115,CG31115,protein_coding,CG31115
FBgn0000581,E(Pc),CG7776,protein_coding,Enhancer of Polycomb
FBgn0264302,wrm1,CG43780,protein_coding,wurmchen 1
FBgn0267687,CR46023,CR46023,ncRNA,CR46023
FBgn0265627,CG44435,CG44435,protein_coding,CG44435
FBgn0260759,CG42557,CG42557,protein_coding,CG42557
FBgn0265871,CR44660,CR44660,ncRNA,CR44660
FBgn0020255,Ran,CG1404,protein_coding,Ran
FBgn0086681,Mst36Fa,CG31801,protein_coding,Male-specific transcript 36Fa
FBgn0263484,Pi4KIIalpha-a,CR43599,snoRNA,CR43599
FBgn0050232,Ala-TGC-1-1,CR30232,tRNA,Alanine-TGC 1-1
FBgn0036695,Papst2,CG7853,protein_coding,PAPS transporter 2
FBgn0033203,CG2070,CG2070,protein_coding,CG2070
FBgn0259918,inaF-B,CG42447,protein_coding,inaF-B
FBgn0264725,CG43993,CG43993,protein_coding,CG43993
FBgn0030824,CG5070,CG5070,protein_coding,CG5070
FBgn0010660,Nup214,CG3820,protein_coding,Nucleoporin 214kD
FBgn0259856,CR42425,CR42425,ncRNA,CR42425
FBgn0050365,spaw,CG30365,protein_coding,spacewatch
FBgn0013348,TpnC41C,CG2981,protein_coding,Troponin C at 41C
FBgn0266734,CG45207,CG45207,protein_coding,CG45207
FBgn0085458,CG34429,CG34429,protein_coding,CG34429
FBgn0033248,Dic3,CG11196,protein_coding,Dicarboxylate carrier 3
FBgn0004590,Eig71Ec,CG7608,protein_coding,Ecdysone-induced gene 71Ec
FBgn0250907,Cht10,CG18140,protein_coding,Chitinase 10
FBgn0052462,CG32462,CG32462,protein_coding,CG32462
FBgn0035298,SCOT,CG1140,protein_coding,3-ketoacid CoA transferase
FBgn0265851,CR44640,CR44640,ncRNA,CR44640
FBgn0036873,CG18294,CG18294,protein_coding,CG18294
FBgn0032169,CG4709,CG4709,protein_coding,CG4709
FBgn0053481,dpr7,CG33481,protein_coding,defective proboscis extension response 7
FBgn0004687,Mlc-c,CG3201,protein_coding,Myosin light chain cytoplasmic
FBgn0002543,robo2,CG5481,protein_coding,roundabout 2
FBgn0014411,Vps26,CG14804,protein_coding,Vacuolar protein sorting 26
FBgn0036364,CG14109,CG14109,protein_coding,CG14109
FBgn0085461,CG34432,CG34432,protein_coding,CG34432
FBgn0042207,CG18530,CG18530,protein_coding,CG18530
FBgn0041707,7B2,CG1168,protein_coding,7B2
FBgn0051832,CG31832,CG31832,protein_coding,CG31832
FBgn0261709,CR42746,CR42746,ncRNA,CR42746
FBgn0014018,Rel,CG11992,protein_coding,Relish
FBgn0028980,tant,CG6586,protein_coding,tantalus
FBgn0267210,CR45650,CR45650,ncRNA,CR45650
FBgn0053653,Cadps,CG33653,protein_coding,Calcium-dependent secretion activator
FBgn0082960,Psi28S-3405a,CR34618,snoRNA,Psi28S-3405a
FBgn0039476,CG6271,CG6271,protein_coding,CG6271
FBgn0036419,CG13482,CG13482,protein_coding,CG13482
FBgn0028986,Spn38F,CG9334,protein_coding,Serpin 38F
FBgn0033635,Prip,CG7777,protein_coding,Prip
FBgn0263489,CR43604,CR43604,ncRNA,CR43604
FBgn0261702,CR42738,CR42738,ncRNA,CR42738
FBgn0262341,mir-976,CR43048,ncRNA,mir-976 stem loop
FBgn0001296,kar,CG12286,protein_coding,karmoisin
FBgn0283553,mir-9379,CR46287,ncRNA,mir-9379 stem loop
FBgn0283439,CG46281,CG46281,protein_coding,CG46281
FBgn0053170,CG33170,CG33170,protein_coding,CG33170
FBgn0267756,CR46087,CR46087,ncRNA,CR46087
FBgn0040906,CG15579,CG15579,protein_coding,CG15579
FBgn0027499,wde,CG12340,protein_coding,windei
FBgn0035042,CG3640,CG3640,protein_coding,CG3640
FBgn0030572,mRpS25,CG14413,protein_coding,mitochondrial ribosomal protein S25
FBgn0050380,CG30380,CG30380,protein_coding,CG30380
FBgn0278599,CR46269,CR46269,ncRNA,CR46269
FBgn0288739,CG46514,CG46514,protein_coding,CG46514
FBgn0052267,CG32267,CG32267,protein_coding,CG32267
FBgn0035829,HP4,CG8044,protein_coding,Heterochromatin protein 4
FBgn0038106,CG7488,CG7488,protein_coding,CG7488
FBgn0002863,Acp95EF,CG17924,protein_coding,Accessory gland protein 95EF
FBgn0033656,S2P,CG8988,protein_coding,site-2 protease
FBgn0266719,stac,CG34349,protein_coding,staccato
FBgn0264827,CR44035,CR44035,ncRNA,CR44035
FBgn0264549,CR43928,CR43928,ncRNA,CR43928
FBgn0035872,Cpsf6,CG7185,protein_coding,Cleavage and polyadenylation specific factor 6
FBgn0265786,CR44575,CR44575,ncRNA,CR44575
FBgn0038213,CG9624,CG9624,protein_coding,CG9624
FBgn0029809,CG15767,CG15767,protein_coding,CG15767
FBgn0062413,Ctr1A,CG3977,protein_coding,Copper transporter 1A
FBgn0039864,CG11550,CG11550,protein_coding,CG11550
FBgn0050183,CG30183,CG30183,protein_coding,CG30183
FBgn0032490,CG16813,CG16813,protein_coding,CG16813
FBgn0030966,shop,CG7280,protein_coding,shopper
FBgn0087007,bbg,CG42230,protein_coding,big bang
FBgn0026385,Or47b,CG13206,protein_coding,Odorant receptor 47b
FBgn0264775,CG44013,CG44013,protein_coding,CG44013
FBgn0263511,Vsx1,CG4136,protein_coding,Visual system homeobox 1
FBgn0266311,CR44976,CR44976,ncRNA,CR44976
FBgn0262237,mir-2491,CR42944,ncRNA,mir-2491 stem loop
FBgn0052817,CG32817,CG32817,protein_coding,CG32817
FBgn0028848,Gpo3,CG7311,protein_coding,Glycerophosphate oxidase 3
FBgn0063392,30Ea,CR32875,snoRNA,30Ea
FBgn0010403,Obp83b,CG11422,protein_coding,Odorant-binding protein 83b
FBgn0085203,CG34174,CG34174,protein_coding,CG34174
FBgn0028708,Mst85C,CG11993,protein_coding,Mst85C
FBgn0053985,CG33985,CG33985,protein_coding,CG33985
FBgn0034657,LBR,CG17952,protein_coding,Lamin B receptor
FBgn0032086,CG17906,CG17906,protein_coding,CG17906
FBgn0005638,slbo,CG4354,protein_coding,slow border cells
FBgn0085390,Dgk,CG34361,protein_coding,Diacyl glycerol kinase
FBgn0037304,CG1113,CG1113,protein_coding,CG1113
FBgn0038268,CG3631,CG3631,protein_coding,CG3631
FBgn0030763,CG9782,CG9782,protein_coding,CG9782
FBgn0005427,ewg,CG3114,protein_coding,erect wing
FBgn0034627,eEFSec,CG9841,protein_coding,"eukaryotic translation elongation factor, selenocysteine-specific"
FBgn0263401,CG43447,CG43447,protein_coding,CG43447
FBgn0011960,Arg-ACG-1-9,CR31566,tRNA,Arginine-ACG 1-9
FBgn0042186,CG17239,CG17239,protein_coding,CG17239
FBgn0266913,CR45373,CR45373,ncRNA,CR45373
FBgn0040355,CG3526,CG3526,protein_coding,CG3526
FBgn0035478,CG10853,CG10853,protein_coding,CG10853
FBgn0015575,alpha-Est7,CG1112,protein_coding,alpha-Esterase-7
FBgn0050044,s-cup,CG30044,protein_coding,stanley-cup
FBgn0267597,CR45935,CR45935,ncRNA,CR45935
FBgn0264571,CR43943,CR43943,ncRNA,CR43943
FBgn0267551,CR45891,CR45891,ncRNA,CR45891
FBgn0051577,Ala-AGC-1-1,CR31577,tRNA,Alanine-AGC 1-1
FBgn0035949,CG13314,CG13314,protein_coding,CG13314
FBgn0039838,CAH6,CG3669,protein_coding,Carbonic anhydrase 6
FBgn0003090,pk,CG11084,protein_coding,prickle
FBgn0262869,Gfrl,CG43224,protein_coding,Glial cell line-derived neurotrophic family receptor-like
FBgn0083936,Acp54A1,CG34098,protein_coding,Accessory gland protein 54A1
FBgn0087039,Sbp2,CG7066,protein_coding,SECIS-binding protein 2
FBgn0288835,MSAmiP,CG46527,protein_coding,MSA micropeptide
FBgn0263026,CG43321,CG43321,protein_coding,CG43321
FBgn0031240,CG3345,CG3345,protein_coding,CG3345
FBgn0264560,garz,CG8487,protein_coding,gartenzwerg
FBgn0031627,fipi,CG15630,protein_coding,factor of interpulse interval
FBgn0033720,CG13160,CG13160,protein_coding,CG13160
FBgn0266152,CR44858,CR44858,ncRNA,CR44858
FBgn0051231,CG31231,CG31231,protein_coding,CG31231
FBgn0039907,lgs,CG2041,protein_coding,legless
FBgn0040505,Alk,CG8250,protein_coding,Anaplastic lymphoma kinase
FBgn0083123,Uhg5,CR42452,ncRNA,U snoRNA host gene 5
FBgn0266579,tau,CG45110,protein_coding,tau
FBgn0267805,CR46130,CR46130,ncRNA,CR46130
FBgn0034493,CG8908,CG8908,protein_coding,CG8908
FBgn0052288,Cys-GCA-1-1,CR32288,tRNA,Cysteine-GCA 1-1
FBgn0032354,Boh2,CG4788,protein_coding,Buddy of Hmr 2
FBgn0052440,CG32440,CG32440,protein_coding,CG32440
FBgn0035586,Fitm,CG10671,protein_coding,Fat storage inducing transmembrane protein
FBgn0002592,E(spl)m2-BFM,CG6104,protein_coding,"Enhancer of split m2, Bearded family member"
FBgn0026064,KP78a,CG6715,protein_coding,KP78a
FBgn0287586,CG46456,CG46456,protein_coding,CG46456
FBgn0052351,S-Lap2,CG32351,protein_coding,Sperm-Leucylaminopeptidase 2
FBgn0259823,CG42404,CG42404,protein_coding,CG42404
FBgn0033592,CG13215,CG13215,protein_coding,CG13215
FBgn0051591,Val-AAC-1-2,CR31591,tRNA,Valine-AAC 1-2
FBgn0065104,158,CR33749,ncRNA,small non-coding RNA 158
FBgn0031850,Tsp,CG11326,protein_coding,Thrombospondin
FBgn0036446,Mgat4a,CG9384,protein_coding,"alpha-1,3-mannosyl-glycoprotein 4-beta-N-acetylglucosaminyltransferase a"
FBgn0033669,PI31,CG8979,protein_coding,Proteasome inhibitor 31 kDa
FBgn0259482,Mob3,CG4946,protein_coding,MOB kinase activator 3
FBgn0266218,CR44913,CR44913,ncRNA,CR44913
FBgn0266116,CR44842,CR44842,ncRNA,CR44842
FBgn0266172,pre-mod(mdg4)-E,CG44878,protein_coding,CG44878
FBgn0029810,CG12239,CG12239,protein_coding,CG12239
FBgn0031675,CG9121,CG9121,protein_coding,CG9121
FBgn0030191,CG15306,CG15306,protein_coding,CG15306
FBgn0267127,CR45567,CR45567,ncRNA,CR45567
FBgn0035534,mRpS6,CG15016,protein_coding,mitochondrial ribosomal protein S6
FBgn0263556,mir-4940,CR43541,ncRNA,mir-4940 stem loop
FBgn0032077,CG9515,CG9515,protein_coding,CG9515
FBgn0083992,Mkp,CG34099,protein_coding,MAP kinase-specific phosphatase
FBgn0051933,CG31933,CG31933,protein_coding,CG31933
FBgn0038610,CG7675,CG7675,protein_coding,CG7675
FBgn0030794,CG13005,CG13005,protein_coding,CG13005
FBgn0053189,CG33189,CG33189,protein_coding,CG33189
FBgn0082933,Me28S-G1083c,CR34564,snoRNA,Me28S-G1083c
FBgn0260770,CG42568,CG42568,protein_coding,CG42568
FBgn0035677,CG13293,CG13293,protein_coding,CG13293
FBgn0052651,CG32651,CG32651,protein_coding,CG32651
FBgn0045843,RacGAP84C,CG2595,protein_coding,Rac GTPase activating protein at 84C
FBgn0085512,RYa,CG40733,protein_coding,RYamide
FBgn0014869,Pglym78,CG1721,protein_coding,Phosphoglyceromutase 78
FBgn0034070,SP2353,CG8403,protein_coding,SP2353
FBgn0267083,CR45527,CR45527,ncRNA,CR45527
FBgn0036992,Hpd,CG11796,protein_coding,4-hydroxyphenylpyruvate dioxygenase
FBgn0036191,Sugb,CG7334,protein_coding,Sugar baby
FBgn0045498,Gr22d,CG31930,protein_coding,Gustatory receptor 22d
FBgn0038542,TyrR,CG7431,protein_coding,Tyramine receptor
FBgn0052237,CG32237,CG32237,protein_coding,CG32237
FBgn0085380,dcma,CG34351,protein_coding,decima
FBgn0001612,Grip91,CG10988,protein_coding,Gamma-tubulin ring protein 91
FBgn0264793,CR44023,CR44023,ncRNA,CR44023
FBgn0002932,neur,CG11988,protein_coding,neuralized
FBgn0033367,PPO2,CG8193,protein_coding,Prophenoloxidase 2
FBgn0026418,Hsp110,CG6603,protein_coding,Heat shock protein 110
FBgn0004143,nullo,CG14426,protein_coding,nullo
FBgn0034923,Upf3,CG11184,protein_coding,Upf3
FBgn0053885,CG33885,CG33885,protein_coding,CG33885
FBgn0051909,CG31909,CG31909,protein_coding,CG31909
FBgn0267760,CR46091,CR46091,ncRNA,CR46091
FBgn0288728,PS4,CR46528,ncRNA,PS4
FBgn0039436,TwdlB,CG6478,protein_coding,TweedleB
FBgn0053378,CR33378,CR33378,rRNA,CR33378
FBgn0036195,Dnai2,CG6053,protein_coding,"dynein, axonemal, intermediate chain 2"
FBgn0019809,gcm2,CG3858,protein_coding,gcm2
FBgn0034045,CG8249,CG8249,protein_coding,CG8249
FBgn0266875,CR45336,CR45336,ncRNA,CR45336
FBgn0263278,Fic,CG9523,protein_coding,Fic domain-containing protein
FBgn0045485,Gr36c,CG31748,protein_coding,Gustatory receptor 36c
FBgn0288745,CG46520,CG46520,protein_coding,CG46520
FBgn0267629,CR45967,CR45967,ncRNA,CR45967
FBgn0013746,alien,CG9556,protein_coding,alien
FBgn0263872,CR43719,CR43719,ncRNA,CR43719
FBgn0267529,CR45869,CR45869,ncRNA,CR45869
FBgn0028507,CG3793,CG3793,protein_coding,CG3793
FBgn0259824,Hip14,CG6017,protein_coding,Huntingtin-interacting protein 14
FBgn0053504,U7,CR33504,snRNA,small nuclear RNA U7
FBgn0034456,Ir56b,CG15121,protein_coding,Ionotropic receptor 56b
FBgn0267048,CG45492,CG45492,protein_coding,CG45492
FBgn0051674,CG31674,CG31674,protein_coding,CG31674
FBgn0053257,CG33257,CG33257,protein_coding,CG33257
FBgn0038369,Arpc3A,CG4560,protein_coding,"Actin-related protein 2/3 complex, subunit 3A"
FBgn0050412,CG30412,CG30412,protein_coding,CG30412
FBgn0266914,CR45374,CR45374,ncRNA,CR45374
FBgn0034866,Or59c,CG17226,protein_coding,Odorant receptor 59c
FBgn0034315,CG5721,CG5721,protein_coding,CG5721
FBgn0051876,Cpr30F,CG31876,protein_coding,Cuticular protein 30F
FBgn0034509,Obp57c,CG13421,protein_coding,Odorant-binding protein 57c
FBgn0033871,CG13339,CG13339,protein_coding,CG13339
FBgn0286918,CR46418,CR46418,pseudogene,CR46418
FBgn0030218,CG1628,CG1628,protein_coding,CG1628
FBgn0002709,mei-218,CG8923,protein_coding,meiotic 218
FBgn0036250,Ir68b,CG17152,protein_coding,Ionotropic receptor 68b
FBgn0016122,Acer,CG10593,protein_coding,Angiotensin-converting enzyme-related
FBgn0028426,RNaseZ,CG3298,protein_coding,Ribonuclease Z
FBgn0022981,rpk,CG1058,protein_coding,ripped pocket
FBgn0030868,CG12986,CG12986,protein_coding,CG12986
FBgn0044048,Ilp5,CG33273,protein_coding,Insulin-like peptide 5
FBgn0039702,Vps16B,CG18112,protein_coding,Vacuolar protein sorting 16B
FBgn0053532,lectin-37Da,CG33532,protein_coding,lectin-37Da
FBgn0267528,CR45868,CR45868,ncRNA,CR45868
FBgn0039611,Nepl18,CG14528,protein_coding,Neprilysin-like 18
FBgn0037829,CG14691,CG14691,protein_coding,CG14691
FBgn0053855,CG33855,CG33855,protein_coding,CG33855
FBgn0087008,e(y)3,CG12238,protein_coding,enhancer of yellow 3
FBgn0034067,CG8399,CG8399,protein_coding,CG8399
FBgn0032020,strat,CG7787,protein_coding,stratum
FBgn0038294,Mf,CG6803,protein_coding,Myofilin
FBgn0266573,Thr-TGT-2-3,CR45106,tRNA,Threonine-TGT 2-3
FBgn0262333,mir-963,CR43040,ncRNA,mir-963 stem loop
FBgn0003009,ord,CG3134,protein_coding,orientation disruptor
FBgn0036678,CG11905,CG11905,protein_coding,CG11905
FBgn0029807,CG3108,CG3108,protein_coding,CG3108
FBgn0260401,MED9,CG42517,protein_coding,Mediator complex subunit 9
FBgn0040467,Dlip1,CG15367,protein_coding,Dorsal interacting protein 1
FBgn0010380,AP-1-2beta,CG12532,protein_coding,"Adaptor Protein complex 1/2, beta subunit"
FBgn0000356,Cp16,CG6533,protein_coding,Chorion protein 16
FBgn0031906,CG5160,CG5160,protein_coding,CG5160
FBgn0032634,Polr2J,CG6840,protein_coding,RNA polymerase II subunit J
FBgn0052563,CG32563,CG32563,protein_coding,CG32563
FBgn0265309,CR44282,CR44282,ncRNA,CR44282
FBgn0265196,CR44256,CR44256,ncRNA,CR44256
FBgn0052128,Pro-AGG-1-6,CR32128,tRNA,Proline-AGG 1-6
FBgn0030800,Nprl2,CG9104,protein_coding,Nitrogen permease regulator-like 2
FBgn0033271,CG8708,CG8708,protein_coding,CG8708
FBgn0053310,CG33310,CG33310,protein_coding,CG33310
FBgn0039682,Obp99c,CG7584,protein_coding,Odorant-binding protein 99c
FBgn0266040,CR44805,CR44805,ncRNA,CR44805
FBgn0032869,CG17470,CG17470,protein_coding,CG17470
FBgn0051249,CG31249,CG31249,protein_coding,CG31249
FBgn0031769,CG9135,CG9135,protein_coding,CG9135
FBgn0033995,GPHR,CG8090,protein_coding,Golgi pH Regulator
FBgn0035720,CG10077,CG10077,protein_coding,CG10077
FBgn0035799,mmm,CG14838,protein_coding,missing minor mitochondria
FBgn0037036,Sems,CG10586,protein_coding,Seminase
FBgn0033027,TpnC4,CG12408,protein_coding,Troponin C isoform 4
FBgn0030929,CG15043,CG15043,protein_coding,CG15043
FBgn0033076,CG15233,CG15233,protein_coding,CG15233
FBgn0034356,Pepck2,CG10924,protein_coding,Phosphoenolpyruvate carboxykinase 2
FBgn0025558,CG4101,CG4101,protein_coding,CG4101
FBgn0013689,Ala-TGC,CR34077,tRNA,Alanine-TGC
FBgn0015360,oxt,CG32300,protein_coding,peptide O-xylosyltransferase
FBgn0267185,CR45625,CR45625,ncRNA,CR45625
FBgn0032205,CG4957,CG4957,protein_coding,CG4957
FBgn0039942,CG17163,CG17163,protein_coding,CG17163
FBgn0029853,Josd,CG3781,protein_coding,Josephin domain containing
FBgn0265826,CR44615,CR44615,ncRNA,CR44615
FBgn0052313,CG32313,CG32313,protein_coding,CG32313
FBgn0031456,Tnpo-SR,CG2848,protein_coding,Transportin-Serine/Arginine rich
FBgn0037248,srl,CG9809,protein_coding,spargel
FBgn0265078,CR44189,CR44189,ncRNA,CR44189
FBgn0025681,CG3558,CG3558,protein_coding,CG3558
FBgn0261985,Ptpmeg,CG1228,protein_coding,Protein tyrosine phosphatase Meg
FBgn0011260,Sema2a,CG4700,protein_coding,Semaphorin 2a
FBgn0035287,CG13937,CG13937,protein_coding,CG13937
FBgn0032924,Nbr,CG9247,protein_coding,Nibbler
FBgn0266171,pre-mod(mdg4)-AB,CG44877,protein_coding,CG44877
FBgn0040837,CG8620,CG8620,protein_coding,CG8620
FBgn0264899,CG44090,CG44090,protein_coding,CG44090
FBgn0037324,Orco,CG10609,protein_coding,Odorant receptor co-receptor
FBgn0264678,CR43963,CR43963,ncRNA,CR43963
FBgn0035211,CG2211,CG2211,protein_coding,CG2211
FBgn0039642,CG11882,CG11882,protein_coding,CG11882
FBgn0266087,CR44829,CR44829,ncRNA,CR44829
FBgn0083961,CG34125,CG34125,protein_coding,CG34125
FBgn0263544,mir-4949,CR43529,ncRNA,mir-4949 stem loop
FBgn0035481,CG12605,CG12605,protein_coding,CG12605
FBgn0031951,r2d2,CG7138,protein_coding,r2d2
FBgn0266880,CR45341,CR45341,ncRNA,CR45341
FBgn0053926,Srg3,CG33926,protein_coding,Sting-regulated gene 3
FBgn0025743,mbt,CG18582,protein_coding,mushroom bodies tiny
FBgn0040786,CG14104,CG14104,protein_coding,CG14104
FBgn0260390,CG42516,CG42516,protein_coding,CG42516
FBgn0262688,CR43158,CR43158,pseudogene,CR43158
FBgn0004170,sc,CG3827,protein_coding,scute
FBgn0265737,CR44544,CR44544,ncRNA,CR44544
FBgn0038983,CG5326,CG5326,protein_coding,CG5326
FBgn0037920,CG14710,CG14710,protein_coding,CG14710
FBgn0067628,CG33331,CG33331,protein_coding,CG33331
FBgn0043796,CG12219,CG12219,protein_coding,CG12219
FBgn0038299,Spn88Eb,CG6687,protein_coding,Serpin 88Eb
FBgn0267799,CR46124,CR46124,ncRNA,CR46124
FBgn0036597,CG4962,CG4962,protein_coding,CG4962
FBgn0032229,ClpP,CG5045,protein_coding,Caseinolytic protease proteolytic subunit
FBgn0015714,Cyp6a17,CG10241,protein_coding,Cytochrome P450 6a17
FBgn0266196,CR44891,CR44891,ncRNA,CR44891
FBgn0266389,CR45029,CR45029,ncRNA,CR45029
FBgn0034433,EndoB,CG9834,protein_coding,Endophilin B
FBgn0038873,CG5892,CG5892,protein_coding,CG5892
FBgn0035151,CG17129,CG17129,protein_coding,CG17129
FBgn0267205,CR45645,CR45645,ncRNA,CR45645
FBgn0034655,CG10307,CG10307,protein_coding,CG10307
FBgn0266259,CG44954,CG44954,protein_coding,CG44954
FBgn0053735,430i,CR33735,ncRNA,small non-coding RNA 430i
FBgn0030439,CG12716,CG12716,protein_coding,CG12716
FBgn0284412,CR46326,CR46326,ncRNA,CR46326
FBgn0004432,Cyp1,CG9916,protein_coding,Cyclophilin 1
FBgn0031640,Mon1,CG11926,protein_coding,Monensin sensitivity 1
FBgn0038020,GstD9,CG10091,protein_coding,Glutathione S transferase D9
FBgn0028991,seq,CG32904,protein_coding,sequoia
FBgn0030969,Usp39,CG7288,protein_coding,Ubiquitin specific protease 39
FBgn0052328,Glu-CTC-3-2,CR32328,tRNA,Glutamic acid-CTC 3-2
FBgn0011758,B-H1,CG5529,protein_coding,BarH1
FBgn0050463,Pgant9,CG30463,protein_coding,Polypeptide N-Acetylgalactosaminyltransferase 9
FBgn0030918,CG15056,CG15056,protein_coding,CG15056
FBgn0038984,AdipoR,CG5315,protein_coding,Adiponectin receptor
FBgn0262035,CG42846,CG42846,protein_coding,CG42846
FBgn0036689,CG7730,CG7730,protein_coding,CG7730
FBgn0267538,CR45878,CR45878,ncRNA,CR45878
FBgn0035162,Sf3b3,CG13900,protein_coding,Splicing factor 3b subunit 3
FBgn0039829,CG15561,CG15561,protein_coding,CG15561
FBgn0050238,Glu-TTC-1-1,CR30238,tRNA,Glutamic acid-TTC 1-1
FBgn0036786,skl,CG13701,protein_coding,sickle
FBgn0038355,CG4520,CG4520,protein_coding,CG4520
FBgn0030511,CG11158,CG11158,protein_coding,CG11158
FBgn0004872,piwi,CG6122,protein_coding,P-element induced wimpy testis
FBgn0267237,CR45677,CR45677,ncRNA,CR45677
FBgn0063368,Gpb5,CG40041,protein_coding,Glycoprotein hormone beta 5
FBgn0031818,CG9536,CG9536,protein_coding,CG9536
FBgn0029834,CG5937,CG5937,protein_coding,CG5937
FBgn0033650,CG13193,CG13193,protein_coding,CG13193
FBgn0265894,CR44683,CR44683,ncRNA,CR44683
FBgn0033867,Cpr50Ca,CG13338,protein_coding,Cuticular protein 50Ca
FBgn0260645,CG42537,CG42537,protein_coding,CG42537
FBgn0032428,Fam92,CG6405,protein_coding,CG6405
FBgn0036239,Pop2,CG5684,protein_coding,Pop2
FBgn0024542,Neos,CG8614,protein_coding,Neosin
FBgn0035249,CG17249,CG17249,protein_coding,CG17249
FBgn0264864,CR44055,CR44055,ncRNA,CR44055
FBgn0031501,CG17261,CG17261,protein_coding,CG17261
FBgn0264380,CR43832,CR43832,ncRNA,CR43832
FBgn0053155,CG33155,CG33155,protein_coding,CG33155
FBgn0036935,CG14186,CG14186,protein_coding,CG14186
FBgn0259163,CG42268,CG42268,protein_coding,CG42268
FBgn0039154,Npc2f,CG6164,protein_coding,Niemann-Pick type C-2f
FBgn0027930,MP1,CG1102,protein_coding,Melanization Protease 1
FBgn0266677,CR45167,CR45167,ncRNA,CR45167
FBgn0051015,PH4alphaPV,CG31015,protein_coding,prolyl-4-hydroxylase-alpha PV
FBgn0032961,CG1416,CG1416,protein_coding,CG1416
FBgn0050156,CG30156,CG30156,protein_coding,CG30156
FBgn0010504,kermit,CG11546,protein_coding,kermit
FBgn0265904,CR44693,CR44693,ncRNA,CR44693
FBgn0000280,Cec-Psi1,CR32926,pseudogene,Cecropin pseudogene 1
FBgn0052391,CG32391,CG32391,protein_coding,CG32391
FBgn0015602,BEAF-32,CG10159,protein_coding,Boundary element-associated factor of 32kD
FBgn0262983,CG43291,CG43291,protein_coding,CG43291
FBgn0052677,X11Lbeta,CG32677,protein_coding,X11Lbeta
FBgn0262873,Diedel2,CG43228,protein_coding,Diedel 2
FBgn0035140,BORCS6,CG17180,protein_coding,BLOC-1 related complex subunit 6
FBgn0026015,Top3beta,CG3458,protein_coding,Topoisomerase 3beta
FBgn0283638,mir-9388,CR46297,ncRNA,mir-9388 stem loop
FBgn0011276,HLH3B,CG2655,protein_coding,Helix loop helix protein 3B
FBgn0028699,Rh50,CG7499,protein_coding,Rh50
FBgn0260005,wtrw,CG31284,protein_coding,water witch
FBgn0264695,Mhc,CG17927,protein_coding,Myosin heavy chain
FBgn0267720,CR46053,CR46053,ncRNA,CR46053
FBgn0286881,CR46403,CR46403,pseudogene,CR46403
FBgn0266872,CR45333,CR45333,ncRNA,CR45333
FBgn0265582,CR44409,CR44409,ncRNA,CR44409
FBgn0034380,Vps51,CG15087,protein_coding,Vacuolar protein sorting 51
FBgn0004108,Nrt,CG9704,protein_coding,Neurotactin
FBgn0261386,Gpa2,CG17878,protein_coding,Glycoprotein hormone alpha 2
FBgn0001216,Hsc70-1,CG8937,protein_coding,Heat shock protein 70 cognate 1
FBgn0266896,CR45356,CR45356,ncRNA,CR45356
FBgn0267918,CR46199,CR46199,ncRNA,CR46199
FBgn0262204,mir-2279,CR42911,ncRNA,mir-2279 stem loop
FBgn0003169,put,CG7904,protein_coding,punt
FBgn0033935,Sin1,CG10105,protein_coding,SAPK-interacting protein 1
FBgn0031976,CG7367,CG7367,protein_coding,CG7367
FBgn0032724,CG10428,CG10428,protein_coding,CG10428
FBgn0267481,CR45831,CR45831,ncRNA,CR45831
FBgn0032002,CG8353,CG8353,protein_coding,CG8353
FBgn0046692,Stlk,CG40293,protein_coding,Ste20-like kinase
FBgn0026376,Rgl,CG8865,protein_coding,Ral guanine nucleotide dissociation stimulator-like
FBgn0047338,CG32148,CG32148,protein_coding,CG32148
FBgn0033408,ODA-Dnal1,CG8800,protein_coding,Outer dynein arm dynein axonemal light chain 1
FBgn0040079,pkaap,CG4132,protein_coding,pkaap
FBgn0034716,Oatp58Dc,CG3380,protein_coding,Organic anion transporting polypeptide 58Dc
FBgn0250849,CG32388,CG32388,protein_coding,CG32388
FBgn0052432,CG32432,CG32432,protein_coding,CG32432
FBgn0050506,Thr-TGT-2-2,CR30506,tRNA,Threonine-TGT 2-2
FBgn0264462,CR43870,CR43870,ncRNA,CR43870
FBgn0032447,PICK1,CG6167,protein_coding,Protein interacting with C kinase 1
FBgn0035611,CG13285,CG13285,protein_coding,CG13285
FBgn0032166,CG4619,CG4619,protein_coding,CG4619
FBgn0085420,DIP-delta,CG34391,protein_coding,Dpr-interacting protein delta
FBgn0266239,CR44934,CR44934,ncRNA,CR44934
FBgn0032938,CG8671,CG8671,protein_coding,CG8671
FBgn0037456,CG1138,CG1138,protein_coding,CG1138
FBgn0031981,Megf8,CG7466,protein_coding,Multiple EGF like domains 8
FBgn0039636,Atg14,CG11877,protein_coding,Autophagy-related 14
FBgn0266282,SMC6,CG5524,protein_coding,Structural maintenance of chromosomes 6
FBgn0265992,CR44767,CR44767,ncRNA,CR44767
FBgn0035981,CG4452,CG4452,protein_coding,CG4452
FBgn0032910,CG9265,CG9265,protein_coding,CG9265
FBgn0266004,CR44778,CR44778,ncRNA,CR44778
FBgn0052406,PVRAP,CG32406,protein_coding,PVR adaptor protein
FBgn0052686,CG32686,CG32686,protein_coding,CG32686
FBgn0288846,unc-45,CG2708,protein_coding,uncoordinated 45
FBgn0262117,IntS3,CG17665,protein_coding,Integrator 3
FBgn0032213,CG5390,CG5390,protein_coding,CG5390
FBgn0250830,CG12547,CG12547,protein_coding,CG12547
FBgn0034814,CG9890,CG9890,protein_coding,CG9890
FBgn0264877,CR44068,CR44068,ncRNA,CR44068
FBgn0014179,gcm,CG12245,protein_coding,glial cells missing
FBgn0035132,mthl10,CG17061,protein_coding,methuselah-like 10
FBgn0034417,CG15117,CG15117,protein_coding,CG15117
FBgn0266441,CG45071,CG45071,protein_coding,CG45071
FBgn0053869,CG33869,CG33869,protein_coding,CG33869
FBgn0262540,CG43094,CG43094,protein_coding,CG43094
FBgn0267159,CR45599,CR45599,ncRNA,CR45599
FBgn0052484,Sk2,CG32484,protein_coding,Sphingosine kinase 2
FBgn0039557,CG12259,CG12259,protein_coding,CG12259
FBgn0031478,CG8814,CG8814,protein_coding,CG8814
FBgn0051050,CG31050,CG31050,protein_coding,CG31050
FBgn0031950,Herp,CG14536,protein_coding,Homocysteine-induced endoplasmic reticulum protein
FBgn0261871,dpr2,CG33507,protein_coding,defective proboscis extension response 2
FBgn0004839,otk,CG8967,protein_coding,off-track
FBgn0265634,CR44441,CR44441,ncRNA,CR44441
FBgn0031968,CG7231,CG7231,protein_coding,CG7231
FBgn0031197,CG17601,CG17601,protein_coding,CG17601
FBgn0011305,Rsf1,CG5655,protein_coding,Repressor splicing factor 1
FBgn0030507,CG11164,CG11164,protein_coding,CG11164
FBgn0052750,CG32750,CG32750,protein_coding,CG32750
FBgn0034113,CG8060,CG8060,protein_coding,CG8060
FBgn0067629,CG33332,CG33332,protein_coding,CG33332
FBgn0032162,CG4592,CG4592,protein_coding,CG4592
FBgn0264569,CR43941,CR43941,ncRNA,CR43941
FBgn0034708,Vps35,CG5625,protein_coding,Vacuolar protein sorting 35
FBgn0037960,mthl5,CG6965,protein_coding,methuselah-like 5
FBgn0040285,Scamp,CG9195,protein_coding,Scamp
FBgn0038676,CG6026,CG6026,protein_coding,CG6026
FBgn0267790,rump,CG9373,protein_coding,rumpelstiltskin
FBgn0037754,CG8500,CG8500,protein_coding,CG8500
FBgn0266378,CR45020,CR45020,ncRNA,CR45020
FBgn0038001,CG17404,CG17404,protein_coding,CG17404
FBgn0039020,CG17141,CG17141,protein_coding,CG17141
FBgn0037117,CG11248,CG11248,protein_coding,CG11248
FBgn0038809,CG16953,CG16953,protein_coding,CG16953
FBgn0267480,CR45830,CR45830,ncRNA,CR45830
FBgn0003204,ras,CG1799,protein_coding,raspberry
FBgn0286733,Me28S-C2789,CR46375,snoRNA,Me28S-C2789
FBgn0064116,anox,CG33713,protein_coding,anorexia
FBgn0037422,Osi13,CG15595,protein_coding,Osiris 13
FBgn0036594,CG13047,CG13047,protein_coding,CG13047
FBgn0051550,CG31550,CG31550,protein_coding,CG31550
FBgn0011904,Lys-TTT-2-4,CR31486,tRNA,Lysine-TTT 2-4
FBgn0286882,CR46404,CR46404,pseudogene,CR46404
FBgn0040688,CG12483,CG12483,protein_coding,CG12483
FBgn0035106,rno,CG7036,protein_coding,rhinoceros
FBgn0036735,Edc3,CG6311,protein_coding,Enhancer of decapping 3
FBgn0025825,HDAC3,CG2128,protein_coding,Histone deacetylase 3
FBgn0000120,Arr1,CG5711,protein_coding,Arrestin 1
FBgn0038666,Smu1,CG5451,protein_coding,Smu1 spliceosomal factor
FBgn0032161,CG4594,CG4594,protein_coding,CG4594
FBgn0041342,Pcyt1,CG1049,protein_coding,Phosphocholine cytidylyltransferase 1
FBgn0082943,Me28S-A982a,CR34527,snoRNA,Me28S-A982a
FBgn0051999,CG31999,CG31999,protein_coding,CG31999
FBgn0038391,GATAe,CG10278,protein_coding,GATAe
FBgn0045842,yuri,CG31732,protein_coding,yuri gagarin
FBgn0026432,Grip163,CG5688,protein_coding,Grip163
FBgn0042135,Gdap2,CG18812,protein_coding,Gdap2
FBgn0288809,7SKb,CR46524,snRNA,small nuclear RNA 7SK b
FBgn0286781,cass,CG6582,protein_coding,cassowary
FBgn0020767,Spred,CG10155,protein_coding,Sprouty-related protein with EVH-1 domain
FBgn0028692,Rpn2,CG11888,protein_coding,Regulatory particle non-ATPase 2
FBgn0267570,CR45910,CR45910,ncRNA,CR45910
FBgn0039178,CG6356,CG6356,protein_coding,CG6356
FBgn0037040,CG12983,CG12983,protein_coding,CG12983
FBgn0035945,CG5026,CG5026,protein_coding,CG5026
FBgn0046888,Grl36a,CG31750,protein_coding,Gustatory receptor-like 36a
FBgn0085263,CG34234,CG34234,protein_coding,CG34234
FBgn0038018,Tim17a1,CG10090,protein_coding,Tim17a1
FBgn0036207,CG10907,CG10907,protein_coding,CG10907
FBgn0033848,CG13330,CG13330,protein_coding,CG13330
FBgn0004429,LysP,CG9116,protein_coding,Lysozyme P
FBgn0030569,CG9411,CG9411,protein_coding,CG9411
FBgn0082940,Me28S-C3227a,CR34533,snoRNA,Me28S-C3227a
FBgn0265671,CR44478,CR44478,ncRNA,CR44478
FBgn0050147,Hil,CG30147,protein_coding,Hillarin
FBgn0053362,CR33362,CR33362,rRNA,CR33362
FBgn0032819,Dus3,CG10463,protein_coding,Dihydrouridine synthase 3
FBgn0267118,CR45558,CR45558,ncRNA,CR45558
FBgn0263934,esn,CG43722,protein_coding,espinas
FBgn0036124,Noc1,CG7839,protein_coding,Nucleolar complex protein 1
FBgn0030936,CG6481,CG6481,protein_coding,CG6481
FBgn0288729,CG46504,CG46504,protein_coding,CG46504
FBgn0266884,CR45345,CR45345,ncRNA,CR45345
FBgn0028689,Rpn6,CG10149,protein_coding,Regulatory particle non-ATPase 6
FBgn0038363,Acyp2,CG18505,protein_coding,Acylphosphatase 2
FBgn0025878,wrapper,CG10382,protein_coding,wrapper
FBgn0053125,CG33125,CG33125,protein_coding,CG33125
FBgn0034507,CG11192,CG11192,protein_coding,CG11192
FBgn0286732,Or-CD14,CR46374,snoRNA,Orphan C/D box 14
FBgn0039291,Saysd1,CG13663,protein_coding,SAYSVFN motif domain containing 1
FBgn0039052,CG6733,CG6733,protein_coding,CG6733
FBgn0034221,CG10764,CG10764,protein_coding,CG10764
FBgn0037612,CG8112,CG8112,protein_coding,CG8112
FBgn0032814,CG10366,CG10366,protein_coding,CG10366
FBgn0040607,CG14244,CG14244,protein_coding,CG14244
FBgn0262598,mtsh,CG7795,protein_coding,mitoshell
FBgn0264574,Glut1,CG43946,protein_coding,Glucose transporter 1
FBgn0030984,tgy,CG7440,protein_coding,twiggy
FBgn0025709,CNT2,CG8083,protein_coding,Concentrative nucleoside transporter 2
FBgn0028573,prc,CG5700,protein_coding,pericardin
FBgn0013710,Tyr-GTA,CR34066,tRNA,Tyrosine-GTA
FBgn0033104,CG15237,CG15237,protein_coding,CG15237
FBgn0023216,Parg,CG2864,protein_coding,Poly(ADP-ribose) glycohydrolase
FBgn0002962,nanos,CG5637,protein_coding,nanos
FBgn0030786,mRpL22,CG4742,protein_coding,mitochondrial ribosomal protein L22
FBgn0287607,CR46476,CR46476,ncRNA,CR46476
FBgn0028496,CG30116,CG30116,protein_coding,CG30116
FBgn0264263,CR43763,CR43763,ncRNA,CR43763
FBgn0262982,CG43290,CG43290,protein_coding,CG43290
FBgn0085442,NKAIN,CG34413,protein_coding,"Na,K-ATPase Interacting"
FBgn0266918,CG32486,CG32486,protein_coding,CG32486
FBgn0259843,CR42412,CR42412,ncRNA,CR42412
FBgn0032914,CG14397,CG14397,protein_coding,CG14397
FBgn0030911,CR15061,CR15061,ncRNA,CR15061
FBgn0261681,CG42728,CG42728,protein_coding,CG42728
FBgn0039157,Myo95E,CG5501,protein_coding,Myosin 95E
FBgn0285992,CR46342,CR46342,ncRNA,CR46342
FBgn0003360,sesB,CG16944,protein_coding,stress-sensitive B
FBgn0028738,ETH,CG18105,protein_coding,Ecdysis triggering hormone
FBgn0054039,CG34039,CG34039,protein_coding,CG34039
FBgn0262843,CG43207,CG43207,protein_coding,CG43207
FBgn0032670,CG5783,CG5783,protein_coding,CG5783
FBgn0036170,CG11714,CG11714,protein_coding,CG11714
FBgn0038494,beat-IIb,CG4135,protein_coding,beaten path IIb
FBgn0016685,Nlp,CG7917,protein_coding,Nucleoplasmin
FBgn0033540,Elp2,CG11887,protein_coding,Elongator complex protein 2
FBgn0004400,rhi,CG10683,protein_coding,rhino
FBgn0028399,Serinc,CG4672,protein_coding,Serine incorporator
FBgn0039821,Ktch,CG15556,protein_coding,Ketchup
FBgn0039160,CG5510,CG5510,protein_coding,CG5510
FBgn0262124,uex,CG42595,protein_coding,unextended
FBgn0264485,CR43893,CR43893,ncRNA,CR43893
FBgn0035519,CG1309,CG1309,protein_coding,CG1309
FBgn0003317,sax,CG1891,protein_coding,saxophone
FBgn0039304,Kdsr,CG10425,protein_coding,3-ketodihydrosphingosine reductase
FBgn0263405,CR43451,CR43451,ncRNA,CR43451
FBgn0053639,CG33639,CG33639,protein_coding,CG33639
FBgn0051333,Thr-CGT-1-3,CR31333,tRNA,Threonine-CGT 1-3
FBgn0040343,CG3713,CG3713,protein_coding,CG3713
FBgn0265312,CR44285,CR44285,ncRNA,CR44285
FBgn0039083,CG10177,CG10177,protein_coding,CG10177
FBgn0033550,CG12341,CG12341,protein_coding,CG12341
FBgn0030247,CG15208,CG15208,protein_coding,CG15208
FBgn0050371,CG30371,CG30371,protein_coding,CG30371
FBgn0000308,chic,CG9553,protein_coding,chickadee
FBgn0000150,awd,CG2210,protein_coding,abnormal wing discs
FBgn0030927,CG15046,CG15046,protein_coding,CG15046
FBgn0030802,DENR,CG9099,protein_coding,Density regulated protein
FBgn0037906,PGRP-LB,CG14704,protein_coding,Peptidoglycan recognition protein LB
FBgn0030788,Sap30,CG4756,protein_coding,SIN3-associated polypeptide 30
FBgn0032966,CG1421,CG1421,protein_coding,CG1421
FBgn0265142,Ir56e,CR44211,pseudogene,Ionotropic receptor 56e
FBgn0004367,mei-41,CG4252,protein_coding,meiotic 41
FBgn0033773,Mos,CG8767,protein_coding,Mos oncogene
FBgn0052024,CG32024,CG32024,protein_coding,CG32024
FBgn0033911,VGAT,CG8394,protein_coding,Vesicular GABA Transporter
FBgn0265928,CR44717,CR44717,ncRNA,CR44717
FBgn0030015,CG10761,CG10761,protein_coding,CG10761
FBgn0267249,CR45689,CR45689,ncRNA,CR45689
FBgn0037057,CG10512,CG10512,protein_coding,CG10512
FBgn0033679,CG8888,CG8888,protein_coding,CG8888
FBgn0261786,mi,CG5360,protein_coding,minus
FBgn0036569,IleRS-m,CG5414,protein_coding,"Isoleucyl-tRNA synthetase, mitochondrial"
FBgn0031668,CG31917,CG31917,protein_coding,CG31917
FBgn0039025,Usp12-46,CG7023,protein_coding,Ubiquitin-specific protease 12/46
FBgn0030941,wgn,CG6531,protein_coding,wengen
FBgn0032974,CG3651,CG3651,protein_coding,CG3651
FBgn0052220,Csas,CG32220,protein_coding,CMP-sialic acid synthase
FBgn0011694,EbpII,CG2665,protein_coding,Ejaculatory bulb protein II
FBgn0003374,Sgs4,CG12181,protein_coding,Salivary gland secretion 4
FBgn0040941,CG15308,CG15308,protein_coding,CG15308
FBgn0037955,Kyat,CG6950,protein_coding,Kynurenine aminotransferase
FBgn0265706,CR44513,CR44513,ncRNA,CR44513
FBgn0024814,Clc,CG6948,protein_coding,Clathrin light chain
FBgn0085753,CR40596,CR40596,pseudogene,CR40596
FBgn0261058,Sfp38D,CG42606,protein_coding,Seminal fluid protein 38D
FBgn0032691,Atac2,CG10414,protein_coding,Ada2a-containing complex component 2
FBgn0034165,CG6435,CG6435,protein_coding,CG6435
FBgn0052603,CG32603,CG32603,protein_coding,CG32603
FBgn0030748,Traf-like,CG4394,protein_coding,TNF-receptor-associated factor-like
FBgn0034432,Acadvl,CG7461,protein_coding,Acyl-CoA dehydrogenase very long chain
FBgn0038073,CG14395,CG14395,protein_coding,CG14395
FBgn0259244,CG42342,CG42342,protein_coding,CG42342
FBgn0266030,CR44795,CR44795,ncRNA,CR44795
FBgn0267599,CR45937,CR45937,ncRNA,CR45937
FBgn0010894,sinu,CG10624,protein_coding,sinuous
FBgn0267625,CR45963,CR45963,ncRNA,CR45963
FBgn0050377,CG30377,CG30377,protein_coding,CG30377
FBgn0266315,CR44980,CR44980,ncRNA,CR44980
FBgn0035526,CG1316,CG1316,protein_coding,CG1316
FBgn0054002,CG34002,CG34002,protein_coding,CG34002
FBgn0052277,CG32277,CG32277,protein_coding,CG32277
FBgn0267255,CG45691,CG45691,protein_coding,CG45691
FBgn0038098,CG7381,CG7381,protein_coding,CG7381
FBgn0032124,CG17855,CG17855,protein_coding,CG17855
FBgn0053349,ppk25,CG33349,protein_coding,pickpocket 25
FBgn0031055,et,CG14225,protein_coding,eye transformer
FBgn0037712,CG16789,CG16789,protein_coding,CG16789
FBgn0024362,Naa30A,CG11412,protein_coding,N(alpha)-acetyltransferase 30 A
FBgn0267459,CR45809,CR45809,ncRNA,CR45809
FBgn0031412,CG16995,CG16995,protein_coding,CG16995
FBgn0036747,CG6052,CG6052,protein_coding,CG6052
FBgn0032305,CG6700,CG6700,protein_coding,CG6700
FBgn0051913,CG31913,CG31913,protein_coding,CG31913
FBgn0004859,ci,CG2125,protein_coding,cubitus interruptus
FBgn0053906,CG33906,CG33906,protein_coding,CG33906
FBgn0287589,CG46459,CG46459,protein_coding,CG46459
FBgn0034430,mip40,CG15119,protein_coding,Myb-interacting protein 40
FBgn0033782,sug,CG3850,protein_coding,sugarbabe
FBgn0016076,vri,CG14029,protein_coding,vrille
FBgn0261554,Arms,CG42672,protein_coding,Ankyrin repeat-rich membrane spanning
FBgn0053842,CG33842,CG33842,protein_coding,CG33842
FBgn0264791,CR44021,CR44021,ncRNA,CR44021
FBgn0263864,Dark,CG6829,protein_coding,Death-associated APAF1-related killer
FBgn0250820,meigo,CG5802,protein_coding,medial glomeruli
FBgn0038143,CG9813,CG9813,protein_coding,CG9813
FBgn0263933,ebi,CG4063,protein_coding,ebi
FBgn0037648,CG11975,CG11975,protein_coding,CG11975
FBgn0004554,Edg91,CG7539,protein_coding,Ecdysone-dependent gene 91
FBgn0267116,CR45556,CR45556,ncRNA,CR45556
FBgn0041150,hoe1,CG12787,protein_coding,hoepel1
FBgn0287775,18w,CG8896,protein_coding,18 wheeler
FBgn0039406,RpL34a,CG6090,protein_coding,Ribosomal protein L34a
FBgn0040684,CG12589,CG12589,protein_coding,CG12589
FBgn0050229,Leu-AAG-1-4,CR30229,tRNA,Leucine-AAG 1-4
FBgn0051974,CG31974,CG31974,protein_coding,CG31974
FBgn0037751,topi,CG8484,protein_coding,matotopetli
FBgn0054033,CG34033,CG34033,protein_coding,CG34033
FBgn0030975,SdhBL,CG7349,protein_coding,"Succinate dehydrogenase, subunit B (iron-sulfur)-like"
FBgn0052670,Rab9Fb,CG32670,protein_coding,Rab at 9Fb
FBgn0037718,P58IPK,CG8286,protein_coding,P58IPK
FBgn0265042,Irk1,CG44159,protein_coding,Inwardly rectifying potassium channel 1
FBgn0266847,CR45309,CR45309,ncRNA,CR45309
FBgn0054054,CG34054,CG34054,protein_coding,CG34054
FBgn0028526,CG15293,CG15293,protein_coding,CG15293
FBgn0053523,CG33523,CG33523,protein_coding,CG33523
FBgn0267744,CR46075,CR46075,ncRNA,CR46075
FBgn0087035,AGO2,CG7439,protein_coding,Argonaute 2
FBgn0260744,Tango9,CG10007,protein_coding,Transport and Golgi organization 9
FBgn0265933,CR44722,CR44722,ncRNA,CR44722
FBgn0266329,CR44994,CR44994,ncRNA,CR44994
FBgn0085476,CG34447,CG34447,protein_coding,CG34447
FBgn0003023,otu,CG12743,protein_coding,ovarian tumor
FBgn0085387,shakB,CG34358,protein_coding,shaking B
FBgn0267021,CR45465,CR45465,ncRNA,CR45465
FBgn0037093,Cdk12,CG7597,protein_coding,Cyclin-dependent kinase 12
FBgn0265998,Doa,CG42320,protein_coding,Darkener of apricot
FBgn0031740,CG7239,CG7239,protein_coding,CG7239
FBgn0035931,CG13312,CG13312,protein_coding,CG13312
FBgn0026751,XRCC1,CG4208,protein_coding,XRCC1
FBgn0058002,ND-AGGG,CG40002,protein_coding,NADH dehydrogenase (ubiquinone) AGGG subunit
FBgn0264491,how,CG10293,protein_coding,held out wings
FBgn0028645,beat-Ib,CG7644,protein_coding,beaten path Ib
FBgn0038256,CG7530,CG7530,protein_coding,CG7530
FBgn0033813,fsd,CG12765,protein_coding,fates-shifted
FBgn0031913,CG5958,CG5958,protein_coding,CG5958
FBgn0050369,CG30369,CG30369,protein_coding,CG30369
FBgn0011944,Pro-TGG-1-1,CR31567,tRNA,Proline-TGG 1-1
FBgn0030947,CG6696,CG6696,protein_coding,CG6696
FBgn0013277,Hsp70Ba,CG31449,protein_coding,Heat shock protein 70 Ba
FBgn0050333,Phe-GAA-1-4,CR30333,tRNA,Phenylalanine-GAA 1-4
FBgn0032884,Pomp,CG9324,protein_coding,Pomp
FBgn0037073,Tsr1,CG7338,protein_coding,Tsr1 ribosome assembly factor
FBgn0038431,CG10405,CG10405,protein_coding,CG10405
FBgn0267631,CR45969,CR45969,ncRNA,CR45969
FBgn0039183,Dis3,CG6413,protein_coding,Dis3
FBgn0266581,pit,CG6375,protein_coding,pitchoune
FBgn0266877,CR45338,CR45338,ncRNA,CR45338
FBgn0082978,Psi28S-3091b,CR34609,snoRNA,Psi28S-3091b
FBgn0010240,Lcch3,CG17336,protein_coding,Ligand-gated chloride channel homolog 3
FBgn0010215,alpha-Cat,CG17947,protein_coding,alpha Catenin
FBgn0264470,CR43878,CR43878,ncRNA,CR43878
FBgn0033132,Tsp42Ej,CG12143,protein_coding,Tetraspanin 42Ej
FBgn0030103,Obp8a,CG12665,protein_coding,Odorant-binding protein 8a
FBgn0262811,CG43182,CG43182,protein_coding,CG43182
FBgn0011668,Mst57Da,CG9074,protein_coding,Male-specific RNA 57Da
FBgn0032003,CG8349,CG8349,protein_coding,CG8349
FBgn0085330,CG34301,CG34301,protein_coding,CG34301
FBgn0266957,CR45408,CR45408,ncRNA,CR45408
FBgn0265698,CR44505,CR44505,ncRNA,CR44505
FBgn0004431,LysX,CG9120,protein_coding,Lysozyme X
FBgn0031484,CG3165,CG3165,protein_coding,CG3165
FBgn0035995,CG3529,CG3529,protein_coding,CG3529
FBgn0050100,CG30100,CG30100,protein_coding,CG30100
FBgn0051575,Ala-AGC-2-9,CR31575,tRNA,Alanine-AGC 2-9
FBgn0030662,Chsy,CG9220,protein_coding,Chondroitin sulfate synthase
FBgn0267339,p38c,CG33338,protein_coding,p38c MAP kinase
FBgn0083972,CG34136,CG34136,protein_coding,CG34136
FBgn0037402,Vha14-2,CG1076,protein_coding,Vacuolar H[+] ATPase 14kD subunit 2
FBgn0266835,CR45297,CR45297,ncRNA,CR45297
FBgn0037646,CAHbeta,CG11967,protein_coding,Carbonic anhydrase beta
FBgn0262529,CG43083,CG43083,protein_coding,CG43083
FBgn0038805,TFAM,CG4217,protein_coding,mitochondrial transcription factor A
FBgn0035610,Lkr,CG10626,protein_coding,Leucokinin receptor
FBgn0029158,Las,CG5231,protein_coding,Lipoic acid synthase
FBgn0250903,lmgA,CG34440,protein_coding,lemming A
FBgn0010905,Spn,CG16757,protein_coding,Spinophilin
FBgn0030409,CG15728,CG15728,protein_coding,CG15728
FBgn0266975,CR45426,CR45426,ncRNA,CR45426
FBgn0037993,dpr15,CG10095,protein_coding,defective proboscis extension response 15
FBgn0259961,CG42471,CG42471,protein_coding,CG42471
FBgn0028482,bdl,CG16857,protein_coding,borderless
FBgn0264307,orb2,CG43782,protein_coding,orb2
FBgn0011725,twin,CG31137,protein_coding,twin
FBgn0265583,CR44410,CR44410,ncRNA,CR44410
FBgn0035857,CG8006,CG8006,protein_coding,CG8006
FBgn0020412,JIL-1,CG6297,protein_coding,JIL-1 kinase
FBgn0263406,CR43452,CR43452,ncRNA,CR43452
FBgn0038471,Trm7-32,CG5220,protein_coding,tRNA methyltransferase 7-32
FBgn0004914,Hnf4,CG9310,protein_coding,Hepatocyte nuclear factor 4
FBgn0030913,kairos,CG6123,protein_coding,kairos
FBgn0039854,CG1635,CG1635,protein_coding,CG1635
FBgn0085311,CG34282,CG34282,protein_coding,CG34282
FBgn0052423,shep,CG32423,protein_coding,alan shepard
FBgn0265104,CR44206,CR44206,ncRNA,CR44206
FBgn0267469,CR45819,CR45819,ncRNA,CR45819
FBgn0264835,CR44043,CR44043,ncRNA,CR44043
FBgn0024365,CG12773,CG12773,protein_coding,CG12773
FBgn0051072,Lerp,CG31072,protein_coding,lysosomal enzyme receptor protein
FBgn0053145,GalT1,CG33145,protein_coding,"beta1,3-galactosyltransferase 1"
FBgn0028867,CR15280,CR15280,pseudogene,CR15280
FBgn0037713,CG16790,CG16790,protein_coding,CG16790
FBgn0263980,Stacl,CG43729,protein_coding,Stac-like
FBgn0039088,CG10164,CG10164,protein_coding,CG10164
FBgn0004132,boca,CG30498,protein_coding,boca
FBgn0039182,Rrp5,CG5728,protein_coding,Ribosomal RNA Processing 5
FBgn0010352,Ogdh,CG11661,protein_coding,Oxoglutarate dehydrogenase
FBgn0013272,Gp150,CG5820,protein_coding,Gp150
FBgn0263220,Hk,CG43388,protein_coding,Hyperkinetic
FBgn0266277,CR44962,CR44962,ncRNA,CR44962
FBgn0010315,CycD,CG9096,protein_coding,Cyclin D
FBgn0036643,Syx8,CG4109,protein_coding,Syntaxin 8
FBgn0050101,Vajk4,CG30101,protein_coding,CG30101
FBgn0286037,3,CR46359,ncRNA,stable intronic sequence RNA 3
FBgn0263988,Dic61B,CG7051,protein_coding,Dynein intermediate chain at 61B
FBgn0036442,CG13473,CG13473,protein_coding,CG13473
FBgn0030581,CG14408,CG14408,protein_coding,CG14408
FBgn0259202,CG42306,CG42306,protein_coding,CG42306
FBgn0050464,Ir52d,CG30464,protein_coding,Ionotropic receptor 52d
FBgn0038839,Ktl,CG10830,protein_coding,Kctd12-like
FBgn0030999,Mur18B,CG7874,protein_coding,Mucin related 18B
FBgn0050145,Obp57e,CG30145,protein_coding,Odorant-binding protein 57e
FBgn0039932,fuss,CG11093,protein_coding,fussel
FBgn0030120,CG17440,CG17440,protein_coding,CG17440
FBgn0020510,Abi,CG9749,protein_coding,Abelson interacting protein
FBgn0058005,CR40005,CR40005,pseudogene,CR40005
FBgn0025643,CG3588,CG3588,protein_coding,CG3588
FBgn0039331,ND-49L,CG11913,protein_coding,NADH dehydrogenase (ubiquinone) 49 kDa subunit-like
FBgn0028370,kek3,CG4192,protein_coding,kekkon 3
FBgn0030107,CG15370,CG15370,protein_coding,CG15370
FBgn0033421,CG1888,CG1888,protein_coding,CG1888
FBgn0004054,zen2,CG1048,protein_coding,zerknullt-related
FBgn0026411,Lim1,CG11354,protein_coding,LIM homeobox 1
FBgn0264743,CG44001,CG44001,protein_coding,CG44001
FBgn0030459,CG12723,CG12723,protein_coding,CG12723
FBgn0037007,BNIP3,CG5059,protein_coding,CG5059
FBgn0040777,CG14767,CG14767,protein_coding,CG14767
FBgn0029728,CG2861,CG2861,protein_coding,CG2861
FBgn0260719,CR42546,CR42546,pseudogene,CR42546
FBgn0265846,CR44635,CR44635,ncRNA,CR44635
FBgn0033578,BBS4,CG13232,protein_coding,Bardet-Biedl syndrome 4
FBgn0038428,Ttc1,CG14894,protein_coding,Tetratricopeptide repeat domain 1
FBgn0267327,Acp33A,CG6555,protein_coding,Accessory gland-specific peptide 33A
FBgn0064227,Rdh,CG14975,protein_coding,Red herring
FBgn0036305,CG10984,CG10984,protein_coding,CG10984
FBgn0030099,CG12056,CG12056,protein_coding,CG12056
FBgn0051438,CheB93b,CG31438,protein_coding,Chemosensory protein B 93b
FBgn0010356,Taf5,CG7704,protein_coding,TBP-associated factor 5
FBgn0032230,lft,CG13139,protein_coding,lowfat
FBgn0013771,Cyp6a9,CG10246,protein_coding,Cytochrome P450 6a9
FBgn0265655,CR44462,CR44462,ncRNA,CR44462
FBgn0023545,PIG-K,CG4406,protein_coding,Phosphatidylinositol glycan anchor biosynthesis class K
FBgn0029799,CG15772,CG15772,protein_coding,CG15772
FBgn0051908,CG31908,CG31908,protein_coding,CG31908
FBgn0261452,MeU2-G25,CR43569,snoRNA, MeU2-G25
FBgn0036892,Lon,CG8798,protein_coding,Lon protease
FBgn0053128,CG33128,CG33128,protein_coding,CG33128
FBgn0032042,CG13398,CG13398,protein_coding,CG13398
FBgn0259228,C3G,CG42328,protein_coding,C3G guanyl-nucleotide exchange factor
FBgn0267145,CR45585,CR45585,ncRNA,CR45585
FBgn0033949,Had2,CG10131,protein_coding,beta Hydroxy acid dehydrogenase 2
FBgn0011871,Gly-GCC-1-12,CR30207,tRNA,Glycine-GCC 1-12
FBgn0284236,CG46320,CG46320,protein_coding,CG46320
FBgn0052066,CG32066,CG32066,protein_coding,CG32066
FBgn0263649,CR43640,CR43640,ncRNA,CR43640
FBgn0267878,CR46166,CR46166,pseudogene,CR46166
FBgn0036656,CG13026,CG13026,protein_coding,CG13026
FBgn0053401,CR33401,CR33401,rRNA,CR33401
FBgn0024846,p38b,CG7393,protein_coding,p38b MAP kinase
FBgn0053890,CG33890,CG33890,protein_coding,CG33890
FBgn0265689,CR44496,CR44496,ncRNA,CR44496
FBgn0038641,ChT,CG7708,protein_coding,Choline transporter
FBgn0011861,Gly-GCC-1-3,CR31903,tRNA,Glycine-GCC 1-3
FBgn0016970,l(2)k10201,CG13951,protein_coding,lethal (2) k10201
FBgn0040658,CG13516,CG13516,protein_coding,CG13516
FBgn0259112,CR42254,CR42254,ncRNA,CR42254
FBgn0263035,CG43330,CG43330,protein_coding,CG43330
FBgn0030670,Pis,CG9245,protein_coding,Phosphatidylinositol synthase
FBgn0053213,Boh1,CG33213,protein_coding,Buddy of Hmr 1
FBgn0041713,yellow-c,CG4182,protein_coding,yellow-c
FBgn0039427,CG5447,CG5447,protein_coding,CG5447
FBgn0000045,Act79B,CG7478,protein_coding,Actin 79B
FBgn0263442,CR43465,CR43465,ncRNA,CR43465
FBgn0036900,CG8765,CG8765,protein_coding,CG8765
FBgn0036058,CG6707,CG6707,protein_coding,CG6707
FBgn0019928,Ser8,CG4812,protein_coding,Ser8
FBgn0038463,CG3534,CG3534,protein_coding,CG3534
FBgn0036493,CG7255,CG7255,protein_coding,CG7255
FBgn0261109,mrn,CG7764,protein_coding,marionette
FBgn0085412,kmr,CG34383,protein_coding,kramer
FBgn0038473,Ns1,CG3983,protein_coding,Nucleostemin 1
FBgn0031285,CG3662,CG3662,protein_coding,CG3662
FBgn0023091,dimm,CG8667,protein_coding,dimmed
FBgn0028581,mei-217,CG33935,protein_coding,meiotic 217
FBgn0034156,CG5348,CG5348,protein_coding,CG5348
FBgn0030551,CG11674,CG11674,protein_coding,CG11674
FBgn0261614,CG42703,CG42703,protein_coding,CG42703
FBgn0034713,CG11291,CG11291,protein_coding,CG11291
FBgn0000629,E(z),CG6502,protein_coding,Enhancer of zeste
FBgn0052187,CG32187,CG32187,protein_coding,CG32187
FBgn0037670,Ibf1,CG8436,protein_coding,Insulator binding factor 1
FBgn0265664,CR44471,CR44471,ncRNA,CR44471
FBgn0042712,HBS1,CG1898,protein_coding,HBS1
FBgn0030261,CG15203,CG15203,protein_coding,CG15203
FBgn0027086,IleRS,CG11471,protein_coding,Isoleucyl-tRNA synthetase
FBgn0265839,CR44628,CR44628,ncRNA,CR44628
FBgn0039269,veli,CG7662,protein_coding,veli
FBgn0039797,eIF4H2,CG1340,protein_coding,eukaryotic translation initiation factor 4H2
FBgn0031037,CG14207,CG14207,protein_coding,CG14207
FBgn0035400,CG11537,CG11537,protein_coding,CG11537
FBgn0046880,Obp56b,CG30129,protein_coding,Odorant-binding protein 56b
FBgn0288744,CG46519,CG46519,protein_coding,CG46519
FBgn0020272,mst,CG1424,protein_coding,misato
FBgn0036102,CG12523,CG12523,protein_coding,CG12523
FBgn0259842,CR42411,CR42411,ncRNA,CR42411
FBgn0052374,CG32374,CG32374,protein_coding,CG32374
FBgn0031248,CG11912,CG11912,protein_coding,CG11912
FBgn0259214,PMCA,CG42314,protein_coding,plasma membrane calcium ATPase
FBgn0086779,step,CG11628,protein_coding,steppke
FBgn0035233,Pex10,CG7864,protein_coding,Peroxin 10
FBgn0286734,Me18S-G1506,CR46376,snoRNA,Me18S-G1506
FBgn0259199,Snup,CG42303,protein_coding,Snurportin
FBgn0035621,CG10591,CG10591,protein_coding,CG10591
FBgn0037440,CRAT,CG1041,protein_coding,Carnitine O-Acetyl-Transferase
FBgn0040075,rept,CG9750,protein_coding,reptin
FBgn0052553,CR32553,CR32553,ncRNA,CR32553
FBgn0262807,CG43178,CG43178,protein_coding,CG43178
FBgn0034733,CG4752,CG4752,protein_coding,CG4752
FBgn0030566,betaNACtes4,CG18313,protein_coding,"Nascent-associated complex beta-subunit-like, testis 4"
FBgn0031324,CG14342,CG14342,protein_coding,CG14342
FBgn0035903,CG6765,CG6765,protein_coding,CG6765
FBgn0266212,CR44907,CR44907,ncRNA,CR44907
FBgn0037913,fabp,CG6783,protein_coding,fatty acid binding protein
FBgn0051445,CG31445,CG31445,protein_coding,CG31445
FBgn0030239,Pgls,CG17333,protein_coding,6-phosphogluconolactonase
FBgn0267652,pre-mod(mdg4)-N,CG45990,protein_coding,CG45990
FBgn0036988,CG5262,CG5262,protein_coding,CG5262
FBgn0265272,CG30060,CG30060,protein_coding,CG30060
FBgn0047095,CG33939,CG33939,protein_coding,CG33939
FBgn0016762,angel,CG12273,protein_coding,angel
FBgn0051404,CG31404,CG31404,protein_coding,CG31404
FBgn0035262,CG18171,CG18171,protein_coding,CG18171
FBgn0031856,CG11322,CG11322,protein_coding,CG11322
FBgn0033963,CG12857,CG12857,protein_coding,CG12857
FBgn0286519,mir-10404-5,CR46367,ncRNA,mir-10404-5 stem loop
FBgn0287225,bor,CG6815,protein_coding,belphegor
FBgn0010438,mtSSB,CG4337,protein_coding,mitochondrial single stranded DNA-binding protein
FBgn0024980,Syx4,CG2715,protein_coding,Syntaxin 4
FBgn0266636,CR45143,CR45143,ncRNA,CR45143
FBgn0262517,Ltn1,CG32210,protein_coding,Listerin E3 ubiquitin protein ligase 1
FBgn0039048,CG17111,CG17111,protein_coding,CG17111
FBgn0267709,CG46042,CG46042,protein_coding,CG46042
FBgn0086033,Me28S-A2486,CR34662,snoRNA,CR34662
FBgn0010323,Gsc,CG2851,protein_coding,Goosecoid
FBgn0034567,CG15651,CG15651,protein_coding,CG15651
FBgn0039246,CG10845,CG10845,protein_coding,CG10845
FBgn0036777,CG7341,CG7341,protein_coding,CG7341
FBgn0040279,Osi14,CG1155,protein_coding,Osiris 14
FBgn0267009,CR45453,CR45453,ncRNA,CR45453
FBgn0085431,Sol1,CG34402,protein_coding,Sol1
FBgn0032280,CG17105,CG17105,protein_coding,CG17105
FBgn0036228,obst-G,CG9781,protein_coding,obstructor-G
FBgn0083054,Psi18S-1347a,CR34544,snoRNA,Psi18S-1347a
FBgn0038701,CG18493,CG18493,protein_coding,CG18493
FBgn0038828,CG17270,CG17270,protein_coding,CG17270
FBgn0265308,CR44281,CR44281,ncRNA,CR44281
FBgn0051882,CG31882,CG31882,protein_coding,CG31882
FBgn0083017,Psi18S-841c,CR34553,snoRNA,Psi18S-841c
FBgn0036467,CG12310,CG12310,protein_coding,CG12310
FBgn0265999,CR44773,CR44773,ncRNA,CR44773
FBgn0083039,Psi18S-301,CR34614,snoRNA,Psi18S-301
FBgn0288810,CG46525,CG46525,protein_coding,CG46525
FBgn0262528,CG43082,CG43082,protein_coding,CG43082
FBgn0035462,IntS10,CG1120,protein_coding,Integrator 10
FBgn0034484,CG11044,CG11044,protein_coding,CG11044
FBgn0050031,CG30031,CG30031,protein_coding,CG30031
FBgn0030895,CG7135,CG7135,protein_coding,CG7135
FBgn0032372,CG4988,CG4988,protein_coding,CG4988
FBgn0031061,CG14232,CG14232,protein_coding,CG14232
FBgn0036257,RhoGAP68F,CG6811,protein_coding,Rho GTPase activating protein at 68F
FBgn0038005,Cyp313a5,CG15807,protein_coding,Cytochrome P450 313a5
FBgn0020429,GluRIIB,CG7234,protein_coding,Glutamate receptor IIB
FBgn0039686,CG15506,CG15506,protein_coding,CG15506
FBgn0039744,Rpp14b,CG15526,protein_coding,Ribonuclease P/MRP subunit p14 b
FBgn0039328,CHKov2,CG10675,protein_coding,CHK domain ov2
FBgn0036970,Spn77Bc,CG6289,protein_coding,Serpin 77Bc
FBgn0085318,CG34289,CG34289,protein_coding,CG34289
FBgn0263502,CR43491,CR43491,ncRNA,CR43491
FBgn0263744,CR43669,CR43669,pseudogene,CR43669
FBgn0040077,primo-1,CG33748,protein_coding,primo-1
FBgn0037876,CG4820,CG4820,protein_coding,CG4820
FBgn0040393,CG14265,CG14265,protein_coding,CG14265
FBgn0028424,JhI-26,CG3767,protein_coding,Juvenile hormone-inducible protein 26
FBgn0031649,hoe2,CG15624,protein_coding,hoepel2
FBgn0266167,CR44873,CR44873,ncRNA,CR44873
FBgn0066303,CG33932,CG33932,protein_coding,CG33932
FBgn0034879,Rrp4,CG3931,protein_coding,Rrp4
FBgn0036278,CrzR,CG10698,protein_coding,Corazonin receptor
FBgn0030529,Clic,CG10997,protein_coding,Chloride intracellular channel
FBgn0032078,C1GalTA,CG9520,protein_coding,Core 1 Galactosyltransferase A
FBgn0030956,CG18259,CG18259,protein_coding,CG18259
FBgn0039454,CG14247,CG14247,protein_coding,CG14247
FBgn0035648,CG13288,CG13288,protein_coding,CG13288
FBgn0037255,Fip1,CG1078,protein_coding,Factor interacting with poly(A) polymerase 1
FBgn0037710,CG9393,CG9393,protein_coding,CG9393
FBgn0011818,oaf,CG9884,protein_coding,out at first
FBgn0053061,CG33061,CG33061,protein_coding,CG33061
FBgn0041186,Slbp,CG11886,protein_coding,Stem-loop binding protein
FBgn0036790,AstC-R1,CG7285,protein_coding,Allatostatin C receptor 1
FBgn0031286,CG3862,CG3862,protein_coding,CG3862
FBgn0030331,CG15221,CG15221,protein_coding,CG15221
FBgn0053093,CG33093,CG33093,protein_coding,CG33093
FBgn0033042,Tsp42A,CG14468,protein_coding,Tetraspanin 42A
FBgn0085306,CG34277,CG34277,protein_coding,CG34277
FBgn0016696,Pitslre,CG4268,protein_coding,Pitslre
FBgn0259186,Ir60c,CR42290,pseudogene,Ionotropic receptor 60c
FBgn0029590,CG14811,CG14811,protein_coding,CG14811
FBgn0085831,CR42201,CR42201,pseudogene,CR42201
FBgn0283472,S6k,CG10539,protein_coding,Ribosomal protein S6 kinase
FBgn0286818,Pdi,CG6988,protein_coding,Protein disulfide isomerase
FBgn0052343,Atac3,CG32343,protein_coding,Ada2a-containing complex component 3
FBgn0266763,CR45228,CR45228,ncRNA,CR45228
FBgn0030990,CG7556,CG7556,protein_coding,CG7556
FBgn0029800,lin-52,CG15929,protein_coding,lin-52
FBgn0030066,Uros1,CG1885,protein_coding,Uroporphyrinogen III synthase 1
FBgn0039669,ND-20L,CG2014,protein_coding,NADH dehydrogenase (ubiquinone) 20 kDa subunit-like
FBgn0266024,CR44789,CR44789,ncRNA,CR44789
FBgn0015544,spag,CG13570,protein_coding,spaghetti
FBgn0041184,Socs36E,CG15154,protein_coding,Suppressor of cytokine signaling at 36E
FBgn0065101,204,CR33657,ncRNA,small non-coding RNA 204
FBgn0040600,CG13631,CG13631,protein_coding,CG13631
FBgn0030429,CG4661,CG4661,protein_coding,CG4661
FBgn0083009,Psi28S-1135d,CR34603,snoRNA,Psi28S-1135d
FBgn0029711,Usf,CG17592,protein_coding,Usf
FBgn0034885,Eglp4,CG4019,protein_coding,Entomoglyceroporin 4
FBgn0265180,CG44245,CG44245,protein_coding,CG44245
FBgn0039664,CG2006,CG2006,protein_coding,CG2006
FBgn0267124,CR45564,CR45564,ncRNA,CR45564
FBgn0261360,CG42637,CG42637,protein_coding,CG42637
FBgn0037018,CG4042,CG4042,protein_coding,CG4042
FBgn0034322,CG18536,CG18536,protein_coding,CG18536
FBgn0052785,Gln-CTG-2-1,CR32785,tRNA,Glutamine-CTG 2-1
FBgn0036374,Spt20,CG17689,protein_coding,Spt20
FBgn0003511,Sry-beta,CG7938,protein_coding,Serendipity beta
FBgn0259996,CR40341,CR40341,ncRNA,CR40341
FBgn0038630,Tssk,CG14305,protein_coding,Testis-specific serine/threonine kinase
FBgn0001225,Hsp26,CG4183,protein_coding,Heat shock protein 26
FBgn0283427,FASN1,CG3523,protein_coding,Fatty acid synthase 1
FBgn0011766,E2f1,CG6376,protein_coding,E2F transcription factor 1
FBgn0265663,CR44470,CR44470,ncRNA,CR44470
FBgn0262875,CG43230,CG43230,protein_coding,CG43230
FBgn0283467,PolD3,CG3975,protein_coding,DNA polymerase delta subunit 3
FBgn0026261,bonsai,CG4207,protein_coding,bonsai
FBgn0051040,Cog7,CG31040,protein_coding,Component of oligomeric golgi complex 7
FBgn0032804,CG13081,CG13081,protein_coding,CG13081
FBgn0001227,Hsp67Ba,CG4167,protein_coding,Heat shock gene 67Ba
FBgn0264542,hwt,CG43921,protein_coding,heavyweight
FBgn0030622,CG9101,CG9101,protein_coding,CG9101
FBgn0267067,CR45511,CR45511,ncRNA,CR45511
FBgn0032402,PLCXD,CG14945,protein_coding,Phosphatidylinositol-specific phospholipase C X domain containing
FBgn0288470,Cpsf5,CG3689,protein_coding,Cleavage and polyadenylation specific factor 5
FBgn0032602,ppk17,CG13278,protein_coding,pickpocket 17
FBgn0011844,Asp-GTC-1-10,CR32125,tRNA,Aspartic acid-GTC 1-10
FBgn0085317,CG34288,CG34288,protein_coding,CG34288
FBgn0051673,CG31673,CG31673,protein_coding,CG31673
FBgn0040394,CG16903,CG16903,protein_coding,CG16903
FBgn0038149,GILT1,CG9796,protein_coding,Gamma-interferon-inducible lysosomal thiol reductase 1
FBgn0004895,FoxL1,CG1132,protein_coding,Forkhead box L1
FBgn0263082,CG43350,CG43350,protein_coding,CG43350
FBgn0033543,Daao1,CG12338,protein_coding,D-amino acid oxidase 1
FBgn0034743,RpS16,CG4046,protein_coding,Ribosomal protein S16
FBgn0031006,rictor,CG8002,protein_coding,rapamycin-insensitive companion of Tor
FBgn0287463,CR46452,CR46452,ncRNA,CR46452
FBgn0032715,CG17597,CG17597,protein_coding,CG17597
FBgn0013307,Odc1,CG8721,protein_coding,Ornithine decarboxylase 1
FBgn0002989,okr,CG3736,protein_coding,okra
FBgn0041626,Or19a,CG18859,protein_coding,Odorant receptor 19a
FBgn0263198,Acn,CG10473,protein_coding,Acinus
FBgn0052380,SMSr,CG32380,protein_coding,Sphingomyelin synthase related
FBgn0035847,mthl7,CG7476,protein_coding,methuselah-like 7
FBgn0037818,CG6465,CG6465,protein_coding,CG6465
FBgn0036808,Dic4,CG18363,protein_coding,Dicarboxylate carrier 4
FBgn0264848,vih,CG10682,protein_coding,vihar
FBgn0037810,sle,CG12819,protein_coding,slender lobes
FBgn0052110,CG32110,CG32110,protein_coding,CG32110
FBgn0032836,CG10680,CG10680,protein_coding,CG10680
FBgn0035490,CG1136,CG1136,protein_coding,CG1136
FBgn0266895,CR45355,CR45355,ncRNA,CR45355
FBgn0267896,CR46184,CR46184,pseudogene,CR46184
FBgn0051013,CG31013,CG31013,protein_coding,CG31013
FBgn0003495,spz,CG6134,protein_coding,spatzle
FBgn0083940,RhoU,CG34104,protein_coding,RhoU
FBgn0032175,CG13131,CG13131,protein_coding,CG13131
FBgn0029836,CG5928,CG5928,protein_coding,CG5928
FBgn0034970,yki,CG4005,protein_coding,yorkie
FBgn0029523,CR18275,CR18275,pseudogene,CR18275
FBgn0261055,Sfp26Ad,CG42603,protein_coding,Seminal fluid protein 26Ad
FBgn0265778,PDZ-GEF,CG9491,protein_coding,PDZ domain-containing guanine nucleotide exchange factor
FBgn0265585,CR44412,CR44412,ncRNA,CR44412
FBgn0038746,Surf6,CG4510,protein_coding,Surfeit 6
FBgn0034512,Bbd,CG18067,protein_coding,Bombardier
FBgn0011768,Fdh,CG6598,protein_coding,Formaldehyde dehydrogenase
FBgn0004369,Ptp99A,CG11516,protein_coding,Protein tyrosine phosphatase 99A
FBgn0039356,CG5039,CG5039,protein_coding,CG5039
FBgn0015379,dod,CG17051,protein_coding,dodo
FBgn0265852,CR44641,CR44641,ncRNA,CR44641
FBgn0267242,CR45682,CR45682,ncRNA,CR45682
FBgn0051324,Cipc,CG31324,protein_coding,Clock interacting protein circadian
FBgn0003651,svp,CG11502,protein_coding,seven up
FBgn0037723,SpdS,CG8327,protein_coding,Spermidine Synthase
FBgn0024234,gbb,CG5562,protein_coding,glass bottom boat
FBgn0053124,CG33124,CG33124,protein_coding,CG33124
FBgn0037486,CG14605,CG14605,protein_coding,CG14605
FBgn0086519,Cpr47Eg,CG9070,protein_coding,Cuticular protein 47Eg
FBgn0024728,Slip1,CG1783,protein_coding,SLo interacting protein 1
FBgn0264435,CR43853,CR43853,ncRNA,CR43853
FBgn0032331,CG14913,CG14913,protein_coding,CG14913
FBgn0032394,Hacd1,CG6746,protein_coding,3-hydroxyacyl-CoA dehydratase 1
FBgn0263018,U4atac,CR43269,snRNA,small nuclear RNA U4atac
FBgn0031693,Cyp4ac1,CG14032,protein_coding,Cytochrome P450 4ac1
FBgn0260938,tay,CG9056,protein_coding,tay bridge
FBgn0011909,Leu-CAA-2-1,CR32841,tRNA,Leucine-CAA 2-1
FBgn0030766,mthl1,CG4521,protein_coding,methuselah-like 1
FBgn0051088,CG31088,CG31088,protein_coding,CG31088
FBgn0264253,Send2,CG18125,protein_coding,Spermathecal endopeptidase 2
FBgn0023518,trr,CG3848,protein_coding,trithorax-related
FBgn0036217,CG5906,CG5906,protein_coding,CG5906
FBgn0051698,CG31698,CG31698,protein_coding,CG31698
FBgn0020641,Lcp65Ad,CG6955,protein_coding,Lcp65Ad
FBgn0035021,CG4622,CG4622,protein_coding,CG4622
FBgn0032879,CarT,CG9317,protein_coding,Carcinine transporter
FBgn0036248,ssp,CG17153,protein_coding,sunspot
FBgn0036362,CG10725,CG10725,protein_coding,CG10725
FBgn0050407,Gly-TCC-2-1,CR30407,tRNA,Glycine-TCC 2-1
FBgn0039946,ATbp,CG17172,protein_coding,(A+T)-stretch binding protein
FBgn0040091,Ugt317A1,CG4414,protein_coding,UDP-glycosyltransferase family 317 member A1
FBgn0260007,CG42493,CG42493,protein_coding,CG42493
FBgn0035529,Fdx2,CG1319,protein_coding,Ferredoxin 2
FBgn0030440,CG15719,CG15719,protein_coding,CG15719
FBgn0032057,CG9287,CG9287,protein_coding,CG9287
FBgn0038508,CG5866,CG5866,protein_coding,CG5866
FBgn0266819,CR45281,CR45281,ncRNA,CR45281
FBgn0033588,CG13228,CG13228,protein_coding,CG13228
FBgn0037410,Osi2,CG1148,protein_coding,Osiris 2
FBgn0015925,csul,CG3730,protein_coding,capsuleen
FBgn0036474,Or71a,CG17871,protein_coding,Odorant receptor 71a
FBgn0003300,run,CG1849,protein_coding,runt
FBgn0014863,Mlp84B,CG1019,protein_coding,Muscle LIM protein at 84B
FBgn0003130,Poxn,CG8246,protein_coding,Pox neuro
FBgn0267640,CR45978,CR45978,ncRNA,CR45978
FBgn0053768,CG33768,CG33768,protein_coding,CG33768
FBgn0267814,CR46139,CR46139,ncRNA,CR46139
FBgn0004592,Eig71Ee,CG7604,protein_coding,Ecdysone-induced gene 71Ee
FBgn0264508,CR43907,CR43907,ncRNA,CR43907
FBgn0027607,CG8230,CG8230,protein_coding,CG8230
FBgn0264916,CR44107,CR44107,ncRNA,CR44107
FBgn0030773,CG9676,CG9676,protein_coding,CG9676
FBgn0033202,Grl43a,CG1339,protein_coding,Gustatory receptor-like 43a
FBgn0035346,CG1146,CG1146,protein_coding,CG1146
FBgn0025634,CG13367,CG13367,protein_coding,CG13367
FBgn0085351,inaF-A,CG34322,protein_coding,inaF-A
FBgn0036311,CG17666,CG17666,protein_coding,CG17666
FBgn0011638,La,CG10922,protein_coding,La autoantigen-like
FBgn0053872,CG33872,CG33872,protein_coding,CG33872
FBgn0016120,ATPsynD,CG6030,protein_coding,"ATP synthase, subunit D"
FBgn0029006,Smurf,CG4943,protein_coding,SMAD specific E3 ubiquitin protein ligase
FBgn0032385,CG16964,CG16964,protein_coding,CG16964
FBgn0015011,AhcyL2,CG8956,protein_coding,Adenosylhomocysteinase like 2
FBgn0003997,hid,CG5123,protein_coding,head involution defective
FBgn0086355,Tpi,CG2171,protein_coding,Triose phosphate isomerase
FBgn0036973,Rbbp5,CG5585,protein_coding,Retinoblastoma binding protein 5
FBgn0052396,betaTub65B,CG32396,protein_coding,beta-Tubulin at 65B
FBgn0040345,CG3708,CG3708,protein_coding,CG3708
FBgn0039128,CG13599,CG13599,protein_coding,CG13599
FBgn0001234,Hsromega,CR31400,ncRNA,Heat shock RNA omega
FBgn0021761,Nup154,CG4579,protein_coding,Nucleoporin 154kD
FBgn0036617,Cpr72Ea,CG4818,protein_coding,Cuticular protein 72Ea
FBgn0261059,Sfp78E,CG42607,protein_coding,Seminal fluid protein 78E
FBgn0036571,Strump,CG12272,protein_coding,Strumpellin
FBgn0264543,CG43922,CG43922,protein_coding,CG43922
FBgn0030500,Ndc80,CG9938,protein_coding,Ndc80
FBgn0020880,CG7179,CG7179,protein_coding,CG7179
FBgn0261526,NT1,CG42576,protein_coding,Neurotrophin 1
FBgn0266278,CR44963,CR44963,ncRNA,CR44963
FBgn0263415,CR43461,CR43461,ncRNA,CR43461
FBgn0017567,ND-23,CG3944,protein_coding,NADH dehydrogenase (ubiquinone) 23 kDa subunit
FBgn0262856,CG43220,CG43220,protein_coding,CG43220
FBgn0033952,Adgf-E,CG10143,protein_coding,Adenosine deaminase-related growth factor E
FBgn0028694,Rpn11,CG18174,protein_coding,Regulatory particle non-ATPase 11
FBgn0263241,Mocs1,CG33048,protein_coding,Molybdenum cofactor synthesis 1
FBgn0083030,Psi18S-525i,CR34584,snoRNA,Psi18S-525i
FBgn0039266,CG11791,CG11791,protein_coding,CG11791
FBgn0031897,CG13784,CG13784,protein_coding,CG13784
FBgn0033426,Nt5c,CG1814,protein_coding,5' nucleotidase C
FBgn0031659,CG14043,CG14043,protein_coding,CG14043
FBgn0266701,CR45191,CR45191,ncRNA,CR45191
FBgn0029121,Sras,CG4852,protein_coding,severas
FBgn0024555,flfl,CG9351,protein_coding,falafel
FBgn0050202,Ser-TGA-2-1,CR30202,tRNA,Serine-TGA 2-1
FBgn0039101,CG16710,CG16710,protein_coding,CG16710
FBgn0264823,CR44031,CR44031,ncRNA,CR44031
FBgn0266349,CR44998,CR44998,ncRNA,CR44998
FBgn0266992,CR45443,CR45443,ncRNA,CR45443
FBgn0000611,exd,CG8933,protein_coding,extradenticle
FBgn0265632,CG44439,CG44439,protein_coding,CG44439
FBgn0011961,Arg-ACG-1-8,CR31582,tRNA,Arginine-ACG 1-8
FBgn0053831,CG33831,CG33831,protein_coding,CG33831
FBgn0259702,Grl62b,CG42356,protein_coding,Gustatory receptor-like 62b
FBgn0051002,Ugt35D1,CG31002,protein_coding,UDP-glycosyltransferase family 35 member D1
FBgn0265748,CR44555,CR44555,ncRNA,CR44555
FBgn0030960,Atg101,CG7053,protein_coding,Autophagy-related 101
FBgn0261789,SmD2,CG1249,protein_coding,Small ribonucleoprotein particle protein SmD2
FBgn0027655,htt,CG9995,protein_coding,huntingtin
FBgn0033783,CG17019,CG17019,protein_coding,CG17019
FBgn0286879,CR46401,CR46401,pseudogene,CR46401
FBgn0086663,Psi18S-1275,CR33625,snoRNA,Psi18S-1275
FBgn0027334,l(1)G0004,CG11738,protein_coding,lethal (1) G0004
FBgn0266930,CR45381,CR45381,ncRNA,CR45381
FBgn0050035,Tret1-1,CG30035,protein_coding,Trehalose transporter 1-1
FBgn0085241,CG34212,CG34212,protein_coding,CG34212
FBgn0250850,rig,CG30149,protein_coding,rigor mortis
FBgn0032076,Argl,CG9510,protein_coding,Argininosuccinate lyase
FBgn0034361,mRpS28,CG5497,protein_coding,mitochondrial ribosomal protein S28
FBgn0036080,Or67d,CG14157,protein_coding,Odorant receptor 67d
FBgn0022213,Cse1,CG13281,protein_coding,Chromosome segregation 1
FBgn0027790,GV1,CG12023,protein_coding,GV1
FBgn0267193,CR45633,CR45633,ncRNA,CR45633
FBgn0003861,trp,CG7875,protein_coding,transient receptor potential
FBgn0026592,Fie,CG1079,protein_coding,Fire exit
FBgn0001228,CG4456,CG4456,protein_coding,CG4456
FBgn0040371,CG12470,CG12470,protein_coding,CG12470
FBgn0029079,icln,CG4924,protein_coding,icln
FBgn0013773,Cyp6a22,CG10240,protein_coding,Cytochrome P450 6a22
FBgn0085734,CR40450,CR40450,pseudogene,CR40450
FBgn0033443,CG1698,CG1698,protein_coding,CG1698
FBgn0263380,marge,CR43432,ncRNA,marge
FBgn0003175,px,CG4444,protein_coding,plexus
FBgn0000047,Act88F,CG5178,protein_coding,Actin 88F
FBgn0025697,santa-maria,CG12789,protein_coding,scavenger receptor acting in neural tissue and majority of rhodopsin is absent
FBgn0023090,dtr,CG31623,protein_coding,defective transmitter release
FBgn0266207,CR44902,CR44902,ncRNA,CR44902
FBgn0039529,CG5612,CG5612,protein_coding,CG5612
FBgn0051413,Qsox4,CG31413,protein_coding,Quiescin sulfhydryl oxidase 4
FBgn0005632,faf,CG1945,protein_coding,fat facets
FBgn0034770,Obp58d,CG13519,protein_coding,Odorant-binding protein 58d
FBgn0033056,CG7856,CG7856,protein_coding,CG7856
FBgn0000287,salr,CG4881,protein_coding,spalt-related
FBgn0037418,Osi11,CG15596,protein_coding,Osiris 11
FBgn0021768,nudC,CG9710,protein_coding,nudC
FBgn0031694,Cyp4ac2,CG17970,protein_coding,Cytochrome P450 4ac2
FBgn0036204,Tim13,CG11611,protein_coding,Tim13
FBgn0036368,CG10738,CG10738,protein_coding,CG10738
FBgn0020416,Idgf1,CG4472,protein_coding,Imaginal disc growth factor 1
FBgn0034538,CG16799,CG16799,protein_coding,CG16799
FBgn0283625,CG46298,CG46298,protein_coding,CG46298
FBgn0037167,CG11425,CG11425,protein_coding,CG11425
FBgn0041706,CG3253,CG3253,protein_coding,CG3253
FBgn0265607,beat-IIIa,CG12621,protein_coding,beaten path IIIa
FBgn0032210,CYLD,CG5603,protein_coding,Cylindromatosis
FBgn0053393,CR33393,CR33393,rRNA,CR33393
FBgn0033277,CG14760,CG14760,protein_coding,CG14760
FBgn0267965,CR46245,CR46245,ncRNA,CR46245
FBgn0004841,TkR86C,CG6515,protein_coding,Tachykinin-like receptor at 86C
FBgn0266019,rudhira,CG43154,protein_coding,rudhira
FBgn0032258,Cog4,CG7456,protein_coding,Component of oligomeric golgi complex 4
FBgn0000560,eg,CG7383,protein_coding,eagle
FBgn0259993,CR42491,CR42491,ncRNA,CR42491
FBgn0038916,dnd,CG6560,protein_coding,dead end
FBgn0261999,Ca-Ma2d,CG42817,protein_coding,Ca[2+] channel Muscle-specific alpha2/delta subunit
FBgn0263042,CR43337,CR43337,ncRNA,CR43337
FBgn0003444,smo,CG11561,protein_coding,smoothened
FBgn0034629,Acox57D-d,CG9709,protein_coding,acyl-Coenzyme A oxidase at 57D distal
FBgn0002573,sens,CG32120,protein_coding,senseless
FBgn0034294,Muc55B,CG5765,protein_coding,Mucin 55B
FBgn0038853,RhoGAP93B,CG3421,protein_coding,Rho GTPase activating protein at 93B
FBgn0035039,Adck1,CG3608,protein_coding,aarF domain containing kinase 1
FBgn0264975,Nrg,CG1634,protein_coding,Neuroglian
FBgn0033093,CG3270,CG3270,protein_coding,CG3270
FBgn0011785,BRWD3,CG31132,protein_coding,BRWD3
FBgn0000639,Fbp1,CG17285,protein_coding,Fat body protein 1
FBgn0266874,CR45335,CR45335,ncRNA,CR45335
FBgn0036789,AstC-R2,CG13702,protein_coding,Allatostatin C receptor 2
FBgn0039638,dgt6,CG11881,protein_coding,dim gamma-tubulin 6
FBgn0035003,CG15873,CG15873,protein_coding,CG15873
FBgn0038552,Alg1,CG18012,protein_coding,"ALG1, chitobiosyldiphosphodolichol beta-mannosyltransferase"
FBgn0043001,Chrac-16,CG15736,protein_coding,Chromatin accessibility complex 16kD protein
FBgn0037081,barc,CG6049,protein_coding,barricade
FBgn0035483,Mul1,CG1134,protein_coding,Mitochondrial E3 ubiquitin protein ligase 1
FBgn0005386,ash1,CG8887,protein_coding,"absent, small, or homeotic discs 1"
FBgn0034035,Gmppa,CG8207,protein_coding,GDP-mannose pyrophosphorylase A
FBgn0262383,mir-284,CR42906,ncRNA,mir-284 stem loop
FBgn0022740,HLH54F,CG5005,protein_coding,HLH54F
FBgn0082949,Me18S-U1356a,CR34644,snoRNA,Me18S-U1356a
FBgn0053465,CG33465,CG33465,protein_coding,CG33465
FBgn0032656,CG5674,CG5674,protein_coding,CG5674
FBgn0038097,CG14384,CG14384,protein_coding,CG14384
FBgn0036686,CG7728,CG7728,protein_coding,CG7728
FBgn0036581,MED10,CG5057,protein_coding,Mediator complex subunit 10
FBgn0019637,Atu,CG1433,protein_coding,Another transcription unit
FBgn0259187,Ir60d,CG42291,protein_coding,Ionotropic receptor 60d
FBgn0020618,Rack1,CG7111,protein_coding,Receptor of activated protein kinase C 1
FBgn0024811,Crk,CG1587,protein_coding,Crk oncogene
FBgn0265829,CR44618,CR44618,ncRNA,CR44618
FBgn0265766,CR44573,CR44573,ncRNA,CR44573
FBgn0051617,CG31617,CG31617,protein_coding,CG31617
FBgn0037551,Arl8,CG7891,protein_coding,ADP ribosylation factor-like 8
FBgn0029750,CG3323,CG3323,protein_coding,CG3323
FBgn0038197,foxo,CG3143,protein_coding,"forkhead box, sub-group O"
FBgn0085331,CG34302,CG34302,protein_coding,CG34302
FBgn0262579,Sarm,CG43119,protein_coding,Sterile alpha and Armadillo motif
FBgn0264953,Piezo,CG44122,protein_coding,Piezo
FBgn0014342,mia,CG10390,protein_coding,meiosis I arrest
FBgn0263335,CR43416,CR43416,ncRNA,CR43416
FBgn0036688,Fit2,CG7729,protein_coding,Fermitin 2
FBgn0261530,nbs,CG6754,protein_coding,nbs
FBgn0053774,CG33774,CG33774,protein_coding,CG33774
FBgn0083953,CG34117,CG34117,protein_coding,CG34117
FBgn0028663,VhaM9.7-b,CG7625,protein_coding,Vacuolar H[+] ATPase M9.7 subunit b
FBgn0037313,CG1161,CG1161,protein_coding,CG1161
FBgn0265468,CR44361,CR44361,ncRNA,CR44361
FBgn0036716,CG13728,CG13728,protein_coding,CG13728
FBgn0027592,MED15,CG4184,protein_coding,Mediator complex subunit 15
FBgn0267734,CR46065,CR46065,ncRNA,CR46065
FBgn0050237,Gln-CTG-1-1,CR30237,tRNA,Glutamine-CTG 1-1
FBgn0051583,Asn-GTT-1-10,CR31583,tRNA,Asparagine-GTT 1-10
FBgn0284084,wg,CG4889,protein_coding,wingless
FBgn0028919,CG16865,CG16865,protein_coding,CG16865
FBgn0039927,CG11155,CG11155,protein_coding,CG11155
FBgn0261363,PPO3,CG42640,protein_coding,Prophenoloxidase 3
FBgn0039521,CG5402,CG5402,protein_coding,CG5402
FBgn0031374,Wdr62,CG7337,protein_coding,WD repeat domain 62
FBgn0286041,CR46363,CR46363,ncRNA,stable intronic sequence RNA CR46363
FBgn0033183,CG1620,CG1620,protein_coding,CG1620
FBgn0266618,CR45125,CR45125,ncRNA,CR45125
FBgn0013973,Gycbeta100B,CG1470,protein_coding,Guanylyl cyclase beta-subunit at 100B
FBgn0030006,CG17982,CG17982,protein_coding,CG17982
FBgn0011882,Ile-AAT-1-4,CR30244,tRNA,Isoleucine-AAT 1-4
FBgn0030403,CG1824,CG1824,protein_coding,CG1824
FBgn0050154,CG30154,CG30154,protein_coding,CG30154
FBgn0052740,Phe-GAA-1-2,CR32740,tRNA,Phenylalanine-GAA 1-2
FBgn0039274,CG11920,CG11920,protein_coding,CG11920
FBgn0015279,Pi3K92E,CG4141,protein_coding,Phosphatidylinositol 3-kinase 92E
FBgn0266862,CR45323,CR45323,ncRNA,CR45323
FBgn0035165,CG13887,CG13887,protein_coding,CG13887
FBgn0260243,E(var)3-9,CG11971,protein_coding,Enhancer of variegation 3-9
FBgn0052259,CG32259,CG32259,protein_coding,CG32259
FBgn0266492,SclB,CG45091,protein_coding,Sarcolamban B
FBgn0265445,CR44345,CR44345,ncRNA,CR44345
FBgn0288310,mv,CG42863,protein_coding,mauve
FBgn0267630,CR45968,CR45968,ncRNA,CR45968
FBgn0035713,velo,CG10107,protein_coding,veloren
FBgn0033928,Arc2,CG13941,protein_coding,Activity-regulated cytoskeleton associated protein 2
FBgn0265959,rdgC,CG44746,protein_coding,retinal degeneration C
FBgn0031187,Usp2,CG14619,protein_coding,Ubiquitin specific protease 2
FBgn0036622,Agpat4,CG4753,protein_coding,1-Acylglycerol-3-phosphate O-acyltransferase 4
FBgn0033756,CG17760,CG17760,protein_coding,CG17760
FBgn0262411,mir-92a,CR42955,ncRNA,mir-92a stem loop
FBgn0053260,Tsen34,CG33260,protein_coding,tRNA splicing endonuclease subunit 34
FBgn0028956,mthl3,CG6530,protein_coding,methuselah-like 3
FBgn0261580,CG42690,CG42690,protein_coding,CG42690
FBgn0265064,CR44175,CR44175,ncRNA,CR44175
FBgn0031689,Cyp28d1,CG10833,protein_coding,Cytochrome P450 28d1
FBgn0039828,CG1542,CG1542,protein_coding,CG1542
FBgn0004862,bap,CG7902,protein_coding,bagpipe
FBgn0053180,Ranbp16,CG33180,protein_coding,Ranbp16
FBgn0287611,CR46480,CR46480,ncRNA,CR46480
FBgn0262365,CG43063,CG43063,protein_coding,CG43063
FBgn0265267,CG18258,CG18258,protein_coding,CG18258
FBgn0283510,Pal1,CG12130,protein_coding,Peptidyl-alpha-hydroxyglycine-alpha-amidating lyase 1
FBgn0053537,Asn-GTT-1-9,CR33537,tRNA,Asparagine-GTT 1-9
FBgn0031250,Ent1,CG11907,protein_coding,Equilibrative nucleoside transporter 1
FBgn0038327,Trax,CG5063,protein_coding,Translin associated factor X
FBgn0003482,spn-D,CG31069,protein_coding,spindle D
FBgn0035856,CG13679,CG13679,protein_coding,CG13679
FBgn0030370,Uch-L5R,CG1950,protein_coding,Uch-L5-related
FBgn0283728,CG31600,CG31600,protein_coding,CG31600
FBgn0036112,CG14147,CG14147,protein_coding,CG14147
FBgn0029966,Ir7c,CG15324,protein_coding,Ionotropic receptor 7c
FBgn0037709,BckdhA,CG8199,protein_coding,Branched chain keto acid dehydrogenase E1 subunit alpha
FBgn0053840,CG33840,CG33840,protein_coding,CG33840
FBgn0267582,CR45922,CR45922,ncRNA,CR45922
FBgn0037553,CG18249,CG18249,protein_coding,CG18249
FBgn0031440,CG15395,CG15395,protein_coding,CG15395
FBgn0019828,dj,CG1980,protein_coding,don juan
FBgn0263842,CG43703,CG43703,protein_coding,CG43703
FBgn0260646,CG42538,CG42538,protein_coding,CG42538
FBgn0284224,CG46308,CG46308,protein_coding,CG46308
FBgn0053423,CR33423,CR33423,rRNA,CR33423
FBgn0034725,CG6044,CG6044,protein_coding,CG6044
FBgn0015905,ast,CG4426,protein_coding,asteroid
FBgn0038509,CG14332,CG14332,protein_coding,CG14332
FBgn0260756,CG42554,CG42554,protein_coding,CG42554
FBgn0262417,mir-316,CR42965,ncRNA,mir-316 stem loop
FBgn0023536,CG3156,CG3156,protein_coding,CG3156
FBgn0261799,dsx-c73A,CG32159,protein_coding,doublesex cognate 73A
FBgn0003356,Jon99Cii,CG31034,protein_coding,Jonah 99Cii
FBgn0267819,CR46144,CR46144,ncRNA,CR46144
FBgn0264546,CG43925,CG43925,protein_coding,CG43925
FBgn0036972,CR6434,CR6434,pseudogene,CR6434
FBgn0004574,Rop,CG15811,protein_coding,Ras opposite
FBgn0026375,RhoGAPp190,CG32555,protein_coding,Rho GTPase activating protein p190
FBgn0262844,CG43208,CG43208,protein_coding,CG43208
FBgn0033555,RpS15Ab,CG12324,protein_coding,Ribosomal protein S15Ab
FBgn0264978,Slh,CG3539,protein_coding,SLY-1 homologous
FBgn0028434,Ercc1,CG10215,protein_coding,Ercc1
FBgn0038126,CG8483,CG8483,protein_coding,CG8483
FBgn0040992,CG10570,CG10570,protein_coding,CG10570
FBgn0085612,CR41320,CR41320,pseudogene,CR41320
FBgn0267622,CR45960,CR45960,ncRNA,CR45960
FBgn0038519,Prx3,CG5826,protein_coding,Peroxiredoxin 3
FBgn0053397,CR33397,CR33397,rRNA,CR33397
FBgn0267982,CR46249,CR46249,ncRNA,CR46249
FBgn0034795,MED23,CG3695,protein_coding,Mediator complex subunit 23
FBgn0086365,Orct2,CG13610,protein_coding,Organic cation transporter 2
FBgn0035356,CG16986,CG16986,protein_coding,CG16986
FBgn0053285,CG33285,CG33285,protein_coding,CG33285
FBgn0053542,upd3,CG33542,protein_coding,unpaired 3
FBgn0028683,spt4,CG12372,protein_coding,spt4
FBgn0004597,CycC,CG7281,protein_coding,Cyclin C
FBgn0266038,CR44803,CR44803,ncRNA,CR44803
FBgn0035512,Cpr64Ac,CG15008,protein_coding,Cuticular protein 64Ac
FBgn0031208,CR11023,CR11023,pseudogene,CR11023
FBgn0003377,Sgs7,CG18087,protein_coding,Salivary gland secretion 7
FBgn0031157,CG1503,CG1503,protein_coding,CG1503
FBgn0036761,MED19,CG5546,protein_coding,Mediator complex subunit 19
FBgn0265832,CR44621,CR44621,ncRNA,CR44621
FBgn0036750,CG6034,CG6034,protein_coding,CG6034
FBgn0027535,botv,CG15110,protein_coding,brother of tout-velu
FBgn0267076,CR45520,CR45520,ncRNA,CR45520
FBgn0034012,Hr51,CG16801,protein_coding,Hormone receptor 51
FBgn0265644,CR44451,CR44451,ncRNA,CR44451
FBgn0058064,ARY,CG40064,protein_coding,Aldo-keto reductase on Y
FBgn0023441,fus,CG8205,protein_coding,fusilli
FBgn0003285,rst,CG4125,protein_coding,roughest
FBgn0003254,rib,CG7230,protein_coding,ribbon
FBgn0086025,Me28S-A2589c,CR34654,snoRNA,CR34654
FBgn0053012,CG33012,CG33012,protein_coding,CG33012
FBgn0029833,MCTS1,CG5941,protein_coding,Malignant T cell amplified sequence 1
FBgn0037351,RpL13A,CG1475,protein_coding,Ribosomal protein L13A
FBgn0051741,CG31741,CG31741,protein_coding,CG31741
FBgn0267384,Ubc7,CG4443,protein_coding,Ubiquitin conjugating enzyme 7
FBgn0267534,CR45874,CR45874,ncRNA,CR45874
FBgn0032479,CG16974,CG16974,protein_coding,CG16974
FBgn0037384,dgrn,CG10981,protein_coding,degringolade
FBgn0035383,CPT2,CG2107,protein_coding,Carnitine palmitoyltransferase 2
FBgn0024289,Sodh1,CG1982,protein_coding,Sorbitol dehydrogenase 1
FBgn0037975,CG3397,CG3397,protein_coding,CG3397
FBgn0037405,CG1077,CG1077,protein_coding,CG1077
FBgn0262339,mir-982,CR43046,ncRNA,mir-982 stem loop
FBgn0051051,CG31051,CG31051,protein_coding,CG31051
FBgn0261053,Cad86C,CG42601,protein_coding,Cadherin 86C
FBgn0029948,CheA7a,CG15033,protein_coding,Chemosensory protein A 7a
FBgn0053387,CR33387,CR33387,rRNA,CR33387
FBgn0001133,grau,CG33133,protein_coding,grauzone
FBgn0040705,ND-B8,CG15434,protein_coding,NADH dehydrogenase (ubiquinone) B8 subunit
FBgn0030951,CG6873,CG6873,protein_coding,CG6873
FBgn0032593,Trpgamma,CG5996,protein_coding,Transient receptor potential cation channel gamma
FBgn0036725,CG18265,CG18265,protein_coding,CG18265
FBgn0034197,Cda9,CG15918,protein_coding,Chitin deacetylase-like 9
FBgn0028400,Syt4,CG10047,protein_coding,Synaptotagmin 4
FBgn0028331,l(1)G0289,CG2221,protein_coding,lethal (1) G0289
FBgn0040106,lectin-21Cb,CG13686,protein_coding,lectin-21Cb
FBgn0262429,mir-13a,CR42984,ncRNA,mir-13a stem loop
FBgn0040092,lectin-46Cb,CG1652,protein_coding,lectin-46Cb
FBgn0267930,CR46211,CR46211,ncRNA,CR46211
FBgn0033749,achi,CG8819,protein_coding,achintya
FBgn0053727,430a,CR33727,ncRNA,small non-coding RNA 430a
FBgn0052281,CG32281,CG32281,protein_coding,CG32281
FBgn0262413,mir-9b,CR42960,ncRNA,mir-9b stem loop
FBgn0030834,CG8675,CG8675,protein_coding,CG8675
FBgn0036749,CG7460,CG7460,protein_coding,CG7460
FBgn0085297,CG34268,CG34268,protein_coding,CG34268
FBgn0028369,kirre,CG3653,protein_coding,kin of irre
FBgn0037260,Mur82C,CG12586,protein_coding,Mucin related 82C
FBgn0265667,CR44474,CR44474,ncRNA,CR44474
FBgn0265611,CR44429,CR44429,ncRNA,CR44429
FBgn0039368,CG17196,CG17196,protein_coding,CG17196
FBgn0004053,zen,CG1046,protein_coding,zerknullt
FBgn0260970,Ubr3,CG42593,protein_coding,Ubr3 ubiquitin ligase
FBgn0052572,CG32572,CG32572,protein_coding,CG32572
FBgn0266539,CG45100,CG45100,protein_coding,CG45100
FBgn0023095,caps,CG11282,protein_coding,capricious
FBgn0053450,CR33450,CR33450,rRNA,CR33450
FBgn0052160,CR32160,CR32160,ncRNA,CR32160
FBgn0036591,CG13050,CG13050,protein_coding,CG13050
FBgn0040206,krz,CG1487,protein_coding,kurtz
FBgn0267925,CR46206,CR46206,ncRNA,CR46206
FBgn0261797,Dhc64C,CG7507,protein_coding,Dynein heavy chain 64C
FBgn0038447,CG14892,CG14892,protein_coding,CG14892
FBgn0015568,alpha-Est1,CG1031,protein_coding,alpha-Esterase-1
FBgn0011509,SrpRbeta,CG33162,protein_coding,Signal recognition particle receptor beta
FBgn0259483,Mob4,CG3403,protein_coding,MOB kinase activator 4
FBgn0283560,mir-9380,CR46294,ncRNA,mir-9380 stem loop
FBgn0023519,mRpL16,CG3109,protein_coding,mitochondrial ribosomal protein L16
FBgn0286032,CR46352,CR46352,ncRNA,CR46352
FBgn0003248,Rh2,CG16740,protein_coding,Rhodopsin 2
FBgn0259963,Sfp33A2,CG42473,protein_coding,Seminal fluid protein 33A2
FBgn0263582,CR43607,CR43607,ncRNA,CR43607
FBgn0263868,CR43715,CR43715,ncRNA,CR43715
FBgn0041719,25F,CR32998,snRNA,small nuclear RNA U4 at 25F
FBgn0035649,PXo,CG10483,protein_coding,P[[i]]-sensitive XPR1 orthologue
FBgn0032421,crok,CG17218,protein_coding,crooked
FBgn0030189,CG2909,CG2909,protein_coding,CG2909
FBgn0265305,CR44278,CR44278,ncRNA,CR44278
FBgn0027066,Eb1,CG3265,protein_coding,Eb1
FBgn0038942,CG13862,CG13862,protein_coding,CG13862
FBgn0031791,AANATL2,CG9486,protein_coding,Arylalkylamine N-acetyltransferase-like 2
FBgn0037571,CG11694,CG11694,protein_coding,CG11694
FBgn0032252,loh,CG6232,protein_coding,lonely heart
FBgn0261373,CG33228,CG33228,protein_coding,CG33228
FBgn0031653,Jon25Biii,CG8871,protein_coding,Jonah 25Biii
FBgn0085282,CG34253,CG34253,protein_coding,CG34253
FBgn0051943,Gln-CTG-2-2,CR31943,tRNA,Glutamine-CTG 2-2
FBgn0260748,CG5004,CG5004,protein_coding,CG5004
FBgn0028946,Or35a,CG17868,protein_coding,Odorant receptor 35a
FBgn0267595,CR45933,CR45933,pseudogene,CR45933
FBgn0260658,CG42541,CG42541,protein_coding,CG42541
FBgn0004795,retn,CG5403,protein_coding,retained
FBgn0031948,CG7149,CG7149,protein_coding,CG7149
FBgn0001321,knk,CG6217,protein_coding,knickkopf
FBgn0011336,Stt3B,CG7748,protein_coding,Catalytic subunit 3B of the oligosaccharyltransferase complex
FBgn0034945,CG10904,CG10904,protein_coding,CG10904
FBgn0024921,Tnpo,CG7398,protein_coding,Transportin
FBgn0265858,CR44647,CR44647,ncRNA,CR44647
FBgn0032196,CG5708,CG5708,protein_coding,CG5708
FBgn0031038,Tyler,CG14208,protein_coding,Tyler
FBgn0020645,Lcp65Aa,CG7287,protein_coding,Lcp65Aa
FBgn0003890,betaTub97EF,CG4869,protein_coding,beta-Tubulin at 97EF
FBgn0023169,AMPKalpha,CG3051,protein_coding,AMP-activated protein kinase alpha subunit
FBgn0036762,CG7430,CG7430,protein_coding,CG7430
FBgn0053412,CR33412,CR33412,rRNA,CR33412
FBgn0030263,CG2076,CG2076,protein_coding,CG2076
FBgn0051515,CG31515,CG31515,protein_coding,CG31515
FBgn0058068,CR40068,CR40068,pseudogene,CR40068
FBgn0039730,CG7903,CG7903,protein_coding,CG7903
FBgn0000039,nAChRalpha2,CG6844,protein_coding,nicotinic Acetylcholine Receptor alpha2
FBgn0030462,CG15742,CG15742,protein_coding,CG15742
FBgn0034646,Rae1,CG9862,protein_coding,Rae1
FBgn0036886,CG9300,CG9300,protein_coding,CG9300
FBgn0004911,Eig63F-2,CR32265,ncRNA,Ecdysone-induced gene 63F 2
FBgn0086657,IKKepsilon,CG2615,protein_coding,I-kappaB kinase epsilon
FBgn0002044,swm,CG10084,protein_coding,second mitotic wave missing
FBgn0266186,Vamp7,CG1599,protein_coding,Vesicle-associated membrane protein 7
FBgn0036426,CG9592,CG9592,protein_coding,CG9592
FBgn0035210,msd5,CG2213,protein_coding,mitotic spindle density 5
FBgn0053469,CG33469,CG33469,protein_coding,CG33469
FBgn0027085,LeuRS-m,CG7479,protein_coding,"Leucyl-tRNA synthetase, mitochondrial"
FBgn0036787,CG4306,CG4306,protein_coding,CG4306
FBgn0024556,mEFTu1,CG6050,protein_coding,mitochondrial translation elongation factor Tu 1
FBgn0037739,CG12948,CG12948,protein_coding,CG12948
FBgn0000358,Cp19,CG6524,protein_coding,Chorion protein 19
FBgn0085205,CG34176,CG34176,protein_coding,CG34176
FBgn0035590,Tcs5,CG10673,protein_coding,Threonyl-carbamoyl synthesis 5
FBgn0266624,CR45131,CR45131,ncRNA,CR45131
FBgn0050069,Sdb,CG30069,protein_coding,SAXO downstream of blistered
FBgn0036782,CG7320,CG7320,protein_coding,CG7320
FBgn0267993,CR46260,CR46260,ncRNA,CR46260
FBgn0030544,CG13403,CG13403,protein_coding,CG13403
FBgn0036708,CG13725,CG13725,protein_coding,CG13725
FBgn0031946,CG7164,CG7164,protein_coding,CG7164
FBgn0032010,CG8086,CG8086,protein_coding,CG8086
FBgn0259242,CG42340,CG42340,protein_coding,CG42340
FBgn0267953,CR46233,CR46233,ncRNA,CR46233
FBgn0039466,CG5521,CG5521,protein_coding,CG5521
FBgn0283712,LIMK1,CG1848,protein_coding,LIM domain kinase 1
FBgn0285975,mir-10404-1,CR46346,ncRNA,mir-10404-1 stem loop
FBgn0050005,GstT2,CG30005,protein_coding,Glutathione S transferase T2
FBgn0034865,Or59b,CG3569,protein_coding,Odorant receptor 59b
FBgn0025633,spdi,CG13366,protein_coding,split discs
FBgn0029958,Pdp,CG12151,protein_coding,Pyruvate dehydrogenase phosphatase
FBgn0004643,Zw10,CG9900,protein_coding,Zeste-white 10
FBgn0053110,CG33110,CG33110,protein_coding,CG33110
FBgn0038396,CG5013,CG5013,protein_coding,CG5013
FBgn0031244,CG11601,CG11601,protein_coding,CG11601
FBgn0037099,CG7173,CG7173,protein_coding,CG7173
FBgn0034999,Fatp3,CG3394,protein_coding,Fatty acid transport protein 3
FBgn0003983,Vm34Ca,CG9271,protein_coding,Vitelline membrane 34Ca
FBgn0028982,Spt6,CG12225,protein_coding,Spt6
FBgn0032848,nesd,CG10722,protein_coding,nessun dorma
FBgn0263583,CR43608,CR43608,ncRNA,CR43608
FBgn0051126,CG31126,CG31126,protein_coding,CG31126
FBgn0034902,CG5532,CG5532,protein_coding,CG5532
FBgn0032138,CG4364,CG4364,protein_coding,CG4364
FBgn0026316,Ubc10,CG5788,protein_coding,Ubiquitin conjugating enzyme 10
FBgn0032720,mRpL13,CG10603,protein_coding,mitochondrial ribosomal protein L13
FBgn0266398,CR45038,CR45038,ncRNA,CR45038
FBgn0026872,CG14777,CG14777,protein_coding,CG14777
FBgn0085540,CR40947,CR40947,ncRNA,CR40947
FBgn0053920,CG33920,CG33920,protein_coding,CG33920
FBgn0003512,Sry-delta,CG17958,protein_coding,Serendipity delta
FBgn0036479,CG13458,CG13458,protein_coding,CG13458
FBgn0263385,CR43437,CR43437,ncRNA,CR43437
FBgn0265812,CR44601,CR44601,ncRNA,CR44601
FBgn0032415,rho-6,CG17212,protein_coding,rhomboid-6
FBgn0039031,Gbp3,CG17244,protein_coding,Growth-blocking peptide 3
FBgn0264950,CR44119,CR44119,ncRNA,CR44119
FBgn0003459,stwl,CG3836,protein_coding,stonewall
FBgn0267308,CR45744,CR45744,ncRNA,CR45744
FBgn0264869,CR44060,CR44060,ncRNA,CR44060
FBgn0039877,Mccc1,CG2118,protein_coding,Methylcrotonoyl-CoA carboxylase 1
FBgn0266829,CR45291,CR45291,ncRNA,CR45291
FBgn0051342,CG31342,CG31342,protein_coding,CG31342
FBgn0085374,CG34345,CG34345,protein_coding,CG34345
FBgn0028664,VhaM9.7-c,CG11589,protein_coding,Vacuolar H[+] ATPase M9.7 subunit c
FBgn0028411,Nxt1,CG12752,protein_coding,NTF2-related export protein 1
FBgn0283678,Osi21,CG14925,protein_coding,Osiris 21
FBgn0037746,CG8478,CG8478,protein_coding,CG8478
FBgn0030102,SmydA-9,CG12119,protein_coding,"SET and MYND domain containing, arthropod-specific, member 9"
FBgn0026433,Grip128,CG9201,protein_coding,Grip128
FBgn0037299,Vps37B,CG1115,protein_coding,Vacuolar protein sorting 37B
FBgn0051223,CG31223,CG31223,protein_coding,CG31223
FBgn0266781,CR45246,CR45246,ncRNA,CR45246
FBgn0000316,cin,CG2945,protein_coding,cinnamon
FBgn0020639,Lcp65Af,CG10533,protein_coding,Lcp65Af
FBgn0035833,CG7565,CG7565,protein_coding,CG7565
FBgn0010014,CanB,CG4209,protein_coding,Calcineurin B
FBgn0036469,CG18649,CG18649,protein_coding,CG18649
FBgn0051895,Phe-GAA-1-3,CR31895,tRNA,Phenylalanine-GAA 1-3
FBgn0022893,Df31,CG2207,protein_coding,Decondensation factor 31
FBgn0267523,CR45863,CR45863,pseudogene,CR45863
FBgn0052027,CR32027,CR32027,ncRNA,CR32027
FBgn0053534,Ala-AGC-2-4,CR33534,tRNA,Alanine-AGC 2-4
FBgn0086758,chinmo,CG31666,protein_coding,Chronologically inappropriate morphogenesis
FBgn0020908,Scp1,CG15848,protein_coding,Sarcoplasmic calcium-binding protein 1
FBgn0036899,tey,CG8780,protein_coding,teyrha-meyrha
FBgn0038344,obe,CG5205,protein_coding,obelus
FBgn0266692,CR45182,CR45182,ncRNA,CR45182
FBgn0086665,Psi18S-1377a,CR33750,snoRNA,Psi18S-1377a
FBgn0046697,Ppr-Y,CG40440,protein_coding,Ppr-Y
FBgn0034989,CG3356,CG3356,protein_coding,CG3356
FBgn0265745,CR44552,CR44552,ncRNA,CR44552
FBgn0264914,CR44105,CR44105,ncRNA,CR44105
FBgn0287617,CR46486,CR46486,ncRNA,CR46486
FBgn0032600,BuGZ,CG17912,protein_coding,Bub3 interacting GLEBS and Zinc finger domain protein
FBgn0085220,Ufm1,CG34191,protein_coding,Ubiquitin-fold modifier 1
FBgn0266412,CR45052,CR45052,ncRNA,CR45052
FBgn0264702,CR43971,CR43971,ncRNA,CR43971
FBgn0039495,CG5909,CG5909,protein_coding,CG5909
FBgn0031947,Brd7-9,CG7154,protein_coding,Bromodomain containing 7/9
FBgn0042138,Apt1,CG18815,protein_coding,Acyl-protein thioesterase 1
FBgn0032014,CG7840,CG7840,protein_coding,CG7840
FBgn0003279,RpL4,CG5502,protein_coding,Ribosomal protein L4
FBgn0032437,CR17024,CR17024,pseudogene,CR17024
FBgn0262728,Pal2,CG5472,protein_coding,Peptidyl-alpha-hydroxyglycine-alpha-amidating lyase 2
FBgn0033581,CG12391,CG12391,protein_coding,CG12391
FBgn0039881,CG1971,CG1971,protein_coding,CG1971
FBgn0042199,CG13713,CG13713,protein_coding,CG13713
FBgn0030365,Tango4,CG1796,protein_coding,Transport and Golgi organization 4
FBgn0039300,RpS27,CG10423,protein_coding,Ribosomal protein S27
FBgn0264816,koko,CG44010,protein_coding,kokopelli
FBgn0031060,Tcs4,CG14231,protein_coding,Threonyl-carbamoyl synthesis 4
FBgn0037261,CG9775,CG9775,protein_coding,CG9775
FBgn0036817,CG6865,CG6865,protein_coding,CG6865
FBgn0003950,unc,CG1501,protein_coding,uncoordinated
FBgn0036354,Poc1,CG10191,protein_coding,Proteome of centrioles 1
FBgn0027053,CSN5,CG14884,protein_coding,COP9 signalosome subunit 5
FBgn0265587,CR44414,CR44414,ncRNA,CR44414
FBgn0050087,CG30087,CG30087,protein_coding,CG30087
FBgn0035725,Mis12,CG18156,protein_coding,Mis12
FBgn0029524,CG3176,CG3176,protein_coding,CG3176
FBgn0029642,CG3592,CG3592,protein_coding,CG3592
FBgn0262943,CR43262,CR43262,ncRNA,CR43262
FBgn0039336,CG4553,CG4553,protein_coding,CG4553
FBgn0031168,CG1722,CG1722,protein_coding,CG1722
FBgn0051269,CG31269,CG31269,protein_coding,CG31269
FBgn0031630,CG15629,CG15629,protein_coding,CG15629
FBgn0035999,CG3552,CG3552,protein_coding,CG3552
FBgn0029977,hdm,CG15329,protein_coding,hold'em
FBgn0085470,lmgB,CG34441,protein_coding,lemming B
FBgn0037345,PolZ2,CG2948,protein_coding,DNA polymerase zeta subunit 2
FBgn0035948,CG5644,CG5644,protein_coding,CG5644
FBgn0033526,Caf1-105,CG12892,protein_coding,"Chromatin assembly factor 1, p105 subunit"
FBgn0034272,Ir54a,CG14487,protein_coding,Ionotropic receptor 54a
FBgn0085505,CR40629,CR40629,ncRNA,CR40629
FBgn0267515,CR45855,CR45855,pseudogene,CR45855
FBgn0265158,CG44227,CG44227,protein_coding,CG44227
FBgn0259794,sinah,CG13030,protein_coding,sina homologue
FBgn0260793,2mit,CG42573,protein_coding,2mit
FBgn0037995,Adk1,CG3809,protein_coding,Adenosine kinase 1
FBgn0035792,CG7548,CG7548,protein_coding,CG7548
FBgn0030283,CG15198,CG15198,protein_coding,CG15198
FBgn0038576,Arp5,CG7940,protein_coding,Actin-related protein 5
FBgn0285944,para,CG9907,protein_coding,paralytic
FBgn0085249,CG34220,CG34220,protein_coding,CG34220
FBgn0265365,CR44306,CR44306,ncRNA,CR44306
FBgn0267928,CR46209,CR46209,ncRNA,CR46209
FBgn0013435,Cdc2rk,CG1362,protein_coding,Cdc2-related kinase
FBgn0034246,Dcr-2,CG6493,protein_coding,Dicer-2
FBgn0034060,Tmem131,CG8370,protein_coding,Transmembrane protein 131
FBgn0040827,CG13315,CG13315,protein_coding,CG13315
FBgn0033890,Ctf4,CG13350,protein_coding,Chromosome transmission fidelity 4
FBgn0032538,Vajk2,CG16885,protein_coding,CG16885
FBgn0001285,Jon44E,CG8579,protein_coding,Jonah 44E
FBgn0085521,CG40813,CG40813,protein_coding,CG40813
FBgn0263382,CR43434,CR43434,ncRNA,CR43434
FBgn0033899,CG13016,CG13016,protein_coding,CG13016
FBgn0032925,Noc2,CG9246,protein_coding,Nucleolar complex protein 2
FBgn0035777,CG8563,CG8563,protein_coding,CG8563
FBgn0034121,CG6262,CG6262,protein_coding,CG6262
FBgn0058198,CG40198,CG40198,protein_coding,CG40198
FBgn0034455,CG11007,CG11007,protein_coding,CG11007
FBgn0267303,CR45739,CR45739,ncRNA,CR45739
FBgn0286892,CR46411,CR46411,ncRNA,CR46411
FBgn0034447,CG7744,CG7744,protein_coding,CG7744
FBgn0040907,mRpL33,CG3712,protein_coding,mitochondrial ribosomal protein L33
FBgn0035415,CG14966,CG14966,protein_coding,CG14966
FBgn0265873,CR44662,CR44662,ncRNA,CR44662
FBgn0032462,CG16800,CG16800,protein_coding,CG16800
FBgn0044810,TotX,CG31193,protein_coding,Turandot X
FBgn0265626,CG44434,CG44434,protein_coding,CG44434
FBgn0013995,Calx,CG5685,protein_coding,Na/Ca-exchange protein
FBgn0051643,CG31643,CG31643,protein_coding,CG31643
FBgn0046214,vig2,CG11844,protein_coding,vig2
FBgn0260955,CG42587,CG42587,protein_coding,CG42587
FBgn0260932,cuff,CG13190,protein_coding,cutoff
FBgn0265714,CG44521,CG44521,protein_coding,CG44521
FBgn0010313,corto,CG2530,protein_coding,corto
FBgn0030270,CG15199,CG15199,protein_coding,CG15199
FBgn0262736,Vha16-1,CG3161,protein_coding,Vacuolar H[+] ATPase 16kD subunit 1
FBgn0035889,mkg-p,CG7163,protein_coding,monkey king protein
FBgn0027570,Nep2,CG9761,protein_coding,Neprilysin 2
FBgn0011603,ine,CG15444,protein_coding,inebriated
FBgn0003015,osk,CG10901,protein_coding,oskar
FBgn0036422,CG3868,CG3868,protein_coding,CG3868
FBgn0036320,CG10943,CG10943,protein_coding,CG10943
FBgn0061356,Hao,CG18003,protein_coding,Hydroxyacid oxidase
FBgn0267518,CR45858,CR45858,pseudogene,CR45858
FBgn0261529,ms(2)34Fe,CG15287,protein_coding,male sterile (2) 34Fe
FBgn0035152,CG3386,CG3386,protein_coding,CG3386
FBgn0010453,Wnt4,CG4698,protein_coding,Wnt oncogene analog 4
FBgn0053178,CG33178,CG33178,protein_coding,CG33178
FBgn0032284,CG7294,CG7294,protein_coding,CG7294
FBgn0035844,CG13676,CG13676,protein_coding,CG13676
FBgn0265946,CR44733,CR44733,ncRNA,CR44733
FBgn0026417,Hus1-like,CG2525,protein_coding,Hus1-like
FBgn0002937,ninaB,CG9347,protein_coding,neither inactivation nor afterpotential B
FBgn0052204,CG32204,CG32204,protein_coding,CG32204
FBgn0011928,iMet-CAT-1-5,CR32144,tRNA,initiator Methionine-CAT 1-5
FBgn0029676,HIP-R,CG2947,protein_coding,Hsc/Hsp70-interacting protein related
FBgn0085423,GramD1B,CG34394,protein_coding,GRAM domain containing 1B
FBgn0053825,CG33825,CG33825,protein_coding,CG33825
FBgn0260224,Tcs6,CG42498,protein_coding,Threonyl-carbamoyl synthesis 6
FBgn0037102,CRIF,CG7172,protein_coding,CR6-interacting factor
FBgn0266753,CR45226,CR45226,ncRNA,CR45226
FBgn0267765,CR46096,CR46096,ncRNA,CR46096
FBgn0035816,CG13685,CG13685,protein_coding,CG13685
FBgn0041233,Gr59e,CG33151,protein_coding,Gustatory receptor 59e
FBgn0262167,ana1,CG6631,protein_coding,anastral spindle 1
FBgn0036099,CG11811,CG11811,protein_coding,CG11811
FBgn0031359,Rim2,CG18317,protein_coding,Replication in mitochondria 2
FBgn0266907,CR45367,CR45367,ncRNA,CR45367
FBgn0034807,CG9897,CG9897,protein_coding,CG9897
FBgn0261997,CG42815,CG42815,protein_coding,CG42815
FBgn0025866,CalpB,CG8107,protein_coding,Calpain-B
FBgn0038281,RpL10Aa,CG3843,protein_coding,Ribosomal protein L10Aa
FBgn0030141,Gga,CG3002,protein_coding,"Golgi-localized, gamma-adaptin ear containing, ARF binding protein"
FBgn0004885,tok,CG6863,protein_coding,tolkin
FBgn0036199,Bmcp,CG7314,protein_coding,Bmcp
FBgn0034622,BBS9,CG15666,protein_coding,Bardet-Biedl syndrome 9
FBgn0011743,Arp53D,CG5409,protein_coding,Actin-related protein 53D
FBgn0023509,mip130,CG3480,protein_coding,Myb-interacting protein 130
FBgn0035144,Kah,CG17181,protein_coding,Kahuli
FBgn0262416,mir-31a,CR42964,ncRNA,mir-31a stem loop
FBgn0266111,ana3,CG13162,protein_coding,anastral spindle 3
FBgn0264891,CR44082,CR44082,ncRNA,CR44082
FBgn0039387,Mco3,CG5959,protein_coding,Multicopper oxidase 3
FBgn0031384,CG4238,CG4238,protein_coding,CG4238
FBgn0038682,CG5835,CG5835,protein_coding,CG5835
FBgn0286029,CR46349,CR46349,ncRNA,CR46349
FBgn0034205,CG10950,CG10950,protein_coding,CG10950
FBgn0267075,CR45519,CR45519,ncRNA,CR45519
FBgn0259721,CG42375,CG42375,protein_coding,CG42375
FBgn0283471,wupA,CG7178,protein_coding,wings up A
FBgn0037689,CG8135,CG8135,protein_coding,CG8135
FBgn0034579,mRpL54,CG9353,protein_coding,mitochondrial ribosomal protein L54
FBgn0266142,CR44848,CR44848,ncRNA,CR44848
FBgn0266848,wap,CG14614,protein_coding,wings apart
FBgn0266577,CR45108,CR45108,ncRNA,CR45108
FBgn0039213,atl,CG6668,protein_coding,atlastin
FBgn0265991,Zasp52,CG30084,protein_coding,Z band alternatively spliced PDZ-motif protein 52
FBgn0260789,mxc,CG12124,protein_coding,multi sex combs
FBgn0062412,Ctr1B,CG7459,protein_coding,Copper transporter 1B
FBgn0267489,PRY,CG45787,protein_coding,polycystine-related-Y
FBgn0265512,mlt,CG12214,protein_coding,mulet
FBgn0034731,CG10384,CG10384,protein_coding,CG10384
FBgn0050120,CG30120,CG30120,protein_coding,CG30120
FBgn0031973,Spn28Dc,CG7219,protein_coding,Serpin 28Dc
FBgn0010303,hep,CG4353,protein_coding,hemipterous
FBgn0052756,CG32756,CG32756,protein_coding,CG32756
FBgn0261683,B9d2,CG42730,protein_coding,B9d2
FBgn0082929,Me28S-G2703c,CR34541,snoRNA,Me28S-G2703c
FBgn0053801,CG33801,CG33801,protein_coding,CG33801
FBgn0033549,mms4,CG12936,protein_coding,Methyl methanesulfonate sensitivity 4
FBgn0267027,CR45471,CR45471,ncRNA,CR45471
FBgn0001114,Glt,CG9280,protein_coding,Glutactin
FBgn0003944,Ubx,CG10388,protein_coding,Ultrabithorax
FBgn0032337,AstCC,CG14920,protein_coding,Allatostatin double C
FBgn0043578,PGRP-SB1,CG9681,protein_coding,Peptidoglycan recognition protein SB1
FBgn0265925,CR44714,CR44714,ncRNA,CR44714
FBgn0267065,CR45509,CR45509,ncRNA,CR45509
FBgn0035743,Acbp6,CG15829,protein_coding,Acyl-CoA binding protein 6
FBgn0050499,Rpe,CG30499,protein_coding,Ribulose-5-phosphate-3-epimerase
FBgn0030449,Fer3HCH,CG4349,protein_coding,Ferritin 3 heavy chain homologue
FBgn0266309,CR44974,CR44974,ncRNA,CR44974
FBgn0033339,Sec31,CG8266,protein_coding,Secretory 31
FBgn0039751,CG1983,CG1983,protein_coding,CG1983
FBgn0262008,CG42826,CG42826,protein_coding,CG42826
FBgn0011894,Lys-CTT-1-8,CR30302,tRNA,Lysine-CTT 1-8
FBgn0053543,CG33543,CG33543,protein_coding,CG33543
FBgn0267561,CR45901,CR45901,ncRNA,CR45901
FBgn0264296,CG43774,CG43774,protein_coding,CG43774
FBgn0031219,CG13694,CG13694,protein_coding,CG13694
FBgn0053453,CG33453,CG33453,protein_coding,CG33453
FBgn0065107,128,CR33915,ncRNA,small non-coding RNA 128
FBgn0033885,DJ-1alpha,CG6646,protein_coding,DJ-1alpha
FBgn0032721,CG10602,CG10602,protein_coding,CG10602
FBgn0034741,CG4269,CG4269,protein_coding,CG4269
FBgn0033017,CG10465,CG10465,protein_coding,CG10465
FBgn0034638,CG10433,CG10433,protein_coding,CG10433
FBgn0050391,CG30391,CG30391,protein_coding,CG30391
FBgn0004407,PolG2,CG33650,protein_coding,DNA polymerase gamma subunit 2
FBgn0085326,CG34297,CG34297,protein_coding,CG34297
FBgn0266853,CR45314,CR45314,ncRNA,CR45314
FBgn0038118,timeout,CG7855,protein_coding,timeout
FBgn0030438,CG15721,CG15721,protein_coding,CG15721
FBgn0003742,tra2,CG10128,protein_coding,transformer 2
FBgn0043362,bchs,CG14001,protein_coding,blue cheese
FBgn0028969,deltaCOP,CG14813,protein_coding,Coat Protein (coatomer) delta
FBgn0261599,RpS29,CG8495,protein_coding,Ribosomal protein S29
FBgn0028671,Vha100-1,CG1709,protein_coding,Vacuolar H[+] ATPase 100kD subunit 1
FBgn0035196,Bfc,CG9129,protein_coding,Booster for Crq
FBgn0037228,CG1092,CG1092,protein_coding,CG1092
FBgn0265446,CR44346,CR44346,ncRNA,CR44346
FBgn0036527,CG7304,CG7304,protein_coding,CG7304
FBgn0039093,CG10183,CG10183,protein_coding,CG10183
FBgn0040060,yip7,CG6457,protein_coding,yippee interacting protein 7
FBgn0265845,CR44634,CR44634,ncRNA,CR44634
FBgn0034258,eIF3c,CG4954,protein_coding,eukaryotic translation initiation factor 3 subunit c
FBgn0032730,CG10431,CG10431,protein_coding,CG10431
FBgn0050056,CG30056,CG30056,protein_coding,CG30056
FBgn0265605,Ric,CG8418,protein_coding,Ras-related protein interacting with calmodulin
FBgn0034642,CG15674,CG15674,protein_coding,CG15674
FBgn0030122,Aladin,CG16892,protein_coding,Aladin
FBgn0263485,PsiU2-55,CR43600,snoRNA, PsiU2-55
FBgn0040357,CG14624,CG14624,protein_coding,CG14624
FBgn0031534,Snx1,CG2774,protein_coding,Sorting nexin 1
FBgn0265187,Fatp2,CG44252,protein_coding,Fatty acid transport protein 2
FBgn0040089,meso18E,CG14233,protein_coding,meso18E
FBgn0035929,CG13311,CG13311,protein_coding,CG13311
FBgn0052183,Ccn,CG32183,protein_coding,Ccn
FBgn0038528,CG14326,CG14326,protein_coding,CG14326
FBgn0267537,CR45877,CR45877,ncRNA,CR45877
FBgn0263088,CR43356,CR43356,ncRNA,CR43356
FBgn0261631,CG42714,CG42714,protein_coding,CG42714
FBgn0032834,CG13965,CG13965,protein_coding,CG13965
FBgn0040765,luna,CG33473,protein_coding,luna
FBgn0030665,CG15646,CG15646,protein_coding,CG15646
FBgn0025682,scf,CG9148,protein_coding,supercoiling factor
FBgn0267136,CR45576,CR45576,ncRNA,CR45576
FBgn0038274,Nup93-2,CG7262,protein_coding,Nucleoporin 93kD-2
FBgn0030074,CG12662,CG12662,protein_coding,CG12662
FBgn0038756,CG4783,CG4783,protein_coding,CG4783
FBgn0031135,CR11235,CR11235,pseudogene,CR11235
FBgn0261549,rdgA,CG42667,protein_coding,retinal degeneration A
FBgn0014184,Oda,CG16747,protein_coding,Ornithine decarboxylase antizyme
FBgn0261358,CG42635,CG42635,protein_coding,CG42635
FBgn0052207,CR32207,CR32207,ncRNA,CR32207
FBgn0263085,CR43353,CR43353,ncRNA,CR43353
FBgn0013981,His4r,CG3379,protein_coding,Histone H4 replacement
FBgn0267876,CR46164,CR46164,pseudogene,CR46164
FBgn0262952,ND4,CG34085,protein_coding,mitochondrial NADH-ubiquinone oxidoreductase chain 4
FBgn0030982,CG7423,CG7423,protein_coding,CG7423
FBgn0275432,CR46264,CR46264,ncRNA,CR46264
FBgn0266156,CR44862,CR44862,ncRNA,CR44862
FBgn0265581,CR44408,CR44408,ncRNA,CR44408
FBgn0284418,TS25,CR46332,ncRNA, testis-specific 25
FBgn0030407,Fpgs1,CG2543,protein_coding,Folylpolyglutamate synthase 1
FBgn0025627,CG4194,CG4194,protein_coding,CG4194
FBgn0264000,GluRIB,CG43743,protein_coding,Glutamate receptor IB
FBgn0040153,l(1)G0469,CG32597,protein_coding,lethal (1) G0469
FBgn0261508,CG42656,CG42656,protein_coding,CG42656
FBgn0053710,CG33710,CG33710,protein_coding,CG33710
FBgn0040796,CG13064,CG13064,protein_coding,CG13064
FBgn0267102,CR45542,CR45542,ncRNA,CR45542
FBgn0032706,Irk3,CG10369,protein_coding,Inwardly rectifying potassium channel 3
FBgn0032249,TBC1D16,CG5337,protein_coding,TBC1 domain family member 16
FBgn0038720,CG6231,CG6231,protein_coding,CG6231
FBgn0016059,Sema1b,CG6446,protein_coding,Semaphorin 1b
FBgn0015477,Rme-8,CG8014,protein_coding,Receptor mediated endocytosis 8
FBgn0032520,CG10859,CG10859,protein_coding,CG10859
FBgn0000318,cl,CG11024,protein_coding,clot
FBgn0003930,39B,CR31625,snRNA,small nuclear RNA U4 at 39B
FBgn0260767,CG42565,CG42565,protein_coding,CG42565
FBgn0033814,Qsox1,CG4670,protein_coding,Quiescin sulfhydryl oxidase 1
FBgn0036463,Reck,CG5392,protein_coding,Reversion-inducing-cysteine-rich protein with kazal motifs
FBgn0034231,APC10,CG11419,protein_coding,Anaphase Promoting Complex subunit 10
FBgn0038842,hdly,CG5630,protein_coding,hadley
FBgn0266679,CR45169,CR45169,ncRNA,CR45169
FBgn0011880,Ile-AAT-1-1,CR30313,tRNA,Isoleucine-AAT 1-1
FBgn0032088,CG13102,CG13102,protein_coding,CG13102
FBgn0264794,CR44024,CR44024,ncRNA,CR44024
FBgn0010452,trn,CG11280,protein_coding,tartan
FBgn0261975,CG42806,CG42806,protein_coding,CG42806
FBgn0037050,ICA69,CG10566,protein_coding,Islet cell autoantigen 69 kDa
FBgn0263707,CG43659,CG43659,protein_coding,CG43659
FBgn0086690,Plp,FBtr0075661,protein_coding,Pericentrin-like protein
FBgn0086690,Plp,FBpp0075413,protein_coding,Pericentrin-like protein
FBgn0086690,Plp,FBtr0075658,protein_coding,Pericentrin-like protein
FBgn0086690,Plp,FBtr0075660,protein_coding,Pericentrin-like protein
FBgn0086690,Plp,FBpp0075414,protein_coding,Pericentrin-like protein
FBgn0086690,Plp,FBpp0075411,protein_coding,Pericentrin-like protein
FBgn0086690,Plp,CG33957,protein_coding,Pericentrin-like protein
FBgn0262374,mir-2b-1,CR42893,ncRNA,mir-2b-1 stem loop
FBgn0003479,spn-A,CG7948,protein_coding,spindle A
FBgn0016756,Usp47,CG5486,protein_coding,Ubiquitin specific protease 47
FBgn0050378,CG30378,CG30378,protein_coding,CG30378
FBgn0259699,CG42353,CG42353,protein_coding,CG42353
FBgn0264386,Ca-alpha1T,CG15899,protein_coding,Ca[2+]-channel protein alpha[[1]] subunit T
FBgn0265746,CR44553,CR44553,ncRNA,CR44553
FBgn0265197,CG44257,CG44257,protein_coding,CG44257
FBgn0263974,qin,CG43726,protein_coding,qin
FBgn0263448,CR43471,CR43471,ncRNA,CR43471
FBgn0083013,Psi28S-1060,CR34591,snoRNA,Psi28S-1060
FBgn0031700,CG14022,CG14022,protein_coding,CG14022
FBgn0031030,Tao,CG14217,protein_coding,Tao
FBgn0039298,to,CG11853,protein_coding,takeout
FBgn0033927,CR10102,CR10102,pseudogene,CR10102
FBgn0033755,ClC-b,CG8594,protein_coding,Chloride channel-b
FBgn0267427,CR45780,CR45780,pseudogene,CR45780
FBgn0036159,CG7557,CG7557,protein_coding,CG7557
FBgn0262178,mir-981,CR42885,ncRNA,mir-981 stem loop
FBgn0043005,prt,CG10251,protein_coding,portabella
FBgn0052191,CG32191,CG32191,protein_coding,CG32191
FBgn0260648,Rrp40,CG31938,protein_coding,Ribosomal RNA processing 40
FBgn0038541,TyrRII,CG16766,protein_coding,Tyramine receptor II
FBgn0262842,UQCR-6.4L,CG43206,protein_coding,Ubiquinol-cytochrome c reductase 6.4 kDa subunit-like
FBgn0028421,Kap3,CG11759,protein_coding,Kinesin associated protein 3
FBgn0264951,CR44120,CR44120,ncRNA,CR44120
FBgn0261243,Psa,CG1009,protein_coding,Puromycin sensitive aminopeptidase
FBgn0267926,CR46207,CR46207,ncRNA,CR46207
FBgn0000233,btd,CG12653,protein_coding,buttonhead
FBgn0266917,Sf3a1,CG16941,protein_coding,Splicing factor 3a subunit 1
FBgn0031752,CG9044,CG9044,protein_coding,CG9044
FBgn0034774,CG13526,CG13526,protein_coding,CG13526
FBgn0030850,stas,CG8408,protein_coding,Stasimon
FBgn0259749,mmy,CG9535,protein_coding,mummy
FBgn0050381,PIG-X,CG30381,protein_coding,Phosphatidylinositol glycan anchor biosynthesis class X
FBgn0050279,CR30279,CR30279,pseudogene,CR30279
FBgn0267904,CG46192,CG46192,protein_coding,CG46192
FBgn0263621,CG43630,CG43630,protein_coding,CG43630
FBgn0264828,CR44036,CR44036,ncRNA,CR44036
FBgn0040233,cana,CG33694,protein_coding,CENP-ana
FBgn0029820,CG16721,CG16721,protein_coding,CG16721
FBgn0031660,mRpL28,CG3782,protein_coding,mitochondrial ribosomal protein L28
FBgn0053514,CG33514,CG33514,protein_coding,CG33514
FBgn0035797,CG14837,CG14837,protein_coding,CG14837
FBgn0262213,mir-2495,CR42920,ncRNA,mir-2495 stem loop
FBgn0036187,RIOK1,CG11660,protein_coding,RIO kinase 1
FBgn0052633,CG32633,CG32633,protein_coding,CG32633
FBgn0038342,B9d1,CG14870,protein_coding,B9d1
FBgn0050020,CG30020,CG30020,protein_coding,CG30020
FBgn0284257,Ttd14,CG30118,protein_coding,TRPL translocation defect 14
FBgn0031078,Nup205,CG11943,protein_coding,Nucleoporin 205kD
FBgn0003922,38ABa,CR32882,snRNA,small nuclear RNA U2 at 38AB a
FBgn0267348,LanB2,CG3322,protein_coding,Laminin B2
FBgn0003373,Sgs3,CG11720,protein_coding,Salivary gland secretion 3
FBgn0032815,CG10462,CG10462,protein_coding,CG10462
FBgn0263528,mir-4970,CR43513,ncRNA,mir-4970 stem loop
FBgn0035709,eIF4E4,CG10124,protein_coding,eukaryotic translation initiation factor 4E4
FBgn0000376,crm,CG2714,protein_coding,cramped
FBgn0261813,CR42755,CR42755,ncRNA,CR42755
FBgn0039288,CG13653,CG13653,protein_coding,CG13653
FBgn0041194,Prat2,CG10078,protein_coding,Phosphoribosylamidotransferase 2
FBgn0030351,CG1840,CG1840,protein_coding,CG1840
FBgn0040227,eIF3d1,CG10161,protein_coding,eukaryotic translation initiation factor 3 subunit d1
FBgn0004569,aos,CG4531,protein_coding,argos
FBgn0265643,CR44450,CR44450,ncRNA,CR44450
FBgn0036317,CG10948,CG10948,protein_coding,CG10948
FBgn0036436,CG4914,CG4914,protein_coding,CG4914
FBgn0264792,CR44022,CR44022,ncRNA,CR44022
FBgn0263469,SC35-b,CR43584,snoRNA,CR43584
FBgn0012027,Tyr-GTA-1-5,CR31552,tRNA,Tyrosine-GTA 1-5
FBgn0036627,Gagr,CG4680,protein_coding,Gag-related
FBgn0037492,Dtwd2,CG10050,protein_coding,DTW domain containing 2
FBgn0266029,CR44794,CR44794,ncRNA,CR44794
FBgn0031150,bves,CG32513,protein_coding,bves
FBgn0038690,CG11703,CG11703,protein_coding,CG11703
FBgn0028983,Spn55B,CG10913,protein_coding,Serpin 55B
FBgn0266216,CR44911,CR44911,ncRNA,CR44911
FBgn0052137,CG32137,CG32137,protein_coding,CG32137
FBgn0039796,CG12069,CG12069,protein_coding,CG12069
FBgn0036726,QIL1,CG7603,protein_coding,QIL1
FBgn0250906,Pgk,CG3127,protein_coding,Phosphoglycerate kinase
FBgn0046873,Pif2,CG31483,protein_coding,PFTAIRE-interacting factor 2
FBgn0005658,Ets65A,CG7018,protein_coding,Ets at 65A
FBgn0031536,Cog3,CG3248,protein_coding,Component of oligomeric golgi complex 3
FBgn0036373,Tgi,CG10741,protein_coding,Tondu-domain-containing Growth Inhibitor
FBgn0031500,CG17221,CG17221,protein_coding,CG17221
FBgn0032271,CG7329,CG7329,protein_coding,CG7329
FBgn0259848,CR42417,CR42417,ncRNA,CR42417
FBgn0260857,Bet1,CG14084,protein_coding,Blocked early in transport 1
FBgn0038709,CG15025,CG15025,protein_coding,CG15025
FBgn0036158,CG6149,CG6149,protein_coding,CG6149
FBgn0051118,RabX4,CG31118,protein_coding,RabX4
FBgn0036667,kud,CG9669,protein_coding,kuduk
FBgn0053272,CG33272,CG33272,protein_coding,CG33272
FBgn0035069,CG3611,CG3611,protein_coding,CG3611
FBgn0266796,CR45258,CR45258,ncRNA,CR45258
FBgn0035402,Usp5,CG12082,protein_coding,Ubiquitin specific protease 5
FBgn0020381,Dredd,CG7486,protein_coding,Death related ced-3/Nedd2-like caspase
FBgn0261550,Orp8,CG42668,protein_coding,Oxysterol-binding protein-related protein 8
FBgn0037432,CG10298,CG10298,protein_coding,CG10298
FBgn0051960,CG31960,CG31960,protein_coding,CG31960
FBgn0053361,CR33361,CR33361,rRNA,CR33361
FBgn0033591,CG13216,CG13216,protein_coding,CG13216
FBgn0083974,CG34138,CG34138,protein_coding,CG34138
FBgn0030624,CG9106,CG9106,protein_coding,CG9106
FBgn0000022,ac,CG3796,protein_coding,achaete
FBgn0052656,Muc11A,CG32656,protein_coding,Mucin 11A
FBgn0027574,CG5815,CG5815,protein_coding,CG5815
FBgn0036705,CG13723,CG13723,protein_coding,CG13723
FBgn0086693,iav,CG4536,protein_coding,inactive
FBgn0046296,DEF8,CG11534,protein_coding,differentially expressed in FDCP 8 homolog
FBgn0038032,CG10096,CG10096,protein_coding,CG10096
FBgn0265683,CR44490,CR44490,ncRNA,CR44490
FBgn0267989,CR46256,CR46256,ncRNA,CR46256
FBgn0267474,CR45824,CR45824,ncRNA,CR45824
FBgn0260743,GC1,CG18347,protein_coding,Glutamate Carrier 1
FBgn0250842,CG17575,CG17575,protein_coding,CG17575
FBgn0030976,CG7378,CG7378,protein_coding,CG7378
FBgn0032801,CG10165,CG10165,protein_coding,CG10165
FBgn0032515,loqs,CG6866,protein_coding,loquacious
FBgn0053889,CG33889,CG33889,protein_coding,CG33889
FBgn0260458,PGRP-LD,CG33717,protein_coding,Peptidoglycan recognition protein LD
FBgn0042696,NfI,CG2380,protein_coding,Nuclear factor I
FBgn0036676,CG13028,CG13028,protein_coding,CG13028
FBgn0046876,Obp83ef,CG31557,protein_coding,Odorant-binding protein 83ef
FBgn0001325,Kr,CG3340,protein_coding,Kruppel
FBgn0265077,CR44188,CR44188,ncRNA,CR44188
FBgn0265106,CR44208,CR44208,ncRNA,CR44208
FBgn0000405,CycB,CG3510,protein_coding,Cyclin B
FBgn0036920,CG8004,CG8004,protein_coding,CG8004
FBgn0266958,CR45409,CR45409,ncRNA,CR45409
FBgn0002525,Lam,CG6944,protein_coding,Lamin
FBgn0266702,CR45192,CR45192,ncRNA,CR45192
FBgn0050324,CG30324,CG30324,protein_coding,CG30324
FBgn0026397,Or22b,CG4231,protein_coding,Odorant receptor 22b
FBgn0036402,CG6650,CG6650,protein_coding,CG6650
FBgn0040754,CG17059,CG17059,protein_coding,CG17059
FBgn0266069,CR44822,CR44822,ncRNA,CR44822
FBgn0003963,ush,CG2762,protein_coding,u-shaped
FBgn0278608,Dsp1,CG12223,protein_coding,Dorsal switch protein 1
FBgn0039792,CG2267,CG2267,protein_coding,CG2267
FBgn0265731,CR44538,CR44538,ncRNA,CR44538
FBgn0264855,AP-2alpha,CG4260,protein_coding,"Adaptor Protein complex 2, alpha subunit"
FBgn0040734,BomS5,CG15065,protein_coding,Bomanin Short 5
FBgn0034976,CG4049,CG4049,protein_coding,CG4049
FBgn0034826,CG13544,CG13544,protein_coding,CG13544
FBgn0050418,nord,CG30418,protein_coding,nord
FBgn0083034,Psi18S-525e,CR34577,snoRNA,Psi18S-525e
FBgn0027583,CG7601,CG7601,protein_coding,CG7601
FBgn0037207,Mes2,CG11100,protein_coding,Mesoderm-expressed 2
FBgn0039329,CG10669,CG10669,protein_coding,CG10669
FBgn0011787,mRpL12,CG5012,protein_coding,mitochondrial ribosomal protein L12
FBgn0267281,CR45717,CR45717,ncRNA,CR45717
FBgn0265757,CR44564,CR44564,ncRNA,CR44564
FBgn0029669,CG13021,CG13021,protein_coding,CG13021
FBgn0053374,CR33374,CR33374,rRNA,CR33374
FBgn0267223,CR45663,CR45663,ncRNA,CR45663
FBgn0263108,BtbVII,CG43365,protein_coding,BTB-protein-VII
FBgn0086054,Me18S-G1358b,CR34683,snoRNA,CR34683
FBgn0264556,Gr39a,CG31622,protein_coding,Gustatory receptor 39a
FBgn0050022,CG30022,CG30022,protein_coding,CG30022
FBgn0035625,Blimp-1,CG5249,protein_coding,Blimp-1
FBgn0040849,Ir41a,CG33492,protein_coding,Ionotropic receptor 41a
FBgn0036157,CG7560,CG7560,protein_coding,CG7560
FBgn0030536,CG11068,CG11068,protein_coding,CG11068
FBgn0031391,CG11723,CG11723,protein_coding,CG11723
FBgn0035390,scramb2,CG1893,protein_coding,scramblase 2
FBgn0031451,CG9961,CG9961,protein_coding,CG9961
FBgn0039798,CG11313,CG11313,protein_coding,CG11313
FBgn0031859,CG17377,CG17377,protein_coding,CG17377
FBgn0000394,cv,CG12410,protein_coding,crossveinless
FBgn0032744,Ttc19,CG15173,protein_coding,Tetratricopeptide repeat domain 19
FBgn0029134,Prosbeta5,CG12323,protein_coding,Proteasome beta5 subunit
FBgn0036266,Tsen54,CG5626,protein_coding,tRNA splicing endonuclease subunit 54
FBgn0052507,CG32507,CG32507,protein_coding,CG32507
FBgn0033137,Tsp42Ep,CG4471,protein_coding,Tetraspanin 42Ep
FBgn0031273,CG2839,CG2839,protein_coding,CG2839
FBgn0011016,SsRbeta,CG5474,protein_coding,Signal sequence receptor beta
FBgn0031446,Trf5,CG15398,protein_coding,TBP-related factor 5
FBgn0036089,CG14151,CG14151,protein_coding,CG14151
FBgn0086068,Or-CD12,CR34697,snoRNA,CR34697
FBgn0037874,Tctp,CG4800,protein_coding,Translationally controlled tumor protein
FBgn0050185,AIMP3,CG30185,protein_coding,aaRS-interacting multifunctional protein 3
FBgn0000061,al,CG3935,protein_coding,aristaless
FBgn0036440,CG17177,CG17177,protein_coding,CG17177
FBgn0086367,t,CG12120,protein_coding,tan
FBgn0283435,CR46279,CR46279,pseudogene,CR46279
FBgn0262315,mir-2493,CR43022,ncRNA,mir-2493 stem loop
FBgn0267548,CR45888,CR45888,ncRNA,CR45888
FBgn0041160,comm2,CG7554,protein_coding,comm2
FBgn0260962,pic,CG7769,protein_coding,piccolo
FBgn0283536,Vha13,CG6213,protein_coding,Vacuolar H[+] ATPase 13kD subunit
FBgn0263847,LU,CR43708,snRNA,small nuclear RNA Like U
FBgn0032219,CG4995,CG4995,protein_coding,CG4995
FBgn0032793,Ctu2,CG10189,protein_coding,Cytosolic thiouridylase subunit 2
FBgn0052299,CG32299,CG32299,protein_coding,CG32299
FBgn0028561,sut3,CG17976,protein_coding,sugar transporter 3
FBgn0031228,ND-15,CG11455,protein_coding,NADH dehydrogenase (ubiquinone) 15 kDa subunit
FBgn0035708,axed,CG8398,protein_coding,axundead
FBgn0033690,EndoG,CG8862,protein_coding,Endonuclease G
FBgn0000355,Cp15,CG6519,protein_coding,Chorion protein 15
FBgn0266041,CR44806,CR44806,ncRNA,CR44806
FBgn0001147,gsb-n,CG2692,protein_coding,gooseberry-neuro
FBgn0259143,CG42258,CG42258,protein_coding,CG42258
FBgn0001250,if,CG9623,protein_coding,inflated
FBgn0024364,CG11417,CG11417,protein_coding,CG11417
FBgn0010412,RpS19a,CG4464,protein_coding,Ribosomal protein S19a
FBgn0053062,CG33062,CG33062,protein_coding,CG33062
FBgn0031853,TTLL3B,CG11201,protein_coding,Tubulin tyrosine ligase-like 3B
FBgn0032377,CG14937,CG14937,protein_coding,CG14937
FBgn0040696,CG18675,CG18675,protein_coding,CG18675
FBgn0030369,Cyp318a1,CG1786,protein_coding,Cytochrome P450 318a1
FBgn0033138,Tsp42Eq,CG12832,protein_coding,Tetraspanin 42Eq
FBgn0036417,CG7906,CG7906,protein_coding,CG7906
FBgn0034194,CG15611,CG15611,protein_coding,CG15611
FBgn0031335,CG5565,CG5565,protein_coding,CG5565
FBgn0051812,Tsen2,CG31812,protein_coding,tRNA splicing endonuclease subunit 2
FBgn0263212,CR43382,CR43382,pseudogene,CR43382
FBgn0024196,robl,CG10751,protein_coding,roadblock
FBgn0036396,CG17359,CG17359,protein_coding,CG17359
FBgn0267177,CR45617,CR45617,ncRNA,CR45617
FBgn0029525,CG18273,CG18273,protein_coding,CG18273
FBgn0033754,Ak6,CG8816,protein_coding,Adenylate kinase 6
FBgn0032080,CG9525,CG9525,protein_coding,CG9525
FBgn0052758,Snx27,CG32758,protein_coding,Sorting nexin 27
FBgn0266178,pre-mod(mdg4)-B,CG44884,protein_coding,CG44884
FBgn0289323,IntS8,CG5859,protein_coding,Integrator 8
FBgn0038291,CG3984,CG3984,protein_coding,CG3984
FBgn0283468,slmb,CG3412,protein_coding,supernumerary limbs
FBgn0024807,DIP1,CG17686,protein_coding,DISCO Interacting Protein 1
FBgn0266169,CR44875,CR44875,ncRNA,CR44875
FBgn0067903,IM18,CG33706,protein_coding,Immune induced molecule 18
FBgn0033453,Sting,CG1667,protein_coding,Sting
FBgn0052826,Pro-CGG-1-1,CR32826,tRNA,Proline-CGG 1-1
FBgn0000057,adp,CG5124,protein_coding,adipose
FBgn0261615,CG42704,CG42704,protein_coding,CG42704
FBgn0030410,Aven,CG15727,protein_coding,Apoptosis and caspase activation inhibitor
FBgn0002121,l(2)gl,CG2671,protein_coding,lethal (2) giant larvae
FBgn0033502,CG12910,CG12910,protein_coding,CG12910
FBgn0031608,CG15435,CG15435,protein_coding,CG15435
FBgn0036271,Pbgs,CG10335,protein_coding,Porphobilinogen synthase
FBgn0050326,Val-AAC-2-2,CR30326,tRNA,Valine-AAC 2-2
FBgn0265930,CR44719,CR44719,ncRNA,CR44719
FBgn0051100,CG31100,CG31100,protein_coding,CG31100
FBgn0029951,CG11369,CG11369,protein_coding,CG11369
FBgn0267026,CR45470,CR45470,pseudogene,CR45470
FBgn0037970,GC2,CG12201,protein_coding,Glutamate Carrier 2
FBgn0035807,CG7492,CG7492,protein_coding,CG7492
FBgn0250869,CG42240,CG42240,protein_coding,CG42240
FBgn0035497,CG14995,CG14995,protein_coding,CG14995
FBgn0003250,Rh4,CG9668,protein_coding,Rhodopsin 4
FBgn0004378,Klp61F,CG9191,protein_coding,Kinesin-like protein at 61F
FBgn0261531,CG42659,CG42659,protein_coding,CG42659
FBgn0262435,mir-1009,CR42994,ncRNA,mir-1009 stem loop
FBgn0020258,ppk,CG3478,protein_coding,pickpocket
FBgn0023512,eIF2Bepsilon,CG3806,protein_coding,eukaryotic translation initiation factor 2B subunit epsilon
FBgn0050361,mtt,CG30361,protein_coding,mangetout
FBgn0032209,Hand,CG18144,protein_coding,Hand
FBgn0053978,CG33978,CG33978,protein_coding,CG33978
FBgn0267586,CR45924,CR45924,ncRNA,CR45924
FBgn0262827,CG43198,CG43198,protein_coding,CG43198
FBgn0037683,CG18473,CG18473,protein_coding,CG18473
FBgn0083037,Psi18S-525b,CR34572,snoRNA,Psi18S-525b
FBgn0014189,Hel25E,CG7269,protein_coding,Helicase at 25E
FBgn0000529,bsh,CG10604,protein_coding,brain-specific homeobox
FBgn0039742,CG15528,CG15528,protein_coding,CG15528
FBgn0026379,Pten,CG5671,protein_coding,Phosphatase and tensin homolog
FBgn0031444,Trf4,CG9879,protein_coding,TBP-related factor 4
FBgn0263874,CR43721,CR43721,ncRNA,CR43721
FBgn0011962,Arg-ACG-1-7,CR31585,tRNA,Arginine-ACG 1-7
FBgn0034488,Hacl,CG11208,protein_coding,2-hydroxyacyl-CoA lyase
FBgn0038804,CG10877,CG10877,protein_coding,CG10877
FBgn0040725,CG13946,CG13946,protein_coding,CG13946
FBgn0020556,bxd,CR31273,ncRNA,bithoraxoid
FBgn0262406,mir-let7,CR42949,ncRNA,let-7
FBgn0034398,CG15098,CG15098,protein_coding,CG15098
FBgn0032368,spag4,CG6589,protein_coding,sperm-associated antigen 4
FBgn0052652,CR32652,CR32652,ncRNA,CR32652
FBgn0035675,CG6610,CG6610,protein_coding,CG6610
FBgn0002733,E(spl)mbeta-HLH,CG14548,protein_coding,"Enhancer of split mbeta, helix-loop-helix"
FBgn0041205,key,CG16910,protein_coding,kenny
FBgn0267950,CR46230,CR46230,ncRNA,CR46230
FBgn0034566,CG9313,CG9313,protein_coding,CG9313
FBgn0053262,CG33262,CG33262,protein_coding,CG33262
FBgn0267293,CR45729,CR45729,ncRNA,CR45729
FBgn0260456,CG4806,CG4806,protein_coding,CG4806
FBgn0267101,CR45541,CR45541,ncRNA,CR45541
FBgn0030641,CG6299,CG6299,protein_coding,CG6299
FBgn0001319,kn,CG10197,protein_coding,knot
FBgn0028543,NimB2,CG31839,protein_coding,Nimrod B2
FBgn0265610,CG44428,CG44428,protein_coding,CG44428
FBgn0261049,Vps45,CG8228,protein_coding,Vacuolar protein sorting 45
FBgn0051151,wge,CG31151,protein_coding,winged eye
FBgn0030926,psh,CG6367,protein_coding,persephone
FBgn0038238,CG14854,CG14854,protein_coding,CG14854
FBgn0051493,CG31493,CG31493,protein_coding,CG31493
FBgn0035663,CG6462,CG6462,protein_coding,CG6462
FBgn0085257,CG34228,CG34228,protein_coding,CG34228
FBgn0052834,CG32834,CG32834,protein_coding,CG32834
FBgn0045500,Gr22b,CG31931,protein_coding,Gustatory receptor 22b
FBgn0030183,Ypel,CG15309,protein_coding,Yippee-like
FBgn0033463,CG1513,CG1513,protein_coding,CG1513
FBgn0031632,CG15628,CG15628,protein_coding,CG15628
FBgn0003218,rdgB,CG11111,protein_coding,retinal degeneration B
FBgn0261270,Sps1,CG8553,protein_coding,Selenophosphate synthetase 1
FBgn0039558,BCAS2,CG4980,protein_coding,BCAS2
FBgn0050072,Obp50c,CG30072,protein_coding,Odorant-binding protein 50c
FBgn0034086,CG8441,CG8441,protein_coding,CG8441
FBgn0036433,CG9628,CG9628,protein_coding,CG9628
FBgn0032693,Cyp310a1,CG10391,protein_coding,Cytochrome P450 310a1
FBgn0026136,CkIIbeta2,CG8914,protein_coding,Casein kinase II beta2 subunit
FBgn0264840,CR44048,CR44048,ncRNA,CR44048
FBgn0001259,in,CG16993,protein_coding,inturned
FBgn0267659,CR45997,CR45997,ncRNA,CR45997
FBgn0050440,CG30440,CG30440,protein_coding,CG30440
FBgn0037931,CG18476,CG18476,protein_coding,CG18476
FBgn0028429,I-2,CG10574,protein_coding,Inhibitor-2
FBgn0085422,CG34393,CG34393,protein_coding,CG34393
FBgn0031518,CG3277,CG3277,protein_coding,CG3277
FBgn0030007,alpha-PheRS,CG2263,protein_coding,"Phenylalanyl-tRNA synthetase, alpha-subunit"
FBgn0005616,msl-2,CG3241,protein_coding,male-specific lethal 2
FBgn0031562,CG3604,CG3604,protein_coding,CG3604
FBgn0036515,AIMP2,CG12304,protein_coding,aaRS-interacting multifunctional protein 2
FBgn0061198,HSPC300,CG30173,protein_coding,Haematopoietic stem/progenitor cell protein 300
FBgn0040510,ACXA,CG17176,protein_coding,Adenylyl cyclase X A
FBgn0039193,CG13613,CG13613,protein_coding,CG13613
FBgn0013720,pck,CG14779,protein_coding,pickel
FBgn0050263,stum,CG30263,protein_coding,stumble
FBgn0031533,CG2772,CG2772,protein_coding,CG2772
FBgn0030717,Slc25A46a,CG8931,protein_coding,Solute carrier family 25 member 46a
FBgn0038814,CG15923,CG15923,protein_coding,CG15923
FBgn0015756,RpL9,CG6141,protein_coding,Ribosomal protein L9
FBgn0261983,l(2)gd1,CG4713,protein_coding,lethal (2) giant discs 1
FBgn0263559,mir-2535b,CR43544,ncRNA,mir-2535b stem loop
FBgn0011879,Ala-TGC-2-1,CR30233,tRNA,Alanine-TGC 2-1
FBgn0032491,CG16815,CG16815,protein_coding,CG16815
FBgn0039339,CG5116,CG5116,protein_coding,CG5116
FBgn0053983,obst-H,CG33983,protein_coding,obstructor-H
FBgn0267545,CR45885,CR45885,ncRNA,CR45885
FBgn0039674,CG1907,CG1907,protein_coding,CG1907
FBgn0267002,unc-104,CG8566,protein_coding,uncoordinated-104
FBgn0263034,CG43329,CG43329,protein_coding,CG43329
FBgn0263586,CR43611,CR43611,ncRNA,CR43611
FBgn0003430,slp1,CG16738,protein_coding,sloppy paired 1
FBgn0031682,CG5828,CG5828,protein_coding,CG5828
FBgn0032256,RluA-2,CG6187,protein_coding,RluA pseudouridine synthase 2
FBgn0012010,Val-AAC-2-3,CR32124,tRNA,Valine-AAC 2-3
FBgn0040283,SMC1,CG6057,protein_coding,Structural maintenance of chromosomes 1
FBgn0052601,betaNACtes3,CG32601,protein_coding,"Nascent-associated complex beta-subunit-like, testis 3"
FBgn0029643,CG14420,CG14420,protein_coding,CG14420
FBgn0030796,CG4829,CG4829,protein_coding,CG4829
FBgn0029594,Coa8,CG14806,protein_coding,Cytochrome c oxidase assembly factor 8
FBgn0040376,AANATL7,CG13759,protein_coding,Arylalkylamine N-acetyltransferase-like 7
FBgn0000056,Adhr,CG3484,protein_coding,Adh-related
FBgn0035311,CR15821,CR15821,pseudogene,CR15821
FBgn0037687,CG8132,CG8132,protein_coding,CG8132
FBgn0263968,nonC,CG32743,protein_coding,no-on-and-no-off transient C
FBgn0040985,osi,CG6115,protein_coding,orsai
FBgn0030000,CG2260,CG2260,protein_coding,CG2260
FBgn0000139,ash2,CG6677,protein_coding,"absent, small, or homeotic discs 2"
FBgn0038914,fit,CG17820,protein_coding,female-specific independent of transformer
FBgn0263206,CG43376,CG43376,protein_coding,CG43376
FBgn0031256,shv,CG4164,protein_coding,shriveled
FBgn0265653,CR44460,CR44460,ncRNA,CR44460
FBgn0035986,CG4022,CG4022,protein_coding,CG4022
FBgn0031645,CG3036,CG3036,protein_coding,CG3036
FBgn0050184,CG30184,CG30184,protein_coding,CG30184
FBgn0004896,fd59A,CG3668,protein_coding,forkhead domain 59A
FBgn0001308,Khc,CG7765,protein_coding,Kinesin heavy chain
FBgn0264990,CG44141,CG44141,protein_coding,CG44141
FBgn0030420,pira,CG12717,protein_coding,pirate
FBgn0039475,CG6277,CG6277,protein_coding,CG6277
FBgn0031910,CG15818,CG15818,protein_coding,CG15818
FBgn0039886,CG2003,CG2003,protein_coding,CG2003
FBgn0262448,mir-279,CR43015,ncRNA,mir-279 stem loop
FBgn0023213,eIF4G1,CG10811,protein_coding,eukaryotic translation initiation factor 4G1
FBgn0037898,Dtd,CG18643,protein_coding,D-aminoacyl-tRNA deacylase
FBgn0082831,pps,CG6525,protein_coding,protein partner of snf
FBgn0032429,CG5446,CG5446,protein_coding,CG5446
FBgn0030292,NdufV3,CG11752,protein_coding,ubiquinone oxidoreductase subunit V3
FBgn0031307,MFS3,CG4726,protein_coding,Major Facilitator Superfamily Transporter 3
FBgn0052544,CG32544,CG32544,protein_coding,CG32544
FBgn0262319,mir-1000,CR43026,ncRNA,mir-1000 stem loop
FBgn0031064,CG12531,CG12531,protein_coding,CG12531
FBgn0266846,CR45308,CR45308,ncRNA,CR45308
FBgn0053830,CG33830,CG33830,protein_coding,CG33830
FBgn0034659,CG4021,CG4021,protein_coding,CG4021
FBgn0264694,mgr,CG6719,protein_coding,merry-go-round
FBgn0266903,CR45363,CR45363,ncRNA,CR45363
FBgn0019932,SamDC,CG5029,protein_coding,S-adenosylmethionine decarboxylase
FBgn0064119,CG33934,CG33934,protein_coding,CG33934
FBgn0034791,EMC8-9,CG3501,protein_coding,ER membrane protein complex subunit 8/9
FBgn0039321,CG10550,CG10550,protein_coding,CG10550
FBgn0030367,Cyp311a1,CG1488,protein_coding,Cytochrome P450 311a1
FBgn0033760,CG8785,CG8785,protein_coding,CG8785
FBgn0051233,CG31233,CG31233,protein_coding,CG31233
FBgn0032065,CG12438,CG12438,protein_coding,CG12438
FBgn0030778,CG4678,CG4678,protein_coding,CG4678
FBgn0265877,CG44666,CG44666,protein_coding,CG44666
FBgn0050196,CG30196,CG30196,protein_coding,CG30196
FBgn0003065,CG2150,CG2150,protein_coding,CG2150
FBgn0029666,CG10803,CG10803,protein_coding,CG10803
FBgn0035094,CG9380,CG9380,protein_coding,CG9380
FBgn0266826,CR45288,CR45288,ncRNA,CR45288
FBgn0265762,CG44569,CG44569,protein_coding,CG44569
FBgn0003277,Polr2A,CG1554,protein_coding,RNA polymerase II subunit A
FBgn0086346,ALiX,CG12876,protein_coding,ALG-2 interacting protein X
FBgn0013279,Hsp70Bc,CG6489,protein_coding,Heat shock protein 70 Bc
FBgn0265383,CR44324,CR44324,ncRNA,CR44324
FBgn0040959,Peritrophin-15a,CG17814,protein_coding,Peritrophin-15a
FBgn0032240,CG17768,CG17768,protein_coding,CG17768
FBgn0032929,Mcm10,CG9241,protein_coding,Minichromosome maintenance 10
FBgn0036018,CG3335,CG3335,protein_coding,CG3335
FBgn0027500,spd-2,CG17286,protein_coding,spindle defective 2
FBgn0004780,Ccp84Ad,CG2341,protein_coding,Ccp84Ad
FBgn0038567,CG14316,CG14316,protein_coding,CG14316
FBgn0267278,CR45714,CR45714,ncRNA,CR45714
FBgn0264890,CR44081,CR44081,ncRNA,CR44081
FBgn0263467,nop5-x16-a,CR43582,snoRNA,CR43582
FBgn0000108,Appl,CG7727,protein_coding,beta amyloid protein precursor-like
FBgn0024245,dnt,CG17559,protein_coding,doughnut on 2
FBgn0015037,Cyp4p1,CG10842,protein_coding,Cytochrome P450 4p1
FBgn0265828,CR44617,CR44617,ncRNA,CR44617
FBgn0038455,CG14907,CG14907,protein_coding,CG14907
FBgn0266685,CR45175,CR45175,ncRNA,CR45175
FBgn0265955,CR44742,CR44742,ncRNA,CR44742
FBgn0034094,Tsf3,CG3666,protein_coding,Transferrin 3
FBgn0052631,CG32631,CG32631,protein_coding,CG32631
FBgn0051023,Leu-TAG-1-2,CR31023,tRNA,Leucine-TAG 1-2
FBgn0003034,SP,CG17673,protein_coding,Sex Peptide
FBgn0287596,CG46465,CG46465,protein_coding,CG46465
FBgn0031270,CG13689,CG13689,protein_coding,CG13689
FBgn0262384,mir-1014,CR42909,ncRNA,mir-1014 stem loop
FBgn0010359,gammaTry,CG30028,protein_coding,gammaTrypsin
FBgn0039593,Sid,CG9989,protein_coding,Stress induced DNase
FBgn0038854,CG7044,CG7044,protein_coding,CG7044
FBgn0051742,Prosbeta5R2,CG31742,protein_coding,Proteasome beta5 subunit-related 2
FBgn0035980,mRRF1,CG4447,protein_coding,mitochondrial ribosome recycling factor 1
FBgn0039623,CG1951,CG1951,protein_coding,CG1951
FBgn0267221,CR45661,CR45661,ncRNA,CR45661
FBgn0283555,mir-9373,CR46289,ncRNA,mir-9373 stem loop
FBgn0036812,Nufip,CG4076,protein_coding,Nufip
FBgn0265752,CR44559,CR44559,ncRNA,CR44559
FBgn0032495,CG16820,CG16820,protein_coding,CG16820
FBgn0035638,Tektin-C,CG10541,protein_coding,Tektin C
FBgn0266652,CR45159,CR45159,ncRNA,CR45159
FBgn0004867,RpS2,CG5920,protein_coding,Ribosomal protein S2
FBgn0053509,CG33509,CG33509,protein_coding,CG33509
FBgn0267959,CR46239,CR46239,ncRNA,CR46239
FBgn0037949,prd1,CG17360,protein_coding,pruning defect 1
FBgn0039347,CG5071,CG5071,protein_coding,CG5071
FBgn0030974,Flacc,CG7358,protein_coding,Fl(2)d-associated complex component
FBgn0016053,pgc,CG32885,protein_coding,polar granule component
FBgn0032805,CG10337,CG10337,protein_coding,CG10337
FBgn0033074,tomboy40,CG8330,protein_coding,tomboy40
FBgn0040534,Sf3b5,CG11985,protein_coding,Splicing factor 3b subunit 5
FBgn0262160,CG9932,CG9932,protein_coding,CG9932
FBgn0037140,SLC22A,CG7442,protein_coding,SLC22A family member
FBgn0053877,CG33877,CG33877,protein_coding,CG33877
FBgn0260481,CG32454,CG32454,protein_coding,CG32454
FBgn0022238,lolal,CG5738,protein_coding,lola like
FBgn0053798,CG33798,CG33798,protein_coding,CG33798
FBgn0052185,edin,CG32185,protein_coding,elevated during infection
FBgn0031546,CG8851,CG8851,protein_coding,CG8851
FBgn0037064,CG9389,CG9389,protein_coding,CG9389
FBgn0263546,mir-4985,CR43531,ncRNA,mir-4985 stem loop
FBgn0035137,CG1233,CG1233,protein_coding,CG1233
FBgn0263020,CG43315,CG43315,protein_coding,CG43315
FBgn0036036,CG14174,CG14174,protein_coding,CG14174
FBgn0028544,Vajk3,CG16884,protein_coding,CG16884
FBgn0023097,bon,CG5206,protein_coding,bonus
FBgn0039710,dgt1,CG18041,protein_coding,dim gamma-tubulin 1
FBgn0266899,CR45359,CR45359,ncRNA,CR45359
FBgn0027538,beta4GalNAcTA,CG8536,protein_coding,"beta1,4-N-acetylgalactosaminyltransferase A"
FBgn0031711,Elp4,CG6907,protein_coding,Elongator complex protein 4
FBgn0036926,CG7646,CG7646,protein_coding,CG7646
FBgn0040793,COX7B,CG7630,protein_coding,Cytochrome c oxidase subunit 7B
FBgn0034266,CG4975,CG4975,protein_coding,CG4975
FBgn0264704,CR43973,CR43973,ncRNA,CR43973
FBgn0053733,430g,CR33733,ncRNA,small non-coding RNA 430g
FBgn0265606,Prosalpha4T1,CG17268,protein_coding,"Proteasome alpha4 subunit, Testis-specific 1"
FBgn0050045,Cpr49Aa,CG30045,protein_coding,Cuticular protein 49Aa
FBgn0011986,Ser-AGA-2-5,CR32419,tRNA,Serine-AGA 2-5
FBgn0050016,CG30016,CG30016,protein_coding,CG30016
FBgn0265820,CR44609,CR44609,ncRNA,CR44609
FBgn0031907,CG5171,CG5171,protein_coding,CG5171
FBgn0011963,Arg-ACG-1-6,CR31584,tRNA,Arginine-ACG 1-6
FBgn0263778,CR43695,CR43695,ncRNA,CR43695
FBgn0032376,Tsp33B,CG14936,protein_coding,Tetraspanin 33B
FBgn0053202,dpr11,CG33202,protein_coding,defective proboscis extension response 11
FBgn0015828,TfIIEalpha,CG10415,protein_coding,Transcription factor IIEalpha
FBgn0026392,Or33a,CG16960,protein_coding,Odorant receptor 33a
FBgn0043799,CG31381,CG31381,protein_coding,CG31381
FBgn0262410,mir-6-2,CR42954,ncRNA,mir-6-2 stem loop
FBgn0032690,CG10333,CG10333,protein_coding,CG10333
FBgn0004426,LysC,CR9111,pseudogene,Lysozyme C
FBgn0263086,CG43354,CG43354,protein_coding,CG43354
FBgn0052801,CG32801,CG32801,protein_coding,CG32801
FBgn0267135,CR45575,CR45575,ncRNA,CR45575
FBgn0053429,CR33429,CR33429,rRNA,CR33429
FBgn0265926,CR44715,CR44715,ncRNA,CR44715
FBgn0023180,Orc6,CG1584,protein_coding,Origin recognition complex subunit 6
FBgn0030093,Bap111,CG7055,protein_coding,Brahma associated protein 111kD
FBgn0027864,Ogg1,CG1795,protein_coding,8-oxoguanine DNA glycosylase
FBgn0031777,CG9154,CG9154,protein_coding,CG9154
FBgn0052006,CG32006,CG32006,protein_coding,CG32006
FBgn0263747,CG43672,CG43672,protein_coding,CG43672
FBgn0264441,CR43859,CR43859,ncRNA,CR43859
FBgn0265646,CR44453,CR44453,ncRNA,CR44453
FBgn0265178,Lipt1,CG44243,protein_coding,Lipoyltransferase 1
FBgn0082986,Psi28S-2562,CR34616,snoRNA,Psi28S-2562
FBgn0263080,CG43348,CG43348,protein_coding,CG43348
FBgn0052521,Mnr,CG32521,protein_coding,Membrane-bound Notch regulator
FBgn0037329,POLDIP2,CG12162,protein_coding,"Polymerase (DNA-directed), delta interacting protein 2"
FBgn0035197,CG9130,CG9130,protein_coding,CG9130
FBgn0261453,MeU2-C41,CR43570,snoRNA, MeU2-C41
FBgn0285954,caz,CG3606,protein_coding,cabeza
FBgn0030634,CG9164,CG9164,protein_coding,CG9164
FBgn0002569,Mal-A2,CG8694,protein_coding,Maltase A2
FBgn0267525,CR45865,CR45865,ncRNA,CR45865
FBgn0029765,CG16756,CG16756,protein_coding,CG16756
FBgn0038611,CG14309,CG14309,protein_coding,CG14309
FBgn0033365,CG8170,CG8170,protein_coding,CG8170
FBgn0028407,Drep3,CG8364,protein_coding,DNA fragmentation factor-related protein 3
FBgn0040958,Peritrophin-15b,CG31893,protein_coding,Peritrophin-15b
FBgn0051361,dpr17,CG31361,protein_coding,defective proboscis extension response 17
FBgn0262378,mir-317,CR42900,ncRNA,mir-317 stem loop
FBgn0031224,CG11454,CG11454,protein_coding,CG11454
FBgn0263490,mld,CG34100,protein_coding,molting defective
FBgn0036038,defl,CG18176,protein_coding,deflated
FBgn0053407,CR33407,CR33407,rRNA,CR33407
FBgn0035040,CG4741,CG4741,protein_coding,CG4741
FBgn0027601,pdgy,CG9009,protein_coding,pudgy
FBgn0028410,Pk34A,CG5182,protein_coding,Protein kinase at 34A
FBgn0266703,CR45193,CR45193,ncRNA,CR45193
FBgn0051681,CG31681,CG31681,protein_coding,CG31681
FBgn0051111,CG31111,CG31111,protein_coding,CG31111
FBgn0262139,trh,CG42865,protein_coding,trachealess
FBgn0061362,Polr3K,CG33785,protein_coding,RNA polymerase III subunit K
FBgn0086049,Me28S-U3344a,CR34678,snoRNA,CR34678
FBgn0266401,CR45041,CR45041,ncRNA,CR45041
FBgn0032104,aust,CG17009,protein_coding,australin
FBgn0038734,Acsx4,CG11453,protein_coding,Acyl-CoA synthetase X4
FBgn0034460,CG18367,CG18367,protein_coding,CG18367
FBgn0010877,l(3)05822,CG7129,protein_coding,lethal (3) 05822
FBgn0283547,mir-9376,CR46281,ncRNA,mir-9376 stem loop
FBgn0267444,CR45794,CR45794,ncRNA,CR45794
FBgn0037128,CG14572,CG14572,protein_coding,CG14572
FBgn0086674,Tpst,CG32632,protein_coding,Tyrosylprotein sulfotransferase
FBgn0032442,Nepl7,CG15485,protein_coding,Neprilysin-like 7
FBgn0034744,Vps20,CG4071,protein_coding,Vacuolar protein sorting 20
FBgn0260747,Chchd2,CG5010,protein_coding,Coiled-coil-helix-coiled-coil-helix domain containing 2
FBgn0288834,RPA2,CG9273,protein_coding,Replication protein A2
FBgn0002939,ninaD,CG31783,protein_coding,neither inactivation nor afterpotential D
FBgn0053392,CR33392,CR33392,rRNA,CR33392
FBgn0041191,Rheb,CG1081,protein_coding,Ras homolog enriched in brain
FBgn0263999,CG43742,CG43742,protein_coding,CG43742
FBgn0030304,Cyp4g15,CG11715,protein_coding,Cytochrome P450 4g15
FBgn0033697,Cyp6t3,CG8457,protein_coding,Cytochrome P450 6t3
FBgn0053267,CG33267,CG33267,protein_coding,CG33267
FBgn0031751,CG9016,CG9016,protein_coding,CG9016
FBgn0265686,CR44493,CR44493,ncRNA,CR44493
FBgn0041629,Hexo2,CG1787,protein_coding,Hexosaminidase 2
FBgn0267751,CR46082,CR46082,ncRNA,CR46082
FBgn0031390,tho2,CG31671,protein_coding,tho2
FBgn0030617,CG9095,CG9095,protein_coding,CG9095
FBgn0265672,CR44479,CR44479,ncRNA,CR44479
FBgn0263740,eIF2gamma,CG43665,protein_coding,eukaryotic translation initiation factor 2 subunit gamma
FBgn0267616,CR45954,CR45954,ncRNA,CR45954
FBgn0263271,CG43397,CG43397,protein_coding,CG43397
FBgn0038540,CG14321,CG14321,protein_coding,CG14321
FBgn0263503,CR43492,CR43492,ncRNA,CR43492
FBgn0263619,ASTR,CR43628,ncRNA,Antisense transcript of Rga
FBgn0036181,Muc68Ca,CG18331,protein_coding,Mucin 68Ca
FBgn0052062,Rbfox1,CG32062,protein_coding,RNA-binding Fox protein 1
FBgn0030018,slpr,CG2272,protein_coding,slipper
FBgn0085415,CG34386,CG34386,protein_coding,CG34386
FBgn0016920,nompC,CG11020,protein_coding,no mechanoreceptor potential C
FBgn0036010,Ir67a,CG12525,protein_coding,Ionotropic receptor 67a
FBgn0033998,row,CG8092,protein_coding,relative of woc
FBgn0003295,ru,CG1214,protein_coding,roughoid
FBgn0263705,Myo10A,CG43657,protein_coding,Myosin 10A
FBgn0286917,CR46417,CR46417,pseudogene,CR46417
FBgn0266818,CR45280,CR45280,ncRNA,CR45280
FBgn0042112,mRpL36,CG18767,protein_coding,mitochondrial ribosomal protein L36
FBgn0261933,SmD1,CG10753,protein_coding,Small ribonucleoprotein particle protein SmD1
FBgn0038702,CG3739,CG3739,protein_coding,CG3739
FBgn0266855,CR45316,CR45316,ncRNA,CR45316
FBgn0263452,CR43475,CR43475,ncRNA,CR43475
FBgn0039887,Pos,CG2053,protein_coding,Poseidon
FBgn0286784,TER94,CG2331,protein_coding,Transitional endoplasmic reticulum 94
FBgn0025820,JTBR,CG1935,protein_coding,JTBR
FBgn0034471,Obp56e,CG8462,protein_coding,Odorant-binding protein 56e
FBgn0288875,Cul5,CG1401,protein_coding,Cullin 5
FBgn0032858,CG10949,CG10949,protein_coding,CG10949
FBgn0029955,CG15478,CG15478,protein_coding,CG15478
FBgn0050076,CG30076,CG30076,protein_coding,CG30076
FBgn0261845,pre-mod(mdg4)-U,CG42777,protein_coding,CG42777
FBgn0004066,Prosalpha4,CG3422,protein_coding,Proteasome alpha4 subunit
FBgn0263454,CR43477,CR43477,ncRNA,CR43477
FBgn0002579,RpL36,CG7622,protein_coding,Ribosomal protein L36
FBgn0029608,CG3091,CG3091,protein_coding,CG3091
FBgn0033799,GLaz,CG4604,protein_coding,Glial Lazarillo
FBgn0020762,Atet,CG2969,protein_coding,ABC transporter expressed in trachea
FBgn0031457,Snx21,CG3077,protein_coding,Sorting nexin 21
FBgn0083938,BG642163,CG34102,protein_coding,BG642163
FBgn0086672,Or-aca5,CR33637,snoRNA,Or-aca5
FBgn0032703,CG10343,CG10343,protein_coding,CG10343
FBgn0039131,CG12268,CG12268,protein_coding,CG12268
FBgn0035410,MnM,CG14964,protein_coding,myomesin and myosin binding protein
FBgn0019660,roX2,CR32665,ncRNA,long non-coding RNA on the X 2
FBgn0265680,CR44487,CR44487,ncRNA,CR44487
FBgn0051140,CG31140,CG31140,protein_coding,CG31140
FBgn0267815,CR46140,CR46140,ncRNA,CR46140
FBgn0038894,Jhbp16,CG15497,protein_coding,Juvenile hormone binding protein 16
FBgn0085450,Snoo,CG34421,protein_coding,Sno oncogene
FBgn0032125,Cpr30B,CG3818,protein_coding,Cuticular protein 30B
FBgn0031435,Elba2,CG9883,protein_coding,Early boundary activity 2
FBgn0284226,CG46310,CG46310,protein_coding,CG46310
FBgn0262407,mir-308,CR42951,ncRNA,mir-308 stem loop
FBgn0005683,pie,CG5354,protein_coding,pineapple eye
FBgn0039691,IntS11,CG1972,protein_coding,Integrator 11
FBgn0045761,CHKov1,CG10618,protein_coding,CHK domain ov1
FBgn0004861,ph-p,CG18412,protein_coding,polyhomeotic proximal
FBgn0034756,Cyp6d2,CG4373,protein_coding,Cytochrome P450 6d2
FBgn0053337,CG33337,CG33337,protein_coding,CG33337
FBgn0284243,betaTub56D,CG9277,protein_coding,beta-Tubulin at 56D
FBgn0012042,AttA,CG10146,protein_coding,Attacin-A
FBgn0030687,Polr3A,CG17209,protein_coding,RNA polymerase III subunit A
FBgn0001128,Gpdh1,CG9042,protein_coding,Glycerol-3-phosphate dehydrogenase 1
FBgn0014009,Rab2,CG3269,protein_coding,Rab2
FBgn0038056,CG5961,CG5961,protein_coding,CG5961
FBgn0261872,scaf6,CG33522,protein_coding,SR-related CTD associated factor 6
FBgn0034372,Gint3,CG5469,protein_coding,GDI interacting protein 3
FBgn0036349,SNCF,CG14112,protein_coding,SoxNeuro Co-Factor
FBgn0038135,CG8773,CG8773,protein_coding,CG8773
FBgn0052421,Val-TAC-1-2,CR32421,tRNA,Valine-TAC 1-2
FBgn0052320,CG32320,CG32320,protein_coding,CG32320
FBgn0040260,Ugt37D1,CG17932,protein_coding,UDP-glycosyltransferase family 37 member D1
FBgn0262434,mir-11,CR42992,ncRNA,mir-11 stem loop
FBgn0050429,CG30429,CG30429,protein_coding,CG30429
FBgn0039648,CG14515,CG14515,protein_coding,CG14515
FBgn0033422,Or45b,CG12931,protein_coding,Odorant receptor 45b
FBgn0037421,CG15594,CG15594,protein_coding,CG15594
FBgn0015546,spel1,CG4215,protein_coding,spellchecker1
FBgn0040892,CG14634,CG14634,protein_coding,CG14634
FBgn0085283,CR34254,CR34254,pseudogene,CR34254
FBgn0022702,Cht2,CG2054,protein_coding,Chitinase 2
FBgn0036566,ClC-c,CG5284,protein_coding,Chloride channel-c
FBgn0030501,BthD,CG11177,protein_coding,BthD selenoprotein
FBgn0264904,CR44095,CR44095,ncRNA,CR44095
FBgn0052221,CG32221,CG32221,protein_coding,CG32221
FBgn0284255,Arpc4,CG5972,protein_coding,"Actin-related protein 2/3 complex, subunit 4"
FBgn0265099,CR44204,CR44204,ncRNA,CR44204
FBgn0266221,CR44916,CR44916,ncRNA,CR44916
FBgn0259846,CR42415,CR42415,ncRNA,CR42415
FBgn0062565,Or19b,CG32825,protein_coding,Odorant receptor 19b
FBgn0031603,CG15432,CG15432,protein_coding,CG15432
FBgn0050075,CG30075,CG30075,protein_coding,CG30075
FBgn0267176,CR45616,CR45616,ncRNA,CR45616
FBgn0267267,CR45703,CR45703,ncRNA,CR45703
FBgn0037512,CG2616,CG2616,protein_coding,CG2616
FBgn0032493,Mabi,CG15479,protein_coding,Mabiki
FBgn0032935,Atg18b,CG8678,protein_coding,Autophagy-related 18b
FBgn0004595,pros,CG17228,protein_coding,prospero
FBgn0038180,Cht5,CG9307,protein_coding,Chitinase 5
FBgn0039469,TwdlC,CG14254,protein_coding,TweedleC
FBgn0031467,Cpr23B,CG2973,protein_coding,Cuticular protein 23B
FBgn0066101,LpR1,CG31094,protein_coding,Lipophorin receptor 1
FBgn0264617,CR43957,CR43957,ncRNA,CR43957
FBgn0014141,cher,CG3937,protein_coding,cheerio
FBgn0036030,Prps,CG6767,protein_coding,Phosphoribosyl pyrophosphate synthetase
FBgn0052278,CG32278,CG32278,protein_coding,CG32278
FBgn0266456,CG45081,CG45081,protein_coding,CG45081
FBgn0037657,hyx,CG11990,protein_coding,hyrax
FBgn0039218,Polr2L,CG13628,protein_coding,"RNA polymerase II, I and III subunit L"
FBgn0035264,Oseg4,CG2069,protein_coding,Outer segment 4
FBgn0267190,CR45630,CR45630,ncRNA,CR45630
FBgn0040801,CG13053,CG13053,protein_coding,CG13053
FBgn0026263,bip1,CG7574,protein_coding,bip1
FBgn0035592,CG10674,CG10674,protein_coding,CG10674
FBgn0033480,mRpL42,CG12921,protein_coding,mitochondrial ribosomal protein L42
FBgn0036763,TrpRS-m,CG7441,protein_coding,"Tryptophanyl-tRNA synthetase, mitochondrial"
FBgn0037698,CG16779,CG16779,protein_coding,CG16779
FBgn0082958,Psi28S-3405c,CR34621,snoRNA,Psi28S-3405c
FBgn0036932,Lamtor1,CG14184,protein_coding,"Late endosomal/lysosomal adaptor, MAPK and MTOR activator 1"
FBgn0053552,CG33552,CG33552,protein_coding,CG33552
FBgn0037708,CG9386,CG9386,protein_coding,CG9386
FBgn0033731,Cpr49Ah,CG8515,protein_coding,Cuticular protein 49Ah
FBgn0034128,CG4409,CG4409,protein_coding,CG4409
FBgn0261361,CG42638,CG42638,protein_coding,CG42638
FBgn0028836,CSN7,CG2038,protein_coding,COP9 signalosome subunit 7
FBgn0036706,ND-24L,CG6485,protein_coding,NADH dehydrogenase (ubiquinone) 24 kDa subunit-like
FBgn0033600,Cpr47Ec,CG9077,protein_coding,Cuticular protein 47Ec
FBgn0031816,Rchy1,CG16947,protein_coding,Ring finger and CHY zinc finger domain containing 1
FBgn0035751,CG14829,CG14829,protein_coding,CG14829
FBgn0030207,CG2887,CG2887,protein_coding,CG2887
FBgn0085398,ppk9,CG34369,protein_coding,pickpocket 9
FBgn0030375,CG11356,CG11356,protein_coding,CG11356
FBgn0053263,CG33263,CG33263,protein_coding,CG33263
FBgn0050293,Cht12,CG30293,protein_coding,Chitinase 12
FBgn0265074,CR44185,CR44185,ncRNA,CR44185
FBgn0024887,kin17,CG5649,protein_coding,kin17
FBgn0267419,CR45772,CR45772,pseudogene,CR45772
FBgn0040553,CG14374,CG14374,protein_coding,CG14374
FBgn0031673,CG31650,CG31650,protein_coding,CG31650
FBgn0033324,CG14744,CG14744,protein_coding,CG14744
FBgn0051528,CG31528,CG31528,protein_coding,CG31528
FBgn0052832,CG32832,CG32832,protein_coding,CG32832
FBgn0053301,CG33301,CG33301,protein_coding,CG33301
FBgn0085230,CG34201,CG34201,protein_coding,CG34201
FBgn0264267,CR43767,CR43767,ncRNA,CR43767
FBgn0035245,GC,CG13927,protein_coding,gamma-glutamyl carboxylase
FBgn0035273,CG12020,CG12020,protein_coding,CG12020
FBgn0003545,sub,CG12298,protein_coding,subito
FBgn0038190,CG9926,CG9926,protein_coding,CG9926
FBgn0037516,CG11286,CG11286,protein_coding,CG11286
FBgn0034415,Gpxl,CG15116,protein_coding,Glutathione peroxidase-like
FBgn0261638,CR42721,CR42721,ncRNA,CR42721
FBgn0032225,Frmd5,CG5022,protein_coding,FERM domain containing
FBgn0000640,Fbp2,CG3763,protein_coding,Fat body protein 2
FBgn0052625,CG32625,CG32625,protein_coding,CG32625
FBgn0036274,CG4328,CG4328,protein_coding,CG4328
FBgn0027843,CAH2,CG6906,protein_coding,Carbonic anhydrase 2
FBgn0259984,kuz,CG7147,protein_coding,kuzbanian
FBgn0035064,TyrRS-m,CG16912,protein_coding,"Tyrosyl-tRNA synthetase, mitochondrial"
FBgn0053470,BaraA1,CG33470,protein_coding,Baramicin A1
FBgn0023513,CG14803,CG14803,protein_coding,CG14803
FBgn0036240,CG6928,CG6928,protein_coding,CG6928
FBgn0266795,CR45257,CR45257,ncRNA,CR45257
FBgn0033005,CG3107,CG3107,protein_coding,CG3107
FBgn0050251,His-GTG-1-3,CR30251,tRNA,Histidine-GTG 1-3
FBgn0038548,CG17806,CG17806,protein_coding,CG17806
FBgn0267894,CR46182,CR46182,pseudogene,CR46182
FBgn0038146,CG9799,CG9799,protein_coding,CG9799
FBgn0030174,CG15312,CG15312,protein_coding,CG15312
FBgn0029715,CG11444,CG11444,protein_coding,CG11444
FBgn0035868,CG7194,CG7194,protein_coding,CG7194
FBgn0034402,CG15084,CG15084,protein_coding,CG15084
FBgn0288742,CG46517,CG46517,protein_coding,CG46517
FBgn0286738,25F-C137,CR46380,ncRNA,25F-C137
FBgn0023549,Mct1,CG3456,protein_coding,Monocarboxylate transporter 1
FBgn0035737,Cpr65Ec,CG8634,protein_coding,Cuticular protein 65Ec
FBgn0052772,CG32772,CG32772,protein_coding,CG32772
FBgn0262332,mir-968,CR43039,ncRNA,mir-968 stem loop
FBgn0039538,CG12883,CG12883,protein_coding,CG12883
FBgn0032111,CG13110,CG13110,protein_coding,CG13110
FBgn0039494,grass,CG5896,protein_coding,Gram-positive Specific Serine protease
FBgn0260722,CR42549,CR42549,ncRNA,CR42549
FBgn0039732,CG15525,CG15525,protein_coding,CG15525
FBgn0028913,CG3473,CG3473,protein_coding,CG3473
FBgn0037280,BBS5,CG1126,protein_coding,Bardet-Biedl syndrome 5
FBgn0035676,ssp6,CG6619,protein_coding,short spindle 6
FBgn0038586,CG7168,CG7168,protein_coding,CG7168
FBgn0267923,CR46204,CR46204,ncRNA,CR46204
FBgn0014269,prod,CG18608,protein_coding,proliferation disrupter
FBgn0031971,Sirup,CG7224,protein_coding,Starvation-upregulated protein
FBgn0035154,hiro,CG3344,protein_coding,highroad
FBgn0082974,Psi28S-3305c,CR34624,snoRNA,Psi28S-3305c
FBgn0001970,Pgant35A,CG7480,protein_coding,Polypeptide N-acetylgalactosaminyltransferase 35A
FBgn0267070,CR45514,CR45514,ncRNA,CR45514
FBgn0265444,CR44344,CR44344,ncRNA,CR44344
FBgn0267150,CR45590,CR45590,ncRNA,CR45590
FBgn0024944,Oamb,CG3856,protein_coding,Octopamine receptor in mushroom bodies
FBgn0030329,prtp,CG1837,protein_coding,pretaporter
FBgn0031985,mon2,CG8683,protein_coding,monensin sensitivity 2
FBgn0031183,CG14621,CG14621,protein_coding,CG14621
FBgn0051821,CG31821,CG31821,protein_coding,CG31821
FBgn0039563,CG4951,CG4951,protein_coding,CG4951
FBgn0039519,Cyp6a18,CG13977,protein_coding,Cytochrome P450 6a18
FBgn0033701,CG13171,CG13171,protein_coding,CG13171
FBgn0002780,mod,CG2050,protein_coding,modulo
FBgn0267806,CR46131,CR46131,ncRNA,CR46131
FBgn0027596,Kank,CG10249,protein_coding,Kank
FBgn0053665,CG33665,CG33665,protein_coding,CG33665
FBgn0052100,CG32100,CG32100,protein_coding,CG32100
FBgn0051224,CG31224,CG31224,protein_coding,CG31224
FBgn0083989,Me28S-C3420b,CR34153,snoRNA,Me28S-C3420b
FBgn0039810,CG15549,CG15549,protein_coding,CG15549
FBgn0033033,scaf,CG11066,protein_coding,scarface
FBgn0047092,CR32730,CR32730,ncRNA,CR32730
FBgn0015614,CanB2,CG11217,protein_coding,Calcineurin B2
FBgn0267932,CR46212,CR46212,ncRNA,CR46212
FBgn0040743,CG15919,CG15919,protein_coding,CG15919
FBgn0033413,prel,CG8806,protein_coding,preli-like
FBgn0037731,CG18542,CG18542,protein_coding,CG18542
FBgn0026573,ADD1,CG8290,protein_coding,ADD domain-containing protein 1
FBgn0004107,Cdk2,CG10498,protein_coding,Cyclin-dependent kinase 2
FBgn0026873,MED18,CG14802,protein_coding,Mediator complex subunit 18
FBgn0029891,Pink1,CG4523,protein_coding,PTEN-induced putative kinase 1
FBgn0263761,CG43678,CG43678,protein_coding,CG43678
FBgn0035024,CG11414,CG11414,protein_coding,CG11414
FBgn0014879,Set,CG4299,protein_coding,Set
FBgn0266815,CR45277,CR45277,ncRNA,CR45277
FBgn0036341,Syx13,CG11278,protein_coding,Syntaxin 13
FBgn0050222,CG30222,CG30222,protein_coding,CG30222
FBgn0278598,CR46268,CR46268,ncRNA,CR46268
FBgn0038592,CG18599,CG18599,protein_coding,CG18599
FBgn0051997,CG31997,CG31997,protein_coding,CG31997
FBgn0286874,CG46396,CG46396,protein_coding,CG46396
FBgn0027087,HisRS,CG6335,protein_coding,Histidyl-tRNA synthetase
FBgn0261108,Atg13,CG7331,protein_coding,Autophagy-related 13
FBgn0036309,Hip1,CG10971,protein_coding,Huntingtin interacting protein 1
FBgn0262976,lawc,CG32711,protein_coding,leg arista wing complex
FBgn0031146,CG15449,CG15449,protein_coding,CG15449
FBgn0030669,CG9240,CG9240,protein_coding,CG9240
FBgn0017556,Prosalpha4T2,CG4569,protein_coding,"Proteasome alpha4 subunit, Testis-specific 2"
FBgn0000504,dsx,CG11094,protein_coding,doublesex
FBgn0039831,CG12054,CG12054,protein_coding,CG12054
FBgn0267527,CR45867,CR45867,ncRNA,CR45867
FBgn0004463,Polr3B,CG8344,protein_coding,RNA polymerase III subunit B
FBgn0013563,Pex1,CG6760,protein_coding,Peroxin 1
FBgn0001202,hook,CG10653,protein_coding,hook
FBgn0025373,Fpps,CG12389,protein_coding,Farnesyl pyrophosphate synthase
FBgn0000079,Amy-p,CG18730,protein_coding,Amylase proximal
FBgn0265800,CR44589,CR44589,ncRNA,CR44589
FBgn0050096,CG30096,CG30096,protein_coding,CG30096
FBgn0038721,subdued,CG16718,protein_coding,subdued
FBgn0265730,CR44537,CR44537,ncRNA,CR44537
FBgn0038953,CG18596,CG18596,protein_coding,CG18596
FBgn0086532,Spt-I,CG4016,protein_coding,Serine palmitoyltransferase subunit I
FBgn0031171,CG1801,CG1801,protein_coding,CG1801
FBgn0041712,yellow-d,CG9889,protein_coding,yellow-d
FBgn0038055,trus,CG5333,protein_coding,toys are us
FBgn0038110,CG8031,CG8031,protein_coding,CG8031
FBgn0264350,CR43806,CR43806,ncRNA,CR43806
FBgn0051130,Leu-TAA-4-1,CR31130,tRNA,Leucine-TAA 4-1
FBgn0038170,CG14367,CG14367,protein_coding,CG14367
FBgn0037757,CG8516,CG8516,protein_coding,CG8516
FBgn0267287,CR45723,CR45723,ncRNA,CR45723
FBgn0035323,CG13807,CG13807,protein_coding,CG13807
FBgn0052088,sunn,CG32088,protein_coding,sisters unbound
FBgn0266588,CR45113,CR45113,ncRNA,CR45113
FBgn0000667,Actn,CG4376,protein_coding,alpha actinin
FBgn0031033,CG14219,CG14219,protein_coding,CG14219
FBgn0051165,Ser-GCT-2-3,CR31165,tRNA,Serine-GCT 2-3
FBgn0033738,DUBAI,CG8830,protein_coding,Deubiquitinating apoptotic inhibitor
FBgn0038242,CG14852,CG14852,protein_coding,CG14852
FBgn0040780,Atg10,CG12821,protein_coding,Autophagy-related 10
FBgn0030055,Rubicon,CG12772,protein_coding,Rubicon
FBgn0262541,CG43095,CG43095,protein_coding,CG43095
FBgn0037900,CG5276,CG5276,protein_coding,CG5276
FBgn0040717,Nplp4,CG15361,protein_coding,Neuropeptide-like precursor 4
FBgn0030030,CG1636,CG1636,protein_coding,CG1636
FBgn0041250,Gr21a,CG13948,protein_coding,Gustatory receptor 21a
FBgn0036959,CG6951,CG6951,protein_coding,CG6951
FBgn0037880,CG17726,CG17726,protein_coding,CG17726
FBgn0001180,hb,CG9786,protein_coding,hunchback
FBgn0031458,aph-1,CG2855,protein_coding,anterior pharynx defective 1
FBgn0039355,CG4730,CG4730,protein_coding,CG4730
FBgn0260655,l(3)76BDm,CG8793,protein_coding,lethal (3) 76BDm
FBgn0010531,Ccs,CG17753,protein_coding,Copper chaperone for superoxide dismutase
FBgn0029878,Pat1,CG10695,protein_coding,Protein interacting with APP tail-1
FBgn0033190,Gpo2,CG2137,protein_coding,Glycerophosphate oxidase 2
FBgn0030774,sphe,CG9675,protein_coding,spheroide
FBgn0025676,CkIIalpha-i3,CG3217,protein_coding,CKII-alpha subunit interactor-3
FBgn0038269,Rrp6,CG7292,protein_coding,Rrp6
FBgn0033978,Cyp6a23,CG10242,protein_coding,Cytochrome P450 6a23
FBgn0026058,OdsH,CG6352,protein_coding,Ods-site homeobox
FBgn0039755,CG15531,CG15531,protein_coding,CG15531
FBgn0033934,CG17385,CG17385,protein_coding,CG17385
FBgn0037857,Tengl4,CG4683,protein_coding,Testis EndoG-Like 4
FBgn0034736,gas,CG6018,protein_coding,gasoline
FBgn0283681,Tcs3,CG4933,protein_coding,Threonyl-carbamoyl synthesis 3
FBgn0035429,CG12017,CG12017,protein_coding,CG12017
FBgn0261534,l(2)34Fc,CG7532,protein_coding,lethal (2) 34Fc
FBgn0032449,CG17036,CG17036,protein_coding,CG17036
FBgn0029709,CHOp24,CG3564,protein_coding,CHOp24
FBgn0013753,Bgb,CG7959,protein_coding,Big brother
FBgn0053156,Nadk1b,CG33156,protein_coding,NAD kinase 1b
FBgn0033379,Mys45A,CG8070,protein_coding,Mystery 45A
FBgn0262414,mir-4,CR42961,ncRNA,mir-4 stem loop
FBgn0030361,CG1492,CG1492,protein_coding,CG1492
FBgn0036056,CG6709,CG6709,protein_coding,CG6709
FBgn0037110,ORMDL,CG14577,protein_coding,Orosomucoid 1-like
FBgn0029894,CG14440,CG14440,protein_coding,CG14440
FBgn0036848,Naxd,CG10424,protein_coding,NAD(P)HX dehydratase
FBgn0041105,nerfin-2,CG12809,protein_coding,nervous fingers 2
FBgn0267898,CR46186,CR46186,pseudogene,CR46186
FBgn0028406,Drep4,CG9414,protein_coding,DNA fragmentation factor-related protein 4
FBgn0032783,CG10237,CG10237,protein_coding,CG10237
FBgn0051677,CG31677,CG31677,protein_coding,CG31677
FBgn0264087,Slob,CG43756,protein_coding,Slowpoke binding protein
FBgn0284256,bsf,CG10302,protein_coding,bicoid stability factor
FBgn0039472,CG17192,CG17192,protein_coding,CG17192
FBgn0266821,CR45283,CR45283,ncRNA,CR45283
FBgn0085455,CG34426,CG34426,protein_coding,CG34426
FBgn0051858,t-cup,CG31858,protein_coding,tetleys-cup
FBgn0263763,CG43680,CG43680,protein_coding,CG43680
FBgn0039507,mrt,CG3361,protein_coding,martik
FBgn0034214,CG6550,CG6550,protein_coding,CG6550
FBgn0024150,Ac78C,CG10564,protein_coding,Adenylyl cyclase 78C
FBgn0023129,aay,CG3705,protein_coding,astray
FBgn0013700,Met-CAT,CR34062,tRNA,Methionine-CAT
FBgn0034833,CG13539,CG13539,protein_coding,CG13539
FBgn0261649,tinc,CG31247,protein_coding,tincar
FBgn0038476,kuk,CG5175,protein_coding,kugelkern
FBgn0034700,CG11269,CG11269,protein_coding,CG11269
FBgn0039787,CG9702,CG9702,protein_coding,CG9702
FBgn0053418,CR33418,CR33418,rRNA,CR33418
FBgn0037395,CG10280,CG10280,protein_coding,CG10280
FBgn0027514,CG1024,CG1024,protein_coding,CG1024
FBgn0287696,mus302,CG13025,protein_coding,mutagen-sensitive 302
FBgn0035870,Gr66a,CG7189,protein_coding,Gustatory receptor 66a
FBgn0000063,Mps1,CG7643,protein_coding,Monopolar spindle 1
FBgn0028422,GluRIID,CG18039,protein_coding,Glutamate receptor IID
FBgn0036411,Sox21a,CG7345,protein_coding,Sox21a
FBgn0029131,Debcl,CG33134,protein_coding,Death executioner Bcl-2
FBgn0034323,CG18537,CG18537,protein_coding,CG18537
FBgn0288631,Yif1,CG5484,protein_coding,Yip1-interacting factor 1
FBgn0267759,CR46090,CR46090,ncRNA,CR46090
FBgn0038654,CG14298,CG14298,protein_coding,CG14298
FBgn0050344,CG30344,CG30344,protein_coding,CG30344
FBgn0264431,CR43849,CR43849,ncRNA,CR43849
FBgn0038129,TBC1D5,CG8449,protein_coding,TBC1 domain family member 5
FBgn0038852,HHEX,CG7056,protein_coding,Hematopoietically expressed homeobox
FBgn0053896,CG33896,CG33896,protein_coding,CG33896
FBgn0015268,Nap1,CG5330,protein_coding,Nucleosome assembly protein 1
FBgn0011763,Dp,CG4654,protein_coding,DP transcription factor
FBgn0052344,CG32344,CG32344,protein_coding,CG32344
FBgn0039165,CG6204,CG6204,protein_coding,CG6204
FBgn0264268,CR43768,CR43768,ncRNA,CR43768
FBgn0003638,su(w[a]),CG3019,protein_coding,suppressor of white-apricot
FBgn0041581,AttB,CG18372,protein_coding,Attacin-B
FBgn0260446,GABA-B-R1,CG15274,protein_coding,metabotropic GABA-B receptor subtype 1
FBgn0032109,CG17005,CG17005,protein_coding,CG17005
FBgn0267113,CR45553,CR45553,ncRNA,CR45553
FBgn0266572,ebo,CG3923,protein_coding,ellipsoid body open
FBgn0015621,Clp,CG3642,protein_coding,Clipper
FBgn0083962,CG34126,CG34126,protein_coding,CG34126
FBgn0014076,Vm32E,CG16874,protein_coding,Vitelline membrane 32E
FBgn0030494,Cpr12A,CG15757,protein_coding,Cuticular protein 12A
FBgn0023537,CG17896,CG17896,protein_coding,CG17896
FBgn0030503,Tango2,CG11176,protein_coding,Transport and Golgi organization 2
FBgn0265668,CG44475,CG44475,protein_coding,CG44475
FBgn0051327,CG31327,CG31327,protein_coding,CG31327
FBgn0262300,mir-988,CR43007,ncRNA,mir-988 stem loop
FBgn0003302,rux,CG4336,protein_coding,roughex
FBgn0035078,Tpc2,CG2857,protein_coding,Thiamine pyrophosphate carrier protein 2
FBgn0051163,SKIP,CG31163,protein_coding,Shal K[+] channel interacting protein
FBgn0035956,Doc2,CG5187,protein_coding,Dorsocross2
FBgn0031861,CG17375,CG17375,protein_coding,CG17375
FBgn0267818,CR46143,CR46143,ncRNA,CR46143
FBgn0033989,CG7639,CG7639,protein_coding,CG7639
FBgn0000412,D1,CG9745,protein_coding,D1 chromosomal protein
FBgn0035858,CG13674,CG13674,protein_coding,CG13674
FBgn0265161,CR44230,CR44230,ncRNA,CR44230
FBgn0036489,CG7011,CG7011,protein_coding,CG7011
FBgn0267664,CR46002,CR46002,ncRNA,CR46002
FBgn0260861,Trs23,CG9298,protein_coding,TRAPP subunit 23
FBgn0050403,CG30403,CG30403,protein_coding,CG30403
FBgn0039758,CG9737,CG9737,protein_coding,CG9737
FBgn0013347,TfIIA-S,CG5163,protein_coding,Transcription-factor-IIA-S
FBgn0032473,kmg,CG5204,protein_coding,kumgang
FBgn0038490,Smug,CG5285,protein_coding,Single-strand-selective monofunctional uracil-DNA glycosylase
FBgn0267975,vib,CG5269,protein_coding,vibrator
FBgn0037668,CG16736,CG16736,protein_coding,CG16736
FBgn0267639,CR45977,CR45977,ncRNA,CR45977
FBgn0024491,Bin1,CG6046,protein_coding,Bicoid interacting protein 1
FBgn0083068,CG33947,CG33947,protein_coding,CG33947
FBgn0030121,Cfp1,CG17446,protein_coding,CXXC finger protein 1
FBgn0267899,CR46187,CR46187,pseudogene,CR46187
FBgn0083950,side-VI,CG34114,protein_coding,sidestep VI
FBgn0052573,CG32573,CG32573,protein_coding,CG32573
FBgn0029727,CG6978,CG6978,protein_coding,CG6978
FBgn0036421,CG13481,CG13481,protein_coding,CG13481
FBgn0011774,Irbp,CG5247,protein_coding,Inverted repeat-binding protein
FBgn0039286,dan,CG11849,protein_coding,distal antenna
FBgn0034224,insb,CG6520,protein_coding,insensible
FBgn0023507,D2hgdh,CG3835,protein_coding,D-2-hydroxyglutaric acid dehydrogenase
FBgn0031106,Syx16,CG1467,protein_coding,Syntaxin 16
FBgn0050110,CG30110,CG30110,protein_coding,CG30110
FBgn0286885,CR46407,CR46407,pseudogene,CR46407
FBgn0267717,CR46050,CR46050,ncRNA,CR46050
FBgn0036859,CG14085,CG14085,protein_coding,CG14085
FBgn0036329,CG11262,CG11262,protein_coding,CG11262
FBgn0033880,CG6553,CG6553,protein_coding,CG6553
FBgn0085395,Shawl,CG34366,protein_coding,Shaw-like
FBgn0027453,Dnz1,CG6627,protein_coding,DNZDHHC/NEW1 zinc finger protein 11
FBgn0000147,aurA,CG3068,protein_coding,aurora A
FBgn0266886,CR45347,CR45347,ncRNA,CR45347
FBgn0050278,CG30278,CG30278,protein_coding,CG30278
FBgn0259676,Prim2,CG5553,protein_coding,DNA primase subunit 2
FBgn0085198,CG34169,CG34169,protein_coding,CG34169
FBgn0287613,CR46482,CR46482,ncRNA,CR46482
FBgn0027544,CG2217,CG2217,protein_coding,CG2217
FBgn0034157,resilin,CG15920,protein_coding,resilin
FBgn0260933,rempA,CG11838,protein_coding,reduced mechanoreceptor potential A
FBgn0034884,Eglp3,CG17662,protein_coding,Entomoglyceroporin 3
FBgn0029858,mldr,CG15896,protein_coding,mulder
FBgn0037870,CG18577,CG18577,protein_coding,CG18577
FBgn0063377,Me28S-A1666a,CR32889,snoRNA,CR32889
FBgn0267870,CR46158,CR46158,pseudogene,CR46158
FBgn0023179,amon,CG6438,protein_coding,amontillado
FBgn0032068,LManV,CG9466,protein_coding,Lysosomal alpha-mannosidase V
FBgn0286035,CR46357,CR46357,ncRNA,stable intronic sequence RNA CR46357
FBgn0033900,CysRS-m,CG8257,protein_coding,"Cysteinyl-tRNA synthetase, mitochondrial"
FBgn0031710,Vps52,CG7371,protein_coding,Vacuolar protein sorting 52
FBgn0015298,Srp19,CG4457,protein_coding,Signal recognition particle 19
FBgn0263970,CR43724,CR43724,ncRNA,CR43724
FBgn0034658,Grx1t,CG7975,protein_coding,"Glutaredoxin 1, testis-specific"
FBgn0053908,CG33908,CG33908,protein_coding,CG33908
FBgn0024285,Srp54,CG4602,protein_coding,Splicing regulatory protein 54
FBgn0039459,IntS12,CG5491,protein_coding,Integrator 12
FBgn0032901,sky,CG9339,protein_coding,skywalker
FBgn0042111,CG18766,CG18766,protein_coding,CG18766
FBgn0030290,CG11756,CG11756,protein_coding,CG11756
FBgn0260440,spdo,CG31020,protein_coding,sanpodo
FBgn0033347,CG8248,CG8248,protein_coding,CG8248
FBgn0266739,CR45212,CR45212,ncRNA,CR45212
FBgn0033703,CG13170,CG13170,protein_coding,CG13170
FBgn0051038,CG31038,CG31038,protein_coding,CG31038
FBgn0265107,CR44209,CR44209,ncRNA,CR44209
FBgn0004171,Mst98Cb,CG18396,protein_coding,Male-specific RNA 98Cb
FBgn0028984,Spn88Ea,CG18525,protein_coding,Serpin 88Ea
FBgn0023083,fray,CG7693,protein_coding,frayed
FBgn0033741,CG8545,CG8545,protein_coding,CG8545
FBgn0263755,Su(var)3-9,CG43664,protein_coding,Suppressor of variegation 3-9
FBgn0085812,CR41601,CR41601,ncRNA,CR41601
FBgn0286517,mir-10404-3,CR46365,ncRNA,mir-10404-3 stem loop
FBgn0011854,Glu-CTC-3-8,CR32323,tRNA,Glutamic acid-CTC 3-8
FBgn0033865,CG6220,CG6220,protein_coding,CG6220
FBgn0054012,CG34012,CG34012,protein_coding,CG34012
FBgn0262194,mir-2489,CR42901,ncRNA,mir-2489 stem loop
FBgn0035007,CG3492,CG3492,protein_coding,CG3492
FBgn0032969,CG2528,CG2528,protein_coding,CG2528
FBgn0033439,CG1773,CG1773,protein_coding,CG1773
FBgn0033955,Targ,CG12866,protein_coding,Tarag
FBgn0265935,coro,CG9446,protein_coding,Coronin
FBgn0259243,Pka-R1,CG42341,protein_coding,"Protein kinase, cAMP-dependent, regulatory subunit type 1"
FBgn0033468,CG1418,CG1418,protein_coding,CG1418
FBgn0031069,Abcd3,CG12703,protein_coding,ATP binding cassette subfamily D member 3
FBgn0266350,CR44999,CR44999,ncRNA,CR44999
FBgn0050018,mthl13,CG30018,protein_coding,methuselah-like 13
FBgn0036518,RhoGAP71E,CG32149,protein_coding,Rho GTPase activating protein at 71E
FBgn0265045,Strn-Mlck,CG44162,protein_coding,Stretchin-Mlck
FBgn0052811,CG32811,CG32811,protein_coding,CG32811
FBgn0011606,Klp3A,CG8590,protein_coding,Kinesin-like protein at 3A
FBgn0264547,CR43926,CR43926,ncRNA,CR43926
FBgn0004360,Wnt2,CG1916,protein_coding,Wnt oncogene analog 2
FBgn0003174,pwn,CG11101,protein_coding,pawn
FBgn0037610,CG8043,CG8043,protein_coding,CG8043
FBgn0262001,CG42819,CG42819,protein_coding,CG42819
FBgn0030087,CG7766,CG7766,protein_coding,CG7766
FBgn0035000,CG13578,CG13578,protein_coding,CG13578
FBgn0288741,CG46516,CG46516,protein_coding,CG46516
FBgn0051044,CR31044,CR31044,ncRNA,CR31044
FBgn0047351,CG31468,CG31468,protein_coding,CG31468
FBgn0265298,SC35,CG5442,protein_coding,SR family splicing factor SC35
FBgn0263624,CR43633,CR43633,ncRNA,CR43633
FBgn0032032,CG17294,CG17294,protein_coding,CG17294
FBgn0031575,Cep97,CG3980,protein_coding,Centrosomal protein 97kDa
FBgn0051619,nolo,CG31619,protein_coding,no long nerve cord
FBgn0034692,CG13502,CG13502,protein_coding,CG13502
FBgn0262851,CR43215,CR43215,pseudogene,CR43215
FBgn0030492,CG15754,CG15754,protein_coding,CG15754
FBgn0266566,CG45105,CG45105,protein_coding,CG45105
FBgn0034715,Oatp58Db,CG3382,protein_coding,Organic anion transporting polypeptide 58Db
FBgn0034877,levy,CG17280,protein_coding,levy
FBgn0053879,CG33879,CG33879,protein_coding,CG33879
FBgn0286890,CR46409,CR46409,ncRNA,CR46409
FBgn0030660,CG8097,CG8097,protein_coding,CG8097
FBgn0038967,CG13847,CG13847,protein_coding,CG13847
FBgn0010423,TpnC47D,CG9073,protein_coding,Troponin C at 47D
FBgn0266635,CR45142,CR45142,ncRNA,CR45142
FBgn0032115,CG4438,CG4438,protein_coding,CG4438
FBgn0039836,CG1750,CG1750,protein_coding,CG1750
FBgn0264983,CR44134,CR44134,ncRNA,CR44134
FBgn0039042,CG13837,CG13837,protein_coding,CG13837
FBgn0031323,CG5139,CG5139,protein_coding,CG5139
FBgn0033136,Tsp42Eo,CG12838,protein_coding,Tetraspanin 42Eo
FBgn0086768,Pcmt,CG2152,protein_coding,Protein-L-isoaspartate (D-aspartate) O-methyltransferase
FBgn0086443,AsnRS,CG10687,protein_coding,Asparaginyl-tRNA synthetase
FBgn0037085,Neu2,CG7204,protein_coding,Neuroectoderm-expressed 2
FBgn0267678,CR46014,CR46014,ncRNA,CR46014
FBgn0035601,Uev1A,CG10640,protein_coding,Ubiquitin-conjugating enzyme variant 1A
FBgn0011280,Obp19d,CG1668,protein_coding,Odorant-binding protein 19d
FBgn0265588,CR44415,CR44415,ncRNA,CR44415
FBgn0262948,CG43267,CG43267,protein_coding,CG43267
FBgn0266046,bsAS,CR44811,ncRNA,blistered anti-sense lncRNA
FBgn0034464,CG11018,CG11018,protein_coding,CG11018
FBgn0053627,CG33627,CG33627,protein_coding,CG33627
FBgn0030815,CG8945,CG8945,protein_coding,CG8945
FBgn0026402,NiPp1,CG8980,protein_coding,Nuclear inhibitor of Protein phosphatase 1
FBgn0262211,mir-2498,CR42918,ncRNA,mir-2498 stem loop
FBgn0053107,CG33107,CG33107,protein_coding,CG33107
FBgn0029930,CG12541,CG12541,protein_coding,CG12541
FBgn0267319,CR45755,CR45755,ncRNA,CR45755
FBgn0262993,CR43301,CR43301,ncRNA,CR43301
FBgn0020309,crol,CG14938,protein_coding,crooked legs
FBgn0032713,Ugt36D1,CG17323,protein_coding,UDP-glycosyltransferase family 36 member D1
FBgn0034704,Fbxo42,CG6758,protein_coding,F-box protein 42
FBgn0034137,CG4945,CG4945,protein_coding,CG4945
FBgn0266149,CR44855,CR44855,ncRNA,CR44855
FBgn0085447,sif,CG34418,protein_coding,still life
FBgn0036255,Atg12,CG10861,protein_coding,Autophagy-related 12
FBgn0033737,Nup54,CG8831,protein_coding,Nucleoporin 54kD
FBgn0043471,kappaTry,CG12388,protein_coding,kappaTry
FBgn0034081,CG10731,CG10731,protein_coding,CG10731
FBgn0267069,CR45513,CR45513,ncRNA,CR45513
FBgn0266900,CR45360,CR45360,ncRNA,CR45360
FBgn0265068,CR44179,CR44179,ncRNA,CR44179
FBgn0038453,Arl6IP1,CG10326,protein_coding,ADP-ribosylation factor-like 6 interacting protein 1
FBgn0261625,GLS,CG42708,protein_coding,Glutaminase
FBgn0286828,dind,CG7705,protein_coding,diamond
FBgn0267627,CR45965,CR45965,ncRNA,CR45965
FBgn0267521,CR45861,CR45861,pseudogene,CR45861
FBgn0284415,TS6,CR46329,ncRNA, testis-specific 6
FBgn0085426,Rgk3,CG34397,protein_coding,"Rad, Gem/Kir family member 3"
FBgn0263652,CR43643,CR43643,ncRNA,CR43643
FBgn0032940,Mondo,CG18362,protein_coding,Mondo
FBgn0051639,CG31639,CG31639,protein_coding,CG31639
FBgn0260399,gwl,CG7719,protein_coding,greatwall
FBgn0051226,CG31226,CG31226,protein_coding,CG31226
FBgn0267921,CR46202,CR46202,ncRNA,CR46202
FBgn0036878,Cpr76Ba,CG9283,protein_coding,Cuticular protein 76Ba
FBgn0051424,Ir94b,CG31424,protein_coding,Ionotropic receptor 94b
FBgn0031301,CG14339,CG14339,protein_coding,CG14339
FBgn0038524,sll,CG7623,protein_coding,slalom
FBgn0039666,Diedel,CG11501,protein_coding,Diedel
FBgn0050443,Opbp,CG30443,protein_coding,Optix-binding protein
FBgn0031805,Nepl4,CG9505,protein_coding,Neprilysin-like 4
FBgn0265733,CR44540,CR44540,ncRNA,CR44540
FBgn0036851,CG14082,CG14082,protein_coding,CG14082
FBgn0031110,Obp19b,CG1670,protein_coding,Odorant-binding protein 19b
FBgn0262612,CG43138,CG43138,protein_coding,CG43138
FBgn0014395,tilB,CG14620,protein_coding,touch insensitive larva B
FBgn0261504,CR42652,CR42652,ncRNA,Signal recognition particle 7SL RNA CR42652
FBgn0036211,CG5946,CG5946,protein_coding,CG5946
FBgn0262143,CG42869,CG42869,protein_coding,CG42869
FBgn0020622,Pi3K21B,CG2699,protein_coding,Pi3K21B
FBgn0035626,lin-28,CG17334,protein_coding,lin-28
FBgn0037741,Tti1,CG16908,protein_coding,Telo2 interacting protein 1
FBgn0053158,CG33158,CG33158,protein_coding,CG33158
FBgn0037124,CG14568,CG14568,protein_coding,CG14568
FBgn0039308,CG11889,CG11889,protein_coding,CG11889
FBgn0034750,CG3732,CG3732,protein_coding,CG3732
FBgn0261976,Psf2,CG18013,protein_coding,Partner of Sld Five 2
FBgn0050199,Ala-CGC-1-2,CR30199,tRNA,Alanine-CGC 1-2
FBgn0287620,CR46489,CR46489,ncRNA,CR46489
FBgn0086778,nAChRalpha7,CG32538,protein_coding,nicotinic Acetylcholine Receptor alpha7
FBgn0038603,PKD,CG7125,protein_coding,Protein Kinase D
FBgn0267874,CR46162,CR46162,pseudogene,CR46162
FBgn0033289,CG2121,CG2121,protein_coding,CG2121
FBgn0003089,pip,CG9614,protein_coding,pipe
FBgn0288686,betaTub60D,CG3401,protein_coding,beta-Tubulin at 60D
FBgn0030328,Amun,CG2446,protein_coding,Amun
FBgn0250834,CG33308,CG33308,protein_coding,CG33308
FBgn0275436,PheRS-m,CG13348,protein_coding,"Phenylalanyl-tRNA synthetase, mitochondrial"
FBgn0052370,Ala-AGC-2-1,CR32370,tRNA,Alanine-AGC 2-1
FBgn0027080,TyrRS,CG4561,protein_coding,Tyrosyl-tRNA synthetase
FBgn0029945,Acsf3,CG18155,protein_coding,Acyl-CoA synthetase family member 3
FBgn0083991,CG34155,CG34155,protein_coding,CG34155
FBgn0035099,CG6845,CG6845,protein_coding,CG6845
FBgn0051663,CG31663,CG31663,protein_coding,CG31663
FBgn0052266,CG32266,CG32266,protein_coding,CG32266
FBgn0034644,Ip6k,CG10082,protein_coding,Inositol hexakisphosphate kinase
FBgn0052075,CG32075,CG32075,protein_coding,CG32075
FBgn0040391,CG2854,CG2854,protein_coding,CG2854
FBgn0031617,CG15635,CG15635,protein_coding,CG15635
FBgn0259851,CR42420,CR42420,ncRNA,CR42420
FBgn0027518,Wdr24,CG7609,protein_coding,WD repeat domain 24
FBgn0050392,CG30392,CG30392,protein_coding,CG30392
FBgn0033980,Cyp6a20,CG10245,protein_coding,Cytochrome P450 6a20
FBgn0036161,CG7551,CG7551,protein_coding,CG7551
FBgn0052533,CG32533,CG32533,protein_coding,CG32533
FBgn0259966,Sfp51E,CG42476,protein_coding,Seminal fluid protein 51E
FBgn0082939,Me28S-C3227b,CR34534,snoRNA,Me28S-C3227b
FBgn0026083,tyf,CG4857,protein_coding,twenty-four
FBgn0039530,Tusp,CG5586,protein_coding,Tusp
FBgn0085289,CG34260,CG34260,protein_coding,CG34260
FBgn0029804,CG3097,CG3097,protein_coding,CG3097
FBgn0259982,Uxt,CG15266,protein_coding,Uxt prefoldin-like subunit
FBgn0052079,CG32079,CG32079,protein_coding,CG32079
FBgn0052382,sphinx2,CG32382,protein_coding,sphinx2
FBgn0035234,CG12003,CG12003,protein_coding,CG12003
FBgn0265053,CR44168,CR44168,ncRNA,CR44168
FBgn0037328,RpL35A,CG2099,protein_coding,Ribosomal protein L35A
FBgn0037939,CG14718,CG14718,protein_coding,CG14718
FBgn0031651,mRpL24,CG8849,protein_coding,mitochondrial ribosomal protein L24
FBgn0051642,CG31642,CG31642,protein_coding,CG31642
FBgn0034092,CG7798,CG7798,protein_coding,CG7798
FBgn0022027,Vps25,CG14750,protein_coding,Vacuolar protein sorting 25
FBgn0035194,Psf1,CG9187,protein_coding,Partner of Sld Five 1
FBgn0034513,CG13423,CG13423,protein_coding,CG13423
FBgn0267682,CR46018,CR46018,ncRNA,CR46018
FBgn0032475,Sfmbt,CG16975,protein_coding,Scm-related gene containing four mbt domains
FBgn0036680,Cpr73D,CG9665,protein_coding,Cuticular protein 73D
FBgn0250753,kra,CG2922,protein_coding,krasavietz
FBgn0038179,CG9312,CG9312,protein_coding,CG9312
FBgn0011672,Mvl,CG3671,protein_coding,Malvolio
FBgn0266594,CR45119,CR45119,ncRNA,CR45119
FBgn0266448,CG45078,CG45078,protein_coding,CG45078
FBgn0030735,CG3632,CG3632,protein_coding,CG3632
FBgn0015571,alpha-Est3,CG1257,protein_coding,alpha-Esterase-3
FBgn0028425,JhI-21,CG12317,protein_coding,Juvenile hormone Inducible-21
FBgn0264829,CG44037,CG44037,protein_coding,CG44037
FBgn0036451,Helz,CG9425,protein_coding,Helicase with zinc finger
FBgn0035187,Trhn,CG9122,protein_coding,Tryptophan hydroxylase neuronal
FBgn0053772,CG33772,CG33772,protein_coding,CG33772
FBgn0038892,CG15498,CG15498,protein_coding,CG15498
FBgn0025836,RhoGAP1A,CG40494,protein_coding,Rho GTPase activating protein at 1A
FBgn0042134,Capr,CG18811,protein_coding,Caprin
FBgn0027492,wdb,CG5643,protein_coding,widerborst
FBgn0050272,MFS1,CG30272,protein_coding,Major Facilitator Superfamily Transporter 1
FBgn0037915,CG6790,CG6790,protein_coding,CG6790
FBgn0033891,CG8067,CG8067,protein_coding,CG8067
FBgn0035036,CG4707,CG4707,protein_coding,CG4707
FBgn0051769,CG31769,CG31769,protein_coding,CG31769
FBgn0034687,CG11475,CG11475,protein_coding,CG11475
FBgn0262901,CR43256,CR43256,ncRNA,CR43256
FBgn0023143,Uba1,CG1782,protein_coding,Ubiquitin activating enzyme 1
FBgn0052296,Mrtf,CG32296,protein_coding,Myocardin-related transcription factor
FBgn0033601,Cpr47Ed,CG9076,protein_coding,Cuticular protein 47Ed
FBgn0267385,PyK,CG7070,protein_coding,Pyruvate kinase
FBgn0266940,CR45391,CR45391,pseudogene,CR45391
FBgn0030616,RpL37-1,CG9091,protein_coding,Ribosomal protein L37-1
FBgn0029663,CG10804,CG10804,protein_coding,CG10804
FBgn0004644,hh,CG4637,protein_coding,hedgehog
FBgn0032135,GlcAT-S,CG3881,protein_coding,Glucuronyltransferase S
FBgn0030673,CG15601,CG15601,protein_coding,CG15601
FBgn0051501,nxf4,CG31501,protein_coding,nuclear export factor 4
FBgn0034510,CG13426,CG13426,protein_coding,CG13426
FBgn0026148,CG12253,CG12253,protein_coding,CG12253
FBgn0034313,CG5726,CG5726,protein_coding,CG5726
FBgn0036496,cocoon,CG7804,protein_coding,cocoon
FBgn0264382,CR43834,CR43834,ncRNA,CR43834
FBgn0263552,mir-4961,CR43537,ncRNA,mir-4961 stem loop
FBgn0031814,retm,CG9528,protein_coding,real-time
FBgn0026761,Trap1,CG3152,protein_coding,Trap1
FBgn0033154,CG1850,CG1850,protein_coding,CG1850
FBgn0052668,CG32668,CG32668,protein_coding,CG32668
FBgn0033428,Urod,CG1818,protein_coding,Uroporphyrinogen decarboxylase
FBgn0030946,CG6659,CG6659,protein_coding,CG6659
FBgn0036837,CG18135,CG18135,protein_coding,CG18135
FBgn0032740,CG15172,CG15172,protein_coding,CG15172
FBgn0262081,Csk,CG42317,protein_coding,C-terminal Src kinase
FBgn0259108,futsch,CG34387,protein_coding,futsch
FBgn0267097,CR45537,CR45537,ncRNA,CR45537
FBgn0026317,Tsc1,CG6147,protein_coding,Tsc1
FBgn0036785,CG13700,CG13700,protein_coding,CG13700
FBgn0260011,NimC4,CG16876,protein_coding,Nimrod C4
FBgn0288232,Cyp6a21,CG10247,protein_coding,Cytochrome P450 6a21
FBgn0287186,scro,CG17594,protein_coding,scarecrow
FBgn0026324,Taf10b,CG3069,protein_coding,TBP-associated factor 10b
FBgn0267256,CR45692,CR45692,ncRNA,CR45692
FBgn0035922,Pex7,CG6486,protein_coding,Peroxin 7
FBgn0020277,lush,CG8807,protein_coding,lush
FBgn0015239,Hr78,CG7199,protein_coding,Hormone-receptor-like in 78
FBgn0034005,ItgaPS4,CG16827,protein_coding,Integrin alphaPS4 subunit
FBgn0035644,PolE2,CG10489,protein_coding,DNA polymerase epsilon subunit 2
FBgn0266747,CR45220,CR45220,ncRNA,CR45220
FBgn0039078,CG4374,CG4374,protein_coding,CG4374
FBgn0031164,CG1724,CG1724,protein_coding,CG1724
FBgn0052119,CG32119,CG32119,protein_coding,CG32119
FBgn0029893,CG14442,CG14442,protein_coding,CG14442
FBgn0000658,fj,CG10917,protein_coding,four-jointed
FBgn0041585,Orai,CG11430,protein_coding,Orai
FBgn0032187,CG4839,CG4839,protein_coding,CG4839
FBgn0085437,CG34408,CG34408,protein_coding,CG34408
FBgn0001995,mRpL4,CG5818,protein_coding,mitochondrial ribosomal protein L4
FBgn0039800,Npc2g,CG11314,protein_coding,Niemann-Pick type C-2g
FBgn0000257,car,CG12230,protein_coding,carnation
FBgn0265594,CR44421,CR44421,ncRNA,CR44421
FBgn0032261,CG6094,CG6094,protein_coding,CG6094
FBgn0265641,CR44448,CR44448,ncRNA,CR44448
FBgn0067407,Or98P,CR33345,pseudogene,Odorant receptor 98a pseudogene
FBgn0033139,Tsp42Er,CG12837,protein_coding,Tetraspanin 42Er
FBgn0267589,CR45927,CR45927,ncRNA,CR45927
FBgn0034263,CG10934,CG10934,protein_coding,CG10934
FBgn0036382,CG13737,CG13737,protein_coding,CG13737
FBgn0035295,Cnb,CG5690,protein_coding,Centrobin
FBgn0039111,PTPMT1,CG10371,protein_coding,"Protein tyrosine phosphatase, mitochondrial 1"
FBgn0035266,Gk2,CG7995,protein_coding,Glycerol kinase 2
FBgn0261015,Pif1A,CG42599,protein_coding,PFTAIRE-interacting factor 1A
FBgn0037307,Tim17a2,CG14666,protein_coding,Tim17a2
FBgn0000633,tei,CG17716,protein_coding,teiresias
FBgn0050083,CG30083,CG30083,protein_coding,CG30083
FBgn0033542,CAH13,CG12309,protein_coding,Carbonic anhydrase 13
FBgn0263079,CG43338,CG43338,protein_coding,CG43338
FBgn0264518,CR43917,CR43917,ncRNA,CR43917
FBgn0038692,Polr2M,CG3773,protein_coding,RNA polymerase II subunit M
FBgn0082961,Psi28S-3385b,CR34607,snoRNA,Psi28S-3385b
FBgn0028858,CG10839,CG10839,protein_coding,CG10839
FBgn0266994,CR45445,CR45445,ncRNA,CR45445
FBgn0038578,MED17,CG7957,protein_coding,Mediator complex subunit 17
FBgn0263981,CR43730,CR43730,ncRNA,CR43730
FBgn0035756,unc-13-4A,CG32381,protein_coding,unc-13-4A
FBgn0037482,CG10055,CG10055,protein_coding,CG10055
FBgn0051634,Oatp26F,CG31634,protein_coding,Organic anion transporting polypeptide 26F
FBgn0259917,CG42446,CG42446,protein_coding,CG42446
FBgn0037446,Zif,CG10267,protein_coding,Zinc-finger protein
FBgn0038530,AttD,CG7629,protein_coding,Attacin-D
FBgn0020930,Dgkepsilon,CG8657,protein_coding,Diacyl glycerol kinase epsilon
FBgn0052361,Leu-CAG-1-5,CR32361,tRNA,Leucine-CAG 1-5
FBgn0011859,Gly-GCC-1-1,CR31667,tRNA,Glycine-GCC 1-1
FBgn0002567,Rab32,CG8024,protein_coding,Rab32
FBgn0036059,nudE,CG8104,protein_coding,nudE
FBgn0260453,CG17140,CG17140,protein_coding,CG17140
FBgn0010113,heca,CG15532,protein_coding,headcase
FBgn0086906,sls,CG1915,protein_coding,sallimus
FBgn0020378,Sp1,CG1343,protein_coding,Sp1
FBgn0265527,CR44377,CR44377,ncRNA,CR44377
FBgn0267039,CR45483,CR45483,ncRNA,CR45483
FBgn0016070,smg,CG5263,protein_coding,smaug
FBgn0267310,CR45746,CR45746,ncRNA,CR45746
FBgn0013686,lrRNA,CR34094,rRNA,mitochondrial large ribosomal RNA
FBgn0262358,CG43056,CG43056,protein_coding,CG43056
FBgn0015570,alpha-Est2,CG2505,protein_coding,alpha-Esterase-2
FBgn0259938,cwo,CG17100,protein_coding,clockwork orange
FBgn0266617,CR45124,CR45124,ncRNA,CR45124
FBgn0026250,eIF1A,CG8053,protein_coding,eukaryotic translation initiation factor 1A
FBgn0038109,CG11656,CG11656,protein_coding,CG11656
FBgn0015765,p38a,CG5475,protein_coding,p38a MAP kinase
FBgn0033609,Fbl6,CG13213,protein_coding,F-box and leucine-rich repeat protein 6
FBgn0264723,CR43991,CR43991,ncRNA,CR43991
FBgn0038198,Npc2b,CG3153,protein_coding,Niemann-Pick type C-2b
FBgn0030991,CG7453,CG7453,protein_coding,CG7453
FBgn0260965,CG42588,CG42588,protein_coding,CG42588
FBgn0264351,CR43807,CR43807,ncRNA,CR43807
FBgn0032780,CG13085,CG13085,protein_coding,CG13085
FBgn0289440,CR46531,CR46531,ncRNA,CR46531
FBgn0033491,CG18011,CG18011,protein_coding,CG18011
FBgn0001967,NimC3,CG16880,protein_coding,Nimrod C3
FBgn0036352,CG14110,CG14110,protein_coding,CG14110
FBgn0040812,CG8750,CG8750,protein_coding,CG8750
FBgn0023130,a6,CG3771,protein_coding,a6
FBgn0032424,CG17010,CG17010,protein_coding,CG17010
FBgn0051184,LSm3,CG31184,protein_coding,Like Sm 3
FBgn0029152,Mkrn1,CG7184,protein_coding,Makorin 1
FBgn0011955,Arg-ACG-1-5,CR30514,tRNA,Arginine-ACG 1-5
FBgn0259971,CG42481,CG42481,protein_coding,CG42481
FBgn0036567,CG13074,CG13074,protein_coding,CG13074
FBgn0085788,CR41504,CR41504,pseudogene,CR41504
FBgn0267696,CR46032,CR46032,ncRNA,CR46032
FBgn0030932,Ggt-1,CG6461,protein_coding,gamma-glutamyl transpeptidase
FBgn0031068,Alr,CG12534,protein_coding,Augmenter of liver regeneration
FBgn0033763,CG8646,CG8646,protein_coding,CG8646
FBgn0000024,Ace,CG17907,protein_coding,Acetylcholine esterase
FBgn0035907,GstO1,CG6662,protein_coding,Glutathione S transferase O1
FBgn0267774,CR46105,CR46105,ncRNA,CR46105
FBgn0265658,CR44465,CR44465,ncRNA,CR44465
FBgn0033371,CNT1,CG11778,protein_coding,Concentrative nucleoside transporter 1
FBgn0044872,FucTC,CG40305,protein_coding,"alpha1,3-fucosyltransferase C"
FBgn0260436,CG42531,CG42531,protein_coding,CG42531
FBgn0005640,Eip63E,CG10579,protein_coding,Ecdysone-induced protein 63E
FBgn0037293,RabGGTa,CG12007,protein_coding,Rab geranylgeranyltransferase subunit alpha
FBgn0037515,Sp7,CG3066,protein_coding,Serine protease 7
FBgn0033904,CG18327,CG18327,protein_coding,CG18327
FBgn0040929,CG12659,CG12659,protein_coding,CG12659
FBgn0083007,Psi28S-1135f,CR34599,snoRNA,Psi28S-1135f
FBgn0287587,CG46457,CG46457,protein_coding,CG46457
FBgn0003380,Sh,CG12348,protein_coding,Shaker
FBgn0038208,CG14355,CG14355,protein_coding,CG14355
FBgn0030004,CG10958,CG10958,protein_coding,CG10958
FBgn0262390,mir-303,CR42924,ncRNA,mir-303 stem loop
FBgn0262592,CG43127,CG43127,protein_coding,CG43127
FBgn0034255,Oxp,CG18186,protein_coding,Oxpecker
FBgn0038258,CG7362,CG7362,protein_coding,CG7362
FBgn0053680,Jhbp10,CG33680,protein_coding,Juvenile hormone binding protein 10
FBgn0265608,CG44426,CG44426,protein_coding,CG44426
FBgn0260479,CG31904,CG31904,protein_coding,CG31904
FBgn0039280,Mocs2B,CG10238,protein_coding,Molybdenum cofactor synthesis 2B
FBgn0003865,tsg,CG1502,protein_coding,twisted gastrulation
FBgn0035294,Mfap1,CG1017,protein_coding,Microfibril-associated protein 1
FBgn0024182,waw,CG1410,protein_coding,waclaw
FBgn0086444,l(2)37Cb,CG10689,protein_coding,lethal (2) 37Cb
FBgn0265788,CR44577,CR44577,ncRNA,CR44577
FBgn0031808,Nepl5,CG9507,protein_coding,Neprilysin-like 5
FBgn0005672,spi,CG10334,protein_coding,spitz
FBgn0033081,geminin,CG3183,protein_coding,geminin
FBgn0032172,CG5850,CG5850,protein_coding,CG5850
FBgn0025624,CG4025,CG4025,protein_coding,CG4025
FBgn0266083,ocm,CG3363,protein_coding,over compensating males
FBgn0030837,CG8661,CG8661,protein_coding,CG8661
FBgn0265052,St3,CG44167,protein_coding,Sulfotransferase 3
FBgn0033086,CG9410,CG9410,protein_coding,CG9410
FBgn0033469,CG12133,CG12133,protein_coding,CG12133
FBgn0050458,CG30458,CG30458,protein_coding,CG30458
FBgn0036871,CG14096,CG14096,protein_coding,CG14096
FBgn0262739,AGO1,CG6671,protein_coding,Argonaute-1
FBgn0003744,trc,CG8637,protein_coding,tricornered
FBgn0039172,Spase22-23,CG5677,protein_coding,Spase 22/23-subunit
FBgn0051815,CG31815,CG31815,protein_coding,CG31815
FBgn0032666,CG5758,CG5758,protein_coding,CG5758
FBgn0030574,sbm,CG9413,protein_coding,sobremesa
FBgn0266867,CR45328,CR45328,ncRNA,CR45328
FBgn0265890,CR44679,CR44679,ncRNA,CR44679
FBgn0034583,CG10527,CG10527,protein_coding,CG10527
FBgn0034972,CG10339,CG10339,protein_coding,CG10339
FBgn0026386,Or47a,CG13225,protein_coding,Odorant receptor 47a
FBgn0036891,CG9372,CG9372,protein_coding,CG9372
FBgn0032597,Nubp1,CG17904,protein_coding,NUBP iron-sulfur cluster assembly factor 1
FBgn0015372,RabX1,CG3870,protein_coding,RabX1
FBgn0029840,raptor,CG4320,protein_coding,raptor
FBgn0037661,Ada,CG11994,protein_coding,Adenosine deaminase
FBgn0036007,path,CG3424,protein_coding,pathetic
FBgn0040347,mus81,CG3026,protein_coding,mus81
FBgn0031613,HP6,CG15636,protein_coding,Heterochromatin protein 6
FBgn0264958,CR44127,CR44127,ncRNA,CR44127
FBgn0083055,Psi18S-1295,CR34615,snoRNA,Psi18S-1295
FBgn0003701,thr,CG5785,protein_coding,three rows
FBgn0283525,l(2)10685,CG4749,protein_coding,lethal (2) 10685
FBgn0023001,melt,CG8624,protein_coding,melted
FBgn0263505,CR43494,CR43494,ncRNA,CR43494
FBgn0032371,CG4983,CG4983,protein_coding,CG4983
FBgn0264291,Det,CG12265,protein_coding,Deterin
FBgn0038461,EMC2B,CG3678,protein_coding,ER membrane protein complex subunit 2B
FBgn0032482,Pect,CG5547,protein_coding,Phosphoethanolamine cytidylyltransferase
FBgn0036990,mRpL15,CG5219,protein_coding,mitochondrial ribosomal protein L15
FBgn0267810,CR46135,CR46135,ncRNA,CR46135
FBgn0037225,TwdlG,CG14643,protein_coding,TweedleG
FBgn0264379,CR43831,CR43831,ncRNA,CR43831
FBgn0038108,CG7518,CG7518,protein_coding,CG7518
FBgn0031287,CG4291,CG4291,protein_coding,CG4291
FBgn0037826,CG14689,CG14689,protein_coding,CG14689
FBgn0041224,Gr97a,CG33083,protein_coding,Gustatory receptor 97a
FBgn0267505,CR45845,CR45845,rRNA,CR45845
FBgn0029879,APC7,CG14444,protein_coding,Anaphase Promoting Complex subunit 7
FBgn0035016,CG4612,CG4612,protein_coding,CG4612
FBgn0028746,CG18508,CG18508,protein_coding,CG18508
FBgn0051491,Gly-TCC-1-2,CR31491,tRNA,Glycine-TCC 1-2
FBgn0050467,CG30467,CG30467,protein_coding,CG30467
FBgn0031974,CG12560,CG12560,protein_coding,CG12560
FBgn0030506,DNAlig4,CG12176,protein_coding,DNA ligase 4
FBgn0035887,Jon66Cii,CG7170,protein_coding,Jonah 66Cii
FBgn0287606,CR46475,CR46475,ncRNA,CR46475
FBgn0259841,CR42410,CR42410,ncRNA,CR42410
FBgn0266022,CR44787,CR44787,ncRNA,CR44787
FBgn0002924,ncd,CG7831,protein_coding,non-claret disjunctional
FBgn0038957,CG7059,CG7059,protein_coding,CG7059
FBgn0261383,IntS6,CG3125,protein_coding,Integrator 6
FBgn0052493,Gln-TTG-2-1,CR32493,tRNA,Glutamine-TTG 2-1
FBgn0265065,CR44176,CR44176,ncRNA,CR44176
FBgn0050267,CR30267,CR30267,ncRNA,CR30267
FBgn0267099,CR45539,CR45539,ncRNA,CR45539
FBgn0028515,EndoGI,CG4930,protein_coding,Endonuclease G inhibitor
FBgn0037756,CG8507,CG8507,protein_coding,CG8507
FBgn0267738,CR46069,CR46069,ncRNA,CR46069
FBgn0034863,SkpF,CG12227,protein_coding,SKP1-related F
FBgn0052476,mthl14,CG32476,protein_coding,methuselah-like 14
FBgn0263480,Irbp-a,CR43595,snoRNA,CR43595
FBgn0030052,CG12065,CG12065,protein_coding,CG12065
FBgn0036796,CG18231,CG18231,protein_coding,CG18231
FBgn0266876,CR45337,CR45337,ncRNA,CR45337
FBgn0086608,CG34112,CG34112,protein_coding,CG34112
FBgn0086711,mol,CG4482,protein_coding,moladietz
FBgn0051386,CR31386,CR31386,ncRNA,CR31386
FBgn0264340,CG43796,CG43796,protein_coding,CG43796
FBgn0028527,CG18507,CG18507,protein_coding,CG18507
FBgn0040963,CG18662,CG18662,protein_coding,CG18662
FBgn0036319,Ent3,CG11010,protein_coding,Equilibrative nucleoside transporter 3
FBgn0030293,CG1737,CG1737,protein_coding,CG1737
FBgn0052330,Glu-CTC-3-1,CR32330,tRNA,Glutamic acid-CTC 3-1
FBgn0085313,CG34284,CG34284,protein_coding,CG34284
FBgn0011919,Met-CAT-1-5,CR31310,tRNA,Methionine-CAT 1-5
FBgn0264979,CG4267,CG4267,protein_coding,CG4267
FBgn0030524,CG10993,CG10993,protein_coding,CG10993
FBgn0267208,CR45648,CR45648,ncRNA,CR45648
FBgn0001084,fy,CG13396,protein_coding,fuzzy
FBgn0261596,RpS24,CG3751,protein_coding,Ribosomal protein S24
FBgn0034350,Lamtor2,CG5189,protein_coding,"Late endosomal/lysosomal adaptor, MAPK and MTOR activator 2"
FBgn0052016,4E-T,CG32016,protein_coding,eIF4E-Transporter
FBgn0264434,CR43852,CR43852,ncRNA,CR43852
FBgn0037690,Task7,CG9361,protein_coding,TWIK-related acid-sensitive K[+] channel 7
FBgn0259113,PolA1,CG6349,protein_coding,DNA polymerase alpha subunit 1
FBgn0034553,CG9993,CG9993,protein_coding,CG9993
FBgn0042105,CG18748,CG18748,protein_coding,CG18748
FBgn0037125,CG14573,CG14573,protein_coding,CG14573
FBgn0020386,Pdk1,CG1210,protein_coding,Phosphoinositide-dependent kinase 1
FBgn0035164,CG13901,CG13901,protein_coding,CG13901
FBgn0265339,CR44293,CR44293,ncRNA,CR44293
FBgn0086051,Me28S-U2134a,CR34680,snoRNA,CR34680
FBgn0004649,yl,CG1372,protein_coding,yolkless
FBgn0031896,CG4502,CG4502,protein_coding,CG4502
FBgn0026876,CG11403,CG11403,protein_coding,CG11403
FBgn0267054,CR45498,CR45498,pseudogene,CR45498
FBgn0030777,CG9672,CG9672,protein_coding,CG9672
FBgn0032264,Lip4,CG6113,protein_coding,Lipase 4
FBgn0039602,CG1647,CG1647,protein_coding,CG1647
FBgn0030981,CG14191,CG14191,protein_coding,CG14191
FBgn0020765,Acp65Aa,CG10297,protein_coding,Adult cuticle protein 65Aa
FBgn0025388,Alms1a,CG12179,protein_coding,Alstrom syndrome 1a
FBgn0050011,gem,CG30011,protein_coding,gemini
FBgn0262825,CR43196,CR43196,ncRNA,CR43196
FBgn0266873,CR45334,CR45334,ncRNA,CR45334
FBgn0034899,CG13560,CG13560,protein_coding,CG13560
FBgn0267123,CR45563,CR45563,ncRNA,CR45563
FBgn0030979,CG14190,CG14190,protein_coding,CG14190
FBgn0004913,Gnf1,CG1119,protein_coding,Germ line transcription factor 1
FBgn0034352,Dnaaf3,CG17669,protein_coding,Dynein axonemal assembly factor 3
FBgn0264005,Hmx,CG43748,protein_coding,H6-like-homeobox
FBgn0265356,tn,CG15105,protein_coding,thin
FBgn0039159,mRpS24,CG13608,protein_coding,mitochondrial ribosomal protein S24
FBgn0037759,CG8526,CG8526,protein_coding,CG8526
FBgn0046879,Obp56c,CG30128,protein_coding,Odorant-binding protein 56c
FBgn0030753,rngo,CG4420,protein_coding,rings lost
FBgn0030812,wcy,CG8949,protein_coding,wacky
FBgn0037758,CG9467,CG9467,protein_coding,CG9467
FBgn0039073,CG4408,CG4408,protein_coding,CG4408
FBgn0051092,LpR2,CG31092,protein_coding,Lipophorin receptor 2
FBgn0038943,CG5391,CG5391,protein_coding,CG5391
FBgn0085280,CG34251,CG34251,protein_coding,CG34251
FBgn0265784,CrebB,CG6103,protein_coding,Cyclic-AMP response element binding protein B
FBgn0020910,RpL3,CG4863,protein_coding,Ribosomal protein L3
FBgn0003448,sna,CG3956,protein_coding,snail
FBgn0035888,CG7120,CG7120,protein_coding,CG7120
FBgn0029629,eIF3g1,CG8636,protein_coding,eukaryotic translation initiation factor 3 subunit g1
FBgn0267724,CR46057,CR46057,ncRNA,CR46057
FBgn0024732,Drep1,CG8357,protein_coding,DNA fragmentation factor-related protein 1
FBgn0038479,CG17477,CG17477,protein_coding,CG17477
FBgn0260233,CG42507,CG42507,protein_coding,CG42507
FBgn0039258,beta4GalT7,CG11780,protein_coding,beta-4-galactosyltransferase 7
FBgn0031080,CG12655,CG12655,protein_coding,CG12655
FBgn0037387,CG1213,CG1213,protein_coding,CG1213
FBgn0263769,CR43686,CR43686,ncRNA,CR43686
FBgn0263445,CR43468,CR43468,ncRNA,CR43468
FBgn0033868,S-Lap7,CG13340,protein_coding,Sperm-Leucylaminopeptidase 7
FBgn0039254,Nmnat,CG13645,protein_coding,Nicotinamide mononucleotide adenylyltransferase
FBgn0051948,CG31948,CG31948,protein_coding,CG31948
FBgn0039342,CG5107,CG5107,protein_coding,CG5107
FBgn0051216,Naam,CG31216,protein_coding,Nicotinamide amidase
FBgn0035904,GstO3,CG6776,protein_coding,Glutathione S transferase O3
FBgn0022985,qkr58E-2,CG5821,protein_coding,quaking related 58E-2
FBgn0039098,GILT3,CG13822,protein_coding,Gamma-interferon-inducible lysosomal thiol reductase 3
FBgn0053907,CG33907,CG33907,protein_coding,CG33907
FBgn0033866,CG6280,CG6280,protein_coding,CG6280
FBgn0053641,CG33641,CG33641,protein_coding,CG33641
FBgn0263602,Tasp1,CG5241,protein_coding,Taspase 1
FBgn0004581,bgcn,CG30170,protein_coding,benign gonial cell neoplasm
FBgn0040353,CG14417,CG14417,protein_coding,CG14417
FBgn0040723,CG5011,CG5011,protein_coding,CG5011
FBgn0051356,Thr-TGT-1-1,CR31356,tRNA,Threonine-TGT 1-1
FBgn0000015,Abd-B,CG11648,protein_coding,Abdominal B
FBgn0262782,Mdh1,CG5362,protein_coding,Malate dehydrogenase 1
FBgn0085223,CG34194,CG34194,protein_coding,CG34194
FBgn0052302,CG32302,CG32302,protein_coding,CG32302
FBgn0030803,CG4880,CG4880,protein_coding,CG4880
FBgn0039013,RNF220,CG4813,protein_coding,ring finger protein 220
FBgn0031942,CG7203,CG7203,protein_coding,CG7203
FBgn0052986,CG32986,CG32986,protein_coding,CG32986
FBgn0267262,CR45698,CR45698,ncRNA,CR45698
FBgn0031726,Cyp6a16,CG7249,protein_coding,Cytochrome P450 6a16
FBgn0027657,glob1,CG9734,protein_coding,globin 1
FBgn0259203,CG42307,CG42307,protein_coding,CG42307
FBgn0265424,TS14,CR44336,ncRNA, testis-specific 14
FBgn0051760,CG31760,CG31760,protein_coding,CG31760
FBgn0031635,tank,CG15626,protein_coding,tank
FBgn0263048,Gpdh3,CG43343,protein_coding,Glycerol-3-phosphate dehydrogenase 3
FBgn0029694,CG15375,CG15375,protein_coding,CG15375
FBgn0010391,SrpRalpha,CG2522,protein_coding,Signal recognition particle receptor alpha
FBgn0035343,CG16762,CG16762,protein_coding,CG16762
FBgn0036040,CG6749,CG6749,protein_coding,CG6749
FBgn0010328,woc,CG5965,protein_coding,without children
FBgn0041243,Gr43a,CG1712,protein_coding,Gustatory receptor 43a
FBgn0283442,vas,CG46283,protein_coding,vasa
FBgn0023458,Rbcn-3A,CG3585,protein_coding,Rabconnectin-3A
FBgn0264874,CR44065,CR44065,ncRNA,CR44065
FBgn0051427,CR31427,CR31427,pseudogene,CR31427
FBgn0053424,CR33424,CR33424,rRNA,CR33424
FBgn0262577,CG43117,CG43117,protein_coding,CG43117
FBgn0034914,CG5554,CG5554,protein_coding,CG5554
FBgn0037090,Est-Q,CG7529,protein_coding,Esterase Q
FBgn0085417,natalisin,CG34388,protein_coding,natalisin
FBgn0023530,CG3740,CG3740,protein_coding,CG3740
FBgn0050472,CG30472,CG30472,protein_coding,CG30472
FBgn0267809,CR46134,CR46134,ncRNA,CR46134
FBgn0034390,CG15093,CG15093,protein_coding,CG15093
FBgn0015024,CkIalpha,CG2028,protein_coding,Casein kinase Ialpha
FBgn0053474,CG33474,CG33474,protein_coding,CG33474
FBgn0027836,Dgp-1,CG5729,protein_coding,Dgp-1
FBgn0267758,CR46089,CR46089,ncRNA,CR46089
FBgn0037489,Noc3,CG1234,protein_coding,Nucleolar complex protein 3
FBgn0021764,sdk,CG5227,protein_coding,sidekick
FBgn0023395,Chd3,CG9594,protein_coding,Chd3
FBgn0041723,rho-5,CG33304,protein_coding,rhomboid-5
FBgn0086686,l(3)L1231,CG7832,protein_coding,lethal (3) L1231
FBgn0002936,ninaA,CG3966,protein_coding,neither inactivation nor afterpotential A
FBgn0031459,HINT1,CG2862,protein_coding,histidine triad nucleotide binding protein 1
FBgn0033431,CG1827,CG1827,protein_coding,CG1827
FBgn0028866,CG18420,CG18420,protein_coding,CG18420
FBgn0053513,Nmdar2,CG33513,protein_coding,NMDA receptor 2
FBgn0040337,CG3021,CG3021,protein_coding,CG3021
FBgn0031148,Cbs,CG1753,protein_coding,Cystathionine beta-synthase
FBgn0266256,CR44951,CR44951,ncRNA,CR44951
FBgn0025720,Ate1,CG9204,protein_coding,Arginyltransferase 1
FBgn0002576,lz,CG1689,protein_coding,lozenge
FBgn0034000,CG11808,CG11808,protein_coding,CG11808
FBgn0263930,dally,CG4974,protein_coding,division abnormally delayed
FBgn0019960,Mitofilin,CG6455,protein_coding,Mitofilin
FBgn0267797,CR46122,CR46122,ncRNA,CR46122
FBgn0032729,L2HGDH,CG10639,protein_coding,L-2-hydroxyglutarate dehydrogenase
FBgn0250831,BG642167,CG34103,protein_coding,BG642167
FBgn0038114,CG11670,CG11670,protein_coding,CG11670
FBgn0035656,CG10479,CG10479,protein_coding,CG10479
FBgn0250848,CtsK1,CG8947,protein_coding,Cathepsin K1
FBgn0038609,Nup43,CG7671,protein_coding,Nucleoporin 43kD
FBgn0038051,CG17207,CG17207,protein_coding,CG17207
FBgn0262220,mir-987,CR42927,ncRNA,mir-987 stem loop
FBgn0028703,Nhe3,CG11328,protein_coding,Na[+]/H[+] hydrogen exchanger 3
FBgn0051343,CG31343,CG31343,protein_coding,CG31343
FBgn0052026,CG32026,CG32026,protein_coding,CG32026
FBgn0000575,emc,CG1007,protein_coding,extra macrochaetae
FBgn0032360,CG14926,CG14926,protein_coding,CG14926
FBgn0052598,betaNACtes6,CG32598,protein_coding,"Nascent-associated complex beta-subunit-like, testis 6"
FBgn0015776,nrv1,CG9258,protein_coding,nervana 1
FBgn0035035,Samtor,CG3570,protein_coding,S-adenosylmethionine sensor upstream of TORC1
FBgn0262547,CG43101,CG43101,protein_coding,CG43101
FBgn0259099,DCX-EMAP,CG42247,protein_coding,Doublecortin-domain-containing echinoderm-microtubule-associated protein
FBgn0265530,CR44380,CR44380,ncRNA,CR44380
FBgn0038511,cysu,CG5873,protein_coding,Curly Su
FBgn0004512,Mdr49,CG3879,protein_coding,Multi drug resistance 49
FBgn0259935,CG42458,CG42458,protein_coding,CG42458
FBgn0053100,eIF4EHP,CG33100,protein_coding,eukaryotic translation initiation factor 4E homologous protein
FBgn0025809,Paf-AHalpha,CG8962,protein_coding,Platelet-activating factor acetylhydrolase alpha
FBgn0259745,wech,CG42396,protein_coding,wech
FBgn0001108,DCTN1-p150,CG9206,protein_coding,"Dynactin 1, p150 subunit"
FBgn0035398,Cht7,CG1869,protein_coding,Chitinase 7
FBgn0052056,scramb1,CG32056,protein_coding,scramblase 1
FBgn0050390,Sgf29,CG30390,protein_coding,SAGA-associated factor 29kDa
FBgn0085399,CG34370,CG34370,protein_coding,CG34370
FBgn0033564,Pex6,CG11919,protein_coding,Peroxin 6
FBgn0087021,Spc25,CG7242,protein_coding,Spc25
FBgn0284253,LeuRS,CG33123,protein_coding,Leucyl-tRNA synthetase
FBgn0021875,Zfrp8,CG3260,protein_coding,Zinc finger protein RP-8
FBgn0040755,CG17580,CG17580,protein_coding,CG17580
FBgn0036356,CG10222,CG10222,protein_coding,CG10222
FBgn0259219,CG42319,CG42319,protein_coding,CG42319
FBgn0032023,witty,CG14274,protein_coding,without maturity
FBgn0263486,PsiU6-40,CR43601,snoRNA, PsiU6-40
FBgn0004638,drk,CG6033,protein_coding,downstream of receptor kinase
FBgn0263091,CR43359,CR43359,pseudogene,CR43359
FBgn0035083,Tina-1,CG2803,protein_coding,Troponin C-akin-1
FBgn0041605,cpx,CG32490,protein_coding,complexin
FBgn0035511,Cpr64Ab,CG15007,protein_coding,Cuticular protein 64Ab
FBgn0053379,CR33379,CR33379,rRNA,CR33379
FBgn0261854,aPKC,CG42783,protein_coding,atypical protein kinase C
FBgn0032636,CG5043,CG5043,protein_coding,CG5043
FBgn0263270,CG43396,CG43396,protein_coding,CG43396
FBgn0042198,CG16741,CG16741,protein_coding,CG16741
FBgn0263626,CR43635,CR43635,ncRNA,CR43635
FBgn0011207,pelo,CG3959,protein_coding,pelota
FBgn0050449,Glu-CTC-5-1Psi,CR30449,pseudogene,Glutamic acid-CTC 5-1 pseudogene
FBgn0262228,mir-975,CR42935,ncRNA,mir-975 stem loop
FBgn0259192,CG42296,CG42296,protein_coding,CG42296
FBgn0262354,CG43052,CG43052,protein_coding,CG43052
FBgn0032450,CG5776,CG5776,protein_coding,CG5776
FBgn0052201,CG32201,CG32201,protein_coding,CG32201
FBgn0262733,Src64B,CG7524,protein_coding,Src oncogene at 64B
FBgn0031111,Obp19c,CG15457,protein_coding,Odorant-binding protein 19c
FBgn0265882,CR44671,CR44671,ncRNA,CR44671
FBgn0026262,Taf3,CG2009,protein_coding,TBP-associated factor 3
FBgn0264548,CR43927,CR43927,ncRNA,CR43927
FBgn0031713,Coq6,CG7277,protein_coding,Coenzyme Q6
FBgn0011708,Syx5,CG4214,protein_coding,Syntaxin 5
FBgn0289439,CR46530,CR46530,ncRNA,CR46530
FBgn0013732,sced,CG3273,protein_coding,scrambled
FBgn0267179,CR45619,CR45619,ncRNA,CR45619
FBgn0038260,CG14855,CG14855,protein_coding,CG14855
FBgn0028292,ric8a,CG15797,protein_coding,ric8a
FBgn0032986,Nubpl,CG3262,protein_coding,"NUBP iron-sulfur cluster assembly factor, mitochondrial"
FBgn0037688,CG9356,CG9356,protein_coding,CG9356
FBgn0034106,CG9068,CG9068,protein_coding,CG9068
FBgn0031401,papi,CG7082,protein_coding,papi
FBgn0265958,CR44745,CR44745,ncRNA,CR44745
FBgn0051636,CG31636,CG31636,protein_coding,CG31636
FBgn0266028,CR44793,CR44793,ncRNA,CR44793
FBgn0261679,CG42726,CG42726,protein_coding,CG42726
FBgn0037836,CG14692,CG14692,protein_coding,CG14692
FBgn0053834,CG33834,CG33834,protein_coding,CG33834
FBgn0038398,sxe2,CG4979,protein_coding,sex-specific enzyme 2
FBgn0030071,CG12661,CG12661,protein_coding,CG12661
FBgn0085265,CG34236,CG34236,protein_coding,CG34236
FBgn0034485,CG11099,CG11099,protein_coding,CG11099
FBgn0038139,PK2-R2,CG8795,protein_coding,Pyrokinin 2 receptor 2
FBgn0034354,GstE11,CG5224,protein_coding,Glutathione S transferase E11
FBgn0050476,ave,CG30476,protein_coding,aveugle
FBgn0267817,CR46142,CR46142,ncRNA,CR46142
FBgn0033815,CG4676,CG4676,protein_coding,CG4676
FBgn0038312,Zip88E,CG4334,protein_coding,Zinc/iron regulated transporter-related protein 88E
FBgn0263030,CG43325,CG43325,protein_coding,CG43325
FBgn0014006,Ask1,CG4720,protein_coding,Apoptotic signal-regulating kinase 1
FBgn0265177,CG44242,CG44242,protein_coding,CG44242
FBgn0015271,Orc5,CG7833,protein_coding,Origin recognition complex subunit 5
FBgn0039969,Fis1,CG17510,protein_coding,"Fission, mitochondrial 1"
FBgn0261586,CR42696,CR42696,ncRNA,CR42696
FBgn0014028,SdhB,CG3283,protein_coding,"Succinate dehydrogenase, subunit B (iron-sulfur)"
FBgn0086675,fne,CG4396,protein_coding,found in neurons
FBgn0262444,mir-1013,CR43010,ncRNA,mir-1013 stem loop
FBgn0266622,CR45129,CR45129,ncRNA,CR45129
FBgn0033448,hebe,CG1623,protein_coding,hebe
FBgn0265637,CR44444,CR44444,ncRNA,CR44444
FBgn0035997,phol,CG3445,protein_coding,pleiohomeotic like
FBgn0051910,CG31910,CG31910,protein_coding,CG31910
FBgn0259710,CG42364,CG42364,protein_coding,CG42364
FBgn0032407,Pex19,CG5325,protein_coding,Peroxin 19
FBgn0013275,Hsp70Aa,CG31366,protein_coding,Heat shock protein 70 Aa
FBgn0041623,Or65c,CG32403,protein_coding,Odorant receptor 65c
FBgn0266732,CR45205,CR45205,ncRNA,CR45205
FBgn0034152,Acp53C14a,CG8626,protein_coding,Accessory gland protein 53C14a
FBgn0040651,CG15458,CG15458,protein_coding,CG15458
FBgn0038550,CG17801,CG17801,protein_coding,CG17801
FBgn0032478,Rsph1,CG5458,protein_coding,Radial spoke head protein 1
FBgn0035445,Ids,CG12014,protein_coding,Iduronate 2-sulfatase
FBgn0052358,Leu-CAG-1-2,CR32358,tRNA,Leucine-CAG 1-2
FBgn0083975,Nlg4,CG34139,protein_coding,Neuroligin 4
FBgn0037126,CG14567,CG14567,protein_coding,CG14567
FBgn0261393,alpha-Est5,CG1089,protein_coding,alpha-Esterase-5
FBgn0003124,polo,CG12306,protein_coding,polo
FBgn0051861,CG31861,CG31861,protein_coding,CG31861
FBgn0040637,CG11458,CG11458,protein_coding,CG11458
FBgn0037217,CG14636,CG14636,protein_coding,CG14636
FBgn0267315,TS16,CR45751,ncRNA, testis-specific 16
FBgn0001125,Got2,CG4233,protein_coding,Glutamate oxaloacetate transaminase 2
FBgn0266762,CR45227,CR45227,pseudogene,CR45227
FBgn0012034,AcCoAS,CG9390,protein_coding,Acetyl Coenzyme A synthase
FBgn0052984,CG32984,CG32984,protein_coding,CG32984
FBgn0003896,tup,CG10619,protein_coding,tailup
FBgn0261285,Ppcs,CG5629,protein_coding,Phosphopantothenoylcysteine synthetase
FBgn0054038,CG34038,CG34038,protein_coding,CG34038
FBgn0026268,Antdh,CG1386,protein_coding,Antennal dehydrogenase
FBgn0263460,CG31191-a,CR43575,snoRNA,CR43575
FBgn0032312,CG14071,CG14071,protein_coding,CG14071
FBgn0267730,CR46061,CR46061,ncRNA,CR46061
FBgn0082962,Psi28S-3385a,CR34608,snoRNA,Psi28S-3385a
FBgn0265754,CR44561,CR44561,ncRNA,CR44561
FBgn0001174,halo,CG7428,protein_coding,halo
FBgn0288733,CG46508,CG46508,protein_coding,CG46508
FBgn0037621,M1BP,CG9797,protein_coding,Motif 1 Binding Protein
FBgn0266396,CR45036,CR45036,ncRNA,CR45036
FBgn0032265,CG18301,CG18301,protein_coding,CG18301
FBgn0053403,CR33403,CR33403,rRNA,CR33403
FBgn0036369,CG10089,CG10089,protein_coding,CG10089
FBgn0259952,Sfp24Bb,CG42462,protein_coding,Seminal fluid protein 24Bb
FBgn0038952,CG7069,CG7069,protein_coding,CG7069
FBgn0003139,PpV,CG12217,protein_coding,Protein phosphatase V
FBgn0267157,CR45597,CR45597,ncRNA,CR45597
FBgn0031247,CG11562,CG11562,protein_coding,CG11562
FBgn0267620,CR45958,CR45958,ncRNA,CR45958
FBgn0032262,CG7384,CG7384,protein_coding,CG7384
FBgn0259193,Ir94d,CG42297,protein_coding,Ionotropic receptor 94d
FBgn0038815,CG5466,CG5466,protein_coding,CG5466
FBgn0033593,Listericin,CG9080,protein_coding,Listericin
FBgn0037802,Sirt6,CG6284,protein_coding,Sirtuin 6
FBgn0267420,CR45773,CR45773,pseudogene,CR45773
FBgn0028499,CG7985,CG7985,protein_coding,CG7985
FBgn0038694,CG5217,CG5217,protein_coding,CG5217
FBgn0031936,CG13794,CG13794,protein_coding,CG13794
FBgn0265949,CR44736,CR44736,ncRNA,CR44736
FBgn0034570,CG10543,CG10543,protein_coding,CG10543
FBgn0010295,ng3,CG10788,protein_coding,new glue 3
FBgn0061469,Ube3a,CG6190,protein_coding,Ubiquitin protein ligase E3A
FBgn0263251,vnc,CG11989,protein_coding,variable nurse cells
FBgn0267643,CR45981,CR45981,ncRNA,CR45981
FBgn0040256,Ugt35C1,CG6633,protein_coding,UDP-glycosyltransferase family 35 member C1
FBgn0082922,Or-aca4,CR34543,snoRNA,Or-aca4
FBgn0030495,CG11816,CG11816,protein_coding,CG11816
FBgn0039620,wat,CG1443,protein_coding,waterproof
FBgn0267200,CR45640,CR45640,ncRNA,CR45640
FBgn0250847,CG14034,CG14034,protein_coding,CG14034
FBgn0034058,Pex11ab,CG8315,protein_coding,Peroxin 11a/b
FBgn0036610,CG13058,CG13058,protein_coding,CG13058
FBgn0267972,Der-1,CG10908,protein_coding,Derlin-1
FBgn0039425,Ald2,CG5432,protein_coding,Aldolase 2
FBgn0032521,CG7110,CG7110,protein_coding,CG7110
FBgn0265761,CR44568,CR44568,ncRNA,CR44568
FBgn0267674,CR46010,CR46010,ncRNA,CR46010
FBgn0022097,Vha36-1,CG8186,protein_coding,Vacuolar H[+] ATPase 36kD subunit 1
FBgn0259178,5PtaseI,CG42283,protein_coding,Inositol polyphosphate-5-phosphatase type I
FBgn0038752,CG4462,CG4462,protein_coding,CG4462
FBgn0037521,CG2993,CG2993,protein_coding,CG2993
FBgn0052251,Claspin,CG32251,protein_coding,Claspin
FBgn0259101,CG42249,CG42249,protein_coding,CG42249
FBgn0083124,Uhg4,CR42451,ncRNA,U snoRNA host gene 4
FBgn0259175,ome,CG42280,protein_coding,omega
FBgn0024222,IKKbeta,CG4201,protein_coding,I-kappaB kinase beta
FBgn0035896,CG6983,CG6983,protein_coding,CG6983
FBgn0037592,CG11737,CG11737,protein_coding,CG11737
FBgn0034867,CG13557,CG13557,protein_coding,CG13557
FBgn0024975,CG2712,CG2712,protein_coding,CG2712
FBgn0264270,Sxl,CG43770,protein_coding,Sex lethal
FBgn0037197,CG13239,CG13239,protein_coding,CG13239
FBgn0063389,Me18S-G1620,CR32874,snoRNA,CR32874
FBgn0030638,CG11655,CG11655,protein_coding,CG11655
FBgn0265533,CR44383,CR44383,pseudogene,CR44383
FBgn0261860,CG42789,CG42789,protein_coding,CG42789
FBgn0038849,CG7079,CG7079,protein_coding,CG7079
FBgn0051615,CR31615,CR31615,pseudogene,CR31615
FBgn0266894,CR45354,CR45354,ncRNA,CR45354
FBgn0040608,CG14246,CG14246,protein_coding,CG14246
FBgn0029697,CG15570,CG15570,protein_coding,CG15570
FBgn0031132,CG15450,CG15450,protein_coding,CG15450
FBgn0265204,CR44264,CR44264,ncRNA,CR44264
FBgn0267014,CR45458,CR45458,pseudogene,CR45458
FBgn0261574,kug,CG7749,protein_coding,kugelei
FBgn0039434,TwdlM,CG5468,protein_coding,TweedleM
FBgn0051414,Gba1b,CG31414,protein_coding,Glucocerebrosidase 1b
FBgn0030431,Flad1,CG4407,protein_coding,Flavin adenine dinucleotide synthetase 1
FBgn0265344,CR44298,CR44298,ncRNA,CR44298
FBgn0267624,CR45962,CR45962,ncRNA,CR45962
FBgn0086056,Me18S-A425,CR34685,snoRNA,CR34685
FBgn0262109,CR42862,CR42862,ncRNA,CR42862
FBgn0266540,CG45101,CG45101,protein_coding,CG45101
FBgn0037534,Elovl7,CG2781,protein_coding,ELOVL fatty acid elongase 7
FBgn0267823,Gmer,CG3495,protein_coding,"GDP-4-keto-6-deoxy-D-mannose 3,5-epimerase/4-reductase"
FBgn0001078,ftz-f1,CG4059,protein_coding,ftz transcription factor 1
FBgn0025186,ari-2,CG5709,protein_coding,ariadne 2
FBgn0004516,Gad1,CG14994,protein_coding,Glutamic acid decarboxylase 1
FBgn0000606,eve,CG2328,protein_coding,even skipped
FBgn0033519,CG11825,CG11825,protein_coding,CG11825
FBgn0043884,mask,CG33106,protein_coding,multiple ankyrin repeats single KH domain
FBgn0030538,betaNACtes1,CG13402,protein_coding,"Nascent-associated complex beta-subunit-like, testis 1"
FBgn0053098,CG33098,CG33098,protein_coding,CG33098
FBgn0287619,CR46488,CR46488,ncRNA,CR46488
FBgn0033638,atos,CG9005,protein_coding,atossa
FBgn0031313,CG5080,CG5080,protein_coding,CG5080
FBgn0015803,RtGEF,CG10043,protein_coding,Rho-type guanine nucleotide exchange factor
FBgn0021825,DCTN2-p50,CG8269,protein_coding,"Dynactin 2, p50 subunit"
FBgn0050486,CG30486,CG30486,protein_coding,CG30486
FBgn0052324,Glu-CTC-3-7,CR32324,tRNA,Glutamic acid-CTC 3-7
FBgn0265059,CR44170,CR44170,ncRNA,CR44170
FBgn0032151,nAChRalpha6,CG4128,protein_coding,nicotinic Acetylcholine Receptor alpha6
FBgn0265047,FDY,CG41503,protein_coding,flagrante delicto Y
FBgn0084049,CR41440,CR41440,pseudogene,CR41440
FBgn0265509,CR44371,CR44371,ncRNA,CR44371
FBgn0028583,lcs,CG12794,protein_coding,la costa
FBgn0004622,TkR99D,CG7887,protein_coding,Tachykinin-like receptor at 99D
FBgn0015222,Fer1HCH,CG2216,protein_coding,Ferritin 1 heavy chain homologue
FBgn0265165,CR44234,CR44234,ncRNA,CR44234
FBgn0261927,CR42794,CR42794,ncRNA,CR42794
FBgn0265575,yin,CG44402,protein_coding,yin
FBgn0265548,CR44398,CR44398,ncRNA,CR44398
FBgn0034242,CG14480,CG14480,protein_coding,CG14480
FBgn0003916,21D,CR31656,snRNA,small nuclear RNA U1 at 21D
FBgn0083963,Nlg3,CG34127,protein_coding,Neuroligin 3
FBgn0041111,lilli,CG8817,protein_coding,lilliputian
FBgn0041720,34ABc,CR33788,snRNA,small nuclear RNA U2 at 34AB c
FBgn0032248,Bug22,CG5343,protein_coding,Basal body up regulated gene 22
FBgn0086898,dgo,CG12342,protein_coding,diego
FBgn0051644,COX6CL,CG31644,protein_coding,Cytochrome c oxidase subunit 6C-like
FBgn0029870,Marf,CG3869,protein_coding,Mitochondrial assembly regulatory factor
FBgn0033615,CG7741,CG7741,protein_coding,CG7741
FBgn0053382,CR33382,CR33382,rRNA,CR33382
FBgn0036807,CG6893,CG6893,protein_coding,CG6893
FBgn0027794,Lrpprc2,CG14786,protein_coding,Leucine-rich pentatricopeptide repeat containing 2
FBgn0265189,sud1,CG44254,protein_coding,sudestada1
FBgn0035124,ttm2,CG12313,protein_coding,tiny tim 2
FBgn0027491,Cdk5alpha,CG5387,protein_coding,Cdk5 activator-like protein
FBgn0036145,CG7607,CG7607,protein_coding,CG7607
FBgn0044328,CG32052,CG32052,protein_coding,CG32052
FBgn0267889,CR46177,CR46177,pseudogene,CR46177
FBgn0034104,CG15705,CG15705,protein_coding,CG15705
FBgn0037848,Tsp86D,CG4591,protein_coding,Tetraspanin 86D
FBgn0083050,Psi18S-1377b,CR34628,snoRNA,Psi18S-1377b
FBgn0267183,CR45623,CR45623,ncRNA,CR45623
FBgn0265633,CR44440,CR44440,ncRNA,CR44440
FBgn0261283,SREBP,CG8522,protein_coding,Sterol regulatory element binding protein
FBgn0002868,MtnA,CG9470,protein_coding,Metallothionein A
FBgn0029863,CG3823,CG3823,protein_coding,CG3823
FBgn0052287,Cys-GCA-1-3,CR32287,tRNA,Cysteine-GCA 1-3
FBgn0259737,CG42391,CG42391,protein_coding,CG42391
FBgn0003719,tld,CG6868,protein_coding,tolloid
FBgn0015664,Dref,CG5838,protein_coding,DNA replication-related element factor
FBgn0031999,CG8419,CG8419,protein_coding,CG8419
FBgn0262969,CR43280,CR43280,ncRNA,CR43280
FBgn0262699,fzr,CG3000,protein_coding,fizzy-related
FBgn0003145,prd,CG6716,protein_coding,paired
FBgn0053358,CR33358,CR33358,rRNA,CR33358
FBgn0031094,CG9578,CG9578,protein_coding,CG9578
FBgn0261538,CG42662,CG42662,protein_coding,CG42662
FBgn0044046,Ilp7,CG13317,protein_coding,Insulin-like peptide 7
FBgn0263831,Gen,CG10670,protein_coding,XPG-like endonuclease
FBgn0263547,mir-4944,CR43532,ncRNA,mir-4944 stem loop
FBgn0259965,Sfp35C,CG42475,protein_coding,Seminal fluid protein 35C
FBgn0260968,CG42591,CG42591,protein_coding,CG42591
FBgn0285950,RpL19,CG2746,protein_coding,Ribosomal protein L19
FBgn0040323,GNBP1,CG6895,protein_coding,Gram-negative bacteria binding protein 1
FBgn0052230,ND-MLRQ,CG32230,protein_coding,NADH dehydrogenase (ubiquinone) MLRQ subunit
FBgn0037323,CG2663,CG2663,protein_coding,CG2663
FBgn0039600,Prp39,CG1646,protein_coding,pre-mRNA processing factor 39
FBgn0260997,CG42598,CG42598,protein_coding,CG42598
FBgn0267919,CR46200,CR46200,ncRNA,CR46200
FBgn0033258,uno,CG8712,protein_coding,univalents only
FBgn0038083,Ugt37A3,CG5999,protein_coding,UDP-glycosyltransferase family 37 member A3
FBgn0003660,Syb,CG12210,protein_coding,Synaptobrevin
FBgn0037455,CG2336,CG2336,protein_coding,CG2336
FBgn0014466,Cp7Fc,CG15351,protein_coding,Chorion protein c at 7F
FBgn0033570,ND-B14,CG7712,protein_coding,NADH dehydrogenase (ubiquinone) B14 subunit
FBgn0262562,CG43102,CG43102,protein_coding,CG43102
FBgn0013672,ATPase6,CG34073,protein_coding,mitochondrial ATPase subunit 6
FBgn0261841,pre-mod(mdg4)-AD,CG42773,protein_coding,CG42773
FBgn0062411,Ctr1C,CG15551,protein_coding,Copper transporter 1C
FBgn0030082,HP1b,CG7041,protein_coding,Heterochromatin Protein 1b
FBgn0053413,CR33413,CR33413,rRNA,CR33413
FBgn0053302,Cpr31A,CG33302,protein_coding,Cuticular protein 31A
FBgn0263976,CR43728,CR43728,ncRNA,CR43728
FBgn0037717,CG8301,CG8301,protein_coding,CG8301
FBgn0085453,Mthfs,CG34424,protein_coding,Methenyltetrahydrofolate synthetase
FBgn0284080,CG46302,CG46302,protein_coding,CG46302
FBgn0053827,CG33827,CG33827,protein_coding,CG33827
FBgn0052673,Rab9E,CG32673,protein_coding,Rab at 9E
FBgn0265051,CR44166,CR44166,ncRNA,CR44166
FBgn0026431,Grip75,CG6176,protein_coding,Grip75
FBgn0034176,ste24a,CG9000,protein_coding,prenyl protease type I
FBgn0031601,Dim1,CG3058,protein_coding,Dim1
FBgn0034051,Mlf,CG8295,protein_coding,Myelodysplasia/myeloid leukemia factor
FBgn0263765,CR43682,CR43682,ncRNA,CR43682
FBgn0263967,CR43723,CR43723,ncRNA,CR43723
FBgn0267736,CR46067,CR46067,ncRNA,CR46067
FBgn0266728,CR45201,CR45201,ncRNA,CR45201
FBgn0053897,CG33897,CG33897,protein_coding,CG33897
FBgn0013305,Nmda1,CG3798,protein_coding,N-methyl-D-aspartate receptor-associated protein
FBgn0287595,CG46464,CG46464,protein_coding,CG46464
FBgn0261639,CR42722,CR42722,pseudogene,CR42722
FBgn0035696,Best2,CG10173,protein_coding,Bestrophin 2
FBgn0266693,CR45183,CR45183,ncRNA,CR45183
FBgn0267031,CR45475,CR45475,ncRNA,CR45475
FBgn0052681,CG32681,CG32681,protein_coding,CG32681
FBgn0036501,CG7272,CG7272,protein_coding,CG7272
FBgn0027562,CG10345,CG10345,protein_coding,CG10345
FBgn0266457,CR45082,CR45082,ncRNA,CR45082
FBgn0261640,CR42723,CR42723,pseudogene,CR42723
FBgn0266723,Trs31,CG10153,protein_coding,TRAPP subunit 31
FBgn0267056,CR45500,CR45500,ncRNA,CR45500
FBgn0033961,ND-B15,CG12859,protein_coding,NADH dehydrogenase (ubiquinone) B15 subunit
FBgn0034718,wdp,CG3413,protein_coding,windpipe
FBgn0030357,Sclp,CG2471,protein_coding,Sclp
FBgn0033901,O-fut1,CG12366,protein_coding,O-fucosyltransferase 1
FBgn0039354,Lgr3,CG31096,protein_coding,Leucine-rich repeat-containing G protein-coupled receptor 3
FBgn0034270,PIG-A,CG6401,protein_coding,Phosphatidylinositol glycan anchor biosynthesis class A
FBgn0034105,CG7755,CG7755,protein_coding,CG7755
FBgn0041225,Gr94a,CG31280,protein_coding,Gustatory receptor 94a
FBgn0266978,CR45429,CR45429,ncRNA,CR45429
FBgn0032800,CG10137,CG10137,protein_coding,CG10137
FBgn0030740,CG9917,CG9917,protein_coding,CG9917
FBgn0002922,nau,CG10250,protein_coding,nautilus
FBgn0034289,CG10910,CG10910,protein_coding,CG10910
FBgn0033819,CG4714,CG4714,protein_coding,CG4714
FBgn0004910,Eip63F-1,CG15855,protein_coding,Ecdysone-induced protein 63F 1
FBgn0028789,Doc1,CG5133,protein_coding,Dorsocross1
FBgn0263214,CR43384,CR43384,pseudogene,CR43384
FBgn0041780,Ssl2,CG11833,protein_coding,Strictosidine synthase-like 2
FBgn0265063,CG44174,CG44174,protein_coding,CG44174
FBgn0029874,CG3342,CG3342,protein_coding,CG3342
FBgn0267733,CR46064,CR46064,ncRNA,CR46064
FBgn0011878,His-GTG-1-4,CR30252,tRNA,Histidine-GTG 1-4
FBgn0030137,CG15317,CG15317,protein_coding,CG15317
FBgn0002564,Lsp1gamma,CG6821,protein_coding,Larval serum protein 1 gamma
FBgn0000077,amx,CG12127,protein_coding,almondex
FBgn0262443,mir-286,CR43006,ncRNA,mir-286 stem loop
FBgn0026147,TTLL4A,CG16833,protein_coding,Tubulin tyrosine ligase-like 4A
FBgn0037964,CG14731,CG14731,protein_coding,CG14731
FBgn0263996,CG43739,CG43739,protein_coding,CG43739
FBgn0037916,CG5342,CG5342,protein_coding,CG5342
FBgn0284254,Impbeta11,CG33139,protein_coding,Importin beta11
FBgn0038917,CG6678,CG6678,protein_coding,CG6678
FBgn0036091,CG18628,CG18628,protein_coding,CG18628
FBgn0265862,CR44651,CR44651,ncRNA,CR44651
FBgn0017457,U2af38,CG3582,protein_coding,U2 small nuclear riboprotein auxiliary factor 38
FBgn0053758,CG33758,CG33758,protein_coding,CG33758
FBgn0004189,96Ab,CR32867,snRNA,small nuclear RNA U6 at 96A b
FBgn0033554,Lsm10,CG12938,protein_coding,Lsm10
FBgn0260959,MCPH1,CG42572,protein_coding,Microcephalin
FBgn0265908,CR44697,CR44697,ncRNA,CR44697
FBgn0001197,His2Av,CG5499,protein_coding,Histone H2A variant
FBgn0032446,IFT43,CG5780,protein_coding,Intraflagellar transport 43
FBgn0267172,CR45612,CR45612,ncRNA,CR45612
FBgn0030716,Cep164,CG9170,protein_coding,centrosomal protein 164
FBgn0267721,CR46054,CR46054,ncRNA,CR46054
FBgn0053731,430e,CR33731,ncRNA,small non-coding RNA 430e
FBgn0013690,Cys-GCA,CR34065,tRNA,Cysteine-GCA
FBgn0039580,Gfat2,CG1345,protein_coding,fructose-6-phosphate aminotransferase 2
FBgn0035248,CG13919,CG13919,protein_coding,CG13919
FBgn0039430,CG5455,CG5455,protein_coding,CG5455
FBgn0033988,pcs,CG7761,protein_coding,parcas
FBgn0083000,Psi28S-1192b,CR34596,snoRNA,Psi28S-1192b
FBgn0040262,Ugt37C2,CG13270,protein_coding,UDP-glycosyltransferase family 37 member C2
FBgn0261268,Cul3,CG42616,protein_coding,Cullin 3
FBgn0265962,CR44749,CR44749,ncRNA,CR44749
FBgn0263584,CR43609,CR43609,ncRNA,CR43609
FBgn0053496,CR33496,CR33496,pseudogene,CR33496
FBgn0265592,CR44419,CR44419,ncRNA,CR44419
FBgn0286518,mir-10404-4,CR46366,ncRNA,mir-10404-4 stem loop
FBgn0265061,CR44172,CR44172,ncRNA,CR44172
FBgn0040606,CG6503,CG6503,protein_coding,CG6503
FBgn0022382,Pka-R2,CG15862,protein_coding,"Protein kinase, cAMP-dependent, regulatory subunit type 2"
FBgn0038381,EndoU,CG3303,protein_coding,Endoribonuclease U-specific
FBgn0014859,Hr38,CG1864,protein_coding,Hormone receptor-like in 38
FBgn0261929,5-HT2B,CG42796,protein_coding,5-hydroxytryptamine (serotonin) receptor 2B
FBgn0086055,Me18S-C1096,CR34684,snoRNA,CR34684
FBgn0265919,CR44708,CR44708,ncRNA,CR44708
FBgn0035622,TM9SF3,CG10590,protein_coding,Transmembrane 9 superfamily protein member 3
FBgn0083968,CG34132,CG34132,protein_coding,CG34132
FBgn0011701,repo,CG31240,protein_coding,reversed polarity
FBgn0035159,CG13896,CG13896,protein_coding,CG13896
FBgn0050181,ppk3,CG30181,protein_coding,pickpocket 3
FBgn0035010,CG13579,CG13579,protein_coding,CG13579
FBgn0023523,Or2a,CG3206,protein_coding,Odorant receptor 2a
FBgn0005631,robo1,CG13521,protein_coding,roundabout 1
FBgn0267688,CR46024,CR46024,ncRNA,CR46024
FBgn0040070,Trx2,CG31884,protein_coding,Thioredoxin 2
FBgn0000003,CR32864,CR32864,ncRNA,Signal recognition particle 7SL RNA CR32864
FBgn0019650,toy,CG11186,protein_coding,twin of eyeless
FBgn0043470,lambdaTry,CG12350,protein_coding,lambdaTry
FBgn0263571,mir-4959,CR43556,ncRNA,mir-4959 stem loop
FBgn0265718,CR44525,CR44525,ncRNA,CR44525
FBgn0053767,CG33767,CG33767,protein_coding,CG33767
FBgn0033753,Cyp301a1,CG8587,protein_coding,Cytochrome P450 301a1
FBgn0034345,CG5174,CG5174,protein_coding,CG5174
FBgn0036468,CG13461,CG13461,protein_coding,CG13461
FBgn0267619,CR45957,CR45957,ncRNA,CR45957
FBgn0004359,T48,CG5507,protein_coding,Transcript 48
FBgn0015789,Rab10,CG17060,protein_coding,Rab10
FBgn0039086,Ugt303B1,CG16732,protein_coding,UDP-glycosyltransferase family 303 member B1
FBgn0266161,CR44867,CR44867,ncRNA,CR44867
FBgn0028500,Rich,CG9063,protein_coding,RIC1 homolog
FBgn0030362,regucalcin,CG1803,protein_coding,regucalcin
FBgn0003480,spn-B,CG3325,protein_coding,spindle B
FBgn0263095,CR43363,CR43363,ncRNA,CR43363
FBgn0261399,Pp1-Y1,CG41534,protein_coding,"Protein phosphatase 1, Y-linked 1"
FBgn0002878,mus101,CG11156,protein_coding,mutagen-sensitive 101
FBgn0002522,lab,CG1264,protein_coding,labial
FBgn0267737,CR46068,CR46068,ncRNA,CR46068
FBgn0020236,ATPCL,CG8322,protein_coding,ATP citrate lyase
FBgn0264486,CG43894,CG43894,protein_coding,CG43894
FBgn0265205,CR44265,CR44265,ncRNA,CR44265
FBgn0267216,CR45656,CR45656,ncRNA,CR45656
FBgn0051946,Arg-TCT-3-1,CR31946,tRNA,Arginine-TCT 3-1
FBgn0264428,CR43846,CR43846,ncRNA,CR43846
FBgn0030775,CG9673,CG9673,protein_coding,CG9673
FBgn0030520,Pdcd4,CG10990,protein_coding,Programmed cell death 4
FBgn0005670,Cyp4d1,CG3656,protein_coding,Cytochrome P450 4d1
FBgn0027579,mino,CG5508,protein_coding,minotaur
FBgn0267322,CR45758,CR45758,ncRNA,CR45758
FBgn0034974,CG16786,CG16786,protein_coding,CG16786
FBgn0261575,tobi,CG11909,protein_coding,target of brain insulin
FBgn0031830,COX5B,CG11015,protein_coding,Cytochrome c oxidase subunit 5B
FBgn0039846,PNPase,CG11337,protein_coding,Polynucleotide phosphorylase
FBgn0263001,CR43309,CR43309,pseudogene,CR43309
FBgn0030542,CG12481,CG12481,protein_coding,CG12481
FBgn0010052,Jhe,CG8425,protein_coding,Juvenile hormone esterase
FBgn0266799,CR45261,CR45261,ncRNA,CR45261
FBgn0038144,CG8870,CG8870,protein_coding,CG8870
FBgn0029714,CG3527,CG3527,protein_coding,CG3527
FBgn0032746,CG10470,CG10470,protein_coding,CG10470
FBgn0026149,BCL7-like,CG17252,protein_coding,BCL7-like
FBgn0032943,Tsp39D,CG8666,protein_coding,Tetraspanin 39D
FBgn0267047,CG45491,CG45491,protein_coding,CG45491
FBgn0259223,CG42323,CG42323,protein_coding,CG42323
FBgn0030921,CG6290,CG6290,protein_coding,CG6290
FBgn0034539,CG11159,CG11159,protein_coding,CG11159
FBgn0011710,Septin1,CG1403,protein_coding,Septin 1
FBgn0020521,pio,CG3541,protein_coding,piopio
FBgn0031926,CG6739,CG6739,protein_coding,CG6739
FBgn0040087,p115,CG1422,protein_coding,p115
FBgn0050033,CG30033,CG30033,protein_coding,CG30033
FBgn0039210,CG13625,CG13625,protein_coding,CG13625
FBgn0034796,CG3700,CG3700,protein_coding,CG3700
FBgn0033691,CG8860,CG8860,protein_coding,CG8860
FBgn0288747,CG46522,CG46522,protein_coding,CG46522
FBgn0267400,CR45762,CR45762,ncRNA,CR45762
FBgn0084017,CR41454,CR41454,pseudogene,CR41454
FBgn0021767,org-1,CG11202,protein_coding,optomotor-blind-related-gene-1
FBgn0266813,CR45275,CR45275,ncRNA,CR45275
FBgn0265750,CR44557,CR44557,ncRNA,CR44557
FBgn0259152,Clbn,CG11847,protein_coding,Caliban
FBgn0082944,Me28S-A2634c,CR34634,snoRNA,Me28S-A2634c
FBgn0001091,Gapdh1,CG12055,protein_coding,Glyceraldehyde 3 phosphate dehydrogenase 1
FBgn0031443,Prosbeta4R2,CG17302,protein_coding,Proteasome beta4 subunit-related 2
FBgn0034660,Loxl2,CG4402,protein_coding,Lysyl oxidase-like 2
FBgn0287633,Vinr,CR46493,ncRNA,VSR interacting RNA
FBgn0031702,fusl,CG14021,protein_coding,fuseless
FBgn0038343,Trissin,CG14871,protein_coding,Trissin
FBgn0267079,CR45523,CR45523,ncRNA,CR45523
FBgn0051820,CG31820,CG31820,protein_coding,CG31820
FBgn0043534,Obp57b,CG30142,protein_coding,Odorant-binding protein 57b
FBgn0034031,CG12963,CG12963,protein_coding,CG12963
FBgn0027560,Tps1,CG4104,protein_coding,Trehalose-6-phosphate synthase 1
FBgn0287184,FASN3,CG17374,protein_coding,Fatty acid synthase 3
FBgn0010415,Sdc,CG10497,protein_coding,Syndecan
FBgn0022768,Pp2C1,CG2984,protein_coding,Protein phosphatase 2C
FBgn0033659,Damm,CG18188,protein_coding,Death associated molecule related to Mch2 caspase
FBgn0033994,CG7544,CG7544,protein_coding,CG7544
FBgn0003714,tko,CG7925,protein_coding,technical knockout
FBgn0050001,CG30001,CG30001,protein_coding,CG30001
FBgn0032967,CG1428,CG1428,protein_coding,CG1428
FBgn0034248,CG14483,CG14483,protein_coding,CG14483
FBgn0265536,CR44386,CR44386,ncRNA,CR44386
FBgn0265713,CR44520,CR44520,ncRNA,CR44520
FBgn0040814,CG14113,CG14113,protein_coding,CG14113
FBgn0267224,CR45664,CR45664,ncRNA,CR45664
FBgn0040069,vanin-like,CG32754,protein_coding,vanin-like
FBgn0262679,CG43149,CG43149,protein_coding,CG43149
FBgn0051805,CG31805,CG31805,protein_coding,CG31805
FBgn0039075,CG4393,CG4393,protein_coding,CG4393
FBgn0053635,CG33635,CG33635,protein_coding,CG33635
FBgn0039900,Syt7,CG2381,protein_coding,Synaptotagmin 7
FBgn0266243,CR44938,CR44938,ncRNA,CR44938
FBgn0050454,Glu-CTC-2-1,CR30454,tRNA,Glutamic acid-CTC 2-1
FBgn0260721,CR42548,CR42548,pseudogene,CR42548
FBgn0030509,CG11162,CG11162,protein_coding,CG11162
FBgn0032779,Alp12,CG16771,protein_coding,Alkaline phosphatase 12
FBgn0264089,sli,CG43758,protein_coding,slit
FBgn0052249,CG32249,CG32249,protein_coding,CG32249
FBgn0039588,mIF2,CG12413,protein_coding,mitochondrial translation initiation factor 2
FBgn0039417,CG6073,CG6073,protein_coding,CG6073
FBgn0051720,mthl15,CG31720,protein_coding,methuselah-like 15
FBgn0029838,CG4666,CG4666,protein_coding,CG4666
FBgn0038424,Fntb,CG17565,protein_coding,Farnesyl transferase beta subunit
FBgn0035090,CG2736,CG2736,protein_coding,CG2736
FBgn0266181,CRG,CR44887,ncRNA,CASK regulatory gene
FBgn0039902,Zip102B,CG2177,protein_coding,Zinc/iron regulated transporter-related protein 102B
FBgn0036485,FucTA,CG6869,protein_coding,"alpha1,3-fucosyltransferase A"
FBgn0262601,SmB,CG5352,protein_coding,Small ribonucleoprotein particle protein SmB
FBgn0039367,CG17197,CG17197,protein_coding,CG17197
FBgn0262027,CR42838,CR42838,pseudogene,CR42838
FBgn0053303,CG33303,CG33303,protein_coding,CG33303
FBgn0036931,CG14183,CG14183,protein_coding,CG14183
FBgn0034435,fest,CG9975,protein_coding,wurstfest
FBgn0267691,CR46027,CR46027,pseudogene,CR46027
FBgn0020764,Alas,CG3017,protein_coding,Aminolevulinate synthase
FBgn0035382,Or63a,CG9969,protein_coding,Odorant receptor 63a
FBgn0050366,swif,CG30366,protein_coding,swift-tuttle
FBgn0051450,mRpS18A,CG31450,protein_coding,mitochondrial ribosomal protein S18A
FBgn0025815,Mcm6,CG4039,protein_coding,Minichromosome maintenance 6
FBgn0051789,CG31789,CG31789,protein_coding,CG31789
FBgn0030504,CG2691,CG2691,protein_coding,CG2691
FBgn0041103,nht,CG15259,protein_coding,no hitter
FBgn0267222,CR45662,CR45662,ncRNA,CR45662
FBgn0031990,PAPLA1,CG8552,protein_coding,Phosphatidic Acid Phospholipase A1
FBgn0024232,gprs,CG18471,protein_coding,gprs
FBgn0267983,CR46250,CR46250,ncRNA,CR46250
FBgn0031540,Pif1,CG3238,protein_coding,Pif1 DNA helicase
FBgn0038551,Odj,CG7357,protein_coding,Oddjob
FBgn0261873,sdt,CG32717,protein_coding,stardust
FBgn0036583,CG13055,CG13055,protein_coding,CG13055
FBgn0039687,Naa40,CG7593,protein_coding,N(alpha)-acetyltransferase 40
FBgn0051872,CG31872,CG31872,protein_coding,CG31872
FBgn0267390,dop,CG6498,protein_coding,drop out
FBgn0053865,CG33865,CG33865,protein_coding,CG33865
FBgn0000552,Edg84A,CG2345,protein_coding,Ecdysone-dependent gene 84A
FBgn0267491,Mst77Y-13,CG45767,protein_coding,Male-specific transcript 77Y 13
FBgn0039739,RpS28a,CG15527,protein_coding,Ribosomal protein S28a
FBgn0083971,CG34135,CG34135,protein_coding,CG34135
FBgn0052225,CG32225,CG32225,protein_coding,CG32225
FBgn0035670,CG10472,CG10472,protein_coding,CG10472
FBgn0031295,CG4375,CG4375,protein_coding,CG4375
FBgn0027356,Amph,CG8604,protein_coding,Amphiphysin
FBgn0262787,CG43168,CG43168,protein_coding,CG43168
FBgn0034328,BomBc1,CG15066,protein_coding,Bomanin Bicipital 1
FBgn0030305,Uba5,CG1749,protein_coding,Ubiquitin-like activating enzyme 5
FBgn0037630,Ir85a,CG11775,protein_coding,Ionotropic receptor 85a
FBgn0038768,idc,CG4936,protein_coding,identity crisis
FBgn0029170,TwdlT,CG5812,protein_coding,TweedleT
FBgn0032268,CG6138,CG6138,protein_coding,CG6138
FBgn0051292,CR31292,CR31292,pseudogene,CR31292
FBgn0053322,CG33322,CG33322,protein_coding,CG33322
FBgn0001330,kz,CG3228,protein_coding,kurz
FBgn0265551,CR44401,CR44401,ncRNA,CR44401
FBgn0086253,rumi,CG31152,protein_coding,rumi
FBgn0033789,CG13324,CG13324,protein_coding,CG13324
FBgn0034827,Klp59D,CG12192,protein_coding,Kinesin-like protein at 59D
FBgn0085314,CR34285,CR34285,pseudogene,CR34285
FBgn0039109,CG10365,CG10365,protein_coding,CG10365
FBgn0262988,CG43296,CG43296,protein_coding,CG43296
FBgn0052068,Adi1,CG32068,protein_coding,Acireductone dioxygenase 1
FBgn0032868,CG17472,CG17472,protein_coding,CG17472
FBgn0014032,Sptr,CG12117,protein_coding,Sepiapterin reductase
FBgn0036288,CG10660,CG10660,protein_coding,CG10660
FBgn0037369,CG2100,CG2100,protein_coding,CG2100
FBgn0028487,f-cup,CG9611,protein_coding,flyers-cup
FBgn0053630,CG33630,CG33630,protein_coding,CG33630
FBgn0039592,CG14062,CG14062,protein_coding,CG14062
FBgn0038798,Or92a,CG17916,protein_coding,Odorant receptor 92a
FBgn0003086,Pig1,CG10790,protein_coding,Pre-intermoult gene 1
FBgn0031952,Cdc14,CG7134,protein_coding,Cell division cycle 14
FBgn0030286,Gapvd1,CG1657,protein_coding,GTPase activating protein and VPS9 domains 1
FBgn0037911,CG10898,CG10898,protein_coding,CG10898
FBgn0035667,Jon65Ai,CG10475,protein_coding,Jonah 65Ai
FBgn0262223,mir-994,CR42930,ncRNA,mir-994 stem loop
FBgn0032867,CG15475,CG15475,protein_coding,CG15475
FBgn0037764,CG9459,CG9459,protein_coding,CG9459
FBgn0035022,CG11413,CG11413,protein_coding,CG11413
FBgn0002891,PolZ1,CG1925,protein_coding,DNA polymerase zeta subunit 1
FBgn0037414,Osi7,CG1153,protein_coding,Osiris 7
FBgn0031085,CG9570,CG9570,protein_coding,CG9570
FBgn0039140,Miro,CG5410,protein_coding,Mitochondrial Rho
FBgn0265945,CR44732,CR44732,ncRNA,CR44732
FBgn0038467,Adsl,CG3590,protein_coding,Adenylosuccinate lyase
FBgn0035186,CG13912,CG13912,protein_coding,CG13912
FBgn0035952,CG5280,CG5280,protein_coding,CG5280
FBgn0015300,Ssl,CG13591,protein_coding,Suppressor of Stellate-like
FBgn0265721,CR44528,CR44528,ncRNA,CR44528
FBgn0025525,bab2,CG9102,protein_coding,bric a brac 2
FBgn0263464,hts-a,CR43579,snoRNA,CR43579
FBgn0033285,CG18449,CG18449,protein_coding,CG18449
FBgn0039403,Sld5,CG14549,protein_coding,Sld5
FBgn0261502,CG42650,CG42650,protein_coding,CG42650
FBgn0265182,CG44247,CG44247,protein_coding,CG44247
FBgn0266363,CG45011,CG45011,protein_coding,CG45011
FBgn0001089,Gal,CG9092,protein_coding,beta galactosidase
FBgn0030008,CG2129,CG2129,protein_coding,CG2129
FBgn0051201,GluRIIE,CG31201,protein_coding,Glutamate receptor IIE
FBgn0033507,CG12909,CG12909,protein_coding,CG12909
FBgn0004889,tws,CG6235,protein_coding,twins
FBgn0262433,mir-210,CR42991,ncRNA,mir-210 stem loop
FBgn0036589,CG13067,CG13067,protein_coding,CG13067
FBgn0040297,Nhe2,CG9256,protein_coding,Na[+]/H[+] hydrogen exchanger 2
FBgn0086053,Me18S-G1358a,CR34682,snoRNA,CR34682
FBgn0265075,CR44186,CR44186,ncRNA,CR44186
FBgn0261938,PolrMT,CG4644,protein_coding,RNA polymerase mitochondrial
FBgn0267665,CR46003,CR46003,ncRNA,CR46003
FBgn0032787,CG10195,CG10195,protein_coding,CG10195
FBgn0037889,scpr-A,CG5207,protein_coding,SCP-containing protein A
FBgn0004045,Yp1,CG2985,protein_coding,Yolk protein 1
FBgn0038468,CG5225,CG5225,protein_coding,CG5225
FBgn0030200,RabX2,CG2885,protein_coding,RabX2
FBgn0032015,Ostgamma,CG7830,protein_coding,Oligosaccharide transferase gamma subunit
FBgn0038922,Idh3b,CG6439,protein_coding,Isocitrate dehydrogenase 3b
FBgn0266238,CR44933,CR44933,ncRNA,CR44933
FBgn0050212,Arg-CCT-1-2,CR30212,tRNA,Arginine-CCT 1-2
FBgn0038394,Jhbp4,CG10264,protein_coding,Juvenile hormone binding protein 4
FBgn0033504,CAP,CG18408,protein_coding,CAP
FBgn0010470,Fkbp14,CG9847,protein_coding,FK506-binding protein 14
FBgn0267683,CR46019,CR46019,ncRNA,CR46019
FBgn0033933,CG10104,CG10104,protein_coding,CG10104
FBgn0086372,lap,CG2520,protein_coding,like-AP180
FBgn0037974,CG12224,CG12224,protein_coding,CG12224
FBgn0051802,CG31802,CG31802,protein_coding,CG31802
FBgn0267440,CR45790,CR45790,ncRNA,CR45790
FBgn0011950,Arg-TCG-3-3,CR32619,tRNA,Arginine-TCG 3-3
FBgn0265340,CR44294,CR44294,ncRNA,CR44294
FBgn0053242,CG33242,CG33242,protein_coding,CG33242
FBgn0037071,CG7632,CG7632,protein_coding,CG7632
FBgn0086669,Psi18S-841a,CR33765,snoRNA,Psi18S-841a
FBgn0262327,mir-2281,CR43034,ncRNA,mir-2281 stem loop
FBgn0039139,Mettl3,CG5933,protein_coding,Methyltransferase like 3
FBgn0003257,r-l,CG3593,protein_coding,rudimentary-like
FBgn0028871,Cpr35B,CG3474,protein_coding,Cuticular protein 35B
FBgn0262531,CG43085,CG43085,protein_coding,CG43085
FBgn0265497,CR44366,CR44366,ncRNA,CR44366
FBgn0086070,Or-CD11c,CR34699,snoRNA,CR34699
FBgn0033860,S-Lap5,CG18369,protein_coding,Sperm-Leucylaminopeptidase 5
FBgn0038124,CG14380,CG14380,protein_coding,CG14380
FBgn0036154,CG6168,CG6168,protein_coding,CG6168
FBgn0004228,mex1,CG7936,protein_coding,midgut expression 1
FBgn0051804,CG31804,CG31804,protein_coding,CG31804
FBgn0037202,Ssl1,CG11115,protein_coding,Suppressor of stem-loop mutation
FBgn0038357,CG5623,CG5623,protein_coding,CG5623
FBgn0034844,CG9861,CG9861,protein_coding,CG9861
FBgn0005664,Crys,CG16963,protein_coding,Crystallin
FBgn0010342,Map60,CG1825,protein_coding,Microtubule-associated protein 60
FBgn0261857,CR42786,CR42786,pseudogene,CR42786
FBgn0003330,Sce,CG5595,protein_coding,Sex combs extra
FBgn0263084,HP1Lcsd,CG43352,protein_coding,Heterochromatin Protein 1L chromoshadow domain
FBgn0031407,CG4270,CG4270,protein_coding,CG4270
FBgn0262999,CG43307,CG43307,protein_coding,CG43307
FBgn0029882,CG3226,CG3226,protein_coding,CG3226
FBgn0036101,NijA,CG6449,protein_coding,Ninjurin A
FBgn0035968,Slc45-1,CG4484,protein_coding,Solute carrier family 45 member 1
FBgn0051446,CG31446,CG31446,protein_coding,CG31446
FBgn0053017,CG33017,CG33017,protein_coding,CG33017
FBgn0038872,Nelf-A,CG5874,protein_coding,Negative elongation factor A
FBgn0264740,CG43998,CG43998,protein_coding,CG43998
FBgn0020018,Ppox,CG5796,protein_coding,Protoporphyrinogen oxidase
FBgn0039240,CG3744,CG3744,protein_coding,CG3744
FBgn0015316,Try29F,CG9564,protein_coding,Trypsin 29F
FBgn0015777,nrv2,CG9261,protein_coding,nervana 2
FBgn0011747,Ank,CG1651,protein_coding,Ankyrin
FBgn0003366,sev,CG18085,protein_coding,sevenless
FBgn0265866,CR44655,CR44655,ncRNA,CR44655
FBgn0025583,BomS2,CG18106,protein_coding,Bomanin Short 2
FBgn0263873,sick,CG43720,protein_coding,sickie
FBgn0030628,CG9114,CG9114,protein_coding,CG9114
FBgn0263120,Acsl,CG8732,protein_coding,Acyl-CoA synthetase long-chain
FBgn0266737,CR45210,CR45210,ncRNA,CR45210
FBgn0264714,CG43982,CG43982,protein_coding,CG43982
FBgn0030455,CG4318,CG4318,protein_coding,CG4318
FBgn0030262,Vago,CG2081,protein_coding,Vago
FBgn0260720,CR42547,CR42547,ncRNA,CR42547
FBgn0001137,grk,CG17610,protein_coding,gurken
FBgn0250843,Prosalpha6,CG4904,protein_coding,Proteasome alpha6 subunit
FBgn0264483,CR43891,CR43891,ncRNA,CR43891
FBgn0031190,CG12576,CG12576,protein_coding,CG12576
FBgn0033748,vis,CG8821,protein_coding,vismay
FBgn0053884,CG33884,CG33884,protein_coding,CG33884
FBgn0051735,CG31735,CG31735,protein_coding,CG31735
FBgn0004875,enc,CG10847,protein_coding,encore
FBgn0037180,CG14452,CG14452,protein_coding,CG14452
FBgn0050055,CR30055,CR30055,ncRNA,CR30055
FBgn0040098,lectin-29Ca,CG17799,protein_coding,lectin-29Ca
FBgn0036666,TSG101,CG9712,protein_coding,Tumor susceptibility gene 101
FBgn0024689,fws,CG6549,protein_coding,four way stop
FBgn0264325,Atg6,CG5429,protein_coding,Autophagy-related 6
FBgn0028430,He,CG31770,protein_coding,Hemese
FBgn0085366,CG34337,CG34337,protein_coding,CG34337
FBgn0034748,CG17807,CG17807,protein_coding,CG17807
FBgn0029964,CG1409,CG1409,protein_coding,CG1409
FBgn0030968,CG7322,CG7322,protein_coding,CG7322
FBgn0265840,CR44629,CR44629,ncRNA,CR44629
FBgn0031345,CG18132,CG18132,protein_coding,CG18132
FBgn0035437,Strip,CG11526,protein_coding,Striatin interacting protein
FBgn0266436,CG45066,CG45066,protein_coding,CG45066
FBgn0037215,beta-Man,CG12582,protein_coding,beta-Mannosidase
FBgn0032242,CG5355,CG5355,protein_coding,CG5355
FBgn0052806,CG32806,CG32806,protein_coding,CG32806
FBgn0033240,CG2906,CG2906,protein_coding,CG2906
FBgn0052835,CR32835,CR32835,ncRNA,CR32835
FBgn0011300,babo,CG8224,protein_coding,baboon
FBgn0082989,Psi28S-2442a,CR34613,snoRNA,Psi28S-2442a
FBgn0262852,CR43216,CR43216,pseudogene,CR43216
FBgn0051432,Thr-TGT-2-5,CR31432,tRNA,Threonine-TGT 2-5
FBgn0041621,Or82a,CG31519,protein_coding,Odorant receptor 82a
FBgn0053057,Tpt,CG33057,protein_coding,tRNA 2'-phosphotransferase
FBgn0051352,Unc-115a,CG31352,protein_coding,Uncoordinated 115a
FBgn0030300,Sk1,CG1747,protein_coding,Sphingosine kinase 1
FBgn0031820,Daxx,CG9537,protein_coding,Daxx-like protein
FBgn0267030,CR45474,CR45474,ncRNA,CR45474
FBgn0267948,CR46228,CR46228,ncRNA,CR46228
FBgn0004577,Pxd,CG3477,protein_coding,Peroxidase
FBgn0265645,CR44452,CR44452,ncRNA,CR44452
FBgn0002638,Rcc1,CG10480,protein_coding,Regulator of chromosome condensation 1
FBgn0028325,Pdha,CG7010,protein_coding,Pyruvate dehydrogenase E1 alpha subunit
FBgn0263625,CR43634,CR43634,ncRNA,CR43634
FBgn0053483,CG33483,CG33483,protein_coding,CG33483
FBgn0264562,Hr4,CG43934,protein_coding,Hormone receptor 4
FBgn0030584,Grx5,CG14407,protein_coding,Glutaredoxin 5
FBgn0028387,chm,CG5229,protein_coding,chameau
FBgn0029885,CG3224,CG3224,protein_coding,CG3224
FBgn0263537,mir-4951,CR43522,ncRNA,mir-4951 stem loop
FBgn0035087,CG2765,CG2765,protein_coding,CG2765
FBgn0036184,PCID2,CG7351,protein_coding,PCI domain-containing protein 2
FBgn0036964,FRG1,CG6480,protein_coding,FSHD region gene 1
FBgn0266313,CR44978,CR44978,ncRNA,CR44978
FBgn0033761,CG8778,CG8778,protein_coding,CG8778
FBgn0039640,superdeath,CG14516,protein_coding,Suppressor of ER stress-induced death
FBgn0053923,CG33923,CG33923,protein_coding,CG33923
FBgn0037530,EMC1,CG2943,protein_coding,ER membrane protein complex subunit 1
FBgn0029573,CG14770,CG14770,protein_coding,CG14770
FBgn0264832,CG44040,CG44040,protein_coding,CG44040
FBgn0288738,CG46513,CG46513,protein_coding,CG46513
FBgn0039067,wda,CG4448,protein_coding,will decrease acetylation
FBgn0267985,CR46252,CR46252,ncRNA,CR46252
FBgn0051278,CG31278,CG31278,protein_coding,CG31278
FBgn0036004,Jarid2,CG3654,protein_coding,"Jumonji, AT rich interactive domain 2"
FBgn0264901,CR44092,CR44092,ncRNA,CR44092
FBgn0037761,CG8534,CG8534,protein_coding,CG8534
FBgn0265661,CR44468,CR44468,ncRNA,CR44468
FBgn0051524,CG31524,CG31524,protein_coding,CG31524
FBgn0010406,RNaseX25,CG8194,protein_coding,Ribonuclease X25
FBgn0267502,CR45842,CR45842,rRNA,CR45842
FBgn0263611,CR43620,CR43620,ncRNA,CR43620
FBgn0264844,CR44052,CR44052,ncRNA,CR44052
FBgn0050355,CG30355,CG30355,protein_coding,CG30355
FBgn0002774,mle,CG11680,protein_coding,maleless
FBgn0265511,CR44373,CR44373,ncRNA,CR44373
FBgn0266358,CR45006,CR45006,ncRNA,CR45006
FBgn0035582,CG13705,CG13705,protein_coding,CG13705
FBgn0031419,CG15390,CG15390,protein_coding,CG15390
FBgn0011852,Glu-CTC-3-5,CR32326,tRNA,Glutamic acid-CTC 3-5
FBgn0039849,CG11334,CG11334,protein_coding,CG11334
FBgn0024352,Stip1,CG2720,protein_coding,Stress induced phosphoprotein 1
FBgn0034141,Dolk,CG8311,protein_coding,Dolichol kinase
FBgn0024941,RSG7,CG9108,protein_coding,Regulator of G-protein signaling 7
FBgn0040020,MED21,CG17397,protein_coding,Mediator complex subunit 21
FBgn0038889,Fancm,CG7922,protein_coding,Fanconi anemia group M helicase
FBgn0039051,CG17109,CG17109,protein_coding,CG17109
FBgn0031736,CG11030,CG11030,protein_coding,CG11030
FBgn0039908,Asator,CG11533,protein_coding,Asator
FBgn0037107,CG7166,CG7166,protein_coding,CG7166
FBgn0037707,RnpS1,CG16788,protein_coding,RNA-binding protein S1
FBgn0264365,CR43817,CR43817,ncRNA,CR43817
FBgn0030931,Xrcc2,CG6318,protein_coding,X-ray repair cross complementing 2
FBgn0034975,enok,CG11290,protein_coding,enoki mushroom
FBgn0028517,CG18478,CG18478,protein_coding,CG18478
FBgn0034467,CG15128,CG15128,protein_coding,CG15128
FBgn0051866,Ada1-2,CG31866,protein_coding,transcriptional Adaptor 1-2
FBgn0013343,Syx1A,CG31136,protein_coding,Syntaxin 1A
FBgn0014417,Naglu,CG13397,protein_coding,N-acetyl-alpha-glucosaminidase
FBgn0035246,CG13928,CG13928,protein_coding,CG13928
FBgn0041624,Or65b,CG32402,protein_coding,Odorant receptor 65b
FBgn0035422,RpL28,CG12740,protein_coding,Ribosomal protein L28
FBgn0029897,RpL17,CG3203,protein_coding,Ribosomal protein L17
FBgn0038140,PK2-R1,CG8784,protein_coding,Pyrokinin 2 receptor 1
FBgn0039296,Sil1,CG10420,protein_coding,Sil1 nucleotide exchange factor
FBgn0029943,Atg5,CG1643,protein_coding,Autophagy-related 5
FBgn0051633,CG31633,CG31633,protein_coding,CG31633
FBgn0265892,CR44681,CR44681,ncRNA,CR44681
FBgn0039350,jigr1,CG17383,protein_coding,jing interacting gene regulatory 1
FBgn0266408,CR45048,CR45048,ncRNA,CR45048
FBgn0287462,CR46451,CR46451,ncRNA,CR46451
FBgn0038200,CG9920,CG9920,protein_coding,CG9920
FBgn0034601,CG4286,CG4286,protein_coding,CG4286
FBgn0050010,CG30010,CG30010,protein_coding,CG30010
FBgn0052640,CG32640,CG32640,protein_coding,CG32640
FBgn0030177,CG2972,CG2972,protein_coding,CG2972
FBgn0015371,chn,CG11798,protein_coding,charlatan
FBgn0051926,CG31926,CG31926,protein_coding,CG31926
FBgn0053282,CG33282,CG33282,protein_coding,CG33282
FBgn0002552,lin,CG11770,protein_coding,lines
FBgn0011296,l(2)efl,CG4533,protein_coding,lethal (2) essential for life
FBgn0262356,CG43054,CG43054,protein_coding,CG43054
FBgn0031739,CG14005,CG14005,protein_coding,CG14005
FBgn0263345,CR43426,CR43426,ncRNA,CR43426
FBgn0002948,nod,CG1763,protein_coding,no distributive disjunction
FBgn0263523,mir-4972,CR43508,ncRNA,mir-4972 stem loop
FBgn0053773,CG33773,CG33773,protein_coding,CG33773
FBgn0264897,CG44088,CG44088,protein_coding,CG44088
FBgn0036641,Smn,CG16725,protein_coding,survival motor neuron
FBgn0029771,CG12730,CG12730,protein_coding,CG12730
FBgn0004878,cas,CG2102,protein_coding,castor
FBgn0266672,Sec8,CG2095,protein_coding,Secretory 8
FBgn0036176,CG7377,CG7377,protein_coding,CG7377
FBgn0264541,CG43920,CG43920,protein_coding,CG43920
FBgn0262508,CG43078,CG43078,protein_coding,CG43078
FBgn0050058,CG30058,CG30058,protein_coding,CG30058
FBgn0262975,cnc,CG43286,protein_coding,cap-n-collar
FBgn0051155,Polr2G,CG31155,protein_coding,RNA polymerase II subunit G
FBgn0260964,Vmat,CG33528,protein_coding,Vesicular monoamine transporter
FBgn0037011,Nubp2,CG4858,protein_coding,NUBP iron-sulfur cluster assembly factor 2
FBgn0266464,Nsf2,CG33101,protein_coding,N-ethylmaleimide-sensitive factor 2
FBgn0266623,CR45130,CR45130,ncRNA,CR45130
FBgn0039770,CG15537,CG15537,protein_coding,CG15537
FBgn0051368,CG31368,CG31368,protein_coding,CG31368
FBgn0260718,CR42545,CR42545,pseudogene,CR42545
FBgn0036552,CG17028,CG17028,protein_coding,CG17028
FBgn0039667,FipoQ,CG2010,protein_coding,F-box involved in polyQ pathogenesis
FBgn0034217,Lhr,CG18468,protein_coding,Lethal hybrid rescue
FBgn0011999,Val-CAC-2-1,CR31512,tRNA,Valine-CAC 2-1
FBgn0015576,alpha-Est8,CG1121,protein_coding,alpha-Esterase-8
FBgn0037222,CG14642,CG14642,protein_coding,CG14642
FBgn0266244,CR44939,CR44939,ncRNA,CR44939
FBgn0038652,CG7720,CG7720,protein_coding,CG7720
FBgn0031479,Prx6a,CG3083,protein_coding,Peroxiredoxin 6a
FBgn0053348,CheB42a,CG33348,protein_coding,Chemosensory protein B 42a
FBgn0030756,CG9903,CG9903,protein_coding,CG9903
FBgn0011656,Mef2,CG1429,protein_coding,Myocyte enhancer factor 2
FBgn0037370,CG1236,CG1236,protein_coding,CG1236
FBgn0265694,CR44501,CR44501,ncRNA,CR44501
FBgn0037162,CG11449,CG11449,protein_coding,CG11449
FBgn0033460,Sec24AB,CG1472,protein_coding,Secretory 24AB
FBgn0030347,CG15739,CG15739,protein_coding,CG15739
FBgn0030989,Inx5,CG7537,protein_coding,Innexin 5
FBgn0000337,cn,CG1555,protein_coding,cinnabar
FBgn0050401,dany,CG30401,protein_coding,distal antenna-young
FBgn0267276,CR45712,CR45712,ncRNA,CR45712
FBgn0033377,Pgm2a,CG8073,protein_coding,Phosphoglucomutase 2a
FBgn0034329,BomS1,CG18108,protein_coding,Bomanin Short 1
FBgn0004381,Klp68D,CG7293,protein_coding,Kinesin-like protein at 68D
FBgn0262516,Trpml,CG8743,protein_coding,"Transient receptor potential cation channel, mucolipin"
FBgn0267438,CR45788,CR45788,ncRNA,CR45788
FBgn0014340,mof,CG3025,protein_coding,males absent on the first
FBgn0031865,Nha1,CG10806,protein_coding,Na[+]/H[+] hydrogen antiporter 1
FBgn0027654,jdp,CG2239,protein_coding,jdp
FBgn0262512,Vha14-1,CG8210,protein_coding,Vacuolar H[+] ATPase 14kD subunit 1
FBgn0041164,armi,CG11513,protein_coding,armitage
FBgn0028686,Rpt3,CG16916,protein_coding,Regulatory particle triple-A ATPase 3
FBgn0264389,opm,CG9053,protein_coding,opossum
FBgn0035176,mat,CG13905,protein_coding,materazzi
FBgn0083986,CG34150,CG34150,protein_coding,CG34150
FBgn0260812,inaF-D,CG42563,protein_coding,inaF-D
FBgn0050000,GstT1,CG30000,protein_coding,Glutathione S transferase T1
FBgn0033438,Mmp2,CG1794,protein_coding,Matrix metalloproteinase 2
FBgn0030804,CG13002,CG13002,protein_coding,CG13002
FBgn0035257,CG12011,CG12011,protein_coding,CG12011
FBgn0011666,msi,CG5099,protein_coding,musashi
FBgn0264342,CG43798,CG43798,protein_coding,CG43798
FBgn0034097,CG3687,CG3687,protein_coding,CG3687
FBgn0040751,CG13018,CG13018,protein_coding,CG13018
FBgn0266088,CR44830,CR44830,ncRNA,CR44830
FBgn0051518,Gly-TCC-1-4,CR31518,tRNA,Glycine-TCC 1-4
FBgn0039411,dysf,CG32474,protein_coding,dysfusion
FBgn0034057,CG8314,CG8314,protein_coding,CG8314
FBgn0039338,XNP,CG4548,protein_coding,XNP
FBgn0034504,CG8929,CG8929,protein_coding,CG8929
FBgn0004648,svr,CG4122,protein_coding,silver
FBgn0034501,CG13868,CG13868,protein_coding,CG13868
FBgn0036242,CG6793,CG6793,protein_coding,CG6793
FBgn0266966,CR45417,CR45417,ncRNA,CR45417
FBgn0266744,CR45217,CR45217,ncRNA,CR45217
FBgn0264604,CR43953,CR43953,ncRNA,CR43953
FBgn0036359,CG14105,CG14105,protein_coding,CG14105
FBgn0029662,CG12206,CG12206,protein_coding,CG12206
FBgn0037330,mRpL44,CG2109,protein_coding,mitochondrial ribosomal protein L44
FBgn0036847,CNPYb,CG11577,protein_coding,Canopy b
FBgn0011745,Arp1,CG6174,protein_coding,Actin-related protein 1
FBgn0011956,Arg-ACG-1-3,CR30314,tRNA,Arginine-ACG 1-3
FBgn0028668,Vha16-2,CG32089,protein_coding,Vacuolar H[+] ATPase 16kD subunit 2
FBgn0266245,CR44940,CR44940,ncRNA,CR44940
FBgn0267704,flam,CR46037,ncRNA,flamenco
FBgn0030057,Ppt1,CG12108,protein_coding,Palmitoyl-protein thioesterase 1
FBgn0053819,CG33819,CG33819,protein_coding,CG33819
FBgn0036178,CG14137,CG14137,protein_coding,CG14137
FBgn0030090,fend,CG12664,protein_coding,forked end
FBgn0035028,Start1,CG3522,protein_coding,Start1
FBgn0000964,tj,CG10034,protein_coding,traffic jam
FBgn0032198,eEF1delta,CG4912,protein_coding,eukaryotic translation elongation factor 1 delta
FBgn0039413,CG14556,CG14556,protein_coding,CG14556
FBgn0035996,CG3448,CG3448,protein_coding,CG3448
FBgn0029789,PGAP1,CG3160,protein_coding,Post-GPI attachment to proteins 1
FBgn0033798,CG15870,CG15870,protein_coding,CG15870
FBgn0039102,SPE,CG16705,protein_coding,Spatzle-Processing Enzyme
FBgn0039015,Takl2,CG4803,protein_coding,Tak1-like 2
FBgn0263623,CR43632,CR43632,ncRNA,CR43632
FBgn0052537,CG32537,CG32537,protein_coding,CG32537
FBgn0263835,CR43697,CR43697,pseudogene,CR43697
FBgn0051102,CG31102,CG31102,protein_coding,CG31102
FBgn0265798,CR44587,CR44587,ncRNA,CR44587
FBgn0266429,AstA-R1,CG2872,protein_coding,Allatostatin A receptor 1
FBgn0266897,CR45357,CR45357,ncRNA,CR45357
FBgn0030799,CG4872,CG4872,protein_coding,CG4872
FBgn0003116,pn,CG3461,protein_coding,prune
FBgn0250832,Dup99B,CG33495,protein_coding,Ductus ejaculatorius peptide 99B
FBgn0259222,CG42322,CG42322,protein_coding,CG42322
FBgn0262447,mir-14,CR43013,ncRNA,mir-14 stem loop
FBgn0266183,CR44889,CR44889,ncRNA,CR44889
FBgn0040809,CG13465,CG13465,protein_coding,CG13465
FBgn0265186,CG44251,CG44251,protein_coding,CG44251
FBgn0014000,Hf,CG10658,protein_coding,Helical Factor
FBgn0053240,CG33240,CG33240,protein_coding,CG33240
FBgn0037265,spartin,CG12001,protein_coding,spartin
FBgn0266641,CR45148,CR45148,ncRNA,CR45148
FBgn0031520,CG8837,CG8837,protein_coding,CG8837
FBgn0286736,Or-ACA9,CR46378,ncRNA,Orphan H/ACA box 9
FBgn0082967,Psi28S-3327a,CR34642,snoRNA,Psi28S-3327a
FBgn0037888,scpr-B,CG17210,protein_coding,SCP-containing protein B
FBgn0005322,nmd,CG5395,protein_coding,no mitochondrial derivative
FBgn0267492,Mst77Y-7,CG45768,protein_coding,Male-specific transcript 77Y 7
FBgn0031381,Npc2a,CG7291,protein_coding,Niemann-Pick type C-2a
FBgn0010105,comm,CG17943,protein_coding,commissureless
FBgn0033352,PAN2,CG8232,protein_coding,Poly(A)-binding protein-dependent poly(A) ribonuclease 2
FBgn0043900,pygo,CG11518,protein_coding,pygopus
FBgn0266749,CR45222,CR45222,ncRNA,CR45222
FBgn0267191,CR45631,CR45631,ncRNA,CR45631
FBgn0051773,Fpgs2,CG31773,protein_coding,Folylpolyglutamate synthase 2
FBgn0030707,CG8916,CG8916,protein_coding,CG8916
FBgn0035263,CG12035,CG12035,protein_coding,CG12035
FBgn0027552,CG10863,CG10863,protein_coding,CG10863
FBgn0034994,Ir60a,CG13576,protein_coding,Ionotropic receptor 60a
FBgn0034921,DCP1,CG11183,protein_coding,Decapping protein 1
FBgn0033196,HisT,CG1358,protein_coding,Histamine transporter
FBgn0041182,Tep2,CG7052,protein_coding,Thioester-containing protein 2
FBgn0085334,CG34305,CG34305,protein_coding,CG34305
FBgn0036520,CG13449,CG13449,protein_coding,CG13449
FBgn0043364,cbt,CG4427,protein_coding,cabut
FBgn0032889,CG9331,CG9331,protein_coding,CG9331
FBgn0085233,CG34204,CG34204,protein_coding,CG34204
FBgn0264838,CR44046,CR44046,ncRNA,CR44046
FBgn0028936,NimB5,CG16873,protein_coding,Nimrod B5
FBgn0053843,CG33843,CG33843,protein_coding,CG33843
FBgn0286071,AdamTS-A,CG14869,protein_coding,ADAM metallopeptidase with thrombospondin type 1 motif A
FBgn0265883,CR44672,CR44672,ncRNA,CR44672
FBgn0065032,Arpc3B,CG8936,protein_coding,"Actin-related protein 2/3 complex, subunit 3B"
FBgn0262177,mir-375,CR42884,ncRNA,mir-375 stem loop
FBgn0034793,asrij,CG13533,protein_coding,asrij
FBgn0053669,CG33669,CG33669,protein_coding,CG33669
FBgn0034096,CG7786,CG7786,protein_coding,CG7786
FBgn0265203,CR44263,CR44263,ncRNA,CR44263
FBgn0026721,fat-spondin,CG6953,protein_coding,fat-spondin
FBgn0264907,CG44098,CG44098,protein_coding,CG44098
FBgn0265720,CR44527,CR44527,ncRNA,CR44527
FBgn0031005,Hs3st-B,CG7890,protein_coding,Heparan sulfate 3-O sulfotransferase-B
FBgn0053451,CR33451,CR33451,rRNA,CR33451
FBgn0267229,CR45669,CR45669,ncRNA,CR45669
FBgn0039747,AdoR,CG9753,protein_coding,Adenosine receptor
FBgn0053527,SIFa,CG33527,protein_coding,SIFamide
FBgn0038691,CG5250,CG5250,protein_coding,CG5250
FBgn0051510,CG31510,CG31510,protein_coding,CG31510
FBgn0262594,CheA46a,CG33800,protein_coding,Chemosensory protein A 46a
FBgn0265079,CR44190,CR44190,ncRNA,CR44190
FBgn0022786,Hira,CG12153,protein_coding,Hira
FBgn0038763,PIG-L,CG4433,protein_coding,Phosphatidylinositol glycan anchor biosynthesis class L
FBgn0262409,mir-304,CR42953,ncRNA,mir-304 stem loop
FBgn0264299,CG43777,CG43777,protein_coding,CG43777
FBgn0037030,CG3288,CG3288,protein_coding,CG3288
FBgn0286070,cnk,CG6556,protein_coding,connector enhancer of ksr
FBgn0250821,CG14644,CG14644,protein_coding,CG14644
FBgn0011931,Asn-GTT-1-6,CR30510,tRNA,Asparagine-GTT 1-6
FBgn0011297,Alg3,CG4084,protein_coding,"ALG3, alpha-1,3- mannosyltransferase"
FBgn0028693,Rpn12,CG4157,protein_coding,Regulatory particle non-ATPase 12
FBgn0266965,CR45416,CR45416,ncRNA,CR45416
FBgn0286933,CG46430,CG46430,protein_coding,CG46430
FBgn0031057,Ubqn,CG14224,protein_coding,Ubiquilin
FBgn0027949,msb1l,CG10364,protein_coding,msb1l
FBgn0031835,Dpp10,CG11319,protein_coding,Dipeptidyl peptidase 10
FBgn0028398,Taf10,CG2859,protein_coding,TBP-associated factor 10
FBgn0051464,CG31464,CG31464,protein_coding,CG31464
FBgn0287608,CR46477,CR46477,ncRNA,CR46477
FBgn0287631,CG46491,CG46491,protein_coding,CG46491
FBgn0265636,CR44443,CR44443,ncRNA,CR44443
FBgn0267155,CR45595,CR45595,ncRNA,CR45595
FBgn0038643,CG14300,CG14300,protein_coding,CG14300
FBgn0036895,ms(3)76Cc,CG9392,protein_coding,male sterile (3) 76Cc
FBgn0033921,tej,CG8589,protein_coding,tejas
FBgn0036491,Best4,CG7259,protein_coding,Bestrophin 4
FBgn0040396,CG3939,CG3939,protein_coding,CG3939
FBgn0052240,CG32240,CG32240,protein_coding,CG32240
FBgn0033784,SCCRO3,CG13322,protein_coding,Squamous cell carcinoma-related oncogene 3
FBgn0039219,CG13630,CG13630,protein_coding,CG13630
FBgn0020278,loco,CG5248,protein_coding,locomotion defects
FBgn0000119,arr,CG5912,protein_coding,arrow
FBgn0085457,CG34428,CG34428,protein_coding,CG34428
FBgn0029896,CG3168,CG3168,protein_coding,CG3168
FBgn0032100,CG13108,CG13108,protein_coding,CG13108
FBgn0036687,CG6652,CG6652,protein_coding,CG6652
FBgn0267072,CR45516,CR45516,ncRNA,CR45516
FBgn0036483,CG12316,CG12316,protein_coding,CG12316
FBgn0038376,Hmt-1,CG4225,protein_coding,Heavy metal tolerance factor 1
FBgn0033092,Rpp25,CG9422,protein_coding,Ribonuclease P/MRP subunit p25
FBgn0053814,CG33814,CG33814,protein_coding,CG33814
FBgn0040794,CG13056,CG13056,protein_coding,CG13056
FBgn0267214,CR45654,CR45654,ncRNA,CR45654
FBgn0031730,CG7236,CG7236,protein_coding,CG7236
FBgn0085243,CG34214,CG34214,protein_coding,CG34214
FBgn0260469,CR14578,CR14578,pseudogene,CR14578
FBgn0025712,CG13920,CG13920,protein_coding,CG13920
FBgn0051935,Rab3GAP1,CG31935,protein_coding,RAB3 GTPase activating protein subunit 1
FBgn0266206,CR44901,CR44901,ncRNA,CR44901
FBgn0031930,CG7025,CG7025,protein_coding,CG7025
FBgn0031062,CG14230,CG14230,protein_coding,CG14230
FBgn0004509,Fur1,CG10772,protein_coding,Furin 1
FBgn0001291,Jra,CG2275,protein_coding,Jun-related antigen
FBgn0031768,IPIP,CG12393,protein_coding,Inositol phosphatase interacting protein
FBgn0002354,l(3)87Df,CG7620,protein_coding,lethal (3) 87Df
FBgn0033395,Cyp4p2,CG1944,protein_coding,Cytochrome P450 4p2
FBgn0267121,CR45561,CR45561,ncRNA,CR45561
FBgn0039016,Dcr-1,CG4792,protein_coding,Dicer-1
FBgn0083038,Psi18S-525a,CR34570,snoRNA,Psi18S-525a
FBgn0034286,dpr13,CG33996,protein_coding,defective proboscis extension response 13
FBgn0011853,Glu-CTC-3-6,CR32325,tRNA,Glutamic acid-CTC 3-6
FBgn0262006,CG42824,CG42824,protein_coding,CG42824
FBgn0037831,Cap-H2,CG14685,protein_coding,Chromosome associated protein H2
FBgn0261553,CG42671,CG42671,protein_coding,CG42671
FBgn0038761,CG17190,CG17190,protein_coding,CG17190
FBgn0034768,Obp58b,CG13518,protein_coding,Odorant-binding protein 58b
FBgn0265833,CG44622,CG44622,protein_coding,CG44622
FBgn0262451,mir-ban,CR43018,ncRNA,bantam
FBgn0020270,mre11,CG16928,protein_coding,meiotic recombination 11
FBgn0259732,tal-3A,CG42386,protein_coding,tarsal-less 3A
FBgn0052693,Gr9a,CG32693,protein_coding,Gustatory receptor 9a
FBgn0267154,CR45594,CR45594,ncRNA,CR45594
FBgn0036822,NijB,CG11637,protein_coding,Ninjurin B
FBgn0050065,CG30065,CG30065,protein_coding,CG30065
FBgn0261503,CR42651,CR42651,ncRNA,CR42651
FBgn0030573,nmdyn-D6,CG5310,protein_coding,nmdyn-D6
FBgn0261522,CR42657,CR42657,ncRNA,CR42657
FBgn0026738,CG7857,CG7857,protein_coding,CG7857
FBgn0264324,spg,CG31048,protein_coding,sponge
FBgn0082935,Me28S-G1083a,CR34562,snoRNA,Me28S-G1083a
FBgn0039789,CG9717,CG9717,protein_coding,CG9717
FBgn0010225,Gel,CG1106,protein_coding,Gelsolin
FBgn0263526,mir-4971,CR43511,ncRNA,mir-4971 stem loop
FBgn0034961,CG3163,CG3163,protein_coding,CG3163
FBgn0267761,CR46092,CR46092,ncRNA,CR46092
FBgn0265414,CR44326,CR44326,ncRNA,CR44326
FBgn0036394,CG9040,CG9040,protein_coding,CG9040
FBgn0265596,CR44423,CR44423,ncRNA,CR44423
FBgn0011945,Pro-TGG-1-2,CR31571,tRNA,Proline-TGG 1-2
FBgn0030148,CG3106,CG3106,protein_coding,CG3106
FBgn0035623,mthl2,CG17795,protein_coding,methuselah-like 2
FBgn0264481,CR43889,CR43889,ncRNA,CR43889
FBgn0039271,CG11839,CG11839,protein_coding,CG11839
FBgn0000644,Fcp3C,CG4015,protein_coding,Follicle cell protein 3C
FBgn0033160,Dhx15,CG11107,protein_coding,DEAH-box helicase 15
FBgn0029970,Nek2,CG17256,protein_coding,Nek2
FBgn0030839,ENGase,CG5613,protein_coding,Endo-beta-N-acetylglucosaminidase
FBgn0267468,CR45818,CR45818,ncRNA,CR45818
FBgn0052082,IRSp53,CG32082,protein_coding,Insulin receptor substrate 53 kDa
FBgn0021856,l(2)k14505,CG8674,protein_coding,lethal (2) k14505
FBgn0083029,Psi18S-525j,CR34586,snoRNA,Psi18S-525j
FBgn0028622,qsm,CG13432,protein_coding,quasimodo
FBgn0000246,c(3)G,CG17604,protein_coding,crossover suppressor on 3 of Gowen
FBgn0037372,Dcps,CG2091,protein_coding,"Decapping enzyme, scavenger"
FBgn0038311,CG14864,CG14864,protein_coding,CG14864
FBgn0086916,snky,CG11281,protein_coding,sneaky
FBgn0038645,CG7714,CG7714,protein_coding,CG7714
FBgn0000008,a,CG6741,protein_coding,arc
FBgn0260855,Sec22,CG7359,protein_coding,Secretory 22
FBgn0263144,bin3,CG8276,protein_coding,bicoid-interacting protein 3
FBgn0265268,CG18234,CG18234,protein_coding,CG18234
FBgn0001256,ImpL1,CG10717,protein_coding,Ecdysone-inducible gene L1
FBgn0033859,fand,CG6197,protein_coding,fandango
FBgn0036519,CG7650,CG7650,protein_coding,CG7650
FBgn0038919,Qsox2,CG17843,protein_coding,Quiescin sulfhydryl oxidase 2
FBgn0033651,Ir48c,CG12444,protein_coding,Ionotropic receptor 48c
FBgn0039136,CG5902,CG5902,protein_coding,CG5902
FBgn0000351,cort,CG11330,protein_coding,cortex
FBgn0038595,CG7142,CG7142,protein_coding,CG7142
FBgn0259230,lectin-22C,CG42295,protein_coding,lectin-22C
FBgn0259789,zld,CG12701,protein_coding,zelda
FBgn0011211,blw,CG3612,protein_coding,bellwether
FBgn0267194,CR45634,CR45634,ncRNA,CR45634
FBgn0263408,CR43454,CR43454,ncRNA,CR43454
FBgn0040636,CG13255,CG13255,protein_coding,CG13255
FBgn0028932,CG16890,CG16890,protein_coding,CG16890
FBgn0031720,CG14013,CG14013,protein_coding,CG14013
FBgn0004594,Eig71Eg,CG7336,protein_coding,Ecdysone-induced gene 71Eg
FBgn0036193,CG14135,CG14135,protein_coding,CG14135
FBgn0035760,CG8607,CG8607,protein_coding,CG8607
FBgn0267258,CR45694,CR45694,ncRNA,CR45694
FBgn0041102,ocn,CG7929,protein_coding,ocnus
FBgn0036734,CG7564,CG7564,protein_coding,CG7564
FBgn0051471,Thr-AGT-1-7,CR31471,tRNA,Threonine-AGT 1-7
FBgn0262098,CG42851,CG42851,protein_coding,CG42851
FBgn0027948,msps,CG5000,protein_coding,mini spindles
FBgn0035146,CG13893,CG13893,protein_coding,CG13893
FBgn0262279,mir-983-2,CR42986,ncRNA,mir-983-2 stem loop
FBgn0052846,CG32846,CG32846,protein_coding,CG32846
FBgn0053821,CG33821,CG33821,protein_coding,CG33821
FBgn0039106,CG10301,CG10301,protein_coding,CG10301
FBgn0266148,CR44854,CR44854,ncRNA,CR44854
FBgn0015008,Actn3,CG8953,protein_coding,alpha actinin 3
FBgn0053878,CG33878,CG33878,protein_coding,CG33878
FBgn0259236,comm3,CG42334,protein_coding,comm3
FBgn0004864,hop,CG1594,protein_coding,hopscotch
FBgn0051347,CG31347,CG31347,protein_coding,CG31347
FBgn0001169,H,CG5460,protein_coding,Hairless
FBgn0035388,CG2162,CG2162,protein_coding,CG2162
FBgn0263514,mir-4966-1,CR43499,ncRNA,mir-4966-1 stem loop
FBgn0034418,CG15118,CG15118,protein_coding,CG15118
FBgn0038028,CG10035,CG10035,protein_coding,CG10035
FBgn0010488,NAT1,CG3845,protein_coding,NAT1
FBgn0287234,slf,CG3244,protein_coding,schlaff
FBgn0261988,Gprk2,CG17998,protein_coding,G protein-coupled receptor kinase 2
FBgn0265101,Sgt1,CG9617,protein_coding,suppressor-of-G2-allele-of-skp1
FBgn0034511,GNBP-like3,CG13422,protein_coding,GNBP-like 3
FBgn0086610,CG33342,CG33342,protein_coding,HDC15381
FBgn0260866,dnr1,CG12489,protein_coding,defense repressor 1
FBgn0030623,PPYR1,CG15031,protein_coding,Protein phosphatase Y regulator 1
FBgn0031644,CG15625,CG15625,protein_coding,CG15625
FBgn0265924,CR44713,CR44713,ncRNA,CR44713
FBgn0066304,Rpp20,CG33931,protein_coding,Ribonuclease P protein subunit p20
FBgn0287668,CR46495,CR46495,ncRNA,CR46495
FBgn0036663,CG9674,CG9674,protein_coding,CG9674
FBgn0051609,CG31609,CG31609,protein_coding,CG31609
FBgn0266726,CR45199,CR45199,ncRNA,CR45199
FBgn0014023,mRpL47,CG9378,protein_coding,mitochondrial ribosomal protein L47
FBgn0050095,CG30095,CG30095,protein_coding,CG30095
FBgn0033851,CG13332,CG13332,protein_coding,CG13332
FBgn0033387,CG8008,CG8008,protein_coding,CG8008
FBgn0028740,CG6362,CG6362,protein_coding,CG6362
FBgn0266318,CR44983,CR44983,ncRNA,CR44983
FBgn0050362,boly,CG30362,protein_coding,borrelly
FBgn0264700,CR43969,CR43969,ncRNA,CR43969
FBgn0034900,CG12491,CG12491,protein_coding,CG12491
FBgn0034071,CG8405,CG8405,protein_coding,CG8405
FBgn0265738,CR44545,CR44545,ncRNA,CR44545
FBgn0003923,38ABb,CR32878,snRNA,small nuclear RNA U2 at 38AB b
FBgn0264941,CR44110,CR44110,ncRNA,CR44110
FBgn0010038,GstD2,CG4181,protein_coding,Glutathione S transferase D2
FBgn0261788,Ank2,CG42734,protein_coding,Ankyrin 2
FBgn0029507,Tsp42Ed,CG12846,protein_coding,Tetraspanin 42Ed
FBgn0051702,tplus3a,CG31702,protein_coding,testis-specific Plus3 domain a
FBgn0037076,ebd2,CG12972,protein_coding,earthbound 2
FBgn0031126,Cyp6v1,CG1829,protein_coding,Cytochrome P450 6v1
FBgn0003382,sha,CG13209,protein_coding,shavenoid
FBgn0029148,NHP2,CG5258,protein_coding,NHP2
FBgn0265453,CR44353,CR44353,ncRNA,CR44353
FBgn0031003,CG7889,CG7889,protein_coding,CG7889
FBgn0030890,CG7536,CG7536,protein_coding,CG7536
FBgn0037962,Dnali1,CG6971,protein_coding,Dynein axonemal light intermediate chain 1
FBgn0038282,dpr9,CG33485,protein_coding,defective proboscis extension response 9
FBgn0035477,CG14982,CG14982,protein_coding,CG14982
FBgn0053737,430k,CR33737,ncRNA,small non-coding RNA 430k
FBgn0045823,vsg,CG16707,protein_coding,visgun
FBgn0039471,CG6295,CG6295,protein_coding,CG6295
FBgn0013764,Chi,CG3924,protein_coding,Chip
FBgn0262381,mir-276b,CR42904,ncRNA,mir-276b stem loop
FBgn0264561,Glg1,CG33214,protein_coding,Golgi complex-localized glycoprotein 1
FBgn0267323,CR45759,CR45759,ncRNA,CR45759
FBgn0011870,Gly-GCC-1-11,CR30138,tRNA,Glycine-GCC 1-11
FBgn0032669,CG15155,CG15155,protein_coding,CG15155
FBgn0036318,Wbp2,CG11009,protein_coding,WW domain binding protein 2
FBgn0038132,apn,CG15887,protein_coding,apnoia
FBgn0011951,Arg-TCG-3-4,CR32617,tRNA,Arginine-TCG 3-4
FBgn0265146,CG44215,CG44215,protein_coding,CG44215
FBgn0259715,CG42369,CG42369,protein_coding,CG42369
FBgn0262722,CR43166,CR43166,ncRNA,CR43166
FBgn0259845,CR42414,CR42414,ncRNA,CR42414
FBgn0035932,CG13308,CG13308,protein_coding,CG13308
FBgn0038313,CG4338,CG4338,protein_coding,CG4338
FBgn0034506,CG13870,CG13870,protein_coding,CG13870
FBgn0263046,CG43341,CG43341,protein_coding,CG43341
FBgn0004197,Ser,CG6127,protein_coding,Serrate
FBgn0063380,54Eb,CR32897,snoRNA,54Eb
FBgn0033931,Obp50e,CG13939,protein_coding,Odorant-binding protein 50e
FBgn0264883,CR44074,CR44074,ncRNA,CR44074
FBgn0038485,CG5255,CG5255,protein_coding,CG5255
FBgn0035921,CG13305,CG13305,protein_coding,CG13305
FBgn0265372,CR44313,CR44313,ncRNA,CR44313
FBgn0039680,Cap-D2,CG1911,protein_coding,CAP-D2 condensin subunit
FBgn0039130,CG5854,CG5854,protein_coding,CG5854
FBgn0004657,mys,CG1560,protein_coding,myospheroid
FBgn0052061,CG32061,CG32061,protein_coding,CG32061
FBgn0039379,CG5886,CG5886,protein_coding,CG5886
FBgn0086358,Tab2,CG7417,protein_coding,TAK1-associated binding protein 2
FBgn0011858,Phe-GAA-1-8,CR31586,tRNA,Phenylalanine-GAA 1-8
FBgn0033827,CG17047,CG17047,protein_coding,CG17047
FBgn0010583,dock,CG3727,protein_coding,dreadlocks
FBgn0036821,CG3961,CG3961,protein_coding,CG3961
FBgn0264544,CG43923,CG43923,protein_coding,CG43923
FBgn0037044,Pdss2,CG10585,protein_coding,Decaprenyl diphosphate synthase subunit 2
FBgn0051988,CG31988,CG31988,protein_coding,CG31988
FBgn0038013,CG10038,CG10038,protein_coding,CG10038
FBgn0026239,gukh,CG31043,protein_coding,GUK-holder
FBgn0085349,CR34320,CR34320,pseudogene,CR34320
FBgn0262380,mir-309,CR42903,ncRNA,mir-309 stem loop
FBgn0266154,CR44860,CR44860,ncRNA,CR44860
FBgn0267946,CR46226,CR46226,ncRNA,CR46226
FBgn0036405,CG6833,CG6833,protein_coding,CG6833
FBgn0033872,CG6329,CG6329,protein_coding,CG6329
FBgn0034158,RalGPS,CG5522,protein_coding,Ral GEF with PH domain and SH3 binding motif
FBgn0031764,CG9107,CG9107,protein_coding,CG9107
FBgn0050285,BaraC,CG30285,protein_coding,Baramicin C
FBgn0031731,CG14007,CG14007,protein_coding,CG14007
FBgn0013705,Ser-GCT,CR34080,tRNA,Serine-GCT
FBgn0030780,CG13008,CG13008,protein_coding,CG13008
FBgn0033708,CG8850,CG8850,protein_coding,CG8850
FBgn0264886,CR44077,CR44077,ncRNA,CR44077
FBgn0033951,CG10139,CG10139,protein_coding,CG10139
FBgn0030556,mRNA-cap,CG1810,protein_coding,mRNA-capping-enzyme
FBgn0028563,sut1,CG8714,protein_coding,sugar transporter 1
FBgn0003886,alphaTub85E,CG9476,protein_coding,alpha-Tubulin at 85E
FBgn0029947,CG1999,CG1999,protein_coding,CG1999
FBgn0033207,CG12826,CG12826,protein_coding,CG12826
FBgn0053369,CR33369,CR33369,rRNA,CR33369
FBgn0267977,mh,CG9203,protein_coding,maternal haploid
FBgn0266071,CR44824,CR44824,ncRNA,CR44824
FBgn0032665,CG15152,CG15152,protein_coding,CG15152
FBgn0003205,Ras85D,CG9375,protein_coding,Ras oncogene at 85D
FBgn0033791,Drl-2,CG3915,protein_coding,Derailed 2
FBgn0020633,Mcm7,CG4978,protein_coding,Minichromosome maintenance 7
FBgn0053408,CR33408,CR33408,rRNA,CR33408
FBgn0026313,X11L,CG5675,protein_coding,X11L
FBgn0052499,Cda4,CG32499,protein_coding,Chitin deacetylase-like 4
FBgn0030846,CG12992,CG12992,protein_coding,CG12992
FBgn0287210,CG46440,CG46440,protein_coding,CG46440
FBgn0034918,Pym,CG30176,protein_coding,Partner of Y14 and Mago
FBgn0262964,CR43275,CR43275,pseudogene,CR43275
FBgn0086266,Vm26Ac,CG13997,protein_coding,Vitelline membrane 26Aac
FBgn0035970,CG4483,CG4483,protein_coding,CG4483
FBgn0262002,CG42820,CG42820,protein_coding,CG42820
FBgn0003346,RanGAP,CG9999,protein_coding,Ran GTPase activating protein
FBgn0266789,CR45254,CR45254,ncRNA,CR45254
FBgn0085284,Blos3,CG34255,protein_coding,"Biogenesis of lysosome-related organelles complex 1, subunit 3"
FBgn0263114,CG43371,CG43371,protein_coding,CG43371
FBgn0267962,CR46242,CR46242,ncRNA,CR46242
FBgn0032754,CG10700,CG10700,protein_coding,CG10700
FBgn0031468,CG2975,CG2975,protein_coding,CG2975
FBgn0250819,CG33521,CG33521,protein_coding,CG33521
FBgn0004179,Csp,CG6395,protein_coding,Cysteine string protein
FBgn0267165,CR45605,CR45605,ncRNA,CR45605
FBgn0037016,CG13252,CG13252,protein_coding,CG13252
FBgn0265723,CR44530,CR44530,ncRNA,CR44530
FBgn0036814,CG14073,CG14073,protein_coding,CG14073
FBgn0030406,CG1463,CG1463,protein_coding,CG1463
FBgn0287600,CR46469,CR46469,ncRNA,CR46469
FBgn0030692,mRpS30,CG8470,protein_coding,mitochondrial ribosomal protein S30
FBgn0038866,CG5810,CG5810,protein_coding,CG5810
FBgn0035780,CG18417,CG18417,protein_coding,CG18417
FBgn0031636,CG12194,CG12194,protein_coding,CG12194
FBgn0086370,sra,CG6072,protein_coding,sarah
FBgn0286567,gry,CG17569,protein_coding,gryzun
FBgn0266354,CG45002,CG45002,protein_coding,CG45002
FBgn0039696,Rnb,CG7837,protein_coding,R and B
FBgn0033372,CG13742,CG13742,protein_coding,CG13742
FBgn0250786,Chd1,CG3733,protein_coding,Chromodomain-helicase-DNA-binding protein 1
FBgn0264339,CG43795,CG43795,protein_coding,CG43795
FBgn0032348,CG4751,CG4751,protein_coding,CG4751
FBgn0286870,enrr,CR46392,ncRNA,elav noncoding regulatory RNA
FBgn0038266,CG3610,CG3610,protein_coding,CG3610
FBgn0011723,byn,CG7260,protein_coding,brachyenteron
FBgn0030039,CG12123,CG12123,protein_coding,CG12123
FBgn0036142,Adck5,CG7616,protein_coding,aarF domain containing kinase 5
FBgn0267944,CR46224,CR46224,ncRNA,CR46224
FBgn0027376,rha,CG11908,protein_coding,rha
FBgn0051344,CG31344,CG31344,protein_coding,CG31344
FBgn0053452,CR33452,CR33452,rRNA,CR33452
FBgn0011881,Ile-AAT-1-3,CR32842,tRNA,Isoleucine-AAT 1-3
FBgn0029936,CG4617,CG4617,protein_coding,CG4617
FBgn0264503,CG43902,CG43902,protein_coding,CG43902
FBgn0038195,CG3061,CG3061,protein_coding,CG3061
FBgn0037443,Dmtn,CG1021,protein_coding,Dementin
FBgn0266211,CR44906,CR44906,pseudogene,CR44906
FBgn0033206,DCTN4-p62,CG12042,protein_coding,"Dynactin 4, p62 subunit"
FBgn0050338,CG30338,CG30338,protein_coding,CG30338
FBgn0030035,PIG-T,CG11190,protein_coding,Phosphatidylinositol glycan anchor biosynthesis class T
FBgn0085244,CG34215,CG34215,protein_coding,CG34215
FBgn0028532,CG7968,CG7968,protein_coding,CG7968
FBgn0264427,CG43845,CG43845,protein_coding,CG43845
FBgn0037378,PSMG1,CG2046,protein_coding,Proteasome assembly chaperone 1
FBgn0046874,Pif1B,CG33720,protein_coding,PFTAIRE-interacting factor 1B
FBgn0030658,CG7872,CG7872,protein_coding,CG7872
FBgn0024985,Rilpl,CG11448,protein_coding,Rab interacting lysosomal protein like
FBgn0053449,CR33449,CR33449,rRNA,CR33449
FBgn0038285,CG6974,CG6974,protein_coding,CG6974
FBgn0029859,CG15892,CG15892,protein_coding,CG15892
FBgn0266443,CG45073,CG45073,protein_coding,CG45073
FBgn0285892,tea,CG30007,protein_coding,telomere ends associated
FBgn0033054,CG14591,CG14591,protein_coding,CG14591
FBgn0015929,dpa,CG1616,protein_coding,disc proliferation abnormal
FBgn0027786,Mtch,CG6851,protein_coding,Mitochondrial carrier homolog 1
FBgn0002622,RpS3,CG6779,protein_coding,Ribosomal protein S3
FBgn0044508,M,CR32807,snoRNA,M
FBgn0036731,CG6333,CG6333,protein_coding,CG6333
FBgn0082950,Me18S-G1952,CR34536,snoRNA,Me18S-G1952
FBgn0263463,gcl-a,CR43578,snoRNA,CR43578
FBgn0027581,CG6191,CG6191,protein_coding,CG6191
FBgn0032822,CG10466,CG10466,protein_coding,CG10466
FBgn0286740,Or-CD17,CR46382,ncRNA,Orphan CD box 17
FBgn0264363,CG43815,CG43815,protein_coding,CG43815
FBgn0033440,CG10459,CG10459,protein_coding,CG10459
FBgn0038951,Polr3F,CG5380,protein_coding,RNA polymerase III subunit F
FBgn0260960,Baldspot,CG3971,protein_coding,Baldspot
FBgn0033208,mRpL52,CG1577,protein_coding,mitochondrial ribosomal protein L52
FBgn0025352,Mtpbeta,CG4581,protein_coding,Mitochondrial trifunctional protein beta subunit
FBgn0263029,CG43324,CG43324,protein_coding,CG43324
FBgn0035873,CG13670,CG13670,protein_coding,CG13670
FBgn0263531,mir-4955,CR43516,ncRNA,mir-4955 stem loop
FBgn0030871,CG8142,CG8142,protein_coding,CG8142
FBgn0001247,Ide,CG5517,protein_coding,Insulin degrading metalloproteinase
FBgn0265143,CR44212,CR44212,ncRNA,CR44212
FBgn0040308,Prx4,CG1274,protein_coding,Peroxiredoxin 4
FBgn0035348,CG16758,CG16758,protein_coding,CG16758
FBgn0034095,CG15701,CG15701,protein_coding,CG15701
FBgn0040322,GNBP2,CG4144,protein_coding,Gram-negative bacteria binding protein 2
FBgn0029679,CG2901,CG2901,protein_coding,CG2901
FBgn0027582,CG6230,CG6230,protein_coding,CG6230
FBgn0053443,CR33443,CR33443,rRNA,CR33443
FBgn0026257,cav,CG6219,protein_coding,caravaggio
FBgn0029898,CG14439,CG14439,protein_coding,CG14439
FBgn0004436,Ubc6,CG2013,protein_coding,Ubiquitin conjugating enzyme 6
FBgn0265977,CR44756,CR44756,ncRNA,CR44756
FBgn0045477,Gr64c,CG32256,protein_coding,Gustatory receptor 64c
FBgn0037560,CR18228,CR18228,pseudogene,CR18228
FBgn0036337,Adk2,CG11255,protein_coding,Adenosine kinase 2
FBgn0038948,JMJD6,CG5383,protein_coding,Jumonji domain containing 6
FBgn0035583,hoka,CG13704,protein_coding,hoka
FBgn0036406,CG13484,CG13484,protein_coding,CG13484
FBgn0267649,pre-mod(mdg4)-H,CG45987,protein_coding,CG45987
FBgn0040375,CG13760,CG13760,protein_coding,CG13760
FBgn0050349,CG30349,CG30349,protein_coding,CG30349
FBgn0040068,Vav,CG7893,protein_coding,Vav guanine nucleotide exchange factor
FBgn0033155,Br140,CG1845,protein_coding,"Bromodomain-containing protein, 140kD"
FBgn0262371,mir-263b,CR42886,ncRNA,mir-263b stem loop
FBgn0032625,CG15136,CG15136,protein_coding,CG15136
FBgn0082966,Psi28S-3327b,CR34643,snoRNA,Psi28S-3327b
FBgn0053730,430d,CR33730,ncRNA,small non-coding RNA 430d
FBgn0001404,egh,CG9659,protein_coding,egghead
FBgn0266023,CR44788,CR44788,ncRNA,CR44788
FBgn0263462,Dek-a,CR43577,snoRNA,CR43577
FBgn0063497,GstE3,CG17524,protein_coding,Glutathione S transferase E3
FBgn0085804,CR41571,CR41571,pseudogene,CR41571
FBgn0033341,MrgBP,CG13746,protein_coding,MRG/MORF4L binding protein
FBgn0027109,NPF,CG10342,protein_coding,neuropeptide F
FBgn0243512,puc,CG7850,protein_coding,puckered
FBgn0001281,janB,CG7931,protein_coding,janus B
FBgn0039092,CG16723,CG16723,protein_coding,CG16723
FBgn0050316,Arg-ACG-1-4,CR30316,tRNA,Arginine-ACG 1-4
FBgn0034452,Oseg6,CG11237,protein_coding,Outer segment 6
FBgn0053286,CG33286,CG33286,protein_coding,CG33286
FBgn0030092,fh,CG8971,protein_coding,frataxin
FBgn0039040,CG13833,CG13833,protein_coding,CG13833
FBgn0263655,CG43646,CG43646,protein_coding,CG43646
FBgn0085468,ND-MWFE,CG34439,protein_coding,NADH dehydrogenase (ubiquinone) MWFE subunit
FBgn0082930,Me28S-G2703b,CR34540,snoRNA,Me28S-G2703b
FBgn0039601,CG1523,CG1523,protein_coding,CG1523
FBgn0259204,sloth2,CG42308,protein_coding,sloth 2
FBgn0265274,Inx3,CG1448,protein_coding,Innexin 3
FBgn0262955,Polr2B,CG3180,protein_coding,RNA polymerase II subunit B
FBgn0030181,CG12645,CG12645,protein_coding,CG12645
FBgn0005633,fln,CG7445,protein_coding,flightin
FBgn0052179,Krn,CG32179,protein_coding,Keren
FBgn0266879,CR45340,CR45340,ncRNA,CR45340
FBgn0259733,tal-AA,CG42387,protein_coding,tarsal-less AA
FBgn0052200,Pro-CGG-2-3,CR32200,tRNA,Proline-CGG 2-3
FBgn0014031,Agxt,CG3926,protein_coding,Alanine-glyoxylate aminotransferase
FBgn0265417,CG44329,CG44329,protein_coding,CG44329
FBgn0035714,Sbds,CG8549,protein_coding,SBDS ribosome maturation factor
FBgn0036224,Rpt4R,CG7257,protein_coding,Regulatory particle triple-A ATPase 4-related
FBgn0039444,TwdlD,CG14243,protein_coding,TweedleD
FBgn0038422,js,CG14880,protein_coding,jiangshi
FBgn0011812,Lcp1Psi,CR30367,pseudogene,Larval cuticle protein 1 pseudogene
FBgn0032726,CG10621,CG10621,protein_coding,CG10621
FBgn0036321,CG14120,CG14120,protein_coding,CG14120
FBgn0085199,CG34170,CG34170,protein_coding,CG34170
FBgn0286919,CR46419,CR46419,pseudogene,CR46419
FBgn0264820,CR44028,CR44028,pseudogene,CR44028
FBgn0085204,CG34175,CG34175,protein_coding,CG34175
FBgn0031375,erm,CG31670,protein_coding,earmuff
FBgn0015569,alpha-Est10,CG1131,protein_coding,alpha-Esterase-10
FBgn0259685,crb,CG6383,protein_coding,crumbs
FBgn0265659,CR44466,CR44466,ncRNA,CR44466
FBgn0037696,GstZ1,CG9362,protein_coding,Glutathione S transferase Z1
FBgn0052856,CG32856,CG32856,protein_coding,CG32856
FBgn0002440,l(3)mbn,CG12755,protein_coding,lethal (3) malignant blood neoplasm
FBgn0003520,stau,CG5753,protein_coding,staufen
FBgn0034626,bisc,CG10795,protein_coding,biscotti
FBgn0036600,CG13043,CG13043,protein_coding,CG13043
FBgn0030519,CG11151,CG11151,protein_coding,CG11151
FBgn0063499,GstE10,CG17522,protein_coding,Glutathione S transferase E10
FBgn0034461,CG15124,CG15124,protein_coding,CG15124
FBgn0259840,CR42409,CR42409,ncRNA,CR42409
FBgn0037627,CG13318,CG13318,protein_coding,CG13318
FBgn0038632,CG14301,CG14301,protein_coding,CG14301
FBgn0267772,CR46103,CR46103,ncRNA,CR46103
FBgn0035541,CG15019,CG15019,protein_coding,CG15019
FBgn0035332,CG13801,CG13801,protein_coding,CG13801
FBgn0260004,Snmp1,CG7000,protein_coding,Sensory neuron membrane protein 1
FBgn0010638,Sec61beta,CG10130,protein_coding,Sec61 beta subunit
FBgn0033434,CG1902,CG1902,protein_coding,CG1902
FBgn0031299,CG4629,CG4629,protein_coding,CG4629
FBgn0040506,ACXE,CG17178,protein_coding,Adenylyl cyclase X E
FBgn0038834,RpS30,CG15697,protein_coding,Ribosomal protein S30
FBgn0017590,klg,CG6669,protein_coding,klingon
FBgn0032345,Dnaaf4,CG14921,protein_coding,Dynein axonemal assembly factor 4
FBgn0040281,Aplip1,CG1200,protein_coding,APPL-interacting protein 1
FBgn0032094,CG12439,CG12439,protein_coding,CG12439
FBgn0032682,grnd,CG10176,protein_coding,grindelwald
FBgn0262115,CG17683,CG17683,protein_coding,CG17683
FBgn0011860,Gly-GCC-1-2,CR31945,tRNA,Glycine-GCC 1-2
FBgn0086913,Rab26,CG34410,protein_coding,Rab26
FBgn0053353,CR33353,CR33353,rRNA,CR33353
FBgn0019972,Drice,CG7788,protein_coding,Death related ICE-like caspase
FBgn0031294,IA-2,CG31795,protein_coding,IA-2 protein tyrosine phosphatase
FBgn0031012,CG8051,CG8051,protein_coding,CG8051
FBgn0083035,Psi18S-525d,CR34575,snoRNA,Psi18S-525d
FBgn0040729,CG15126,CG15126,protein_coding,CG15126
FBgn0259972,Sfp77F,CG42482,protein_coding,Seminal fluid protein 77F
FBgn0266912,CR45372,CR45372,ncRNA,CR45372
FBgn0053690,dls,CG33690,protein_coding,daedalus on 3
FBgn0266136,Gyc76C,CG42636,protein_coding,Guanylyl cyclase at 76C
FBgn0266929,CR45380,CR45380,ncRNA,CR45380
FBgn0027329,CCT6,CG8231,protein_coding,Chaperonin containing TCP1 subunit 6
FBgn0265510,CR44372,CR44372,ncRNA,CR44372
FBgn0035771,Sec63,CG8583,protein_coding,Secretory 63
FBgn0036951,CG7017,CG7017,protein_coding,CG7017
FBgn0034720,Liprin-gamma,CG11206,protein_coding,Liprin-gamma
FBgn0267861,Maf1,CG40196,protein_coding,Maf1
FBgn0263381,CR43433,CR43433,ncRNA,CR43433
FBgn0263561,mir-4984,CR43546,ncRNA,mir-4984 stem loop
FBgn0053868,CG33868,CG33868,protein_coding,CG33868
FBgn0051542,CG31542,CG31542,protein_coding,CG31542
FBgn0029987,CG15330,CG15330,protein_coding,CG15330
FBgn0034588,CG9394,CG9394,protein_coding,CG9394
FBgn0283473,S6KL,CG7001,protein_coding,S6 Kinase Like
FBgn0033351,AIMP1,CG8235,protein_coding,aaRS-interacting multifunctional protein 1
FBgn0263388,CR43440,CR43440,ncRNA,CR43440
FBgn0264326,PolE1,CG6768,protein_coding,DNA polymerase epsilon subunit 1
FBgn0034253,CG10936,CG10936,protein_coding,CG10936
FBgn0262459,mir-34,CR43033,ncRNA,mir-34 stem loop
FBgn0054056,CG34056,CG34056,protein_coding,CG34056
FBgn0031059,CG14229,CG14229,protein_coding,CG14229
FBgn0030010,CG10959,CG10959,protein_coding,CG10959
FBgn0263986,cd,CG6969,protein_coding,cardinal
FBgn0051862,CG31862,CG31862,protein_coding,CG31862
FBgn0035852,CG7387,CG7387,protein_coding,CG7387
FBgn0262400,mir-287,CR42939,ncRNA,mir-287 stem loop
FBgn0038961,CG13850,CG13850,protein_coding,CG13850
FBgn0015622,Cnx99A,CG11958,protein_coding,Calnexin 99A
FBgn0013276,Hsp70Ab,CG18743,protein_coding,Heat shock protein 70 Ab
FBgn0035861,CG7213,CG7213,protein_coding,CG7213
FBgn0050062,CG30062,CG30062,protein_coding,CG30062
FBgn0037716,Son,CG8273,protein_coding,Son RNA binding protein
FBgn0262334,mir-992,CR43041,ncRNA,mir-992 stem loop
FBgn0036603,CG13062,CG13062,protein_coding,CG13062
FBgn0038201,PK1-R,CG9918,protein_coding,Pyrokinin 1 receptor
FBgn0033494,KCNQ,CG33135,protein_coding,KCNQ potassium channel
FBgn0031688,Cyp28d2,CG6081,protein_coding,Cytochrome P450 28d2
FBgn0266124,ghi,CG32038,protein_coding,ghiberti
FBgn0035691,CG7386,CG7386,protein_coding,CG7386
FBgn0053822,CG33822,CG33822,protein_coding,CG33822
FBgn0266538,CG45099,CG45099,protein_coding,CG45099
FBgn0266889,CR45350,CR45350,ncRNA,CR45350
FBgn0031360,CG31937,CG31937,protein_coding,CG31937
FBgn0061361,Tcs1,CG33786,protein_coding,Threonyl-carbamoyl synthesis 1
FBgn0259855,CR42424,CR42424,ncRNA,CR42424
FBgn0032859,Arpc2,CG10954,protein_coding,"Actin-related protein 2/3 complex, subunit 2"
FBgn0260755,CG42553,CG42553,protein_coding,CG42553
FBgn0266844,CR45306,CR45306,ncRNA,CR45306
FBgn0002787,Rpn8,CG3416,protein_coding,Regulatory particle non-ATPase 8
FBgn0053807,CG33807,CG33807,protein_coding,CG33807
FBgn0033010,Atf6,CG3136,protein_coding,Atf6
FBgn0038857,Bdbt,CG17282,protein_coding,Bride of doubletime
FBgn0035639,kri,CG5537,protein_coding,krishah
FBgn0037828,tomboy20,CG14690,protein_coding,tomboy20
FBgn0011715,Snr1,CG1064,protein_coding,Snf5-related 1
FBgn0039820,CG15554,CG15554,protein_coding,CG15554
FBgn0053828,CG33828,CG33828,protein_coding,CG33828
FBgn0051202,alpha-Man-Ic,CG31202,protein_coding,alpha-Mannosidase class I c
FBgn0262905,CR43260,CR43260,ncRNA,CR43260
FBgn0263106,DnaJ-1,CG10578,protein_coding,DnaJ-like-1
FBgn0053829,CG33829,CG33829,protein_coding,CG33829
FBgn0261833,CR42765,CR42765,ncRNA,CR42765
FBgn0011985,Ser-AGA-2-3,CR31734,tRNA,Serine-AGA 2-3
FBgn0032702,CG10376,CG10376,protein_coding,CG10376
FBgn0034139,CG4927,CG4927,protein_coding,CG4927
FBgn0037546,mAChR-B,CG7918,protein_coding,"muscarinic Acetylcholine Receptor, B-type"
FBgn0036949,CG7290,CG7290,protein_coding,CG7290
FBgn0033658,Twdlbeta,CG8986,protein_coding,Tweedlebeta
FBgn0027513,ana2,CG8262,protein_coding,anastral spindle 2
FBgn0261928,CG42795,CG42795,protein_coding,CG42795
FBgn0010651,MFS14,CG15095,protein_coding,Major Facilitator Superfamily Transporter 14
FBgn0036290,CG10638,CG10638,protein_coding,CG10638
FBgn0039525,CG5646,CG5646,protein_coding,CG5646
FBgn0036454,CG17839,CG17839,protein_coding,CG17839
FBgn0266010,CR44783,CR44783,ncRNA,CR44783
FBgn0262106,CR42859,CR42859,ncRNA,CR42859
FBgn0039704,neo,CG7802,protein_coding,neyo
FBgn0263096,CR43364,CR43364,pseudogene,CR43364
FBgn0265807,CR44596,CR44596,ncRNA,CR44596
FBgn0261592,RpS6,CG10944,protein_coding,Ribosomal protein S6
FBgn0266428,CR43463,CR43463,ncRNA,CR43463
FBgn0262272,mir-1002,CR42979,ncRNA,mir-1002 stem loop
FBgn0264432,CG43850,CG43850,protein_coding,CG43850
FBgn0032717,CG10600,CG10600,protein_coding,CG10600
FBgn0050375,CG30375,CG30375,protein_coding,CG30375
FBgn0043533,Obp56f,CG30450,protein_coding,Odorant-binding protein 56f
FBgn0034362,CG5323,CG5323,protein_coding,CG5323
FBgn0266074,CR44827,CR44827,ncRNA,CR44827
FBgn0036020,Cyp40,CG8336,protein_coding,Cyclophilin 40
FBgn0260486,Ziz,CG42533,protein_coding,Zizimin
FBgn0053442,CR33442,CR33442,rRNA,CR33442
FBgn0039225,Ets96B,CG6892,protein_coding,Ets96B
FBgn0052412,QC,CG32412,protein_coding,Glutaminyl cyclase
FBgn0036751,Adgf-B,CG5998,protein_coding,Adenosine deaminase-related growth factor B
FBgn0085308,CG34279,CG34279,protein_coding,CG34279
FBgn0039766,CG15536,CG15536,protein_coding,CG15536
FBgn0029685,CG2938,CG2938,protein_coding,CG2938
FBgn0263355,CG31688,CG31688,protein_coding,CG31688
FBgn0035251,Vta1,CG7967,protein_coding,Vesicle trafficking 1
FBgn0085231,CG34202,CG34202,protein_coding,CG34202
FBgn0262828,CR43199,CR43199,ncRNA,CR43199
FBgn0037720,CG8312,CG8312,protein_coding,CG8312
FBgn0031589,Naprt,CG3714,protein_coding,Nicotinate phosphoribosyltransferase
FBgn0039641,CG14511,CG14511,protein_coding,CG14511
FBgn0031022,CG12204,CG12204,protein_coding,CG12204
FBgn0013676,CoIII,CG34074,protein_coding,mitochondrial Cytochrome c oxidase subunit III
FBgn0052170,CG32170,CG32170,protein_coding,CG32170
FBgn0035689,CG7376,CG7376,protein_coding,CG7376
FBgn0263340,CR43421,CR43421,ncRNA,CR43421
FBgn0025638,Roc1a,CG16982,protein_coding,Regulator of cullins 1a
FBgn0284420,TS27,CR46334,ncRNA, testis-specific 27
FBgn0260002,Me28S-U2134b,CR34679,snoRNA,CR34679
FBgn0030104,CG15368,CG15368,protein_coding,CG15368
FBgn0036537,CG18081,CG18081,protein_coding,CG18081
FBgn0264739,CG43997,CG43997,protein_coding,CG43997
FBgn0037902,CG5281,CG5281,protein_coding,CG5281
FBgn0033153,Gadd45,CG11086,protein_coding,Growth arrest and DNA damage-inducible 45
FBgn0031505,ND-B14.5B,CG12400,protein_coding,NADH dehydrogenase (ubiquinone) B14.5 B subunit
FBgn0085354,CG34325,CG34325,protein_coding,CG34325
FBgn0052219,CG32219,CG32219,protein_coding,CG32219
FBgn0266150,CR44856,CR44856,ncRNA,CR44856
FBgn0040097,lectin-30A,CG17011,protein_coding,lectin-30A
FBgn0002590,RpS5a,CG8922,protein_coding,Ribosomal protein S5a
FBgn0264893,CR44084,CR44084,ncRNA,CR44084
FBgn0032398,CG6766,CG6766,protein_coding,CG6766
FBgn0036450,Tdrd3,CG13472,protein_coding,Tudor domain containing 3
FBgn0030611,CG15027,CG15027,protein_coding,CG15027
FBgn0263341,CR43422,CR43422,ncRNA,CR43422
FBgn0037399,Or83c,CG15581,protein_coding,Odorant receptor 83c
FBgn0038773,CG10887,CG10887,protein_coding,CG10887
FBgn0039561,mfrn,CG4963,protein_coding,mitoferrin
FBgn0039994,conu,CG17082,protein_coding,conundrum
FBgn0038529,CG14323,CG14323,protein_coding,CG14323
FBgn0034573,Sou,CG3295,protein_coding,Souji
FBgn0017424,CR11538,CR11538,ncRNA,CR11538
FBgn0037896,ninaG,CG6728,protein_coding,ninaG
FBgn0034784,CG9826,CG9826,protein_coding,CG9826
FBgn0262397,mir-2c,CR42936,ncRNA,mir-2c stem loop
FBgn0052982,CG32982,CG32982,protein_coding,CG32982
FBgn0050215,Ile-AAT-1-9,CR30215,tRNA,Isoleucine-AAT 1-9
FBgn0266094,CR44831,CR44831,ncRNA,CR44831
FBgn0033744,Dh44-R2,CG12370,protein_coding,Diuretic hormone 44 receptor 2
FBgn0032851,CG13970,CG13970,protein_coding,CG13970
FBgn0283479,Alp1,CG5656,protein_coding,Alkaline phosphatase 1
FBgn0051787,CG31787,CG31787,protein_coding,CG31787
FBgn0265881,CR44670,CR44670,ncRNA,CR44670
FBgn0266973,CR45424,CR45424,ncRNA,CR45424
FBgn0265996,CR44771,CR44771,ncRNA,CR44771
FBgn0028741,fab1,CG6355,protein_coding,fab1 kinase
FBgn0037439,CG10286,CG10286,protein_coding,CG10286
FBgn0026755,Ugt37B1,CG9481,protein_coding,UDP-glycosyltransferase family 37 member B1
FBgn0035228,CG12091,CG12091,protein_coding,CG12091
FBgn0031184,CG14615,CG14615,protein_coding,CG14615
FBgn0037297,CG1116,CG1116,protein_coding,CG1116
FBgn0031903,Wnt10,CG4971,protein_coding,Wnt oncogene analog 10
FBgn0010786,Hmbs,CG9165,protein_coding,Hydroxymethylbilane synthase
FBgn0040565,CG7606,CG7606,protein_coding,CG7606
FBgn0000137,ase,CG3258,protein_coding,asense
FBgn0002563,Lsp1beta,CG4178,protein_coding,Larval serum protein 1 beta
FBgn0051849,Mgat3,CG31849,protein_coding,"beta-1,4-mannosyl-glycoprotein 4-beta-N-acetylglucosaminyltransferase"
FBgn0001942,eIF4A,CG9075,protein_coding,eukaryotic translation initiation factor 4A
FBgn0267914,CR46195,CR46195,ncRNA,CR46195
FBgn0053965,CG33965,CG33965,protein_coding,CG33965
FBgn0028560,sut4,CG1380,protein_coding,sugar transporter 4
FBgn0003132,Pp1-13C,CG9156,protein_coding,Protein phosphatase 1 at 13C
FBgn0050160,CG30160,CG30160,protein_coding,CG30160
FBgn0031721,CG14017,CG14017,protein_coding,CG14017
FBgn0085202,CG34173,CG34173,protein_coding,CG34173
FBgn0033032,kune,CG1298,protein_coding,kune-kune
FBgn0021872,Xbp1,CG9415,protein_coding,X box binding protein-1
FBgn0037770,Art4,CG5358,protein_coding,Arginine methyltransferase 4
FBgn0013576,mtd,CG32464,protein_coding,mustard
FBgn0267693,CR46029,CR46029,ncRNA,CR46029
FBgn0023175,Prosalpha7,CG1519,protein_coding,Proteasome alpha7 subunit
FBgn0011896,Lys-CTT-1-10,CR30507,tRNA,Lysine-CTT 1-10
FBgn0051676,CG31676,CG31676,protein_coding,CG31676
FBgn0265897,CR44686,CR44686,ncRNA,CR44686
FBgn0263041,CG43336,CG43336,protein_coding,CG43336
FBgn0034400,CG15099,CG15099,protein_coding,CG15099
FBgn0050125,Ir56a,CG30125,protein_coding,Ionotropic receptor 56a
FBgn0267336,Glut4EF,CG34360,protein_coding,Glucose transporter 4 enhancer factor
FBgn0085396,CG34367,CG34367,protein_coding,CG34367
FBgn0022160,Gpo1,CG8256,protein_coding,Glycerophosphate oxidase 1
FBgn0263447,CR43470,CR43470,ncRNA,CR43470
FBgn0013756,Mgtor,CG8274,protein_coding,Megator
FBgn0028847,CG9014,CG9014,protein_coding,CG9014
FBgn0267132,CR45572,CR45572,ncRNA,CR45572
FBgn0260753,Pdfr,CG13758,protein_coding,Pigment-dispersing factor receptor
FBgn0025621,CG16989,CG16989,protein_coding,CG16989
FBgn0031558,CG16704,CG16704,protein_coding,CG16704
FBgn0035567,CG7514,CG7514,protein_coding,CG7514
FBgn0034420,CG10737,CG10737,protein_coding,CG10737
FBgn0053140,CG33140,CG33140,protein_coding,CG33140
FBgn0264479,CR43887,CR43887,ncRNA,CR43887
FBgn0003892,ptc,CG2411,protein_coding,patched
FBgn0039597,CG9997,CG9997,protein_coding,CG9997
FBgn0050298,Thr-AGT-2-1,CR30298,tRNA,Threonine-AGT 2-1
FBgn0003071,Pfk,CG4001,protein_coding,Phosphofructokinase
FBgn0034480,CG16898,CG16898,protein_coding,CG16898
FBgn0005564,Shal,CG9262,protein_coding,Shaker cognate l
FBgn0030983,CG15882,CG15882,protein_coding,CG15882
FBgn0265819,CR44608,CR44608,ncRNA,CR44608
FBgn0051902,Spn28Da,CG31902,protein_coding,Serpin 28Da
FBgn0034364,CG5493,CG5493,protein_coding,CG5493
FBgn0035121,Tudor-SN,CG7008,protein_coding,Tudor staphylococcal nuclease
FBgn0026380,Prosbeta3,CG11981,protein_coding,Proteasome beta3 subunit
FBgn0052687,CG32687,CG32687,protein_coding,CG32687
FBgn0262464,mir-6-1,CR43047,ncRNA,mir-6-1 stem loop
FBgn0028506,CG4455,CG4455,protein_coding,CG4455
FBgn0263076,Klp54D,CG43323,protein_coding,Kinesin-like protein at 54D
FBgn0051267,CG31267,CG31267,protein_coding,CG31267
FBgn0045486,Gr36b,CG31744,protein_coding,Gustatory receptor 36b
FBgn0262103,Sik3,CG42856,protein_coding,Salt-inducible kinase 3
FBgn0051618,CG31618,CG31618,protein_coding,CG31618
FBgn0036986,CG5282,CG5282,protein_coding,CG5282
FBgn0262576,CG43116,CG43116,protein_coding,CG43116
FBgn0052102,CG32102,CG32102,protein_coding,CG32102
FBgn0003189,r,CG18572,protein_coding,rudimentary
FBgn0038686,CG5555,CG5555,protein_coding,CG5555
FBgn0037023,CG3698,CG3698,protein_coding,CG3698
FBgn0039099,GILT2,CG10157,protein_coding,Gamma-interferon-inducible lysosomal thiol reductase 2
FBgn0031310,Vps29,CG4764,protein_coding,Vacuolar protein sorting 29
FBgn0267656,CR45994,CR45994,ncRNA,CR45994
FBgn0263339,CR43420,CR43420,ncRNA,CR43420
FBgn0038944,CG5388,CG5388,protein_coding,CG5388
FBgn0031895,CG4497,CG4497,protein_coding,CG4497
FBgn0035254,CG7974,CG7974,protein_coding,CG7974
FBgn0040336,Seipin,CG9904,protein_coding,Seipin
FBgn0035848,Uxs,CG7979,protein_coding,UDP-xylose synthase
FBgn0037116,Als2,CG7158,protein_coding,Amyotrophic lateral sclerosis 2
FBgn0036118,Blos2,CG14145,protein_coding,"Biogenesis of lysosome-related organelles complex 1, subunit 2"
FBgn0034047,cGlr1,CG12970,protein_coding,cGAS-like receptor 1
FBgn0039316,CG11893,CG11893,protein_coding,CG11893
FBgn0262185,mir-995,CR42892,ncRNA,mir-995 stem loop
FBgn0023524,CG3078,CG3078,protein_coding,CG3078
FBgn0031257,CG4133,CG4133,protein_coding,CG4133
FBgn0028375,heix,CG5876,protein_coding,heixuedian
FBgn0267151,CR45591,CR45591,ncRNA,CR45591
FBgn0083027,Psi18S-531,CR34590,snoRNA,Psi18S-531
FBgn0003429,slo,CG10693,protein_coding,slowpoke
FBgn0037619,CG8159,CG8159,protein_coding,CG8159
FBgn0054007,CG34007,CG34007,protein_coding,CG34007
FBgn0037894,Ipo9,CG5252,protein_coding,Importin 9
FBgn0266362,CR45010,CR45010,ncRNA,CR45010
FBgn0040531,CG11741,CG11741,protein_coding,CG11741
FBgn0045866,bai,CG11785,protein_coding,baiser
FBgn0284221,Sema5c,CG5661,protein_coding,Semaphorin 5c
FBgn0005654,Orc3,CG4088,protein_coding,Origin recognition complex subunit 3
FBgn0263743,CG43668,CG43668,protein_coding,CG43668
FBgn0028648,mRpL50,CG8612,protein_coding,mitochondrial ribosomal protein L50
FBgn0037544,CG11035,CG11035,protein_coding,CG11035
FBgn0025645,CG3598,CG3598,protein_coding,CG3598
FBgn0028990,Spn27A,CG11331,protein_coding,Serpin 27A
FBgn0262519,Mi-2,CG8103,protein_coding,Mi-2
FBgn0025821,I-t,CG14719,protein_coding,inhibitor-t
FBgn0038400,Mic26-27,CG5903,protein_coding,MICOS subunit 26/27
FBgn0035299,CG11815,CG11815,protein_coding,CG11815
FBgn0267107,CR45547,CR45547,ncRNA,CR45547
FBgn0267499,CR45839,CR45839,rRNA,CR45839
FBgn0027497,Madm,CG1098,protein_coding,MLF1-adaptor molecule
FBgn0024984,CG3457,CG3457,protein_coding,CG3457
FBgn0034834,LS2,CG3162,protein_coding,Large Subunit 2
FBgn0030739,SWIP,CG13957,protein_coding,Strumpellin and WASH-interacting protein
FBgn0034816,CG3085,CG3085,protein_coding,CG3085
FBgn0037724,Fst,CG9434,protein_coding,Frost
FBgn0283639,mir-9369,CR46290,ncRNA,mir-9369 stem loop
FBgn0267722,CR46055,CR46055,ncRNA,CR46055
FBgn0021944,Coprox,CG3433,protein_coding,Coproporphyrinogen oxidase
FBgn0265710,CR44517,CR44517,ncRNA,CR44517
FBgn0261020,wol,CG7870,protein_coding,wollknaeuel
FBgn0039429,CG14238,CG14238,protein_coding,CG14238
FBgn0051939,Gln-CTG-2-4,CR31939,tRNA,Glutamine-CTG 2-4
FBgn0052679,CG32679,CG32679,protein_coding,CG32679
FBgn0262683,CG43153,CG43153,protein_coding,CG43153
FBgn0083994,CR41352,CR41352,ncRNA,CR41352
FBgn0266738,CR45211,CR45211,ncRNA,CR45211
FBgn0051954,CG31954,CG31954,protein_coding,CG31954
FBgn0083981,RunxA,CG34145,protein_coding,Runt related A
FBgn0086611,Lcp65Ag3,CG18779,protein_coding,Larval cuticle protein
FBgn0036139,CG6216,CG6216,protein_coding,CG6216
FBgn0265531,CR44381,CR44381,ncRNA,CR44381
FBgn0263562,mir-4948,CR43547,ncRNA,mir-4948 stem loop
FBgn0033374,Boot,CG13741,protein_coding,Bootlegger
FBgn0266317,CR44982,CR44982,ncRNA,CR44982
FBgn0002174,CG5504,CG5504,protein_coding,CG5504
FBgn0029940,CG1958,CG1958,protein_coding,CG1958
FBgn0052667,ssp7,CG32667,protein_coding,short spindle 7
FBgn0002887,mus201,CG10890,protein_coding,mutagen-sensitive 201
FBgn0086028,Me28S-G2173,CR34657,snoRNA,CR34657
FBgn0038402,Fer2,CG5952,protein_coding,48 related 2
FBgn0039920,CG11360,CG11360,protein_coding,CG11360
FBgn0027564,CG3149,CG3149,protein_coding,CG3149
FBgn0030326,CG2444,CG2444,protein_coding,CG2444
FBgn0050462,ste24c,CG9002,protein_coding,ste24c prenyl protease type I
FBgn0033781,CG13319,CG13319,protein_coding,CG13319
FBgn0034978,CG3257,CG3257,protein_coding,CG3257
FBgn0040107,lectin-21Ca,CG2826,protein_coding,lectin-21Ca
FBgn0030412,Tomosyn,CG17762,protein_coding,Tomosyn
FBgn0003483,spn-E,CG3158,protein_coding,spindle E
FBgn0265164,CR44233,CR44233,ncRNA,CR44233
FBgn0039872,salt,CG2196,protein_coding,salty dog
FBgn0035309,CG15879,CG15879,protein_coding,CG15879
FBgn0036563,CG13075,CG13075,protein_coding,CG13075
FBgn0054040,CG34040,CG34040,protein_coding,CG34040
FBgn0036162,Fum3,CG6140,protein_coding,Fumarase 3
FBgn0050339,CG30339,CG30339,protein_coding,CG30339
FBgn0265976,CR44755,CR44755,ncRNA,CR44755
FBgn0050026,CG30026,CG30026,protein_coding,CG30026
FBgn0037734,trbd,CG9448,protein_coding,trabid
FBgn0030350,SelG,CG1844,protein_coding,Selenoprotein G
FBgn0263760,CG43677,CG43677,protein_coding,CG43677
FBgn0265535,CG44385,CG44385,protein_coding,CG44385
FBgn0035603,Pfdn4,CG10635,protein_coding,Prefoldin 4
FBgn0037922,CG14711,CG14711,protein_coding,CG14711
FBgn0052745,CR32745,CR32745,pseudogene,CR32745
FBgn0031182,Cyp6t1,CG1644,protein_coding,Cytochrome P450 6t1
FBgn0015075,Ddx1,CG9054,protein_coding,Dead-box-1
FBgn0052447,CG32447,CG32447,protein_coding,CG32447
FBgn0030088,Arfrp1,CG7039,protein_coding,ADP-ribosylation factor related protein 1
FBgn0039684,Obp99d,CG15505,protein_coding,Odorant-binding protein 99d
FBgn0267473,CR45823,CR45823,ncRNA,CR45823
FBgn0069913,CG4681,CG4681,protein_coding,CG4681
FBgn0285879,disco-r,CG32577,protein_coding,disco-related
FBgn0037182,ArfGAP3,CG6838,protein_coding,ADP-ribosylation factor GTPase activating protein 3
FBgn0267902,CR46190,CR46190,pseudogene,CR46190
FBgn0039857,RpL6,CG11522,protein_coding,Ribosomal protein L6
FBgn0262127,kibra,CG33967,protein_coding,kibra
FBgn0262127,kibra,FBti0011610,protein_coding,kibra
FBgn0262944,CR43263,CR43263,ncRNA,CR43263
FBgn0053687,CG33687,CG33687,protein_coding,CG33687
FBgn0002521,pho,CG17743,protein_coding,pleiohomeotic
FBgn0013684,ND5,CG34083,protein_coding,mitochondrial NADH-ubiquinone oxidoreductase chain 5
FBgn0000109,Aprt,CG18315,protein_coding,Adenine phosphoribosyltransferase
FBgn0063496,GstE4,CG17525,protein_coding,Glutathione S transferase E4
FBgn0037506,Mics1,CG1287,protein_coding,Mitochondrial morphology and cristae structure 1
FBgn0265922,CR44711,CR44711,ncRNA,CR44711
FBgn0039784,CG9698,CG9698,protein_coding,CG9698
FBgn0038414,CG6901,CG6901,protein_coding,CG6901
FBgn0020616,SA1,CG3423,protein_coding,Stromalin 1
FBgn0051601,CG31601,CG31601,protein_coding,CG31601
FBgn0267995,CR46262,CR46262,ncRNA,CR46262
FBgn0264357,SNF4Agamma,CG17299,protein_coding,SNF4/AMP-activated protein kinase gamma subunit
FBgn0263568,mir-4946,CR43553,ncRNA,mir-4946 stem loop
FBgn0030114,CG17754,CG17754,protein_coding,CG17754
FBgn0053354,CR33354,CR33354,rRNA,CR33354
FBgn0286741,CG46383,CG46383,protein_coding,CG46383
FBgn0029839,CG4660,CG4660,protein_coding,CG4660
FBgn0004855,Polr2I,CG3284,protein_coding,RNA polymerase II subunit I
FBgn0031759,Kdm5,CG9088,protein_coding,Lysine demethylase 5
FBgn0069923,CG41128,CG41128,protein_coding,CG41128
FBgn0033308,CG8736,CG8736,protein_coding,CG8736
FBgn0051207,CG31207,CG31207,protein_coding,CG31207
FBgn0000927,fs(1)Ya,CG2707,protein_coding,female sterile (1) Young arrest
FBgn0286727,Or-ACA7,CR46369,snoRNA,Orphan H/ACA box 7
FBgn0053668,CG33668,CG33668,protein_coding,CG33668
FBgn0010774,Ref1,CG1101,protein_coding,RNA and export factor binding protein 1
FBgn0034569,dgt3,CG3221,protein_coding,dim gamma-tubulin 3
FBgn0050008,CG30008,CG30008,protein_coding,CG30008
FBgn0051382,Asp-GTC-1-12,CR31382,tRNA,Aspartic acid-GTC 1-12
FBgn0035624,Eaf6,CG12756,protein_coding,Esa1-associated factor 6
FBgn0030073,CG10962,CG10962,protein_coding,CG10962
FBgn0262486,CG43076,CG43076,protein_coding,CG43076
FBgn0028941,CG16853,CG16853,protein_coding,CG16853
FBgn0001983,wor,CG4158,protein_coding,worniu
FBgn0050158,CG30158,CG30158,protein_coding,CG30158
FBgn0035453,CG10357,CG10357,protein_coding,CG10357
FBgn0037138,P5CDh1,CG7145,protein_coding,delta-1-Pyrroline-5-carboxylate dehydrogenase 1
FBgn0053539,Trp-CCA-2-5,CR33539,tRNA,Tryptophan-CCA 2-5
FBgn0031004,CG7992,CG7992,protein_coding,CG7992
FBgn0053315,CR33315,CR33315,pseudogene,CR33315
FBgn0266302,CR44967,CR44967,ncRNA,CR44967
FBgn0266838,CR45300,CR45300,ncRNA,CR45300
FBgn0036509,CG7739,CG7739,protein_coding,CG7739
FBgn0262995,CR43303,CR43303,ncRNA,CR43303
FBgn0266909,CR45369,CR45369,ncRNA,CR45369
FBgn0037174,Jhbp6,CG14457,protein_coding,Juvenile hormone binding protein 6
FBgn0030893,RhoGAP16F,CG7122,protein_coding,Rho GTPase activating protein at 16F
FBgn0026314,Ugt35B1,CG6649,protein_coding,UDP-glycosyltransferase family 35 member B1
FBgn0267791,HnRNP-K,CG13425,protein_coding,Heterogeneous nuclear ribonucleoprotein K
FBgn0038723,CG6195,CG6195,protein_coding,CG6195
FBgn0263706,CG43658,CG43658,protein_coding,CG43658
FBgn0003057,CG10598,CG10598,protein_coding,CG10598
FBgn0011573,Cdc37,CG12019,protein_coding,Cell division cycle 37
FBgn0053307,CG33307,CG33307,protein_coding,CG33307
FBgn0064766,CG7600,CG7600,protein_coding,CG7600
FBgn0027083,MetRS-m,CG31322,protein_coding,"Methionyl-tRNA synthetase, mitochondrial"
FBgn0053099,CG33099,CG33099,protein_coding,CG33099
FBgn0041232,Grl65a,CG32395,protein_coding,Gustatory receptor-like 65a
FBgn0010501,Dcp-1,CG5370,protein_coding,Death caspase-1
FBgn0037238,CG1090,CG1090,protein_coding,CG1090
FBgn0283550,mir-9382,CR46284,ncRNA,mir-9382 stem loop
FBgn0250904,CG34434,CG34434,protein_coding,CG34434
FBgn0267828,Fatp1,CG46149,protein_coding,Fatty acid transport protein 1
FBgn0266578,CR45109,CR45109,ncRNA,CR45109
FBgn0051901,Mur29B,CG31901,protein_coding,Mucin related 29B
FBgn0038923,mRpL35,CG13410,protein_coding,mitochondrial ribosomal protein L35
FBgn0030743,CG9921,CG9921,protein_coding,CG9921
FBgn0003011,ort,CG7411,protein_coding,ora transientless
FBgn0267864,CR46152,CR46152,pseudogene,CR46152
FBgn0025115,Acyp,CG16870,protein_coding,Acylphosphatase
FBgn0035528,CG15012,CG15012,protein_coding,CG15012
FBgn0260862,Vti1a,CG3279,protein_coding,Vesicle transport through interaction with t-SNAREs 1a
FBgn0053795,CG33795,CG33795,protein_coding,CG33795
FBgn0030065,CG12075,CG12075,protein_coding,CG12075
FBgn0260779,GatA,CG6007,protein_coding,"Glutamyl-tRNA amidotransferase, subunit A"
FBgn0030749,AnxB11,CG9968,protein_coding,Annexin B11
FBgn0053745,430s,CR33745,ncRNA,small non-coding RNA 430s
FBgn0263834,CR43696,CR43696,pseudogene,CR43696
FBgn0287212,CG46442,CG46442,protein_coding,CG46442
FBgn0030482,Bcat,CG1673,protein_coding,Branched chain amino acid transaminase
FBgn0025549,unc-119,CG1659,protein_coding,unc-119
FBgn0037980,DCAF12,CG3313,protein_coding,DDB1 and CUL4 associated factor 12
FBgn0050379,CG30379,CG30379,protein_coding,CG30379
FBgn0028935,CG7653,CG7653,protein_coding,CG7653
FBgn0038292,CG3987,CG3987,protein_coding,CG3987
FBgn0035101,p130CAS,CG1212,protein_coding,p130CAS
FBgn0038173,Adgf-C,CG9345,protein_coding,Adenosine deaminase-related growth factor C
FBgn0265363,CR44304,CR44304,ncRNA,CR44304
FBgn0263474,PsiU2-38.40.42,CR43589,snoRNA, PsiU2-38.40.42
FBgn0263992,CR43735,CR43735,ncRNA,CR43735
FBgn0036639,CG4229,CG4229,protein_coding,CG4229
FBgn0039626,Slu7,CG1420,protein_coding,Slu7
FBgn0030963,CG7101,CG7101,protein_coding,CG7101
FBgn0266626,CR45133,CR45133,ncRNA,CR45133
FBgn0032074,Tsp29Fa,CG9494,protein_coding,Tetraspanin 29Fa
FBgn0037676,CG8861,CG8861,protein_coding,CG8861
FBgn0260934,par-1,CG8201,protein_coding,par-1
FBgn0037765,CG9458,CG9458,protein_coding,CG9458
FBgn0001134,Grd,CG7446,protein_coding,Glycine receptor
FBgn0038829,CG17271,CG17271,protein_coding,CG17271
FBgn0037310,Tim17b1,CG1158,protein_coding,Tim17b1
FBgn0261274,Ero1L,CG1333,protein_coding,Endoplasmic reticulum oxidoreductin-1-like
FBgn0014143,croc,CG5069,protein_coding,crocodile
FBgn0267485,CR45835,CR45835,ncRNA,CR45835
FBgn0261793,Trf2,CG18009,protein_coding,TATA box binding protein-related factor 2
FBgn0086600,Psi18S-1347c,CR33633,snoRNA,Psi18S-1347c
FBgn0267279,CR45715,CR45715,ncRNA,CR45715
FBgn0040551,CG11686,CG11686,protein_coding,CG11686
FBgn0053432,CR33432,CR33432,rRNA,CR33432
FBgn0051166,Ser-GCT-2-5,CR31166,tRNA,Serine-GCT 2-5
FBgn0024698,Cpsf160,CG10110,protein_coding,Cleavage and polyadenylation specificity factor 160
FBgn0040730,CG15127,CG15127,protein_coding,CG15127
FBgn0036921,RhoGDI,CG7823,protein_coding,RhoGDI
FBgn0033792,CG13325,CG13325,protein_coding,CG13325
FBgn0003149,Prm,CG5939,protein_coding,Paramyosin
FBgn0263570,mir-4941,CR43555,ncRNA,mir-4941 stem loop
FBgn0051898,CG31898,CG31898,protein_coding,CG31898
FBgn0015035,Cyp4e3,CG4105,protein_coding,Cytochrome P450 4e3
FBgn0038874,ETHR,CG5911,protein_coding,ETHR
FBgn0051712,Arglu1,CG31712,protein_coding,Arginine and glutamate rich 1
FBgn0002941,slou,CG6534,protein_coding,slouch
FBgn0003114,plu,CG9183,protein_coding,plutonium
FBgn0267126,CR45566,CR45566,ncRNA,CR45566
FBgn0038324,Tmtc4,CG5038,protein_coding,Transmembrane O-mannosyltransferase targeting cadherins 4
FBgn0024361,Tsp2A,CG11415,protein_coding,Tetraspanin 2A
FBgn0265190,PIG-S,CG44255,protein_coding,Phosphatidylinositol glycan anchor biosynthesis class S
FBgn0015321,Ubc4,CG8284,protein_coding,Ubiquitin conjugating enzyme 4
FBgn0036343,CG14115,CG14115,protein_coding,CG14115
FBgn0005593,RpL7,CG4897,protein_coding,Ribosomal protein L7
FBgn0052636,CR32636,CR32636,ncRNA,CR32636
FBgn0263235,Phae2,CG16997,protein_coding,Phaedra 2
FBgn0030711,Rrp47,CG8928,protein_coding,Ribosomal RNA processing 47
FBgn0028833,Cmpk,CG6092,protein_coding,Cytidine/uridine monophosphate kinase 1
FBgn0039029,CG4704,CG4704,protein_coding,CG4704
FBgn0267792,rgr,CG8643,protein_coding,regular
FBgn0038697,CG3581,CG3581,protein_coding,CG3581
FBgn0052202,CG32202,CG32202,protein_coding,CG32202
FBgn0266731,CR45204,CR45204,ncRNA,CR45204
FBgn0050395,CG30395,CG30395,protein_coding,CG30395
FBgn0265088,CR44199,CR44199,ncRNA,CR44199
FBgn0263077,M7BP,CG43340,protein_coding,Myosin-7a binding protein
FBgn0035370,Non2,CG1240,protein_coding,Novel nucleolar protein 2
FBgn0029718,mRpL30,CG7038,protein_coding,mitochondrial ribosomal protein L30
FBgn0284246,l(2)k09848,CG7845,protein_coding,lethal (2) k09848
FBgn0033403,CG13739,CG13739,protein_coding,CG13739
FBgn0264826,CR44034,CR44034,ncRNA,CR44034
FBgn0003313,sala,CG4922,protein_coding,spalt-adjacent
FBgn0263530,mir-4917,CR43515,ncRNA,mir-4917 stem loop
FBgn0032313,CG14070,CG14070,protein_coding,CG14070
FBgn0083941,CG34105,CG34105,protein_coding,CG34105
FBgn0011740,alpha-Man-IIa,CG18802,protein_coding,alpha-Mannosidase class II a
FBgn0028852,CG15262,CG15262,protein_coding,CG15262
FBgn0031417,CG3597,CG3597,protein_coding,CG3597
FBgn0036150,Ir68a,CG6185,protein_coding,Ionotropic receptor 68a
FBgn0034462,CG15905,CG15905,protein_coding,CG15905
FBgn0085277,CG34248,CG34248,protein_coding,CG34248
FBgn0029175,sotv,CG8433,protein_coding,sister of tout-velu
FBgn0031628,CG3294,CG3294,protein_coding,CG3294
FBgn0033268,Obp44a,CG2297,protein_coding,Odorant-binding protein 44a
FBgn0262023,CG42834,CG42834,protein_coding,CG42834
FBgn0037812,CG18545,CG18545,protein_coding,CG18545
FBgn0034973,CG13564,CG13564,protein_coding,CG13564
FBgn0034822,RpL37-2,CG9873,protein_coding,Ribosomal protein L37-2
FBgn0052488,CG32488,CG32488,protein_coding,CG32488
FBgn0003559,su(f),CG17170,protein_coding,suppressor of forked
FBgn0034710,Alp7,CG3292,protein_coding,Alkaline phosphatase 7
FBgn0052368,CR32368,CR32368,ncRNA,CR32368
FBgn0037930,CG14715,CG14715,protein_coding,CG14715
FBgn0003447,sn,CG32858,protein_coding,singed
FBgn0266031,CR44796,CR44796,ncRNA,CR44796
FBgn0013704,Arg-TCG,CR34078,tRNA,Arginine-TCG
FBgn0053194,CheA29a,CG33194,protein_coding,Chemosensory protein A 29a
FBgn0003310,S,CG4385,protein_coding,Star
FBgn0040508,ACXC,CG5983,protein_coding,Adenylyl cyclase X C
FBgn0034554,CAH14,CG15227,protein_coding,Carbonic anhydrase 14
FBgn0050094,CG30094,CG30094,protein_coding,CG30094
FBgn0032728,Tango6,CG18398,protein_coding,Transport and Golgi organization 6
FBgn0086668,Psi28S-3436a,CR33751,snoRNA,Psi28S-3436a
FBgn0039827,CG1544,CG1544,protein_coding,CG1544
FBgn0036505,CG7945,CG7945,protein_coding,CG7945
FBgn0035312,CG15820,CG15820,protein_coding,CG15820
FBgn0085195,CG34166,CG34166,protein_coding,CG34166
FBgn0261618,larp,CG42551,protein_coding,La related protein
FBgn0036738,CG7542,CG7542,protein_coding,CG7542
FBgn0035815,Snmp2,CG7422,protein_coding,Sensory neuron membrane protein 2
FBgn0266963,CR45414,CR45414,ncRNA,CR45414
FBgn0038613,Vha100-4,CG7678,protein_coding,Vacuolar H[+] ATPase 100kD subunit 4
FBgn0045476,Gr64e,CG32258,protein_coding,Gustatory receptor 64e
FBgn0259717,CG42371,CG42371,protein_coding,CG42371
FBgn0263377,CR43429,CR43429,ncRNA,CR43429
FBgn0262631,CR43148,CR43148,ncRNA,CR43148
FBgn0040628,CAH16,CG18672,protein_coding,Carbonic anhydrase 16
FBgn0031844,CG13771,CG13771,protein_coding,CG13771
FBgn0052580,Muc14A,CG32580,protein_coding,Mucin 14A
FBgn0036367,CG10116,CG10116,protein_coding,CG10116
FBgn0053812,CG33812,CG33812,protein_coding,CG33812
FBgn0052453,CG32453,CG32453,protein_coding,CG32453
FBgn0038993,CG13843,CG13843,protein_coding,CG13843
FBgn0263390,Nha2,CG43442,protein_coding,Na[+]/H[+] hydrogen antiporter 2
FBgn0083032,Psi18S-525g,CR34580,snoRNA,Psi18S-525g
FBgn0267162,CR45602,CR45602,ncRNA,CR45602
FBgn0260477,CG30283,CG30283,protein_coding,CG30283
FBgn0038241,CG8087,CG8087,protein_coding,CG8087
FBgn0035686,Cpr65Az,CG12330,protein_coding,Cuticular protein 65Az
FBgn0085480,CG34451,CG34451,protein_coding,CG34451
FBgn0015946,grim,CG4345,protein_coding,grim
FBgn0039360,CLS,CG4774,protein_coding,Cardiolipin synthase
FBgn0031188,CG14613,CG14613,protein_coding,CG14613
FBgn0030745,CG4239,CG4239,protein_coding,CG4239
FBgn0052847,CG32847,CG32847,protein_coding,CG32847
FBgn0085250,CG34221,CG34221,protein_coding,CG34221
FBgn0262029,dachs,CG42840,protein_coding,dachs
FBgn0038358,Ttc26,CG4525,protein_coding,Tetratricopeptide repeat domain 26
FBgn0031495,GABPI,CG17257,protein_coding,beta4GalNAcTB pilot
FBgn0033283,CG11635,CG11635,protein_coding,CG11635
FBgn0039465,Tsp97E,CG6323,protein_coding,Tetraspanin 97E
FBgn0039009,CG13842,CG13842,protein_coding,CG13842
FBgn0033557,CG12325,CG12325,protein_coding,CG12325
FBgn0085357,CG34328,CG34328,protein_coding,CG34328
FBgn0085190,CG34161,CG34161,protein_coding,CG34161
FBgn0003870,ttk,CG1856,protein_coding,tramtrack
FBgn0038244,CG7987,CG7987,protein_coding,CG7987
FBgn0083048,Psi18S-1377d,CR34626,snoRNA,Psi18S-1377d
FBgn0034324,CG18538,CG18538,protein_coding,CG18538
FBgn0265069,CR44180,CR44180,ncRNA,CR44180
FBgn0063495,GstE5,CG17527,protein_coding,Glutathione S transferase E5
FBgn0035812,CG7457,CG7457,protein_coding,CG7457
FBgn0283521,lola,CG12052,protein_coding,longitudinals lacking
FBgn0029965,Ir7b,CG15326,protein_coding,Ionotropic receptor 7b
FBgn0265715,CR44522,CR44522,ncRNA,CR44522
FBgn0265103,CR44205,CR44205,ncRNA,CR44205
FBgn0028343,Ankle2,CG8465,protein_coding,Ankle2
FBgn0035020,CG13585,CG13585,protein_coding,CG13585
FBgn0262837,CG43201,CG43201,protein_coding,CG43201
FBgn0265380,CR44321,CR44321,ncRNA,CR44321
FBgn0003118,pnt,CG17077,protein_coding,pointed
FBgn0051523,CG31523,CG31523,protein_coding,CG31523
FBgn0037181,CG11370,CG11370,protein_coding,CG11370
FBgn0285910,VhaAC39-1,CG2934,protein_coding,Vacuolar H[+] ATPase AC39 subunit 1
FBgn0020385,pug,CG4067,protein_coding,pugilist
FBgn0031235,CG13693,CG13693,protein_coding,CG13693
FBgn0052511,CR32511,CR32511,pseudogene,CR32511
FBgn0265545,CR44395,CR44395,ncRNA,CR44395
FBgn0020235,ATPsyngamma,CG7610,protein_coding,"ATP synthase, gamma subunit"
FBgn0025382,Rab27,CG14791,protein_coding,Rab27
FBgn0036085,CG6527,CG6527,protein_coding,CG6527
FBgn0261723,Dbx,CG42234,protein_coding,Dbx
FBgn0259964,Sfp33A3,CG42474,protein_coding,Seminal fluid protein 33A3
FBgn0000721,for,CG10033,protein_coding,foraging
FBgn0026061,Mipp1,CG4123,protein_coding,Multiple inositol polyphosphate phosphatase 1
FBgn0000256,capu,CG3399,protein_coding,cappuccino
FBgn0038042,Scgbeta,CG5657,protein_coding,Sarcoglycan beta
FBgn0260464,CG9288,CG9288,protein_coding,CG9288
FBgn0265541,CR44391,CR44391,pseudogene,CR44391
FBgn0039501,TTLL6B,CG5987,protein_coding,Tubulin tyrosine ligase-like 6B
FBgn0036655,CG13031,CG13031,protein_coding,CG13031
FBgn0015338,CG5861,CG5861,protein_coding,CG5861
FBgn0051217,modSP,CG31217,protein_coding,modular serine protease
FBgn0262405,mir-998,CR42948,ncRNA,mir-998 stem loop
FBgn0250845,CG1288,CG1288,protein_coding,CG1288
FBgn0033925,CG8617,CG8617,protein_coding,CG8617
FBgn0053696,CNMaR,CG33696,protein_coding,CNMamide Receptor
FBgn0263000,CG43308,CG43308,protein_coding,CG43308
FBgn0266756,btsz,CG44012,protein_coding,bitesize
FBgn0052022,CG32022,CG32022,protein_coding,CG32022
FBgn0038339,CG6118,CG6118,protein_coding,CG6118
FBgn0033067,CG11211,CG11211,protein_coding,CG11211
FBgn0287183,l(3)80Fg,CG40178,protein_coding,lethal (3) 80Fg
FBgn0264776,CG44014,CG44014,protein_coding,CG44014
FBgn0262243,mir-964,CR42950,ncRNA,mir-964 stem loop
FBgn0031621,Elba3,CG15634,protein_coding,Early boundary activity 3
FBgn0033687,CG8407,CG8407,protein_coding,CG8407
FBgn0267749,CR46080,CR46080,ncRNA,CR46080
FBgn0026394,Or24a,CG11767,protein_coding,Odorant receptor 24a
FBgn0028342,ATPsyndelta,CG2968,protein_coding,"ATP synthase, delta subunit"
FBgn0001311,kkv,CG2666,protein_coding,krotzkopf verkehrt
FBgn0263517,mir-4976,CR43502,ncRNA,mir-4976 stem loop
FBgn0051614,CR31614,CR31614,pseudogene,CR31614
FBgn0028397,Tob,CG9214,protein_coding,Transducer of ERBB2
FBgn0032228,CtsL4,CG5367,protein_coding,Cathepsin L4
FBgn0036768,CG7402,CG7402,protein_coding,CG7402
FBgn0266419,CR45059,CR45059,ncRNA,CR45059
FBgn0035148,CG3402,CG3402,protein_coding,CG3402
FBgn0034180,Ehbp1,CG15609,protein_coding,Eps15 homology domain containing protein-binding protein 1
FBgn0003002,opa,CG1133,protein_coding,odd paired
FBgn0265351,nac,CG9620,protein_coding,neuronally altered carbohydrate
FBgn0033629,Tsp47F,CG9033,protein_coding,Tetraspanin 47F
FBgn0033926,Arc1,CG12505,protein_coding,Activity-regulated cytoskeleton associated protein 1
FBgn0263841,CG43702,CG43702,protein_coding,CG43702
FBgn0263344,CR43425,CR43425,ncRNA,CR43425
FBgn0037301,Mms19,CG12005,protein_coding,Mms19
FBgn0033680,CG13186,CG13186,protein_coding,CG13186
FBgn0032612,CG13282,CG13282,protein_coding,CG13282
FBgn0035876,Pex2,CG7081,protein_coding,Peroxin 2
FBgn0016119,ATPsynCF6,CG4412,protein_coding,"ATP synthase, coupling factor 6"
FBgn0051365,CG31365,CG31365,protein_coding,CG31365
FBgn0263499,CR43488,CR43488,ncRNA,CR43488
FBgn0026371,SAK,CG7186,protein_coding,Sak kinase
FBgn0053818,CG33818,CG33818,protein_coding,CG33818
FBgn0013810,Dhc36C,CG5526,protein_coding,Dynein heavy chain at 36C
FBgn0036529,Pgant8,CG7297,protein_coding,Polypeptide N-Acetylgalactosaminyltransferase 8
FBgn0054003,NimB3,CG34003,protein_coding,Nimrod B3
FBgn0263336,CR43417,CR43417,ncRNA,CR43417
FBgn0030259,CG1545,CG1545,protein_coding,CG1545
FBgn0260859,Bet3,CG3911,protein_coding,Blocked early in transport 3
FBgn0051337,CG31337,CG31337,protein_coding,CG31337
FBgn0266165,CR44871,CR44871,ncRNA,CR44871
FBgn0083956,ldd,CG34120,protein_coding,lipid droplet defective
FBgn0026702,Pop1,CG32763,protein_coding,POP1 ribonuclease P/MRP subunit
FBgn0284083,CG46305,CG46305,protein_coding,CG46305
FBgn0033373,Nadk2,CG8080,protein_coding,"NAD kinase 2, mitochondrial"
FBgn0050509,Ile-AAT-1-8,CR30509,tRNA,Isoleucine-AAT 1-8
FBgn0259720,CG42374,CG42374,protein_coding,CG42374
FBgn0030996,CG14194,CG14194,protein_coding,CG14194
FBgn0051664,CG31664,CG31664,protein_coding,CG31664
FBgn0000229,bsk,CG5680,protein_coding,basket
FBgn0263021,CG43316,CG43316,protein_coding,CG43316
FBgn0263117,CG34377,CG34377,protein_coding,CG34377
FBgn0037188,CG7369,CG7369,protein_coding,CG7369
FBgn0030105,CG15369,CG15369,protein_coding,CG15369
FBgn0033515,Ir47a,CG12900,protein_coding,Ionotropic receptor 47a
FBgn0020493,Dad,CG5201,protein_coding,Daughters against dpp
FBgn0033238,azot,CG11165,protein_coding,ahuizotl
FBgn0053299,CG33299,CG33299,protein_coding,CG33299
FBgn0043865,SA2,CG13916,protein_coding,Stromalin 2
FBgn0040493,grsm,CG7340,protein_coding,granny smith
FBgn0036482,CG13457,CG13457,protein_coding,CG13457
FBgn0040341,CG11664,CG11664,protein_coding,CG11664
FBgn0264709,CR43978,CR43978,ncRNA,CR43978
FBgn0053363,CR33363,CR33363,pseudogene,CR33363
FBgn0031979,CCDC53,CG7429,protein_coding,Coiled-coil domain containing 53
FBgn0031331,CG5440,CG5440,protein_coding,CG5440
FBgn0283432,SdicA,CG46275,protein_coding,Sperm-specific dynein intermediate chain A
FBgn0031097,obst-A,CG17052,protein_coding,obstructor-A
FBgn0051363,Jupiter,CG31363,protein_coding,Jupiter
FBgn0037736,side-VII,CG12950,protein_coding,sidestep VII
FBgn0262482,CG43072,CG43072,protein_coding,CG43072
FBgn0031191,Cp110,CG14617,protein_coding,Centriolar coiled coil protein 110kDa
FBgn0051279,CG31279,CG31279,protein_coding,CG31279
FBgn0052363,Leu-CAG-1-7,CR32363,tRNA,Leucine-CAG 1-7
FBgn0041004,CG17715,CG17715,protein_coding,CG17715
FBgn0005596,yem,CG14513,protein_coding,yemanuclein
FBgn0031249,CG11911,CG11911,protein_coding,CG11911
FBgn0037249,eIF3a,CG9805,protein_coding,eukaryotic translation initiation factor 3 subunit a
FBgn0266637,CR45144,CR45144,ncRNA,CR45144
FBgn0024806,DIP2,CG7020,protein_coding,DISCO Interacting Protein 2
FBgn0034840,CG3124,CG3124,protein_coding,CG3124
FBgn0266117,CR44843,CR44843,ncRNA,CR44843
FBgn0259869,CR42438,CR42438,ncRNA,CR42438
FBgn0037963,Cad87A,CG6977,protein_coding,Cadherin 87A
FBgn0051864,Qtzl,CG31864,protein_coding,Quetzalcoatl
FBgn0000146,aub,CG6137,protein_coding,aubergine
FBgn0033199,CG17985,CG17985,protein_coding,CG17985
FBgn0025613,CG3081,CG3081,protein_coding,CG3081
FBgn0035413,CG14958,CG14958,protein_coding,CG14958
FBgn0267213,CR45653,CR45653,ncRNA,CR45653
FBgn0267265,CR45701,CR45701,ncRNA,CR45701
FBgn0263217,CR43387,CR43387,ncRNA,CR43387
FBgn0262587,CG43124,CG43124,protein_coding,CG43124
FBgn0034528,CG11180,CG11180,protein_coding,CG11180
FBgn0266621,CR45128,CR45128,ncRNA,CR45128
FBgn0264439,CR43857,CR43857,ncRNA,CR43857
FBgn0262149,CR42875,CR42875,pseudogene,CR42875
FBgn0033942,Cpr51A,CG10112,protein_coding,Cuticular protein 51A
FBgn0250874,ttm50,CG2713,protein_coding,tiny tim 50
FBgn0039510,CG3339,CG3339,protein_coding,CG3339
FBgn0265974,ttv,CG10117,protein_coding,tout-velu
FBgn0030163,CG1791,CG1791,protein_coding,CG1791
FBgn0037322,Or83a,CG10612,protein_coding,Odorant receptor 83a
FBgn0267433,kl-5,CG45786,protein_coding,male fertility factor kl5
FBgn0034181,Paip1,CG8963,protein_coding,Poly(A) binding protein interacting protein 1
FBgn0033260,Cul4,CG8711,protein_coding,Cullin 4
FBgn0042126,CG18788,CG18788,protein_coding,CG18788
FBgn0267742,CR46073,CR46073,ncRNA,CR46073
FBgn0265918,CR44707,CR44707,ncRNA,CR44707
FBgn0000083,AnxB9,CG5730,protein_coding,Annexin B9
FBgn0034085,Ptp52F,CG18243,protein_coding,Protein tyrosine phosphatase 52F
FBgn0034422,CG7137,CG7137,protein_coding,CG7137
FBgn0266946,CR45397,CR45397,ncRNA,CR45397
FBgn0036714,CG7692,CG7692,protein_coding,CG7692
FBgn0034251,ND-51L1,CG11423,protein_coding,NADH dehydrogenase (ubiquinone) 51 kDa subunit-like 1
FBgn0036974,eRF1,CG5605,protein_coding,eukaryotic translation release factor 1
FBgn0283440,solo,CG46282,protein_coding,sisters on the loose
FBgn0032620,CG12288,CG12288,protein_coding,CG12288
FBgn0022710,Ac13E,CG9210,protein_coding,Adenylyl cyclase 13E
FBgn0286977,Osi10b,CG46437,protein_coding,Osiris 10b
FBgn0037009,CG5104,CG5104,protein_coding,CG5104
FBgn0051200,CG31200,CG31200,protein_coding,CG31200
FBgn0031409,CG4271,CG4271,protein_coding,CG4271
FBgn0265062,CR44173,CR44173,ncRNA,CR44173
FBgn0034543,galla-1,CG30152,protein_coding,galla-1
FBgn0011983,Ser-AGA-2-2,CR32609,tRNA,Serine-AGA 2-2
FBgn0031655,Marcal1,CG3753,protein_coding,Marcal1
FBgn0035551,CG7465,CG7465,protein_coding,CG7465
FBgn0266115,CR44841,CR44841,ncRNA,CR44841
FBgn0260397,Su(var)3-3,CG17149,protein_coding,Suppressor of variegation 3-3
FBgn0036353,CG10171,CG10171,protein_coding,CG10171
FBgn0266591,CG45116,CG45116,protein_coding,CG45116
FBgn0038775,CG17199,CG17199,protein_coding,CG17199
FBgn0260794,ctrip,CG42574,protein_coding,circadian trip
FBgn0036860,CG14086,CG14086,protein_coding,CG14086
FBgn0266232,CR44927,CR44927,ncRNA,CR44927
FBgn0017566,ND-75,CG2286,protein_coding,NADH dehydrogenase (ubiquinone) 75 kDa subunit
FBgn0037419,Osi12,CG1154,protein_coding,Osiris 12
FBgn0052093,Gln-TTG-1-1,CR32093,tRNA,Glutamine-TTG 1-1
FBgn0011850,Glu-TTC-1-4,CR30451,tRNA,Glutamic acid-TTC 1-4
FBgn0003656,sws,CG2212,protein_coding,swiss cheese
FBgn0265451,CR44351,CR44351,ncRNA,CR44351
FBgn0026756,Ugt37A1,CG11012,protein_coding,UDP-glycosyltransferase family 37 member A1
FBgn0086659,Psi18S-176,CR33913,snoRNA,Psi18S-176
FBgn0052506,tbc,CG32506,protein_coding,trabuco
FBgn0033085,CG15908,CG15908,protein_coding,CG15908
FBgn0005636,nvy,CG3385,protein_coding,nervy
FBgn0032387,CG16965,CG16965,protein_coding,CG16965
FBgn0026666,MagR,CG8198,protein_coding,Magnetic receptor
FBgn0027495,Smyd4-4,CG8378,protein_coding,"SET and MYND domain containing, class 4, member 4"
FBgn0037908,dpr5,CG5308,protein_coding,defective proboscis extension response 5
FBgn0083979,Ir10a,CG34143,protein_coding,Ionotropic receptor 10a
FBgn0034184,CG9646,CG9646,protein_coding,CG9646
FBgn0030770,CG13010,CG13010,protein_coding,CG13010
FBgn0005585,Calr,CG9429,protein_coding,Calreticulin
FBgn0013763,Idgf6,CG5210,protein_coding,Imaginal disc growth factor 6
FBgn0040397,CG3655,CG3655,protein_coding,CG3655
FBgn0267288,CR45724,CR45724,ncRNA,CR45724
FBgn0263050,CG43345,CG43345,protein_coding,CG43345
FBgn0030995,CG7914,CG7914,protein_coding,CG7914
FBgn0010097,gammaTub37C,CG17566,protein_coding,gamma-Tubulin at 37C
FBgn0260639,gammaTub23C,CG3157,protein_coding,gamma-Tubulin at 23C
FBgn0265266,CG13639,CG13639,protein_coding,CG13639
FBgn0036745,CG7484,CG7484,protein_coding,CG7484
FBgn0286941,CG46435,CG46435,protein_coding,CG46435
FBgn0011954,Arg-TCG-2-2,CR32526,tRNA,Arginine-TCG 2-2
FBgn0037448,CG15186,CG15186,protein_coding,CG15186
FBgn0267594,CR45932,CR45932,pseudogene,CR45932
FBgn0030050,CG12111,CG12111,protein_coding,CG12111
FBgn0053854,CG33854,CG33854,protein_coding,CG33854
FBgn0030719,eIF5,CG9177,protein_coding,eukaryotic translation initiation factor 5
FBgn0004915,TfIIB,CG5193,protein_coding,Transcription factor IIB
FBgn0034936,Stoml2,CG2970,protein_coding,Stomatin like 2
FBgn0264996,CR44147,CR44147,ncRNA,CR44147
FBgn0039637,Ctl2,CG11880,protein_coding,Choline transporter-like 2
FBgn0266446,CG45076,CG45076,protein_coding,CG45076
FBgn0033475,CG12129,CG12129,protein_coding,CG12129
FBgn0035495,CG14989,CG14989,protein_coding,CG14989
FBgn0002031,Phb1,CG10691,protein_coding,Prohibitin 1
FBgn0262359,CG43057,CG43057,protein_coding,CG43057
FBgn0032503,CG16825,CG16825,protein_coding,CG16825
FBgn0053757,CG33757,CG33757,protein_coding,CG33757
FBgn0265297,pAbp,CG5119,protein_coding,poly(A) binding protein
FBgn0053740,430n,CR33740,ncRNA,small non-coding RNA 430n
FBgn0264392,CR43840,CR43840,ncRNA,CR43840
FBgn0027660,blot,CG3897,protein_coding,bloated tubules
FBgn0040502,CG8343,CG8343,protein_coding,CG8343
FBgn0051546,CG31546,CG31546,protein_coding,CG31546
FBgn0032406,CG14947,CG14947,protein_coding,CG14947
FBgn0035085,CG3770,CG3770,protein_coding,CG3770
FBgn0266642,CR45149,CR45149,ncRNA,CR45149
FBgn0035006,CG4563,CG4563,protein_coding,CG4563
FBgn0038740,Mrp5,CG4562,protein_coding,Multidrug resistance protein 5
FBgn0086371,Elp6,CG9829,protein_coding,Elongator complex protein 6
FBgn0002723,Met,CG1705,protein_coding,Methoprene-tolerant
FBgn0260006,drd,CG33968,protein_coding,drop dead
FBgn0267771,CR46102,CR46102,ncRNA,CR46102
FBgn0011761,dhd,CG4193,protein_coding,deadhead
FBgn0263389,CR43441,CR43441,pseudogene,CR43441
FBgn0038063,Octbeta2R,CG33976,protein_coding,Octopamine beta2 receptor
FBgn0053117,TotE,CG33117,protein_coding,Turandot E
FBgn0038810,Srp72,CG5434,protein_coding,Signal recognition particle 72
FBgn0266099,CG44836,CG44836,protein_coding,CG44836
FBgn0052129,Pro-AGG-1-5,CR32129,tRNA,Proline-AGG 1-5
FBgn0266832,CR45294,CR45294,ncRNA,CR45294
FBgn0002855,Acp26Aa,CG8982,protein_coding,Accessory gland protein 26Aa
FBgn0038330,CG14868,CG14868,protein_coding,CG14868
FBgn0000715,FMRFa,CG2346,protein_coding,FMRFamide
FBgn0261698,SLO2,CG42732,protein_coding,slowpoke 2
FBgn0033969,Pgm2b,CG10202,protein_coding,Phosphoglucomutase 2b
FBgn0266995,CR45446,CR45446,ncRNA,CR45446
FBgn0037169,CG11404,CG11404,protein_coding,CG11404
FBgn0034636,twz,CG10440,protein_coding,tiwaz
FBgn0262734,eIF4H1,CG4429,protein_coding,eukaryotic translation initiation factor 4H1
FBgn0031799,Pez,CG9493,protein_coding,Pez
FBgn0051326,CG31326,CG31326,protein_coding,CG31326
FBgn0033993,CG8089,CG8089,protein_coding,CG8089
FBgn0040629,CAH5,CG18673,protein_coding,Carbonic anhydrase 5
FBgn0030274,Lint-1,CG1908,protein_coding,l(3)mbt interacting protein 1
FBgn0033117,CG3358,CG3358,protein_coding,CG3358
FBgn0263543,mir-4979,CR43528,ncRNA,mir-4979 stem loop
FBgn0053144,CG33144,CG33144,protein_coding,CG33144
FBgn0040715,CG15386,CG15386,protein_coding,CG15386
FBgn0030958,CR6900,CR6900,pseudogene,CR6900
FBgn0014368,nol,CG32077,protein_coding,no optic lobe
FBgn0039297,Jhbp7,CG11852,protein_coding,Juvenile hormone binding protein 7
FBgn0034179,CG6805,CG6805,protein_coding,CG6805
FBgn0039498,CG17991,CG17991,protein_coding,CG17991
FBgn0267509,CR45849,CR45849,pseudogene,CR45849
FBgn0013707,Thr-TGT,CR34087,tRNA,Threonine-TGT
FBgn0030037,Miga,CG12125,protein_coding,Mitoguardin
FBgn0032388,CG6686,CG6686,protein_coding,CG6686
FBgn0036279,Ncc69,CG4357,protein_coding,sodium chloride cotransporter 69
FBgn0010497,dmGlut,CG5304,protein_coding,Dietary and metabolic glutamate transporter
FBgn0015663,Ugt36A1,CG2788,protein_coding,UDP-glycosyltransferase family 36 member A1
FBgn0039114,Lsd-1,CG10374,protein_coding,Lipid storage droplet-1
FBgn0043792,CG30427,CG30427,protein_coding,CG30427
FBgn0038851,dmrt93B,CG5737,protein_coding,doublesex-Mab related 93B
FBgn0038516,P5cr-2,CG5840,protein_coding,Pyrroline-5-carboxylate reductase-like 2
FBgn0286007,mir-281-2,CR42975,ncRNA,mir-281-2 stem loop
FBgn0266173,pre-mod(mdg4)-K,CG44879,protein_coding,CG44879
FBgn0052698,CARPB,CG32698,protein_coding,Carbonic anhydrase-related protein B
FBgn0021738,Crg-1,CG32788,protein_coding,Circadianly Regulated Gene
FBgn0027539,lili,CG5807,protein_coding,lilipod
FBgn0032231,CG5056,CG5056,protein_coding,CG5056
FBgn0051321,CG31321,CG31321,protein_coding,CG31321
FBgn0032178,Spn31A,CG4804,protein_coding,Serpin 31A
FBgn0287825,Vha44,CG8048,protein_coding,Vacuolar H[+] ATPase 44kD subunit
FBgn0003388,shd,CG13478,protein_coding,shade
FBgn0264568,CR43940,CR43940,ncRNA,CR43940
FBgn0038046,CG5641,CG5641,protein_coding,CG5641
FBgn0039509,bigmax,CG3350,protein_coding,bigmax
FBgn0013685,ND6,CG34089,protein_coding,mitochondrial NADH-ubiquinone oxidoreductase chain 6
FBgn0261674,CG42709,CG42709,protein_coding,CG42709
FBgn0000451,ect,CG6611,protein_coding,ectodermal
FBgn0038134,wntD,CG8458,protein_coding,wnt inhibitor of Dorsal
FBgn0037019,Pex16,CG3947,protein_coding,Peroxin 16
FBgn0027866,CG9776,CG9776,protein_coding,CG9776
FBgn0028879,wwk,CG15270,protein_coding,white walker
FBgn0052647,CG32647,CG32647,protein_coding,CG32647
FBgn0266625,CR45132,CR45132,ncRNA,CR45132
FBgn0001142,Gs1,CG2718,protein_coding,Glutamine synthetase 1
FBgn0262613,CG43139,CG43139,protein_coding,CG43139
FBgn0266204,CR44899,CR44899,ncRNA,CR44899
FBgn0014010,Rab5,CG3664,protein_coding,Rab5
FBgn0004583,ex,CG4114,protein_coding,expanded
FBgn0052987,CG32987,CG32987,protein_coding,CG32987
FBgn0036941,CG7335,CG7335,protein_coding,CG7335
FBgn0000078,Amy-d,CG17876,protein_coding,Amylase distal
FBgn0284082,CG46304,CG46304,protein_coding,CG46304
FBgn0265802,CR44591,CR44591,ncRNA,CR44591
FBgn0033221,CG12825,CG12825,protein_coding,CG12825
FBgn0031265,CG2794,CG2794,protein_coding,CG2794
FBgn0035216,CG9168,CG9168,protein_coding,CG9168
FBgn0000588,esc,CG14941,protein_coding,extra sexcombs
FBgn0033186,CG1602,CG1602,protein_coding,CG1602
FBgn0085409,smal,CG34380,protein_coding,smoke alarm
FBgn0053517,Dop2R,CG33517,protein_coding,Dopamine 2-like receptor
FBgn0266928,CR45379,CR45379,ncRNA,CR45379
FBgn0034985,CG3328,CG3328,protein_coding,CG3328
FBgn0037603,Sys1,CG11753,protein_coding,Sys1 golgi trafficking protein
FBgn0033286,CG2127,CG2127,protein_coding,CG2127
FBgn0036810,CG6885,CG6885,protein_coding,CG6885
FBgn0003863,alphaTry,CG18444,protein_coding,alphaTrypsin
FBgn0267710,CR46043,CR46043,ncRNA,CR46043
FBgn0014022,Rlb1,CG8161,protein_coding,Rlb1
FBgn0035964,Dhpr,CG4665,protein_coding,Dihydropteridine reductase
FBgn0038808,Srp14,CG5417,protein_coding,Signal recognition particle 14
FBgn0263563,mir-4956,CR43548,ncRNA,mir-4956 stem loop
FBgn0035440,CG14969,CG14969,protein_coding,CG14969
FBgn0020443,eRF3,CG6382,protein_coding,eukaryotic translation release factor 3
FBgn0285970,CG32500,CG32500,protein_coding,CG32500
FBgn0040359,CG11380,CG11380,protein_coding,CG11380
FBgn0037461,CG15177,CG15177,protein_coding,CG15177
FBgn0033065,Cyp6w1,CG8345,protein_coding,Cytochrome P450 6w1
FBgn0042103,CG18746,CG18746,protein_coding,CG18746
FBgn0003046,Pcp,CG3440,protein_coding,Pupal cuticle protein
FBgn0003268,rod,CG1569,protein_coding,rough deal
FBgn0037666,CR16735,CR16735,pseudogene,CR16735
FBgn0024326,Mkk4,CG9738,protein_coding,MAP kinase kinase 4
FBgn0262881,Mtkl,CG43236,protein_coding,Mtk-like
FBgn0030309,CG1572,CG1572,protein_coding,CG1572
FBgn0261284,bou,CG14430,protein_coding,boudin
FBgn0260229,Mocs2A,CG42503,protein_coding,Molybdenum cofactor synthesis 2A
FBgn0266805,CR45267,CR45267,ncRNA,CR45267
FBgn0263606,Hsc20,CG34246,protein_coding,Heat shock protein cognate 20
FBgn0010620,CG10939,CG10939,protein_coding,CG10939
FBgn0051406,CG31406,CG31406,protein_coding,CG31406
FBgn0085264,CG34235,CG34235,protein_coding,CG34235
FBgn0267917,CR46198,CR46198,ncRNA,CR46198
FBgn0003093,Pkc98E,CG1954,protein_coding,Protein C kinase 98E
FBgn0039609,Nepl17,CG14529,protein_coding,Neprilysin-like 17
FBgn0036760,CG5567,CG5567,protein_coding,CG5567
FBgn0034278,CG14488,CG14488,protein_coding,CG14488
FBgn0015801,Reg-5,CG2928,protein_coding,Rhythmically expressed gene 5
FBgn0038658,CG14292,CG14292,protein_coding,CG14292
FBgn0039004,Nup133,CG6958,protein_coding,Nucleoporin 133kD
FBgn0039722,Capa,CG15520,protein_coding,Capability
FBgn0026378,Rep,CG8432,protein_coding,Rab escort protein
FBgn0266638,CR45145,CR45145,ncRNA,CR45145
FBgn0036685,CG6664,CG6664,protein_coding,CG6664
FBgn0033897,Rcd1,CG8233,protein_coding,Reduction in Cnn dots 1
FBgn0058045,CG40045,CG40045,protein_coding,CG40045
FBgn0032683,kon,CG10275,protein_coding,kon-tiki
FBgn0037700,CG8149,CG8149,protein_coding,CG8149
FBgn0082999,Psi28S-1192c,CR34595,snoRNA,Psi28S-1192c
FBgn0261501,CG42649,CG42649,protein_coding,CG42649
FBgn0266233,CR44928,CR44928,ncRNA,CR44928
FBgn0266803,CR45265,CR45265,ncRNA,CR45265
FBgn0266229,CR44924,CR44924,ncRNA,CR44924
FBgn0262456,mir-125,CR43029,ncRNA,mir-125 stem loop
FBgn0033710,CG17739,CG17739,protein_coding,CG17739
FBgn0284081,CG46303,CG46303,protein_coding,CG46303
FBgn0051286,CG31286,CG31286,protein_coding,CG31286
FBgn0085329,CG34300,CG34300,protein_coding,CG34300
FBgn0267264,CR45700,CR45700,ncRNA,CR45700
FBgn0038426,mRpS33,CG10406,protein_coding,mitochondrial ribosomal protein S33
FBgn0040011,Slmap,CG17494,protein_coding,Sarcolemma associated protein
FBgn0039325,CG10560,CG10560,protein_coding,CG10560
FBgn0266525,CG45092,CG45092,protein_coding,CG45092
FBgn0267869,CR46157,CR46157,pseudogene,CR46157
FBgn0037501,Ir84a,CG10101,protein_coding,Ionotropic receptor 84a
FBgn0266863,CR45324,CR45324,ncRNA,CR45324
FBgn0026389,Or43a,CG1854,protein_coding,Odorant receptor 43a
FBgn0036956,CG13813,CG13813,protein_coding,CG13813
FBgn0003074,Pgi,CG8251,protein_coding,Phosphoglucose isomerase
FBgn0085430,Dora,CG34401,protein_coding,Dorado
FBgn0020646,Lcp65APsi,CR18775,pseudogene,Lcp65APsi
FBgn0029095,aru,CG4276,protein_coding,arouser
FBgn0035726,CG9953,CG9953,protein_coding,CG9953
FBgn0031104,jb,CG15460,protein_coding,jean-baptiste
FBgn0259183,CG42287,CG42287,protein_coding,CG42287
FBgn0262233,mir-2494,CR42940,ncRNA,mir-2494 stem loop
FBgn0266979,CR45430,CR45430,ncRNA,CR45430
FBgn0039852,nyo,CG1499,protein_coding,nyobe
FBgn0085362,Vml,CG34333,protein_coding,Vitelline membrane-like
FBgn0039186,CG5746,CG5746,protein_coding,CG5746
FBgn0262867,Ptr,CG11212,protein_coding,Patched-related
FBgn0033101,CG9436,CG9436,protein_coding,CG9436
FBgn0267304,CR45740,CR45740,ncRNA,CR45740
FBgn0036365,cmb,CG10732,protein_coding,combover
FBgn0000551,Edg78E,CG7673,protein_coding,Ecdysone-dependent gene 78E
FBgn0037295,dpr16,CG12591,protein_coding,defective proboscis extension response 16
FBgn0286940,CG46434,CG46434,protein_coding,CG46434
FBgn0038388,CG4287,CG4287,protein_coding,CG4287
FBgn0028572,qtc,CG14039,protein_coding,quick-to-court
FBgn0085413,CG34384,CG34384,protein_coding,CG34384
FBgn0035267,CG13921,CG13921,protein_coding,CG13921
FBgn0266881,CR45342,CR45342,ncRNA,CR45342
FBgn0053438,CR33438,CR33438,rRNA,CR33438
FBgn0267426,CR45779,CR45779,pseudogene,CR45779
FBgn0038738,CG4572,CG4572,protein_coding,CG4572
FBgn0261380,mRpL37,CG42632,protein_coding,mitochondrial ribosomal protein L37
FBgn0037570,CG11693,CG11693,protein_coding,CG11693
FBgn0262624,Tmhs,CG12026,protein_coding,Tetraspan membrane protein in hair cell stereocilia
FBgn0032222,Cox10,CG5037,protein_coding,Cytochrome c oxidase assembly factor 10
FBgn0086671,Psi28S-2876,CR33646,snoRNA,Psi28S-2876
FBgn0029753,CG4198,CG4198,protein_coding,CG4198
FBgn0039196,CG17781,CG17781,protein_coding,CG17781
FBgn0053882,CG33882,CG33882,protein_coding,CG33882
FBgn0029167,Hml,CG7002,protein_coding,Hemolectin
FBgn0266841,CR45303,CR45303,ncRNA,CR45303
FBgn0267285,CR45721,CR45721,ncRNA,CR45721
FBgn0283659,THG,CG4103,protein_coding,tRNA-histidine guanylyltransferase
FBgn0032067,LManIV,CG9465,protein_coding,Lysosomal alpha-mannosidase IV
FBgn0086904,Nacalpha,CG8759,protein_coding,Nascent polypeptide associated complex protein alpha subunit
FBgn0036277,CG10418,CG10418,protein_coding,CG10418
FBgn0267398,Yeti,CG40218,protein_coding,Yeti
FBgn0037008,mTerf3,CG5047,protein_coding,mitochondrial transcription termination factor 3
FBgn0026404,Dronc,CG8091,protein_coding,Death regulator Nedd2-like caspase
FBgn0267477,CR45827,CR45827,ncRNA,CR45827
FBgn0267239,CR45679,CR45679,ncRNA,CR45679
FBgn0035253,Srrm234,CG7971,protein_coding,Serine-arginine repetitive matrix 2/3/4
FBgn0031403,CG15387,CG15387,protein_coding,CG15387
FBgn0052669,CG32669,CG32669,protein_coding,CG32669
FBgn0267550,CR45890,CR45890,ncRNA,CR45890
FBgn0052152,CG32152,CG32152,protein_coding,CG32152
FBgn0046878,Obp83cd,CG15582,protein_coding,Odorant-binding protein 83cd
FBgn0027586,Jhbp14,CG5867,protein_coding,Juvenile hormone binding protein 14
FBgn0032642,Lamtor3,CG5110,protein_coding,"Late endosomal/lysosomal adaptor, MAPK and MTOR activator 3"
FBgn0037747,Naa80,CG8481,protein_coding,N(alpha)-acetyltransferase 80
FBgn0085791,CR41508,CR41508,pseudogene,CR41508
FBgn0040601,CG13643,CG13643,protein_coding,CG13643
FBgn0052150,meru,CG32150,protein_coding,meru
FBgn0036465,Rpn12R,CG11552,protein_coding,Regulatory particle non-ATPase 12-related
FBgn0027556,CG4928,CG4928,protein_coding,CG4928
FBgn0052085,CG32085,CG32085,protein_coding,CG32085
FBgn0021967,ND-PDSW,CG8844,protein_coding,NADH dehydrogenase (ubiquinone) PDSW subunit
FBgn0036144,GlcAT-P,CG6207,protein_coding,Glucuronyltransferase P
FBgn0032434,CG5421,CG5421,protein_coding,CG5421
FBgn0034172,CG6665,CG6665,protein_coding,CG6665
FBgn0010355,Taf1,CG17603,protein_coding,TBP-associated factor 1
FBgn0037838,TTLL15,CG4089,protein_coding,Tubulin tyrosine ligase-like 15
FBgn0265910,CR44699,CR44699,ncRNA,CR44699
FBgn0011980,Ser-AGA-3-1,CR32612,tRNA,Serine-AGA 3-1
FBgn0035505,Teh2,CG15004,protein_coding,tipE homolog 2
FBgn0036447,Mgat4b,CG17173,protein_coding,"alpha-1,3-mannosyl-glycoprotein 4-beta-N-acetylglucosaminyltransferase b"
FBgn0033853,Nadk1a,CG6145,protein_coding,NAD kinase 1a
FBgn0038246,CG14853,CG14853,protein_coding,CG14853
FBgn0030559,CG13404,CG13404,protein_coding,CG13404
FBgn0039315,CG13658,CG13658,protein_coding,CG13658
FBgn0033446,CG1648,CG1648,protein_coding,CG1648
FBgn0039802,dj-1beta,CG1349,protein_coding,dj-1beta
FBgn0261582,CG42692,CG42692,protein_coding,CG42692
FBgn0003920,14B,CR32913,snRNA,small nuclear RNA U2 at 14B
FBgn0051156,CG31156,CG31156,protein_coding,CG31156
FBgn0266177,pre-mod(mdg4)-I,CG44883,protein_coding,CG44883
FBgn0053533,lectin-37Db,CG33533,protein_coding,lectin-37Db
FBgn0266791,CR45256,CR45256,ncRNA,CR45256
FBgn0036775,Polr3D,CG5147,protein_coding,RNA polymerase III subunit D
FBgn0031090,Rab35,CG9575,protein_coding,Rab35
FBgn0030643,CG15641,CG15641,protein_coding,CG15641
FBgn0259916,CG42445,CG42445,protein_coding,CG42445
FBgn0262323,mir-252,CR43030,ncRNA,mir-252 stem loop
FBgn0051272,CG31272,CG31272,protein_coding,CG31272
FBgn0053898,CG33898,CG33898,protein_coding,CG33898
FBgn0053723,CG33723,CG33723,protein_coding,CG33723
FBgn0053238,CG33238,CG33238,protein_coding,CG33238
FBgn0045038,Proc,CG7105,protein_coding,Proctolin
FBgn0266905,CR45365,CR45365,ncRNA,CR45365
FBgn0260799,p120ctn,CG17484,protein_coding,p120 catenin
FBgn0025640,CG13369,CG13369,protein_coding,CG13369
FBgn0035647,CG10486,CG10486,protein_coding,CG10486
FBgn0265539,CR44389,CR44389,ncRNA,CR44389
FBgn0035056,spz6,CG9196,protein_coding,spatzle 6
FBgn0063388,54Ea,CR32892,snoRNA,54Ea
FBgn0085320,CG34291,CG34291,protein_coding,CG34291
FBgn0051388,CG31388,CG31388,protein_coding,CG31388
FBgn0265168,CR44237,CR44237,ncRNA,CR44237
FBgn0267731,CR46062,CR46062,ncRNA,CR46062
FBgn0011661,Moe,CG10701,protein_coding,Moesin
FBgn0014906,Hydr2,CG3488,protein_coding,alpha/beta hydrolase2
FBgn0025827,CG6421,CG6421,protein_coding,CG6421
FBgn0261567,CG42681,CG42681,protein_coding,CG42681
FBgn0003676,CCT1,CG5374,protein_coding,Chaperonin containing TCP1 subunit 1
FBgn0261931,Hecw,CG42797,protein_coding,Hecw ubiquitin protein ligase
FBgn0266036,CR44801,CR44801,ncRNA,CR44801
FBgn0034739,CG3927,CG3927,protein_coding,CG3927
FBgn0039341,CG5112,CG5112,protein_coding,CG5112
FBgn0267644,CR45982,CR45982,ncRNA,CR45982
FBgn0030768,Nemp,CG9723,protein_coding,Nuclear envelope integral membrane protein
FBgn0262401,mir-285,CR42941,ncRNA,mir-285 stem loop
FBgn0039396,CCAP-R,CG33344,protein_coding,Crustacean cardioactive peptide receptor
FBgn0037675,HP1e,CG8120,protein_coding,Heterochromatin Protein 1e
FBgn0032454,CG5787,CG5787,protein_coding,CG5787
FBgn0052312,Cys-GCA-2-1,CR32312,tRNA,Cysteine-GCA 2-1
FBgn0053208,Mical,CG33208,protein_coding,Molecule interacting with CasL
FBgn0283508,nw,CG43164,protein_coding,narrow
FBgn0266960,CR45411,CR45411,ncRNA,CR45411
FBgn0034520,lms,CG13424,protein_coding,lateral muscles scarcer
FBgn0085310,CG34281,CG34281,protein_coding,CG34281
FBgn0032375,CG14932,CG14932,protein_coding,CG14932
FBgn0266399,CR45039,CR45039,ncRNA,CR45039
FBgn0054006,CR34006,CR34006,ncRNA,CR34006
FBgn0020261,pcm,CG3291,protein_coding,pacman
FBgn0016697,Prosalpha5,CG10938,protein_coding,Proteasome alpha5 subunit
FBgn0266166,CR44872,CR44872,ncRNA,CR44872
FBgn0265447,CR44347,CR44347,ncRNA,CR44347
FBgn0027287,Gmap,CG33206,protein_coding,Golgi microtubule-associated protein
FBgn0010520,Bka,CG4539,protein_coding,Bekka
FBgn0030949,Cyp308a1,CG6585,protein_coding,Cytochrome P450 308a1
FBgn0037371,Sym,CG2097,protein_coding,Symplekin
FBgn0053319,CR33319,CR33319,pseudogene,CR33319
FBgn0267282,CR45718,CR45718,ncRNA,CR45718
FBgn0038886,Ugt49B2,CG6475,protein_coding,UDP-glycosyltransferase family 49 member B2
FBgn0030631,Prp5,CG6227,protein_coding,pre-mRNA processing factor 5
FBgn0035286,CG13924,CG13924,protein_coding,CG13924
FBgn0032082,CG18088,CG18088,protein_coding,CG18088
FBgn0052473,CG32473,CG32473,protein_coding,CG32473
FBgn0034408,sano,CG12758,protein_coding,serrano
FBgn0028838,CSN1a,CG4697,protein_coding,COP9 signalosome subunit 1a
FBgn0051809,CG31809,CG31809,protein_coding,CG31809
FBgn0030327,FucT6,CG2448,protein_coding,"alpha1,6-fucosyltransferase"
FBgn0003464,sol,CG1391,protein_coding,small optic lobes
FBgn0032216,Usp14,CG5384,protein_coding,Ubiquitin specific protease 14
FBgn0265695,CR44502,CR44502,ncRNA,CR44502
FBgn0039194,CG13614,CG13614,protein_coding,CG13614
FBgn0050074,Obp50d,CG30074,protein_coding,Odorant-binding protein 50d
FBgn0286827,CR43334,CR43334,ncRNA,CR43334
FBgn0265376,CR44317,CR44317,ncRNA,CR44317
FBgn0259711,CG42365,CG42365,protein_coding,CG42365
FBgn0032964,CG11630,CG11630,protein_coding,CG11630
FBgn0051244,CG31244,CG31244,protein_coding,CG31244
FBgn0028490,CG31705,CG31705,protein_coding,CG31705
FBgn0289442,CR46533,CR46533,ncRNA,CR46533
FBgn0015010,Ag5r,CG9538,protein_coding,Antigen 5-related
FBgn0029667,Gas8,CG14271,protein_coding,Growth arrest specific protein 8
FBgn0039023,Nepl14,CG4723,protein_coding,Neprilysin-like 14
FBgn0032590,CG4631,CG4631,protein_coding,CG4631
FBgn0010772,Xe7,CG2179,protein_coding,Xe7
FBgn0263488,CR43603,CR43603,ncRNA,CR43603
FBgn0031255,BBS8,CG13691,protein_coding,Bardet-Biedl syndrome 8
FBgn0265154,Ir60f,CR44223,pseudogene,Ionotropic receptor 60f
FBgn0261790,SmE,CG18591,protein_coding,Small ribonucleoprotein particle protein SmE
FBgn0086658,Psi28S-1180,CR33661,snoRNA,Psi28S-1180
FBgn0053367,CR33367,CR33367,rRNA,CR33367
FBgn0264786,CR44016,CR44016,ncRNA,CR44016
FBgn0039209,REPTOR,CG13624,protein_coding,Repressed by TOR
FBgn0033807,AQP,CG12251,protein_coding,aquaporin
FBgn0010808,Chchd3,CG1715,protein_coding,Coiled-coil-helix-coiled-coil-helix domain containing 3
FBgn0038373,CG4546,CG4546,protein_coding,CG4546
FBgn0031969,pes,CG7228,protein_coding,peste
FBgn0038533,CG7523,CG7523,protein_coding,CG7523
FBgn0267608,CR45946,CR45946,pseudogene,CR45946
FBgn0016754,sba,CG13598,protein_coding,six-banded
FBgn0263210,CR43380,CR43380,pseudogene,CR43380
FBgn0050082,CG30082,CG30082,protein_coding,CG30082
FBgn0026077,Gasp,CG10287,protein_coding,Gasp
FBgn0289443,CR46534,CR46534,ncRNA,CR46534
FBgn0051785,Grl36b,CG31785,protein_coding,Gustatory receptor-like 36b
FBgn0264703,CR43972,CR43972,pseudogene,CR43972
FBgn0266596,CR45121,CR45121,ncRNA,CR45121
FBgn0263322,CG43403,CG43403,protein_coding,CG43403
FBgn0083978,CG17672,CG17672,protein_coding,CG17672
FBgn0046258,CG12880,CG12880,protein_coding,CG12880
FBgn0051054,CR31054,CR31054,pseudogene,CR31054
FBgn0033528,trsn,CG11761,protein_coding,translin
FBgn0035679,CG10467,CG10467,protein_coding,CG10467
FBgn0265794,CR44583,CR44583,ncRNA,CR44583
FBgn0031826,CG9550,CG9550,protein_coding,CG9550
FBgn0263321,CG43402,CG43402,protein_coding,CG43402
FBgn0004779,Ccp84Ae,CG1330,protein_coding,Ccp84Ae
FBgn0050231,Phe-GAA-1-5,CR30231,tRNA,Phenylalanine-GAA 1-5
FBgn0039709,Cad99C,CG31009,protein_coding,Cadherin 99C
FBgn0022700,Cht4,CG3986,protein_coding,Chitinase 4
FBgn0042180,CG18870,CG18870,protein_coding,CG18870
FBgn0003507,srp,CG3992,protein_coding,serpent
FBgn0033845,mars,CG17064,protein_coding,mars
FBgn0032292,EMC3,CG6750,protein_coding,ER membrane protein complex subunit 3
FBgn0038225,soti,CG8489,protein_coding,scotti
FBgn0033769,CG8768,CG8768,protein_coding,CG8768
FBgn0265254,CR44268,CR44268,ncRNA,CR44268
FBgn0259726,CG42380,CG42380,protein_coding,CG42380
FBgn0267309,CR45745,CR45745,ncRNA,CR45745
FBgn0260396,CG42521,CG42521,protein_coding,CG42521
FBgn0053080,CG33080,CG33080,protein_coding,CG33080
FBgn0031785,CG13991,CG13991,protein_coding,CG13991
FBgn0001105,Gbeta13F,CG10545,protein_coding,G protein beta subunit 13F
FBgn0031692,TpnC25D,CG6514,protein_coding,Troponin C at 25D
FBgn0259713,CG42367,CG42367,protein_coding,CG42367
FBgn0031284,PGAP2,CG3876,protein_coding,Post-GPI attachment to proteins 2
FBgn0082951,Me18S-C1366,CR34532,snoRNA,Me18S-C1366
FBgn0086024,Me28S-A2589b,CR34653,snoRNA,CR34653
FBgn0015794,Rab18,CG3129,protein_coding,Rab18
FBgn0053850,CG33850,CG33850,protein_coding,CG33850
FBgn0052641,CG32641,CG32641,protein_coding,CG32641
FBgn0266397,CR45037,CR45037,ncRNA,CR45037
FBgn0026059,Mhcl,CG31045,protein_coding,Myosin heavy chain-like
FBgn0262972,cherub,CR43283,ncRNA,cherub
FBgn0262030,CG42841,CG42841,protein_coding,CG42841
FBgn0039559,NSD,CG4976,protein_coding,Nuclear receptor binding SET domain protein
FBgn0033668,exp,CG13188,protein_coding,expansion
FBgn0015808,ScpX,CG17320,protein_coding,Sterol carrier protein X-related thiolase
FBgn0000117,arm,CG11579,protein_coding,armadillo
FBgn0023215,Mnt,CG13316,protein_coding,Mnt
FBgn0264598,PsGEF,CG43947,protein_coding,Protostome-specific GEF
FBgn0052819,CG32819,CG32819,protein_coding,CG32819
FBgn0065057,MeU2-C28,CR33726,snoRNA, MeU2-C28
FBgn0287612,CR46481,CR46481,ncRNA,CR46481
FBgn0267217,CR45657,CR45657,ncRNA,CR45657
FBgn0033777,CG17574,CG17574,protein_coding,CG17574
FBgn0011958,Arg-ACG-1-1,CR30304,tRNA,Arginine-ACG 1-1
FBgn0051374,sals,CG31374,protein_coding,sarcomere length short
FBgn0038718,CG17752,CG17752,protein_coding,CG17752
FBgn0021895,ytr,CG18426,protein_coding,yantar
FBgn0039543,CROT,CG12428,protein_coding,Carnitine O-octanoyltransferase
FBgn0017579,RpL14,CG6253,protein_coding,Ribosomal protein L14
FBgn0266347,nAChRalpha4,CG12414,protein_coding,nicotinic Acetylcholine Receptor alpha4
FBgn0034727,mRpS29,CG3633,protein_coding,mitochondrial ribosomal protein S29
FBgn0029826,CG6041,CG6041,protein_coding,CG6041
FBgn0029531,CG13362,CG13362,protein_coding,CG13362
FBgn0024897,b6,CG3100,protein_coding,b6
FBgn0040726,dpr1,CG13439,protein_coding,defective proboscis extension response 1
FBgn0034499,Cpr56F,CG9036,protein_coding,Cuticular protein 56F
FBgn0029725,CG2871,CG2871,protein_coding,CG2871
FBgn0031377,CG15356,CG15356,protein_coding,CG15356
FBgn0040294,POSH,CG4909,protein_coding,Plenty of SH3s
FBgn0033402,Myd88,CG2078,protein_coding,Myd88
FBgn0030970,CG7326,CG7326,protein_coding,CG7326
FBgn0005411,U2af50,CG9998,protein_coding,U2 small nuclear riboprotein auxiliary factor 50
FBgn0036194,Dph1,CG11652,protein_coding,Diphthamide biosynthesis 1
FBgn0029689,CG6428,CG6428,protein_coding,CG6428
FBgn0036134,FoxK,CG11799,protein_coding,Forkhead box K
FBgn0033021,CG10417,CG10417,protein_coding,CG10417
FBgn0040989,CG5693,CG5693,protein_coding,CG5693
FBgn0026144,CBP,CG1435,protein_coding,sarcoplasmic calcium-binding protein
FBgn0036934,sNPF-R,CG7395,protein_coding,short neuropeptide F receptor
FBgn0053988,Mid1,CG33988,protein_coding,Mid1
FBgn0000382,csw,CG3954,protein_coding,corkscrew
FBgn0010401,Os-C,CG3250,protein_coding,Os-C
FBgn0030899,Hesr,CG5927,protein_coding,HES-related
FBgn0002466,sti,CG10522,protein_coding,sticky
FBgn0025808,Rad17,CG7825,protein_coding,Rad17
FBgn0050053,CG30053,CG30053,protein_coding,CG30053
FBgn0029830,Grip,CG14447,protein_coding,Glutamate receptor interacting protein
FBgn0052748,Phe-GAA-1-1,CR32748,tRNA,Phenylalanine-GAA 1-1
FBgn0038901,Burs,CG13419,protein_coding,Bursicon
FBgn0265193,Atf-2,CG44246,protein_coding,Activating transcription factor-2
FBgn0266937,CR45388,CR45388,ncRNA,CR45388
FBgn0261532,cdm,CG7212,protein_coding,cadmus
FBgn0287592,CG46462,CG46462,protein_coding,CG46462
FBgn0040524,CG11052,CG11052,protein_coding,CG11052
FBgn0286040,2,CR46362,ncRNA,stable intronic sequence RNA 2
FBgn0038871,CG3337,CG3337,protein_coding,CG3337
FBgn0030078,CG10970,CG10970,protein_coding,CG10970
FBgn0265703,CR44510,CR44510,ncRNA,CR44510
FBgn0086710,RpL30,CG10652,protein_coding,Ribosomal protein L30
FBgn0263092,CR43360,CR43360,pseudogene,CR43360
FBgn0031914,CG5973,CG5973,protein_coding,CG5973
FBgn0264707,RhoGEF3,CG43976,protein_coding,Rho guanine nucleotide exchange factor 3
FBgn0029823,Shmt,CG3011,protein_coding,Serine hydroxymethyl transferase
FBgn0037001,ND-39,CG6020,protein_coding,NADH dehydrogenase (ubiquinone) 39 kDa subunit
FBgn0266230,CR44925,CR44925,ncRNA,CR44925
FBgn0260228,CG42502,CG42502,protein_coding,CG42502
FBgn0002783,mor,CG18740,protein_coding,moira
FBgn0038869,Smyd5,CG3353,protein_coding,"SET and MYND domain containing, class 5"
FBgn0259227,CG42327,CG42327,protein_coding,CG42327
FBgn0286878,1,CR46400,ncRNA,stem-bulge RNA 1
FBgn0034442,CG11257,CG11257,protein_coding,CG11257
FBgn0031088,CG15322,CG15322,protein_coding,CG15322
FBgn0053230,CG33230,CG33230,protein_coding,CG33230
FBgn0037478,CG2656,CG2656,protein_coding,CG2656
FBgn0038078,CG14391,CG14391,protein_coding,CG14391
FBgn0262377,mir-2a-1,CR42899,ncRNA,mir-2a-1 stem loop
FBgn0037653,Iru,CG11982,protein_coding,Iruka
FBgn0263507,CR43496,CR43496,ncRNA,CR43496
FBgn0034871,CG3906,CG3906,protein_coding,CG3906
FBgn0266308,CR44973,CR44973,ncRNA,CR44973
FBgn0285993,CR46343,CR46343,ncRNA,CR46343
FBgn0085692,CG41561,CG41561,protein_coding,CG41561
FBgn0034971,Gpat4,CG3209,protein_coding,Glycerol-3-phosphate acyltransferase 4
FBgn0085267,CG34238,CG34238,protein_coding,CG34238
FBgn0260230,CG42504,CG42504,protein_coding,CG42504
FBgn0083042,Psi18S-1854a,CR34602,snoRNA,Psi18S-1854a
FBgn0031872,ihog,CG9211,protein_coding,interference hedgehog
FBgn0040905,CG15578,CG15578,protein_coding,CG15578
FBgn0000454,Dip-B,CG9285,protein_coding,Dipeptidase B
FBgn0259962,Sfp33A1,CG42472,protein_coding,Seminal fluid protein 33A1
FBgn0053126,NLaz,CG33126,protein_coding,Neural Lazarillo
FBgn0035480,CG14984,CG14984,protein_coding,CG14984
FBgn0286203,stw,CG42345,protein_coding,straw
FBgn0261705,CG42741,CG42741,protein_coding,CG42741
FBgn0032289,CG6431,CG6431,protein_coding,CG6431
FBgn0038924,CG6028,CG6028,protein_coding,CG6028
FBgn0002609,E(spl)m3-HLH,CG8346,protein_coding,"Enhancer of split m3, helix-loop-helix"
FBgn0085414,dpr12,CG34385,protein_coding,defective proboscis extension response 12
FBgn0263846,CG43707,CG43707,protein_coding,CG43707
FBgn0259958,Sfp24F,CG42468,protein_coding,Seminal fluid protein 24F
FBgn0267418,CR45771,CR45771,pseudogene,CR45771
FBgn0040964,CG18661,CG18661,protein_coding,CG18661
FBgn0053111,CG33111,CG33111,protein_coding,CG33111
FBgn0027872,rdgBbeta,CG17818,protein_coding,rdgBbeta
FBgn0015396,jumu,CG4029,protein_coding,jumeau
FBgn0038243,CG8066,CG8066,protein_coding,CG8066
FBgn0013278,Hsp70Bb,CG31359,protein_coding,Heat shock protein 70 Bb
FBgn0010292,bys,CG1430,protein_coding,by S6
FBgn0037881,GCC88,CG10703,protein_coding,GRIP and coiled-coil domain containing 88 kDa
FBgn0033188,Drat,CG1600,protein_coding,Death resistor Adh domain containing target
FBgn0016698,Ptpa,CG3289,protein_coding,Phosphotyrosyl phosphatase activator
FBgn0000206,boss,CG8285,protein_coding,bride of sevenless
FBgn0053293,CG33293,CG33293,protein_coding,CG33293
FBgn0030694,CG15602,CG15602,protein_coding,CG15602
FBgn0039226,Ude,CG18410,protein_coding,Uracil-DNA degrading factor
FBgn0262426,mir-283,CR42980,ncRNA,mir-283 stem loop
FBgn0265464,Traf6,CG10961,protein_coding,TNF-receptor-associated factor 6
FBgn0053511,CG33511,CG33511,protein_coding,CG33511
FBgn0052445,CG32445,CG32445,protein_coding,CG32445
FBgn0261710,nocte,CG17255,protein_coding,no circadian temperature entrainment
FBgn0038918,Qsox3,CG6690,protein_coding,Quiescin sulfhydryl oxidase 3
FBgn0267003,CR45447,CR45447,ncRNA,CR45447
FBgn0017558,Pdk,CG8808,protein_coding,Pyruvate dehydrogenase kinase
FBgn0038331,Ccm3,CG5073,protein_coding,Cerebral cavernous malformation 3
FBgn0004167,kst,CG12008,protein_coding,karst
FBgn0004908,Arl2,CG7435,protein_coding,ADP ribosylation factor-like 2
FBgn0035917,Zasp66,CG6416,protein_coding,Z band alternatively spliced PDZ-motif protein 66
FBgn0265345,CR44299,CR44299,ncRNA,CR44299
FBgn0000046,Act87E,CG18290,protein_coding,Actin 87E
FBgn0020379,Rfx,CG6312,protein_coding,Rfx
FBgn0260653,serp,CG32209,protein_coding,serpentine
FBgn0267633,CR45971,CR45971,ncRNA,CR45971
FBgn0262455,mir-1,CR43027,ncRNA,mir-1 stem loop
FBgn0287609,CR46478,CR46478,ncRNA,CR46478
FBgn0011994,Thr-AGT-1-6,CR31590,tRNA,Threonine-AGT 1-6
FBgn0025456,CREG,CG5413,protein_coding,Cellular Repressor of E1A-stimulated Genes
FBgn0052823,Sdic3,CG32823,protein_coding,Sperm-specific dynein intermediate chain 3
FBgn0036550,CG17026,CG17026,protein_coding,CG17026
FBgn0266280,CR44965,CR44965,ncRNA,CR44965
FBgn0267274,CR45710,CR45710,ncRNA,CR45710
FBgn0029783,Sirt4,CG3187,protein_coding,Sirtuin 4
FBgn0044020,Roc2,CG8998,protein_coding,Regulator of cullins 2
FBgn0065097,357,CR33659,ncRNA,small non-coding RNA 357
FBgn0033640,CG13198,CG13198,protein_coding,CG13198
FBgn0022153,l(2)k05819,CG3054,protein_coding,lethal (2) k05819
FBgn0266168,CR44874,CR44874,ncRNA,CR44874
FBgn0085332,CG34303,CG34303,protein_coding,CG34303
FBgn0039302,Nup358,CG11856,protein_coding,Nucleoporin 358kD
FBgn0265758,CR44565,CR44565,ncRNA,CR44565
FBgn0026565,Ass,CG1315,protein_coding,Argininosuccinate synthase
FBgn0262301,mir-979,CR43008,ncRNA,mir-979 stem loop
FBgn0030016,Or7a,CG10759,protein_coding,Odorant receptor 7a
FBgn0266459,CG45084,CG45084,protein_coding,CG45084
FBgn0004635,rho,CG1004,protein_coding,rhomboid
FBgn0002917,na,CG1517,protein_coding,narrow abdomen
FBgn0054029,CG34029,CG34029,protein_coding,CG34029
FBgn0264364,CG43816,CG43816,protein_coding,CG43816
FBgn0261722,fwe,CG6151,protein_coding,flower
FBgn0035781,CG8560,CG8560,protein_coding,CG8560
FBgn0012018,Tyr-GTA-1-9,CR31905,tRNA,Tyrosine-GTA 1-9
FBgn0035673,CG6602,CG6602,protein_coding,CG6602
FBgn0028837,CSN6,CG6932,protein_coding,COP9 signalosome subunit 6
FBgn0053414,CR33414,CR33414,rRNA,CR33414
FBgn0034215,Mtap,CG4802,protein_coding,Methylthioadenosine phosphorylase
FBgn0031708,CG7382,CG7382,protein_coding,CG7382
FBgn0052590,CG32590,CG32590,protein_coding,CG32590
FBgn0030847,CG12991,CG12991,protein_coding,CG12991
FBgn0031044,MKP-4,CG14211,protein_coding,MAPK Phosphatase 4
FBgn0036880,Cpr76Bc,CG9295,protein_coding,Cuticular protein 76Bc
FBgn0085408,Shrm,CG34379,protein_coding,Shroom
FBgn0002535,Lcp4,CG2044,protein_coding,Larval cuticle protein 4
FBgn0029848,Btnd,CG3599,protein_coding,Biotinidase
FBgn0033471,CG12134,CG12134,protein_coding,CG12134
FBgn0267430,Pzl,CG45783,protein_coding,Piezo-like
FBgn0266683,CR45173,CR45173,ncRNA,CR45173
FBgn0265696,CR44503,CR44503,ncRNA,CR44503
FBgn0053198,pen-2,CG33198,protein_coding,presenilin enhancer
FBgn0264001,bru3,CG43744,protein_coding,bruno 3
FBgn0051191,CG31191,CG31191,protein_coding,CG31191
FBgn0035880,Culd,CG17352,protein_coding,CUB and LDLa domain
FBgn0053852,CG33852,CG33852,protein_coding,CG33852
FBgn0265814,CR44603,CR44603,ncRNA,CR44603
FBgn0262896,CG43251,CG43251,protein_coding,CG43251
FBgn0036842,Ugt316A1,CG3797,protein_coding,UDP-glycosyltransferase family 316 member A1
FBgn0038858,CG5793,CG5793,protein_coding,CG5793
FBgn0267939,CR46219,CR46219,ncRNA,CR46219
FBgn0005626,ple,CG10118,protein_coding,pale
FBgn0034438,CG9416,CG9416,protein_coding,CG9416
FBgn0038272,Dph2,CG7265,protein_coding,Diphthamide biosynthesis 2
FBgn0031585,CG2955,CG2955,protein_coding,CG2955
FBgn0263521,mir-4969,CR43506,ncRNA,mir-4969 stem loop
FBgn0024958,Irp-1A,CG4900,protein_coding,Iron regulatory protein 1A
FBgn0003401,shu,CG4735,protein_coding,shutdown
FBgn0034882,Eglp1,CG5398,protein_coding,Entomoglyceroporin 1
FBgn0037917,wkd,CG5344,protein_coding,whacked
FBgn0037012,Rcd2,CG4786,protein_coding,Reduction in Cnn dots 2
FBgn0038365,CG9593,CG9593,protein_coding,CG9593
FBgn0030537,CG12480,CG12480,protein_coding,CG12480
FBgn0029501,Crtp,CG13580,protein_coding,Caldesmon-related protein
FBgn0039259,EMC6,CG11781,protein_coding,ER membrane protein complex subunit 6
FBgn0031397,CG15385,CG15385,protein_coding,CG15385
FBgn0266070,CR44823,CR44823,ncRNA,CR44823
FBgn0266822,CR45284,CR45284,ncRNA,CR45284
FBgn0039373,CG5024,CG5024,protein_coding,CG5024
FBgn0267049,CG45493,CG45493,protein_coding,CG45493
FBgn0266941,CR45392,CR45392,ncRNA,CR45392
FBgn0034225,veil,CG4827,protein_coding,veil
FBgn0065084,763,CR33711,ncRNA,small non-coding RNA 763
FBgn0086603,Or-CD2,CR33636,snoRNA,CR33636
FBgn0264507,CR43906,CR43906,ncRNA,CR43906
FBgn0263465,kis-a,CR43580,snoRNA,CR43580
FBgn0031945,CG7191,CG7191,protein_coding,CG7191
FBgn0030048,CG12112,CG12112,protein_coding,CG12112
FBgn0267757,CR46088,CR46088,ncRNA,CR46088
FBgn0025366,Ip259,CG5277,protein_coding,Intronic Protein 259
FBgn0011277,HLH4C,CG3052,protein_coding,Helix loop helix protein 4C
FBgn0015296,Shc,CG3715,protein_coding,SHC-adaptor protein
FBgn0265071,CR44182,CR44182,ncRNA,CR44182
FBgn0003449,snf,CG4528,protein_coding,sans fille
FBgn0031734,CG11147,CG11147,protein_coding,CG11147
FBgn0001220,Hsc70-5,CG8542,protein_coding,Heat shock protein 70 cognate 5
FBgn0004797,mdy,CG31991,protein_coding,midway
FBgn0264440,CR43858,CR43858,ncRNA,CR43858
FBgn0262028,CR42839,CR42839,ncRNA,CR42839
FBgn0038147,CCHa2,CG14375,protein_coding,CCHamide-2
FBgn0028950,CG15255,CG15255,protein_coding,CG15255
FBgn0031980,RpL36A,CG7424,protein_coding,Ribosomal protein L36A
FBgn0036819,Dysb,CG6856,protein_coding,Dysbindin
FBgn0037000,ZnT77C,CG5130,protein_coding,Zinc transporter 77C
FBgn0267215,CR45655,CR45655,ncRNA,CR45655
FBgn0030668,CG8128,CG8128,protein_coding,CG8128
FBgn0036897,Rnf146,CG8786,protein_coding,Ring finger protein 146
FBgn0035851,MED24,CG7999,protein_coding,Mediator complex subunit 24
FBgn0260856,Membrin,CG4780,protein_coding,Membrin
FBgn0035643,CG13287,CG13287,protein_coding,CG13287
FBgn0044452,Atg2,CG1241,protein_coding,Autophagy-related 2
FBgn0263518,mir-4975,CR43503,ncRNA,mir-4975 stem loop
FBgn0030167,CG15252,CG15252,protein_coding,CG15252
FBgn0036044,Zasp67,CG14168,protein_coding,Z band alternatively spliced PDZ-motif protein 67
FBgn0051373,CG31373,CG31373,protein_coding,CG31373
FBgn0003862,trx,CG8651,protein_coding,trithorax
FBgn0263971,CG43725,CG43725,protein_coding,CG43725
FBgn0265968,Tfb5,CG42373,protein_coding,Transcription factor B5
FBgn0040733,BomS6,CG15068,protein_coding,Bomanin Short 6
FBgn0003375,Sgs5,CG7596,protein_coding,Salivary gland secretion 5
FBgn0034397,CG15082,CG15082,protein_coding,CG15082
FBgn0264480,CR43888,CR43888,ncRNA,CR43888
FBgn0264984,CR44135,CR44135,ncRNA,CR44135
FBgn0024251,bbx,CG1414,protein_coding,bobby sox
FBgn0036980,RhoBTB,CG5701,protein_coding,Rho-related BTB domain containing
FBgn0030049,Trf4-1,CG11265,protein_coding,Topoisomerase related function 4-1
FBgn0029924,CG4586,CG4586,protein_coding,CG4586
FBgn0028963,Or49b,CG17584,protein_coding,Odorant receptor 49b
FBgn0041252,Femcoat,CG15573,protein_coding,Femcoat
FBgn0034122,CG15711,CG15711,protein_coding,CG15711
FBgn0035975,PGRP-LA,CG32042,protein_coding,Peptidoglycan recognition protein LA
FBgn0012009,Val-AAC-2-4,CR32122,tRNA,Valine-AAC 2-4
FBgn0025832,Fen1,CG8648,protein_coding,Flap endonuclease 1
FBgn0266745,CG45218,CG45218,protein_coding,CG45218
FBgn0264946,CR44115,CR44115,ncRNA,CR44115
FBgn0037935,CG6834,CG6834,protein_coding,CG6834
FBgn0035542,TP53INP,CG11347,protein_coding,Tumor protein p53 inducible nuclear protein
FBgn0264495,gpp,CG42803,protein_coding,grappa
FBgn0267289,CR45725,CR45725,ncRNA,CR45725
FBgn0033775,Cyp9h1,CG17577,protein_coding,Cytochrome P450 9h1
FBgn0038861,Trm7-34,CG7009,protein_coding,tRNA methyltransferase 7-34
FBgn0266568,yar,CR42744,ncRNA,yellow-achaete intergenic RNA
FBgn0040076,primo-2,CG33747,protein_coding,primo-2
FBgn0065053,Me18S-C1831,CR33674,snoRNA,CR33674
FBgn0264567,CR43939,CR43939,ncRNA,CR43939
FBgn0013749,Arf4,CG11027,protein_coding,ADP ribosylation factor 4
FBgn0050148,CG30148,CG30148,protein_coding,CG30148
FBgn0039765,mRpS18C,CG9688,protein_coding,mitochondrial ribosomal protein S18C
FBgn0262738,norpA,CG3620,protein_coding,no receptor potential A
FBgn0266834,CR45296,CR45296,ncRNA,CR45296
FBgn0010612,ATPsynG,CG6105,protein_coding,"ATP synthase, subunit G"
FBgn0265066,CR44177,CR44177,ncRNA,CR44177
FBgn0035198,CG9133,CG9133,protein_coding,CG9133
FBgn0033498,CG12209,CG12209,protein_coding,CG12209
FBgn0037424,Osi15,CG1157,protein_coding,Osiris 15
FBgn0020621,Pkn,CG2049,protein_coding,Protein kinase N
FBgn0082927,Me28S-G3255b,CR34529,snoRNA,Me28S-G3255b
FBgn0026620,tacc,CG9765,protein_coding,transforming acidic coiled-coil protein
FBgn0033204,CG2065,CG2065,protein_coding,CG2065
FBgn0031724,CG18266,CG18266,protein_coding,CG18266
FBgn0051029,CG31029,CG31029,protein_coding,CG31029
FBgn0052463,Tengl2,CG32463,protein_coding,Testis EndoG-Like 2
FBgn0051294,CG31294,CG31294,protein_coding,CG31294
FBgn0010051,Itpr,CG1063,protein_coding,"Inositol 1,4,5,-trisphosphate receptor"
FBgn0045495,Gr28b,CG13788,protein_coding,Gustatory receptor 28b
FBgn0030870,CG6398,CG6398,protein_coding,CG6398
FBgn0039566,CG4849,CG4849,protein_coding,CG4849
FBgn0086856,CG11555,CG11555,protein_coding,CG11555
FBgn0037291,CG14662,CG14662,protein_coding,CG14662
FBgn0265348,CR44302,CR44302,ncRNA,CR44302
FBgn0266027,TS15,CR44792,ncRNA,testis-specific 15
FBgn0037391,CG2017,CG2017,protein_coding,CG2017
FBgn0033665,Zip48C,CG13189,protein_coding,Zinc/iron regulated transporter-related protein 48C
FBgn0034282,Mapmodulin,CG5784,protein_coding,Mapmodulin
FBgn0267522,CR45862,CR45862,pseudogene,CR45862
FBgn0267028,CR45472,CR45472,ncRNA,CR45472
FBgn0011559,Acp36DE,CG7157,protein_coding,Accessory gland protein 36DE
FBgn0001269,inv,CG17835,protein_coding,invected
FBgn0261998,CG42816,CG42816,protein_coding,CG42816
FBgn0030063,CG1789,CG1789,protein_coding,CG1789
FBgn0003275,Polr2F,CG1163,protein_coding,"RNA polymerase II, I and III subunit F"
FBgn0261067,LSm1,CG4279,protein_coding,Like Sm 1
FBgn0041247,Gr28a,CG13787,protein_coding,Gustatory receptor 28a
FBgn0263762,CG43679,CG43679,protein_coding,CG43679
FBgn0037153,olf413,CG12673,protein_coding,olf413
FBgn0035674,CG13295,CG13295,protein_coding,CG13295
FBgn0264602,CR43951,CR43951,ncRNA,CR43951
FBgn0034054,CG8366,CG8366,protein_coding,CG8366
FBgn0040928,CR15345,CR15345,pseudogene,CR15345
FBgn0053359,CR33359,CR33359,rRNA,CR33359
FBgn0038966,pinta,CG13848,protein_coding,prolonged depolarization afterpotential (PDA) is not apparent
FBgn0033729,Cpr49Af,CG8510,protein_coding,Cuticular protein 49Af
FBgn0262817,CG43188,CG43188,protein_coding,CG43188
FBgn0028948,CG15253,CG15253,protein_coding,CG15253
FBgn0261584,CG42694,CG42694,protein_coding,CG42694
FBgn0036834,CG6836,CG6836,protein_coding,CG6836
FBgn0267450,CR45800,CR45800,ncRNA,CR45800
FBgn0267565,CR45905,CR45905,ncRNA,CR45905
FBgn0261111,BHD,CG8616,protein_coding,Birt-Hogg-Dube
FBgn0053531,Ddr,CG33531,protein_coding,Discoidin domain receptor
FBgn0034033,CG8204,CG8204,protein_coding,CG8204
FBgn0026086,Adar,CG12598,protein_coding,Adenosine deaminase acting on RNA
FBgn0261805,CG42751,CG42751,protein_coding,CG42751
FBgn0266743,CR45216,CR45216,ncRNA,CR45216
FBgn0031462,CG2964,CG2964,protein_coding,CG2964
FBgn0038731,Acsx1R,CG11659,protein_coding,Acyl-CoA synthetase X1 R
FBgn0286852,naz,CG31235,protein_coding,nazgul
FBgn0038210,CG3199,CG3199,protein_coding,CG3199
FBgn0030539,CG1368,CG1368,protein_coding,CG1368
FBgn0259683,Ir40a,CG42352,protein_coding,Ionotropic receptor 40a
FBgn0261955,kdn,CG3861,protein_coding,knockdown
FBgn0063491,GstE9,CG17534,protein_coding,Glutathione S transferase E9
FBgn0259189,Ir7e,CG42293,protein_coding,Ionotropic receptor 7e
FBgn0263848,CG43709,CG43709,protein_coding,CG43709
FBgn0034903,sona,CG9850,protein_coding,sol narae
FBgn0014857,His3.3A,CG5825,protein_coding,Histone H3.3A
FBgn0038380,CG14877,CG14877,protein_coding,CG14877
FBgn0052850,Rnf11,CG32850,protein_coding,Ring finger protein 11
FBgn0261570,raskol,CG42684,protein_coding,raskol
FBgn0050398,CG30398,CG30398,protein_coding,CG30398
FBgn0028380,fal,CG9670,protein_coding,falten
FBgn0037493,CR10032,CR10032,pseudogene,CR10032
FBgn0262412,mir-1008,CR42957,ncRNA,mir-1008 stem loop
FBgn0265821,CR44610,CR44610,ncRNA,CR44610
FBgn0052214,CG32214,CG32214,protein_coding,CG32214
FBgn0031547,Sr-CIV,CG3212,protein_coding,"Scavenger receptor class C, type IV"
FBgn0261581,CG42691,CG42691,protein_coding,CG42691
FBgn0287610,CR46479,CR46479,ncRNA,CR46479
FBgn0000473,Cyp6a2,CG9438,protein_coding,Cytochrome P450 6a2
FBgn0032849,mRpS18B,CG10757,protein_coding,mitochondrial ribosomal protein S18B
FBgn0034427,CG10474,CG10474,protein_coding,CG10474
FBgn0266076,mir-276a,CR43001,ncRNA,mir-276a stem loop
FBgn0085407,Pvf3,CG34378,protein_coding,PDGF- and VEGF-related factor 3
FBgn0011851,Glu-CTC-3-4,CR32327,tRNA,Glutamic acid-CTC 3-4
FBgn0050438,Ugt50B3,CG30438,protein_coding,UDP-glycosyltransferase family 50 member B3
FBgn0045443,mthl11,CG31147,protein_coding,methuselah-like 11
FBgn0002901,mus304,CG7347,protein_coding,mutagen-sensitive 304
FBgn0037576,Or85a,CG7454,protein_coding,Odorant receptor 85a
FBgn0263256,CG43394,CG43394,protein_coding,CG43394
FBgn0035521,VhaM9.7-a,CG1268,protein_coding,Vacuolar H[+] ATPase M9.7 subunit a
FBgn0035027,CG3511,CG3511,protein_coding,CG3511
FBgn0259226,CG42326,CG42326,protein_coding,CG42326
FBgn0039599,intr,CG12558,protein_coding,intrepid
FBgn0065100,254,CR33705,ncRNA,small non-coding RNA 254
FBgn0033458,Lime,CG18446,protein_coding,Linking immunity and metabolism
FBgn0032897,bero,CG9336,protein_coding,belly roll
FBgn0037538,CG3223,CG3223,protein_coding,CG3223
FBgn0037602,SLIRP2,CG8021,protein_coding,SRA stem-loop interacting RNA binding protein 2
FBgn0033648,Ir48b,CG13195,protein_coding,Ionotropic receptor 48b
FBgn0016650,Lgr1,CG7665,protein_coding,Leucine-rich repeat-containing G protein-coupled receptor 1
FBgn0037801,CG3999,CG3999,protein_coding,CG3999
FBgn0040362,CG11379,CG11379,protein_coding,CG11379
FBgn0086687,Desat1,CG5887,protein_coding,Desaturase 1
FBgn0038209,Recs1,CG9722,protein_coding,Recs1
FBgn0053384,CR33384,CR33384,rRNA,CR33384
FBgn0053849,CG33849,CG33849,protein_coding,CG33849
FBgn0032723,ssp3,CG18397,protein_coding,short spindle 3
FBgn0053366,CR33366,CR33366,rRNA,CR33366
FBgn0052357,Met-CAT-1-4,CR32357,tRNA,Methionine-CAT 1-4
FBgn0032582,CG13258,CG13258,protein_coding,CG13258
FBgn0004174,Mst84Dc,CG17945,protein_coding,Male-specific RNA 84Dc
FBgn0034127,CG7848,CG7848,protein_coding,CG7848
FBgn0266947,CR45398,CR45398,ncRNA,CR45398
FBgn0011640,lark,CG8597,protein_coding,lark
FBgn0284251,l(2)05287,CG12050,protein_coding,lethal (2) 05287
FBgn0267541,CR45881,CR45881,ncRNA,CR45881
FBgn0036105,Blos4,CG14149,protein_coding,"Biogenesis of lysosome-related organelles complex 1, subunit 4"
FBgn0052475,mthl8,CG32475,protein_coding,methuselah-like 8
FBgn0262140,CG42866,CG42866,protein_coding,CG42866
FBgn0039671,CG11470,CG11470,protein_coding,CG11470
FBgn0034259,P32,CG6459,protein_coding,P32
FBgn0051025,Ppi1,CG31025,protein_coding,Protein phosphatase 1c interacting protein 1
FBgn0052279,Drsl2,CG32279,protein_coding,Drosomycin-like 2
FBgn0030341,p24-1,CG1967,protein_coding,p24-related-1
FBgn0051963,Trp-CCA-2-1,CR31963,tRNA,Tryptophan-CCA 2-1
FBgn0261357,CG42634,CG42634,protein_coding,CG42634
FBgn0263589,CR43614,CR43614,ncRNA,CR43614
FBgn0267588,CR45926,CR45926,ncRNA,CR45926
FBgn0041229,Gr93a,CG13417,protein_coding,Gustatory receptor 93a
FBgn0266365,CR45013,CR45013,ncRNA,CR45013
FBgn0069973,CG40485,CG40485,protein_coding,CG40485
FBgn0041775,tral,CG10686,protein_coding,trailer hitch
FBgn0037082,CG5664,CG5664,protein_coding,CG5664
FBgn0040764,CG13230,CG13230,protein_coding,CG13230
FBgn0053223,CG33223,CG33223,protein_coding,CG33223
FBgn0034381,List,CG15088,protein_coding,Lithium-inducible SLC6 transporter
FBgn0051242,Gly-TCC-1-3,CR31242,tRNA,Glycine-TCC 1-3
FBgn0050410,Rpi,CG30410,protein_coding,Ribose-5-phosphate isomerase
FBgn0286028,CR46348,CR46348,ncRNA,CR46348
FBgn0032391,escl,CG5202,protein_coding,escl
FBgn0032635,CG15141,CG15141,protein_coding,CG15141
FBgn0041336,Cyp6t2Psi,CR31621,pseudogene,Cyp6t2Psi
FBgn0032749,Phlpp,CG10493,protein_coding,PH domain leucine-rich repeat protein phosphatase
FBgn0037109,MED1,CG7162,protein_coding,Mediator complex subunit 1
FBgn0020440,Fak,CG10023,protein_coding,Focal adhesion kinase
FBgn0035901,Pus7,CG6745,protein_coding,Pseudouridine synthase 7
FBgn0010825,Gug,CG6964,protein_coding,Grunge
FBgn0051588,Phe-GAA-1-6,CR31588,tRNA,Phenylalanine-GAA 1-6
FBgn0264327,CR43786,CR43786,ncRNA,CR43786
FBgn0065035,AlkB,CG33250,protein_coding,AlkB
FBgn0262951,CR43270,CR43270,ncRNA,CR43270
FBgn0026192,par-6,CG5884,protein_coding,par-6
FBgn0083011,Psi28S-1135b,CR34605,snoRNA,Psi28S-1135b
FBgn0266432,CG45062,CG45062,protein_coding,CG45062
FBgn0261401,Ir75c,CG42642,protein_coding,Ionotropic receptor 75c
FBgn0002641,mal,CG1692,protein_coding,maroon-like
FBgn0262461,mir-315,CR43036,ncRNA,mir-315 stem loop
FBgn0263662,Irar,CR43653,ncRNA,Insulin receptor-associated lncRNA
FBgn0038745,ClpX,CG4538,protein_coding,Caseinolytic protease chaperone subunit
FBgn0266451,fau,CG45077,protein_coding,fau
FBgn0030421,Agpat1,CG3812,protein_coding,1-Acylglycerol-3-phosphate O-acyltransferase 1
FBgn0031261,nAChRbeta3,CG11822,protein_coding,nicotinic Acetylcholine Receptor beta3
FBgn0038237,Pde6,CG8279,protein_coding,Phosphodiesterase 6
FBgn0038011,CG4066,CG4066,protein_coding,CG4066
FBgn0052054,CG32054,CG32054,protein_coding,CG32054
FBgn0266780,CR45245,CR45245,ncRNA,CR45245
FBgn0030925,Hayan,CG6361,protein_coding,Hayan
FBgn0264959,Src42A,CG44128,protein_coding,Src oncogene at 42A
FBgn0262368,mir-282,CR42880,ncRNA,mir-282 stem loop
FBgn0030091,CG7065,CG7065,protein_coding,CG7065
FBgn0264514,CR43913,CR43913,ncRNA,CR43913
FBgn0027889,ball,CG6386,protein_coding,ballchen
FBgn0267606,CR45944,CR45944,ncRNA,CR45944
FBgn0085370,Pde11,CG34341,protein_coding,Phosphodiesterase 11
FBgn0286928,CR46425,CR46425,pseudogene,CR46425
FBgn0264836,CG44044,CG44044,protein_coding,CG44044
FBgn0037796,CG12814,CG12814,protein_coding,CG12814
FBgn0260462,CtsF,CG12163,protein_coding,Cathepsin F
FBgn0266869,CR45330,CR45330,ncRNA,CR45330
FBgn0036702,Afg3l2,CG6512,protein_coding,AFG3 like matrix AAA peptidase subunit 2
FBgn0023214,edl,CG15085,protein_coding,ETS-domain lacking
FBgn0032949,Lamp1,CG3305,protein_coding,Lamp1
FBgn0027521,CG3679,CG3679,protein_coding,CG3679
FBgn0050015,CG30015,CG30015,protein_coding,CG30015
FBgn0265805,CR44594,CR44594,ncRNA,CR44594
FBgn0052551,CG32551,CG32551,protein_coding,CG32551
FBgn0039883,RhoGAP100F,CG1976,protein_coding,Rho GTPase activating protein at 100F
FBgn0036504,yellow-k,CG7463,protein_coding,yellow-k
FBgn0022987,qkr54B,CG4816,protein_coding,quaking related 54B
FBgn0013432,bcn92,CG3717,protein_coding,bcn92
FBgn0039627,CG11837,CG11837,protein_coding,CG11837
FBgn0037901,Exd2,CG6744,protein_coding,Exonuclease 3'-5' domain-containing 2
FBgn0030648,CG6340,CG6340,protein_coding,CG6340
FBgn0037811,CG12592,CG12592,protein_coding,CG12592
FBgn0003721,Tm1,CG4898,protein_coding,Tropomyosin 1
FBgn0037540,Pbp95,CG2702,protein_coding,PSEA-binding protein 95kD
FBgn0027348,bgm,CG4501,protein_coding,bubblegum
FBgn0053837,CG33837,CG33837,protein_coding,CG33837
FBgn0051989,Cap-D3,CG31989,protein_coding,Chromosome associated protein D3
FBgn0267969,CR46247,CR46247,ncRNA,CR46247
FBgn0033266,Socs44A,CG2160,protein_coding,Suppressor of Cytokine Signaling at 44A
FBgn0265905,CR44694,CR44694,ncRNA,CR44694
FBgn0053742,430p,CR33742,ncRNA,small non-coding RNA 430p
FBgn0039806,CG15545,CG15545,protein_coding,CG15545
FBgn0053703,CG33703,CG33703,protein_coding,CG33703
FBgn0001941,ifc,CG9078,protein_coding,infertile crescent
FBgn0052280,CG32280,CG32280,protein_coding,CG32280
FBgn0267804,CR46129,CR46129,ncRNA,CR46129
FBgn0264390,CR43838,CR43838,ncRNA,CR43838
FBgn0058469,CR40469,CR40469,ncRNA,CR40469
FBgn0029887,CG3198,CG3198,protein_coding,CG3198
FBgn0033140,CG12836,CG12836,protein_coding,CG12836
FBgn0000360,Cp38,CG11213,protein_coding,Chorion protein 38
FBgn0087041,Hyls1,CG42231,protein_coding,Hyls1 centriolar and ciliogenesis associated
FBgn0263473,abba-a,CR43588,snoRNA,CR43588
FBgn0036874,brv1,CG9472,protein_coding,brivido-1
FBgn0264341,CG43797,CG43797,protein_coding,CG43797
FBgn0262605,CG43131,CG43131,protein_coding,CG43131
FBgn0039551,Or98a,CG5540,protein_coding,Odorant receptor 98a
FBgn0037063,CG9391,CG9391,protein_coding,CG9391
FBgn0267125,CR45565,CR45565,ncRNA,CR45565
FBgn0002562,Lsp1alpha,CG2559,protein_coding,Larval serum protein 1 alpha
FBgn0082976,Psi28S-3305a,CR34619,snoRNA,Psi28S-3305a
FBgn0061515,endos,CG6513,protein_coding,endosulfine
FBgn0038218,CG14841,CG14841,protein_coding,CG14841
FBgn0265046,CG44163,CG44163,protein_coding,CG44163
FBgn0037730,CG9444,CG9444,protein_coding,CG9444
FBgn0035669,CG6592,CG6592,protein_coding,CG6592
FBgn0263532,mir-4962,CR43517,ncRNA,mir-4962 stem loop
FBgn0035789,mthl6,CG16992,protein_coding,methuselah-like 6
FBgn0026175,SkpC,CG11941,protein_coding,SKP1-related C
FBgn0266725,CR45198,CR45198,ncRNA,CR45198
FBgn0033736,CG13154,CG13154,protein_coding,CG13154
FBgn0264879,CR44070,CR44070,ncRNA,CR44070
FBgn0039358,Idh3g,CG5028,protein_coding,Isocitrate dehydrogenase (NAD(+)) 3 non-catalytic subunit gamma
FBgn0267134,CR45574,CR45574,ncRNA,CR45574
FBgn0040679,CG11373,CG11373,protein_coding,CG11373
FBgn0265137,Spn42Da,CG9453,protein_coding,Serpin 42Da
FBgn0038045,NANS,CG5232,protein_coding,N-acetylneuraminic acid synthase
FBgn0263651,CR43642,CR43642,ncRNA,CR43642
FBgn0038057,Polr3C,CG12267,protein_coding,RNA polymerase III subunit C
FBgn0034766,Obp59a,CG13517,protein_coding,Odorant-binding protein 59a
FBgn0035762,Rint1,CG8605,protein_coding,RAD50 interactor 1
FBgn0262373,mir-9a,CR42891,ncRNA,mir-9a stem loop
FBgn0010441,pll,CG5974,protein_coding,pelle
FBgn0265708,CR44515,CR44515,ncRNA,CR44515
FBgn0038486,CG5265,CG5265,protein_coding,CG5265
FBgn0265302,CR44275,CR44275,ncRNA,CR44275
FBgn0083026,Psi18S-640a,CR34571,snoRNA,Psi18S-640a
FBgn0051730,CG31730,CG31730,protein_coding,CG31730
FBgn0261565,Lmpt,CG42679,protein_coding,Limpet
FBgn0030878,CG6769,CG6769,protein_coding,CG6769
FBgn0036536,CG12713,CG12713,protein_coding,CG12713
FBgn0263746,CR43671,CR43671,pseudogene,CR43671
FBgn0039319,CG13659,CG13659,protein_coding,CG13659
FBgn0085240,CG34211,CG34211,protein_coding,CG34211
FBgn0267187,CR45627,CR45627,ncRNA,CR45627
FBgn0046113,GluRIIC,CG4226,protein_coding,Glutamate receptor IIC
FBgn0034153,Acp53C14b,CG15616,protein_coding,Accessory gland protein 53C14b
FBgn0032005,Snx6,CG8282,protein_coding,Sorting nexin 6
FBgn0015278,Pi3K68D,CG11621,protein_coding,Phosphatidylinositol 3-kinase 68D
FBgn0000279,CecC,CG1373,protein_coding,Cecropin C
FBgn0264841,CR44049,CR44049,ncRNA,CR44049
FBgn0016975,stnB,CG12473,protein_coding,stoned B
FBgn0040797,CG13066,CG13066,protein_coding,CG13066
FBgn0038205,Kif19A,CG9913,protein_coding,Kinesin family member 19A
FBgn0063494,GstE6,CG17530,protein_coding,Glutathione S transferase E6
FBgn0038160,CG9759,CG9759,protein_coding,CG9759
FBgn0052547,CG32547,CG32547,protein_coding,CG32547
FBgn0267728,otk2,CG8964,protein_coding,off-track2
FBgn0265844,CR44633,CR44633,ncRNA,CR44633
FBgn0085494,Mst77Y-16Psi,CR40530,pseudogene,Male-specific pseudogene 77Y 16
FBgn0037094,CG7611,CG7611,protein_coding,CG7611
FBgn0261065,Cpsf73,CG7698,protein_coding,Cleavage and polyadenylation specificity factor 73
FBgn0267290,CR45726,CR45726,ncRNA,CR45726
FBgn0036804,Sgf11,CG13379,protein_coding,SAGA associated factor 11kDa
FBgn0263022,CG43317,CG43317,protein_coding,CG43317
FBgn0011754,PhKgamma,CG1830,protein_coding,Phosphorylase kinase gamma
FBgn0261454,MeU4-A65,CR43571,snoRNA, MeU4-A65
FBgn0086448,PIG-Q,CG32578,protein_coding,Phosphatidylinositol glycan anchor biosynthesis class Q
FBgn0050394,CG30394,CG30394,protein_coding,CG30394
FBgn0265801,CR44590,CR44590,ncRNA,CR44590
FBgn0053371,CR33371,CR33371,pseudogene,CR33371
FBgn0287604,CR46473,CR46473,ncRNA,CR46473
FBgn0051268,CG31268,CG31268,protein_coding,CG31268
FBgn0036746,Crtc,CG6064,protein_coding,CREB-regulated transcription coactivator
FBgn0032204,CG4953,CG4953,protein_coding,CG4953
FBgn0015269,Nf1,CG8318,protein_coding,Neurofibromin 1
FBgn0085336,CG34307,CG34307,protein_coding,CG34307
FBgn0051956,Pgant4,CG31956,protein_coding,Polypeptide N-Acetylgalactosaminyltransferase 4
FBgn0263757,Polr2D,CG43662,protein_coding,RNA polymerase II subunit D
FBgn0259875,CR42444,CR42444,ncRNA,CR42444
FBgn0039366,CG17198,CG17198,protein_coding,CG17198
FBgn0032330,Samuel,CG31868,protein_coding,SAM-motif ubiquitously expressed punctatedly localized protein
FBgn0036831,CG6839,CG6839,protein_coding,CG6839
FBgn0054001,CG34001,CG34001,protein_coding,CG34001
FBgn0043455,CG5986,CG5986,protein_coding,CG5986
FBgn0038832,CG15695,CG15695,protein_coding,CG15695
FBgn0265377,CR44318,CR44318,ncRNA,CR44318
FBgn0262714,Sap130,CG11006,protein_coding,Sin3A-associated protein 130
FBgn0264830,CG44038,CG44038,protein_coding,CG44038
FBgn0243516,Vrp1,CG13503,protein_coding,Verprolin 1
FBgn0266800,CR45262,CR45262,ncRNA,CR45262
FBgn0004244,Rdl,CG10537,protein_coding,Resistant to dieldrin
FBgn0262947,CR43266,CR43266,ncRNA,CR43266
FBgn0263475,CG16892-a,CR43590,snoRNA,CR43590
FBgn0034321,CG14502,CG14502,protein_coding,CG14502
FBgn0032233,dpr19,CG13140,protein_coding,defective proboscis extension response 19
FBgn0036623,Agpat3,CG4729,protein_coding,1-Acylglycerol-3-phosphate O-acyltransferase 3
FBgn0261439,SdhA,CG17246,protein_coding,"Succinate dehydrogenase, subunit A (flavoprotein)"
FBgn0034647,pirk,CG15678,protein_coding,poor Imd response upon knock-in
FBgn0085520,CR40801,CR40801,pseudogene,CR40801
FBgn0035239,CG18170,CG18170,protein_coding,CG18170
FBgn0261848,CG42780,CG42780,protein_coding,CG42780
FBgn0033028,hrm,CG11665,protein_coding,hermes
FBgn0032247,CG5188,CG5188,protein_coding,CG5188
FBgn0030417,CG15725,CG15725,protein_coding,CG15725
FBgn0034911,GlyT,CG5549,protein_coding,Glycine transporter
FBgn0266557,kis,CG3696,protein_coding,kismet
FBgn0063381,Me28S-G3081a,CR32887,snoRNA,CR32887
FBgn0033973,HPS1,CG12855,protein_coding,Hermansky-Pudlak Syndrome 1
FBgn0053433,CR33433,CR33433,rRNA,CR33433
FBgn0033447,dila,CG1625,protein_coding,dilatory
FBgn0034761,CG4250,CG4250,protein_coding,CG4250
FBgn0029762,NAAT1,CG3252,protein_coding,Nutrient Amino Acid Transporter 1
FBgn0036778,Cyp312a1,CG5137,protein_coding,Cytochrome P450 312a1
FBgn0030854,CG8289,CG8289,protein_coding,CG8289
FBgn0087011,CG41520,CG41520,protein_coding,CG41520
FBgn0025383,CG14780,CG14780,protein_coding,CG14780
FBgn0003423,slgA,CG1417,protein_coding,sluggish A
FBgn0011976,Ser-CGA-1-2,CR32623,tRNA,Serine-CGA 1-2
FBgn0085784,CR41379,CR41379,pseudogene,CR41379
FBgn0000479,dnc,CG32498,protein_coding,dunce
FBgn0265827,CR44616,CR44616,ncRNA,CR44616
FBgn0265743,CR44550,CR44550,ncRNA,CR44550
FBgn0031832,Trmt6,CG9596,protein_coding,tRNA methyltransferase 6 non-catalytic subunit
FBgn0035092,Nplp1,CG3441,protein_coding,Neuropeptide-like precursor 1
FBgn0263249,CG43392,CG43392,protein_coding,CG43392
FBgn0053743,430q,CR33743,ncRNA,small non-coding RNA 430q
FBgn0028381,Decay,CG14902,protein_coding,Death executioner caspase related to Apopain/Yama
FBgn0052284,CG32284,CG32284,protein_coding,CG32284
FBgn0030980,CG7406,CG7406,protein_coding,CG7406
FBgn0000455,Dip-C,CG5663,protein_coding,Dipeptidase C
FBgn0023522,CG11596,CG11596,protein_coding,CG11596
FBgn0036070,CG8072,CG8072,protein_coding,CG8072
FBgn0037491,CG1227,CG1227,protein_coding,CG1227
FBgn0033574,Spn47C,CG7722,protein_coding,Serpin 47C
FBgn0265262,Vha68-1,CG12403,protein_coding,Vacuolar H[+] ATPase 68kD subunit 1
FBgn0039039,lmd,CG4677,protein_coding,lame duck
FBgn0267041,CR45485,CR45485,ncRNA,CR45485
FBgn0033149,CG11060,CG11060,protein_coding,CG11060
FBgn0051627,CG31627,CG31627,protein_coding,CG31627
FBgn0267684,CR46020,CR46020,ncRNA,CR46020
FBgn0263776,CG43693,CG43693,protein_coding,CG43693
FBgn0085410,TrissinR,CG34381,protein_coding,Trissin receptor
FBgn0026252,msk,CG7935,protein_coding,moleskin
FBgn0036839,SmydA-2,CG18136,protein_coding,"SET and MYND domain containing, arthropod-specific, member 2"
FBgn0001491,l(1)10Bb,CG1639,protein_coding,lethal (1) 10Bb
FBgn0036381,CG8745,CG8745,protein_coding,CG8745
FBgn0051205,CG31205,CG31205,protein_coding,CG31205
FBgn0052449,Cys-GCA-4-1,CR32449,tRNA,Cysteine-GCA 4-1
FBgn0264446,CR43864,CR43864,ncRNA,CR43864
FBgn0086909,CG31751,CG31751,protein_coding,CG31751
FBgn0050481,mRpL53,CG30481,protein_coding,mitochondrial ribosomal protein L53
FBgn0051021,CG31021,CG31021,protein_coding,CG31021
FBgn0011829,Ret,CG14396,protein_coding,Ret oncogene
FBgn0264751,Vti1b,CG44009,protein_coding,Vesicle transport through interaction with t-SNAREs 1b
FBgn0028570,robl22E,CG10838,protein_coding,robl22E
FBgn0024993,Lint-O,CG2662,protein_coding,L(3)mbt interactor in ovarian somatic cells
FBgn0034300,CG5098,CG5098,protein_coding,CG5098
FBgn0032472,CG9928,CG9928,protein_coding,CG9928
FBgn0053912,CG33912,CG33912,protein_coding,CG33912
FBgn0261847,CG42779,CG42779,protein_coding,CG42779
FBgn0260222,CG42496,CG42496,protein_coding,CG42496
FBgn0052833,CG32833,CG32833,protein_coding,CG32833
FBgn0033699,RpS11,CG8857,protein_coding,Ribosomal protein S11
FBgn0036767,CG16775,CG16775,protein_coding,CG16775
FBgn0267785,CR46116,CR46116,ncRNA,CR46116
FBgn0261617,nej,CG15319,protein_coding,nejire
FBgn0266639,CR45146,CR45146,ncRNA,CR45146
FBgn0267188,CR45628,CR45628,ncRNA,CR45628
FBgn0001086,fzy,CG4274,protein_coding,fizzy
FBgn0028965,CG9933,CG9933,protein_coding,CG9933
FBgn0052814,CG32814,CG32814,protein_coding,CG32814
FBgn0053626,CG33626,CG33626,protein_coding,CG33626
FBgn0261934,dikar,CG42799,protein_coding,dikar
FBgn0265303,CR44276,CR44276,ncRNA,CR44276
FBgn0014037,Su(Tpl),CG32217,protein_coding,Suppressor of Triplolethal
FBgn0031472,CG2983,CG2983,protein_coding,CG2983
FBgn0263396,sqd,CG16901,protein_coding,squid
FBgn0038360,CG9590,CG9590,protein_coding,CG9590
FBgn0032297,CG17124,CG17124,protein_coding,CG17124
FBgn0039809,CG15547,CG15547,protein_coding,CG15547
FBgn0000520,dwg,CG2711,protein_coding,deformed wings
FBgn0264999,CR44150,CR44150,ncRNA,CR44150
FBgn0261113,Xrp1,CG17836,protein_coding,Xrp1
FBgn0037918,CG6791,CG6791,protein_coding,CG6791
FBgn0262104,CG42857,CG42857,protein_coding,CG42857
FBgn0003510,Sry-alpha,CG17957,protein_coding,Serendipity alpha
FBgn0266927,CR45378,CR45378,ncRNA,CR45378
FBgn0265911,CR44700,CR44700,ncRNA,CR44700
FBgn0086661,Psi28S-2566,CR33686,snoRNA,Psi28S-2566
FBgn0033917,SmydA-1,CG8503,protein_coding,"SET and MYND domain containing, arthropod-specific, member 1"
FBgn0263782,Hmgcr,CG10367,protein_coding,HMG Coenzyme A reductase
FBgn0265699,CR44506,CR44506,ncRNA,CR44506
FBgn0265740,CR44547,CR44547,ncRNA,CR44547
FBgn0034598,Isha,CG4266,protein_coding,Insulator su(Hw) mRNA adaptor
FBgn0031513,CG3347,CG3347,protein_coding,CG3347
FBgn0265755,CR44562,CR44562,ncRNA,CR44562
FBgn0039017,CG6985,CG6985,protein_coding,CG6985
FBgn0036765,CG7408,CG7408,protein_coding,CG7408
FBgn0262609,CG43135,CG43135,protein_coding,CG43135
FBgn0024740,Lip2,CG17116,protein_coding,Lipase 2
FBgn0001079,fu,CG6551,protein_coding,fused
FBgn0260000,CG17570,CG17570,protein_coding,CG17570
FBgn0264843,CR44051,CR44051,ncRNA,CR44051
FBgn0016983,smid,CG8571,protein_coding,smallminded
FBgn0032563,CG15258,CG15258,protein_coding,CG15258
FBgn0005533,RpS17,CG3922,protein_coding,Ribosomal protein S17
FBgn0034740,nsr,CG3875,protein_coding,novel spermatogenesis regulator
FBgn0011586,e(r),CG1871,protein_coding,enhancer of rudimentary
FBgn0034202,CG17287,CG17287,protein_coding,CG17287
FBgn0015872,Drip,CG9023,protein_coding,Drip
FBgn0266851,CR45312,CR45312,ncRNA,CR45312
FBgn0003933,14B,CR32914,snRNA,small nuclear RNA U5 at 14B
FBgn0038127,CG8476,CG8476,protein_coding,CG8476
FBgn0030545,CG11590,CG11590,protein_coding,CG11590
FBgn0020388,Gcn5,CG4107,protein_coding,Gcn5 acetyltransferase
FBgn0053810,CG33810,CG33810,protein_coding,CG33810
FBgn0030769,CG13012,CG13012,protein_coding,CG13012
FBgn0032217,CG4972,CG4972,protein_coding,CG4972
FBgn0027343,fz3,CG16785,protein_coding,frizzled 3
FBgn0030014,CG15337,CG15337,protein_coding,CG15337
FBgn0024889,Kap-alpha1,CG8548,protein_coding,karyopherin alpha1
FBgn0052107,CG32107,CG32107,protein_coding,CG32107
FBgn0046704,Liprin-alpha,CG11199,protein_coding,Liprin-alpha
FBgn0037382,Hpr1,CG2031,protein_coding,Hpr1
FBgn0025865,Cortactin,CG3637,protein_coding,Cortactin
FBgn0266961,CR45412,CR45412,ncRNA,CR45412
FBgn0031189,CG14618,CG14618,protein_coding,CG14618
FBgn0000592,Est-6,CG6917,protein_coding,Esterase 6
FBgn0262366,CG43064,CG43064,protein_coding,CG43064
FBgn0040346,CG3704,CG3704,protein_coding,CG3704
FBgn0033725,Cpr49Ac,CG8502,protein_coding,Cuticular protein 49Ac
FBgn0264720,CR43988,CR43988,ncRNA,CR43988
FBgn0037178,CG12546,CG12546,protein_coding,CG12546
FBgn0026593,CG5707,CG5707,protein_coding,CG5707
FBgn0035923,CG6511,CG6511,protein_coding,CG6511
FBgn0053121,Spn28Db,CG33121,protein_coding,Serpin 28Db
FBgn0031542,CG15414,CG15414,protein_coding,CG15414
FBgn0051431,CG31431,CG31431,protein_coding,CG31431
FBgn0032408,CG6712,CG6712,protein_coding,CG6712
FBgn0038695,CG14280,CG14280,protein_coding,CG14280
FBgn0262509,nrm,CG43079,protein_coding,neuromusculin
FBgn0267807,CR46132,CR46132,ncRNA,CR46132
FBgn0032218,CG5381,CG5381,protein_coding,CG5381
FBgn0085451,htk,CG34422,protein_coding,hat-trick
FBgn0261563,wb,CG42677,protein_coding,wing blister
FBgn0083046,Psi18S-1389a,CR34556,snoRNA,Psi18S-1389a
FBgn0263342,CR43423,CR43423,ncRNA,CR43423
FBgn0026430,Grip84,CG3917,protein_coding,Gamma-tubulin ring protein 84
FBgn0051975,CG31975,CG31975,protein_coding,CG31975
FBgn0013799,Deaf1,CG8567,protein_coding,Deformed epidermal autoregulatory factor-1
FBgn0030359,CG18130,CG18130,protein_coding,CG18130
FBgn0025881,Me18S-A1576,CR31877,snoRNA,CR31877
FBgn0036259,CG9760,CG9760,protein_coding,CG9760
FBgn0263653,CR43644,CR43644,ncRNA,CR43644
FBgn0262024,CG42835,CG42835,protein_coding,CG42835
FBgn0039260,Smg6,CG6369,protein_coding,Smg6
FBgn0032809,CG13078,CG13078,protein_coding,CG13078
FBgn0267883,CR46171,CR46171,pseudogene,CR46171
FBgn0267163,CG45603,CG45603,protein_coding,CG45603
FBgn0031695,Cyp4ac3,CG14031,protein_coding,Cytochrome P450 4ac3
FBgn0034053,Cyp4aa1,CG8302,protein_coding,Cytochrome P450 4aa1
FBgn0053389,CR33389,CR33389,rRNA,CR33389
FBgn0040296,Ocho,CG3396,protein_coding,Ocho
FBgn0264393,CG43841,CG43841,protein_coding,CG43841
FBgn0033950,CG12862,CG12862,protein_coding,CG12862
FBgn0052525,Tyr-GTA-2-1,CR32525,tRNA,Tyrosine-GTA 2-1
FBgn0267168,CR45608,CR45608,ncRNA,CR45608
FBgn0028402,Polr3E,CG10582,protein_coding,RNA polymerase III subunit E
FBgn0035550,CG11349,CG11349,protein_coding,CG11349
FBgn0038881,aus,CG16791,protein_coding,argus
FBgn0086680,vvl,CG10037,protein_coding,ventral veins lacking
FBgn0033252,CG12769,CG12769,protein_coding,CG12769
FBgn0043070,MESK2,CG15669,protein_coding,Misexpression suppressor of KSR 2
FBgn0260484,HIP,CG32789,protein_coding,Hsc/Hsp70-interacting protein
FBgn0030590,CG9518,CG9518,protein_coding,CG9518
FBgn0264710,CR43979,CR43979,ncRNA,CR43979
FBgn0063379,54Ec,CR32898,snoRNA,54Ec
FBgn0040367,CG11382,CG11382,protein_coding,CG11382
FBgn0032512,Bdp1,CG9305,protein_coding,B double prime 1
FBgn0266952,CR45403,CR45403,ncRNA,CR45403
FBgn0285976,mir-10404-2,CR46347,ncRNA,mir-10404-2 stem loop
FBgn0058100,CR40100,CR40100,pseudogene,CR40100
FBgn0034617,Panx,CG9754,protein_coding,Panoramix
FBgn0265648,CR44455,CR44455,ncRNA,CR44455
FBgn0031493,Sf3b2,CG3605,protein_coding,Splicing factor 3b subunit 2
FBgn0034377,CG15071,CG15071,protein_coding,CG15071
FBgn0039896,yellow-h,CG1629,protein_coding,yellow-h
FBgn0264867,CR44058,CR44058,ncRNA,CR44058
FBgn0051797,CG31797,CG31797,protein_coding,CG31797
FBgn0029913,Cht11,CG3044,protein_coding,Chitinase 11
FBgn0266248,CR44943,CR44943,ncRNA,CR44943
FBgn0031155,CG15446,CG15446,protein_coding,CG15446
FBgn0037750,Whamy,CG12946,protein_coding,WHAMM and JMY related
FBgn0261616,CG42705,CG42705,protein_coding,CG42705
FBgn0067102,GlcT,CG6437,protein_coding,Glucosylceramide synthase
FBgn0035240,CG33791,CG33791,protein_coding,CG33791
FBgn0266096,CR44833,CR44833,ncRNA,CR44833
FBgn0052690,CR32690,CR32690,ncRNA,CR32690
FBgn0050284,CG30284,CG30284,protein_coding,CG30284
FBgn0001123,Galphas,CG2835,protein_coding,G protein alpha subunit s
FBgn0053388,CR33388,CR33388,rRNA,CR33388
FBgn0082981,Psi28S-2949,CR34525,snoRNA,Psi28S-2949
FBgn0035423,eIF1,CG17737,protein_coding,eukaryotic translation initiation factor 1
FBgn0026160,tna,CG7958,protein_coding,tonalli
FBgn0264677,CR43962,CR43962,ncRNA,CR43962
FBgn0037143,CR7448,CR7448,pseudogene,CR7448
FBgn0263629,mir-3643,CR43509,ncRNA,mir-3643 stem loop
FBgn0034963,Not11,CG13567,protein_coding,CCR4-NOT transcription complex subunit 11
FBgn0040890,ksh,CG14199,protein_coding,kish
FBgn0030706,Lrp4,CG8909,protein_coding,LDL receptor related protein 4
FBgn0033915,Snrk,CG8485,protein_coding,SNF related kinase
FBgn0052751,CG32751,CG32751,protein_coding,CG32751
FBgn0262003,CG42821,CG42821,protein_coding,CG42821
FBgn0030697,CG8565,CG8565,protein_coding,CG8565
FBgn0082988,Psi28S-2442b,CR34612,snoRNA,Psi28S-2442b
FBgn0037786,Alp13,CG5361,protein_coding,Alkaline phosphatase 13
FBgn0066292,CheB42c,CG33350,protein_coding,Chemosensory protein B 42c
FBgn0053399,CR33399,CR33399,rRNA,CR33399
FBgn0263478,Edc3-a,CR43593,snoRNA,CR43593
FBgn0267781,CR46112,CR46112,ncRNA,CR46112
FBgn0013953,Esp,CG7005,protein_coding,Epidermal stripes and patches
FBgn0050289,CG30289,CG30289,protein_coding,CG30289
FBgn0050487,CG30487,CG30487,protein_coding,CG30487
FBgn0029137,Patsas,CG6618,protein_coding,Patsas
FBgn0015550,tap,CG7659,protein_coding,target of Poxn
FBgn0040571,CG17193,CG17193,protein_coding,CG17193
FBgn0052404,Cpr65Aw,CG32404,protein_coding,Cuticular protein 65Aw
FBgn0038099,CG7091,CG7091,protein_coding,CG7091
FBgn0015543,Me28S-A1322,CR32905,snoRNA,CR32905
FBgn0034712,Alp8,CG3264,protein_coding,Alkaline phosphatase 8
FBgn0003353,sei,CG3182,protein_coding,seizure
FBgn0011232,scat,CG3766,protein_coding,scattered
FBgn0040900,CG17777,CG17777,protein_coding,CG17777
FBgn0266878,CR45339,CR45339,ncRNA,CR45339
FBgn0036707,CG13724,CG13724,protein_coding,CG13724
FBgn0263461,CG32479-a,CR43576,snoRNA,CR43576
FBgn0030314,CG11696,CG11696,protein_coding,CG11696
FBgn0050090,Erasp,CG30090,protein_coding,Endoplasmic reticulum stress-associated serine protease
FBgn0039451,CG6420,CG6420,protein_coding,CG6420
FBgn0036985,zye,CG5847,protein_coding,zye
FBgn0035032,ATPsynF,CG4692,protein_coding,"ATP synthase, subunit F"
FBgn0266262,CR44957,CR44957,ncRNA,CR44957
FBgn0037141,PolH,CG7143,protein_coding,DNA polymerase eta
FBgn0037655,Kcmf1,CG11984,protein_coding,Potassium channel modulatory factor 1
FBgn0039882,Rift,CG11576,protein_coding,Riboflavin transporter
FBgn0016694,Pdp1,CG17888,protein_coding,PAR-domain protein 1
FBgn0031882,Rab30,CG9100,protein_coding,Rab30
FBgn0031902,Wnt6,CG4969,protein_coding,Wnt oncogene analog 6
FBgn0053137,CG33137,CG33137,protein_coding,CG33137
FBgn0036448,mop,CG9311,protein_coding,myopic
FBgn0050206,Trp-CCA-2-3,CR30206,tRNA,Tryptophan-CCA 2-3
FBgn0000038,nAChRbeta1,CG11348,protein_coding,nicotinic Acetylcholine Receptor beta1
FBgn0002561,l(1)sc,CG3839,protein_coding,lethal of scute
FBgn0032051,CG13097,CG13097,protein_coding,CG13097
FBgn0034142,CG8306,CG8306,protein_coding,CG8306
FBgn0035911,CG6638,CG6638,protein_coding,CG6638
FBgn0015034,Cyp4e1,CG2062,protein_coding,Cytochrome P450 4e1
FBgn0267882,CR46170,CR46170,pseudogene,CR46170
FBgn0053775,CG33775,CG33775,protein_coding,CG33775
FBgn0036316,nebu,CG10960,protein_coding,nebulosa
FBgn0250862,CG42237,CG42237,protein_coding,CG42237
FBgn0028504,CG12182,CG12182,protein_coding,CG12182
FBgn0050287,CG30287,CG30287,protein_coding,CG30287
FBgn0037580,DppIII,CG7415,protein_coding,Dipeptidyl aminopeptidase III
FBgn0263483,lola-d,CR43598,snoRNA,CR43598
FBgn0010622,DCTN3-p24,CG9893,protein_coding,"Dynactin 3, p24 subunit"
FBgn0259198,CG42302,CG42302,protein_coding,CG42302
FBgn0265843,CR44632,CR44632,ncRNA,CR44632
FBgn0035612,frm,CG10625,protein_coding,farmer
FBgn0262396,mir-314,CR42933,ncRNA,mir-314 stem loop
FBgn0027580,PCB,CG1516,protein_coding,Pyruvate carboxylase
FBgn0266823,CR45285,CR45285,ncRNA,CR45285
FBgn0035199,tfc,CG9134,protein_coding,triforce
FBgn0265929,CR44718,CR44718,ncRNA,CR44718
FBgn0040350,CG3690,CG3690,protein_coding,CG3690
FBgn0030647,CG6324,CG6324,protein_coding,CG6324
FBgn0264348,CR43804,CR43804,ncRNA,CR43804
FBgn0037397,CR1075,CR1075,pseudogene,CR1075
FBgn0026080,Tip60,CG6121,protein_coding,Tat interactive protein 60kDa
FBgn0031130,CG15452,CG15452,protein_coding,CG15452
FBgn0037798,CG12817,CG12817,protein_coding,CG12817
FBgn0003068,per,CG2647,protein_coding,period
FBgn0034098,krimp,CG15707,protein_coding,krimper
FBgn0029580,CG14778,CG14778,protein_coding,CG14778
FBgn0035086,CG12851,CG12851,protein_coding,CG12851
FBgn0262180,mir-2283,CR42887,ncRNA,mir-2283 stem loop
FBgn0261836,Msp300,CG42768,protein_coding,Muscle-specific protein 300 kDa
FBgn0030672,CG9281,CG9281,protein_coding,CG9281
FBgn0037485,CG14606,CG14606,protein_coding,CG14606
FBgn0031908,CG5177,CG5177,protein_coding,CG5177
FBgn0031423,CG3557,CG3557,protein_coding,CG3557
FBgn0028468,rtet,CG5760,protein_coding,tetracycline resistance
FBgn0035173,CG13907,CG13907,protein_coding,CG13907
FBgn0038915,CG17819,CG17819,protein_coding,CG17819
FBgn0264616,CR43956,CR43956,ncRNA,CR43956
FBgn0267399,CR45761,CR45761,ncRNA,CR45761
FBgn0036832,CG18223,CG18223,protein_coding,CG18223
FBgn0260745,mfas,CG3359,protein_coding,midline fasciclin
FBgn0013469,klu,CG12296,protein_coding,klumpfuss
FBgn0004118,nAChRbeta2,CG6798,protein_coding,nicotinic Acetylcholine Receptor beta2
FBgn0035149,MED30,CG17183,protein_coding,Mediator complex subunit 30
FBgn0262256,mir-959,CR42963,ncRNA,mir-959 stem loop
FBgn0033476,oys,CG18445,protein_coding,oysgedart
FBgn0030667,CG15599,CG15599,protein_coding,CG15599
FBgn0033806,FLASH,CG4616,protein_coding,FLICE-associated huge protein
FBgn0267465,CR45815,CR45815,ncRNA,CR45815
FBgn0004666,sim,CG7771,protein_coding,single-minded
FBgn0035068,CG12849,CG12849,protein_coding,CG12849
FBgn0287218,CG46448,CG46448,protein_coding,CG46448
FBgn0083977,CG34141,CG34141,protein_coding,CG34141
FBgn0053900,CG33900,CG33900,protein_coding,CG33900
FBgn0025378,CG3795,CG3795,protein_coding,CG3795
FBgn0265951,CR44738,CR44738,ncRNA,CR44738
FBgn0030593,CG9512,CG9512,protein_coding,CG9512
FBgn0029813,AgmNAT,CG15766,protein_coding,Agmatine N-acetyltransferase
FBgn0034820,CG13538,CG13538,protein_coding,CG13538
FBgn0266984,CR45435,CR45435,ncRNA,CR45435
FBgn0034937,fzr2,CG16783,protein_coding,fizzy-related 2
FBgn0267471,CR45821,CR45821,ncRNA,CR45821
FBgn0033929,Tfb1,CG8151,protein_coding,Transcription factor B1
FBgn0040602,CG14545,CG14545,protein_coding,CG14545
FBgn0267934,CR46214,CR46214,ncRNA,CR46214
FBgn0029503,mora,CG6198,protein_coding,morgana
FBgn0039480,Cpr97Ea,CG6131,protein_coding,Cuticular protein 97Ea
FBgn0050350,CG30350,CG30350,protein_coding,CG30350
FBgn0039993,BckdhB,CG17691,protein_coding,Branched chain keto acid dehydrogenase E1 subunit beta
FBgn0039987,CR12798,CR12798,pseudogene,CR12798
FBgn0003053,peb,CG12212,protein_coding,pebbled
FBgn0034458,Ir56d,CG15904,protein_coding,Ionotropic receptor 56d
FBgn0262513,Vha16-4,CG9013,protein_coding,Vacuolar H[+] ATPase 16kD subunit 4
FBgn0263569,mir-4968,CR43554,ncRNA,mir-4968 stem loop
FBgn0029906,xit,CG4542,protein_coding,xiantuan
FBgn0027330,l(1)G0020,CG1994,protein_coding,lethal (1) G0020
FBgn0032122,CG31883,CG31883,protein_coding,CG31883
FBgn0024841,Pcd,CG1963,protein_coding,pterin-4a-carbinolamine dehydratase
FBgn0263975,CR43727,CR43727,pseudogene,CR43727
FBgn0259176,bun,CG42281,protein_coding,bunched
FBgn0265861,CR44650,CR44650,ncRNA,CR44650
FBgn0030738,CG9915,CG9915,protein_coding,CG9915
FBgn0261041,stj,CG12295,protein_coding,straightjacket
FBgn0011648,Mad,CG12399,protein_coding,Mothers against dpp
FBgn0025455,CycT,CG6292,protein_coding,Cyclin T
FBgn0083960,CG34124,CG34124,protein_coding,CG34124
FBgn0024804,Dbp80,CG17023,protein_coding,Dead box protein 80
FBgn0037814,CG6325,CG6325,protein_coding,CG6325
FBgn0031683,CG4230,CG4230,protein_coding,CG4230
FBgn0051415,CG31415,CG31415,protein_coding,CG31415
FBgn0033212,LRR,CG1399,protein_coding,Leucine-rich repeat
FBgn0265736,CR44543,CR44543,ncRNA,CR44543
FBgn0039175,beta-PheRS,CG5706,protein_coding,"Phenylalanyl-tRNA synthetase, beta-subunit"
FBgn0038151,yellow-e2,CG17044,protein_coding,yellow-e2
FBgn0031592,Art2,CG3675,protein_coding,Arginine methyltransferase 2
FBgn0045800,Uhg1,CR32886,ncRNA,U snoRNA host gene 1
FBgn0038133,Osi22,CG8644,protein_coding,Osiris 22
FBgn0038450,CG17560,CG17560,protein_coding,CG17560
FBgn0004428,LysE,CG1180,protein_coding,Lysozyme E
FBgn0053839,CG33839,CG33839,protein_coding,CG33839
FBgn0263648,CR43639,CR43639,ncRNA,CR43639
FBgn0265823,CR44612,CR44612,ncRNA,CR44612
FBgn0040670,e(y)2b,CG14612,protein_coding,enhancer of yellow 2b
FBgn0053689,CG33689,CG33689,protein_coding,CG33689
FBgn0000281,Cec2,CR32934,pseudogene,Cecropin 2
FBgn0030101,CG12118,CG12118,protein_coding,CG12118
FBgn0033767,CG13148,CG13148,protein_coding,CG13148
FBgn0263215,CR43385,CR43385,pseudogene,CR43385
FBgn0053419,CR33419,CR33419,rRNA,CR33419
FBgn0032638,SPH93,CG6639,protein_coding,Serine protease homolog 93
FBgn0051810,CG31810,CG31810,protein_coding,CG31810
FBgn0261258,rgn,CG6014,protein_coding,regeneration
FBgn0032514,CG9302,CG9302,protein_coding,CG9302
FBgn0267924,CR46205,CR46205,ncRNA,CR46205
FBgn0037326,CG14669,CG14669,protein_coding,CG14669
FBgn0051914,Asp-GTC-1-1,CR31914,tRNA,Aspartic acid-GTC 1-1
FBgn0036427,CG4613,CG4613,protein_coding,CG4613
FBgn0261807,CG42753,CG42753,protein_coding,CG42753
FBgn0053494,CG33494,CG33494,protein_coding,CG33494
FBgn0033168,CG11145,CG11145,protein_coding,CG11145
FBgn0266176,pre-mod(mdg4)-J,CG44882,protein_coding,CG44882
FBgn0033954,CG12860,CG12860,protein_coding,CG12860
FBgn0010482,hlk,CG9432,protein_coding,hulk
FBgn0031254,CG13692,CG13692,protein_coding,CG13692
FBgn0053306,CG33306,CG33306,protein_coding,CG33306
FBgn0039312,CG10514,CG10514,protein_coding,CG10514
FBgn0267226,CR45666,CR45666,ncRNA,CR45666
FBgn0036126,Irbp18,CG6272,protein_coding,Inverted repeat binding protein 18 kDa
FBgn0029002,miple2,CG18321,protein_coding,midkine and pleiotrophin 2
FBgn0031181,Ir20a,CG14584,protein_coding,Ionotropic receptor 20a
FBgn0266752,CR45225,CR45225,ncRNA,CR45225
FBgn0045487,Gr36a,CG31747,protein_coding,Gustatory receptor 36a
FBgn0030452,MFS10,CG4330,protein_coding,Major Facilitator Superfamily Transporter 10
FBgn0263019,CR43314,CR43314,ncRNA,CR43314
FBgn0030603,CG5541,CG5541,protein_coding,CG5541
FBgn0032908,CG9270,CG9270,protein_coding,CG9270
FBgn0053870,CG33870,CG33870,protein_coding,CG33870
FBgn0037445,CG9727,CG9727,protein_coding,CG9727
FBgn0267572,CR45912,CR45912,ncRNA,CR45912
FBgn0035375,Pgant6,CG2103,protein_coding,Polypeptide N-Acetylgalactosaminyltransferase 6
FBgn0027088,GlyRS,CG6778,protein_coding,Glycyl-tRNA synthetase
FBgn0266906,CR45366,CR45366,ncRNA,CR45366
FBgn0035553,CG13722,CG13722,protein_coding,CG13722
FBgn0267383,Ubc87F,CG9602,protein_coding,Ubiquitin conjugating enzyme 87F
FBgn0036952,CG6933,CG6933,protein_coding,CG6933
FBgn0264572,CR43944,CR43944,ncRNA,CR43944
FBgn0043841,vir-1,CG31764,protein_coding,virus-induced RNA 1
FBgn0261859,CG42788,CG42788,protein_coding,CG42788
FBgn0262181,mir-972,CR42888,ncRNA,mir-972 stem loop
FBgn0267245,CR45685,CR45685,ncRNA,CR45685
FBgn0035918,Cdc6,CG5971,protein_coding,Cell division cycle 6
FBgn0264540,CG43919,CG43919,protein_coding,CG43919
FBgn0259211,grh,CG42311,protein_coding,grainy head
FBgn0265869,CR44658,CR44658,ncRNA,CR44658
FBgn0261612,CngA,CG42701,protein_coding,Cyclic nucleotide-gated ion channel subunit A
FBgn0024996,eIF2Bbeta,CG2677,protein_coding,eukaryotic translation initiation factor 2B subunit beta
FBgn0286782,flz,CG8213,protein_coding,filzig
FBgn0038716,CG7342,CG7342,protein_coding,CG7342
FBgn0265194,Trpm,CG44240,protein_coding,"Transient receptor potential cation channel, subfamily M"
FBgn0035260,CG7991,CG7991,protein_coding,CG7991
FBgn0266784,CR45249,CR45249,ncRNA,CR45249
FBgn0046763,peg,CG17278,protein_coding,pegasus
FBgn0086039,Me28S-A2113,CR34668,snoRNA,CR34668
FBgn0003411,sisA,CG1641,protein_coding,sisterless A
FBgn0040389,mRpL14,CG14048,protein_coding,mitochondrial ribosomal protein L14
FBgn0266355,CR45003,CR45003,ncRNA,CR45003
FBgn0266774,CR45239,CR45239,ncRNA,CR45239
FBgn0261673,nemy,CG8776,protein_coding,no extended memory
FBgn0034082,CG10734,CG10734,protein_coding,CG10734
FBgn0261287,ymp,CG12250,protein_coding,yellow-emperor
FBgn0032741,Sidpn,CG10446,protein_coding,similar to Deadpan
FBgn0264002,MsR2,CG43745,protein_coding,Myosuppressin receptor 2
FBgn0265629,CG44437,CG44437,protein_coding,CG44437
FBgn0020660,eIF4B,CG10837,protein_coding,eukaryotic translation initiation factor 4B
FBgn0263024,CG43319,CG43319,protein_coding,CG43319
FBgn0267927,CR46208,CR46208,ncRNA,CR46208
FBgn0038941,CG7080,CG7080,protein_coding,CG7080
FBgn0039197,CG17780,CG17780,protein_coding,CG17780
FBgn0050203,CG30203,CG30203,protein_coding,CG30203
FBgn0261455,MeU5-G38,CR43572,snoRNA, MeU5-G38
FBgn0267542,CR45882,CR45882,ncRNA,CR45882
FBgn0036488,CG6878,CG6878,protein_coding,CG6878
FBgn0053182,Kdm4B,CG33182,protein_coding,Lysine demethylase 4B
FBgn0038979,tHMG2,CG7046,protein_coding,testis-enriched HMG-box-containing protein 2
FBgn0267488,Mcr,CG7586,protein_coding,Macroglobulin complement-related
FBgn0261568,CG42682,CG42682,protein_coding,CG42682
FBgn0053806,CG33806,CG33806,protein_coding,CG33806
FBgn0038980,Octbeta1R,CG6919,protein_coding,Octopamine beta1 receptor
FBgn0038076,Cyp313a4,CG6802,protein_coding,Cytochrome P450 313a4
FBgn0264564,CR43936,CR43936,ncRNA,CR43936
FBgn0028911,Pro-AGG-1-3,CR31979,tRNA,Proline-AGG 1-3
FBgn0039244,CG11069,CG11069,protein_coding,CG11069
FBgn0034002,CG8079,CG8079,protein_coding,CG8079
FBgn0039520,Gr98a,CG13976,protein_coding,Gustatory receptor 98a
FBgn0015331,abs,CG14637,protein_coding,abstrakt
FBgn0267108,CR45548,CR45548,pseudogene,CR45548
FBgn0031470,CG18557,CG18557,protein_coding,CG18557
FBgn0039398,CG14540,CG14540,protein_coding,CG14540
FBgn0029133,REG,CG1591,protein_coding,Proteasome regulator gamma
FBgn0005614,trpl,CG18345,protein_coding,transient receptor potential-like
FBgn0028552,gammaSnap1,CG3988,protein_coding,gamma Soluble NSF attachment protein 1
FBgn0266871,CR45332,CR45332,ncRNA,CR45332
FBgn0034631,TAF1C-like,CG10496,protein_coding,TATA box-binding protein-associated factor RNA polymerase I subunit C-like
FBgn0030943,Nup35,CG6540,protein_coding,Nucleoporin 35kDa
FBgn0037129,CG14565,CG14565,protein_coding,CG14565
FBgn0017414,cag,CG12346,protein_coding,cag
FBgn0265346,CR44300,CR44300,ncRNA,CR44300
FBgn0004783,Ccp84Aa,CG2360,protein_coding,Ccp84Aa
FBgn0036035,CG18178,CG18178,protein_coding,CG18178
FBgn0031201,CG12446,CG12446,protein_coding,CG12446
FBgn0036198,crim,CG6038,protein_coding,crimpled
FBgn0267195,CR45635,CR45635,ncRNA,CR45635
FBgn0036652,CG13032,CG13032,protein_coding,CG13032
FBgn0035412,CG14957,CG14957,protein_coding,CG14957
FBgn0259936,Uhg3,CR32957,ncRNA,U snoRNA host gene 3
FBgn0033571,Polr2E,CG11979,protein_coding,"RNA polymerase II, I and III subunit E"
FBgn0039679,ppk19,CG18287,protein_coding,pickpocket 19
FBgn0033521,CG12896,CG12896,protein_coding,CG12896
FBgn0038673,CG14286,CG14286,protein_coding,CG14286
FBgn0028688,Rpn7,CG5378,protein_coding,Regulatory particle non-ATPase 7
FBgn0262681,CR43151,CR43151,ncRNA,CR43151
FBgn0039929,CG11076,CG11076,protein_coding,CG11076
FBgn0014930,Rfk,CG2846,protein_coding,Riboflavin kinase
FBgn0034494,CG10444,CG10444,protein_coding,CG10444
FBgn0032694,MESR3,CG15162,protein_coding,Misexpression suppressor of ras 3
FBgn0053417,CR33417,CR33417,rRNA,CR33417
FBgn0000274,Pka-C2,CG12066,protein_coding,"Protein kinase, cAMP-dependent, catalytic subunit 2"
FBgn0262820,CG43191,CG43191,protein_coding,CG43191
FBgn0267676,CR46012,CR46012,ncRNA,CR46012
FBgn0028743,Dhit,CG5036,protein_coding,Double hit
FBgn0003044,Pcl,CG5109,protein_coding,Polycomblike
FBgn0030291,CG1738,CG1738,protein_coding,CG1738
FBgn0032311,CG12517,CG12517,protein_coding,CG12517
FBgn0040212,Gnpat,CG4625,protein_coding,Glyceronephosphate O-acyltransferase
FBgn0265764,CR44571,CR44571,ncRNA,CR44571
FBgn0052246,CG32246,CG32246,protein_coding,CG32246
FBgn0062928,CR33940,CR33940,ncRNA,CR33940
FBgn0004919,gol,CG2679,protein_coding,goliath
FBgn0003884,alphaTub84B,CG1913,protein_coding,alpha-Tubulin at 84B
FBgn0000212,brm,CG5942,protein_coding,brahma
FBgn0265734,CR44541,CR44541,ncRNA,CR44541
FBgn0262883,CR43238,CR43238,ncRNA,CR43238
FBgn0040528,CG15864,CG15864,protein_coding,CG15864
FBgn0030701,CG16952,CG16952,protein_coding,CG16952
FBgn0027610,Dic1,CG8790,protein_coding,Dicarboxylate carrier 1
FBgn0037466,CG1965,CG1965,protein_coding,CG1965
FBgn0051457,CG31457,CG31457,protein_coding,CG31457
FBgn0085789,CR41506,CR41506,pseudogene,CR41506
FBgn0001124,Got1,CG8430,protein_coding,Glutamate oxaloacetate transaminase 1
FBgn0038956,CAH8,CG5379,protein_coding,Carbonic anhydrase 8
FBgn0263558,mir-4980,CR43543,ncRNA,mir-4980 stem loop
FBgn0265642,TS18,CR44449,ncRNA, testis-specific 18
FBgn0264821,CR44029,CR44029,ncRNA,CR44029
FBgn0010621,CCT5,CG8439,protein_coding,Chaperonin containing TCP1 subunit 5
FBgn0011273,Acam,CG17769,protein_coding,Androcam
FBgn0267008,CR45452,CR45452,ncRNA,CR45452
FBgn0013531,MED20,CG18780,protein_coding,Mediator complex subunit 20
FBgn0263199,Galk,CG5288,protein_coding,Galactokinase
FBgn0037342,CG2931,CG2931,protein_coding,CG2931
FBgn0034159,CG15615,CG15615,protein_coding,CG15615
FBgn0040093,lectin-46Ca,CG1656,protein_coding,lectin-46Ca
FBgn0030729,CG12507,CG12507,protein_coding,CG12507
FBgn0263027,CG43322,CG43322,protein_coding,CG43322
FBgn0039633,Bicra,CG11873,protein_coding,BRD4 interacting chromatin remodeling complex associated protein
FBgn0267260,CR45696,CR45696,ncRNA,CR45696
FBgn0288433,L,CG42702,protein_coding,Lobe
FBgn0031431,CG3515,CG3515,protein_coding,CG3515
FBgn0050447,CG30447,CG30447,protein_coding,CG30447
FBgn0264494,CG17646,CG17646,protein_coding,CG17646
FBgn0037659,Kdm2,CG11033,protein_coding,Lysine demethylase 2
FBgn0031483,CG9641,CG9641,protein_coding,CG9641
FBgn0027054,CSN4,CG8725,protein_coding,COP9 signalosome subunit 4
FBgn0037134,CG7407,CG7407,protein_coding,CG7407
FBgn0030930,Pgant7,CG6394,protein_coding,Polypeptide N-Acetylgalactosaminyltransferase 7
FBgn0036648,CG4098,CG4098,protein_coding,CG4098
FBgn0010551,Phb2,CG15081,protein_coding,Prohibitin 2
FBgn0032598,ChLD3,CG17905,protein_coding,Chitin and LDLR binding deacetylase 3
FBgn0260936,scny,CG5505,protein_coding,scrawny
FBgn0000591,E(spl)m8-HLH,CG8365,protein_coding,"Enhancer of split m8, helix-loop-helix"
FBgn0033883,CG16935,CG16935,protein_coding,CG16935
FBgn0001235,hth,CG17117,protein_coding,homothorax
FBgn0267313,CR45749,CR45749,ncRNA,CR45749
FBgn0001104,Galphai,CG10060,protein_coding,G protein alpha subunit i
FBgn0260969,CG42592,CG42592,protein_coding,CG42592
FBgn0050042,Cpr49Ab,CG30042,protein_coding,Cuticular protein 49Ab
FBgn0051875,CG31875,CG31875,protein_coding,CG31875
FBgn0266395,CR45035,CR45035,ncRNA,CR45035
FBgn0039647,jus,CG14509,protein_coding,julius seizure
FBgn0032637,CG5050,CG5050,protein_coding,CG5050
FBgn0259968,Sfp60F,CG42478,protein_coding,Seminal fluid protein 60F
FBgn0041781,SCAR,CG4636,protein_coding,SCAR
FBgn0020509,Acp62F,CG1262,protein_coding,Accessory gland protein 62F
FBgn0287605,CR46474,CR46474,ncRNA,CR46474
FBgn0034382,CG18609,CG18609,protein_coding,CG18609
FBgn0028542,NimB4,CG33115,protein_coding,Nimrod B4
FBgn0035969,CG4476,CG4476,protein_coding,CG4476
FBgn0031260,Spp,CG11840,protein_coding,Signal peptide peptidase
FBgn0030425,Nep6,CG3775,protein_coding,Neprilysin 6
FBgn0033292,Cyp4ad1,CG2110,protein_coding,Cytochrome P450 4ad1
FBgn0265198,CR44258,CR44258,ncRNA,CR44258
FBgn0021795,Tapdelta,CG9035,protein_coding,Translocon-associated protein delta
FBgn0030257,SmydA-4,CG11160,protein_coding,"SET and MYND domain containing, arthropod-specific, member 4"
FBgn0039694,fig,CG7615,protein_coding,fos intronic gene
FBgn0034023,Ir52a,CG12960,protein_coding,Ionotropic receptor 52a
FBgn0031002,CG14196,CG14196,protein_coding,CG14196
FBgn0052127,Leu-CAA-2-2,CR32127,tRNA,Leucine-CAA 2-2
FBgn0265450,CR44350,CR44350,ncRNA,CR44350
FBgn0051469,Argp,CG31469,protein_coding,Arginine phosphatase
FBgn0029091,Chs2,CG7464,protein_coding,Chitin synthase 2
FBgn0036697,rogdi,CG7725,protein_coding,rogdi
FBgn0028987,Spn28F,CG8137,protein_coding,Serpin 28F
FBgn0015031,cype,CG14028,protein_coding,cyclope
FBgn0083028,Psi18S-525k,CR34569,snoRNA,Psi18S-525k
FBgn0029161,slmo,CG9131,protein_coding,slowmo
FBgn0034726,PolE4,CG11301,protein_coding,DNA polymerase epsilon subunit 4
FBgn0002773,Mlc2,CG2184,protein_coding,Myosin light chain 2
FBgn0267478,CR45828,CR45828,ncRNA,CR45828
FBgn0034069,CG8401,CG8401,protein_coding,CG8401
FBgn0037086,CG7202,CG7202,protein_coding,CG7202
FBgn0029931,CG14427,CG14427,protein_coding,CG14427
FBgn0051419,CG31419,CG31419,protein_coding,CG31419
FBgn0263400,CG43446,CG43446,protein_coding,CG43446
FBgn0266465,GckIII,CG5169,protein_coding,Germinal centre kinase III
FBgn0036534,DCP2,CG6169,protein_coding,Decapping protein 2
FBgn0036330,CG11263,CG11263,protein_coding,CG11263
FBgn0030162,CG1986,CG1986,protein_coding,CG1986
FBgn0052600,dpr8,CG32600,protein_coding,defective proboscis extension response 8
FBgn0051360,CG31360,CG31360,protein_coding,CG31360
FBgn0034312,CG10916,CG10916,protein_coding,CG10916
FBgn0040950,Muc26B,CG13990,protein_coding,Mucin 26B
FBgn0033226,puml,CG1882,protein_coding,pummelig
FBgn0266068,CR44821,CR44821,ncRNA,CR44821
FBgn0037435,CG18048,CG18048,protein_coding,CG18048
FBgn0030352,sicily,CG15738,protein_coding,severe impairment of CI with lengthened youth
FBgn0260386,mtg,CG7549,protein_coding,mind the gap
FBgn0052971,CG32971,CG32971,protein_coding,CG32971
FBgn0035374,mRpS35,CG2101,protein_coding,mitochondrial ribosomal protein S35
FBgn0261444,CG3638,CG3638,protein_coding,CG3638
FBgn0036107,galla-2,CG7949,protein_coding,galla-2
FBgn0038080,CG12279,CG12279,protein_coding,CG12279
FBgn0039873,Smvt,CG2191,protein_coding,Sodium-dependent multivitamin transporter
FBgn0053199,CG33199,CG33199,protein_coding,CG33199
FBgn0034326,CG18540,CG18540,protein_coding,CG18540
FBgn0265725,CG44532,CG44532,protein_coding,CG44532
FBgn0085489,CG34460,CG34460,protein_coding,CG34460
FBgn0053857,CG33857,CG33857,protein_coding,CG33857
FBgn0266849,CR45310,CR45310,ncRNA,CR45310
FBgn0036522,Phs,CG7372,protein_coding,Phaser
FBgn0034560,CAH15,CG9235,protein_coding,Carbonic anhydrase 15
FBgn0038783,CG4367,CG4367,protein_coding,CG4367
FBgn0035982,CG4461,CG4461,protein_coding,CG4461
FBgn0032191,Snx17,CG5734,protein_coding,Sorting nexin 17
FBgn0031430,CG3528,CG3528,protein_coding,CG3528
FBgn0013688,srRNA,CR34096,rRNA,mitochondrial small ribosomal RNA
FBgn0263414,CR43460,CR43460,ncRNA,CR43460
FBgn0065108,ppk16,CG34059,protein_coding,pickpocket 16
FBgn0011290,Taf12,CG17358,protein_coding,TBP-associated factor 12
FBgn0267544,CR45884,CR45884,ncRNA,CR45884
FBgn0058172,CR40172,CR40172,ncRNA,CR40172
FBgn0052528,parvin,CG32528,protein_coding,parvin
FBgn0033112,Spn42Db,CG9454,protein_coding,Serpin 42Db
FBgn0029867,CG3847,CG3847,protein_coding,CG3847
FBgn0263211,CR43381,CR43381,pseudogene,CR43381
FBgn0265039,CR44156,CR44156,ncRNA,CR44156
FBgn0053771,CG33771,CG33771,protein_coding,CG33771
FBgn0016794,dos,CG1044,protein_coding,daughter of sevenless
FBgn0030588,CG9521,CG9521,protein_coding,CG9521
FBgn0042627,FASN2,CG3524,protein_coding,Fatty acid synthase 2
FBgn0036438,gdrd,CG13477,protein_coding,goddard
FBgn0034722,Rtf1,CG10955,protein_coding,Rtf1
FBgn0030718,ND-20,CG9172,protein_coding,NADH dehydrogenase (ubiquinone) 20 kDa subunit
FBgn0033454,CG1671,CG1671,protein_coding,CG1671
FBgn0001254,ImpE2,CG1934,protein_coding,Ecdysone-inducible gene E2
FBgn0265151,CR44220,CR44220,ncRNA,CR44220
FBgn0288833,RPA3,CG15220,protein_coding,Replication protein A3
FBgn0267769,CR46100,CR46100,ncRNA,CR46100
FBgn0036757,Ir75a,CG14585,protein_coding,Ionotropic receptor 75a
FBgn0002869,MtnB,CG4312,protein_coding,Metallothionein B
FBgn0083004,Psi28S-1175b,CR34559,snoRNA,Psi28S-1175b
FBgn0260400,elav,CG4262,protein_coding,embryonic lethal abnormal vision
FBgn0050254,Arg-TCT-1-1,CR30254,tRNA,Arginine-TCT 1-1
FBgn0037175,CG14455,CG14455,protein_coding,CG14455
FBgn0035787,CG8543,CG8543,protein_coding,CG8543
FBgn0034670,CG13488,CG13488,protein_coding,CG13488
FBgn0262286,mir-1001,CR42993,ncRNA,mir-1001 stem loop
FBgn0033309,Lnpk,CG8735,protein_coding,Lunapark
FBgn0031108,CG15459,CG15459,protein_coding,CG15459
FBgn0035761,RhoGEF4,CG8606,protein_coding,Rho guanine nucleotide exchange factor 4
FBgn0264496,CR43898,CR43898,ncRNA,CR43898
FBgn0053477,CG33477,CG33477,protein_coding,CG33477
FBgn0033095,chk,CG3409,protein_coding,chaski
FBgn0263600,PolD1,CG5949,protein_coding,DNA polymerase delta subunit 1
FBgn0052264,CG32264,CG32264,protein_coding,CG32264
FBgn0003965,v,CG2155,protein_coding,vermilion
FBgn0033721,CG13159,CG13159,protein_coding,CG13159
FBgn0030390,CG15731,CG15731,protein_coding,CG15731
FBgn0033523,CG12895,CG12895,protein_coding,CG12895
FBgn0263471,MeU2-48,CR43586,snoRNA, MeU2-48
FBgn0260444,Not10,CG18616,protein_coding,CCR4-NOT transcription complex subunit 10
FBgn0260750,Mulk,CG31873,protein_coding,Multi-substrate lipid kinase
FBgn0035359,CG1143,CG1143,protein_coding,CG1143
FBgn0266987,CR45438,CR45438,ncRNA,CR45438
FBgn0266491,SclA,CG45090,protein_coding,Sarcolamban A
FBgn0032798,CG10132,CG10132,protein_coding,CG10132
FBgn0053427,CR33427,CR33427,rRNA,CR33427
FBgn0260763,CG42561,CG42561,protein_coding,CG42561
FBgn0267110,CR45550,CR45550,ncRNA,CR45550
FBgn0035687,Prdm13,CG13296,protein_coding,PR/SET domain 13
FBgn0030791,CG9132,CG9132,protein_coding,CG9132
FBgn0085321,CG34292,CG34292,protein_coding,CG34292
FBgn0037986,CG14736,CG14736,protein_coding,CG14736
FBgn0039435,TwdlP,CG14240,protein_coding,TweedleP
FBgn0031139,CG11227,CG11227,protein_coding,CG11227
FBgn0053445,CR33445,CR33445,rRNA,CR33445
FBgn0263566,mir-4909,CR43551,ncRNA,mir-4909 stem loop
FBgn0250837,dUTPase,CG4584,protein_coding,Deoxyuridine triphosphatase
FBgn0052707,APC4,CG32707,protein_coding,Anaphase Promoting Complex subunit 4
FBgn0005649,Rox8,CG5422,protein_coding,Rox8
FBgn0036502,CG7841,CG7841,protein_coding,CG7841
FBgn0029736,CG4041,CG4041,protein_coding,CG4041
FBgn0043022,38ABa,CR32881,snRNA,small nuclear RNA U5 at 38AB a
FBgn0033512,CG12902,CG12902,protein_coding,CG12902
FBgn0266808,CR45270,CR45270,ncRNA,CR45270
FBgn0015615,SMC3,CG9802,protein_coding,Structural maintenance of chromosomes 3
FBgn0050290,Ppcdc,CG30290,protein_coding,Phosphopantothenoylcysteine decarboxylase
FBgn0045501,Gr22a,CG31662,protein_coding,Gustatory receptor 22a
FBgn0003162,Pu,CG9441,protein_coding,Punch
FBgn0015904,ara,CG10571,protein_coding,araucan
FBgn0050479,CG30479,CG30479,protein_coding,CG30479
FBgn0024509,Sec13,CG6773,protein_coding,Secretory 13
FBgn0053500,CG33500,CG33500,protein_coding,CG33500
FBgn0036289,CG10657,CG10657,protein_coding,CG10657
FBgn0267035,CR45479,CR45479,ncRNA,CR45479
FBgn0027553,NELF-B,CG32721,protein_coding,NELF-B
FBgn0038488,m-cup,CG11896,protein_coding,mann-cup
FBgn0031357,mRpL48,CG17642,protein_coding,mitochondrial ribosomal protein L48
FBgn0036838,CG3808,CG3808,protein_coding,CG3808
FBgn0266807,CR45269,CR45269,ncRNA,CR45269
FBgn0267161,CR45601,CR45601,ncRNA,CR45601
FBgn0037972,CG10005,CG10005,protein_coding,CG10005
FBgn0040569,CR14310,CR14310,ncRNA,CR14310
FBgn0037288,Jhbp3,CG14661,protein_coding,Juvenile hormone binding protein 3
FBgn0053391,CR33391,CR33391,rRNA,CR33391
FBgn0038082,Ugt37A2,CG5724,protein_coding,UDP-glycosyltransferase family 37 member A2
FBgn0054010,Glyat,CG34010,protein_coding,Glycine N-acyltransferase
FBgn0267601,CR45939,CR45939,ncRNA,CR45939
FBgn0039488,CG6066,CG6066,protein_coding,CG6066
FBgn0052428,CG32428,CG32428,protein_coding,CG32428
FBgn0031089,aspr,CG9572,protein_coding,asperous
FBgn0052450,CG32450,CG32450,protein_coding,CG32450
FBgn0030723,dpr18,CG14948,protein_coding,defective proboscis extension response 18
FBgn0052076,Alg10,CG32076,protein_coding,"ALG10 alpha-1,2-glucosyltransferase"
FBgn0265011,Np,CG34350,protein_coding,Notopleural
FBgn0259709,CG42363,CG42363,protein_coding,CG42363
FBgn0037251,Lipt2,CG9804,protein_coding,Lipoyl(octanoyl) transferase 2
FBgn0265586,CR44413,CR44413,ncRNA,CR44413
FBgn0265707,CR44514,CR44514,ncRNA,CR44514
FBgn0063387,54Eb,CR32900,snoRNA,54Eb
FBgn0265003,koi,CG44154,protein_coding,klaroid
FBgn0022984,qkr58E-3,CG3584,protein_coding,quaking related 58E-3
FBgn0038921,Theg,CG6332,protein_coding,Testicular haploid expressed gene
FBgn0036188,Polr3H,CG7339,protein_coding,RNA polymerase III subunit H
FBgn0033556,CG12343,CG12343,protein_coding,CG12343
FBgn0014007,Ptp69D,CG10975,protein_coding,Protein tyrosine phosphatase 69D
FBgn0038575,CG7208,CG7208,protein_coding,CG7208
FBgn0053861,CG33861,CG33861,protein_coding,CG33861
FBgn0261019,moi,CG42350,protein_coding,modigliani
FBgn0040666,CG12848,CG12848,protein_coding,CG12848
FBgn0045502,Gr10a,CG32664,protein_coding,Gustatory receptor 10a
FBgn0029851,CG14445,CG14445,protein_coding,CG14445
FBgn0054028,CG34028,CG34028,protein_coding,CG34028
FBgn0267432,kl-3,CG45785,protein_coding,male fertility factor kl3
FBgn0263247,CG43390,CG43390,protein_coding,CG43390
FBgn0035432,ZnT63C,CG17723,protein_coding,Zinc transporter 63C
FBgn0037176,CG14456,CG14456,protein_coding,CG14456
FBgn0052554,CG32554,CG32554,protein_coding,CG32554
FBgn0243586,Tb,CG5480,protein_coding,Tubby
FBgn0030117,ric8b,CR15910,pseudogene,ric8b
FBgn0053402,CR33402,CR33402,rRNA,CR33402
FBgn0032900,CG14401,CG14401,protein_coding,CG14401
FBgn0031494,CG17219,CG17219,protein_coding,CG17219
FBgn0032079,CG31886,CG31886,protein_coding,CG31886
FBgn0265818,CR44607,CR44607,ncRNA,CR44607
FBgn0261995,CG42813,CG42813,protein_coding,CG42813
FBgn0033388,CG8046,CG8046,protein_coding,CG8046
FBgn0035690,CG10274,CG10274,protein_coding,CG10274
FBgn0004856,Bx42,CG8264,protein_coding,Bx42
FBgn0015399,kek1,CG12283,protein_coding,kekkon 1
FBgn0036958,CG17233,CG17233,protein_coding,CG17233
FBgn0034120,CG15710,CG15710,protein_coding,CG15710
FBgn0037697,GstZ2,CG9363,protein_coding,Glutathione S transferase Z2
FBgn0051922,CG31922,CG31922,protein_coding,CG31922
FBgn0086558,Ubi-p5E,CG32744,protein_coding,Ubiquitin-5E
FBgn0036213,RpL10Ab,CG7283,protein_coding,Ribosomal protein L10Ab
FBgn0263595,CR43617,CR43617,ncRNA,CR43617
FBgn0035933,CG13309,CG13309,protein_coding,CG13309
FBgn0000577,en,CG9015,protein_coding,engrailed
FBgn0040674,CG9445,CG9445,protein_coding,CG9445
FBgn0014075,Uggt,CG6850,protein_coding,UDP-glucose-glycoprotein glucosyltransferase
FBgn0029929,CG4593,CG4593,protein_coding,CG4593
FBgn0030385,Ir11a,CG15732,protein_coding,Ionotropic receptor 11a
FBgn0037284,CG14659,CG14659,protein_coding,CG14659
FBgn0029123,SoxN,CG18024,protein_coding,SoxNeuro
FBgn0264878,CR44069,CR44069,ncRNA,CR44069
FBgn0262452,mir-79,CR43019,ncRNA,mir-79 stem loop
FBgn0266857,CR45318,CR45318,ncRNA,CR45318
FBgn0053554,Nipped-A,CG33554,protein_coding,Nipped-A
FBgn0036939,CG7365,CG7365,protein_coding,CG7365
FBgn0005666,bt,CG32019,protein_coding,bent
FBgn0036684,CG3764,CG3764,protein_coding,CG3764
FBgn0034880,ItgaPS5,CG5372,protein_coding,Integrin alphaPS5 subunit
FBgn0261277,rtv,CG1397,protein_coding,retroactive
FBgn0267053,CR45497,CR45497,pseudogene,CR45497
FBgn0032059,PrBP,CG9296,protein_coding,Prenyl-binding protein
FBgn0037191,CG14448,CG14448,protein_coding,CG14448
FBgn0010226,GstS1,CG8938,protein_coding,Glutathione S transferase S1
FBgn0035321,CG1275,CG1275,protein_coding,CG1275
FBgn0029993,CG1571,CG1571,protein_coding,CG1571
FBgn0267269,TS11,CR45705,ncRNA, testis-specific 11
FBgn0030776,CG4653,CG4653,protein_coding,CG4653
FBgn0267798,CR46123,CR46123,ncRNA,CR46123
FBgn0263290,CR43399,CR43399,ncRNA,CR43399
FBgn0000541,E(bx),CG32346,protein_coding,Enhancer of bithorax
FBgn0283476,Dhc16F,CG7092,protein_coding,Dynein heavy chain at 16F
FBgn0030583,CG14410,CG14410,protein_coding,CG14410
FBgn0053658,CG33658,CG33658,protein_coding,CG33658
FBgn0052318,CG32318,CG32318,protein_coding,CG32318
FBgn0051288,CG31288,CG31288,protein_coding,CG31288
FBgn0260749,Utx,CG5640,protein_coding,Utx histone demethylase
FBgn0037719,bocks,CG9424,protein_coding,bocksbeutel
FBgn0260407,mRpS23,CG31842,protein_coding,mitochondrial ribosomal protein S23
FBgn0265702,CR44509,CR44509,ncRNA,CR44509
FBgn0263664,CR43655,CR43655,ncRNA,CR43655
FBgn0015520,nonA-l,CG10328,protein_coding,nonA-like
FBgn0027363,Stam,CG6521,protein_coding,Signal transducing adaptor molecule
FBgn0038252,BigH1,CG3509,protein_coding,Histone H1 variant BigH1
FBgn0052574,Twdlalpha,CG32574,protein_coding,Tweedlealpha
FBgn0066293,CheB42b,CG33351,protein_coding,Chemosensory protein B 42b
FBgn0052815,CG32815,CG32815,protein_coding,CG32815
FBgn0052576,CG32576,CG32576,protein_coding,CG32576
FBgn0032401,Plzf,CG6792,protein_coding,Promyelocytic leukemia zinc finger
FBgn0021906,RFeSP,CG7361,protein_coding,Rieske iron-sulfur protein
FBgn0038558,CG12347,CG12347,protein_coding,CG12347
FBgn0028945,CG7631,CG7631,protein_coding,CG7631
FBgn0261583,CG42693,CG42693,protein_coding,CG42693
FBgn0032533,CG16888,CG16888,protein_coding,CG16888
FBgn0031469,CG18558,CG18558,protein_coding,CG18558
FBgn0005355,Su(fu),CG6054,protein_coding,Suppressor of fused
FBgn0035482,CG14985,CG14985,protein_coding,CG14985
FBgn0267750,CR46081,CR46081,ncRNA,CR46081
FBgn0265428,CR44340,CR44340,ncRNA,CR44340
FBgn0262620,CR43144,CR43144,ncRNA,CR43144
FBgn0035265,PIG-Wb,CG18173,protein_coding,Phosphatidylinositol glycan anchor biosynthesis class W b
FBgn0264265,CR43765,CR43765,ncRNA,CR43765
FBgn0051076,CG31076,CG31076,protein_coding,CG31076
FBgn0032105,borr,CG4454,protein_coding,borealin-related
FBgn0033524,Cyp49a1,CG18377,protein_coding,Cytochrome P450 49a1
FBgn0265589,CR44416,CR44416,ncRNA,CR44416
FBgn0023516,Pex5,CG14815,protein_coding,Peroxin 5
FBgn0266228,CR44923,CR44923,ncRNA,CR44923
FBgn0264696,CG43965,CG43965,protein_coding,CG43965
FBgn0000449,dib,CG12028,protein_coding,disembodied
FBgn0034441,CG10081,CG10081,protein_coding,CG10081
FBgn0263633,mir-3644,CR43559,ncRNA,mir-3644 stem loop
FBgn0052460,Glu-CTC-2-3,CR32460,tRNA,Glutamic acid-CTC 2-3
FBgn0267546,CR45886,CR45886,ncRNA,CR45886
FBgn0040338,TfIIA-S-2,CG11639,protein_coding,TfIIA-S-2
FBgn0034387,Cyp12b2,CG15077,protein_coding,Cytochrome P450 12b2
FBgn0034269,Hyccin,CG6406,protein_coding,Hyccin
FBgn0267138,CR45578,CR45578,ncRNA,CR45578
FBgn0039217,CG13627,CG13627,protein_coding,CG13627
FBgn0020644,Lcp65Ab1,CG32400,protein_coding,Lcp65Ab1
FBgn0032008,CG14277,CG14277,protein_coding,CG14277
FBgn0032467,Ube4B,CG9934,protein_coding,Ubiquitination factor E4B
FBgn0266627,CR45134,CR45134,ncRNA,CR45134
FBgn0039867,CstF50,CG2261,protein_coding,Cleavage stimulation factor 50 kD subunit
FBgn0038423,CG10317,CG10317,protein_coding,CG10317
FBgn0030202,CG12640,CG12640,protein_coding,CG12640
FBgn0032369,CG6614,CG6614,protein_coding,CG6614
FBgn0038165,Task6,CG9637,protein_coding,TWIK-related acid-sensitive K[+] channel 6
FBgn0263516,mir-4958,CR43501,ncRNA,mir-4958 stem loop
FBgn0265050,CR44165,CR44165,ncRNA,CR44165
FBgn0035334,CG8993,CG8993,protein_coding,CG8993
FBgn0032649,CG15145,CG15145,protein_coding,CG15145
FBgn0051851,Naa20B,CG31851,protein_coding,N(alpha)-acetyltransferase 20 B
FBgn0265787,CR44576,CR44576,ncRNA,CR44576
FBgn0030844,ppk23,CG8527,protein_coding,pickpocket 23
FBgn0013733,shot,CG18076,protein_coding,short stop
FBgn0261714,Cpn,CG4795,protein_coding,Calphotin
FBgn0265816,CR44605,CR44605,ncRNA,CR44605
FBgn0037332,Hcs,CG14670,protein_coding,Holocarboxylase synthetase
FBgn0288857,Ype,CG1989,protein_coding,Yippee
FBgn0039628,CG11841,CG11841,protein_coding,CG11841
FBgn0037633,CG9839,CG9839,protein_coding,CG9839
FBgn0263557,mir-4967,CR43542,ncRNA,mir-4967 stem loop
FBgn0011692,pav,CG1258,protein_coding,pavarotti
FBgn0065092,438,CR33660,ncRNA,small non-coding RNA 438
FBgn0010358,deltaTry,CG12351,protein_coding,deltaTrypsin
FBgn0034651,CG15676,CG15676,protein_coding,CG15676
FBgn0051559,CG31559,CG31559,protein_coding,CG31559
FBgn0015829,TfIIEbeta,CG1276,protein_coding,Transcription factor IIEbeta
FBgn0031114,cactin,CG1676,protein_coding,cactin
FBgn0052793,CG32793,CG32793,protein_coding,CG32793
FBgn0266158,CR44864,CR44864,ncRNA,CR44864
FBgn0039223,CG5805,CG5805,protein_coding,CG5805
FBgn0001977,CIAPIN1,CG4180,protein_coding,Cytokine induced apoptosis inhibitor 1
FBgn0264894,CG44085,CG44085,protein_coding,CG44085
FBgn0005660,Ets21C,CG2914,protein_coding,Ets at 21C
FBgn0027600,obst-B,CG4778,protein_coding,obstructor-B
FBgn0083033,Psi18S-525f,CR34579,snoRNA,Psi18S-525f
FBgn0264081,CG43750,CG43750,protein_coding,CG43750
FBgn0029092,ced-6,CG11804,protein_coding,ced-6
FBgn0266146,CR44852,CR44852,ncRNA,CR44852
FBgn0051071,Gln-TTG-1-2,CR31071,tRNA,Glutamine-TTG 1-2
FBgn0286913,CR46413,CR46413,pseudogene,CR46413
FBgn0038277,RpS5b,CG7014,protein_coding,Ribosomal protein S5b
FBgn0010247,Parp1,CG40411,protein_coding,Poly-(ADP-ribose) polymerase 1
FBgn0266631,CR45138,CR45138,ncRNA,CR45138
FBgn0039941,CG17167,CG17167,protein_coding,CG17167
FBgn0041709,yellow-g,CG5717,protein_coding,yellow-g
FBgn0000615,exu,CG8994,protein_coding,exuperantia
FBgn0051371,CG31371,CG31371,protein_coding,CG31371
FBgn0038930,BomT3,CG5778,protein_coding,Bomanin Tailed 3
FBgn0036671,CG9951,CG9951,protein_coding,CG9951
FBgn0040377,Vha36-3,CG8310,protein_coding,Vacuolar H[+] ATPase 36kD subunit 3
FBgn0037184,CG14450,CG14450,protein_coding,CG14450
FBgn0262902,CR43257,CR43257,ncRNA,CR43257
FBgn0053376,CR33376,CR33376,rRNA,CR33376
FBgn0263977,Tim17b,CG40451,protein_coding,Translocase of the inner mitochondrial membrane 17b
FBgn0041702,CG15107,CG15107,protein_coding,CG15107
FBgn0035914,CG6282,CG6282,protein_coding,CG6282
FBgn0267877,CR46165,CR46165,pseudogene,CR46165
FBgn0038153,Ir87a,CG14376,protein_coding,Ionotropic receptor 87a
FBgn0050503,CG30503,CG30503,protein_coding,CG30503
FBgn0033826,CG4734,CG4734,protein_coding,CG4734
FBgn0261349,Mst36Fb,CG42626,protein_coding,Male-specific transcript 36Fb
FBgn0260635,Diap1,CG12284,protein_coding,Death-associated inhibitor of apoptosis 1
FBgn0015391,glu,CG11397,protein_coding,gluon
FBgn0035019,Ir60e,CG13592,protein_coding,Ionotropic receptor 60e
FBgn0266102,CR44839,CR44839,pseudogene,CR44839
FBgn0265679,CR44486,CR44486,ncRNA,CR44486
FBgn0024230,Hs2st,CG10234,protein_coding,Heparan sulfate 2-O-sulfotransferase
FBgn0036111,Aps,CG6391,protein_coding,Aps pyrophosphatase
FBgn0267077,CR45521,CR45521,ncRNA,CR45521
FBgn0050484,CG30484,CG30484,protein_coding,CG30484
FBgn0054046,CR34046,CR34046,ncRNA,CR34046
FBgn0263384,CR43436,CR43436,ncRNA,CR43436
FBgn0286875,CG46397,CG46397,protein_coding,CG46397
FBgn0085218,CG34189,CG34189,protein_coding,CG34189
FBgn0263326,CG43407,CG43407,protein_coding,CG43407
FBgn0016926,Pino,CG4710,protein_coding,Pinocchio
FBgn0030838,CG5445,CG5445,protein_coding,CG5445
FBgn0263774,CG43691,CG43691,protein_coding,CG43691
FBgn0030443,CG12715,CG12715,protein_coding,CG12715
FBgn0040649,CG15461,CG15461,protein_coding,CG15461
FBgn0002577,m,CG9369,protein_coding,miniature
FBgn0036619,Cpr72Ec,CG4784,protein_coding,Cuticular protein 72Ec
FBgn0016061,side,CG31062,protein_coding,sidestep
FBgn0036948,CG7298,CG7298,protein_coding,CG7298
FBgn0038833,CG15696,CG15696,protein_coding,CG15696
FBgn0036514,CG12301,CG12301,protein_coding,CG12301
FBgn0028531,CG15286,CG15286,protein_coding,CG15286
FBgn0267007,CR45451,CR45451,ncRNA,CR45451
FBgn0035449,CG14971,CG14971,protein_coding,CG14971
FBgn0267547,CR45887,CR45887,ncRNA,CR45887
FBgn0283429,CR46272,CR46272,pseudogene,CR46272
FBgn0053664,CG33664,CG33664,protein_coding,CG33664
FBgn0035520,CG11586,CG11586,protein_coding,CG11586
FBgn0037589,Obp85a,CG11732,protein_coding,Odorant-binding protein 85a
FBgn0266833,CR45295,CR45295,ncRNA,CR45295
FBgn0052248,CG32248,CG32248,protein_coding,CG32248
FBgn0266968,CR45419,CR45419,ncRNA,CR45419
FBgn0262656,Myc,CG10798,protein_coding,Myc
FBgn0039224,CG13634,CG13634,protein_coding,CG13634
FBgn0034558,Cib2,CG9236,protein_coding,Calcium and integrin binding family member 2
FBgn0050385,CG30385,CG30385,protein_coding,CG30385
FBgn0034182,SmydA-7,CG9640,protein_coding,"SET and MYND domain containing, arthropod-specific, member 7"
FBgn0035243,CG13926,CG13926,protein_coding,CG13926
FBgn0031281,Saf6,CG3883,protein_coding,SAGA factor-like TAF6
FBgn0265728,CR44535,CR44535,ncRNA,CR44535
FBgn0259708,CG42362,CG42362,protein_coding,CG42362
FBgn0264875,CR44066,CR44066,ncRNA,CR44066
FBgn0085303,CG34274,CG34274,protein_coding,CG34274
FBgn0266944,CR45395,CR45395,ncRNA,CR45395
FBgn0266380,CR45022,CR45022,ncRNA,CR45022
FBgn0032374,CG14931,CG14931,protein_coding,CG14931
FBgn0066114,GlcAT-I,CG32775,protein_coding,Glucuronyltransferase I
FBgn0085790,CR41507,CR41507,pseudogene,CR41507
FBgn0033902,eIF3m,CG8309,protein_coding,eukaryotic translation initiation factor 3 subunit m
FBgn0083049,Psi18S-1377c,CR34627,snoRNA,Psi18S-1377c
FBgn0035097,CG13405,CG13405,protein_coding,CG13405
FBgn0026566,CG1307,CG1307,protein_coding,CG1307
FBgn0051148,Gba1a,CG31148,protein_coding,Glucocerebrosidase 1a
FBgn0285912,mah,CG13646,protein_coding,mahogany
FBgn0036323,CG14118,CG14118,protein_coding,CG14118
FBgn0014464,Cp7Fa,CG33962,protein_coding,Chorion protein a at 7F
FBgn0003231,ref(2)P,CG10360,protein_coding,refractory to sigma P
FBgn0053191,CG33191,CG33191,protein_coding,CG33191
FBgn0011877,His-GTG-2-1Psi,CR30253,pseudogene,Histidine-GTG 2-1 pseudogene
FBgn0044812,TotC,CG31508,protein_coding,Turandot C
FBgn0039675,ppk21,CG12048,protein_coding,pickpocket 21
FBgn0053476,CG33476,CG33476,protein_coding,CG33476
FBgn0051718,Ir31a,CG31718,protein_coding,Ionotropic receptor 31a
FBgn0263871,CR43718,CR43718,ncRNA,CR43718
FBgn0020224,Cbl,CG7037,protein_coding,Cbl proto-oncogene
FBgn0266691,CR45181,CR45181,ncRNA,CR45181
FBgn0039482,CG14258,CG14258,protein_coding,CG14258
FBgn0038638,CG7702,CG7702,protein_coding,CG7702
FBgn0052857,CG32857,CG32857,protein_coding,CG32857
FBgn0084008,CR41443,CR41443,ncRNA,CR41443
FBgn0267052,CR45496,CR45496,pseudogene,CR45496
FBgn0284248,Cyt-c-p,CG17903,protein_coding,Cytochrome c proximal
FBgn0039654,Brd8,CG14514,protein_coding,Bromodomain containing 8
FBgn0034261,HPS4,CG4966,protein_coding,Hermansky-Pudlak Syndrome 4
FBgn0030985,Obp18a,CG15883,protein_coding,Odorant-binding protein 18a
FBgn0036620,CG4842,CG4842,protein_coding,CG4842
FBgn0261562,CG42676,CG42676,protein_coding,CG42676
FBgn0265898,CR44687,CR44687,ncRNA,CR44687
FBgn0266787,CR45252,CR45252,ncRNA,CR45252
FBgn0034755,CG3746,CG3746,protein_coding,CG3746
FBgn0011893,Lys-CTT-1-7,CR30301,tRNA,Lysine-CTT 1-7
FBgn0030688,CG8952,CG8952,protein_coding,CG8952
FBgn0036443,CG13471,CG13471,protein_coding,CG13471
FBgn0036109,Cpr67Fa2,CG18349,protein_coding,Cuticular protein 67Fa2
FBgn0034908,CG5543,CG5543,protein_coding,CG5543
FBgn0037779,CG12811,CG12811,protein_coding,CG12811
FBgn0285966,1,CR46341,ncRNA,hairpin RNA 1
FBgn0085367,CG34338,CG34338,protein_coding,CG34338
FBgn0053867,CR33867,CR33867,pseudogene,CR33867
FBgn0038608,WRNexo,CG7670,protein_coding,WRN exonuclease
FBgn0033907,mRpS16,CG8338,protein_coding,mitochondrial ribosomal protein S16
FBgn0032322,CG16743,CG16743,protein_coding,CG16743
FBgn0046706,Haspin,CG40080,protein_coding,Haspin
FBgn0010223,Galphaf,CG12232,protein_coding,G protein alpha subunit f
FBgn0025644,CG14424,CG14424,protein_coding,CG14424
FBgn0034693,flap,CG11073,protein_coding,flapper
FBgn0052289,Cys-GCA-1-2,CR32289,tRNA,Cysteine-GCA 1-2
FBgn0026196,nop5,CG10206,protein_coding,nop5
FBgn0030695,PGRP-LE,CG8995,protein_coding,Peptidoglycan recognition protein LE
FBgn0262203,mir-967,CR42910,ncRNA,mir-967 stem loop
FBgn0082995,Psi28S-1837b,CR34639,snoRNA,Psi28S-1837b
FBgn0036481,CG16959,CG16959,protein_coding,CG16959
FBgn0086694,Bre1,CG10542,protein_coding,Bre1
FBgn0004177,mts,CG7109,protein_coding,microtubule star
FBgn0032877,CG2617,CG2617,protein_coding,CG2617
FBgn0262182,mir-957,CR42889,ncRNA,mir-957 stem loop
FBgn0050416,CG30416,CG30416,protein_coding,CG30416
FBgn0038837,KaiR1D,CG3822,protein_coding,Kainate-type ionotropic glutamate receptor subunit 1D
FBgn0001986,Mtr4,CG4152,protein_coding,Mtr4 helicase
FBgn0045468,Gr93d,CG31335,protein_coding,Gustatory receptor 93d
FBgn0032400,CG6770,CG6770,protein_coding,CG6770
FBgn0283461,Drs,CG10810,protein_coding,Drosomycin
FBgn0259959,Sfp26Ac,CG42469,protein_coding,Seminal fluid protein 26Ac
FBgn0027527,Osi6,CG1151,protein_coding,Osiris 6
FBgn0037878,CG6693,CG6693,protein_coding,CG6693
FBgn0010926,l(3)07882,CG5824,protein_coding,lethal (3) 07882
FBgn0030678,CG11679,CG11679,protein_coding,CG11679
FBgn0263005,Chpf,CG43313,protein_coding,Chondroitin polymerizing factor
FBgn0267922,CR46203,CR46203,ncRNA,CR46203
FBgn0263851,CD-24,CR43712,snoRNA,CR43712
FBgn0036128,Elo68beta,CG11801,protein_coding,Elongase 68beta
FBgn0035208,CG9184,CG9184,protein_coding,CG9184
FBgn0000542,ec,CG2904,protein_coding,echinus
FBgn0053283,CR33283,CR33283,pseudogene,CR33283
FBgn0034580,Cht8,CG9357,protein_coding,Chitinase 8
FBgn0000377,crn,CG3193,protein_coding,crooked neck
FBgn0019990,Gcn2,CG1609,protein_coding,Gcn2
FBgn0028540,CG9008,CG9008,protein_coding,CG9008
FBgn0263697,Uba3,CG13343,protein_coding,Ubiquitin-like activating enzyme 3
FBgn0038581,CG14314,CG14314,protein_coding,CG14314
FBgn0028850,CG15260,CG15260,protein_coding,CG15260
FBgn0264902,CR44093,CR44093,ncRNA,CR44093
FBgn0034759,CG13511,CG13511,protein_coding,CG13511
FBgn0053108,CG33108,CG33108,protein_coding,CG33108
FBgn0033243,CG14763,CG14763,protein_coding,CG14763
FBgn0003866,tsh,CG1374,protein_coding,teashirt
FBgn0031103,CG12679,CG12679,protein_coding,CG12679
FBgn0052988,CG32988,CG32988,protein_coding,CG32988
FBgn0264693,ens,CG14998,protein_coding,ensconsin
FBgn0052451,SPoCk,CG32451,protein_coding,Secretory Pathway Calcium atpase
FBgn0011934,Asn-GTT-1-8,CR30319,tRNA,Asparagine-GTT 1-8
FBgn0031831,COX5BL,CG11043,protein_coding,Cytochrome c oxidase subunit 5B-like
FBgn0034664,CG4377,CG4377,protein_coding,CG4377
FBgn0086063,Me28S-C788a,CR34692,snoRNA,CR34692
FBgn0267347,squ,CG4711,protein_coding,squash
FBgn0267587,CR45925,CR45925,ncRNA,CR45925
FBgn0053883,CG33883,CG33883,protein_coding,CG33883
FBgn0015600,toc,CG9660,protein_coding,toucan
FBgn0265849,CR44638,CR44638,ncRNA,CR44638
FBgn0284229,CG46313,CG46313,protein_coding,CG46313
FBgn0039461,CG5500,CG5500,protein_coding,CG5500
FBgn0267658,CR45996,CR45996,ncRNA,CR45996
FBgn0284230,CG46314,CG46314,protein_coding,CG46314
FBgn0051454,CG31454,CG31454,protein_coding,CG31454
FBgn0264993,CR44144,CR44144,ncRNA,CR44144
FBgn0015320,Ubc2,CG6720,protein_coding,Ubiquitin conjugating enzyme 2
FBgn0029603,CG14053,CG14053,protein_coding,CG14053
FBgn0267933,CR46213,CR46213,ncRNA,CR46213
FBgn0053826,CG33826,CG33826,protein_coding,CG33826
FBgn0042693,wrd,CG7913,protein_coding,well-rounded
FBgn0030013,GIIIspla2,CG1583,protein_coding,Phospholipase A2 group III
FBgn0263324,CG43405,CG43405,protein_coding,CG43405
FBgn0265470,CR44363,CR44363,ncRNA,CR44363
FBgn0053411,CR33411,CR33411,rRNA,CR33411
FBgn0259992,CG42489,CG42489,protein_coding,CG42489
FBgn0039066,EloA,CG6755,protein_coding,Elongin A
FBgn0053963,CR33963,CR33963,ncRNA,CR33963
FBgn0003463,sog,CG9224,protein_coding,short gastrulation
FBgn0265591,CR44418,CR44418,ncRNA,CR44418
FBgn0034366,Atg7,CG5489,protein_coding,Autophagy-related 7
FBgn0063498,GstE2,CG17523,protein_coding,Glutathione S transferase E2
FBgn0031399,mio,CG7074,protein_coding,missing oocyte
FBgn0029935,CG4615,CG4615,protein_coding,CG4615
FBgn0052192,CG32192,CG32192,protein_coding,CG32192
FBgn0050098,CG30098,CG30098,protein_coding,CG30098
FBgn0030098,CG12057,CG12057,protein_coding,CG12057
FBgn0037325,CG12147,CG12147,protein_coding,CG12147
FBgn0011570,cpb,CG17158,protein_coding,capping protein beta
FBgn0267252,Ggamma30A,CG3694,protein_coding,G protein gamma subunit 30A
FBgn0267209,CR45649,CR45649,ncRNA,CR45649
FBgn0051845,CR31845,CR31845,ncRNA,CR31845
FBgn0052588,CG32588,CG32588,protein_coding,CG32588
FBgn0053893,CG33893,CG33893,protein_coding,CG33893
FBgn0028416,Met75Ca,CG32197,protein_coding,Met75Ca
FBgn0053247,CG33247,CG33247,protein_coding,CG33247
FBgn0004511,dy,CG9355,protein_coding,dusky
FBgn0035753,RpL18,CG8615,protein_coding,Ribosomal protein L18
FBgn0013680,ND2,CG34063,protein_coding,mitochondrial NADH-ubiquinone oxidoreductase chain 2
FBgn0037100,CapaR,CG14575,protein_coding,Capability receptor
FBgn0000017,Abl,CG4032,protein_coding,Abl tyrosine kinase
FBgn0266255,CR44950,CR44950,ncRNA,CR44950
FBgn0086662,Psi28S-3186,CR33709,snoRNA,Psi28S-3186
FBgn0262721,CG43165,CG43165,protein_coding,CG43165
FBgn0032455,Pih1D1,CG5792,protein_coding,PIH1 domain containing 1
FBgn0032505,CG16826,CG16826,protein_coding,CG16826
FBgn0031716,CG14015,CG14015,protein_coding,CG14015
FBgn0028509,CenG1A,CG31811,protein_coding,Centaurin gamma 1A
FBgn0038130,CG8630,CG8630,protein_coding,CG8630
FBgn0051133,Slimp,CG31133,protein_coding,Seryl-tRNA synthetase-like insect mitochondrial protein
FBgn0032750,Dus4,CG10495,protein_coding,Dihydrouridine synthase 4
FBgn0038607,hmw,CG7669,protein_coding,hemingway
FBgn0031650,synr,CG14044,protein_coding,sayonara
FBgn0051604,Asp-GTC-1-4,CR31604,tRNA,Aspartic acid-GTC 1-4
FBgn0039264,CG11786,CG11786,protein_coding,CG11786
FBgn0023517,Pgam5,CG14816,protein_coding,Phosphoglycerate mutase 5
FBgn0265508,CR44370,CR44370,ncRNA,CR44370
FBgn0287217,CR46447,CR46447,pseudogene,CR46447
FBgn0265457,CR44357,CR44357,ncRNA,CR44357
FBgn0019661,roX1,CR32777,ncRNA,long non-coding RNA on the X 1
FBgn0265751,CR44558,CR44558,ncRNA,CR44558
FBgn0015831,Rtnl2,CG1279,protein_coding,Rtnl2
FBgn0267712,CR46045,CR46045,ncRNA,CR46045
FBgn0032650,CG7094,CG7094,protein_coding,CG7094
FBgn0020638,Lcp65Ag1,CG10530,protein_coding,Lcp65Ag1
FBgn0033566,CG18004,CG18004,protein_coding,CG18004
FBgn0031800,CG9497,CG9497,protein_coding,CG9497
FBgn0038965,mats,CG13852,protein_coding,mob as tumor suppressor
FBgn0053241,CG33241,CG33241,protein_coding,CG33241
FBgn0031049,Sec61gamma,CG14214,protein_coding,Sec61 gamma subunit
FBgn0038047,CG5245,CG5245,protein_coding,CG5245
FBgn0026401,Nipped-B,CG17704,protein_coding,Nipped-B
FBgn0260466,Indy-2,CG33933,protein_coding,I'm not dead yet 2
FBgn0017551,Rca1,CG10800,protein_coding,Regulator of cyclin A1
FBgn0260012,pds5,CG17509,protein_coding,precocious dissociation of sisters 5
FBgn0285949,RpL31,CG1821,protein_coding,Ribosomal protein L31
FBgn0004363,porin,CG6647,protein_coding,porin
FBgn0011225,jar,CG5695,protein_coding,jaguar
FBgn0000339,cni,CG5855,protein_coding,cornichon
FBgn0027567,Ciz1,CG8108,protein_coding,Ciz1 zinc finger protein
FBgn0052495,Gss2,CG32495,protein_coding,Glutathione synthetase 2
FBgn0287614,CR46483,CR46483,ncRNA,CR46483
FBgn0035518,CG15011,CG15011,protein_coding,CG15011
FBgn0038401,CG5916,CG5916,protein_coding,CG5916
FBgn0011737,Wee1,CG4488,protein_coding,Wee1 kinase
FBgn0010220,Dbp45A,CG12759,protein_coding,DEAD box protein 45A
FBgn0031822,Phf5a,CG9548,protein_coding,PHD finger protein 5a
FBgn0262510,CR43080,CR43080,pseudogene,CR43080
FBgn0035750,CG14826,CG14826,protein_coding,CG14826
FBgn0287602,CR46471,CR46471,ncRNA,CR46471
FBgn0032864,CG2493,CG2493,protein_coding,CG2493
FBgn0036888,CG9330,CG9330,protein_coding,CG9330
FBgn0267675,CR46011,CR46011,ncRNA,CR46011
FBgn0264378,CR43830,CR43830,ncRNA,CR43830
FBgn0265944,CR44731,CR44731,ncRNA,CR44731
FBgn0038321,Nagk,CG6218,protein_coding,N-acetylglucosamine kinase
FBgn0051944,Gln-CTG-2-3,CR31944,tRNA,Glutamine-CTG 2-3
FBgn0267271,CR45707,CR45707,ncRNA,CR45707
FBgn0033508,Obp46a,CG12905,protein_coding,Odorant-binding protein 46a
FBgn0045470,Gr93b,CG31336,protein_coding,Gustatory receptor 93b
FBgn0028579,phtf,CG3268,protein_coding,phtf
FBgn0032979,Clamp,CG1832,protein_coding,Chromatin-linked adaptor for MSL proteins
FBgn0263200,Galt,CG9232,protein_coding,Galactose-1-phosphate uridylyltransferase
FBgn0265000,CR44151,CR44151,ncRNA,CR44151
FBgn0037743,Alg12,CG8412,protein_coding,"Alg12 alpha-1,6-mannosyltransferase"
FBgn0267645,CR45983,CR45983,ncRNA,CR45983
FBgn0052091,CG32091,CG32091,protein_coding,CG32091
FBgn0035468,Gr63a,CG14979,protein_coding,Gustatory receptor 63a
FBgn0036910,Cyp305a1,CG8733,protein_coding,Cytochrome P450 305a1
FBgn0058298,CG40298,CG40298,protein_coding,CG40298
FBgn0261356,CG42633,CG42633,protein_coding,CG42633
FBgn0053642,CG33642,CG33642,protein_coding,CG33642
FBgn0052481,Ile-TAT-1-2,CR32481,tRNA,Isoleucine-TAT 1-2
FBgn0264473,CR43881,CR43881,ncRNA,CR43881
FBgn0032770,CG13086,CG13086,protein_coding,CG13086
FBgn0267762,CR46093,CR46093,ncRNA,CR46093
FBgn0260463,Unc-115b,CG31332,protein_coding,Uncoordinated 115b
FBgn0035283,CG12024,CG12024,protein_coding,CG12024
FBgn0052654,Sec16,CG32654,protein_coding,Secretory 16
FBgn0034649,PIG-M,CG9865,protein_coding,Phosphatidylinositol glycan anchor biosynthesis class M
FBgn0266250,CR44945,CR44945,ncRNA,CR44945
FBgn0287788,Datp,CG31713,protein_coding,Diadenosine tetraphosphatase
FBgn0004865,Eip78C,CG18023,protein_coding,Ecdysone-induced protein 78C
FBgn0265166,CR44235,CR44235,ncRNA,CR44235
FBgn0267940,CR46220,CR46220,ncRNA,CR46220
FBgn0001185,her,CG4694,protein_coding,hermaphrodite
FBgn0010421,TfIIFbeta,CG6538,protein_coding,Transcription factor TFIIFbeta
FBgn0264545,CG43924,CG43924,protein_coding,CG43924
FBgn0030608,Lsd-2,CG9057,protein_coding,Lipid storage droplet-2
FBgn0085570,CR41243,CR41243,pseudogene,CR41243
FBgn0035455,CG10862,CG10862,protein_coding,CG10862
FBgn0038158,CG14370,CG14370,protein_coding,CG14370
FBgn0035685,CG13297,CG13297,protein_coding,CG13297
FBgn0011741,Arp6,CG11678,protein_coding,Actin-related protein 6
FBgn0053318,CR33318,CR33318,pseudogene,CR33318
FBgn0051961,Tbcc,CG31961,protein_coding,Tubulin-binding cofactor C
FBgn0266129,lov,CG16778,protein_coding,jim lovell
FBgn0264724,CR43992,CR43992,ncRNA,CR43992
FBgn0266214,CR44909,CR44909,ncRNA,CR44909
FBgn0267539,CR45879,CR45879,pseudogene,CR45879
FBgn0085477,CG34448,CG34448,protein_coding,CG34448
FBgn0284222,CG46306,CG46306,protein_coding,CG46306
FBgn0028952,Kebab,CG31672,protein_coding,Kinetochore and EB1 associated basic protein
FBgn0011476,l(3)neo43,CG14865,protein_coding,lethal (3) neo43
FBgn0031774,CG9147,CG9147,protein_coding,CG9147
FBgn0264294,Cyt-b5,CG2140,protein_coding,Cytochrome b5
FBgn0040805,CG12355,CG12355,protein_coding,CG12355
FBgn0259734,Nost,CG42388,protein_coding,Nostrin
FBgn0027525,LTV1,CG7686,protein_coding,LTV1 ribosome biogenesis factor
FBgn0034237,eIF3b,CG4878,protein_coding,eukaryotic translation initiation factor 3 subunit b
FBgn0053558,mim,CG33558,protein_coding,missing-in-metastasis
FBgn0267892,CR46180,CR46180,pseudogene,CR46180
FBgn0261858,Mzt1,CG42787,protein_coding,Mitotic spindle organizing protein 1
FBgn0032235,CG5096,CG5096,protein_coding,CG5096
FBgn0262608,CG43134,CG43134,protein_coding,CG43134
FBgn0028887,CG3491,CG3491,protein_coding,CG3491
FBgn0037463,djl,CG1984,protein_coding,don juan like
FBgn0266953,CR45404,CR45404,ncRNA,CR45404
FBgn0030722,CG12395,CG12395,protein_coding,CG12395
FBgn0000064,Ald1,CG6058,protein_coding,Aldolase 1
FBgn0051526,CR31526,CR31526,ncRNA,CR31526
FBgn0265096,CR44201,CR44201,ncRNA,CR44201
FBgn0034577,cpa,CG10540,protein_coding,capping protein alpha
FBgn0050389,CG30389,CG30389,protein_coding,CG30389
FBgn0250851,CG33981,CG33981,protein_coding,CG33981
FBgn0052418,vito,CG32418,protein_coding,viriato
FBgn0033739,Dyb,CG8529,protein_coding,Dystrobrevin
FBgn0032863,Cdc23,CG2508,protein_coding,Cell division cycle 23
FBgn0085288,Grl62c,CG34259,protein_coding,Gustatory receptor-like 62c
FBgn0030116,CR17438,CR17438,pseudogene,CR17438
FBgn0037498,CG10029,CG10029,protein_coding,CG10029
FBgn0058470,CG40470,CG40470,protein_coding,CG40470
FBgn0265341,CR44295,CR44295,ncRNA,CR44295
FBgn0051721,Trim9,CG31721,protein_coding,Tripartite motif containing 9
FBgn0263510,nclb,CG6751,protein_coding,no child left behind
FBgn0264375,CR43827,CR43827,ncRNA,CR43827
FBgn0051451,mimi,CR31451,ncRNA,mimi
FBgn0051729,CG31729,CG31729,protein_coding,CG31729
FBgn0260447,CR11386,CR11386,pseudogene,CR11386
FBgn0011883,Ile-AAT-1-5,CR30521,tRNA,Isoleucine-AAT 1-5
FBgn0033538,CG11883,CG11883,protein_coding,CG11883
FBgn0042098,CG18735,CG18735,protein_coding,CG18735
FBgn0263378,CR43430,CR43430,ncRNA,CR43430
FBgn0039404,CG14543,CG14543,protein_coding,CG14543
FBgn0265909,CR44698,CR44698,ncRNA,CR44698
FBgn0265540,CR44390,CR44390,ncRNA,CR44390
FBgn0266008,CR44781,CR44781,ncRNA,CR44781
FBgn0028569,robl37BC,CG15171,protein_coding,robl37BC
FBgn0037263,slx1,CG18271,protein_coding,nuclease slx1
FBgn0053398,CR33398,CR33398,rRNA,CR33398
FBgn0037644,CG11964,CG11964,protein_coding,CG11964
FBgn0266628,CR45135,CR45135,ncRNA,CR45135
FBgn0033108,CG15236,CG15236,protein_coding,CG15236
FBgn0035229,pns,CG7852,protein_coding,pinstripe
FBgn0037635,CG9837,CG9837,protein_coding,CG9837
FBgn0265650,CR44457,CR44457,ncRNA,CR44457
FBgn0033225,TTLL12,CG1550,protein_coding,Tubulin tyrosine ligase-like 12
FBgn0053744,430r,CR33744,ncRNA,small non-coding RNA 430r
FBgn0051081,TwdlR,CG31081,protein_coding,TweedleR
FBgn0043535,Obp57a,CG30141,protein_coding,Odorant-binding protein 57a
FBgn0030598,CG9503,CG9503,protein_coding,CG9503
FBgn0000411,D,CG5893,protein_coding,Dichaete
FBgn0034406,Jheh3,CG15106,protein_coding,Juvenile hormone epoxide hydrolase 3
FBgn0051496,CG31496,CG31496,protein_coding,CG31496
FBgn0037376,Hat1,CG2051,protein_coding,Histone acetyltransferase 1
FBgn0003415,skd,CG9936,protein_coding,skuld
FBgn0266801,CG45263,CG45263,protein_coding,CG45263
FBgn0260713,CG42544,CG42544,protein_coding,CG42544
FBgn0086061,Or-CD8,CR34690,snoRNA,CR34690
FBgn0035076,Ance-5,CG10142,protein_coding,Ance-5
FBgn0050157,Ufsp1,CG30157,protein_coding,UFM1 specific peptidase 1
FBgn0033079,Fmo-2,CG3174,protein_coding,Flavin-containing monooxygenase 2
FBgn0266887,CR45348,CR45348,ncRNA,CR45348
FBgn0266670,Sec5,CG8843,protein_coding,Secretory 5
FBgn0004618,gl,CG7672,protein_coding,glass
FBgn0040064,yip2,CG4600,protein_coding,yippee interacting protein 2
FBgn0037120,CG11247,CG11247,protein_coding,CG11247
FBgn0052438,SMC5,CG32438,protein_coding,Structural maintenance of chromosomes 5
FBgn0051436,CG31436,CG31436,protein_coding,CG31436
FBgn0002938,ninaC,CG5125,protein_coding,neither inactivation nor afterpotential C
FBgn0064117,SLIRP1,CG33714,protein_coding,SRA stem-loop interacting RNA binding protein 1
FBgn0038765,CG4424,CG4424,protein_coding,CG4424
FBgn0264301,CG43779,CG43779,protein_coding,CG43779
FBgn0035849,ERR,CG7404,protein_coding,estrogen-related receptor
FBgn0038438,Der-2,CG14899,protein_coding,Derlin-2
FBgn0034293,CG14495,CG14495,protein_coding,CG14495
FBgn0261552,ps,CG42670,protein_coding,pasilla
FBgn0261808,cu,CG31299,protein_coding,curled
FBgn0037936,CG6908,CG6908,protein_coding,CG6908
FBgn0267228,CR45668,CR45668,ncRNA,CR45668
FBgn0030346,BORCS5,CG11802,protein_coding,BLOC-1 related complex subunit 5
FBgn0052713,CG32713,CG32713,protein_coding,CG32713
FBgn0036136,Ufd1,CG6233,protein_coding,Ubiquitin fusion-degradation 1-like
FBgn0285925,Fas1,CG6588,protein_coding,Fasciclin 1
FBgn0266435,CG45065,CG45065,protein_coding,CG45065
FBgn0263843,CR43704,CR43704,ncRNA,CR43704
FBgn0032117,FucTB,CG4435,protein_coding,"alpha1,3-fucosyltransferase B"
FBgn0265795,CR44584,CR44584,ncRNA,CR44584
FBgn0266827,CR45289,CR45289,ncRNA,CR45289
FBgn0283431,CR46274,CR46274,pseudogene,CR46274
FBgn0036291,CG10681,CG10681,protein_coding,CG10681
FBgn0004435,Galphaq,CG17759,protein_coding,G protein alpha subunit q
FBgn0038419,CG14879,CG14879,protein_coding,CG14879
FBgn0267783,CR46114,CR46114,ncRNA,CR46114
FBgn0011915,Met-CAT-1-1,CR30255,tRNA,Methionine-CAT 1-1
FBgn0034982,Naa35,CG4065,protein_coding,N(alpha)-acetyltransferase 35
FBgn0263130,CR43372,CR43372,ncRNA,CR43372
FBgn0017448,CG2187,CG2187,protein_coding,CG2187
FBgn0267074,CR45518,CR45518,ncRNA,CR45518
FBgn0039305,CG11858,CG11858,protein_coding,CG11858
FBgn0051065,ppk31,CG31065,protein_coding,pickpocket 31
FBgn0028484,Ack,CG14992,protein_coding,Activated Cdc42 kinase
FBgn0052074,CG32074,CG32074,protein_coding,CG32074
FBgn0262604,CR43130,CR43130,ncRNA,CR43130
FBgn0052362,Leu-CAG-1-6,CR32362,tRNA,Leucine-CAG 1-6
FBgn0266003,CR44777,CR44777,ncRNA,CR44777
FBgn0263520,mir-4945,CR43505,ncRNA,mir-4945 stem loop
FBgn0039876,CG2126,CG2126,protein_coding,CG2126
FBgn0261403,sxc,CG10392,protein_coding,super sex combs
FBgn0262338,mir-2499,CR43045,ncRNA,mir-2499 stem loop
FBgn0031196,Cluap1,CG17599,protein_coding,Clusterin associated protein 1
FBgn0036766,CG5506,CG5506,protein_coding,CG5506
FBgn0020546,iab4,CR31271,ncRNA,iab4
FBgn0023172,RhoGEF2,CG9635,protein_coding,Rho guanine nucleotide exchange factor 2
FBgn0039752,CG15530,CG15530,protein_coding,CG15530
FBgn0083976,CG34140,CG34140,protein_coding,CG34140
FBgn0025802,Sbf,CG6939,protein_coding,SET domain binding factor
FBgn0036596,CG13045,CG13045,protein_coding,CG13045
FBgn0261974,Or-CD9b,CR42805,snoRNA,CR42805
FBgn0026384,Or59a,CG9820,protein_coding,Odorant receptor 59a
FBgn0031356,CG17660,CG17660,protein_coding,CG17660
FBgn0034013,unc-5,CG8166,protein_coding,unc-5
FBgn0039282,Bili,CG11848,protein_coding,Band4.1 inhibitor LRP interactor
FBgn0267109,CR45549,CR45549,ncRNA,CR45549
FBgn0053894,CG33894,CG33894,protein_coding,CG33894
FBgn0062449,CG13197,CG13197,protein_coding,CG13197
FBgn0265315,CR44288,CR44288,ncRNA,CR44288
FBgn0286031,CR46351,CR46351,ncRNA,CR46351
FBgn0261446,CG13377,CG13377,protein_coding,CG13377
FBgn0086660,Psi28S-1837a,CR33652,snoRNA,Psi28S-1837a
FBgn0012024,Tyr-GTA-1-8,CR31435,tRNA,Tyrosine-GTA 1-8
FBgn0036816,Indy,CG3979,protein_coding,I'm not dead yet
FBgn0038397,CG10185,CG10185,protein_coding,CG10185
FBgn0027932,Akap200,CG13388,protein_coding,A kinase anchor protein 200
FBgn0264264,CR43764,CR43764,ncRNA,CR43764
FBgn0266383,CR45025,CR45025,ncRNA,CR45025
FBgn0025592,Gk1,CG18374,protein_coding,Glycerol kinase 1
FBgn0026369,Sara,CG15667,protein_coding,Smad anchor for receptor activation
FBgn0262391,mir-184,CR42925,ncRNA,mir-184 stem loop
FBgn0284237,CG46321,CG46321,protein_coding,CG46321
FBgn0052718,CG32718,CG32718,protein_coding,CG32718
FBgn0262518,Rab8,CG8287,protein_coding,Rab8
FBgn0028554,x16,CG10203,protein_coding,x16 splicing factor
FBgn0028744,CG5033,CG5033,protein_coding,CG5033
FBgn0031463,G6P,CG15400,protein_coding,Glucose-6-Phosphatase
FBgn0260742,CG12213,CG12213,protein_coding,CG12213
FBgn0028944,Semp1,CG11864,protein_coding,Seminal metalloprotease-1
FBgn0002036,CG10561,CG10561,protein_coding,CG10561
FBgn0038236,Cyp313a1,CG3360,protein_coding,Cytochrome P450 313a1
FBgn0053444,CR33444,CR33444,rRNA,CR33444
FBgn0010019,Cyp4g1,CG3972,protein_coding,Cytochrome P450 4g1
FBgn0046885,Gr98d,CG31061,protein_coding,Gustatory receptor 98d
FBgn0267613,CR45951,CR45951,ncRNA,CR45951
FBgn0050488,antr,CG30488,protein_coding,antares
FBgn0020445,E23,CG3327,protein_coding,Early gene at 23
FBgn0020371,Tim17b2,CG15257,protein_coding,Translocase inner membrane 17
FBgn0262475,bru2,CG43065,protein_coding,bruno 2
FBgn0266615,CG45122,CG45122,protein_coding,CG45122
FBgn0262436,mir-310,CR42995,ncRNA,mir-310 stem loop
FBgn0034527,CG9945,CG9945,protein_coding,CG9945
FBgn0040899,CG17776,CG17776,protein_coding,CG17776
FBgn0267778,CR46109,CR46109,ncRNA,CR46109
FBgn0000250,cact,CG5848,protein_coding,cactus
FBgn0034476,Toll-7,CG8595,protein_coding,Toll-7
FBgn0267573,CR45913,CR45913,ncRNA,CR45913
FBgn0052639,CG32639,CG32639,protein_coding,CG32639
FBgn0037856,Leash,CG4674,protein_coding,Leash
FBgn0035385,FMRFaR,CG2114,protein_coding,FMRFamide Receptor
FBgn0015561,unpg,CG1650,protein_coding,unplugged
FBgn0261806,CG42752,CG42752,protein_coding,CG42752
FBgn0265295,CR42871,CR42871,ncRNA,CR42871
FBgn0004101,bs,CG3411,protein_coding,blistered
FBgn0031320,CG5126,CG5126,protein_coding,CG5126
FBgn0259239,CG42337,CG42337,protein_coding,CG42337
FBgn0265850,CR44639,CR44639,ncRNA,CR44639
FBgn0011869,Gly-GCC-1-10,CR30214,tRNA,Glycine-GCC 1-10
FBgn0264552,CG43931,CG43931,protein_coding,CG43931
FBgn0288811,CR46526,CR46526,pseudogene,CR46526
FBgn0032197,ova,CG5694,protein_coding,ovaries absent
FBgn0041241,Gr47b,CG30030,protein_coding,Gustatory receptor 47b
FBgn0036870,CG14095,CG14095,protein_coding,CG14095
FBgn0035695,CG10226,CG10226,protein_coding,CG10226
FBgn0263476,CG32479-b,CR43591,snoRNA,CR43591
FBgn0038499,Brf,CG31256,protein_coding,Brf RNA polymerase III subunit
FBgn0053147,Hs3st-A,CG33147,protein_coding,Heparan sulfate 3-O sulfotransferase-A
FBgn0029147,NtR,CG6698,protein_coding,NtR
FBgn0000075,amd,CG10501,protein_coding,alpha methyl dopa-resistant
FBgn0038194,Cyp6d5,CG3050,protein_coding,Cytochrome P450 6d5
FBgn0266915,CR45375,CR45375,ncRNA,CR45375
FBgn0035155,RabX6,CG12015,protein_coding,RabX6
FBgn0054044,CR34044,CR34044,ncRNA,CR34044
FBgn0265744,CR44551,CR44551,ncRNA,CR44551
FBgn0265155,CR44224,CR44224,ncRNA,CR44224
FBgn0029176,eEF1gamma,CG11901,protein_coding,eukaryotic translation elongation factor 1 gamma
FBgn0029659,CG16782,CG16782,protein_coding,CG16782
FBgn0004868,Gdi,CG4422,protein_coding,GDP dissociation inhibitor
FBgn0052203,Spn75F,CG32203,protein_coding,Serpin 75F
FBgn0085344,CG34315,CG34315,protein_coding,CG34315
FBgn0053886,CG33886,CG33886,protein_coding,CG33886
FBgn0011335,vers,CG6801,protein_coding,versatile
FBgn0266758,Esyt2,CG6643,protein_coding,Extended synaptotagmin-like protein 2
FBgn0033809,CG4630,CG4630,protein_coding,CG4630
FBgn0000546,EcR,CG1765,protein_coding,Ecdysone receptor
FBgn0038742,Arc42,CG4703,protein_coding,Activator-recruited cofactor subunit 42
FBgn0029822,CG12236,CG12236,protein_coding,CG12236
FBgn0038188,Art9,CG9929,protein_coding,Arginine methyltransferase 9
FBgn0000492,Dr,CG1897,protein_coding,Drop
FBgn0052126,Pro-AGG-1-7,CR32126,tRNA,Proline-AGG 1-7
FBgn0037835,CG14687,CG14687,protein_coding,CG14687
FBgn0010235,Klc,CG5433,protein_coding,Kinesin light chain
FBgn0263494,CR43483,CR43483,pseudogene,CR43483
FBgn0030720,CG8939,CG8939,protein_coding,CG8939
FBgn0026143,Cdc45,CG3658,protein_coding,Cell division cycle 45
FBgn0260954,CG42586,CG42586,protein_coding,CG42586
FBgn0032096,Or30a,CG13106,protein_coding,Odorant receptor 30a
FBgn0025833,CG8910,CG8910,protein_coding,CG8910
FBgn0261396,Rpn3,CG42641,protein_coding,Regulatory particle non-ATPase 3
FBgn0264922,Sumo,CG4494,protein_coding,Small ubiquitin like modifier
FBgn0030224,CG12637,CG12637,protein_coding,CG12637
FBgn0267824,PRAS40,CG46146,protein_coding,Proline-rich Akt substrate 40 kDa
FBgn0052843,Dh31-R,CG32843,protein_coding,Diuretic hormone 31 Receptor
FBgn0036607,CG13059,CG13059,protein_coding,CG13059
FBgn0031977,baf,CG7380,protein_coding,barrier to autointegration factor
FBgn0085324,CG34295,CG34295,protein_coding,CG34295
FBgn0037722,CG8319,CG8319,protein_coding,CG8319
FBgn0015299,Ssb-c31a,CG8396,protein_coding,Single stranded-binding protein c31A
FBgn0035089,Phk-3,CG9358,protein_coding,Pherokine 3
FBgn0035316,CG15878,CG15878,protein_coding,CG15878
FBgn0050430,CG30430,CG30430,protein_coding,CG30430
FBgn0031016,kek5,CG12199,protein_coding,kekkon 5
FBgn0035077,CG9083,CG9083,protein_coding,CG9083
FBgn0013303,Nca,CG7641,protein_coding,Neurocalcin
FBgn0039718,CG15517,CG15517,protein_coding,CG15517
FBgn0036480,Cep135,CG17081,protein_coding,Centrosomal protein 135kDa
FBgn0265790,CR44579,CR44579,ncRNA,CR44579
FBgn0266891,CR45351,CR45351,ncRNA,CR45351
FBgn0032287,CG6415,CG6415,protein_coding,CG6415
FBgn0000489,Pka-C3,CG6117,protein_coding,"Protein kinase, cAMP-dependent, catalytic subunit 3"
FBgn0259171,Pde9,CG42276,protein_coding,Phosphodiesterase 9
FBgn0015509,Cul1,CG1877,protein_coding,Cullin 1
FBgn0035710,SP1173,CG10121,protein_coding,SP1173
FBgn0040236,c11.1,CG12132,protein_coding,c11.1
FBgn0032214,CG4968,CG4968,protein_coding,CG4968
FBgn0025692,Lfg,CG3814,protein_coding,Lifeguard
FBgn0036629,GluRS-m,CG4573,protein_coding,"Glutamyl-tRNA synthetase, mitochondrial"
FBgn0003137,Ppn,CG33103,protein_coding,Papilin
FBgn0266954,CR45405,CR45405,ncRNA,CR45405
FBgn0063384,54Eb,CR32890,snoRNA,54Eb
FBgn0054045,CG34045,CG34045,protein_coding,CG34045
FBgn0031129,CG1324,CG1324,protein_coding,CG1324
FBgn0267739,CR46070,CR46070,ncRNA,CR46070
FBgn0085211,RpS28-like,CG34182,protein_coding,Ribosomal protein S28-like
FBgn0004580,Cbp53E,CG6702,protein_coding,Calbindin 53E
FBgn0266049,CR44814,CR44814,ncRNA,CR44814
FBgn0031590,CG3702,CG3702,protein_coding,CG3702
FBgn0037541,CG2747,CG2747,protein_coding,CG2747
FBgn0036929,CG7668,CG7668,protein_coding,CG7668
FBgn0033712,mIF3,CG13163,protein_coding,mitochondrial translation initiation factor 3
FBgn0039349,Ssadh,CG4685,protein_coding,Succinic semialdehyde dehydrogenase
FBgn0039337,MED28,CG5121,protein_coding,Mediator complex subunit 28
FBgn0051053,nenya,CG31053,protein_coding,nenya
FBgn0000244,by,CG9379,protein_coding,blistery
FBgn0265868,CR44657,CR44657,ncRNA,CR44657
FBgn0036640,nxf2,CG4118,protein_coding,nuclear RNA export factor 2
FBgn0030752,Cdc50,CG9947,protein_coding,Cell division cycle 50
FBgn0267646,CR45984,CR45984,ncRNA,CR45984
FBgn0027091,CysRS,CG8431,protein_coding,Cysteinyl-tRNA synthetase
FBgn0262191,mir-2497,CR42898,ncRNA,mir-2497 stem loop
FBgn0031715,tomb,CG14016,protein_coding,tombola
FBgn0031564,CG2816,CG2816,protein_coding,CG2816
FBgn0266783,CR45248,CR45248,ncRNA,CR45248
FBgn0040823,dpr6,CG14162,protein_coding,defective proboscis extension response 6
FBgn0035360,CG1246,CG1246,protein_coding,CG1246
FBgn0267439,CR45789,CR45789,ncRNA,CR45789
FBgn0267259,CR45695,CR45695,ncRNA,CR45695
FBgn0039215,CG6695,CG6695,protein_coding,CG6695
FBgn0004430,LysS,CG1165,protein_coding,Lysozyme S
FBgn0265612,CR44430,CR44430,ncRNA,CR44430
FBgn0045473,Gr85a,CG31405,protein_coding,Gustatory receptor 85a
FBgn0026162,Lys-TTT-2-1,CR31490,tRNA,Lysine-TTT 2-1
FBgn0036024,CG18180,CG18180,protein_coding,CG18180
FBgn0037940,CG14720,CG14720,protein_coding,CG14720
FBgn0038087,beat-Va,CG10134,protein_coding,beaten path Va
FBgn0266988,CR45439,CR45439,ncRNA,CR45439
FBgn0039155,Kal1,CG6173,protein_coding,Kallmann syndrome 1
FBgn0010350,Cds,CG7962,protein_coding,CDP-diacylglycerol synthase
FBgn0040773,COX7C,CG2249,protein_coding,Cytochrome c oxidase subunit 7C
FBgn0042701,CR12628,CR12628,pseudogene,Microsomal glutathione S-transferase-like pseudogene
FBgn0003312,sad,CG14728,protein_coding,shadow
FBgn0015245,Hsp60A,CG12101,protein_coding,Heat shock protein 60A
FBgn0000636,Fas3,CG5803,protein_coding,Fasciclin 3
FBgn0033264,Nup50,CG2158,protein_coding,Nucleoporin 50kD
FBgn0015793,Rab19,CG7062,protein_coding,Rab19
FBgn0264787,CR44017,CR44017,ncRNA,CR44017
FBgn0033820,CG4716,CG4716,protein_coding,CG4716
FBgn0265717,CR44524,CR44524,ncRNA,CR44524
FBgn0036690,Ilp8,CG14059,protein_coding,Insulin-like peptide 8
FBgn0266956,CR45407,CR45407,ncRNA,CR45407
FBgn0053903,CG33903,CG33903,protein_coding,CG33903
FBgn0038978,tHMG1,CG7045,protein_coding,testis-enriched HMG-box-containing protein 1
FBgn0034346,PIG-O,CG12263,protein_coding,Phosphatidylinositol glycan anchor biosynthesis class O
FBgn0032435,Oatp33Eb,CG6417,protein_coding,Organic anion transporting polypeptide 33Eb
FBgn0028717,Lnk,CG17367,protein_coding,Lnk
FBgn0035091,CG3829,CG3829,protein_coding,CG3829
FBgn0261445,sgl,CG10072,protein_coding,sugarless
FBgn0029114,Tollo,CG6890,protein_coding,Tollo
FBgn0051164,Ir94a,CG31164,protein_coding,Ionotropic receptor 94a
FBgn0262838,BomT1,CG43202,protein_coding,Bomanin Tailed 1
FBgn0263616,CR43625,CR43625,ncRNA,CR43625
FBgn0029706,CG3626,CG3626,protein_coding,CG3626
FBgn0265934,CR44723,CR44723,ncRNA,CR44723
FBgn0046687,Tre1,CG3171,protein_coding,Trapped in endoderm 1
FBgn0025336,CG4882,CG4882,protein_coding,CG4882
FBgn0033381,GstE13,CG11784,protein_coding,Glutathione S transferase E13
FBgn0041171,ago,CG15010,protein_coding,archipelago
FBgn0266321,CR44986,CR44986,ncRNA,CR44986
FBgn0003741,tra,CG16724,protein_coding,transformer
FBgn0265831,CR44620,CR44620,ncRNA,CR44620
FBgn0263455,CR43478,CR43478,ncRNA,CR43478
FBgn0038876,Idi,CG5919,protein_coding,Isopentenyl-diphosphate delta isomerase
FBgn0033672,rho-7,CG8972,protein_coding,rhomboid-7
FBgn0051889,Asp-GTC-1-7,CR31889,tRNA,Aspartic acid-GTC 1-7
FBgn0266911,CR45371,CR45371,ncRNA,CR45371
FBgn0263993,CG43736,CG43736,protein_coding,CG43736
FBgn0001148,gsb,CG3388,protein_coding,gooseberry
FBgn0037254,sac,CG14651,protein_coding,sterile affecting ciliogenesis
FBgn0262403,mir-278,CR42945,ncRNA,mir-278 stem loop
FBgn0052650,CG32650,CG32650,protein_coding,CG32650
FBgn0032163,TbCMF46,CG13125,protein_coding,TbCMF46
FBgn0052546,Pro-CGG-2-1,CR32546,tRNA,Proline-CGG 2-1
FBgn0266197,CR44892,CR44892,ncRNA,CR44892
FBgn0267230,CR45670,CR45670,ncRNA,CR45670
FBgn0265304,CR44277,CR44277,ncRNA,CR44277
FBgn0086347,Myo31DF,CG7438,protein_coding,Myosin 31DF
FBgn0265700,CR44507,CR44507,ncRNA,CR44507
FBgn0267312,CR45748,CR45748,ncRNA,CR45748
FBgn0031077,THADA,CG15618,protein_coding,THADA
FBgn0051481,pb,CG31481,protein_coding,proboscipedia
FBgn0264477,CR43885,CR43885,ncRNA,CR43885
FBgn0085664,CR41519,CR41519,pseudogene,CR41519
FBgn0031379,CG7289,CG7289,protein_coding,CG7289
FBgn0033050,Pngl,CG7865,protein_coding,PNGase-like
FBgn0034853,Ice1,CG13550,protein_coding,Interacts with the C terminus of ELL 1
FBgn0041183,Tep1,CG18096,protein_coding,Thioester-containing protein 1
FBgn0000018,abo,CG6093,protein_coding,abnormal oocyte
FBgn0265631,CG44438,CG44438,protein_coding,CG44438
FBgn0037680,pasi2,CG8121,protein_coding,pasiflora 2
FBgn0086712,Egm,CG9006,protein_coding,Enigma
FBgn0037179,CG14453,CG14453,protein_coding,CG14453
FBgn0042110,CG18765,CG18765,protein_coding,CG18765
FBgn0035678,CG10469,CG10469,protein_coding,CG10469
FBgn0266964,CR45415,CR45415,ncRNA,CR45415
FBgn0266710,hog,CG32595,protein_coding,hog
FBgn0039283,danr,CG13651,protein_coding,distal antenna-related
FBgn0052536,CG32536,CG32536,protein_coding,CG32536
FBgn0015527,peng,CG1685,protein_coding,penguin
FBgn0053958,CG33958,CG33958,protein_coding,CG33958
FBgn0262900,CG43255,CG43255,protein_coding,CG43255
FBgn0000182,BicC,CG4824,protein_coding,Bicaudal C
FBgn0032052,PIG-U,CG13089,protein_coding,Phosphatidylinositol glycan anchor biosynthesis class U
FBgn0263979,Caf1-55,CG4236,protein_coding,"Chromatin assembly factor 1, p55 subunit"
FBgn0050099,CG30099,CG30099,protein_coding,CG30099
FBgn0050159,CG30159,CG30159,protein_coding,CG30159
FBgn0038564,CG7785,CG7785,protein_coding,CG7785
FBgn0267954,CR46234,CR46234,ncRNA,CR46234
FBgn0013759,CASK,CG6703,protein_coding,CASK
FBgn0266050,CG44815,CG44815,protein_coding,CG44815
FBgn0262987,CG43295,CG43295,protein_coding,CG43295
FBgn0036876,CG9451,CG9451,protein_coding,CG9451
FBgn0037042,CG12984,CG12984,protein_coding,CG12984
FBgn0039523,CG12885,CG12885,protein_coding,CG12885
FBgn0030395,Mks1,CG15730,protein_coding,"Meckel syndrome, type 1"
FBgn0005674,GluProRS,CG5394,protein_coding,Glutamyl-prolyl-tRNA synthetase
FBgn0030874,Spt7,CG6506,protein_coding,Spt7
FBgn0029856,CG11700,CG11700,protein_coding,CG11700
FBgn0026399,Or85e,CG9700,protein_coding,Odorant receptor 85e
FBgn0083053,Psi18S-1347b,CR34545,snoRNA,Psi18S-1347b
FBgn0085444,mute,CG34415,protein_coding,muscle wasted
FBgn0024945,NitFhit,CG7067,protein_coding,Nitrilase and fragile histidine triad fusion protein
FBgn0040736,BomS3,CG16844,protein_coding,Bomanin Short 3
FBgn0052529,Hers,CG32529,protein_coding,Histone gene-specific Epigenetic Repressor in late S phase
FBgn0038601,Polr1E,CG18600,protein_coding,RNA polymerase I subunit E
FBgn0069354,Porin2,CG17137,protein_coding,Porin2
FBgn0283438,CG46280,CG46280,protein_coding,CG46280
FBgn0051752,CG31752,CG31752,protein_coding,CG31752
FBgn0052282,Drsl4,CG32282,protein_coding,Drosomycin-like 4
FBgn0052570,TwdlY,CG32570,protein_coding,TweedleY
FBgn0024987,ssx,CG3056,protein_coding,sister-of-Sex-lethal
FBgn0010053,Jheh1,CG15101,protein_coding,Juvenile hormone epoxide hydrolase 1
FBgn0051562,CR31562,CR31562,pseudogene,CR31562
FBgn0027584,CG4757,CG4757,protein_coding,CG4757
FBgn0261261,plx,CG42612,protein_coding,pollux
FBgn0266208,CR44903,CR44903,ncRNA,CR44903
FBgn0051473,CG31473,CG31473,protein_coding,CG31473
FBgn0267711,CR46044,CR46044,ncRNA,CR46044
FBgn0051259,CG31259,CG31259,protein_coding,CG31259
FBgn0030339,Cyp28c1,CG1895,protein_coding,Cytochrome P450 28c1
FBgn0085235,CG34206,CG34206,protein_coding,CG34206
FBgn0002283,l(3)73Ah,CG4195,protein_coding,lethal (3) 73Ah
FBgn0266264,CR44959,CR44959,ncRNA,CR44959
FBgn0011592,fra,CG8581,protein_coding,frazzled
FBgn0250838,roh,CG30415,protein_coding,reduction of Rh1
FBgn0267866,CR46154,CR46154,pseudogene,CR46154
FBgn0036987,CG5274,CG5274,protein_coding,CG5274
FBgn0262789,CR43170,CR43170,pseudogene,CR43170
FBgn0052034,Thr-AGT-3-1Psi,CR32034,pseudogene,Threonine-AGT 3-1 pseudogene
FBgn0037026,CG3634,CG3634,protein_coding,CG3634
FBgn0266983,CR45434,CR45434,ncRNA,CR45434
FBgn0265041,CG44158,CG44158,protein_coding,CG44158
FBgn0267650,pre-mod(mdg4)-AA,CG45988,protein_coding,CG45988
FBgn0087040,alphaTub67C,CG8308,protein_coding,alpha-Tubulin at 67C
FBgn0026056,Rlip,CG11622,protein_coding,Ral interacting protein
FBgn0040507,ACXD,CG5712,protein_coding,Adenylyl cyclase X D
FBgn0031676,senju,CG14040,protein_coding,senju
FBgn0030081,CG7246,CG7246,protein_coding,CG7246
FBgn0038732,Acsx2,CG11391,protein_coding,Acyl-CoA synthetase X2
FBgn0267748,CR46079,CR46079,ncRNA,CR46079
FBgn0085599,CG41284,CG41284,protein_coding,CG41284
FBgn0264298,CG43776,CG43776,protein_coding,CG43776
FBgn0264376,CR43828,CR43828,ncRNA,CR43828
FBgn0001263,inaD,CG3504,protein_coding,inactivation no afterpotential D
FBgn0039518,CG13978,CG13978,protein_coding,CG13978
FBgn0031975,Tg,CG7356,protein_coding,Transglutaminase
FBgn0031001,CG7884,CG7884,protein_coding,CG7884
FBgn0267140,CR45580,CR45580,ncRNA,CR45580
FBgn0286920,CR46420,CR46420,pseudogene,CR46420
FBgn0053647,CG33647,CG33647,protein_coding,CG33647
FBgn0250815,Jon65Aiv,CG6467,protein_coding,Jonah 65Aiv
FBgn0016977,spen,CG18497,protein_coding,split ends
FBgn0020647,KrT95D,CG5405,protein_coding,Krueppel target at 95D
FBgn0039560,BOD1,CG5514,protein_coding,Biorientation Defective 1
FBgn0031227,Pus10,CG3709,protein_coding,Pseudouridine synthase 10
FBgn0032609,CG13280,CG13280,protein_coding,CG13280
FBgn0003683,term,CG4216,protein_coding,terminus
FBgn0000482,dor,CG3093,protein_coding,deep orange
FBgn0026679,IntS4,CG12113,protein_coding,Integrator 4
FBgn0267558,CR45898,CR45898,ncRNA,CR45898
FBgn0037447,Neurochondrin,CG2330,protein_coding,Neurochondrin
FBgn0051206,CG31206,CG31206,protein_coding,CG31206
FBgn0039141,spas,CG5977,protein_coding,spastin
FBgn0039150,CG13605,CG13605,protein_coding,CG13605
FBgn0261524,lic,CG12244,protein_coding,licorne
FBgn0033846,mip120,CG6061,protein_coding,Myb-interacting protein 120
FBgn0003227,rec,CG31293,protein_coding,recombination-defective
FBgn0033404,Or45a,CG1978,protein_coding,Odorant receptor 45a
FBgn0036905,Vtld,CG14101,protein_coding,Viral tegument-like deubiquitinase
FBgn0051548,CG31548,CG31548,protein_coding,CG31548
FBgn0051973,Cda5,CG31973,protein_coding,Chitin deacetylase-like 5
FBgn0036994,CG5199,CG5199,protein_coding,CG5199
FBgn0020508,Ag5r2,CG9540,protein_coding,Antigen 5-related 2
FBgn0025741,PlexA,CG11081,protein_coding,Plexin A
FBgn0005671,Vha55,CG17369,protein_coding,Vacuolar H[+]-ATPase 55kD subunit
FBgn0267747,CR46078,CR46078,ncRNA,CR46078
FBgn0031422,PIG-Wa,CG9870,protein_coding,Phosphatidylinositol glycan anchor biosynthesis class W a
FBgn0082934,Me28S-G1083b,CR34563,snoRNA,Me28S-G1083b
FBgn0032296,CG6729,CG6729,protein_coding,CG6729
FBgn0004397,Vinc,CG3299,protein_coding,Vinculin
FBgn0267272,CR45708,CR45708,ncRNA,CR45708
FBgn0038859,Obp93a,CG17284,protein_coding,Odorant-binding protein 93a
FBgn0086900,Cpr65Ax1,CG34270,protein_coding,Cuticular protein 65Ax1
FBgn0036484,Pex3,CG6859,protein_coding,Peroxin 3
FBgn0028647,CG11902,CG11902,protein_coding,CG11902
FBgn0039045,Ctns,CG17119,protein_coding,Cystinosin
FBgn0053339,CG33339,CG33339,protein_coding,CG33339
FBgn0263036,CG43331,CG43331,protein_coding,CG43331
FBgn0030514,Mrgn1,CG9941,protein_coding,Mahogunin ring finger 1
FBgn0031623,Taf12L,CG15632,protein_coding,TBP-associated factor 30kD subunit alpha-2
FBgn0039007,CCAP,CG4910,protein_coding,Crustacean cardioactive peptide
FBgn0267158,CR45598,CR45598,ncRNA,CR45598
FBgn0053792,CG33792,CG33792,protein_coding,CG33792
FBgn0053928,CG33928,CG33928,protein_coding,CG33928
FBgn0052238,TTLL1B,CG32238,protein_coding,Tubulin tyrosine ligase-like 1B
FBgn0050343,Tsen15,CG30343,protein_coding,tRNA splicing endonuclease subunit 15
FBgn0260049,flr,CG10724,protein_coding,flare
FBgn0011802,Gem3,CG6539,protein_coding,Gemin 3
FBgn0058354,CR40354,CR40354,pseudogene,CR40354
FBgn0287645,ccb,CG14579,protein_coding,central complex broad
FBgn0267295,CR45731,CR45731,ncRNA,CR45731
FBgn0264566,CG43938,CG43938,protein_coding,CG43938
FBgn0039369,CG17195,CG17195,protein_coding,CG17195
FBgn0038307,mRpS10,CG4247,protein_coding,mitochondrial ribosomal protein S10
FBgn0042106,CG18754,CG18754,protein_coding,CG18754
FBgn0035204,Nt5a,CG2277,protein_coding,5' nucleotidase A
FBgn0028737,eEF1beta,CG6341,protein_coding,eukaryotic translation elongation factor 1 beta
FBgn0052206,CG32206,CG32206,protein_coding,CG32206
FBgn0267666,CR46004,CR46004,ncRNA,CR46004
FBgn0025625,Sik2,CG4290,protein_coding,Salt-inducible kinase 2
FBgn0050151,CG30151,CG30151,protein_coding,CG30151
FBgn0035046,ND-19,CG3683,protein_coding,NADH dehydrogenase (ubiquinone) 19 kDa subunit
FBgn0261823,Asx,CG8787,protein_coding,Additional sex combs
FBgn0050269,CG30269,CG30269,protein_coding,CG30269
FBgn0029657,CG12535,CG12535,protein_coding,CG12535
FBgn0004087,Dhfr,CG14887,protein_coding,Dihydrofolate reductase
FBgn0039685,Obp99b,CG7592,protein_coding,Odorant-binding protein 99b
FBgn0267451,CR45801,CR45801,ncRNA,CR45801
FBgn0039470,CG6296,CG6296,protein_coding,CG6296
FBgn0004425,LysB,CG1179,protein_coding,Lysozyme B
FBgn0034997,CG3376,CG3376,protein_coding,CG3376
FBgn0263472,9445205,CR43587,snoRNA,CR43587
FBgn0050169,Brca2,CG30169,protein_coding,"BRCA2, DNA repair associated"
FBgn0028978,trbl,CG5408,protein_coding,tribbles
FBgn0037996,CG4830,CG4830,protein_coding,CG4830
FBgn0004389,bnk,CG1480,protein_coding,bottleneck
FBgn0264517,CR43916,CR43916,ncRNA,CR43916
FBgn0032618,CG31743,CG31743,protein_coding,CG31743
FBgn0032734,CG15169,CG15169,protein_coding,CG15169
FBgn0288888,tx,CG5441,protein_coding,taxi
FBgn0267579,CR45919,CR45919,ncRNA,CR45919
FBgn0036858,CG14088,CG14088,protein_coding,CG14088
FBgn0014865,Mtk,CG8175,protein_coding,Metchnikowin
FBgn0037230,Nepl11,CG9780,protein_coding,Neprilysin-like 11
FBgn0266750,CR45223,CR45223,ncRNA,CR45223
FBgn0030614,CG9072,CG9072,protein_coding,CG9072
FBgn0053977,Dpm3,CG33977,protein_coding,Dolichyl-phosphate mannosyltransferase subunit 3
FBgn0037383,Sec20,CG2023,protein_coding,Secretory 20
FBgn0052252,CR32252,CR32252,ncRNA,CR32252
FBgn0025616,CG13359,CG13359,protein_coding,CG13359
FBgn0266366,CR45014,CR45014,ncRNA,CR45014
FBgn0287216,CR46446,CR46446,ncRNA,CR46446
FBgn0033216,CG1946,CG1946,protein_coding,CG1946
FBgn0004647,N,CG3936,protein_coding,Notch
FBgn0032420,CG6583,CG6583,protein_coding,CG6583
FBgn0052009,CR32009,CR32009,pseudogene,CR32009
FBgn0264509,CR43908,CR43908,ncRNA,CR43908
FBgn0052683,CG32683,CG32683,protein_coding,CG32683
FBgn0034924,CG17658,CG17658,protein_coding,CG17658
FBgn0035168,Cep290,CG13889,protein_coding,Centrosomal protein 290kDa
FBgn0015402,ksr,CG2899,protein_coding,kinase suppressor of ras
FBgn0264995,CR44146,CR44146,ncRNA,CR44146
FBgn0259951,Sfp24Ba,CG42461,protein_coding,Seminal fluid protein 24Ba
FBgn0266143,CR44849,CR44849,ncRNA,CR44849
FBgn0065096,359,CR33712,ncRNA,small non-coding RNA 359
FBgn0266776,CR45241,CR45241,ncRNA,CR45241
FBgn0040503,CG7763,CG7763,protein_coding,CG7763
FBgn0038421,CG17931,CG17931,protein_coding,CG17931
FBgn0051717,CG31717,CG31717,protein_coding,CG31717
FBgn0263519,mir-4964,CR43504,ncRNA,mir-4964 stem loop
FBgn0022764,Sin3A,CG8815,protein_coding,Sin3A
FBgn0015522,olf186-M,CG14489,protein_coding,olf186-M
FBgn0033389,Rad51D,CG2412,protein_coding,Rad51 recombinase D
FBgn0025679,Klf15,CG2932,protein_coding,Kruppel-like factor 15
FBgn0039068,Pex11c,CG13827,protein_coding,Peroxin 11c
FBgn0030334,Karl,CG4139,protein_coding,Karl
FBgn0035475,CG10866,CG10866,protein_coding,CG10866
FBgn0034568,CG3216,CG3216,protein_coding,CG3216
FBgn0035604,Ir64a,CG10633,protein_coding,Ionotropic receptor 64a
FBgn0262882,CG43237,CG43237,protein_coding,CG43237
FBgn0032856,CG16798,CG16798,protein_coding,CG16798
FBgn0261800,LanB1,CG7123,protein_coding,LanB1
FBgn0034428,AANATL6,CG18606,protein_coding,Arylalkylamine N-acetyltransferase-like 6
FBgn0266382,CR45024,CR45024,ncRNA,CR45024
FBgn0039783,PH4alphaNE2,CG9720,protein_coding,prolyl-4-hydroxylase-alpha NE2
FBgn0033653,CG13192,CG13192,protein_coding,CG13192
FBgn0265374,CR44315,CR44315,ncRNA,CR44315
FBgn0030012,CG18262,CG18262,protein_coding,CG18262
FBgn0263527,mir-4908,CR43512,ncRNA,mir-4908 stem loop
FBgn0039799,CG15543,CG15543,protein_coding,CG15543
FBgn0042085,Bap170,CG3274,protein_coding,Brahma associated protein 170kD
FBgn0286198,LKRSDH,CG7144,protein_coding,Lysine ketoglutarate reductase/saccharopine dehydrogenase
FBgn0001186,Hex-A,CG3001,protein_coding,Hexokinase A
FBgn0036236,CG6931,CG6931,protein_coding,CG6931
FBgn0025814,Mgstl,CG1742,protein_coding,Microsomal glutathione S-transferase-like
FBgn0033793,CG3955,CG3955,protein_coding,CG3955
FBgn0038878,CG3301,CG3301,protein_coding,CG3301
FBgn0033287,CG8701,CG8701,protein_coding,CG8701
FBgn0267001,Ten-a,CG42338,protein_coding,Tenascin accessory
FBgn0011832,Ser12,CG17240,protein_coding,Serine protease 12
FBgn0259839,CR42408,CR42408,ncRNA,CR42408
FBgn0260450,CalpC,CG3692,protein_coding,Calpain C
FBgn0033569,CG12942,CG12942,protein_coding,CG12942
FBgn0034681,CG9308,CG9308,protein_coding,CG9308
FBgn0267424,CR45777,CR45777,pseudogene,CR45777
FBgn0037860,SdhCL,CG6629,protein_coding,"Succinate dehydrogenase, subunit C-like"
FBgn0267314,CR45750,CR45750,ncRNA,CR45750
FBgn0003274,RpLP2,CG4918,protein_coding,Ribosomal protein LP2
FBgn0039187,CG6454,CG6454,protein_coding,CG6454
FBgn0086704,stops,CG31006,protein_coding,slow termination of phototransduction
FBgn0082582,tmod,CG1539,protein_coding,tropomodulin
FBgn0033330,CG8746,CG8746,protein_coding,CG8746
FBgn0261704,CG42740,CG42740,protein_coding,CG42740
FBgn0035142,Hipk,CG17090,protein_coding,Homeodomain interacting protein kinase
FBgn0036333,MICAL-like,CG11259,protein_coding,MICAL-like
FBgn0262636,dati,CG2052,protein_coding,datilografo
FBgn0004034,y,CG3757,protein_coding,yellow
FBgn0261837,pre-mod(mdg4)-T,CG42769,protein_coding,CG42769
FBgn0033686,Hen1,CG12367,protein_coding,Hen1 methyltransferase
FBgn0265947,CR44734,CR44734,ncRNA,CR44734
FBgn0085259,CG34230,CG34230,protein_coding,CG34230
FBgn0034072,Dg,CG18250,protein_coding,Dystroglycan
FBgn0267139,CR45579,CR45579,ncRNA,CR45579
FBgn0262297,mir-2496,CR43004,ncRNA,mir-2496 stem loop
FBgn0034262,swi2,CG14485,protein_coding,swi2
FBgn0034688,CG11474,CG11474,protein_coding,CG11474
FBgn0031697,CG14024,CG14024,protein_coding,CG14024
FBgn0002570,Mal-A1,CG8696,protein_coding,Maltase A1
FBgn0053243,CG33243,CG33243,protein_coding,CG33243
FBgn0021760,chb,CG32435,protein_coding,chromosome bows
FBgn0029681,CG15239,CG15239,protein_coding,CG15239
FBgn0052117,CG32117,CG32117,protein_coding,CG32117
FBgn0287724,Ca-beta,CG42403,protein_coding,Ca2+-channel-protein-beta-subunit
FBgn0262575,CG43115,CG43115,protein_coding,CG43115
FBgn0051357,Kaz,CG31357,protein_coding,Katazuke
FBgn0265584,CR44411,CR44411,ncRNA,CR44411
FBgn0250839,Jhbp2,CG2016,protein_coding,Juvenile hormone binding protein 2
FBgn0031997,PGAP5,CG8455,protein_coding,Post-GPI attachment to proteins 5
FBgn0030441,CG2209,CG2209,protein_coding,CG2209
FBgn0035785,ppk26,CG8546,protein_coding,pickpocket 26
FBgn0285952,eEF5,CG3186,protein_coding,eukaryotic translation elongation factor 5
FBgn0267277,CR45713,CR45713,ncRNA,CR45713
FBgn0037517,CG10086,CG10086,protein_coding,CG10086
FBgn0050491,CG30491,CG30491,protein_coding,CG30491
FBgn0031304,TBC1D23,CG4552,protein_coding,TBC1 domain family member 23
FBgn0030859,CG12990,CG12990,protein_coding,CG12990
FBgn0011739,wts,CG12072,protein_coding,warts
FBgn0039163,CG5515,CG5515,protein_coding,CG5515
FBgn0266174,pre-mod(mdg4)-L,CG44880,protein_coding,CG44880
FBgn0037855,CG6621,CG6621,protein_coding,CG6621
FBgn0037788,CAH7,CG3940,protein_coding,Carbonic anhydrase 7
FBgn0031729,CG12511,CG12511,protein_coding,CG12511
FBgn0031128,hydra,CG1338,protein_coding,hydra
FBgn0050218,iMet-CAT-1-2,CR30218,tRNA,initiator Methionine-CAT 1-2
FBgn0053929,CR33929,CR33929,pseudogene,CR33929
FBgn0083988,Me28S-C3420a,CR34152,snoRNA,Me28S-C3420a
FBgn0053420,CR33420,CR33420,rRNA,CR33420
FBgn0027537,Nup93-1,CG11092,protein_coding,Nucleoporin 93kD-1
FBgn0053721,CG33721,CG33721,protein_coding,CG33721
FBgn0267661,CR45999,CR45999,ncRNA,CR45999
FBgn0085227,CG34198,CG34198,protein_coding,CG34198
FBgn0031450,Hrs,CG2903,protein_coding,Hepatocyte growth factor regulated tyrosine kinase substrate
FBgn0262741,CR43126,CR43126,ncRNA,CR43126
FBgn0267455,CR45805,CR45805,ncRNA,CR45805
FBgn0037615,CG11760,CG11760,protein_coding,CG11760
FBgn0283561,mir-9374,CR46295,ncRNA,mir-9374 stem loop
FBgn0039237,CG13640,CG13640,protein_coding,CG13640
FBgn0267697,CR46033,CR46033,ncRNA,CR46033
FBgn0030530,jub,CG11063,protein_coding,Ajuba LIM protein
FBgn0085371,CG34342,CG34342,protein_coding,CG34342
FBgn0260475,CG30059,CG30059,protein_coding,CG30059
FBgn0050241,Leu-AAG-1-1,CR30241,tRNA,Leucine-AAG 1-1
FBgn0036916,Mtr3,CG8025,protein_coding,Mtr3
FBgn0036916,Mtr3,FBtr0074918,protein_coding,Mtr3
FBgn0036916,Mtr3,FBpp0074687,protein_coding,Mtr3
FBgn0262689,CR43159,CR43159,ncRNA,CR43159
FBgn0033427,Smyd4-1,CG1868,protein_coding,"SET and MYND domain containing, class 4, member 1"
FBgn0029975,spidey,CG1444,protein_coding,spidey
FBgn0267059,CR45503,CR45503,ncRNA,CR45503
FBgn0085342,CG34313,CG34313,protein_coding,CG34313
FBgn0031491,alpha4GT1,CG17223,protein_coding,"alpha1,4-galactosyltransferase 1"
FBgn0082941,Me28S-A992,CR34538,snoRNA,Me28S-A992
FBgn0031258,CG4297,CG4297,protein_coding,CG4297
FBgn0036500,CG7275,CG7275,protein_coding,CG7275
FBgn0040045,CR12460,CR12460,pseudogene,CR12460
FBgn0266991,CR45442,CR45442,ncRNA,CR45442
FBgn0264550,CR43929,CR43929,ncRNA,CR43929
FBgn0029522,CG13373,CG13373,protein_coding,CG13373
FBgn0264906,CR44097,CR44097,ncRNA,CR44097
FBgn0039851,mey,CG12063,protein_coding,morpheyus
FBgn0266840,CR45302,CR45302,ncRNA,CR45302
FBgn0038766,CG4854,CG4854,protein_coding,CG4854
FBgn0265301,CR44274,CR44274,ncRNA,CR44274
FBgn0033250,CG14762,CG14762,protein_coding,CG14762
FBgn0032731,Swip-1,CG10641,protein_coding,Swiprosin-1
FBgn0262732,mbf1,CG4143,protein_coding,multiprotein bridging factor 1
FBgn0267029,CR45473,CR45473,ncRNA,CR45473
FBgn0286038,CR46360,CR46360,ncRNA,stable intronic sequence RNA CR46360
FBgn0032211,CG13138,CG13138,protein_coding,CG13138
FBgn0025739,pon,CG3346,protein_coding,partner of numb
FBgn0003357,Jon99Ciii,CG31362,protein_coding,Jonah 99Ciii
FBgn0265813,CR44602,CR44602,ncRNA,CR44602
FBgn0028880,CG15256,CG15256,protein_coding,CG15256
FBgn0286785,scb,CG8095,protein_coding,scab
FBgn0267211,CR45651,CR45651,ncRNA,CR45651
FBgn0287209,Gfat1,CG12449,protein_coding,fructose-6-phosphate aminotransferase 1
FBgn0034365,CG5335,CG5335,protein_coding,CG5335
FBgn0265017,CR43751,CR43751,ncRNA,CR43751
FBgn0267431,Myo81F,CG45784,protein_coding,Myosin 81F
FBgn0019890,Smg5,CG8954,protein_coding,Smg5 nonsense mediated mRNA decay factor
FBgn0033727,Or49a,CG13158,protein_coding,Odorant receptor 49a
FBgn0250817,CR40465,CR40465,ncRNA,CR40465
FBgn0267297,CR45733,CR45733,ncRNA,CR45733
FBgn0267235,CR45675,CR45675,ncRNA,CR45675
FBgn0036300,Pmm2,CG10688,protein_coding,Phosphomannomutase type 2
FBgn0267068,CR45512,CR45512,ncRNA,CR45512
FBgn0046685,Wsck,CG31127,protein_coding,Wsck
FBgn0063083,CR33948,CR33948,ncRNA,CR33948
FBgn0286739,Me28S-C993,CR46381,ncRNA,Me28S-C993
FBgn0262000,CG42818,CG42818,protein_coding,CG42818
FBgn0037408,NPFR,CG1147,protein_coding,Neuropeptide F receptor
FBgn0267408,AOX1,CG18522,protein_coding,Aldehyde oxidase 1
FBgn0010399,Nmdar1,CG2902,protein_coding,NMDA receptor 1
FBgn0033169,CG11123,CG11123,protein_coding,CG11123
FBgn0033645,CG13196,CG13196,protein_coding,CG13196
FBgn0032881,Amacr,CG9319,protein_coding,Alpha-methylacyl-CoA racemase
FBgn0004168,5-HT1A,CG16720,protein_coding,5-hydroxytryptamine (serotonin) receptor 1A
FBgn0035554,CG13721,CG13721,protein_coding,CG13721
FBgn0034477,CG13872,CG13872,protein_coding,CG13872
FBgn0085285,CG34256,CG34256,protein_coding,CG34256
FBgn0032732,EMC5,CG15168,protein_coding,ER membrane protein complex subunit 5
FBgn0003396,shn,CG7734,protein_coding,schnurri
FBgn0265081,CR44192,CR44192,ncRNA,CR44192
FBgn0032452,CG15484,CG15484,protein_coding,CG15484
FBgn0035120,wac,CG13879,protein_coding,wee Augmin
FBgn0010042,GstD6,CG4423,protein_coding,Glutathione S transferase D6
FBgn0034870,CG13559,CG13559,protein_coding,CG13559
FBgn0083120,Uhg8,CR42454,ncRNA,U snoRNA host gene 8
FBgn0053856,CG33856,CG33856,protein_coding,CG33856
FBgn0266157,CR44863,CR44863,ncRNA,CR44863
FBgn0015805,HDAC1,CG7471,protein_coding,Histone deacetylase 1
FBgn0038037,Cyp9f2,CG11466,protein_coding,Cytochrome P450 9f2
FBgn0039033,Or94a,CG17241,protein_coding,Odorant receptor 94a
FBgn0053648,CG33648,CG33648,protein_coding,CG33648
FBgn0035150,Rev1,CG12189,protein_coding,DNA polymerase Rev1
FBgn0000157,Dll,CG3629,protein_coding,Distal-less
FBgn0030685,Graf,CG8948,protein_coding,GTPase regulator associated with FAK
FBgn0054031,CG34031,CG34031,protein_coding,CG34031
FBgn0000084,AnxB10,CG9579,protein_coding,Annexin B10
FBgn0037755,CG12945,CG12945,protein_coding,CG12945
FBgn0082970,Psi28S-3316c,CR34550,snoRNA,Psi28S-3316c
FBgn0038337,CG6125,CG6125,protein_coding,CG6125
FBgn0030499,CG11178,CG11178,protein_coding,CG11178
FBgn0261633,CG42716,CG42716,protein_coding,CG42716
FBgn0286030,CR46350,CR46350,ncRNA,CR46350
FBgn0267061,CR45505,CR45505,ncRNA,CR45505
FBgn0261792,snRNP-U1-C,CG5454,protein_coding,small ribonucleoprotein particle U1 subunit C
FBgn0261587,CG42697,CG42697,protein_coding,CG42697
FBgn0266986,CR45437,CR45437,ncRNA,CR45437
FBgn0039195,CG17782,CG17782,protein_coding,CG17782
FBgn0002526,LanA,CG10236,protein_coding,Laminin A
FBgn0039250,Mink,CG11120,protein_coding,Mitotic spindle and nuclear protein
FBgn0265979,CR44758,CR44758,ncRNA,CR44758
FBgn0035427,ckd,CG14959,protein_coding,cracked
FBgn0046247,CG5938,CG5938,protein_coding,CG5938
FBgn0039830,ATPsynC,CG1746,protein_coding,"ATP synthase, subunit C"
FBgn0032585,Nepl8,CG4580,protein_coding,Neprilysin-like 8
FBgn0038774,CG5023,CG5023,protein_coding,CG5023
FBgn0266348,CR44997,CR44997,ncRNA,CR44997
FBgn0004055,uzip,CG3533,protein_coding,unzipped
FBgn0262616,CR43142,CR43142,pseudogene,CR43142
FBgn0004898,fd96Cb,CG11922,protein_coding,forkhead domain 96Cb
FBgn0031452,Cwc25,CG2843,protein_coding,Cwc25
FBgn0040993,CG17325,CG17325,protein_coding,CG17325
FBgn0267025,CR45469,CR45469,ncRNA,CR45469
FBgn0085434,NaCP60E,CG34405,protein_coding,Na channel protein 60E
FBgn0036376,Liprin-beta,CG10743,protein_coding,Liprin-beta
FBgn0039923,MED26,CG1793,protein_coding,Mediator complex subunit 26
FBgn0052774,Muc4B,CG32774,protein_coding,Mucin 4B
FBgn0030186,CG2962,CG2962,protein_coding,CG2962
FBgn0264468,CR43876,CR43876,ncRNA,CR43876
FBgn0036160,CG12289,CG12289,protein_coding,CG12289
FBgn0085523,CR40820,CR40820,ncRNA,CR40820
FBgn0262569,CG43109,CG43109,protein_coding,CG43109
FBgn0026577,CG8677,CG8677,protein_coding,CG8677
FBgn0051019,CG31019,CG31019,protein_coding,CG31019
FBgn0035971,CG4477,CG4477,protein_coding,CG4477
FBgn0261838,pre-mod(mdg4)-Z,CG42770,protein_coding,CG42770
FBgn0037617,nom,CG8145,protein_coding,numerous disordered muscles
FBgn0051174,CG31174,CG31174,protein_coding,CG31174
FBgn0040763,CG18336,CG18336,protein_coding,CG18336
FBgn0034858,eIF2Bdelta,CG10315,protein_coding,eukaryotic translation initiation factor 2B subunit delta
FBgn0051075,CG31075,CG31075,protein_coding,CG31075
FBgn0031116,CG1695,CG1695,protein_coding,CG1695
FBgn0038655,CG14297,CG14297,protein_coding,CG14297
FBgn0002985,odd,CG3851,protein_coding,odd skipped
FBgn0038596,CG14312,CG14312,protein_coding,CG14312
FBgn0033401,Cog6,CG1968,protein_coding,Component of oligomeric golgi complex 6
FBgn0026575,hang,CG32575,protein_coding,hangover
FBgn0034314,nopo,CG5140,protein_coding,no poles
FBgn0031426,CG18641,CG18641,protein_coding,CG18641
FBgn0030164,CG1889,CG1889,protein_coding,CG1889
FBgn0287597,CG46466,CG46466,protein_coding,CG46466
FBgn0008646,E5,CG9930,protein_coding,E5
FBgn0011554,etaTry,CG12386,protein_coding,etaTrypsin
FBgn0039965,Coa7,CG13865,protein_coding,Cytochrome c oxidase assembly factor 7
FBgn0029768,SPR,CG16752,protein_coding,Sex peptide receptor
FBgn0035088,CG3776,CG3776,protein_coding,CG3776
FBgn0283557,mir-9385,CR46291,ncRNA,mir-9385 stem loop
FBgn0034011,CG8160,CG8160,protein_coding,CG8160
FBgn0043575,PGRP-SC2,CG14745,protein_coding,Peptidoglycan recognition protein SC2
FBgn0085210,CG34181,CG34181,protein_coding,CG34181
FBgn0267457,CR45807,CR45807,ncRNA,CR45807
FBgn0267156,CR45596,CR45596,ncRNA,CR45596
FBgn0035570,CG13712,CG13712,protein_coding,CG13712
FBgn0000395,cv-2,CG15671,protein_coding,crossveinless 2
FBgn0082923,Or-aca3,CR34617,snoRNA,Or-aca3
FBgn0051848,CG31848,CG31848,protein_coding,CG31848
FBgn0030607,dob,CG5560,protein_coding,doppelganger von brummer
FBgn0085256,CG34227,CG34227,protein_coding,CG34227
FBgn0028582,lqf,CG8532,protein_coding,liquid facets
FBgn0051992,gw,CG31992,protein_coding,gawky
FBgn0264892,CR44083,CR44083,ncRNA,CR44083
FBgn0033222,CG12824,CG12824,protein_coding,CG12824
FBgn0036806,Cyp12c1,CG4120,protein_coding,Cytochrome P450 12c1
FBgn0035281,Cpr62Bc,CG1919,protein_coding,Cuticular protein 62Bc
FBgn0052311,zormin,CG33484,protein_coding,zormin
FBgn0016978,snRNP-U1-70K,CG8749,protein_coding,small ribonucleoprotein particle U1 subunit 70K
FBgn0262101,CG42854,CG42854,protein_coding,CG42854
FBgn0012000,Val-CAC-2-3,CR31500,tRNA,Valine-CAC 2-3
FBgn0083951,CG34115,CG34115,protein_coding,CG34115
FBgn0267133,CR45573,CR45573,ncRNA,CR45573
FBgn0085479,CG34450,CG34450,protein_coding,CG34450
FBgn0030215,CG15296,CG15296,protein_coding,CG15296
FBgn0267231,CR45671,CR45671,ncRNA,CR45671
FBgn0015270,Orc2,CG3041,protein_coding,Origin recognition complex subunit 2
FBgn0267508,CR45848,CR45848,pseudogene,CR45848
FBgn0264078,Flo2,CG32593,protein_coding,Flotillin 2
FBgn0015721,ktub,CG9398,protein_coding,king tubby
FBgn0262984,CG43292,CG43292,protein_coding,CG43292
FBgn0033340,CG13751,CG13751,protein_coding,CG13751
FBgn0028476,Usp1,CG15817,protein_coding,Ubiquitin specific protease 1
FBgn0026533,Dek,CG5935,protein_coding,Dek
FBgn0267827,CR46148,CR46148,ncRNA,CR46148
FBgn0264083,CR43752,CR43752,ncRNA,CR43752
FBgn0262599,SmydA-3,CG43129,protein_coding,"SET and MYND domain containing, arthropod-specific, member 3"
FBgn0036577,CG13073,CG13073,protein_coding,CG13073
FBgn0262824,CG43195,CG43195,protein_coding,CG43195
FBgn0031894,CG4496,CG4496,protein_coding,CG4496
FBgn0034468,Obp56a,CG11797,protein_coding,Odorant-binding protein 56a
FBgn0025790,TBPH,CG10327,protein_coding,TAR DNA-binding protein-43 homolog
FBgn0086057,Me28S-G2017,CR34686,snoRNA,CR34686
FBgn0032922,Coq3,CG9249,protein_coding,Coenzyme Q3
FBgn0013300,ProtA,CG4479,protein_coding,Protamine A
FBgn0026238,gus,CG2944,protein_coding,gustavus
FBgn0030244,CG2157,CG2157,protein_coding,CG2157
FBgn0034661,tpr,CG4386,protein_coding,tracheal-prostasin
FBgn0036606,CG13060,CG13060,protein_coding,CG13060
FBgn0267038,CR45482,CR45482,ncRNA,CR45482
FBgn0032338,CG16854,CG16854,protein_coding,CG16854
FBgn0262565,CR43105,CR43105,pseudogene,CR43105
FBgn0063923,Kaz1-ORFB,CG1220,protein_coding,Kaz1-ORFB
FBgn0038074,Gnmt,CG6188,protein_coding,Glycine N-methyltransferase
FBgn0034614,CG9752,CG9752,protein_coding,CG9752
FBgn0016687,Nurf-38,CG4634,protein_coding,Nucleosome remodeling factor - 38kD
FBgn0266981,CR45432,CR45432,ncRNA,CR45432
FBgn0036924,hale,CG7570,protein_coding,hale-bopp
FBgn0002631,E(spl)m5-HLH,CG6096,protein_coding,"Enhancer of split m5, helix-loop-helix"
FBgn0031771,ND-51,CG9140,protein_coding,NADH dehydrogenase (ubiquinone) 51 kDa subunit
FBgn0050373,CG30373,CG30373,protein_coding,CG30373
FBgn0036659,CG9701,CG9701,protein_coding,CG9701
FBgn0040634,CG4186,CG4186,protein_coding,CG4186
FBgn0033948,CG12863,CG12863,protein_coding,CG12863
FBgn0001280,janA,CG7933,protein_coding,janus A
FBgn0287603,CR46472,CR46472,ncRNA,CR46472
FBgn0083952,CG34116,CG34116,protein_coding,CG34116
FBgn0002578,Kaz-m1,CG8342,protein_coding,Kazal-type protease inhibitor m1
FBgn0011576,Cyp4d2,CG3466,protein_coding,Cytochrome P450 4d2
FBgn0024179,wit,CG10776,protein_coding,wishful thinking
FBgn0287767,Cndp2,CG17337,protein_coding,Cytosolic non-specific dipeptidase 2
FBgn0082598,akirin,CG8580,protein_coding,akirin
FBgn0034962,MAN1,CG3167,protein_coding,MAN1
FBgn0023540,CG3630,CG3630,protein_coding,CG3630
FBgn0265906,CR44695,CR44695,ncRNA,CR44695
FBgn0266620,CR45127,CR45127,ncRNA,CR45127
FBgn0267363,JYalpha,CG45760,protein_coding,JYalpha
FBgn0262857,CG43221,CG43221,protein_coding,CG43221
FBgn0038784,CG4362,CG4362,protein_coding,CG4362
FBgn0037340,CG14671,CG14671,protein_coding,CG14671
FBgn0261293,CheB53b,CG33524,protein_coding,Chemosensory protein B 53b
FBgn0043536,Obp57d,CG30150,protein_coding,Odorant-binding protein 57d
FBgn0082954,Psi28S-3571,CR34611,snoRNA,Psi28S-3571
FBgn0264502,CG43901,CG43901,protein_coding,CG43901
FBgn0051912,CR31912,CR31912,ncRNA,CR31912
FBgn0053372,CR33372,CR33372,rRNA,CR33372
FBgn0030508,CG15760,CG15760,protein_coding,CG15760
FBgn0266673,Sec10,CG6159,protein_coding,Secretory 10
FBgn0034950,Pask,CG3105,protein_coding,PAS kinase
FBgn0001991,Ca-alpha1D,CG4894,protein_coding,Ca[2+]-channel protein alpha[[1]] subunit D
FBgn0267802,CR46127,CR46127,ncRNA,CR46127
FBgn0034093,CG15706,CG15706,protein_coding,CG15706
FBgn0037721,CG9427,CG9427,protein_coding,CG9427
FBgn0035813,CG8492,CG8492,protein_coding,CG8492
FBgn0085440,Lgr4,CG34411,protein_coding,Leucine-rich repeat-containing G protein-coupled receptor 4
FBgn0264708,CR43977,CR43977,ncRNA,CR43977
FBgn0263866,CR43713,CR43713,ncRNA,CR43713
FBgn0039916,Ekar,CG9935,protein_coding,Eye-enriched kainate receptor
FBgn0032752,CG10702,CG10702,protein_coding,CG10702
FBgn0037958,CG6962,CG6962,protein_coding,CG6962
FBgn0259949,Sfp23F,CG42459,protein_coding,Seminal fluid protein 23F
FBgn0035544,CG15021,CG15021,protein_coding,CG15021
FBgn0033320,CG8586,CG8586,protein_coding,CG8586
FBgn0283724,Girdin,CG12734,protein_coding,Girdin
FBgn0035988,CG3982,CG3982,protein_coding,CG3982
FBgn0036263,thoc6,CG5632,protein_coding,thoc6
FBgn0032373,Vha100-5,CG12602,protein_coding,Vacuolar H[+] ATPase 100kD subunit 5
FBgn0000404,CycA,CG5940,protein_coding,Cyclin A
FBgn0037566,mRpL1,CG7494,protein_coding,mitochondrial ribosomal protein L1
FBgn0267677,CR46013,CR46013,ncRNA,CR46013
FBgn0037978,KLHL18,CG3571,protein_coding,Kelch like family member 18
FBgn0262321,mir-960,CR43028,ncRNA,mir-960 stem loop
FBgn0263121,Prosalpha1,CG18495,protein_coding,Proteasome alpha1 subunit
FBgn0041237,Gr58c,CG13491,protein_coding,Gustatory receptor 58c
FBgn0262880,CG43235,CG43235,protein_coding,CG43235
FBgn0265793,CR44582,CR44582,ncRNA,CR44582
FBgn0032194,ath,CG4901,protein_coding,athos
FBgn0262885,CR43240,CR43240,pseudogene,CR43240
FBgn0039085,Ugt303B3,CG10170,protein_coding,UDP-glycosyltransferase family 303 member B3
FBgn0053499,Sdic4,CG33499,protein_coding,Sperm-specific dynein intermediate chain 4
FBgn0027507,CG1344,CG1344,protein_coding,CG1344
FBgn0036066,CG14160,CG14160,protein_coding,CG14160
FBgn0262991,CR43299,CR43299,ncRNA,CR43299
FBgn0053876,CG33876,CG33876,protein_coding,CG33876
FBgn0050198,Ala-CGC-1-1,CR30198,tRNA,Alanine-CGC 1-1
FBgn0085341,CG34312,CG34312,protein_coding,CG34312
FBgn0001223,Hsp22,CG4460,protein_coding,Heat shock protein 22
FBgn0035954,Doc3,CG5093,protein_coding,Dorsocross3
FBgn0020653,Trxr1,CG2151,protein_coding,Thioredoxin reductase 1
FBgn0032886,CG9328,CG9328,protein_coding,CG9328
FBgn0260643,CG42535,CG42535,protein_coding,CG42535
FBgn0265199,CG44259,CG44259,protein_coding,CG44259
FBgn0053487,CR33487,CR33487,pseudogene,CR33487
FBgn0052298,CG32298,CG32298,protein_coding,CG32298
FBgn0287864,hbs,CG7449,protein_coding,hibris
FBgn0040747,CG12853,CG12853,protein_coding,CG12853
FBgn0003292,rt,CG6097,protein_coding,rotated abdomen
FBgn0033166,Eaf,CG11166,protein_coding,ELL-associated factor
FBgn0259927,CG42450,CG42450,protein_coding,CG42450
FBgn0052518,Ile-AAT-2-1Psi,CR32518,pseudogene,Isoleucine-AAT 2-1 pseudogene
FBgn0011695,EbpIII,CG11390,protein_coding,Ejaculatory bulb protein III
FBgn0262476,CG43066,CG43066,protein_coding,CG43066
FBgn0265870,CR44659,CR44659,pseudogene,CR44659
FBgn0267575,CR45915,CR45915,ncRNA,CR45915
FBgn0038049,Srlp,CG5844,protein_coding,Spliceosome-ribosome linker protein
FBgn0032911,tadr,CG9264,protein_coding,torn and diminished rhabdomeres
FBgn0265921,CR44710,CR44710,ncRNA,CR44710
FBgn0033863,CG13337,CG13337,protein_coding,CG13337
FBgn0262737,mub,CG7437,protein_coding,mushroom-body expressed
FBgn0002629,E(spl)m4-BFM,CG6099,protein_coding,"Enhancer of split m4, Bearded family member"
FBgn0031738,CG9171,CG9171,protein_coding,CG9171
FBgn0040321,GNBP3,CG5008,protein_coding,Gram-negative bacteria binding protein 3
FBgn0052767,CG32767,CG32767,protein_coding,CG32767
FBgn0030277,CG1394,CG1394,protein_coding,CG1394
FBgn0037354,CG12171,CG12171,protein_coding,CG12171
FBgn0013765,cnn,CG4832,protein_coding,centrosomin
FBgn0263234,Phae1,CG16996,protein_coding,Phaedra 1
FBgn0267562,CR45902,CR45902,ncRNA,CR45902
FBgn0034623,CG9822,CG9822,protein_coding,CG9822
FBgn0265342,COX7CL,CG44296,protein_coding,Cytochrome c oxidase subunit 7C-like
FBgn0267286,CR45722,CR45722,ncRNA,CR45722
FBgn0036679,CG13022,CG13022,protein_coding,CG13022
FBgn0040251,Ugt302K1,CG6658,protein_coding,UDP-glycosyltransferase family 302 member K1
FBgn0000711,flw,CG2096,protein_coding,flapwing
FBgn0037533,CD98hc,CG2791,protein_coding,CD98 heavy chain
FBgn0034391,CG15080,CG15080,protein_coding,CG15080
FBgn0039861,pasha,CG1800,protein_coding,partner of drosha
FBgn0031855,meng,CG11221,protein_coding,meng-po
FBgn0265523,Smr,CG4013,protein_coding,Smrter
FBgn0011927,iMet-CAT-1-4,CR32142,tRNA,initiator Methionine-CAT 1-4
FBgn0039801,Npc2h,CG11315,protein_coding,Niemann-Pick type C-2h
FBgn0024314,Plap,CG5105,protein_coding,Phospholipase A2 activator protein
FBgn0036661,CG9705,CG9705,protein_coding,CG9705
FBgn0028893,CG31819,CG31819,protein_coding,CG31819
FBgn0037792,TAF1B,CG6241,protein_coding,TATA box-binding protein-associated factor RNA polymerase I subunit B
FBgn0261791,SNRPG,CG9742,protein_coding,Small nuclear ribonucleoprotein G
FBgn0053631,CG33631,CG33631,protein_coding,CG33631
FBgn0035694,CG13299,CG13299,protein_coding,CG13299
FBgn0027603,Ulp1,CG12359,protein_coding,Ulp1
FBgn0025632,CG4313,CG4313,protein_coding,CG4313
FBgn0030833,CG8915,CG8915,protein_coding,CG8915
FBgn0040333,brv3,CG13762,protein_coding,brivido-3
FBgn0260985,RfC4,CG14999,protein_coding,Replication factor C subunit 4
FBgn0265413,CG44325,CG44325,protein_coding,CG44325
FBgn0051041,CG31041,CG31041,protein_coding,CG31041
FBgn0025628,CG4199,CG4199,protein_coding,CG4199
FBgn0036202,loaf,CG6024,protein_coding,lost and found
FBgn0036393,CG17362,CG17362,protein_coding,CG17362
FBgn0015295,Shark,CG18247,protein_coding,SH2 ankyrin repeat kinase
FBgn0040384,CG32795,CG32795,protein_coding,CG32795
FBgn0003612,Su(var)2-10,CG8068,protein_coding,Suppressor of variegation 2-10
FBgn0011916,Met-CAT-1-2,CR32844,tRNA,Methionine-CAT 1-2
FBgn0020370,TppII,CG3991,protein_coding,Tripeptidyl-peptidase II
FBgn0034939,thoc5,CG2980,protein_coding,thoc5
FBgn0263772,CG43689,CG43689,protein_coding,CG43689
FBgn0267305,CR45741,CR45741,ncRNA,CR45741
FBgn0053667,CG33667,CG33667,protein_coding,CG33667
FBgn0030653,CG7860,CG7860,protein_coding,CG7860
FBgn0034758,CG13510,CG13510,protein_coding,CG13510
FBgn0003885,alphaTub84D,CG2512,protein_coding,alpha-Tubulin at 84D
FBgn0030373,moon,CG12721,protein_coding,moonshiner
FBgn0027597,CG17712,CG17712,protein_coding,CG17712
FBgn0065110,ppk10,CG34042,protein_coding,pickpocket 10
FBgn0030009,CG15336,CG15336,protein_coding,CG15336
FBgn0267241,CR45681,CR45681,ncRNA,CR45681
FBgn0262419,mir-277,CR42968,ncRNA,mir-277 stem loop
FBgn0053848,CG33848,CG33848,protein_coding,CG33848
FBgn0265382,CR44323,CR44323,ncRNA,CR44323
FBgn0032127,CG13114,CG13114,protein_coding,CG13114
FBgn0036206,twy,CG5964,protein_coding,twitchy
FBgn0011706,rpr,CG4319,protein_coding,reaper
FBgn0041096,rols,CG32096,protein_coding,rolling pebbles
FBgn0011566,Smyd3,CG13761,protein_coding,"SET and MYND domain containing, class 3"
FBgn0265496,CR44365,CR44365,ncRNA,CR44365
FBgn0033968,hui,CG10200,protein_coding,hase und igel
FBgn0000052,Pfas,CG9127,protein_coding,Phosphoribosylformylglycinamidine synthase
FBgn0267240,CR45680,CR45680,ncRNA,CR45680
FBgn0038960,CG13855,CG13855,protein_coding,CG13855
FBgn0034964,IntS1,CG3173,protein_coding,Integrator 1
FBgn0035252,CG7970,CG7970,protein_coding,CG7970
FBgn0259246,brp,CG42344,protein_coding,bruchpilot
FBgn0039944,CG17162,CG17162,protein_coding,CG17162
FBgn0031455,Snapin,CG9958,protein_coding,SNAP associated protein
FBgn0263314,CG43400,CG43400,protein_coding,CG43400
FBgn0263352,Unr,CG7015,protein_coding,Upstream of N-ras
FBgn0261648,salm,CG6464,protein_coding,spalt major
FBgn0038349,AOX3,CG6045,protein_coding,Aldehyde oxidase 3
FBgn0053853,CG33853,CG33853,protein_coding,CG33853
FBgn0038000,Rsbp15,CG10014,protein_coding,Radial spoke binding protein 15
FBgn0266351,CR45000,CR45000,ncRNA,CR45000
FBgn0031747,CG9021,CG9021,protein_coding,CG9021
FBgn0265681,CR44488,CR44488,ncRNA,CR44488
FBgn0003687,Tbp,CG9874,protein_coding,TATA binding protein
FBgn0032075,Tsp29Fb,CG9496,protein_coding,Tetraspanin 29Fb
FBgn0014455,Ahcy,CG11654,protein_coding,Adenosylhomocysteinase
FBgn0035139,CG13891,CG13891,protein_coding,CG13891
FBgn0053246,CG33246,CG33246,protein_coding,CG33246
FBgn0267365,l(2)SH0834,CG5385,protein_coding,lethal (2) SH0834
FBgn0032358,Ppt2,CG4851,protein_coding,Palmitoyl-protein Thioesterase 2
FBgn0267867,CR46155,CR46155,pseudogene,CR46155
FBgn0029154,Menl-1,CG7964,protein_coding,Malic enzyme like-1
FBgn0267660,CR45998,CR45998,ncRNA,CR45998
FBgn0052579,CG32579,CG32579,protein_coding,CG32579
FBgn0011670,Mst57Dc,CG4986,protein_coding,Male-specific transcript 57Dc
FBgn0265349,Sfp33A4,CG42604,protein_coding,Seminal fluid protein 33A4
FBgn0267636,CR45974,CR45974,ncRNA,CR45974
FBgn0265726,Nna1,CG44533,protein_coding,Nna1 carboxypeptidase
FBgn0034010,CG8157,CG8157,protein_coding,CG8157
FBgn0034717,CG5819,CG5819,protein_coding,CG5819
FBgn0262477,FoxP,CG43067,protein_coding,Forkhead box P
FBgn0037737,Pnn,CG8383,protein_coding,Pinin
FBgn0036773,CG13698,CG13698,protein_coding,CG13698
FBgn0264359,CR43811,CR43811,ncRNA,CR43811
FBgn0033327,PGRP-SC1b,CG8577,protein_coding,Peptidoglycan recognition protein SC1b
FBgn0038102,CG14383,CG14383,protein_coding,CG14383
FBgn0027532,CG7139,CG7139,protein_coding,CG7139
FBgn0029920,CR4575,CR4575,pseudogene,CR4575
FBgn0003882,tub,CG10520,protein_coding,tube
FBgn0262647,Nup160,CG4738,protein_coding,Nucleoporin 160kD
FBgn0085345,CG34316,CG34316,protein_coding,CG34316
FBgn0265674,CR44481,CR44481,ncRNA,CR44481
FBgn0011274,Dif,CG6794,protein_coding,Dorsal-related immunity factor
FBgn0038009,CG17738,CG17738,protein_coding,CG17738
FBgn0000097,aop,CG3166,protein_coding,anterior open
FBgn0086683,Spf45,CG17540,protein_coding,Spf45
FBgn0037027,HIPP1,CG3680,protein_coding,HP1 and insulator partner protein 1
FBgn0034160,CG5550,CG5550,protein_coding,CG5550
FBgn0039034,Or94b,CG6679,protein_coding,Odorant receptor 94b
FBgn0025837,CG17636,CG17636,protein_coding,CG17636
FBgn0286039,CR46361,CR46361,ncRNA,stable intronic sequence RNA CR46361
FBgn0261479,nero,CG2245,protein_coding,nero
FBgn0052694,CG32694,CG32694,protein_coding,CG32694
FBgn0267227,CR45667,CR45667,ncRNA,CR45667
FBgn0011230,poe,CG14472,protein_coding,purity of essence
FBgn0027496,epsilonCOP,CG9543,protein_coding,Coat Protein (coatomer) epsilon
FBgn0267746,CR46077,CR46077,ncRNA,CR46077
FBgn0265942,CR44729,CR44729,ncRNA,CR44729
FBgn0267755,CR46086,CR46086,ncRNA,CR46086
FBgn0031957,TwdlE,CG14534,protein_coding,TweedleE
FBgn0053421,CR33421,CR33421,rRNA,CR33421
FBgn0267152,CR45592,CR45592,ncRNA,CR45592
FBgn0038449,CG17562,CG17562,protein_coding,CG17562
FBgn0033363,CG13744,CG13744,protein_coding,CG13744
FBgn0267460,CR45810,CR45810,ncRNA,CR45810
FBgn0266051,CR44816,CR44816,ncRNA,CR44816
FBgn0266225,CR44920,CR44920,ncRNA,CR44920
FBgn0263565,mir-4950,CR43550,ncRNA,mir-4950 stem loop
FBgn0033088,PGAP3,CG3271,protein_coding,Post-GPI attachment to proteins 3
FBgn0051204,CG31204,CG31204,protein_coding,CG31204
FBgn0263585,CG43610,CG43610,protein_coding,CG43610
FBgn0015019,CCT3,CG8977,protein_coding,Chaperonin containing TCP1 subunit 3
FBgn0027572,ACOX1,CG5009,protein_coding,acyl-CoA oxidase 1
FBgn0267628,CR45966,CR45966,ncRNA,CR45966
FBgn0082947,Me18S-U1356c,CR34646,snoRNA,Me18S-U1356c
FBgn0013269,Fkbp39,CG6226,protein_coding,FK506-binding protein 39kD
FBgn0004606,zfh1,CG1322,protein_coding,Zn finger homeodomain 1
FBgn0026741,mRpL18,CG12373,protein_coding,mitochondrial ribosomal protein L18
FBgn0262432,mir-8,CR42988,ncRNA,mir-8 stem loop
FBgn0265806,CR44595,CR44595,ncRNA,CR44595
FBgn0259991,CG42488,CG42488,protein_coding,CG42488
FBgn0034595,CG15657,CG15657,protein_coding,CG15657
FBgn0260431,CG42526,CG42526,protein_coding,CG42526
FBgn0039380,CG5890,CG5890,protein_coding,CG5890
FBgn0262840,CG43204,CG43204,protein_coding,CG43204
FBgn0265907,CR44696,CR44696,ncRNA,CR44696
FBgn0027360,Tim10,CG9878,protein_coding,Translocase of inner membrane 10
FBgn0037875,ZnT86D,CG6672,protein_coding,Zinc transporter 86D
FBgn0265265,CG32727,CG32727,protein_coding,CG32727
FBgn0283682,Ge-1,CG6181,protein_coding,Ge-1
FBgn0264962,Pcf11,CG10228,protein_coding,Pcf11 cleavage and polyadenylation factor subunit
FBgn0267576,CR45916,CR45916,ncRNA,CR45916
FBgn0287621,CR46490,CR46490,ncRNA,CR46490
FBgn0082585,sprt,CG30023,protein_coding,sprite
FBgn0265381,CR44322,CR44322,ncRNA,CR44322
FBgn0261458,capt,CG33979,protein_coding,capulet
FBgn0012003,Val-CAC-2-5,CR31214,tRNA,Valine-CAC 2-5
FBgn0033936,Achl,CG17386,protein_coding,Achilles
FBgn0053416,CR33416,CR33416,pseudogene,CR33416
FBgn0034804,GrlHz,CG3831,protein_coding,Gustatory receptor-like Holozoa
FBgn0261547,Exn,CG42665,protein_coding,Ephexin
FBgn0033590,CG13217,CG13217,protein_coding,CG13217
FBgn0287464,CR46453,CR46453,ncRNA,CR46453
FBgn0266669,Sec3,CG3885,protein_coding,Secretory 3
FBgn0050376,CG30376,CG30376,protein_coding,CG30376
FBgn0036826,arx,CG3893,protein_coding,asterix
FBgn0263239,dar1,CG12029,protein_coding,dendritic arbor reduction 1
FBgn0085428,Nox,CG34399,protein_coding,NADPH oxidase
FBgn0050460,CG30460,CG30460,protein_coding,CG30460
FBgn0051602,Asp-GTC-1-6,CR31602,tRNA,Aspartic acid-GTC 1-6
FBgn0286075,DNAlig3,CG17227,protein_coding,DNA ligase 3
FBgn0027873,Cpsf100,CG1957,protein_coding,Cleavage and polyadenylation specificity factor 100
FBgn0027903,PolD2,CG12018,protein_coding,DNA polymerase delta subunit 2
FBgn0034483,CG16894,CG16894,protein_coding,CG16894
FBgn0029950,rumpel,CG9657,protein_coding,rumpel
FBgn0037606,CG8032,CG8032,protein_coding,CG8032
FBgn0266640,CR45147,CR45147,ncRNA,CR45147
FBgn0020637,Lcp65Ag2,CG10534,protein_coding,Lcp65Ag2
FBgn0034001,mRpL41,CG12954,protein_coding,mitochondrial ribosomal protein L41
FBgn0086695,hd,CG2669,protein_coding,humpty dumpty
FBgn0028902,Tektin-A,CG4767,protein_coding,Tektin A
FBgn0263618,CR43627,CR43627,ncRNA,CR43627
FBgn0038656,CG14294,CG14294,protein_coding,CG14294
FBgn0052420,Val-TAC-1-1,CR32420,tRNA,Valine-TAC 1-1
FBgn0033667,reb,CG13183,protein_coding,rebuf
FBgn0031492,Prp40,CG3542,protein_coding,pre-mRNA processing factor 40
FBgn0032167,CG5853,CG5853,protein_coding,CG5853
FBgn0028675,Sur,CG5772,protein_coding,Sulfonylurea receptor
FBgn0051195,CG31195,CG31195,protein_coding,CG31195
FBgn0259707,CG42361,CG42361,protein_coding,CG42361
FBgn0037976,Tk,CG14734,protein_coding,Tachykinin
FBgn0266137,Dop1R2,CG18741,protein_coding,Dopamine 1-like receptor 2
FBgn0266114,CR44840,CR44840,ncRNA,CR44840
FBgn0011868,Gly-GCC-1-9,CR30228,tRNA,Glycine-GCC 1-9
FBgn0036415,CG7768,CG7768,protein_coding,CG7768
FBgn0250826,CG34160,CG34160,protein_coding,CG34160
FBgn0085478,Zdhhc8,CG34449,protein_coding,Zinc finger DHHC-type containing 8
FBgn0039474,CG6283,CG6283,protein_coding,CG6283
FBgn0260746,Ect3,CG3132,protein_coding,Ectoderm-expressed 3
FBgn0283658,muc,CG5261,protein_coding,midline uncoordinated
FBgn0040784,karr,CG15323,protein_coding,karr
FBgn0030468,CG1622,CG1622,protein_coding,CG1622
FBgn0031365,CG17650,CG17650,protein_coding,CG17650
FBgn0265722,CR44529,CR44529,ncRNA,CR44529
FBgn0008636,hbn,CG33152,protein_coding,homeobrain
FBgn0029722,CG7024,CG7024,protein_coding,CG7024
FBgn0001324,kto,CG8491,protein_coding,kohtalo
FBgn0028988,Spn42Dd,CG9456,protein_coding,Serpin 42Dd
FBgn0052269,CG32269,CG32269,protein_coding,CG32269
FBgn0043853,MeU5-C46,CR32863,snoRNA, MeU5-C46
FBgn0022800,Cad96Ca,CG10244,protein_coding,Cadherin 96Ca
FBgn0015277,Pi3K59F,CG5373,protein_coding,Phosphatidylinositol 3-kinase 59F
FBgn0029811,Cpr5C,CG4052,protein_coding,Cuticular protein 5C
FBgn0000179,bi,CG3578,protein_coding,bifid
FBgn0035558,CG11357,CG11357,protein_coding,CG11357
FBgn0038107,CG17327,CG17327,protein_coding,CG17327
FBgn0050413,CG30413,CG30413,protein_coding,CG30413
FBgn0038043,CG17202,CG17202,protein_coding,CG17202
FBgn0266327,CR44992,CR44992,ncRNA,CR44992
FBgn0266431,CG45061,CG45061,protein_coding,CG45061
FBgn0267556,CR45896,CR45896,ncRNA,CR45896
FBgn0031107,HERC2,CG11734,protein_coding,HECT and RLD domain containing protein 2
FBgn0051211,CG31211,CG31211,protein_coding,CG31211
FBgn0033205,Rdh1,CG2064,protein_coding,Retinol dehydrogenase 1
FBgn0083020,Psi18S-640g,CR34585,snoRNA,Psi18S-640g
FBgn0000319,Chc,CG9012,protein_coding,Clathrin heavy chain
FBgn0267066,CR45510,CR45510,ncRNA,CR45510
FBgn0052831,CG33695,CG33695,protein_coding,CG33695
FBgn0264982,CR44133,CR44133,ncRNA,CR44133
FBgn0037943,CG14722,CG14722,protein_coding,CG14722
FBgn0052037,CG32037,CG32037,protein_coding,CG32037
FBgn0030041,CG12116,CG12116,protein_coding,CG12116
FBgn0004133,blow,CG1363,protein_coding,blown fuse
FBgn0052496,CR32496,CR32496,pseudogene,CR32496
FBgn0261816,CG42758,CG42758,protein_coding,CG42758
FBgn0030493,CG15756,CG15756,protein_coding,CG15756
FBgn0030817,CG4991,CG4991,protein_coding,CG4991
FBgn0031961,CG7102,CG7102,protein_coding,CG7102
FBgn0031092,CG9577,CG9577,protein_coding,CG9577
FBgn0263233,robls54B,CG34192,protein_coding,roadblock similar 54B
FBgn0032321,YL-1,CG4621,protein_coding,YL-1
FBgn0250746,Prosbeta7,CG12000,protein_coding,Proteasome beta7 subunit
FBgn0038300,Mau2,CG4203,protein_coding,Mau2 sister chromatid cohesion factor
FBgn0259185,Ir60b,CG42289,protein_coding,Ionotropic receptor 60b
FBgn0031701,TotM,CG14027,protein_coding,Turandot M
FBgn0030954,CCKLR-17D3,CG32540,protein_coding,Cholecystokinin-like receptor at 17D3
FBgn0264006,dysc,CG43749,protein_coding,dyschronic
FBgn0265253,CR44267,CR44267,ncRNA,CR44267
FBgn0287630,dbf,CG17098,protein_coding,doublefault
FBgn0036953,CG17145,CG17145,protein_coding,CG17145
FBgn0267813,CR46138,CR46138,ncRNA,CR46138
FBgn0040973,CG16824,CG16824,protein_coding,CG16824
FBgn0036828,Prp6,CG6841,protein_coding,pre-mRNA processing factor 6
FBgn0083057,Psi18S-110,CR34631,snoRNA,Psi18S-110
FBgn0028979,tio,CG12630,protein_coding,tiptop
FBgn0030156,CG15247,CG15247,protein_coding,CG15247
FBgn0033884,CG13344,CG13344,protein_coding,CG13344
FBgn0029969,Acat1,CG10932,protein_coding,Acetyl-CoA acetyltransferase 1
FBgn0031597,CG17612,CG17612,protein_coding,CG17612
FBgn0003209,raw,CG12437,protein_coding,raw
FBgn0027526,Ublcp1,CG6697,protein_coding,Ubiquitin-like domain-containing C-terminal domain phosphatase 1
FBgn0034869,CG13558,CG13558,protein_coding,CG13558
FBgn0267503,CR45843,CR45843,rRNA,CR45843
FBgn0041094,scyl,CG7590,protein_coding,scylla
FBgn0267787,CR46118,CR46118,ncRNA,CR46118
FBgn0051482,CG31482,CG31482,protein_coding,CG31482
FBgn0261057,Sfp36F,CG42605,protein_coding,Seminal fluid protein 36F
FBgn0024994,Ugalt,CG2675,protein_coding,UDP-galactose transporter
FBgn0265666,CR44473,CR44473,ncRNA,CR44473
FBgn0034151,CG15617,CG15617,protein_coding,CG15617
FBgn0262815,CR43186,CR43186,pseudogene,CR43186
FBgn0053739,430m,CR33739,ncRNA,small non-coding RNA 430m
FBgn0035845,CG13675,CG13675,protein_coding,CG13675
FBgn0028968,gammaCOP,CG1528,protein_coding,Coat Protein (coatomer) gamma
FBgn0037004,CG17637,CG17637,protein_coding,CG17637
FBgn0020376,Sr-CIII,CG31962,protein_coding,"Scavenger receptor class C, type III"
FBgn0036665,CG13024,CG13024,protein_coding,CG13024
FBgn0267794,CR43174,CR43174,ncRNA,CR43174
FBgn0031746,CG9029,CG9029,protein_coding,CG9029
FBgn0036771,Wdr92,CG14353,protein_coding,WD repeat domain 92
FBgn0266257,CR44952,CR44952,ncRNA,CR44952
FBgn0012004,Val-CAC-2-6,CR31430,tRNA,Valine-CAC 2-6
FBgn0263802,CR43605,CR43605,ncRNA,CR43605
FBgn0020620,RN-tre,CG8085,protein_coding,Related to the N terminus of tre oncogene
FBgn0038415,CG17929,CG17929,protein_coding,CG17929
FBgn0264303,wrm2,CG43781,protein_coding,wurmchen 2
FBgn0086074,Me18S-A1806,CR34703,snoRNA,CR34703
FBgn0264942,CR44111,CR44111,ncRNA,CR44111
FBgn0037365,CG2104,CG2104,protein_coding,CG2104
FBgn0040309,Prx2,CG1633,protein_coding,Peroxiredoxin 2
FBgn0262363,CG43061,CG43061,protein_coding,CG43061
FBgn0035867,CG13671,CG13671,protein_coding,CG13671
FBgn0033043,Or42b,CG12754,protein_coding,Odorant receptor 42b
FBgn0052364,tut,CG32364,protein_coding,tumorous testis
FBgn0038427,ema,CG12753,protein_coding,endosomal maturation defective
FBgn0033234,MFS12,CG8791,protein_coding,Major Facilitator Superfamily Transporter 12
FBgn0266420,Ote,CG5581,protein_coding,Otefin
FBgn0051798,CG31798,CG31798,protein_coding,CG31798
FBgn0083141,Spn28B,CG6717,protein_coding,Serpin 28B
FBgn0003319,Sb,CG4316,protein_coding,Stubble
FBgn0265920,CR44709,CR44709,ncRNA,CR44709
FBgn0050039,CG30039,CG30039,protein_coding,CG30039
FBgn0027342,fz4,CG4626,protein_coding,frizzled 4
FBgn0036152,Dyro,CG6175,protein_coding,Dpt-YFP repressor by overexpression
FBgn0036713,Mip,CG6456,protein_coding,Myoinhibiting peptide precursor
FBgn0038296,Kpc1,CG6752,protein_coding,Kip1 ubiquitination-promoting complex subunit 1
FBgn0086348,se,CG6781,protein_coding,sepia
FBgn0266721,gammaSnap2,CG6208,protein_coding,gamma Soluble NSF attachment protein 2
FBgn0036740,Vps60,CG6259,protein_coding,Vacuolar protein sorting 60
FBgn0261952,srw,CG11582,protein_coding,shrew
FBgn0263410,CR43456,CR43456,ncRNA,CR43456
FBgn0051665,wry,CG31665,protein_coding,weary
FBgn0037944,CG6923,CG6923,protein_coding,CG6923
FBgn0031849,CG11327,CG11327,protein_coding,CG11327
FBgn0029088,disp,CG2019,protein_coding,dispatched
FBgn0260435,CR42530,CR42530,pseudogene,CR42530
FBgn0026255,clumsy,CG8681,protein_coding,clumsy
FBgn0261341,verm,CG8756,protein_coding,vermiform
FBgn0036014,CG3222,CG3222,protein_coding,CG3222
FBgn0027561,CG18659,CG18659,protein_coding,CG18659
FBgn0028550,Atf3,CG11405,protein_coding,Activating transcription factor 3
FBgn0040038,klhl10,CG12423,protein_coding,kelch like family member 10
FBgn0004880,scrt,CG1130,protein_coding,scratch
FBgn0266589,CR45114,CR45114,ncRNA,CR45114
FBgn0259704,Nsun5,CG42358,protein_coding,Nop2/Sun-like domain containing protein 5
FBgn0029976,snz,CG1514,protein_coding,snazarus
FBgn0035515,Sqor,CG14997,protein_coding,Sulfide quinone oxidoreductase
FBgn0266830,CR45292,CR45292,ncRNA,CR45292
FBgn0029999,CG1575,CG1575,protein_coding,CG1575
FBgn0013334,Sap47,CG8884,protein_coding,Synapse-associated protein 47kD
FBgn0032965,CG11629,CG11629,protein_coding,CG11629
FBgn0014851,Eig71Ek,CG7325,protein_coding,Eig71Ek
FBgn0033742,Nepl10,CG8550,protein_coding,Neprilysin-like 10
FBgn0039768,CG15533,CG15533,protein_coding,CG15533
FBgn0044051,Ilp1,CG14173,protein_coding,Insulin-like peptide 1
FBgn0034308,Naus,CG10915,protein_coding,Nausicaa
FBgn0042146,CG18823,CG18823,protein_coding,CG18823
FBgn0261861,CR42790,CR42790,ncRNA,CR42790
FBgn0003557,Su(dx),CG4244,protein_coding,Suppressor of deltex
FBgn0038326,Hibch,CG5044,protein_coding,3-hydroxyisobutyryl-CoA hydrolase
FBgn0004636,Rap1,CG1956,protein_coding,Rap1 GTPase
FBgn0053271,CG33271,CG33271,protein_coding,CG33271
FBgn0027865,Tsp96F,CG6120,protein_coding,Tetraspanin 96F
FBgn0051611,CG31611,CG31611,protein_coding,CG31611
FBgn0050220,Glu-CTC-2-2,CR30220,tRNA,Glutamic acid-CTC 2-2
FBgn0004191,34ABa,CR31850,snRNA,small nuclear RNA U2 at 34AB a
FBgn0037504,CG1142,CG1142,protein_coding,CG1142
FBgn0035335,mRpL23,CG1320,protein_coding,mitochondrial ribosomal protein L23
FBgn0040250,Ugt304A1,CG15902,protein_coding,UDP-glycosyltransferase family 304 member A1
FBgn0262514,VhaPPA1-2,CG7026,protein_coding,Vacuolar H[+] ATPase PPA1 subunit 2
FBgn0024754,Flo1,CG8200,protein_coding,Flotillin 1
FBgn0025674,CycK,CG15218,protein_coding,Cyclin K
FBgn0052057,dpr10,CG32057,protein_coding,defective proboscis extension response 10
FBgn0067312,CheB38a,CG33320,protein_coding,Chemosensory protein B 38a
FBgn0031657,Polr1C,CG3756,protein_coding,RNA polymerase I and III subunit C
FBgn0034240,MESR4,CG4903,protein_coding,Misexpression suppressor of ras 4
FBgn0011975,Ser-CGA-1-1,CR32621,tRNA,Serine-CGA 1-1
FBgn0263650,CR43641,CR43641,ncRNA,CR43641
FBgn0037890,CG17734,CG17734,protein_coding,CG17734
FBgn0085644,CR41423,CR41423,pseudogene,CR41423
FBgn0033259,Tmem63,CG11210,protein_coding,Transmembrane protein 63
FBgn0028857,CG12448,CG12448,protein_coding,CG12448
FBgn0266322,CR44987,CR44987,ncRNA,CR44987
FBgn0040071,tara,CG6889,protein_coding,taranis
FBgn0021765,scu,CG7113,protein_coding,scully
FBgn0027509,Tbcd,CG7261,protein_coding,Tubulin-binding cofactor D
FBgn0004190,96Ac,CR31539,snRNA,small nuclear RNA U6 at 96A c
FBgn0265923,CR44712,CR44712,ncRNA,CR44712
FBgn0265529,CR44379,CR44379,ncRNA,CR44379
FBgn0259994,OtopLa,CG42492,protein_coding,Otopetrin-like a
FBgn0016917,Stat92E,CG4257,protein_coding,Signal-transducer and activator of transcription protein at 92E
FBgn0260237,BBIP1,CG42511,protein_coding,BBSome interacting protein 1
FBgn0036218,Sprn,CG14128,protein_coding,Spermitin
FBgn0004372,aly,CG2075,protein_coding,always early
FBgn0022344,CG10340,CG10340,protein_coding,CG10340
FBgn0010238,Lac,CG12369,protein_coding,Lachesin
FBgn0033677,CG8321,CG8321,protein_coding,CG8321
FBgn0040361,CG14627,CG14627,protein_coding,CG14627
FBgn0027569,cert,CG7207,protein_coding,ceramide transfer protein
FBgn0032200,CG5676,CG5676,protein_coding,CG5676
FBgn0032913,CG9259,CG9259,protein_coding,CG9259
FBgn0265880,CR44669,CR44669,ncRNA,CR44669
FBgn0032483,CG15482,CG15482,protein_coding,CG15482
FBgn0011982,Ser-AGA-2-1,CR32607,tRNA,Serine-AGA 2-1
FBgn0050340,CG30340,CG30340,protein_coding,CG30340
FBgn0030222,CG9806,CG9806,protein_coding,CG9806
FBgn0032390,dgt2,CG16969,protein_coding,dim gamma-tubulin 2
FBgn0265995,CR44770,CR44770,ncRNA,CR44770
FBgn0030864,CG8173,CG8173,protein_coding,CG8173
FBgn0030206,CG2889,CG2889,protein_coding,CG2889
FBgn0050411,CG30411,CG30411,protein_coding,CG30411
FBgn0085287,CG34258,CG34258,protein_coding,CG34258
FBgn0029703,CG12692,CG12692,protein_coding,CG12692
FBgn0085471,CG34442,CG34442,protein_coding,CG34442
FBgn0037487,thw,CG14608,protein_coding,thawb
FBgn0265379,CR44320,CR44320,ncRNA,CR44320
FBgn0003308,ry,CG7642,protein_coding,rosy
FBgn0033856,CG13334,CG13334,protein_coding,CG13334
FBgn0036287,CG10663,CG10663,protein_coding,CG10663
FBgn0264309,CG43784,CG43784,protein_coding,CG43784
FBgn0038629,CG14304,CG14304,protein_coding,CG14304
FBgn0040228,DCTN5-p25,CG10846,protein_coding,"Dynactin 5, p25 subunit"
FBgn0267776,CR46107,CR46107,ncRNA,CR46107
FBgn0033706,Vha36-2,CG13167,protein_coding,Vacuolar H[+] ATPase 36kD subunit 2
FBgn0037671,ATP6AP2,CG8444,protein_coding,ATPase H+ transporting accessory protein 2
FBgn0284408,trol,CG33950,protein_coding,terribly reduced optic lobes
FBgn0011282,Obp84a,CG1176,protein_coding,Odorant-binding protein 84a
FBgn0051334,Thr-CGT-1-2,CR31334,tRNA,Threonine-CGT 1-2
FBgn0030512,Nadsyn,CG9940,protein_coding,NAD synthetase
FBgn0031263,Tspo,CG2789,protein_coding,Translocator protein
FBgn0035533,Cip4,CG15015,protein_coding,Cdc42-interacting protein 4
FBgn0263487,PsiU5-44,CR43602,snoRNA, PsiU5-44
FBgn0052568,CG32568,CG32568,protein_coding,CG32568
FBgn0053910,CG33910,CG33910,protein_coding,CG33910
FBgn0036741,anchor,CG7510,protein_coding,anchor
FBgn0263539,mir-4978,CR43524,ncRNA,mir-4978 stem loop
FBgn0267782,CR46113,CR46113,ncRNA,CR46113
FBgn0264474,CR43882,CR43882,ncRNA,CR43882
FBgn0039818,Mayo,CG11318,protein_coding,CG11318
FBgn0011824,Gar1,CG4038,protein_coding,Gar1 ribonucleoprotein
FBgn0261635,CG42718,CG42718,protein_coding,CG42718
FBgn0026616,alpha-Man-IIb,CG4606,protein_coding,alpha-Mannosidase class II b
FBgn0053666,CG33666,CG33666,protein_coding,CG33666
FBgn0259168,mnb,CG42273,protein_coding,minibrain
FBgn0036331,CR14117,CR14117,pseudogene,CR14117
FBgn0030317,pkm,CG1561,protein_coding,Pinkman
FBgn0035033,CG3548,CG3548,protein_coding,CG3548
FBgn0050485,CG30485,CG30485,protein_coding,CG30485
FBgn0031053,CG14223,CG14223,protein_coding,CG14223
FBgn0032119,CG3769,CG3769,protein_coding,CG3769
FBgn0029911,CG14435,CG14435,protein_coding,CG14435
FBgn0264824,CR44032,CR44032,ncRNA,CR44032
FBgn0267180,CR45620,CR45620,ncRNA,CR45620
FBgn0053095,CG33095,CG33095,protein_coding,CG33095
FBgn0263867,CR43714,CR43714,ncRNA,CR43714
FBgn0031465,CG3123,CG3123,protein_coding,CG3123
FBgn0025630,Rtca,CG4061,protein_coding,RNA 3'-terminal phosphate cyclase
FBgn0001145,Gs2,CG1743,protein_coding,Glutamine synthetase 2
FBgn0267754,CR46085,CR46085,ncRNA,CR46085
FBgn0250844,CG4218,CG4218,protein_coding,CG4218
FBgn0265732,CR44539,CR44539,ncRNA,CR44539
FBgn0032895,twit,CG9335,protein_coding,target of wit
FBgn0267978,ap,CG8376,protein_coding,apterous
FBgn0039094,CG10184,CG10184,protein_coding,CG10184
FBgn0032891,Oseg5,CG9333,protein_coding,Outer segment 5
FBgn0015618,Cdk8,CG10572,protein_coding,Cyclin-dependent kinase 8
FBgn0028868,CG4701,CG4701,protein_coding,CG4701
FBgn0035112,CG13877,CG13877,protein_coding,CG13877
FBgn0287774,CG9143,CG9143,protein_coding,CG9143
FBgn0270926,AsnS,CG33486,protein_coding,Asparagine synthetase
FBgn0031579,CG15422,CG15422,protein_coding,CG15422
FBgn0030433,mRpL49,CG4647,protein_coding,mitochondrial ribosomal protein L49
FBgn0263087,CG43355,CG43355,protein_coding,CG43355
FBgn0003936,35D,CR32877,snRNA,small nuclear RNA U5 at 35D
FBgn0029690,CG6414,CG6414,protein_coding,CG6414
FBgn0003515,st,CG4314,protein_coding,scarlet
FBgn0033133,Tsp42Ek,CG12841,protein_coding,Tetraspanin 42Ek
FBgn0040532,CG8369,CG8369,protein_coding,CG8369
FBgn0287618,CR46487,CR46487,ncRNA,CR46487
FBgn0263545,mir-4963,CR43530,ncRNA,mir-4963 stem loop
FBgn0267986,CR46253,CR46253,ncRNA,CR46253
FBgn0038964,Nop56,CG13849,protein_coding,Nop56
FBgn0031315,CG14341,CG14341,protein_coding,CG14341
FBgn0037046,CG10581,CG10581,protein_coding,CG10581
FBgn0266359,CR45007,CR45007,ncRNA,CR45007
FBgn0262449,mir-2b-2,CR43016,ncRNA,mir-2b-2 stem loop
FBgn0011288,Snap25,CG40452,protein_coding,Synaptosomal-associated protein 25kDa
FBgn0037601,Cyp313b1,CG9716,protein_coding,Cytochrome P450 313b1
FBgn0086378,Alg-2,CG40410,protein_coding,Apoptosis-linked gene-2
FBgn0029989,CG15333,CG15333,protein_coding,CG15333
FBgn0264599,CR43948,CR43948,ncRNA,CR43948
FBgn0263459,9445410,CR43574,snoRNA,CR43574
FBgn0032577,CG13244,CG13244,protein_coding,CG13244
FBgn0262810,CG43181,CG43181,protein_coding,CG43181
FBgn0267726,CG46059,CG46059,protein_coding,CG46059
FBgn0052845,CG32845,CG32845,protein_coding,CG32845
FBgn0000121,Arr2,CG5962,protein_coding,Arrestin 2
FBgn0011294,a5,CG5430,protein_coding,antennal protein 5
FBgn0041711,yellow-e,CG9792,protein_coding,yellow-e
FBgn0011897,Lys-CTT-1-11,CR30520,tRNA,Lysine-CTT 1-11
FBgn0040759,CG13177,CG13177,protein_coding,CG13177
FBgn0266990,CR45441,CR45441,ncRNA,CR45441
FBgn0010280,Taf4,CG5444,protein_coding,TBP-associated factor 4
FBgn0037205,BoYb,CG11133,protein_coding,Brother of Yb
FBgn0034931,CG2812,CG2812,protein_coding,CG2812
FBgn0259727,CG42381,CG42381,protein_coding,CG42381
FBgn0035645,CG5592,CG5592,protein_coding,CG5592
FBgn0030358,Pdzd8,CG10362,protein_coding,PDZ domain containing 8
FBgn0260430,CG42525,CG42525,protein_coding,CG42525
FBgn0033861,CG12464,CG12464,protein_coding,CG12464
FBgn0035171,CG12502,CG12502,protein_coding,CG12502
FBgn0262532,CR43086,CR43086,pseudogene,CR43086
FBgn0039690,Gnpnat,CG1969,protein_coding,Glucosamine-phosphate N-acetyltransferase
FBgn0029726,CG15471,CG15471,protein_coding,CG15471
FBgn0038771,CG4390,CG4390,protein_coding,CG4390
FBgn0011703,RnrL,CG5371,protein_coding,Ribonucleoside diphosphate reductase large subunit
FBgn0031378,CG15362,CG15362,protein_coding,CG15362
FBgn0038452,Ccdc114,CG14905,protein_coding,Coiled-coil domain containing protein 114
FBgn0040255,Ugt35E2,CG6653,protein_coding,UDP-glycosyltransferase family 35 member E2
FBgn0266976,CR45427,CR45427,ncRNA,CR45427
FBgn0266764,CR45229,CR45229,ncRNA,CR45229
FBgn0032588,CG5968,CG5968,protein_coding,CG5968
FBgn0085274,CG34245,CG34245,protein_coding,CG34245
FBgn0030897,Frq1,CG5744,protein_coding,Frequenin 1
FBgn0262981,CR43289,CR43289,ncRNA,CR43289
FBgn0024319,Nach,CG8178,protein_coding,Nach
FBgn0262568,CG43108,CG43108,protein_coding,CG43108
FBgn0037852,Tpc1,CG6608,protein_coding,Thiamine pyrophosphate carrier protein 1
FBgn0020407,asun,CG6814,protein_coding,asunder
FBgn0286813,SRPK,CG8174,protein_coding,SR Protein Kinase
FBgn0259718,CG42372,CG42372,protein_coding,CG42372
FBgn0052783,Gem4c,CG32783,protein_coding,Gemin 4c
FBgn0267905,CG46193,CG46193,protein_coding,CG46193
FBgn0030053,CG12081,CG12081,protein_coding,CG12081
FBgn0014427,CG11899,CG11899,protein_coding,CG11899
FBgn0267871,CR46159,CR46159,pseudogene,CR46159
FBgn0031732,CG11149,CG11149,protein_coding,CG11149
FBgn0002566,lt,CG18028,protein_coding,light
FBgn0001187,Hex-C,CG8094,protein_coding,Hexokinase C
FBgn0035665,Jon65Aiii,CG6483,protein_coding,Jonah 65Aiii
FBgn0267680,CR46016,CR46016,ncRNA,CR46016
FBgn0035594,CG4597,CG4597,protein_coding,CG4597
FBgn0052029,Cpr66D,CG32029,protein_coding,Cuticular protein 66D
FBgn0021874,Nle,CG2863,protein_coding,Notchless
FBgn0261434,hkb,CG9768,protein_coding,huckebein
FBgn0026400,Noa36,CG10009,protein_coding,Noa36
FBgn0264471,CR43879,CR43879,ncRNA,CR43879
FBgn0265549,CR44399,CR44399,ncRNA,CR44399
FBgn0265427,CR44339,CR44339,ncRNA,CR44339
FBgn0039909,ND-49,CG1970,protein_coding,NADH dehydrogenase (ubiquinone) 49 kDa subunit
FBgn0038570,Prx5,CG7217,protein_coding,Peroxiredoxin 5
FBgn0029915,CG14434,CG14434,protein_coding,CG14434
FBgn0031779,CG9175,CG9175,protein_coding,CG9175
FBgn0086408,stl,CG3622,protein_coding,stall
FBgn0264939,CR44108,CR44108,ncRNA,CR44108
FBgn0261630,CG42713,CG42713,protein_coding,CG42713
FBgn0002183,dre4,CG1828,protein_coding,dre4
FBgn0040718,CG15353,CG15353,protein_coding,CG15353
FBgn0041147,ida,CG10850,protein_coding,imaginal discs arrested
FBgn0034103,prim,CG15704,protein_coding,primacord
FBgn0267103,CR45543,CR45543,ncRNA,CR45543
FBgn0003938,63BC,CR32908,snRNA,small nuclear RNA U5 at 63BC
FBgn0264469,CR43877,CR43877,ncRNA,CR43877
FBgn0050192,CG30192,CG30192,protein_coding,CG30192
FBgn0052392,Rsph3,CG32392,protein_coding,Radial spoke head protein 3
FBgn0033357,Tom7,CG8226,protein_coding,Translocase of outer membrane 7
FBgn0034486,CG13869,CG13869,protein_coding,CG13869
FBgn0037236,Skp2,CG9772,protein_coding,S-phase kinase-associated protein 2
FBgn0023076,Clk,CG7391,protein_coding,Clock
FBgn0031100,CG1504,CG1504,protein_coding,CG1504
FBgn0044809,TotZ,CG31507,protein_coding,Turandot Z
FBgn0030592,CG9514,CG9514,protein_coding,CG9514
FBgn0259857,CR42426,CR42426,ncRNA,CR42426
FBgn0032629,beat-IIIc,CG15138,protein_coding,beaten path IIIc
FBgn0264863,CR44054,CR44054,ncRNA,CR44054
FBgn0039665,CG2310,CG2310,protein_coding,CG2310
FBgn0267729,CR46060,CR46060,ncRNA,CR46060
FBgn0003334,Scm,CG9495,protein_coding,Sex comb on midleg
FBgn0011845,Asp-GTC-1-11,CR31540,tRNA,Aspartic acid-GTC 1-11
FBgn0030228,BTBD9,CG1826,protein_coding,BTB (POZ) domain containing 9
FBgn0266709,Zmynd10,CG11253,protein_coding,Zinc finger MYND-type containing 10
FBgn0039663,CG2321,CG2321,protein_coding,CG2321
FBgn0034403,CG18190,CG18190,protein_coding,CG18190
FBgn0001139,gro,CG8384,protein_coding,groucho
FBgn0038722,Nup58,CG7360,protein_coding,Nucleoporin 58kD
FBgn0032436,CG5418,CG5418,protein_coding,CG5418
FBgn0032698,CG10336,CG10336,protein_coding,CG10336
FBgn0039860,CG1792,CG1792,protein_coding,CG1792
FBgn0039324,CG10553,CG10553,protein_coding,CG10553
FBgn0052436,CG32436,CG32436,protein_coding,CG32436
FBgn0053823,CG33823,CG33823,protein_coding,CG33823
FBgn0265306,CR44279,CR44279,ncRNA,CR44279
FBgn0262899,CG43254,CG43254,protein_coding,CG43254
FBgn0038079,NijC,CG14394,protein_coding,Ninjurin C
FBgn0086042,Me28S-G980,CR34671,snoRNA,CR34671
FBgn0031803,ppk14,CG9501,protein_coding,pickpocket 14
FBgn0053643,CG33643,CG33643,protein_coding,CG33643
FBgn0029514,CG9166,CG9166,protein_coding,CG9166
FBgn0053644,CG33644,CG33644,protein_coding,CG33644
FBgn0051824,CR31824,CR31824,pseudogene,CR31824
FBgn0027108,Inx2,CG4590,protein_coding,Innexin 2
FBgn0037127,CG14566,CG14566,protein_coding,CG14566
FBgn0032382,Mal-B2,CG14935,protein_coding,Maltase B2
FBgn0262682,CR43152,CR43152,ncRNA,CR43152
FBgn0263663,CR43654,CR43654,ncRNA,CR43654
FBgn0265963,CR44750,CR44750,ncRNA,CR44750
FBgn0266651,CR45158,CR45158,ncRNA,CR45158
FBgn0033247,Nup44A,CG8722,protein_coding,Nucleoporin at 44A
FBgn0029710,CG3568,CG3568,protein_coding,CG3568
FBgn0001992,Cyp303a1,CG4163,protein_coding,Cytochrome P450 303a1
FBgn0285969,4,CR46356,ncRNA,stable intronic sequence RNA 4
FBgn0035393,CG16753,CG16753,protein_coding,CG16753
FBgn0030196,Psf3,CG2222,protein_coding,Partner of Sld Five 3
FBgn0042101,CG18744,CG18744,protein_coding,CG18744
FBgn0032704,Jwa,CG10373,protein_coding,Jwa
FBgn0039147,CG10694,CG10694,protein_coding,CG10694
FBgn0034721,CG11298,CG11298,protein_coding,CG11298
FBgn0027621,Pfrx,CG3400,protein_coding,6-phosphofructo-2-kinase
FBgn0035593,Yod1,CG4603,protein_coding,Yod1 deubiquitinase
FBgn0003321,sbr,CG1664,protein_coding,small bristles
FBgn0004052,Z600,CG17962,protein_coding,Z600
FBgn0266616,CR45123,CR45123,ncRNA,CR45123
FBgn0032095,Toll-4,CG18241,protein_coding,Toll-4
FBgn0038250,CG3505,CG3505,protein_coding,CG3505
FBgn0000617,Taf9,CG6474,protein_coding,TBP-associated factor 9
FBgn0264825,CR44033,CR44033,ncRNA,CR44033
FBgn0267707,CR46040,CR46040,ncRNA,CR46040
FBgn0031253,CG11885,CG11885,protein_coding,CG11885
FBgn0037643,ScsbetaA,CG11963,protein_coding,"Succinyl-coenzyme A synthetase beta subunit, ADP-forming"
FBgn0262314,mir-978,CR43021,ncRNA,mir-978 stem loop
FBgn0040496,CG17104,CG17104,protein_coding,CG17104
FBgn0266935,CR45386,CR45386,ncRNA,CR45386
FBgn0285926,Imp,CG1691,protein_coding,IGF-II mRNA-binding protein
FBgn0285943,knon,CG7813,protein_coding,knotted onions
FBgn0023178,Pdf,CG6496,protein_coding,Pigment-dispersing factor
FBgn0033518,Prx6c,CG11765,protein_coding,Peroxiredoxin 6c
FBgn0027575,GABA-B-R2,CG6706,protein_coding,metabotropic GABA-B receptor subtype 2
FBgn0038795,Tmlh,CG4335,protein_coding,Trimethyllysine hydroxylase
FBgn0035047,Pof,CG3691,protein_coding,Painting of fourth
FBgn0284414,CR46328,CR46328,ncRNA,CR46328
FBgn0012344,Dh44,CG8348,protein_coding,Diuretic hormone 44
FBgn0005198,gig,CG6975,protein_coding,gigas
FBgn0053764,CG33764,CG33764,protein_coding,CG33764
FBgn0038737,Mrm2,CG11447,protein_coding,Mitochondrial rRNA methyltransferase 2
FBgn0039024,Nepl15,CG4721,protein_coding,Neprilysin-like 15
FBgn0035005,CG3483,CG3483,protein_coding,CG3483
FBgn0026088,CG14818,CG14818,protein_coding,CG14818
FBgn0038958,CG13857,CG13857,protein_coding,CG13857
FBgn0262239,mir-961,CR42946,ncRNA,mir-961 stem loop
FBgn0038972,CG7054,CG7054,protein_coding,CG7054
FBgn0053899,CG33899,CG33899,protein_coding,CG33899
FBgn0033972,Ciao1,CG12797,protein_coding,Ciao1
FBgn0037059,CG10510,CG10510,protein_coding,CG10510
FBgn0030700,CG15914,CG15914,protein_coding,CG15914
FBgn0004854,B-H2,CG5488,protein_coding,BarH2
FBgn0040388,boi,CG32796,protein_coding,brother of ihog
FBgn0263550,mir-4918,CR43535,ncRNA,mir-4918 stem loop
FBgn0000566,Cth,CG5345,protein_coding,Cystathionine gamma-lyase
FBgn0053516,dpr3,CG33516,protein_coding,defective proboscis extension response 3
FBgn0086359,Invadolysin,CG3953,protein_coding,Invadolysin
FBgn0051776,CG31776,CG31776,protein_coding,CG31776
FBgn0039081,Irk2,CG4370,protein_coding,Inwardly rectifying potassium channel 2
FBgn0042189,CG17376,CG17376,protein_coding,CG17376
FBgn0262481,CG43071,CG43071,protein_coding,CG43071
FBgn0037374,jagn,CG10978,protein_coding,jagunal
FBgn0082924,Or-aca2,CR34593,snoRNA,Or-aca2
FBgn0267557,CR45897,CR45897,ncRNA,CR45897
FBgn0036512,Ufsp2,CG16979,protein_coding,UFM1 specific peptidase 2
FBgn0001258,Ldh,CG10160,protein_coding,Lactate dehydrogenase
FBgn0039026,CG7029,CG7029,protein_coding,CG7029
FBgn0033051,Strica,CG7863,protein_coding,Ser/Thr-rich caspase
FBgn0266951,CR45402,CR45402,ncRNA,CR45402
FBgn0036850,Gem2,CG10419,protein_coding,Gemin 2
FBgn0052036,CG32036,CG32036,protein_coding,CG32036
FBgn0053922,CG33922,CG33922,protein_coding,CG33922
FBgn0030241,feo,CG11207,protein_coding,fascetto
FBgn0266053,Patr-1,CG5208,protein_coding,Protein associated with topo II related - 1
FBgn0033058,CCHa2-R,CG14593,protein_coding,CCHamide-2 receptor
FBgn0051759,CG31759,CG31759,protein_coding,CG31759
FBgn0037937,Fer3,CG6913,protein_coding,48 related 3
FBgn0001170,H2.0,CG11607,protein_coding,Homeodomain protein 2.0
FBgn0262166,caly,CG8445,protein_coding,calypso
FBgn0030744,CG9992,CG9992,protein_coding,CG9992
FBgn0035742,Acbp4,CG8629,protein_coding,Acyl-CoA binding protein 4
FBgn0039158,TBC1d7,CG6182,protein_coding,TBC1 domain family member 7
FBgn0261244,inaE,CG33174,protein_coding,inactivation no afterpotential E
FBgn0267175,CR45615,CR45615,ncRNA,CR45615
FBgn0265693,CR44500,CR44500,ncRNA,CR44500
FBgn0266697,CR45187,CR45187,ncRNA,CR45187
FBgn0002593,RpLP1,CG4087,protein_coding,Ribosomal protein LP1
FBgn0030997,CG7990,CG7990,protein_coding,CG7990
FBgn0259241,vex,CG42339,protein_coding,vexed
FBgn0266377,Pde8,CG45019,protein_coding,Phosphodiesterase 8
FBgn0039576,UQCR-14L,CG17856,protein_coding,Ubiquinol-cytochrome c reductase 14 kDa subunit-like
FBgn0264260,CG43760,CG43760,protein_coding,CG43760
FBgn0265662,CR44469,CR44469,ncRNA,CR44469
FBgn0261292,CheB53a,CG33550,protein_coding,Chemosensory protein B 53a
FBgn0053383,CR33383,CR33383,rRNA,CR33383
FBgn0031424,VGlut,CG9887,protein_coding,Vesicular glutamate transporter
FBgn0027779,VhaSFD,CG17332,protein_coding,Vacuolar H[+]-ATPase SFD subunit
FBgn0036712,brv2,CG16793,protein_coding,brivido-2
FBgn0029532,CG13361,CG13361,protein_coding,CG13361
FBgn0267938,CR46218,CR46218,ncRNA,CR46218
FBgn0064225,RpL5,CG17489,protein_coding,Ribosomal protein L5
FBgn0035578,CG13707,CG13707,protein_coding,CG13707
FBgn0029587,CG14797,CG14797,protein_coding,CG14797
FBgn0033999,CG8093,CG8093,protein_coding,CG8093
FBgn0283626,CR46299,CR46299,ncRNA,CR46299
FBgn0034075,Asph,CG8421,protein_coding,Aspartyl beta-hydroxylase
FBgn0262617,Nuak,CG43143,protein_coding,Nuak family kinase
FBgn0037549,CG7878,CG7878,protein_coding,CG7878
FBgn0061359,Mvk,CG33671,protein_coding,Mevalonate kinase
FBgn0033195,CG1360,CG1360,protein_coding,CG1360
FBgn0050037,CG30037,CG30037,protein_coding,CG30037
FBgn0035915,S-Lap1,CG6372,protein_coding,Sperm-Leucylaminopeptidase 1
FBgn0015282,Rpt2,CG5289,protein_coding,Regulatory particle triple-A ATPase 2
FBgn0266486,CG45085,CG45085,protein_coding,CG45085
FBgn0035384,CG2113,CG2113,protein_coding,CG2113
FBgn0267106,CG45546,CG45546,protein_coding,CG45546
FBgn0261089,Sytalpha,CG5559,protein_coding,Synaptotagmin alpha
FBgn0284411,TS3,CR46325,ncRNA, testis-specific 3
FBgn0038159,CG14369,CG14369,protein_coding,CG14369
FBgn0050384,CG30384,CG30384,protein_coding,CG30384
FBgn0035439,CG14961,CG14961,protein_coding,CG14961
FBgn0262210,mir-927,CR42917,ncRNA,mir-927 stem loop
FBgn0046302,CG10650,CG10650,protein_coding,CG10650
FBgn0008635,betaCOP,CG6223,protein_coding,Coat Protein (coatomer) beta
FBgn0001087,g,CG10986,protein_coding,garnet
FBgn0053490,CG33490,CG33490,protein_coding,CG33490
FBgn0267171,CR45611,CR45611,ncRNA,CR45611
FBgn0265526,CR44376,CR44376,ncRNA,CR44376
FBgn0259703,Grl62a,CG42357,protein_coding,Gustatory receptor-like 62a
FBgn0265307,CR44280,CR44280,ncRNA,CR44280
FBgn0266454,CG45079,CG45079,protein_coding,CG45079
FBgn0267042,CG45486,CG45486,protein_coding,CG45486
FBgn0039528,dsd,CG5634,protein_coding,distracted
FBgn0263512,Vsx2,CG33980,protein_coding,Visual system homeobox 2
FBgn0000533,ea,CG4920,protein_coding,easter
FBgn0262945,CR43264,CR43264,ncRNA,CR43264
FBgn0036466,CG18581,CG18581,protein_coding,CG18581
FBgn0051161,CG31161,CG31161,protein_coding,CG31161
FBgn0029868,ND-B16.6,CG3446,protein_coding,NADH dehydrogenase (ubiquinone) B16.6 subunit
FBgn0036915,Prp3,CG7757,protein_coding,Precursor RNA processing 3
FBgn0041235,Gr59c,CG30186,protein_coding,Gustatory receptor 59c
FBgn0004598,Fur2,CG18734,protein_coding,Furin 2
FBgn0038986,sit,CG5278,protein_coding,stuck in traffic
FBgn0035722,Uqcc1,CG10075,protein_coding,Ubiquinol-cytochrome c reductase complex assembly factor 1
FBgn0001112,Gld,CG1152,protein_coding,Glucose dehydrogenase
FBgn0032753,CG17572,CG17572,protein_coding,CG17572
FBgn0024330,MED6,CG9473,protein_coding,Mediator complex subunit 6
FBgn0034582,Cht9,CG10531,protein_coding,Chitinase 9
FBgn0086698,frtz,CG17657,protein_coding,fritz
FBgn0065058,684,CR33794,snoRNA,684
FBgn0031048,CG12237,CG12237,protein_coding,CG12237
FBgn0086673,CG13272,CG13272,protein_coding,CG13272
FBgn0004838,Hrb27C,CG10377,protein_coding,Heterogeneous nuclear ribonucleoprotein at 27C
FBgn0085214,CG34185,CG34185,protein_coding,CG34185
FBgn0266646,CR45153,CR45153,ncRNA,CR45153
FBgn0035461,ntc,CG10855,protein_coding,nutcracker
FBgn0034542,Fem-1,CG9025,protein_coding,Fem-1
FBgn0266836,CR45298,CR45298,ncRNA,CR45298
FBgn0267884,CR46172,CR46172,pseudogene,CR46172
FBgn0267247,CR45687,CR45687,ncRNA,CR45687
FBgn0263216,CG43386,CG43386,protein_coding,CG43386
FBgn0025574,Pli,CG5212,protein_coding,Pellino
FBgn0033539,Git,CG16728,protein_coding,G protein-coupled receptor kinase interacting ArfGAP
FBgn0262876,CG43231,CG43231,protein_coding,CG43231
FBgn0053909,CG33909,CG33909,protein_coding,CG33909
FBgn0035458,ppk27,CG10858,protein_coding,pickpocket 27
FBgn0037607,CG8036,CG8036,protein_coding,CG8036
FBgn0033573,Obp47a,CG12944,protein_coding,Odorant-binding protein 47a
FBgn0037135,eIF2A,CG7414,protein_coding,eukaryotic translation initiation factor 2A
FBgn0263863,mRpL45,CG6949,protein_coding,mitochondrial ribosomal protein L45
FBgn0053196,dpy,CG33196,protein_coding,dumpy
FBgn0086601,Psi28S-3327c,CR33753,snoRNA,Psi28S-3327c
FBgn0267862,CR46150,CR46150,pseudogene,CR46150
FBgn0085452,CG34423,CG34423,protein_coding,CG34423
FBgn0267803,CR46128,CR46128,ncRNA,CR46128
FBgn0031758,Ucp4B,CG18340,protein_coding,Uncoupling protein 4B
FBgn0085343,Sws1,CG34314,protein_coding,SWIM domain containing Srs2 interacting protein 1
FBgn0028697,RpL15,CG17420,protein_coding,Ribosomal protein L15
FBgn0026063,KP78b,CG17216,protein_coding,KP78b
FBgn0265993,CR44768,CR44768,ncRNA,CR44768
FBgn0052523,CG32523,CG32523,protein_coding,CG32523
FBgn0037204,CG11131,CG11131,protein_coding,CG11131
FBgn0259973,Sfp79B,CG42483,protein_coding,Seminal fluid protein 79
FBgn0032181,CG13133,CG13133,protein_coding,CG13133
FBgn0267591,CR45929,CR45929,ncRNA,CR45929
FBgn0038217,CG14840,CG14840,protein_coding,CG14840
FBgn0041087,wun2,CG8805,protein_coding,wunen-2
FBgn0053701,CR33701,CR33701,pseudogene,CR33701
FBgn0032894,CG14402,CG14402,protein_coding,CG14402
FBgn0266048,CR44813,CR44813,ncRNA,CR44813
FBgn0052329,Glu-CTC-3-3,CR32329,tRNA,Glutamic acid-CTC 3-3
FBgn0264872,CR44063,CR44063,ncRNA,CR44063
FBgn0266163,CG44869,CG44869,protein_coding,CG44869
FBgn0085376,CG34347,CG34347,protein_coding,CG34347
FBgn0028577,hfp,CG12085,protein_coding,half pint
FBgn0031051,Ranbp21,CG12234,protein_coding,Ranbp21
FBgn0033918,CG8531,CG8531,protein_coding,CG8531
FBgn0265810,CR44599,CR44599,ncRNA,CR44599
FBgn0086670,Psi28S-2622,CR33656,snoRNA,Psi28S-2622
FBgn0086602,Psi28S-3436b,CR33799,snoRNA,Psi28S-3436b
FBgn0010288,Uch,CG4265,protein_coding,Ubiquitin carboxy-terminal hydrolase
FBgn0010333,Rac1,CG2248,protein_coding,Rac1
FBgn0032031,CG13390,CG13390,protein_coding,CG13390
FBgn0053858,CG33858,CG33858,protein_coding,CG33858
FBgn0032171,CG5846,CG5846,protein_coding,CG5846
FBgn0250788,beta-Spec,CG5870,protein_coding,beta Spectrin
FBgn0261387,CG17528,CG17528,protein_coding,CG17528
FBgn0035318,CG9018,CG9018,protein_coding,CG9018
FBgn0036544,sff,CG6114,protein_coding,sugar-free frosting
FBgn0032677,CG5790,CG5790,protein_coding,CG5790
FBgn0030348,CG10352,CG10352,protein_coding,CG10352
FBgn0034966,CG13563,CG13563,protein_coding,CG13563
FBgn0266437,CG45067,CG45067,protein_coding,CG45067
FBgn0034144,CG5089,CG5089,protein_coding,CG5089
FBgn0263983,CG43732,CG43732,protein_coding,CG43732
FBgn0014163,fax,CG4609,protein_coding,failed axon connections
FBgn0266778,CR45243,CR45243,ncRNA,CR45243
FBgn0284421,Psn,CG18803,protein_coding,Presenilin
FBgn0035059,CG3894,CG3894,protein_coding,CG3894
FBgn0030594,fiz,CG9509,protein_coding,fezzik
FBgn0051157,CG31157,CG31157,protein_coding,CG31157
FBgn0283741,prage,CG42666,protein_coding,prage
FBgn0037513,pyd3,CG3027,protein_coding,pyd3
FBgn0005617,msl-1,CG10385,protein_coding,male-specific lethal 1
FBgn0032251,Nse4,CG13142,protein_coding,Non-SMC element 4
FBgn0053346,CG33346,CG33346,protein_coding,CG33346
FBgn0262610,CG43136,CG43136,protein_coding,CG43136
FBgn0038474,mRpS11,CG5184,protein_coding,mitochondrial ribosomal protein S11
FBgn0037469,Dpck,CG1939,protein_coding,Dephospho-CoA kinase
FBgn0025457,Bub3,CG7581,protein_coding,Bub3
FBgn0039562,Gp93,CG5520,protein_coding,Glycoprotein 93
FBgn0003499,sr,CG7847,protein_coding,stripe
FBgn0031939,CG13796,CG13796,protein_coding,CG13796
FBgn0035769,CTCF,CG8591,protein_coding,CTCF
FBgn0259735,mtgo,CG42389,protein_coding,miles to go
FBgn0034368,zda,CG5482,protein_coding,zonda
FBgn0034683,Grl58a,CG13500,protein_coding,Gustatory receptor-like 58a
FBgn0023542,Nmd3,CG3460,protein_coding,Nonsense-mediated mRNA 3
FBgn0031119,CG1812,CG1812,protein_coding,CG1812
FBgn0042132,CG18809,CG18809,protein_coding,CG18809
FBgn0038631,CG7695,CG7695,protein_coding,CG7695
FBgn0012002,Val-CAC-1-1,CR31572,tRNA,Valine-CAC 1-1
FBgn0036809,CG12477,CG12477,protein_coding,CG12477
FBgn0037411,Osi3,CG1150,protein_coding,Osiris 3
FBgn0028949,CG15254,CG15254,protein_coding,CG15254
FBgn0020617,Rx,CG10052,protein_coding,Retinal Homeobox
FBgn0022343,CG3760,CG3760,protein_coding,CG3760
FBgn0039203,Jhbp12,CG13618,protein_coding,Juvenile hormone binding protein 12
FBgn0288746,CG46521,CG46521,protein_coding,CG46521
FBgn0036487,Prp31,CG6876,protein_coding,Pre-mRNA processing factor 31
FBgn0030466,Remo,CG15744,protein_coding,Remoulade
FBgn0053087,LRP1,CG33087,protein_coding,LDL receptor protein 1
FBgn0032522,Flad2,CG16848,protein_coding,Flavin adenine dinucleotide synthetase 2
FBgn0014020,Rho1,CG8416,protein_coding,Rho1
FBgn0034990,CG11406,CG11406,protein_coding,CG11406
FBgn0035011,CG13589,CG13589,protein_coding,CG13589
FBgn0038582,CG7988,CG7988,protein_coding,CG7988
FBgn0037460,sowi,CG15178,protein_coding,solwind
FBgn0039059,CG13829,CG13829,protein_coding,CG13829
FBgn0039108,CG10232,CG10232,protein_coding,CG10232
FBgn0043457,CG5180,CG5180,protein_coding,CG5180
FBgn0285994,CR46340,CR46340,ncRNA,CR46340
FBgn0259795,loopin-1,CG4750,protein_coding,loopin-1
FBgn0267096,CR45536,CR45536,ncRNA,CR45536
FBgn0266942,CR45393,CR45393,ncRNA,CR45393
FBgn0053200,VepD,CG33200,protein_coding,Ventrally-expressed protein D
FBgn0267122,CR45562,CR45562,ncRNA,CR45562
FBgn0004362,HmgD,CG17950,protein_coding,High mobility group protein D
FBgn0037882,CG17187,CG17187,protein_coding,CG17187
FBgn0027841,CstF64,CG7697,protein_coding,Cleavage stimulation factor 64 kD subunit
FBgn0039723,CG15522,CG15522,protein_coding,CG15522
FBgn0031344,CG7420,CG7420,protein_coding,CG7420
FBgn0050334,CG30334,CG30334,protein_coding,CG30334
FBgn0266860,CR45321,CR45321,ncRNA,CR45321
FBgn0050172,CG30172,CG30172,protein_coding,CG30172
FBgn0086472,RpS25,CG6684,protein_coding,Ribosomal protein S25
FBgn0039251,Trf4-2,CG17462,protein_coding,Topoisomerase related function 4-2
FBgn0041234,Gr59f,CG33150,protein_coding,Gustatory receptor 59f
FBgn0262457,mir-1015,CR43031,ncRNA,mir-1015 stem loop
FBgn0027079,ValRS,CG4062,protein_coding,Valyl-tRNA synthetase
FBgn0029791,AdamTS-B,CG4096,protein_coding,ADAM metallopeptidase with thrombospondin type 1 motif B
FBgn0053970,osy,CG33970,protein_coding,oskyddad
FBgn0265817,CR44606,CR44606,ncRNA,CR44606
FBgn0267453,CR45803,CR45803,ncRNA,CR45803
FBgn0054043,CG34043,CG34043,protein_coding,CG34043
FBgn0036372,Abp1,CG10083,protein_coding,Actin binding protein 1
FBgn0263132,Cht6,CG43374,protein_coding,Chitinase 6
FBgn0032110,CG3748,CG3748,protein_coding,CG3748
FBgn0063375,Me28S-G3277a,CR32893,snoRNA,CR32893
FBgn0259977,Tdc1,CG30445,protein_coding,Tyrosine decarboxylase 1
FBgn0038523,Sgs5bis,CG7587,protein_coding,CG7587
FBgn0034802,CNBP,CG3800,protein_coding,CCHC-type zinc finger nucleic acid binding protein
FBgn0052557,Mco4,CG32557,protein_coding,Multicopper oxidase 4
FBgn0031476,CG8813,CG8813,protein_coding,CG8813
FBgn0085224,CG34195,CG34195,protein_coding,CG34195
FBgn0028480,CG17841,CG17841,protein_coding,CG17841
FBgn0051603,Asp-GTC-1-5,CR31603,tRNA,Aspartic acid-GTC 1-5
FBgn0029880,CG14443,CG14443,protein_coding,CG14443
FBgn0028415,Met75Cb,CG18064,protein_coding,Met75Cb
FBgn0034474,Obp56g,CG13873,protein_coding,Odorant-binding protein 56g
FBgn0267901,CR46189,CR46189,pseudogene,CR46189
FBgn0034425,CG11906,CG11906,protein_coding,CG11906
FBgn0085291,CR34262,CR34262,pseudogene,CR34262
FBgn0261597,RpS26,CG10305,protein_coding,Ribosomal protein S26
FBgn0263750,CG43675,CG43675,protein_coding,CG43675
FBgn0262389,mir-1017,CR42919,ncRNA,mir-1017 stem loop
FBgn0032414,CG17211,CG17211,protein_coding,CG17211
FBgn0266569,CG42259,CG42259,protein_coding,CG42259
FBgn0265857,CR44646,CR44646,ncRNA,CR44646
FBgn0031504,CG15403,CG15403,protein_coding,CG15403
FBgn0036286,CG10616,CG10616,protein_coding,CG10616
FBgn0032486,mRF1,CG5705,protein_coding,mitochondrial translation release factor 1
FBgn0036294,CG10654,CG10654,protein_coding,CG10654
FBgn0000536,eas,CG3525,protein_coding,easily shocked
FBgn0039743,Jasper,CG7946,protein_coding,JIL-1 anchoring and stabilizing protein
FBgn0265872,CR44661,CR44661,ncRNA,CR44661
FBgn0267366,mil,CG5017,protein_coding,milkah
FBgn0042185,MCU,CG18769,protein_coding,Mitochondrial calcium uniporter
FBgn0028894,GMF,CG5869,protein_coding,Glia maturation factor
FBgn0266009,CR44782,CR44782,ncRNA,CR44782
FBgn0263328,CR43409,CR43409,ncRNA,CR43409
FBgn0033274,CG14757,CG14757,protein_coding,CG14757
FBgn0286980,Iyd,CG46438,protein_coding,Iodotyrosine deiodinase
FBgn0267555,CR45895,CR45895,ncRNA,CR45895
FBgn0027259,Kmn1,CG1558,protein_coding,kinetochore Mis12-Ndc80 network component 1
FBgn0004832,Xpac,CG6358,protein_coding,Xeroderma pigmentosum group A-like
FBgn0015400,kek2,CG4977,protein_coding,kekkon 2
FBgn0033605,CG9067,CG9067,protein_coding,CG9067
FBgn0264845,Tep5Psi,CR13079,pseudogene,Thioester-containing protein 5 pseudogene
FBgn0034076,Jhedup,CG8424,protein_coding,Juvenile hormone esterase duplication
FBgn0029153,Menl-2,CG7969,protein_coding,Malic enzyme like-2
FBgn0028379,fan,CG7919,protein_coding,farinelli
FBgn0042137,CG18814,CG18814,protein_coding,CG18814
FBgn0015351,Mettl4,CG14906,protein_coding,Methyltransferase like 4
FBgn0051423,Ir94c,CG31423,protein_coding,Ionotropic receptor 94c
FBgn0032987,RpL21,CG12775,protein_coding,Ribosomal protein L21
FBgn0001323,knrl,CG4761,protein_coding,knirps-like
FBgn0035430,CG12009,CG12009,protein_coding,CG12009
FBgn0035850,Atg18a,CG7986,protein_coding,Autophagy-related 18a
FBgn0032632,CG6380,CG6380,protein_coding,CG6380
FBgn0039188,Golgin84,CG17785,protein_coding,Golgin-84
FBgn0051465,CG31465,CG31465,protein_coding,CG31465
FBgn0010296,ng4,CG10789,protein_coding,new glue 4
FBgn0025639,Hmt4-20,CG13363,protein_coding,Histone methyltransferase 4-20
FBgn0015513,mbc,CG10379,protein_coding,myoblast city
FBgn0037087,CG7519,CG7519,protein_coding,CG7519
FBgn0035134,CG1231,CG1231,protein_coding,CG1231
FBgn0267719,CR46052,CR46052,ncRNA,CR46052
FBgn0263316,Mrp4,CG14709,protein_coding,Multidrug resistance protein 4
FBgn0266892,CR45352,CR45352,ncRNA,CR45352
FBgn0036772,CG5290,CG5290,protein_coding,CG5290
FBgn0050466,CG30466,CG30466,protein_coding,CG30466
FBgn0037638,CG8379,CG8379,protein_coding,CG8379
FBgn0265364,CR44305,CR44305,ncRNA,CR44305
FBgn0000635,Fas2,CG3665,protein_coding,Fasciclin 2
FBgn0031420,Atxn7,CG9866,protein_coding,Ataxin 7
FBgn0263477,PsiU1-6,CR43592,snoRNA, PsiU1-6
FBgn0010340,140up,CG9852,protein_coding,upstream of RpII140
FBgn0262580,CG43120,CG43120,protein_coding,CG43120
FBgn0267996,CR46263,CR46263,ncRNA,CR46263
FBgn0038850,Jhbp15,CG17279,protein_coding,Juvenile hormone binding protein 15
FBgn0030384,CG2577,CG2577,protein_coding,CG2577
FBgn0004379,Klp67A,CG10923,protein_coding,Kinesin-like protein at 67A
FBgn0031209,Ir21a,CG2657,protein_coding,Ionotropic receptor 21a
FBgn0038233,HtrA2,CG8464,protein_coding,HTRA2-related serine protease
FBgn0051668,CG31668,CG31668,protein_coding,CG31668
FBgn0266209,CR44904,CR44904,ncRNA,CR44904
FBgn0036601,CG13063,CG13063,protein_coding,CG13063
FBgn0039204,CG6607,CG6607,protein_coding,CG6607
FBgn0032945,CG8665,CG8665,protein_coding,CG8665
FBgn0011864,Gly-GCC-1-6,CR31982,tRNA,Glycine-GCC 1-6
FBgn0050323,CG30323,CG30323,protein_coding,CG30323
FBgn0031176,whe,CG1678,protein_coding,what else
FBgn0039748,CG15529,CG15529,protein_coding,CG15529
FBgn0050277,Oatp58Da,CG30277,protein_coding,Organic anion transporting polypeptide 58Da
FBgn0025642,CG32812,CG32812,protein_coding,CG32812
FBgn0037613,Cks85A,CG9790,protein_coding,Cyclin-dependent kinase subunit 85A
FBgn0085207,CG34178,CG34178,protein_coding,CG34178
FBgn0037822,CG14683,CG14683,protein_coding,CG14683
FBgn0265796,CR44585,CR44585,ncRNA,CR44585
FBgn0031604,Elp3,CG15433,protein_coding,Elongator complex protein 3
FBgn0004414,msopa,CG14560,protein_coding,male-specific opa containing gene
FBgn0266945,CR45396,CR45396,ncRNA,CR45396
FBgn0001150,gt,CG7952,protein_coding,giant
FBgn0025724,beta'COP,CG6699,protein_coding,Coat Protein (coatomer) beta'
FBgn0014011,Rac2,CG8556,protein_coding,Rac2
FBgn0037305,Enoph,CG12173,protein_coding,Enolase-phosphatase
FBgn0027617,CG5808,CG5808,protein_coding,CG5808
FBgn0039681,CG7582,CG7582,protein_coding,CG7582
FBgn0031347,nis,CG10869,protein_coding,no individualized sperm
FBgn0260437,CR42532,CR42532,pseudogene,CR42532
FBgn0001098,Gdh,CG5320,protein_coding,Glutamate dehydrogenase
FBgn0034021,CG8180,CG8180,protein_coding,CG8180
FBgn0004106,Cdk1,CG5363,protein_coding,Cyclin-dependent kinase 1
FBgn0042178,Apl,CG32165,protein_coding,Apollo
FBgn0038008,CG3942,CG3942,protein_coding,CG3942
FBgn0034785,CG3649,CG3649,protein_coding,CG3649
FBgn0259716,Nepl6,CG42370,protein_coding,Neprilysin-like 6
FBgn0024227,aurB,CG6620,protein_coding,aurora B
FBgn0032120,CG33298,CG33298,protein_coding,CG33298
FBgn0037841,CG4565,CG4565,protein_coding,CG4565
FBgn0003462,Sod1,CG11793,protein_coding,Superoxide dismutase 1
FBgn0030280,CG11106,CG11106,protein_coding,CG11106
FBgn0034136,DAT,CG8380,protein_coding,Dopamine transporter
FBgn0052644,Mur11Da,CG32644,protein_coding,Mucin related 11Da
FBgn0264713,CR43981,CR43981,ncRNA,CR43981
FBgn0042086,Tsp42Eb,CG18816,protein_coding,Tetraspanin 42Eb
FBgn0035532,CG15014,CG15014,protein_coding,CG15014
FBgn0022936,CycH,CG7405,protein_coding,Cyclin H
FBgn0038767,trem,CG4413,protein_coding,trade embargo
FBgn0028327,l(1)G0320,CG32701,protein_coding,lethal (1) G0320
FBgn0036764,CG5535,CG5535,protein_coding,CG5535
FBgn0262430,mir-9c,CR42985,ncRNA,mir-9c stem loop
FBgn0267916,CR46197,CR46197,ncRNA,CR46197
FBgn0050122,CG30122,CG30122,protein_coding,CG30122
FBgn0033302,Cyp6a14,CG8687,protein_coding,Cytochrome P450 6a14
FBgn0015572,alpha-Est4,CG1082,protein_coding,alpha-Esterase-4
FBgn0084001,Grl40a,CG41434,protein_coding,Gustatory receptor-like 40a
FBgn0267497,CR45837,CR45837,rRNA,CR45837
FBgn0262937,Rabex-5,CG9139,protein_coding,Rabaptin-5-associated exchange factor for Rab5
FBgn0037684,Srr,CG8129,protein_coding,Serine racemase
FBgn0035192,galene,CG9194,protein_coding,galene
FBgn0052816,CG32816,CG32816,protein_coding,CG32816
FBgn0053002,mRpL27,CG33002,protein_coding,mitochondrial ribosomal protein L27
FBgn0052099,CG32099,CG32099,protein_coding,CG32099
FBgn0035268,CG8001,CG8001,protein_coding,CG8001
FBgn0038928,Fadd,CG12297,protein_coding,Fas-associated death domain
FBgn0013703,Gln-TTG,CR34061,tRNA,Glutamine-TTG
FBgn0085325,CG34296,CG34296,protein_coding,CG34296
FBgn0020299,stumps,CG31317,protein_coding,stumps
FBgn0052820,CG32820,CG32820,protein_coding,CG32820
FBgn0020496,CtBP,CG7583,protein_coding,C-terminal Binding Protein
FBgn0265893,CR44682,CR44682,ncRNA,CR44682
FBgn0003386,Shaw,CG2822,protein_coding,Shaker cognate w
FBgn0082959,Psi28S-3405b,CR34620,snoRNA,Psi28S-3405b
FBgn0036881,Cpr76Bd,CG9299,protein_coding,Cuticular protein 76Bd
FBgn0031741,CG11034,CG11034,protein_coding,CG11034
FBgn0032350,CG6287,CG6287,protein_coding,CG6287
FBgn0041181,Tep3,CG7068,protein_coding,Thioester-containing protein 3
FBgn0026760,Tehao,CG7121,protein_coding,Tehao
FBgn0038359,CG5614,CG5614,protein_coding,CG5614
FBgn0262986,CG43294,CG43294,protein_coding,CG43294
FBgn0032453,CG6180,CG6180,protein_coding,CG6180
FBgn0052212,CG32212,CG32212,protein_coding,CG32212
FBgn0010039,GstD3,CG4381,protein_coding,Glutathione S transferase D3
FBgn0266326,CR44991,CR44991,ncRNA,CR44991
FBgn0260780,wisp,CG15737,protein_coding,wispy
FBgn0261987,Pxt,CG7660,protein_coding,Peroxinectin-like
FBgn0034709,Swim,CG3074,protein_coding,Secreted Wg-interacting molecule
FBgn0016701,Rab4,CG4921,protein_coding,Rab4
FBgn0029568,CG11381,CG11381,protein_coding,CG11381
FBgn0034401,MetRS,CG15100,protein_coding,Methionyl-tRNA synthetase
FBgn0050054,CG30054,CG30054,protein_coding,CG30054
FBgn0038067,CG11598,CG11598,protein_coding,CG11598
FBgn0040382,CG5273,CG5273,protein_coding,CG5273
FBgn0032283,CG7296,CG7296,protein_coding,CG7296
FBgn0086048,Me28S-U3344b,CR34677,snoRNA,CR34677
FBgn0263607,l(3)72Dp,CG32155,protein_coding,lethal (3) 72Dp
FBgn0267777,CR46108,CR46108,ncRNA,CR46108
FBgn0032700,CG10338,CG10338,protein_coding,CG10338
FBgn0036575,CG5157,CG5157,protein_coding,CG5157
FBgn0037660,beag,CG18005,protein_coding,beag
FBgn0031626,CG15631,CG15631,protein_coding,CG15631
FBgn0266281,CR44966,CR44966,ncRNA,CR44966
FBgn0036918,Pfdn6,CG7770,protein_coding,Prefoldin 6
FBgn0037998,Cog1,CG4848,protein_coding,Component of oligomeric golgi complex 1
FBgn0039631,Sirt7,CG11305,protein_coding,Sirtuin 7
FBgn0262533,CR43087,CR43087,pseudogene,CR43087
FBgn0036829,Ir75d,CG14076,protein_coding,Ionotropic receptor 75d
FBgn0039527,CG5639,CG5639,protein_coding,CG5639
FBgn0037338,Snm1,CG10018,protein_coding,Snm1
FBgn0262445,mir-133,CR43011,ncRNA,mir-133 stem loop
FBgn0044823,Spec2,CG14672,protein_coding,Spec2
FBgn0265263,CG42688,CG42688,protein_coding,CG42688
FBgn0013751,Awh,CG1072,protein_coding,Arrowhead
FBgn0037846,CG6574,CG6574,protein_coding,CG6574
FBgn0086361,alph,CG1906,protein_coding,alphabet
FBgn0038870,Oga,CG5871,protein_coding,O-GlcNAcase
FBgn0264747,CG44005,CG44005,protein_coding,CG44005
FBgn0270927,betaGlu,CG2135,protein_coding,beta glucuronidase
FBgn0029701,CG12691,CG12691,protein_coding,CG12691
FBgn0267142,CR45582,CR45582,ncRNA,CR45582
FBgn0033862,CG6209,CG6209,protein_coding,CG6209
FBgn0037832,Desi,CG14686,protein_coding,Desiccate
FBgn0011653,mas,CG15002,protein_coding,masquerade
FBgn0036494,Toll-6,CG7250,protein_coding,Toll-6
FBgn0037213,CG12581,CG12581,protein_coding,CG12581
FBgn0267604,CR45942,CR45942,ncRNA,CR45942
FBgn0032668,CG17681,CG17681,protein_coding,CG17681
FBgn0286867,osk,CR46389,ncRNA,osk
FBgn0038717,CG17751,CG17751,protein_coding,CG17751
FBgn0265080,CR44191,CR44191,ncRNA,CR44191
FBgn0015609,CadN,CG7100,protein_coding,Cadherin-N
FBgn0053556,form3,CG33556,protein_coding,formin 3
FBgn0040334,Tsp3A,CG10742,protein_coding,Tetraspanin 3A
FBgn0032129,jp,CG4405,protein_coding,junctophilin
FBgn0262017,CG42830,CG42830,protein_coding,CG42830
FBgn0036733,U4-U6-60K,CG6322,protein_coding,U4-U6 small nuclear riboprotein factor 60K
FBgn0063261,CG31275,CG31275,protein_coding,CG31275
FBgn0036698,CG7724,CG7724,protein_coding,CG7724
FBgn0263587,CR43612,CR43612,ncRNA,CR43612
FBgn0030586,CG12539,CG12539,protein_coding,CG12539
FBgn0035965,Use1,CG14181,protein_coding,Unconventional SNARE in the ER 1
FBgn0259145,CG42260,CG42260,protein_coding,CG42260
FBgn0015001,iotaTry,CG7754,protein_coding,iotaTrypsin
FBgn0267037,CR45481,CR45481,ncRNA,CR45481
FBgn0264940,CR44109,CR44109,ncRNA,CR44109
FBgn0030814,CG4955,CG4955,protein_coding,CG4955
FBgn0033241,CG2915,CG2915,protein_coding,CG2915
FBgn0031900,CG13786,CG13786,protein_coding,CG13786
FBgn0267510,CR45850,CR45850,pseudogene,CR45850
FBgn0053278,CG33278,CG33278,protein_coding,CG33278
FBgn0267495,CR45185,CR45185,ncRNA,CR45185
FBgn0051099,CG31099,CG31099,protein_coding,CG31099
FBgn0259098,CG42246,CG42246,protein_coding,CG42246
FBgn0037430,Osi20,CG15188,protein_coding,Osiris 20
FBgn0037020,Pex14,CG4289,protein_coding,Peroxin 14
FBgn0053255,CR33255,CR33255,pseudogene,CR33255
FBgn0033052,SCAP,CG33131,protein_coding,SREBP cleavage activating protein
FBgn0261993,CG42811,CG42811,protein_coding,CG42811
FBgn0004593,Eig71Ef,CG7599,protein_coding,Ecdysone-induced gene 71Ef
FBgn0032282,CG7299,CG7299,protein_coding,CG7299
FBgn0010357,betaTry,CG18211,protein_coding,betaTrypsin
FBgn0028856,CG18063,CG18063,protein_coding,CG18063
FBgn0262836,CG43200,CG43200,protein_coding,CG43200
FBgn0033214,CG1941,CG1941,protein_coding,CG1941
FBgn0003042,Pc,CG32443,protein_coding,Polycomb
FBgn0041249,Gr22f,CG31932,protein_coding,Gustatory receptor 22f
FBgn0034062,CG8388,CG8388,protein_coding,CG8388
FBgn0262172,mir-307b,CR42879,ncRNA,mir-307b stem loop
FBgn0005536,Mbs,CG32156,protein_coding,Myosin binding subunit
FBgn0003140,PpY-55A,CG10930,protein_coding,Protein phosphatase Y at 55A
FBgn0034946,CG3065,CG3065,protein_coding,CG3065
FBgn0262108,CR42861,CR42861,ncRNA,CR42861
FBgn0027490,D12,CG13400,protein_coding,D12
FBgn0000239,bur,CG9242,protein_coding,burgundy
FBgn0263612,CR43621,CR43621,ncRNA,CR43621
FBgn0039688,Kul,CG1964,protein_coding,Kuzbanian-like
FBgn0266993,CR45444,CR45444,ncRNA,CR45444
FBgn0264618,CR43958,CR43958,ncRNA,CR43958
FBgn0038565,CG7794,CG7794,protein_coding,CG7794
FBgn0005771,noc,CG4491,protein_coding,no ocelli
FBgn0030051,spirit,CG2056,protein_coding,Serine Protease Immune Response Integrator
FBgn0058182,CR40182,CR40182,pseudogene,CR40182
FBgn0266219,CR44914,CR44914,ncRNA,CR44914
FBgn0051896,Asp-GTC-1-2,CR31896,tRNA,Aspartic acid-GTC 1-2
FBgn0262581,CG43121,CG43121,protein_coding,CG43121
FBgn0267318,CR45754,CR45754,ncRNA,CR45754
FBgn0082997,Psi28S-1232,CR34592,snoRNA,Psi28S-1232
FBgn0051755,SoYb,CG31755,protein_coding,Sister of Yb
FBgn0263116,5-HT1B,CG15113,protein_coding,5-hydroxytryptamine (serotonin) receptor 1B
FBgn0033326,CG14743,CG14743,protein_coding,CG14743
FBgn0031117,GstT3,CG1702,protein_coding,Glutathione S transferase T3
FBgn0032615,CG6012,CG6012,protein_coding,CG6012
FBgn0010228,HmgZ,CG17921,protein_coding,HMG protein Z
FBgn0264362,CG43814,CG43814,protein_coding,CG43814
FBgn0033673,CG8298,CG8298,protein_coding,CG8298
FBgn0004050,z,CG7803,protein_coding,zeste
FBgn0000317,ck,CG7595,protein_coding,crinkled
FBgn0011204,cue,CG12086,protein_coding,cueball
FBgn0266816,CR45278,CR45278,ncRNA,CR45278
FBgn0040512,zetaCOP,CG3948,protein_coding,Coat Protein (coatomer) zeta
FBgn0263456,nwk,CG43479,protein_coding,nervous wreck
FBgn0064912,CG31178,CG31178,protein_coding,CG31178
FBgn0031389,CG4259,CG4259,protein_coding,CG4259
FBgn0038303,SIDL,CG6623,protein_coding,Shal Interactor of Di-Leucine Motif
FBgn0042710,Hex-t2,CG32849,protein_coding,Hexokinase testis 2
FBgn0038569,CG7218,CG7218,protein_coding,CG7218
FBgn0039585,CG1894,CG1894,protein_coding,CG1894
FBgn0034186,CG8950,CG8950,protein_coding,CG8950
FBgn0278597,CR46267,CR46267,ncRNA,CR46267
FBgn0030813,CG4949,CG4949,protein_coding,CG4949
FBgn0033303,Cyp6a15Psi,CR14753,pseudogene,Cyp6a15Psi
FBgn0026190,PH4alphaMP,CG9726,protein_coding,prolyl-4-hydroxylase-alpha MP
FBgn0026076,UBL3,CG9038,protein_coding,Ubiquitin like 3
FBgn0037923,CG6813,CG6813,protein_coding,CG6813
FBgn0053060,CG33060,CG33060,protein_coding,CG33060
FBgn0083945,CG34109,CG34109,protein_coding,CG34109
FBgn0085194,CG34165,CG34165,protein_coding,CG34165
FBgn0032631,CG15140,CG15140,protein_coding,CG15140
FBgn0034541,CG13437,CG13437,protein_coding,CG13437
FBgn0028541,TM9SF4,CG7364,protein_coding,Transmembrane 9 superfamily protein member 4
FBgn0032485,CG9426,CG9426,protein_coding,CG9426
FBgn0033249,CG11191,CG11191,protein_coding,CG11191
FBgn0265834,CG44623,CG44623,protein_coding,CG44623
FBgn0266845,CG45307,CG45307,protein_coding,CG45307
FBgn0264750,CG44008,CG44008,protein_coding,CG44008
FBgn0259957,CG42467,CG42467,protein_coding,CG42467
FBgn0040609,CG3348,CG3348,protein_coding,CG3348
FBgn0039536,unc80,CG18437,protein_coding,uncoordinated 80
FBgn0026479,Drp1,CG3210,protein_coding,Dynamin related protein 1
FBgn0037623,CG9801,CG9801,protein_coding,CG9801
FBgn0052808,CG32808,CG32808,protein_coding,CG32808
FBgn0039555,mRpS22,CG12261,protein_coding,mitochondrial ribosomal protein S22
FBgn0036923,CG17732,CG17732,protein_coding,CG17732
FBgn0036133,emei,CG7638,protein_coding,emei
FBgn0039395,CG14546,CG14546,protein_coding,CG14546
FBgn0265789,CR44578,CR44578,ncRNA,CR44578
FBgn0263331,CR43412,CR43412,ncRNA,CR43412
FBgn0034901,CG11300,CG11300,protein_coding,CG11300
FBgn0037070,CG11309,CG11309,protein_coding,CG11309
FBgn0034389,Mctp,CG15078,protein_coding,Multiple C2 domain and transmembrane region protein
FBgn0033500,Csgalnact,CG12913,protein_coding,Chondroitin sulfate N-acetylgalactosaminyltransferase
FBgn0030900,Him,CG15064,protein_coding,Holes in muscle
FBgn0020503,CLIP-190,CG5020,protein_coding,Cytoplasmic linker protein 190
FBgn0035050,SiaT,CG4871,protein_coding,Sialyltransferase
FBgn0264448,CR43866,CR43866,ncRNA,CR43866
FBgn0028938,Vajk1,CG16886,protein_coding,CG16886
FBgn0023550,FarO,CG18031,protein_coding,Fatty acyl-CoA reductase in oenocytes
FBgn0266950,CR45401,CR45401,ncRNA,CR45401
FBgn0250871,pot,CG2467,protein_coding,papillote
FBgn0033128,Tsp42Eg,CG12142,protein_coding,Tetraspanin 42Eg
FBgn0037556,CG9636,CG9636,protein_coding,CG9636
FBgn0267775,CR46106,CR46106,ncRNA,CR46106
FBgn0085484,Pdxk,CG34455,protein_coding,Pyridoxal kinase
FBgn0028695,Rpn1,CG7762,protein_coding,Regulatory particle non-ATPase 1
FBgn0033834,CG4744,CG4744,protein_coding,CG4744
FBgn0264600,CR43949,CR43949,ncRNA,CR43949
FBgn0085294,CG34265,CG34265,protein_coding,CG34265
FBgn0267105,CG45545,CG45545,protein_coding,CG45545
FBgn0011971,Ser-GCT-2-2,CR31476,tRNA,Serine-GCT 2-2
FBgn0050345,CG30345,CG30345,protein_coding,CG30345
FBgn0267516,CR45856,CR45856,rRNA,CR45856
FBgn0030033,CG1387,CG1387,protein_coding,CG1387
FBgn0267788,CR46119,CR46119,ncRNA,CR46119
FBgn0004777,Ccp84Ag,CG2342,protein_coding,Ccp84Ag
FBgn0031782,WDR79,CG9226,protein_coding,WD repeat domain 79
FBgn0038642,Muc91C,CG7709,protein_coding,Mucin 91C
FBgn0264369,CR43821,CR43821,ncRNA,CR43821
FBgn0039733,CG11504,CG11504,protein_coding,CG11504
FBgn0037475,Fer1,CG33323,protein_coding,48 related 1
FBgn0038803,CG5191,CG5191,protein_coding,CG5191
FBgn0051281,Tpl94D,CG31281,protein_coding,Transition protein-like 94D
FBgn0033451,Marc,CG1665,protein_coding,Mitochondrial amidoxime reducing component
FBgn0264353,CR43809,CR43809,ncRNA,CR43809
FBgn0022960,vimar,CG3572,protein_coding,visceral mesodermal armadillo-repeats
FBgn0030642,CG15642,CG15642,protein_coding,CG15642
FBgn0027101,Dyrk3,CG40478,protein_coding,Dual-specificity tyrosine phosphorylation-regulated kinase 3
FBgn0261811,pico,CG11940,protein_coding,pico
FBgn0037807,CG6293,CG6293,protein_coding,CG6293
FBgn0265697,CR44504,CR44504,ncRNA,CR44504
FBgn0264956,CR44125,CR44125,ncRNA,CR44125
FBgn0286033,CR46353,CR46353,ncRNA,CR46353
FBgn0266653,CR45160,CR45160,ncRNA,CR45160
FBgn0027868,Nup107,CG6743,protein_coding,Nucleoporin 107kD
FBgn0262606,CR43132,CR43132,ncRNA,CR43132
FBgn0266414,CR45054,CR45054,ncRNA,CR45054
FBgn0265811,CR44600,CR44600,ncRNA,CR44600
FBgn0010341,Cdc42,CG12530,protein_coding,Cell division cycle 42
FBgn0030157,CG1468,CG1468,protein_coding,CG1468
FBgn0033473,CG12128,CG12128,protein_coding,CG12128
FBgn0011581,Ms,CG6440,protein_coding,Myosuppressin
FBgn0266001,CR44775,CR44775,ncRNA,CR44775
FBgn0036993,CG5910,CG5910,protein_coding,CG5910
FBgn0262282,mir-984,CR42989,ncRNA,mir-984 stem loop
FBgn0063374,54Eb,CR32896,snoRNA,54Eb
FBgn0034925,CG5339,CG5339,protein_coding,CG5339
FBgn0040319,Gclc,CG2259,protein_coding,Glutamate-cysteine ligase catalytic subunit
FBgn0038492,Mur89F,CG4090,protein_coding,Mucin related 89F
FBgn0050208,Trp-CCA-2-4,CR30208,tRNA,Tryptophan-CCA 2-4
FBgn0033178,CG11127,CG11127,protein_coding,CG11127
FBgn0265141,Ir47b,CR44210,pseudogene,Ionotropic receptor 47b
FBgn0052111,CR32111,CR32111,ncRNA,CR32111
FBgn0065088,641,CR33683,ncRNA,small non-coding RNA 641
FBgn0052985,CG32985,CG32985,protein_coding,CG32985
FBgn0028685,Rpt4,CG3455,protein_coding,Regulatory particle triple-A ATPase 4
FBgn0053381,CR33381,CR33381,rRNA,CR33381
FBgn0032692,IFT46,CG15161,protein_coding,Intraflagellar transport 46
FBgn0038646,CG7715,CG7715,protein_coding,CG7715
FBgn0023531,CG32809,CG32809,protein_coding,CG32809
FBgn0010549,l(2)03659,CG8799,protein_coding,lethal (2) 03659
FBgn0036551,CG17029,CG17029,protein_coding,CG17029
FBgn0040509,ACXB,CG17174,protein_coding,Adenylyl cyclase X B
FBgn0035344,Cyp4d20,CG16761,protein_coding,Cytochrome P450 4d20
FBgn0264831,CR44039,CR44039,ncRNA,CR44039
FBgn0039234,Nct,CG7012,protein_coding,Nicastrin
FBgn0036598,CG4982,CG4982,protein_coding,CG4982
FBgn0265799,CR44588,CR44588,ncRNA,CR44588
FBgn0014391,sun,CG9032,protein_coding,stunted
FBgn0266861,CR45322,CR45322,ncRNA,CR45322
FBgn0260868,CG42578,CG42578,protein_coding,CG42578
FBgn0030630,CG12608,CG12608,protein_coding,CG12608
FBgn0011822,Pgcl,CG13374,protein_coding,Pepsinogen C-like
FBgn0037468,CG1943,CG1943,protein_coding,CG1943
FBgn0261004,asl,CG2919,protein_coding,asterless
FBgn0262998,CR43306,CR43306,ncRNA,CR43306
FBgn0038627,CG7694,CG7694,protein_coding,CG7694
FBgn0039731,Sas-6,CG15524,protein_coding,Spindle assembly abnormal 6
FBgn0034545,CG13438,CG13438,protein_coding,CG13438
FBgn0283652,Rpp30,CG11606,protein_coding,RNaseP protein p30
FBgn0259164,CG42269,CG42269,protein_coding,CG42269
FBgn0267563,CR45903,CR45903,ncRNA,CR45903
FBgn0038719,CG16727,CG16727,protein_coding,CG16727
FBgn0011604,Iswi,CG8625,protein_coding,Imitation SWI
FBgn0267428,DIP-lambda,CG45781,protein_coding,Dpr-interacting protein lambda
FBgn0027568,Cand1,CG5366,protein_coding,Cullin-associated and neddylation-dissociated 1
FBgn0036301,CG4069,CG4069,protein_coding,CG4069
FBgn0037656,CG11986,CG11986,protein_coding,CG11986
FBgn0053441,CR33441,CR33441,rRNA,CR33441
FBgn0034457,Ir56c,CG15122,protein_coding,Ionotropic receptor 56c
FBgn0083014,Psi18S-996,CR34630,snoRNA,Psi18S-996
FBgn0015790,Rab11,CG5771,protein_coding,Rab11
FBgn0264909,CR44100,CR44100,ncRNA,CR44100
FBgn0032644,CG5131,CG5131,protein_coding,CG5131
FBgn0264553,CR43932,CR43932,ncRNA,CR43932
FBgn0026259,eIF5B,CG10840,protein_coding,eukaryotic translation initiation factor 5B
FBgn0052270,CG32270,CG32270,protein_coding,CG32270
FBgn0002931,net,CG11450,protein_coding,net
FBgn0001206,Hmr,CG1619,protein_coding,Hybrid male rescue
FBgn0015585,Acp63F,CG10852,protein_coding,Accessory gland protein 63F
FBgn0085433,CG34404,CG34404,protein_coding,CG34404
FBgn0046887,Gr98b,CG31059,protein_coding,Gustatory receptor 98b
FBgn0266534,CG45095,CG45095,protein_coding,CG45095
FBgn0033307,CG14752,CG14752,protein_coding,CG14752
FBgn0052733,CR32733,CR32733,pseudogene,CR32733
FBgn0036285,toe,CG10704,protein_coding,twin of eyg
FBgn0036997,Tdh,CG5955,protein_coding,L-threonine dehydrogenase
FBgn0264701,CR43970,CR43970,ncRNA,CR43970
FBgn0004646,ogre,CG3039,protein_coding,optic ganglion reduced
FBgn0037235,CG1103,CG1103,protein_coding,CG1103
FBgn0050108,CG30108,CG30108,protein_coding,CG30108
FBgn0032192,CG5731,CG5731,protein_coding,CG5731
FBgn0263443,CR43466,CR43466,ncRNA,CR43466
FBgn0286938,CR46432,CR46432,pseudogene,CR46432
FBgn0038674,CG14285,CG14285,protein_coding,CG14285
FBgn0086200,CR42490,CR42490,pseudogene,CR42490
FBgn0050265,CG30265,CG30265,protein_coding,CG30265
FBgn0032457,CG15483,CG15483,protein_coding,CG15483
FBgn0003961,Uro,CG7171,protein_coding,Urate oxidase
FBgn0264438,CR43856,CR43856,ncRNA,CR43856
FBgn0034532,CG13436,CG13436,protein_coding,CG13436
FBgn0032157,Etl1,CG5899,protein_coding,Etl1
FBgn0011676,Nos,CG6713,protein_coding,Nitric oxide synthase
FBgn0086855,CG17078,CG17078,protein_coding,CG17078
FBgn0265964,CR44751,CR44751,ncRNA,CR44751
FBgn0035563,CG13716,CG13716,protein_coding,CG13716
FBgn0033958,jef,CG12858,protein_coding,jet fuel
FBgn0263987,spoon,CG3249,protein_coding,spoonbill
FBgn0265981,CR44760,CR44760,ncRNA,CR44760
FBgn0038186,CG14362,CG14362,protein_coding,CG14362
FBgn0266227,CR44922,CR44922,ncRNA,CR44922
FBgn0266688,CR45178,CR45178,ncRNA,CR45178
FBgn0036437,Dnaaf6,CG5048,protein_coding,Dynein axonemal assembly factor 6
FBgn0266785,CR45250,CR45250,ncRNA,CR45250
FBgn0004057,Zw,CG12529,protein_coding,Zwischenferment
FBgn0050036,CG30036,CG30036,protein_coding,CG30036
FBgn0266882,CR45343,CR45343,ncRNA,CR45343
FBgn0264719,CR43987,CR43987,ncRNA,CR43987
FBgn0083990,sphinx,CR34154,ncRNA,sphinx
FBgn0015924,crq,CG4280,protein_coding,croquemort
FBgn0039651,Cyt-c1L,CG14508,protein_coding,Cytochrome c1-like
FBgn0029756,CG3309,CG3309,protein_coding,CG3309
FBgn0016126,CaMKI,CG1495,protein_coding,Calcium/calmodulin-dependent protein kinase I
FBgn0086656,shrb,CG8055,protein_coding,shrub
FBgn0035517,CG1265,CG1265,protein_coding,CG1265
FBgn0037728,p23,CG16817,protein_coding,p23
FBgn0029795,CG15773,CG15773,protein_coding,CG15773
FBgn0267057,CR45501,CR45501,ncRNA,CR45501
FBgn0051282,Thr-AGT-1-4,CR31282,tRNA,Threonine-AGT 1-4
FBgn0016032,lbm,CG2374,protein_coding,late bloomer
FBgn0031602,CG15431,CG15431,protein_coding,CG15431
FBgn0027588,GCS2alpha,CG14476,protein_coding,Glucosidase 2 alpha subunit
FBgn0029118,ScsbetaG,CG10622,protein_coding,"Succinyl-coenzyme A synthetase beta subunit, GDP-forming"
FBgn0030340,CG15740,CG15740,protein_coding,CG15740
FBgn0010385,Def,CG1385,protein_coding,Defensin
FBgn0283503,Neurl4,CG46284,protein_coding,Neuralized E3 ubiquitin protein ligase 4
FBgn0267812,CR46137,CR46137,ncRNA,CR46137
FBgn0265630,sno,CG44436,protein_coding,strawberry notch
FBgn0259238,CG42336,CG42336,protein_coding,CG42336
FBgn0022359,Sodh2,CG4649,protein_coding,Sorbitol dehydrogenase 2
FBgn0031940,CG7214,CG7214,protein_coding,CG7214
FBgn0051570,Ala-AGC-2-2,CR31570,tRNA,Alanine-AGC 2-2
FBgn0036116,CG7888,CG7888,protein_coding,CG7888
FBgn0038929,CG13408,CG13408,protein_coding,CG13408
FBgn0026619,Taz,CG8766,protein_coding,Tafazzin
FBgn0002914,Myb,CG9045,protein_coding,Myb oncogene-like
FBgn0037415,Osi8,CG15591,protein_coding,Osiris 8
FBgn0010278,Ssrp,CG4817,protein_coding,Structure specific recognition protein
FBgn0028855,CG15282,CG15282,protein_coding,CG15282
FBgn0267204,CR45644,CR45644,ncRNA,CR45644
FBgn0004404,RpS14b,CG1527,protein_coding,Ribosomal protein S14b
FBgn0032499,Uvrag,CG6116,protein_coding,UV-resistance associated gene
FBgn0027493,Adss,CG17273,protein_coding,Adenylosuccinate synthetase
FBgn0035724,CG10064,CG10064,protein_coding,CG10064
FBgn0031876,Atac1,CG9200,protein_coding,Ada2a-containing complex component 1
FBgn0030160,CG9691,CG9691,protein_coding,CG9691
FBgn0036078,Or67c,CG14156,protein_coding,Odorant receptor 67c
FBgn0262960,CG43271,CG43271,protein_coding,CG43271
FBgn0032888,CheB38c,CG14405,protein_coding,Chemosensory protein B 38c
FBgn0035357,MEP-1,CG1244,protein_coding,MEP-1
FBgn0061492,loj,CG10733,protein_coding,logjam
FBgn0051108,TTLL5,CG31108,protein_coding,Tubulin tyrosine ligase-like 5
FBgn0288701,CR46499,CR46499,ncRNA,CR46499
FBgn0034590,Magi,CG30388,protein_coding,Magi
FBgn0036609,CG13039,CG13039,protein_coding,CG13039
FBgn0264676,CR43961,CR43961,ncRNA,CR43961
FBgn0003159,CG2841,CG2841,protein_coding,CG2841
FBgn0031522,CG3285,CG3285,protein_coding,CG3285
FBgn0052407,CG32407,CG32407,protein_coding,CG32407
FBgn0264753,Rgk1,CG44011,protein_coding,"Rad, Gem/Kir family member 1"
FBgn0016660,H15,CG6604,protein_coding,H15
FBgn0040588,CG13841,CG13841,protein_coding,CG13841
FBgn0262260,mir-2282,CR42967,ncRNA,mir-2282 stem loop
FBgn0265371,CR44312,CR44312,ncRNA,CR44312
FBgn0038345,maca,CG5213,protein_coding,maca
FBgn0040732,CG16926,CG16926,protein_coding,CG16926
FBgn0267872,CR46160,CR46160,pseudogene,CR46160
FBgn0030480,Tim9a,CG1660,protein_coding,Tim9a
FBgn0041188,Atx2,CG5166,protein_coding,Ataxin-2
FBgn0037183,CG14451,CG14451,protein_coding,CG14451
FBgn0050406,Gly-TCC-2-2,CR30406,tRNA,Glycine-TCC 2-2
FBgn0052409,CG32409,CG32409,protein_coding,CG32409
FBgn0261641,CG42724,CG42724,protein_coding,CG42724
FBgn0031489,CG17224,CG17224,protein_coding,CG17224
FBgn0267081,CR45525,CR45525,ncRNA,CR45525
FBgn0267514,CR45854,CR45854,pseudogene,CR45854
FBgn0036503,CG13454,CG13454,protein_coding,CG13454
FBgn0015519,nAChRalpha3,CG2302,protein_coding,nicotinic Acetylcholine Receptor alpha3
FBgn0004650,fs(1)N,CG11411,protein_coding,female sterile (1) Nasrat
FBgn0262891,CG43246,CG43246,protein_coding,CG43246
FBgn0267532,CR45872,CR45872,ncRNA,CR45872
FBgn0000261,Cat,CG6871,protein_coding,Catalase
FBgn0266025,CR44790,CR44790,ncRNA,CR44790
FBgn0264842,CR44050,CR44050,ncRNA,CR44050
FBgn0030159,CG9689,CG9689,protein_coding,CG9689
FBgn0086679,p,CG9770,protein_coding,pink
FBgn0283531,Duox,CG3131,protein_coding,Dual oxidase
FBgn0051080,TwdlH,CG31080,protein_coding,TweedleH
FBgn0037780,ohgt,CG3925,protein_coding,ohgata
FBgn0030310,PGRP-SA,CG11709,protein_coding,Peptidoglycan recognition protein SA
FBgn0035642,CG18586,CG18586,protein_coding,CG18586
FBgn0035102,CG7049,CG7049,protein_coding,CG7049
FBgn0037396,CtsL3,CG11459,protein_coding,Cathepsin L3
FBgn0032523,CG16956,CG16956,protein_coding,CG16956
FBgn0032083,CG9541,CG9541,protein_coding,CG9541
FBgn0266676,CR45166,CR45166,ncRNA,CR45166
FBgn0036861,CG14089,CG14089,protein_coding,CG14089
FBgn0267350,Pi4KIIIalpha,CG10260,protein_coding,Phosphatidylinositol 4-kinase III alpha
FBgn0036820,Grx1,CG6852,protein_coding,Glutaredoxin 1
FBgn0030278,CG15200,CG15200,protein_coding,CG15200
FBgn0030724,Nipsnap,CG9212,protein_coding,Nipsnap
FBgn0026427,Su(var)2-HP2,CG12864,protein_coding,Su(var)2-HP2
FBgn0002873,mud,CG12047,protein_coding,mushroom body defect
FBgn0000253,Cam,CG8472,protein_coding,Calmodulin
FBgn0034860,CG9812,CG9812,protein_coding,CG9812
FBgn0015903,apt,CG5393,protein_coding,apontic
FBgn0263506,CR43495,CR43495,ncRNA,CR43495
FBgn0052602,Muc12Ea,CG32602,protein_coding,Mucin 12Ea
FBgn0037910,CG14708,CG14708,protein_coding,CG14708
FBgn0040682,CG14664,CG14664,protein_coding,CG14664
FBgn0039727,Vps13B,CG15523,protein_coding,Vacuolar protein sorting 13B
FBgn0033391,CG8026,CG8026,protein_coding,CG8026
FBgn0033889,CG6701,CG6701,protein_coding,CG6701
FBgn0034392,MFS15,CG15094,protein_coding,Major Facilitator Superfamily Transporter 15
FBgn0004959,phtm,CG6578,protein_coding,phantom
FBgn0262989,CR43297,CR43297,ncRNA,CR43297
FBgn0266033,CR44798,CR44798,ncRNA,CR44798
FBgn0038976,Pfdn5,CG7048,protein_coding,Prefoldin 5
FBgn0026150,ApepP,CG6291,protein_coding,Aminopeptidase P
FBgn0038903,Polr1H,CG13418,protein_coding,RNA polymerase I subunit H
FBgn0039381,SppL,CG17370,protein_coding,Signal peptide peptidase-like
FBgn0031992,Acbp1,CG8498,protein_coding,Acyl-CoA binding protein 1
FBgn0265982,CR44761,CR44761,ncRNA,CR44761
FBgn0029994,Ldsdh1,CG2254,protein_coding,Lipid droplet subset dehydrogenase 1
FBgn0264488,CG43896,CG43896,protein_coding,CG43896
FBgn0036389,ssp2,CG9028,protein_coding,short spindle 2
FBgn0085352,CG34323,CG34323,protein_coding,CG34323
FBgn0030863,CG8188,CG8188,protein_coding,CG8188
FBgn0286516,aqz,CG9821,protein_coding,aaquetzalli
FBgn0040324,Ephrin,CG1862,protein_coding,Ephrin
FBgn0033368,CG13743,CG13743,protein_coding,CG13743
FBgn0035741,BBS1,CG14825,protein_coding,Bardet-Biedl syndrome 1
FBgn0262607,CG43133,CG43133,protein_coding,CG43133
FBgn0021750,SerRS-m,CG4938,protein_coding,"Seryl-tRNA synthetase, mitochondrial"
FBgn0033369,CG8197,CG8197,protein_coding,CG8197
FBgn0030801,Polr3I,CG4875,protein_coding,RNA polymerase III subunit I
FBgn0034177,AsnRS-m,CG6796,protein_coding,"Asparaginyl-tRNA synthetase, mitochondrial"
FBgn0267698,Pak,CG10295,protein_coding,p21-activated kinase
FBgn0034416,CG15109,CG15109,protein_coding,CG15109
FBgn0052736,sloth1,CG32736,protein_coding,sloth 1
FBgn0002524,lace,CG4162,protein_coding,lace
FBgn0263492,CR43481,CR43481,ncRNA,CR43481
FBgn0032654,CG15147,CG15147,protein_coding,CG15147
FBgn0039374,CG17770,CG17770,protein_coding,CG17770
FBgn0263090,CR43358,CR43358,ncRNA,CR43358
FBgn0002872,mu2,CG1960,protein_coding,mutator 2
FBgn0261564,ReepA,CG42678,protein_coding,Receptor expression enhancing protein A
FBgn0264961,CR44130,CR44130,ncRNA,CR44130
FBgn0029895,CG14441,CG14441,protein_coding,CG14441
FBgn0029521,Or1a,CG17885,protein_coding,Odorant receptor 1a
FBgn0033165,CG11113,CG11113,protein_coding,CG11113
FBgn0032626,CG12620,CG12620,protein_coding,CG12620
FBgn0033474,CG1407,CG1407,protein_coding,CG1407
FBgn0028567,robl62A,CG1014,protein_coding,robl62A
FBgn0038273,CG14860,CG14860,protein_coding,CG14860
FBgn0036999,isoQC,CG5976,protein_coding,iso Glutaminyl cyclase
FBgn0034073,CG8414,CG8414,protein_coding,CG8414
FBgn0037477,CG14610,CG14610,protein_coding,CG14610
FBgn0037283,CG14658,CG14658,protein_coding,CG14658
FBgn0019662,qm,CG8593,protein_coding,quemao
FBgn0267890,CR46178,CR46178,pseudogene,CR46178
FBgn0036492,Best3,CG12327,protein_coding,Bestrophin 3
FBgn0052182,CG32182,CG32182,protein_coding,CG32182
FBgn0267611,CR45949,CR45949,ncRNA,CR45949
FBgn0039869,Tbca,CG1890,protein_coding,Tubulin binding cofactor A
FBgn0264433,CG43851,CG43851,protein_coding,CG43851
FBgn0000928,fs(1)Yb,CG2706,protein_coding,female sterile (1) Yb
FBgn0051253,CG31253,CG31253,protein_coding,CG31253
FBgn0038593,Vps39,CG7146,protein_coding,Vacuolar protein sorting 39
FBgn0086384,Mer,CG14228,protein_coding,Merlin
FBgn0031229,CG3436,CG3436,protein_coding,CG3436
FBgn0035169,Dci,CG13890,protein_coding,Dodecenoyl-CoA delta-isomerase
FBgn0083010,Psi28S-1135c,CR34604,snoRNA,Psi28S-1135c
FBgn0266788,CR45253,CR45253,ncRNA,CR45253
FBgn0287598,CG46467,CG46467,protein_coding,CG46467
FBgn0261984,Ire1,CG4583,protein_coding,Inositol-requiring enzyme-1
FBgn0034838,CG12782,CG12782,protein_coding,CG12782
FBgn0263197,Patronin,CG33130,protein_coding,Patronin
FBgn0028516,ZnT35C,CG3994,protein_coding,Zinc transporter 35C
FBgn0267957,CR46237,CR46237,ncRNA,CR46237
FBgn0266388,CR45028,CR45028,ncRNA,CR45028
FBgn0028895,CG17328,CG17328,protein_coding,CG17328
FBgn0267496,CR45836,CR45836,rRNA,CR45836
FBgn0002734,E(spl)mdelta-HLH,CG8328,protein_coding,"Enhancer of split mdelta, helix-loop-helix"
FBgn0033869,Cpr50Cb,CG6305,protein_coding,Cuticular protein 50Cb
FBgn0034249,RhoGAP54D,CG6477,protein_coding,Rho GTPase activating protein at 54D
FBgn0002933,ng1,CG10781,protein_coding,new glue 1
FBgn0030394,Cpr11A,CG2560,protein_coding,Cuticular protein 11A
FBgn0263829,CG34334,CG34334,protein_coding,CG34334
FBgn0029639,CG14419,CG14419,protein_coding,CG14419
FBgn0000181,bic,CG3644,protein_coding,bicaudal
FBgn0286891,CR46410,CR46410,ncRNA,CR46410
FBgn0038261,CG14856,CG14856,protein_coding,CG14856
FBgn0263998,Ack-like,CG43741,protein_coding,Activated Cdc42 kinase-like
FBgn0086667,Psi28S-3342,CR33787,snoRNA,Psi28S-3342
FBgn0035209,msd1,CG13914,protein_coding,mitotic spindle density 1
FBgn0037783,Npc2c,CG3934,protein_coding,Niemann-Pick type C-2c
FBgn0063386,Me18S-A28a,CR32902,snoRNA,CR32902
FBgn0051694,Ifrd1,CG31694,protein_coding,Interferon-related developmental regulator 1
FBgn0262903,CR43258,CR43258,ncRNA,CR43258
FBgn0263006,SERCA,CG3725,protein_coding,Sarco/endoplasmic reticulum Ca(2+)-ATPase
FBgn0013433,beat-Ia,CG4846,protein_coding,beaten path Ia
FBgn0286931,CG46428,CG46428,protein_coding,CG46428
FBgn0026373,Polr2C,CG7885,protein_coding,RNA polymerase II subunit C
FBgn0283433,SdicB,CG46276,protein_coding,Sperm-specific dynein intermediate chain B
FBgn0266809,CR45271,CR45271,ncRNA,CR45271
FBgn0038481,CG17475,CG17475,protein_coding,CG17475
FBgn0032850,Kua,CG10723,protein_coding,Kua
FBgn0267422,CR45775,CR45775,pseudogene,CR45775
FBgn0032797,Hasp,CG10186,protein_coding,Hig-anchoring scaffold protein
FBgn0036875,CG9449,CG9449,protein_coding,CG9449
FBgn0263564,mir-4914,CR43549,ncRNA,mir-4914 stem loop
FBgn0263709,CR43661,CR43661,ncRNA,CR43661
FBgn0052448,CG32448,CG32448,protein_coding,CG32448
FBgn0085638,CG41378,CG41378,protein_coding,CG41378
FBgn0028916,CG33090,CG33090,protein_coding,CG33090
FBgn0261850,Xpd,CG9433,protein_coding,Xeroderma pigmentosum D
FBgn0051475,myd,CG31475,protein_coding,mayday
FBgn0053364,CR33364,CR33364,rRNA,CR33364
FBgn0052255,Gr64f,CG32255,protein_coding,Gustatory receptor 64f
FBgn0053491,CR33491,CR33491,pseudogene,CR33491
FBgn0027934,alpha-Est4aPsi,CR31511,pseudogene,alpha-Est4aPsi
FBgn0038202,CG12402,CG12402,protein_coding,CG12402
FBgn0263742,CG43667,CG43667,protein_coding,CG43667
FBgn0052205,CR32205,CR32205,ncRNA,CR32205
FBgn0263078,CG43339,CG43339,protein_coding,CG43339
FBgn0047199,CG31517,CG31517,protein_coding,CG31517
FBgn0266409,CG45049,CG45049,protein_coding,CG45049
FBgn0267770,CR46101,CR46101,ncRNA,CR46101
FBgn0031268,cold,CG2813,protein_coding,coiled
FBgn0053341,CG33341,CG33341,protein_coding,CG33341
FBgn0265375,CR44316,CR44316,ncRNA,CR44316
FBgn0082987,Psi28S-2444,CR34546,snoRNA,Psi28S-2444
FBgn0262680,CR43150,CR43150,ncRNA,CR43150
FBgn0038420,CG10311,CG10311,protein_coding,CG10311
FBgn0035371,AhcyL1,CG9977,protein_coding,Adenosylhomocysteinase like 1
FBgn0265741,CR44548,CR44548,ncRNA,CR44548
FBgn0259233,CG42331,CG42331,protein_coding,CG42331
FBgn0266325,CR44990,CR44990,ncRNA,CR44990
FBgn0000227,Elba1,CG12205,protein_coding,Early boundary activity 1
FBgn0026326,Mad1,CG2072,protein_coding,Mitotic arrest-deficient 1
FBgn0266364,CG45012,CG45012,protein_coding,CG45012
FBgn0266007,CR44780,CR44780,ncRNA,CR44780
FBgn0036843,Sfxn2,CG6812,protein_coding,Sideroflexin 2
FBgn0265174,PIG-V,CG44239,protein_coding,Phosphatidylinositol glycan anchor biosynthesis class V
FBgn0262888,CR43243,CR43243,ncRNA,CR43243
FBgn0033705,CG13168,CG13168,protein_coding,CG13168
FBgn0265192,Snp,CG44248,protein_coding,Snipper
FBgn0026174,SkpD,CG12700,protein_coding,SKP1-related D
FBgn0039019,HP1c,CG6990,protein_coding,Heterochromatin Protein 1c
FBgn0267609,CR45947,CR45947,pseudogene,CR45947
FBgn0026388,Or46a,CG33478,protein_coding,Odorant receptor 46a
FBgn0025885,Inos,CG11143,protein_coding,myo-inositol-1-phosphate synthase
FBgn0025118,Pro-CGG-3-1,CR32784,tRNA,Proline-CGG 3-1
FBgn0265953,CR44740,CR44740,ncRNA,CR44740
FBgn0050354,UQCR-11L,CG30354,protein_coding,Ubiquinol-cytochrome c reductase 11 kDa subunit-like
FBgn0020414,Idgf3,CG4559,protein_coding,Imaginal disc growth factor 3
FBgn0003278,Polr1B,CG4033,protein_coding,RNA polymerase I subunit B
FBgn0267596,CR45934,CR45934,pseudogene,CR45934
FBgn0043825,CG18284,CG18284,protein_coding,CG18284
FBgn0266323,CR44988,CR44988,ncRNA,CR44988
FBgn0053836,CG33836,CG33836,protein_coding,CG33836
FBgn0033038,CG7791,CG7791,protein_coding,CG7791
FBgn0034707,MED16,CG5465,protein_coding,Mediator complex subunit 16
FBgn0264954,fd3F,CG44123,protein_coding,forkhead domain 3F
FBgn0265416,Neto,CG44328,protein_coding,Neuropilin and tolloid-like
FBgn0031351,CG14352,CG14352,protein_coding,CG14352
FBgn0052726,CG32726,CG32726,protein_coding,CG32726
FBgn0283499,InR,CG18402,protein_coding,Insulin-like receptor
FBgn0032645,CG15142,CG15142,protein_coding,CG15142
FBgn0039486,CAH9,CG6074,protein_coding,Carbonic anhydrase 9
FBgn0036709,Or74a,CG13726,protein_coding,Odorant receptor 74a
FBgn0263479,PsiU2-35.45,CR43594,snoRNA, PsiU2-35.45
FBgn0030554,Dus2,CG1434,protein_coding,Dihydrouridine synthase 2
FBgn0033627,CG13204,CG13204,protein_coding,CG13204
FBgn0033461,CG12923,CG12923,protein_coding,CG12923
FBgn0030959,CG6961,CG6961,protein_coding,CG6961
FBgn0267592,CCY,CG45930,protein_coding,Coiled-Coils Y
FBgn0286898,Tango1,CG11098,protein_coding,Transport and Golgi organization 1
FBgn0275434,CR46266,CR46266,ncRNA,CR46266
FBgn0262897,CR43252,CR43252,ncRNA,CR43252
FBgn0033167,CG1701,CG1701,protein_coding,CG1701
FBgn0038214,CG9616,CG9616,protein_coding,CG9616
FBgn0040529,COX7A,CG9603,protein_coding,Cytochrome c oxidase subunit 7A
FBgn0042083,Mccc2,CG3267,protein_coding,Methylcrotonoyl-CoA carboxylase 2
FBgn0031169,CG1494,CG1494,protein_coding,CG1494
FBgn0003016,osp,CG3479,protein_coding,outspread
FBgn0030484,GstT4,CG1681,protein_coding,Glutathione S transferase T4
FBgn0044811,TotF,CG31691,protein_coding,Turandot F
FBgn0050356,CG30356,CG30356,protein_coding,CG30356
FBgn0085459,CG34430,CG34430,protein_coding,CG34430
FBgn0262537,CG43091,CG43091,protein_coding,CG43091
FBgn0052685,ZAP3,CG32685,protein_coding,ZAP3
FBgn0011642,Zyx,CG32018,protein_coding,Zyxin
FBgn0266686,CR45176,CR45176,ncRNA,CR45176
FBgn0267063,CR45507,CR45507,ncRNA,CR45507
FBgn0085279,CG34250,CG34250,protein_coding,CG34250
FBgn0030787,CG9609,CG9609,protein_coding,CG9609
FBgn0045064,bwa,CG13969,protein_coding,brain washing
FBgn0267447,CR45797,CR45797,ncRNA,CR45797
FBgn0053082,Rpp21,CG33082,protein_coding,Ribonuclease P/MRP subunit p21
FBgn0033693,CG13175,CG13175,protein_coding,CG13175
FBgn0005777,PpD3,CG8402,protein_coding,Protein phosphatase D3
FBgn0266933,CR45384,CR45384,ncRNA,CR45384
FBgn0011865,Gly-GCC-1-7,CR31981,tRNA,Glycine-GCC 1-7
FBgn0264510,CR43909,CR43909,ncRNA,CR43909
FBgn0066084,RpL41,CG30425,protein_coding,Ribosomal protein L41
FBgn0065099,7SKa,CR33925,snRNA,small nuclear RNA 7SK a
FBgn0259821,CG42402,CG42402,protein_coding,CG42402
FBgn0266237,CR44932,CR44932,ncRNA,CR44932
FBgn0010100,mAcon1,CG9244,protein_coding,Mitochondrial aconitase 1
FBgn0288734,CG46509,CG46509,protein_coding,CG46509
FBgn0265149,CR44218,CR44218,ncRNA,CR44218
FBgn0039293,Alg9,CG11851,protein_coding,"ALG9, alpha-1,2-mannosyltransferase"
FBgn0032430,Trm1,CG6388,protein_coding,tRNA methyltransferase 1
FBgn0267970,CR46248,CR46248,ncRNA,CR46248
FBgn0036302,sowah,CG10632,protein_coding,sosondowah
FBgn0035830,CG8209,CG8209,protein_coding,CG8209
FBgn0030038,CG1440,CG1440,protein_coding,CG1440
FBgn0036340,Srrm1,CG11274,protein_coding,Serine-arginine repetitive matrix 1
FBgn0042127,CG18789,CG18789,protein_coding,CG18789
FBgn0039207,Cftr,CG5789,protein_coding,CF transmembrane conductance regulator
FBgn0039344,CG4582,CG4582,protein_coding,CG4582
FBgn0053333,CG33333,CG33333,protein_coding,CG33333
FBgn0032701,CG10341,CG10341,protein_coding,CG10341
FBgn0037428,Osi18,CG1169,protein_coding,Osiris 18
FBgn0033631,Sod3,CG9027,protein_coding,Superoxide dismutase 3
FBgn0032871,CG2611,CG2611,protein_coding,CG2611
FBgn0051533,CG31533,CG31533,protein_coding,CG31533
FBgn0013708,Val-TAC,CR34095,tRNA,Valine-TAC
FBgn0028670,Vha100-2,CG18617,protein_coding,Vacuolar H[+] ATPase 100kD subunit 2
FBgn0038927,CG6015,CG6015,protein_coding,CG6015
FBgn0032448,CG5781,CG5781,protein_coding,CG5781
FBgn0262421,mir-13b-2,CR42972,ncRNA,mir-13b-2 stem loop
FBgn0039070,wam,CG17083,protein_coding,wampa
FBgn0263481,lola-b,CR43596,snoRNA,CR43596
FBgn0053394,CR33394,CR33394,rRNA,CR33394
FBgn0032671,JMJD4,CG7200,protein_coding,Jumonji domain containing 4
FBgn0032768,CG17564,CG17564,protein_coding,CG17564
FBgn0052660,CR32660,CR32660,ncRNA,CR32660
FBgn0029646,CG14423,CG14423,protein_coding,CG14423
FBgn0035147,Gale,CG12030,protein_coding,UDP-galactose 4'-epimerase
FBgn0031144,CG1529,CG1529,protein_coding,CG1529
FBgn0038860,Ice2,CG10825,protein_coding,Interacts with the C terminus of ELL 2
FBgn0032516,Ing5,CG9293,protein_coding,Inhibitor of growth family member 5
FBgn0025635,Hinfp,CG17829,protein_coding,Histone H4 transcription factor
FBgn0052655,CG32655,CG32655,protein_coding,CG32655
FBgn0260771,Larp7,CG42569,protein_coding,La related protein 7
FBgn0028481,Tmtc2,CG4341,protein_coding,Transmembrane O-mannosyltransferase targeting cadherins 2
FBgn0035425,CG17746,CG17746,protein_coding,CG17746
FBgn0024997,CG2681,CG2681,protein_coding,CG2681
FBgn0038156,side-IV,CG14372,protein_coding,sidestep IV
FBgn0027780,Aasdh,CG13401,protein_coding,Aminoadipate-semialdehyde dehydrogenase
FBgn0267621,CR45959,CR45959,ncRNA,CR45959
FBgn0267745,CR46076,CR46076,ncRNA,CR46076
FBgn0013342,nSyb,CG17248,protein_coding,neuronal Synaptobrevin
FBgn0265139,Gr2a,CG18531,protein_coding,Gustatory receptor 2a
FBgn0034958,CG3907,CG3907,protein_coding,CG3907
FBgn0264871,CR44062,CR44062,ncRNA,CR44062
FBgn0034951,CG3860,CG3860,protein_coding,CG3860
FBgn0022959,yps,CG5654,protein_coding,ypsilon schachtel
FBgn0029849,Efr,CG3774,protein_coding,ER GDP-fucose transporter
FBgn0031296,gNacalpha,CG4415,protein_coding,germinal nascent polypeptide-associated complex alpha subunit
FBgn0259864,CR42433,CR42433,ncRNA,CR42433
FBgn0265318,CR44291,CR44291,ncRNA,CR44291
FBgn0051506,Leu-TAA-1-1,CR31506,tRNA,Leucine-TAA 1-1
FBgn0259229,CG42329,CG42329,protein_coding,CG42329
FBgn0050106,CCHa1-R,CG30106,protein_coding,CCHamide-1 receptor
FBgn0016984,sktl,CG9985,protein_coding,skittles
FBgn0053851,CG33851,CG33851,protein_coding,CG33851
FBgn0085302,CG34273,CG34273,protein_coding,CG34273
FBgn0013548,l(2)dtl,CG11295,protein_coding,lethal-(2)-denticleless
FBgn0266590,CR45115,CR45115,ncRNA,CR45115
FBgn0047000,CG33946,CG33946,protein_coding,CG33946
FBgn0037817,Cyp12e1,CG14680,protein_coding,Cytochrome P450 12e1
FBgn0043021,38ABb,CR32880,snRNA,small nuclear RNA U5 at 38AB b
FBgn0267189,CR45629,CR45629,ncRNA,CR45629
FBgn0038319,mRpL9,CG31478,protein_coding,mitochondrial ribosomal protein L9
FBgn0030240,CG2202,CG2202,protein_coding,CG2202
FBgn0028896,CG17329,CG17329,protein_coding,CG17329
FBgn0031925,Cyp4d21,CG6730,protein_coding,Cytochrome P450 4d21
FBgn0259166,CG42271,CG42271,protein_coding,CG42271
FBgn0043002,Chrac-14,CG13399,protein_coding,Chromatin accessibility complex 14kD protein
FBgn0027339,jim,CG11352,protein_coding,jim
FBgn0265767,zyd,CG2893,protein_coding,zydeco
FBgn0032397,Tom70,CG6756,protein_coding,Translocase of outer membrane 70
FBgn0039132,AP-1sigma,CG5864,protein_coding,"Adaptor Protein complex 1, sigma subunit"
FBgn0002413,dco,CG2048,protein_coding,discs overgrown
FBgn0264698,CR43967,CR43967,ncRNA,CR43967
FBgn0001233,Hsp83,CG1242,protein_coding,Heat shock protein 83
FBgn0011704,RnrS,CG8975,protein_coding,Ribonucleoside diphosphate reductase small subunit
FBgn0034849,CG3500,CG3500,protein_coding,CG3500
FBgn0034229,CtsK2,CG4847,protein_coding,Cathepsin K2
FBgn0034968,RpL12,CG3195,protein_coding,Ribosomal protein L12
FBgn0038301,CG6654,CG6654,protein_coding,CG6654
FBgn0036780,CG7330,CG7330,protein_coding,CG7330
FBgn0034407,DptB,CG10794,protein_coding,Diptericin B
FBgn0259990,CG42487,CG42487,protein_coding,CG42487
FBgn0261830,CG42762,CG42762,protein_coding,CG42762
FBgn0052213,CG32213,CG32213,protein_coding,CG32213
FBgn0036186,CG6071,CG6071,protein_coding,CG6071
FBgn0030268,Klp10A,CG1453,protein_coding,Kinesin-like protein at 10A
FBgn0085225,CG34196,CG34196,protein_coding,CG34196
FBgn0031873,Gas41,CG9207,protein_coding,Gas41
FBgn0004110,tin,CG7895,protein_coding,tinman
FBgn0267560,CR45900,CR45900,ncRNA,CR45900
FBgn0039532,Mtl,CG5588,protein_coding,Mig-2-like
FBgn0027554,CG8042,CG8042,protein_coding,CG8042
FBgn0038947,Sar1,CG7073,protein_coding,Secretion-associated Ras-related 1
FBgn0032363,Dlg5,CG6509,protein_coding,Discs large 5
FBgn0033924,CG8613,CG8613,protein_coding,CG8613
FBgn0003889,betaTub85D,CG9359,protein_coding,beta-Tubulin at 85D
FBgn0000562,egl,CG4051,protein_coding,egalitarian
FBgn0035718,CG14820,CG14820,protein_coding,CG14820
FBgn0040007,RpL38,CG18001,protein_coding,Ribosomal protein L38
FBgn0035711,CG8519,CG8519,protein_coding,CG8519
FBgn0043577,PGRP-SB2,CG9697,protein_coding,Peptidoglycan recognition protein SB2
FBgn0025391,Scgdelta,CG14808,protein_coding,Sarcoglycan delta
FBgn0023525,CG3191,CG3191,protein_coding,CG3191
FBgn0031020,Naa15-16,CG12202,protein_coding,N(alpha)-acetyltransferase 15/16
FBgn0082932,Me28S-G1083d,CR34565,snoRNA,Me28S-G1083d
FBgn0033047,CG7882,CG7882,protein_coding,CG7882
FBgn0044826,Pak3,CG14895,protein_coding,Pak3
FBgn0013691,Asp-GTC,CR34071,tRNA,Aspartic acid-GTC
FBgn0027791,O-fut2,CG14789,protein_coding,O-fucosyltransferase 2
FBgn0033633,Smyd4-3,CG7759,protein_coding,"SET and MYND domain containing, class 4, member 3"
FBgn0031881,MME1,CG3476,protein_coding,Mitochondrial Magnesium Exporter 1
FBgn0027844,CAH1,CG7820,protein_coding,Carbonic anhydrase 1
FBgn0031292,CG15824,CG15824,protein_coding,CG15824
FBgn0267887,CR46175,CR46175,pseudogene,CR46175
FBgn0042630,Sox21b,CG32139,protein_coding,Sox21b
FBgn0262446,mir-137,CR43012,ncRNA,mir-137 stem loop
FBgn0028900,CG18518,CG18518,protein_coding,CG18518
FBgn0032771,CG17349,CG17349,protein_coding,CG17349
FBgn0067905,Dso2,CG33990,protein_coding,Daisho2
FBgn0037385,glob3,CG14675,protein_coding,globin 3
FBgn0051467,CG31467,CG31467,protein_coding,CG31467
FBgn0053866,CG33866,CG33866,protein_coding,CG33866
FBgn0030311,CG11699,CG11699,protein_coding,CG11699
FBgn0267569,CR45909,CR45909,ncRNA,CR45909
FBgn0266021,CR44786,CR44786,ncRNA,CR44786
FBgn0004611,Plc21C,CG4574,protein_coding,Phospholipase C at 21C
FBgn0023415,Acp32CD,CG4605,protein_coding,Accessory gland protein 32CD
FBgn0033459,CG12744,CG12744,protein_coding,CG12744
FBgn0259960,CG42470,CG42470,protein_coding,CG42470
FBgn0259150,OtopLc,CG42265,protein_coding,Otopetrin-like c
FBgn0267994,CR46261,CR46261,ncRNA,CR46261
FBgn0085385,bma,CG34356,protein_coding,black match
FBgn0003980,Vm26Ab,CG9046,protein_coding,Vitelline membrane 26Ab
FBgn0264705,CR43974,CR43974,ncRNA,CR43974
FBgn0259148,CG42263,CG42263,protein_coding,CG42263
FBgn0285971,prg,CG9233,protein_coding,piragua
FBgn0000579,Eno,CG17654,protein_coding,Enolase
FBgn0266518,Dpit47,CG3189,protein_coding,DNA polymerase interacting tpr containing protein of 47kD
FBgn0039452,CG14245,CG14245,protein_coding,CG14245
FBgn0041579,AttC,CG4740,protein_coding,Attacin-C
FBgn0036727,SecCl,CG7589,protein_coding,Secretory chloride channel
FBgn0036836,CG11619,CG11619,protein_coding,CG11619
FBgn0029117,Surf1,CG9943,protein_coding,Surfeit 1
FBgn0004921,Ggamma1,CG8261,protein_coding,G protein gamma subunit 1
FBgn0050372,Asap,CG30372,protein_coding,"ArfGAP with SH3 domain, ankyrin repeat and PH domain"
FBgn0037231,Vps24,CG9779,protein_coding,Vacuolar protein sorting 24
FBgn0263534,mir-4960,CR43519,ncRNA,mir-4960 stem loop
FBgn0069969,CG40498,CG40498,protein_coding,CG40498
FBgn0034138,RpS15,CG8332,protein_coding,Ribosomal protein S15
FBgn0086075,Me28S-G3253,CR34704,snoRNA,CR34704
FBgn0050273,CG30273,CG30273,protein_coding,CG30273
FBgn0260442,rhea,CG6831,protein_coding,rhea
FBgn0030940,CG15040,CG15040,protein_coding,CG15040
FBgn0016675,Lectin-galC1,CG9976,protein_coding,Galactose-specific C-type lectin
FBgn0035428,CG14960,CG14960,protein_coding,CG14960
FBgn0052594,be,CG32594,protein_coding,ben
FBgn0031008,CG8010,CG8010,protein_coding,CG8010
FBgn0032087,CG9568,CG9568,protein_coding,CG9568
FBgn0033224,Nop17l,CG1553,protein_coding,Nop17 like
FBgn0050052,Obp49a,CG30052,protein_coding,Odorant-binding protein 49a
FBgn0032774,CG17549,CG17549,protein_coding,CG17549
FBgn0285911,Vps16A,CG8454,protein_coding,Vacuolar protein sorting 16A
FBgn0035631,Txl,CG5495,protein_coding,Thioredoxin-like
FBgn0000116,Argk1,CG32031,protein_coding,Arginine kinase 1
FBgn0263588,CR43613,CR43613,ncRNA,CR43613
FBgn0004513,Mdr65,CG10181,protein_coding,Multi drug resistance 65
FBgn0035875,Cpr66Cb,CG7076,protein_coding,Cuticular protein 66Cb
FBgn0037992,CG4702,CG4702,protein_coding,CG4702
FBgn0263131,CG43373,CG43373,protein_coding,CG43373
FBgn0010314,Cks30A,CG3738,protein_coding,Cyclin-dependent kinase subunit 30A
FBgn0031332,CG5556,CG5556,protein_coding,CG5556
FBgn0042104,CG18747,CG18747,protein_coding,CG18747
FBgn0035469,Lamtor4,CG14977,protein_coding,"Late endosomal/lysosomal adaptor, MAPK and MTOR activator 4"
FBgn0267564,CR45904,CR45904,ncRNA,CR45904
FBgn0039581,Moca-cyp,CG1866,protein_coding,Moca-cyp
FBgn0250841,CG17242,CG17242,protein_coding,CG17242
FBgn0260758,CG42556,CG42556,protein_coding,CG42556
FBgn0040697,Teh3,CG18676,protein_coding,tipE homolog 3
FBgn0035825,Tmem43,CG8111,protein_coding,Transmembrane protein 43
FBgn0024250,brk,CG9653,protein_coding,brinker
FBgn0060291,66Db,CR32910,snoRNA,66Db
FBgn0034734,CG4554,CG4554,protein_coding,CG4554
FBgn0036249,CG11560,CG11560,protein_coding,CG11560
FBgn0261925,CG42792,CG42792,protein_coding,CG42792
FBgn0082945,Me28S-A2634b,CR34635,snoRNA,Me28S-A2634b
FBgn0267178,CR45618,CR45618,ncRNA,CR45618
FBgn0051637,CG31637,CG31637,protein_coding,CG31637
FBgn0023094,cyc,CG8727,protein_coding,cycle
FBgn0035661,CG10477,CG10477,protein_coding,CG10477
FBgn0035409,CG14963,CG14963,protein_coding,CG14963
FBgn0039115,CG10214,CG10214,protein_coding,CG10214
FBgn0051631,Arg-CCT-1-1,CR31631,tRNA,Arginine-CCT 1-1
FBgn0265842,CR44631,CR44631,ncRNA,CR44631
FBgn0025519,fidipidine,CG7773,protein_coding,fidipidine
FBgn0261822,Bsg,CG31605,protein_coding,Basigin
FBgn0014024,Rnp4F,CG3312,protein_coding,RNA-binding protein 4F
FBgn0030223,CG2111,CG2111,protein_coding,CG2111
FBgn0266098,rg,CG44835,protein_coding,rugose
FBgn0011890,Lys-CTT-1-5,CR30515,tRNA,Lysine-CTT 1-5
FBgn0052945,CG32945,CG32945,protein_coding,CG32945
FBgn0262483,Rbp,CG43073,protein_coding,RIM-binding protein
FBgn0013767,Crz,CG3302,protein_coding,Corazonin
FBgn0267708,CR46041,CR46041,ncRNA,CR46041
FBgn0085201,COX7AL2,CG34172,protein_coding,Cytochrome c oxidase subunit 7A-like 2
FBgn0262690,CR43160,CR43160,ncRNA,CR43160
FBgn0283637,mir-9370,CR46286,ncRNA,mir-9370 stem loop
FBgn0264090,CG43759,CG43759,protein_coding,CG43759
FBgn0267533,CR45873,CR45873,ncRNA,CR45873
FBgn0030937,CG15042,CG15042,protein_coding,CG15042
FBgn0053995,CG33995,CG33995,protein_coding,CG33995
FBgn0043576,PGRP-SC1a,CG14746,protein_coding,Peptidoglycan recognition protein SC1a
FBgn0034411,CG18605,CG18605,protein_coding,CG18605
FBgn0050419,CG30419,CG30419,protein_coding,CG30419
FBgn0266226,CR44921,CR44921,ncRNA,CR44921
FBgn0038065,Snx3,CG6359,protein_coding,Sorting nexin 3
FBgn0030418,CG4004,CG4004,protein_coding,CG4004
FBgn0038539,Atg8b,CG12334,protein_coding,Autophagy-related 8b
FBgn0261963,mid,CG6634,protein_coding,midline
FBgn0266215,CR44910,CR44910,ncRNA,CR44910
FBgn0034592,CG9406,CG9406,protein_coding,CG9406
FBgn0031283,CG15880,CG15880,protein_coding,CG15880
FBgn0032719,CG17321,CG17321,protein_coding,CG17321
FBgn0031548,CG8852,CG8852,protein_coding,CG8852
FBgn0263232,Nxf3,CG32135,protein_coding,Nuclear export factor 3
FBgn0000535,eag,CG10952,protein_coding,ether a go-go
FBgn0260995,dpr21,CG42596,protein_coding,defective proboscis extension response 21
FBgn0085473,CG34444,CG34444,protein_coding,CG34444
FBgn0035800,t-Grip84,CG7716,protein_coding,testis-specific gamma-tubulin ring protein 84
FBgn0031848,Nse1,CG11329,protein_coding,Non-SMC element 1
FBgn0266910,CR45370,CR45370,ncRNA,CR45370
FBgn0035790,Cyp316a1,CG8540,protein_coding,Cytochrome P450 316a1
FBgn0053704,CG33704,CG33704,protein_coding,CG33704
FBgn0264447,CR43865,CR43865,ncRNA,CR43865
FBgn0038704,Aptx,CG5316,protein_coding,aprataxin
FBgn0002736,mago,CG9401,protein_coding,mago nashi
FBgn0035104,CG13875,CG13875,protein_coding,CG13875
FBgn0032021,CG7781,CG7781,protein_coding,CG7781
FBgn0085206,CG34177,CG34177,protein_coding,CG34177
FBgn0265874,CR44663,CR44663,ncRNA,CR44663
FBgn0053225,CG33225,CG33225,protein_coding,CG33225
FBgn0035693,CG8219,CG8219,protein_coding,CG8219
FBgn0259701,CG42355,CG42355,protein_coding,CG42355
FBgn0011921,iMet-CAT-2-1,CR30003,tRNA,initiator Methionine-CAT 2-1
FBgn0015772,Nak,CG10637,protein_coding,Numb-associated kinase
FBgn0266147,CR44853,CR44853,ncRNA,CR44853
FBgn0263911,COX8,CG7181,protein_coding,Cytochrome c oxidase subunit 8
FBgn0267540,CR45880,CR45880,ncRNA,CR45880
FBgn0260439,Pp2A-29B,CG17291,protein_coding,Protein phosphatase 2A at 29B
FBgn0041239,Gr58a,CG30396,protein_coding,Gustatory receptor 58a
FBgn0259194,Ir94e,CG42298,protein_coding,Ionotropic receptor 94e
FBgn0024913,Actbeta,CG11062,protein_coding,Activin-beta
FBgn0037637,IscU,CG9836,protein_coding,Iron-sulfur cluster assembly enzyme
FBgn0031824,CG9547,CG9547,protein_coding,CG9547
FBgn0053129,Tmem214,CG33129,protein_coding,Transmembrane protein 214
FBgn0265749,CR44556,CR44556,ncRNA,CR44556
FBgn0026713,Prp16,CG32604,protein_coding,pre-mRNA processing factor 16
FBgn0038148,CG14377,CG14377,protein_coding,CG14377
FBgn0265162,CR44231,CR44231,ncRNA,CR44231
FBgn0038460,CG18622,CG18622,protein_coding,CG18622
FBgn0011481,Ssdp,CG7187,protein_coding,Sequence-specific single-stranded DNA-binding protein
FBgn0031860,Daao2,CG11236,protein_coding,D-amino acid oxidase 2
FBgn0260634,eIF4G2,CG10192,protein_coding,eukaryotic translation initiation factor 4G2
FBgn0025578,Lcp9,CG16914,protein_coding,Larval cuticle protein 9
FBgn0020391,Nrk,CG4007,protein_coding,Neurospecific receptor kinase
FBgn0266319,CR44984,CR44984,ncRNA,CR44984
FBgn0085356,CG34327,CG34327,protein_coding,CG34327
FBgn0036090,Cnep1r2,CG8009,protein_coding,CTD nuclear envelope phosphatase 1 regulatory subunit 2
FBgn0063382,54Ed,CR32895,snoRNA,54Ed
FBgn0020643,Lcp65Ab2,CG18773,protein_coding,Lcp65Ab2
FBgn0050161,CG30161,CG30161,protein_coding,CG30161
FBgn0039313,CG11892,CG11892,protein_coding,CG11892
FBgn0053833,CG33833,CG33833,protein_coding,CG33833
FBgn0267060,CR45504,CR45504,ncRNA,CR45504
FBgn0033983,Agps,CG10253,protein_coding,Alkylglycerone phosphate synthase
FBgn0031517,CG15406,CG15406,protein_coding,CG15406
FBgn0266674,Sec15,CG7034,protein_coding,Secretory 15
FBgn0267493,Mst77Y-9,CG45769,protein_coding,Male-specific transcript 77Y 9
FBgn0032084,CG13101,CG13101,protein_coding,CG13101
FBgn0063449,Uhg2,CR32873,ncRNA,U snoRNA host gene 2
FBgn0265443,CR44343,CR44343,ncRNA,CR44343
FBgn0085456,CG34427,CG34427,protein_coding,CG34427
FBgn0036868,ms(3)76Ba,CG14087,protein_coding,male sterile (3) 76Ba
FBgn0040370,CG13375,CG13375,protein_coding,CG13375
FBgn0036889,CG14100,CG14100,protein_coding,CG14100
FBgn0051416,Asp-GTC-3-1,CR31416,tRNA,Aspartic acid-GTC 3-1
FBgn0265997,CR44772,CR44772,ncRNA,CR44772
FBgn0037892,mRpL40,CG5242,protein_coding,mitochondrial ribosomal protein L40
FBgn0037884,Arfip,CG17184,protein_coding,Arfaptin
FBgn0031145,Ntf-2,CG1740,protein_coding,Nuclear transport factor-2
FBgn0032549,CG4650,CG4650,protein_coding,CG4650
FBgn0023170,RpL39,CG3997,protein_coding,Ribosomal protein L39
FBgn0039261,Ythdf,CG6422,protein_coding,YTH N6-methyladenosine RNA binding protein
FBgn0053808,CG33808,CG33808,protein_coding,CG33808
FBgn0003931,38AB,CR32879,snRNA,small nuclear RNA U4 at 38AB
FBgn0010409,RpL18A,CG6510,protein_coding,Ribosomal protein L18A
FBgn0261804,CG42750,CG42750,protein_coding,CG42750
FBgn0035902,CG6683,CG6683,protein_coding,CG6683
FBgn0031549,Spindly,CG15415,protein_coding,Spindly
FBgn0051816,CG31816,CG31816,protein_coding,CG31816
FBgn0039104,CG10252,CG10252,protein_coding,CG10252
FBgn0287616,CR46485,CR46485,ncRNA,CR46485
FBgn0038070,CG6753,CG6753,protein_coding,CG6753
FBgn0028903,CG13243,CG13243,protein_coding,CG13243
FBgn0267910,CR34335,CR34335,ncRNA,CR34335
FBgn0024973,CG2701,CG2701,protein_coding,CG2701
FBgn0034723,CG13506,CG13506,protein_coding,CG13506
FBgn0264426,CG43844,CG43844,protein_coding,CG43844
FBgn0034842,Prosbeta5R1,CG9868,protein_coding,Proteasome beta5 subunit-related 1
FBgn0038590,CG12320,CG12320,protein_coding,CG12320
FBgn0286042,CR46364,CR46364,ncRNA,stable intronic sequence RNA CR46364
FBgn0083973,dunk,CG34137,protein_coding,disrupted underground network
FBgn0039625,beta4GalNAcTB,CG14517,protein_coding,"beta1,4-N-acetylgalactosaminyltransferase B"
FBgn0260768,CG42566,CG42566,protein_coding,CG42566
FBgn0034230,CG4853,CG4853,protein_coding,CG4853
FBgn0038617,Wdr37,CG12333,protein_coding,WD repeat domain 37
FBgn0029979,mahe,CG10777,protein_coding,maheshvara
FBgn0037146,P5CS,CG7470,protein_coding,Delta[1]-pyrroline-5-carboxylate synthase
FBgn0031756,CG13992,CG13992,protein_coding,CG13992
FBgn0053288,CG33288,CG33288,protein_coding,CG33288
FBgn0261477,slim,CG5186,protein_coding,scruin like at the midline
FBgn0037942,CG14721,CG14721,protein_coding,CG14721
FBgn0036538,CG15715,CG15715,protein_coding,CG15715
FBgn0265957,CR44744,CR44744,ncRNA,CR44744
FBgn0259741,CG42395,CG42395,protein_coding,CG42395
FBgn0263622,CR43631,CR43631,ncRNA,CR43631
FBgn0261385,scra,CG2092,protein_coding,scraps
FBgn0051835,CG31835,CG31835,protein_coding,CG31835
FBgn0032416,Gr33a,CG17213,protein_coding,Gustatory receptor 33a
FBgn0267051,CR45495,CR45495,pseudogene,CR45495
FBgn0038626,CG7691,CG7691,protein_coding,CG7691
FBgn0045759,bin,CG18647,protein_coding,biniou
FBgn0263536,mir-4974,CR43521,ncRNA,mir-4974 stem loop
FBgn0034290,CG5773,CG5773,protein_coding,CG5773
FBgn0266455,CG45080,CG45080,protein_coding,CG45080
FBgn0031337,CG14346,CG14346,protein_coding,CG14346
FBgn0032857,CG10947,CG10947,protein_coding,CG10947
FBgn0038959,CG13856,CG13856,protein_coding,CG13856
FBgn0004828,His3.3B,CG8989,protein_coding,Histone H3.3B
FBgn0031321,Tgt,CG4947,protein_coding,tRNA-guanine transglycosylase
FBgn0010329,Tbh,CG1543,protein_coding,Tyramine beta hydroxylase
FBgn0033110,CG9447,CG9447,protein_coding,CG9447
FBgn0265595,CG44422,CG44422,protein_coding,CG44422
FBgn0032250,holn1,CG5198,protein_coding,hole-in-one
FBgn0259870,CR42439,CR42439,ncRNA,CR42439
FBgn0037147,CG7140,CG7140,protein_coding,CG7140
FBgn0037177,CG14454,CG14454,protein_coding,CG14454
FBgn0031437,Arpc5,CG9881,protein_coding,"Actin-related protein 2/3 complex, subunit 5"
FBgn0030806,CG13001,CG13001,protein_coding,CG13001
FBgn0028940,Cyp28a5,CG8864,protein_coding,Cytochrome P450 28a5
FBgn0052671,Rab9Fa,CG32671,protein_coding,Rab at 9Fa
FBgn0266948,CR45399,CR45399,ncRNA,CR45399
FBgn0034792,YME1L,CG3499,protein_coding,YME1 like ATPase
FBgn0053221,CR33221,CR33221,pseudogene,CR33221
FBgn0264711,CG43980,CG43980,protein_coding,CG43980
FBgn0032025,CG7778,CG7778,protein_coding,CG7778
FBgn0026085,dgt4,CG4865,protein_coding,dim gamma-tubulin 4
FBgn0012017,Tyr-GTA-1-2,CR31986,tRNA,Tyrosine-GTA 1-2
FBgn0053270,CG33270,CG33270,protein_coding,CG33270
FBgn0259953,Sfp24Bd,CG42463,protein_coding,Seminal fluid protein 24Bd
FBgn0264991,CG44142,CG44142,protein_coding,CG44142
FBgn0264511,CR43910,CR43910,ncRNA,CR43910
FBgn0032223,GATAd,CG5034,protein_coding,GATAd
FBgn0034245,UQCR-6.4,CG14482,protein_coding,Ubiquinol-cytochrome c reductase 6.4 kDa subunit
FBgn0036732,Oatp74D,CG7571,protein_coding,Organic anion transporting polypeptide 74D
FBgn0028899,CG31817,CG31817,protein_coding,CG31817
FBgn0032439,Ref2,CG17031,protein_coding,RNA and export factor binding protein 2
FBgn0263083,CG43351,CG43351,protein_coding,CG43351
FBgn0262442,mir-2501,CR43005,ncRNA,mir-2501 stem loop
FBgn0020912,Ptx1,CG1447,protein_coding,Ptx1
FBgn0265452,CR44352,CR44352,ncRNA,CR44352
FBgn0034948,PPP1R15,CG3825,protein_coding,Protein phosphatase 1 regulatory subunit 15
FBgn0085339,CG34310,CG34310,protein_coding,CG34310
FBgn0033750,CG13151,CG13151,protein_coding,CG13151
FBgn0039443,TwdlS,CG14242,protein_coding,TweedleS
FBgn0037130,Syn1,CG7152,protein_coding,Syntrophin-like 1
FBgn0265899,CR44688,CR44688,ncRNA,CR44688
FBgn0038371,Pbp45,CG9597,protein_coding,PSEA-binding protein 45kD
FBgn0022986,qkr58E-1,CG3613,protein_coding,quaking related 58E-1
FBgn0050493,Coq9,CG30493,protein_coding,Coenzyme Q9
FBgn0040582,BomBc3,CG5791,protein_coding,Bomanin Bicipital 3
FBgn0283430,CR46273,CR46273,pseudogene,CR46273
FBgn0032132,CG4382,CG4382,protein_coding,CG4382
FBgn0050240,Glu-TTC-1-2,CR30240,tRNA,Glutamic acid-TTC 1-2
FBgn0030654,CG15643,CG15643,protein_coding,CG15643
FBgn0051680,CG31680,CG31680,protein_coding,CG31680
FBgn0065081,838,CR33793,ncRNA,small non-coding RNA 838
FBgn0023496,Lip1,CG7279,protein_coding,Lipase 1
FBgn0029766,CG15784,CG15784,protein_coding,CG15784
FBgn0016047,nompA,CG13207,protein_coding,no mechanoreceptor potential A
FBgn0000370,crc,CG8669,protein_coding,cryptocephal
FBgn0040366,CG11398,CG11398,protein_coding,CG11398
FBgn0038356,CG12784,CG12784,protein_coding,CG12784
FBgn0085765,CR40677,CR40677,pseudogene,CR40677
FBgn0038128,Ravus,CG15889,protein_coding,Ravus
FBgn0052163,CG32163,CG32163,protein_coding,CG32163
FBgn0016034,mael,CG11254,protein_coding,maelstrom
FBgn0011674,insc,CG11312,protein_coding,inscuteable
FBgn0284232,CG46316,CG46316,protein_coding,CG46316
FBgn0031436,ND-B17.2,CG3214,protein_coding,NADH dehydrogenase (ubiquinone) B17.2 subunit
FBgn0016054,phr6-4,CG2488,protein_coding,(6-4)-photolyase
FBgn0028562,sut2,CG17975,protein_coding,sugar transporter 2
FBgn0264817,pre-lola-G,CG44025,protein_coding,pre-lola-G
FBgn0085464,CG34435,CG34435,protein_coding,CG34435
FBgn0286006,mir-281-1,CR42931,ncRNA,mir-281-1 stem loop
FBgn0267949,CR46229,CR46229,ncRNA,CR46229
FBgn0039467,CG14253,CG14253,protein_coding,CG14253
FBgn0016976,stnA,CG12500,protein_coding,stoned A
FBgn0032536,Ance-3,CG17988,protein_coding,Ance-3
FBgn0035060,Eps-15,CG16932,protein_coding,Epidermal growth factor receptor pathway substrate clone 15
FBgn0265419,CR44331,CR44331,ncRNA,CR44331
FBgn0030338,CG15741,CG15741,protein_coding,CG15741
FBgn0031195,CG17600,CG17600,protein_coding,CG17600
FBgn0259729,CG42383,CG42383,protein_coding,CG42383
FBgn0038466,CG8907,CG8907,protein_coding,CG8907
FBgn0038436,Gyc89Db,CG14886,protein_coding,Guanylyl cyclase at 89Db
FBgn0000326,clt,CG9858,protein_coding,cricklet
FBgn0028534,CG7916,CG7916,protein_coding,CG7916
FBgn0052441,EMC10,CG32441,protein_coding,ER membrane protein complex subunit 10
FBgn0000115,Arl1,CG6025,protein_coding,ADP ribosylation factor-like 1
FBgn0029873,CG3918,CG3918,protein_coding,CG3918
FBgn0033584,CG7737,CG7737,protein_coding,CG7737
FBgn0267549,CR45889,CR45889,ncRNA,CR45889
FBgn0026090,Lamtor5,CG14812,protein_coding,"Late endosomal/lysosomal adaptor, MAPK and MTOR activator 5"
FBgn0263351,AP-2mu,CG7057,protein_coding,"Adaptor Protein complex 2, mu subunit"
FBgn0052055,CG32055,CG32055,protein_coding,CG32055
FBgn0264338,CR43794,CR43794,ncRNA,CR43794
FBgn0085810,CR41597,CR41597,pseudogene,CR41597
FBgn0034745,tous,CG4329,protein_coding,testes of unusual size
FBgn0005586,Rab3,CG7576,protein_coding,Rab3
FBgn0040358,CG14625,CG14625,protein_coding,CG14625
FBgn0035772,Sh3beta,CG8582,protein_coding,Sh3beta
FBgn0035557,CG11353,CG11353,protein_coding,CG11353
FBgn0083167,Neb-cGP,CG15304,protein_coding,Neb-cGP
FBgn0030578,CG5347,CG5347,protein_coding,CG5347
FBgn0010300,brat,CG10719,protein_coding,brain tumor
FBgn0000259,CkIIbeta,CG15224,protein_coding,Casein kinase II beta subunit
FBgn0267182,CR45622,CR45622,ncRNA,CR45622
FBgn0263112,Mitf,CG43369,protein_coding,Mitf
FBgn0000251,cad,CG1759,protein_coding,caudal
FBgn0267020,CR45464,CR45464,ncRNA,CR45464
FBgn0039054,Cow,CG13830,protein_coding,Carrier of Wingless
FBgn0267203,CR45643,CR45643,ncRNA,CR45643
FBgn0039116,CG10375,CG10375,protein_coding,CG10375
FBgn0265580,CR44407,CR44407,ncRNA,CR44407
FBgn0034223,Tes,CG6522,protein_coding,Testin
FBgn0265138,Gr22c,CG31929,protein_coding,Gustatory receptor 22c
FBgn0039584,beat-VI,CG14064,protein_coding,beaten path VI
FBgn0051220,CG31220,CG31220,protein_coding,CG31220
FBgn0046698,Pp1-Y2,CG40448,protein_coding,"Protein phosphatase 1, Y-linked 2"
FBgn0036813,Atg3,CG6877,protein_coding,Autophagy-related 3
FBgn0032684,Ugt301D1,CG10178,protein_coding,UDP-glycosyltransferase family 301 member D1
FBgn0264785,Hph,CG44015,protein_coding,HIF prolyl hydroxylase
FBgn0266138,CR44844,CR44844,ncRNA,CR44844
FBgn0030398,Cpr11B,CG2555,protein_coding,Cuticular protein 11B
FBgn0264885,CR44076,CR44076,ncRNA,CR44076
FBgn0267302,CR45738,CR45738,ncRNA,CR45738
FBgn0250910,Octbeta3R,CG42244,protein_coding,Octopamine beta3 receptor
FBgn0037220,CG14641,CG14641,protein_coding,CG14641
FBgn0052676,stx,CG32676,protein_coding,stuxnet
FBgn0036849,CG14079,CG14079,protein_coding,CG14079
FBgn0036759,CG5577,CG5577,protein_coding,CG5577
FBgn0263110,CG43367,CG43367,protein_coding,CG43367
FBgn0000723,FER,CG8874,protein_coding,FER tyrosine kinase
FBgn0003067,Pepck1,CG17725,protein_coding,Phosphoenolpyruvate carboxykinase 1
FBgn0035802,Pura,CG33275,protein_coding,Puratrophin-1-like
FBgn0265049,CR44164,CR44164,ncRNA,CR44164
FBgn0025864,Crag,CG12737,protein_coding,Calmodulin-binding protein related to a Rab3 GDP/GTP exchange protein
FBgn0262291,mir-956,CR42998,ncRNA,mir-956 stem loop
FBgn0004811,fs(2)ltoPP43,CG10528,protein_coding,female sterile (2) ltoPP43
FBgn0264949,CR44118,CR44118,ncRNA,CR44118
FBgn0263346,smash,CG43427,protein_coding,smallish
FBgn0005778,PpD5,CG10138,protein_coding,Protein phosphatase D5
FBgn0265252,CR44266,CR44266,ncRNA,CR44266
FBgn0032481,CG16972,CG16972,protein_coding,CG16972
FBgn0034515,CG13428,CG13428,protein_coding,CG13428
FBgn0030486,Set2,CG1716,protein_coding,SET domain containing 2
FBgn0031314,IntS14,CG4785,protein_coding,Integrator 14
FBgn0263985,CR43734,CR43734,pseudogene,CR43734
FBgn0267574,CR45914,CR45914,ncRNA,CR45914
FBgn0015778,rin,CG9412,protein_coding,rasputin
FBgn0038588,CG7156,CG7156,protein_coding,CG7156
FBgn0261402,Ir75b,CG42643,protein_coding,Ionotropic receptor 75b
FBgn0034198,CG11400,CG11400,protein_coding,CG11400
FBgn0005694,Aef1,CG5683,protein_coding,Adult enhancer factor 1
FBgn0085487,CG34458,CG34458,protein_coding,CG34458
FBgn0037973,CG18547,CG18547,protein_coding,CG18547
FBgn0033582,CG9084,CG9084,protein_coding,CG9084
FBgn0008651,lbl,CG6570,protein_coding,ladybird late
FBgn0038318,CG6236,CG6236,protein_coding,CG6236
FBgn0033766,Nup188,CG8771,protein_coding,Nucleoporin 188kDa
FBgn0267148,CR45588,CR45588,ncRNA,CR45588
FBgn0031554,CG15418,CG15418,protein_coding,CG15418
FBgn0051659,CG31659,CG31659,protein_coding,CG31659
FBgn0031868,Rat1,CG10354,protein_coding,Rat1 5'-3' exoribonuclease
FBgn0012016,Tyr-GTA-1-3,CR31987,tRNA,Tyrosine-GTA 1-3
FBgn0003301,rut,CG9533,protein_coding,rutabaga
FBgn0266634,CR45141,CR45141,ncRNA,CR45141
FBgn0046301,CG7148,CG7148,protein_coding,CG7148
FBgn0010398,Lrr47,CG6098,protein_coding,Leucine-rich repeat 47
FBgn0267672,CR46008,CR46008,ncRNA,CR46008
FBgn0263453,CR43476,CR43476,ncRNA,CR43476
FBgn0035157,CG13894,CG13894,protein_coding,CG13894
FBgn0053510,CG33510,CG33510,protein_coding,CG33510
FBgn0039808,CG12071,CG12071,protein_coding,CG12071
FBgn0041604,dlp,CG32146,protein_coding,dally-like
FBgn0036795,CG18233,CG18233,protein_coding,CG18233
FBgn0052354,CG32354,CG32354,protein_coding,CG32354
FBgn0053752,CG33752,CG33752,protein_coding,CG33752
FBgn0039145,CG6000,CG6000,protein_coding,CG6000
FBgn0267164,CR45604,CR45604,ncRNA,CR45604
FBgn0053892,CG33892,CG33892,protein_coding,CG33892
FBgn0034310,Nup75,CG5733,protein_coding,Nucleoporin 75kD
FBgn0042173,CG18853,CG18853,protein_coding,CG18853
FBgn0265368,CR44309,CR44309,ncRNA,CR44309
FBgn0004396,CrebA,CG7450,protein_coding,Cyclic-AMP response element binding protein A
FBgn0085483,CG34454,CG34454,protein_coding,CG34454
FBgn0264551,CR43930,CR43930,ncRNA,CR43930
FBgn0026176,SkpB,CG8881,protein_coding,SKP1-related B
FBgn0003060,CG9757,CG9757,protein_coding,CG9757
FBgn0000422,Ddc,CG10697,protein_coding,Dopa decarboxylase
FBgn0266888,CR45349,CR45349,ncRNA,CR45349
FBgn0267705,CR46038,CR46038,ncRNA,CR46038
FBgn0034887,St1,CG5428,protein_coding,Sulfotransferase 1
FBgn0032624,CG6304,CG6304,protein_coding,CG6304
FBgn0004903,Rb97D,CG6354,protein_coding,Ribonuclear protein at 97D
FBgn0011705,rost,CG9552,protein_coding,rolling stone
FBgn0011291,Taf11,CG4079,protein_coding,TBP-associated factor 11
FBgn0051296,CG31296,CG31296,protein_coding,CG31296
FBgn0288967,CG10793,CG10793,protein_coding,CG10793
FBgn0004449,Ten-m,CG5723,protein_coding,Tenascin major
FBgn0266258,CR44953,CR44953,ncRNA,CR44953
FBgn0260761,CG42559,CG42559,protein_coding,CG42559
FBgn0263411,CR43457,CR43457,ncRNA,CR43457
FBgn0259932,CG42455,CG42455,protein_coding,CG42455
FBgn0267448,CR45798,CR45798,ncRNA,CR45798
FBgn0031559,CG3513,CG3513,protein_coding,CG3513
FBgn0036588,CG13068,CG13068,protein_coding,CG13068
FBgn0052262,CG32262,CG32262,protein_coding,CG32262
FBgn0265072,CR44183,CR44183,ncRNA,CR44183
FBgn0053052,Gorab,CG33052,protein_coding,"Golgin, RAB6 interacting"
FBgn0001168,hry,CG6494,protein_coding,hairy
FBgn0027945,ppl,CG7758,protein_coding,pumpless
FBgn0263250,CG43393,CG43393,protein_coding,CG43393
FBgn0050209,Trp-CCA-2-6,CR30209,tRNA,Tryptophan-CCA 2-6
FBgn0031109,Obp19a,CG11748,protein_coding,Odorant-binding protein 19a
FBgn0031039,Shawn,CG14209,protein_coding,Shawn
FBgn0000464,Lar,CG10443,protein_coding,Leukocyte-antigen-related-like
FBgn0262965,CR43276,CR43276,pseudogene,CR43276
FBgn0037388,CG14676,CG14676,protein_coding,CG14676
FBgn0034576,ND-B14.7,CG9350,protein_coding,NADH dehydrogenase (ubiquinone) B14.7 subunit
FBgn0263403,CG43449,CG43449,protein_coding,CG43449
FBgn0023416,Ac3,CG1506,protein_coding,Adenylate cyclase 3
FBgn0027608,CG2082,CG2082,protein_coding,CG2082
FBgn0000042,Act5C,CG4027,protein_coding,Actin 5C
FBgn0037879,scpr-C,CG5106,protein_coding,SCP-containing protein C
FBgn0051560,CG31560,CG31560,protein_coding,CG31560
FBgn0027107,Inx6,CG17063,protein_coding,Innexin 6
FBgn0266850,CR45311,CR45311,ncRNA,CR45311
FBgn0262360,CG43058,CG43058,protein_coding,CG43058
FBgn0038950,CG5382,CG5382,protein_coding,CG5382
FBgn0265550,CR44400,CR44400,ncRNA,CR44400
FBgn0050414,CG30414,CG30414,protein_coding,CG30414
FBgn0003977,vir,CG3496,protein_coding,virilizer
FBgn0283509,Phm,CG3832,protein_coding,Peptidylglycine-alpha-hydroxylating monooxygenase
FBgn0085271,CG34242,CG34242,protein_coding,CG34242
FBgn0034518,CG13430,CG13430,protein_coding,CG13430
FBgn0065098,RNA,CR33682,ncRNA,Ribonuclease MRP RNA
FBgn0003517,sta,CG14792,protein_coding,stubarista
FBgn0082998,Psi28S-1192d,CR34594,snoRNA,Psi28S-1192d
FBgn0030525,CG10996,CG10996,protein_coding,CG10996
FBgn0284417,TS20,CR46331,ncRNA, testis-specific 20
FBgn0030505,NFAT,CG11172,protein_coding,NFAT nuclear factor
FBgn0267243,CR45683,CR45683,ncRNA,CR45683
FBgn0264955,CR44124,CR44124,ncRNA,CR44124
FBgn0035380,CG9970,CG9970,protein_coding,CG9970
FBgn0264329,CG43788,CG43788,protein_coding,CG43788
FBgn0052829,CG32829,CG32829,protein_coding,CG32829
FBgn0262200,mir-962,CR42907,ncRNA,mir-962 stem loop
FBgn0030721,CG12698,CG12698,protein_coding,CG12698
FBgn0287478,Camta,CG42332,protein_coding,Calmodulin-binding transcription activator
FBgn0037025,Spc105R,CG11451,protein_coding,Spc105-related
FBgn0019925,Surf4,CG6202,protein_coding,Surfeit 4
FBgn0040922,CG15036,CG15036,protein_coding,CG15036
FBgn0051719,RluA-1,CG31719,protein_coding,RluA pseudouridine synthase 1
FBgn0265878,CR44667,CR44667,ncRNA,CR44667
FBgn0268063,ltl,CG32372,protein_coding,larval translucida
FBgn0286893,CG46412,CG46412,protein_coding,CG46412
FBgn0039537,Hsdl2,CG5590,protein_coding,Hydroxysteroid dehydrogenase like 2
FBgn0019929,Ser7,CG2045,protein_coding,Ser7
FBgn0262593,Shab,CG43128,protein_coding,Shaker cognate b
FBgn0030025,CG2147,CG2147,protein_coding,CG2147
FBgn0262974,CR43285,CR43285,ncRNA,CR43285
FBgn0034938,CG3803,CG3803,protein_coding,CG3803
FBgn0003654,sw,CG18000,protein_coding,short wing
FBgn0263338,CR43419,CR43419,ncRNA,CR43419
FBgn0031213,galectin,CG11372,protein_coding,galectin
FBgn0035166,JMJD5,CG13902,protein_coding,Jumonji domain containing 5
FBgn0288748,CG46523,CG46523,protein_coding,CG46523
FBgn0027073,Ugt49B1,CG4302,protein_coding,UDP-glycosyltransferase family 49 member B1
FBgn0011659,Mlh1,CG11482,protein_coding,Mlh1
FBgn0031813,Acox3,CG9527,protein_coding,Acyl-CoA oxidase 3
FBgn0034519,BORCS7,CG18065,protein_coding,BLOC-1 related complex subunit 7
FBgn0022935,D19A,CG10269,protein_coding,D19A
FBgn0051606,CG31606,CG31606,protein_coding,CG31606
FBgn0041627,Ku80,CG18801,protein_coding,Ku80
FBgn0036595,CG13046,CG13046,protein_coding,CG13046
FBgn0265085,CR44196,CR44196,ncRNA,CR44196
FBgn0011952,Arg-TCG-2-1,CR32624,tRNA,Arginine-TCG 2-1
FBgn0262460,mir-2a-2,CR43035,ncRNA,mir-2a-2 stem loop
FBgn0051525,CG31525,CG31525,protein_coding,CG31525
FBgn0266593,CR45118,CR45118,ncRNA,CR45118
FBgn0040972,CG16978,CG16978,protein_coding,CG16978
FBgn0015359,Elp5,CG2034,protein_coding,Elongator complex protein 5
FBgn0037514,CG10919,CG10919,protein_coding,CG10919
FBgn0036824,CG3902,CG3902,protein_coding,CG3902
FBgn0034786,CG13531,CG13531,protein_coding,CG13531
FBgn0030208,PPP4R2r,CG2890,protein_coding,Protein phosphatase 4 regulatory subunit 2-related protein
FBgn0262227,mir-991,CR42934,ncRNA,mir-991 stem loop
FBgn0262467,Scox,CG8885,protein_coding,Synthesis of cytochrome c oxidase
FBgn0069056,CG33226,CG33226,protein_coding,CG33226
FBgn0031664,CG8892,CG8892,protein_coding,CG8892
FBgn0015591,AstA,CG13633,protein_coding,Allatostatin A
FBgn0031684,ND-13A,CG8680,protein_coding,NADH dehydrogenase (ubiquinone) 13 kDa A subunit
FBgn0031101,CG1631,CG1631,protein_coding,CG1631
FBgn0053296,CG33296,CG33296,protein_coding,CG33296
FBgn0267526,CR45866,CR45866,ncRNA,CR45866
FBgn0263850,CG43711,CG43711,protein_coding,CG43711
FBgn0035736,Cpr65Eb,CG8638,protein_coding,Cuticular protein 65Eb
FBgn0063924,Kaz1-ORFA,CR33790,pseudogene,Kaz1-ORFA
FBgn0262954,Polr2K,CG34186,protein_coding,"RNA polymerase II, I and III subunit K"
FBgn0250823,gish,CG6963,protein_coding,gilgamesh
FBgn0032050,CG13096,CG13096,protein_coding,CG13096
FBgn0267253,CG32700,CG32700,protein_coding,CG32700
FBgn0003941,RpL40,CG2960,protein_coding,Ribosomal protein L40
FBgn0004892,sob,CG3242,protein_coding,sister of odd and bowl
FBgn0262992,CR43300,CR43300,ncRNA,CR43300
FBgn0029909,mAChR-C,CG12796,protein_coding,"muscarinic Acetylcholine Receptor, C-type"
FBgn0037518,CG2641,CG2641,protein_coding,CG2641
FBgn0004510,Ets97D,CG6338,protein_coding,Ets at 97D
FBgn0039239,Srg1,CG13641,protein_coding,Sting-regulated gene 1
FBgn0011205,fbl,CG5725,protein_coding,fumble
FBgn0266445,CG45075,CG45075,protein_coding,CG45075
FBgn0000307,chif,CG5813,protein_coding,chiffon
FBgn0035073,CG16896,CG16896,protein_coding,CG16896
FBgn0052081,CG32081,CG32081,protein_coding,CG32081
FBgn0035824,CG8281,CG8281,protein_coding,CG8281
FBgn0265900,CR44689,CR44689,ncRNA,CR44689
FBgn0025582,eIF3e,CG9677,protein_coding,eukaryotic translation initiation factor 3 subunit e
FBgn0005619,Hdc,CG3454,protein_coding,Histidine decarboxylase
FBgn0030914,CG6106,CG6106,protein_coding,CG6106
FBgn0030478,CG1640,CG1640,protein_coding,CG1640
FBgn0036377,CG10710,CG10710,protein_coding,CG10710
FBgn0031905,gudu,CG5155,protein_coding,gudu
FBgn0003575,su(sable),CG6222,protein_coding,suppressor of sable
FBgn0052121,CG32121,CG32121,protein_coding,CG32121
FBgn0053971,Ir62a,CG33971,protein_coding,Ionotropic receptor 62a
FBgn0046323,ORY,CG40446,protein_coding,Occludin-Related Y
FBgn0266415,CR45055,CR45055,ncRNA,CR45055
FBgn0285941,CR46337,CR46337,ncRNA,CR46337
FBgn0027615,OXA1L,CG6404,protein_coding,OXA1L mitochondrial inner membrane protein
FBgn0038678,mRpL55,CG14283,protein_coding,mitochondrial ribosomal protein L55
FBgn0261286,Mat89Ba,CG12785,protein_coding,Maternal transcript 89Ba
FBgn0013972,Gycalpha99B,CG1912,protein_coding,Guanylyl cyclase alpha-subunit at 99B
FBgn0025838,CG2652,CG2652,protein_coding,CG2652
FBgn0051579,Ala-AGC-2-7,CR31579,tRNA,Alanine-AGC 2-7
FBgn0051915,CG31915,CG31915,protein_coding,CG31915
FBgn0024294,Spn43Aa,CG12172,protein_coding,Serpin 43Aa
FBgn0032269,w-cup,CG7363,protein_coding,world cup
FBgn0034935,Orcokinin,CG13565,protein_coding,Orcokinin
FBgn0042182,CG18749,CG18749,protein_coding,CG18749
FBgn0038454,CG10324,CG10324,protein_coding,CG10324
FBgn0000442,Pkg21D,CG3324,protein_coding,"Protein kinase, cGMP-dependent at 21D"
FBgn0020497,emb,CG13387,protein_coding,embargoed
FBgn0260867,CG42577,CG42577,protein_coding,CG42577
FBgn0030973,CG7332,CG7332,protein_coding,CG7332
FBgn0052755,CG32755,CG32755,protein_coding,CG32755
FBgn0283549,mir-9372,CR46283,ncRNA,mir-9372 stem loop
FBgn0011327,Uch-L5,CG3431,protein_coding,Ubiquitin carboxy-terminal hydrolase L5
FBgn0039249,CG11168,CG11168,protein_coding,CG11168
FBgn0036781,CG13699,CG13699,protein_coding,CG13699
FBgn0033733,CG8834,CG8834,protein_coding,CG8834
FBgn0261394,Prosalpha3,CG9327,protein_coding,Proteasome alpha3 subunit
FBgn0266199,CR44894,CR44894,ncRNA,CR44894
FBgn0029821,CG4020,CG4020,protein_coding,CG4020
FBgn0284410,TS2,CR46324,ncRNA, testis-specific 2
FBgn0052549,Nt5b,CG32549,protein_coding,5' nucleotidase B
FBgn0032907,Nthl1,CG9272,protein_coding,Nth-like DNA glycosylase 1
FBgn0039979,CR40282,CR40282,pseudogene,CR40282
FBgn0266251,CR44946,CR44946,ncRNA,CR44946
FBgn0019952,Orct,CG6331,protein_coding,Organic cation transporter
FBgn0040363,CG11384,CG11384,protein_coding,CG11384
FBgn0266000,CG44774,CG44774,protein_coding,CG44774
FBgn0033061,SmydA-5,CG14590,protein_coding,"SET and MYND domain containing, arthropod-specific, member 5"
FBgn0045862,btz,CG12878,protein_coding,barentsz
FBgn0267929,CR46210,CR46210,ncRNA,CR46210
FBgn0266144,CR44850,CR44850,ncRNA,CR44850
FBgn0267064,CR45508,CR45508,ncRNA,CR45508
FBgn0039272,CG11836,CG11836,protein_coding,CG11836
FBgn0035247,Mettl2,CG13929,protein_coding,Methyltransferase like 2
FBgn0041582,tamo,CG4057,protein_coding,tamo
FBgn0039644,rdog,CG11897,protein_coding,red dog mine
FBgn0086784,stmA,CG8739,protein_coding,stambha A
FBgn0030904,upd2,CG5988,protein_coding,unpaired 2
FBgn0266959,CR45410,CR45410,ncRNA,CR45410
FBgn0037988,CG14740,CG14740,protein_coding,CG14740
FBgn0265984,CR44763,CR44763,ncRNA,CR44763
FBgn0030237,CG15209,CG15209,protein_coding,CG15209
FBgn0030178,Naxe,CG2974,protein_coding,NAD(P)HX epimerase
FBgn0036180,Duba,CG6091,protein_coding,Deubiquitinating enzyme A
FBgn0051660,smog,CG31660,protein_coding,smog
FBgn0032054,Uba4,CG13090,protein_coding,Ubiquitin-like activating enzyme 4
FBgn0027558,Pgant3,CG4445,protein_coding,Polypeptide N-Acetylgalactosaminyltransferase 3
FBgn0053738,430l,CR33738,ncRNA,small non-coding RNA 430l
FBgn0015247,Diap2,CG8293,protein_coding,Death-associated inhibitor of apoptosis 2
FBgn0262487,CG43077,CG43077,protein_coding,CG43077
FBgn0035617,l(3)psg2,CG5146,protein_coding,lethal (3) persistent salivary gland 2
FBgn0038579,CG14313,CG14313,protein_coding,CG14313
FBgn0037218,aux,CG1107,protein_coding,auxilin
FBgn0039241,CG11089,CG11089,protein_coding,CG11089
FBgn0032796,cyst,CG10188,protein_coding,cysts
FBgn0026374,Rhp,CG8497,protein_coding,Rhophilin
FBgn0052365,CG32365,CG32365,protein_coding,CG32365
FBgn0286786,hoip,CG3949,protein_coding,hoi-polloi
FBgn0053966,CG33966,CG33966,protein_coding,CG33966
FBgn0053368,CR33368,CR33368,rRNA,CR33368
FBgn0028943,CG15638,CG15638,protein_coding,CG15638
FBgn0053428,CR33428,CR33428,rRNA,CR33428
FBgn0264075,tgo,CG11987,protein_coding,tango
FBgn0034897,Sesn,CG11299,protein_coding,Sestrin
FBgn0033397,Cyp4p3,CG10843,protein_coding,Cytochrome P450 4p3
FBgn0047205,CR32385,CR32385,ncRNA,CR32385
FBgn0001316,klar,CG17046,protein_coding,klarsicht
FBgn0262879,CR43234,CR43234,ncRNA,CR43234
FBgn0053356,CR33356,CR33356,pseudogene,CR33356
FBgn0266390,CR45030,CR45030,ncRNA,CR45030
FBgn0262126,Sec24CD,CG10882,protein_coding,Secretory 24CD
FBgn0265967,CR44754,CR44754,ncRNA,CR44754
FBgn0031639,mRpS2,CG2937,protein_coding,mitochondrial ribosomal protein S2
FBgn0262302,mir-954,CR43009,ncRNA,mir-954 stem loop
FBgn0039270,PQBP1,CG11820,protein_coding,Poly-glutamine tract binding protein 1
FBgn0050225,Val-AAC-2-1,CR30225,tRNA,Valine-AAC 2-1
FBgn0023515,Gcna,CG14814,protein_coding,Germ cell nuclear acidic peptidase
FBgn0038219,CG14839,CG14839,protein_coding,CG14839
FBgn0259858,CR42427,CR42427,ncRNA,CR42427
FBgn0015625,CycB3,CG5814,protein_coding,Cyclin B3
FBgn0028494,CG6424,CG6424,protein_coding,CG6424
FBgn0037625,CG11768,CG11768,protein_coding,CG11768
FBgn0264391,CR43839,CR43839,ncRNA,CR43839
FBgn0284227,CG46311,CG46311,protein_coding,CG46311
FBgn0035909,ergic53,CG6822,protein_coding,ergic53
FBgn0051116,ClC-a,CG31116,protein_coding,Chloride channel-a
FBgn0020238,14-3-3epsilon,CG31196,protein_coding,14-3-3epsilon
FBgn0037144,CG7458,CG7458,protein_coding,CG7458
FBgn0040514,CG17169,CG17169,protein_coding,CG17169
FBgn0037239,Sfxn1-3,CG11739,protein_coding,Sideroflexin 1/3
FBgn0262402,mir-311,CR42943,ncRNA,mir-311 stem loop
FBgn0038089,d-cup,CG14387,protein_coding,davis-cup
FBgn0085511,CR40719,CR40719,ncRNA,CR40719
FBgn0011596,fzo,CG4568,protein_coding,fuzzy onions
FBgn0266179,CR44885,CR44885,ncRNA,CR44885
FBgn0038515,CG5823,CG5823,protein_coding,CG5823
FBgn0004373,fwd,CG7004,protein_coding,four wheel drive
FBgn0267088,CR45532,CR45532,ncRNA,CR45532
FBgn0037956,CG6959,CG6959,protein_coding,CG6959
FBgn0085217,CG34188,CG34188,protein_coding,CG34188
FBgn0039151,CG13607,CG13607,protein_coding,CG13607
FBgn0027565,CG5498,CG5498,protein_coding,CG5498
FBgn0051077,CG31077,CG31077,protein_coding,CG31077
FBgn0263320,CG43401,CG43401,protein_coding,CG43401
FBgn0065102,184,CR33916,ncRNA,small non-coding RNA 184
FBgn0063385,Me28S-A3407a,CR32888,snoRNA,CR32888
FBgn0267873,CR46161,CR46161,pseudogene,CR46161
FBgn0050325,CG30325,CG30325,protein_coding,CG30325
FBgn0052268,Drsl6,CG32268,protein_coding,Drosomycin-like 6
FBgn0020305,dbe,CG4258,protein_coding,dribble
FBgn0262515,VhaAC45,CG8029,protein_coding,Vacuolar H[+] ATPase AC45 accessory subunit
FBgn0037897,Sptz,CG5270,protein_coding,Spastizin
FBgn0010316,dap,CG1772,protein_coding,dacapo
FBgn0032001,CG8360,CG8360,protein_coding,CG8360
FBgn0032480,Edem2,CG5682,protein_coding,"ER degradation enhancer, mannosidase alpha-like 2"
FBgn0034126,jtb,CG4398,protein_coding,jetboil
FBgn0046875,Obp83g,CG31558,protein_coding,Odorant-binding protein 83g
FBgn0052791,DIP-alpha,CG32791,protein_coding,Dpr-interacting protein alpha
FBgn0022774,Oat,CG8782,protein_coding,Ornithine aminotransferase precursor
FBgn0051976,ovm,CG31976,protein_coding,oven mitt
FBgn0053276,Urm1,CG33276,protein_coding,Ubiquitin-related modifier 1
FBgn0259954,CG42464,CG42464,protein_coding,CG42464
FBgn0267600,CR45938,CR45938,ncRNA,CR45938
FBgn0051822,CR31822,CR31822,pseudogene,CR31822
FBgn0037074,Tbc1d8-9,CG7324,protein_coding,TBC1 domain family member 8/9
FBgn0002431,hyd,CG9484,protein_coding,hyperplastic discs
FBgn0031214,CG11374,CG11374,protein_coding,CG11374
FBgn0262216,mir-974,CR42923,ncRNA,mir-974 stem loop
FBgn0262428,mir-87,CR42983,ncRNA,mir-87 stem loop
FBgn0032006,Pvr,CG8222,protein_coding,PDGF- and VEGF-receptor related
FBgn0026395,Or23a,CG9880,protein_coding,Odorant receptor 23a
FBgn0037375,kat-60L1,CG1193,protein_coding,katanin p60-like 1
FBgn0051869,CG31869,CG31869,protein_coding,CG31869
FBgn0025726,unc-13,CG2999,protein_coding,unc-13
FBgn0047178,CG32147,CG32147,protein_coding,CG32147
FBgn0266962,CG45413,CG45413,protein_coding,CG45413
FBgn0037662,CG11997,CG11997,protein_coding,CG11997
FBgn0050382,Prosalpha1R,CG30382,protein_coding,Proteasome alpha1 subunit-related
FBgn0086706,pix,CG5651,protein_coding,pixie
FBgn0032725,Nedd8,CG10679,protein_coding,Nedd8 ubiquitin like modifier
FBgn0050446,Tdc2,CG30446,protein_coding,Tyrosine decarboxylase 2
FBgn0035023,ITP,CG13586,protein_coding,Ion transport peptide
FBgn0261064,Rbsn-5,CG8506,protein_coding,Rabenosyn-5
FBgn0083984,CG34148,CG34148,protein_coding,CG34148
FBgn0264726,CR43994,CR43994,ncRNA,CR43994
FBgn0001565,Ddx56,CG1666,protein_coding,DEAD-box helicase 56
FBgn0033903,CG8323,CG8323,protein_coding,CG8323
FBgn0030905,CG15059,CG15059,protein_coding,CG15059
FBgn0036877,CG9452,CG9452,protein_coding,CG9452
FBgn0033997,Ir51a,CR12953,pseudogene,Ionotropic receptor 51a
FBgn0267530,CR45870,CR45870,ncRNA,CR45870
FBgn0001297,kay,CG33956,protein_coding,kayak
FBgn0036361,CG10154,CG10154,protein_coding,CG10154
FBgn0051807,CG31807,CG31807,protein_coding,CG31807
FBgn0267607,CR45945,CR45945,ncRNA,CR45945
FBgn0038316,CG6276,CG6276,protein_coding,CG6276
FBgn0267270,CR45706,CR45706,ncRNA,CR45706
FBgn0032827,CG10481,CG10481,protein_coding,CG10481
FBgn0267446,CR45796,CR45796,ncRNA,CR45796
FBgn0263661,CR43652,CR43652,ncRNA,CR43652
FBgn0036668,Zcchc7,CG9715,protein_coding,Zinc finger CCHC-type containing 7
FBgn0264445,CR43863,CR43863,ncRNA,CR43863
FBgn0043069,MESK4,CG31447,protein_coding,Misexpression suppressor of KSR 4
FBgn0051612,CG31612,CG31612,protein_coding,CG31612
FBgn0037292,plh,CG2022,protein_coding,pasang lhamu
FBgn0263208,CR43378,CR43378,pseudogene,CR43378
FBgn0085254,CG34225,CG34225,protein_coding,CG34225
FBgn0034446,Arl6,CG7735,protein_coding,ADP ribosylation factor-like 6
FBgn0051005,qless,CG31005,protein_coding,qless
FBgn0039448,TwdlQ,CG14250,protein_coding,TweedleQ
FBgn0033842,cbc,CG5970,protein_coding,crowded by cid
FBgn0037531,CG10445,CG10445,protein_coding,CG10445
FBgn0031026,CG12231,CG12231,protein_coding,CG12231
FBgn0032688,CG15160,CG15160,protein_coding,CG15160
FBgn0262215,mir-989,CR42922,ncRNA,mir-989 stem loop
FBgn0030992,CG33253,CG33253,protein_coding,CG33253
FBgn0264679,CR43964,CR43964,ncRNA,CR43964
FBgn0085322,CG34293,CG34293,protein_coding,CG34293
FBgn0038462,EMC2A,CG17556,protein_coding,ER membrane protein complex subunit 2A
FBgn0012028,Tyr-GTA-1-4,CR31387,tRNA,Tyrosine-GTA 1-4
FBgn0053386,CR33386,CR33386,rRNA,CR33386
FBgn0030336,CG1578,CG1578,protein_coding,CG1578
FBgn0002069,AspRS,CG3821,protein_coding,Aspartyl-tRNA synthetase
FBgn0263598,Vha68-2,CG3762,protein_coding,Vacuolar H[+] ATPase 68 kDa subunit 2
FBgn0051266,CG31266,CG31266,protein_coding,CG31266
FBgn0031874,CG13775,CG13775,protein_coding,CG13775
FBgn0053734,430h,CR33734,ncRNA,small non-coding RNA 430h
FBgn0267689,CG46025,CG46025,protein_coding,CG46025
FBgn0029658,CG14269,CG14269,protein_coding,CG14269
FBgn0039323,CG10559,CG10559,protein_coding,CG10559
FBgn0040513,kappaB-Ras,CG1669,protein_coding,kappaB-Ras
FBgn0033449,CG1663,CG1663,protein_coding,CG1663
FBgn0086066,Me5.8S-G74,CR34695,snoRNA,CR34695
FBgn0038105,yellow-f2,CG8063,protein_coding,yellow-f2
FBgn0032221,Schip1,CG5375,protein_coding,Schwannomin interacting protein 1
FBgn0032299,CG17127,CG17127,protein_coding,CG17127
FBgn0287213,CG46443,CG46443,protein_coding,CG46443
FBgn0263596,CG43618,CG43618,protein_coding,CG43618
FBgn0267987,CR46254,CR46254,ncRNA,CR46254
FBgn0037594,Or85d,CG11742,protein_coding,Odorant receptor 85d
FBgn0040351,CG11638,CG11638,protein_coding,CG11638
FBgn0051950,Sbat,CG31950,protein_coding,Sabbat
FBgn0025839,ND-B14.5A,CG3621,protein_coding,NADH dehydrogenase (ubiquinone) B14.5 A subunit
FBgn0022724,Taf8,CG7128,protein_coding,TBP-associated factor 8
FBgn0266371,CR45015,CR45015,ncRNA,CR45015
FBgn0051516,CG31516,CG31516,protein_coding,CG31516
FBgn0029831,CG5966,CG5966,protein_coding,CG5966
FBgn0003091,Pkc53E,CG6622,protein_coding,Protein C kinase 53E
FBgn0261803,CG42749,CG42749,protein_coding,CG42749
FBgn0004588,Eig71Ea,CG16931,protein_coding,Ecdysone-induced gene 71Ea
FBgn0032013,Scgalpha,CG7851,protein_coding,Sarcoglycan alpha
FBgn0024187,syd,CG8110,protein_coding,sunday driver
FBgn0263660,CR43651,CR43651,ncRNA,CR43651
FBgn0266487,CG45086,CG45086,protein_coding,CG45086
FBgn0024277,trio,CG18214,protein_coding,trio
FBgn0267667,CR46005,CR46005,ncRNA,CR46005
FBgn0260223,CG42497,CG42497,protein_coding,CG42497
FBgn0032775,CG17544,CG17544,protein_coding,CG17544
FBgn0029986,CG15332,CG15332,protein_coding,CG15332
FBgn0030675,CG8191,CG8191,protein_coding,CG8191
FBgn0034114,CG4282,CG4282,protein_coding,CG4282
FBgn0001989,ND-B17,CG13240,protein_coding,NADH dehydrogenase (ubiquinone) B17 subunit
FBgn0030620,CG5662,CG5662,protein_coding,CG5662
FBgn0050409,CR30409,CR30409,pseudogene,CR30409
FBgn0267713,CR46046,CR46046,ncRNA,CR46046
FBgn0031041,Pstk,CG12788,protein_coding,Phosphoseryl tRNA kinase
FBgn0010397,LamC,CG10119,protein_coding,Lamin C
FBgn0266971,CR45422,CR45422,ncRNA,CR45422
FBgn0038890,sp3,CG7956,protein_coding,spermathreecae
FBgn0038361,Uros2,CG9589,protein_coding,Uroporphyrinogen III synthase 2
FBgn0032154,mtDNA-helicase,CG5924,protein_coding,mitochondrial DNA helicase
FBgn0053159,CG33159,CG33159,protein_coding,CG33159
FBgn0029717,CG12684,CG12684,protein_coding,CG12684
FBgn0031453,Bacc,CG9894,protein_coding,Bacchus
FBgn0004169,up,CG7107,protein_coding,upheld
FBgn0036225,CG5883,CG5883,protein_coding,CG5883
FBgn0017430,Nelf-E,CG5994,protein_coding,Negative elongation factor E
FBgn0036662,CG9706,CG9706,protein_coding,CG9706
FBgn0005775,Con,CG7503,protein_coding,Connectin
FBgn0040230,dbo,CG6224,protein_coding,diablo
FBgn0259237,CG42335,CG42335,protein_coding,CG42335
FBgn0287214,CR46444,CR46444,ncRNA,CR46444
FBgn0011284,RpS4,CG11276,protein_coding,Ribosomal protein S4
FBgn0030873,CG15814,CG15814,protein_coding,CG15814
FBgn0267681,CR46017,CR46017,ncRNA,CR46017
FBgn0030938,CG15047,CG15047,protein_coding,CG15047
FBgn0027611,LManII,CG6206,protein_coding,Lysosomal alpha-mannosidase II
FBgn0010382,CycE,CG3938,protein_coding,Cyclin E
FBgn0266276,CR44961,CR44961,ncRNA,CR44961
FBgn0026060,Mipp2,CG4317,protein_coding,Multiple inositol polyphosphate phosphatase 2
FBgn0085386,CG34357,CG34357,protein_coding,CG34357
FBgn0262970,CR43281,CR43281,pseudogene,CR43281
FBgn0039719,CG15515,CG15515,protein_coding,CG15515
FBgn0263391,hts,CG43443,protein_coding,hu li tai shao
FBgn0039006,Cyp6d4,CG12800,protein_coding,Cytochrome P450 6d4
FBgn0267715,CR46048,CR46048,ncRNA,CR46048
FBgn0053317,CR33317,CR33317,pseudogene,CR33317
FBgn0051121,CG31121,CG31121,protein_coding,CG31121
FBgn0015574,alpha-Est6,CG1108,protein_coding,alpha-Esterase-6
FBgn0028841,jhamt,CG17330,protein_coding,juvenile hormone acid methyltransferase
FBgn0053300,Muc30E,CG33300,protein_coding,Mucin 30E
FBgn0054041,CG34041,CG34041,protein_coding,CG34041
FBgn0288705,CR46500,CR46500,ncRNA,CR46500
FBgn0266699,CR45189,CR45189,ncRNA,CR45189
FBgn0053904,CG33904,CG33904,protein_coding,CG33904
FBgn0266067,CR44820,CR44820,ncRNA,CR44820
FBgn0039184,CG6432,CG6432,protein_coding,CG6432
FBgn0054005,CG34005,CG34005,protein_coding,CG34005
FBgn0033888,CG18568,CG18568,protein_coding,CG18568
FBgn0034500,CG11200,CG11200,protein_coding,CG11200
FBgn0035043,CG4781,CG4781,protein_coding,CG4781
FBgn0261294,CheB74a,CG33924,protein_coding,Chemosensory protein B 74a
FBgn0050235,Leu-AAG-1-3,CR30235,tRNA,Leucine-AAG 1-3
FBgn0038888,CheB93a,CG15503,protein_coding,Chemosensory protein B 93a
FBgn0036887,CG9231,CG9231,protein_coding,CG9231
FBgn0033362,CG8172,CG8172,protein_coding,CG8172
FBgn0051706,CG31706,CG31706,protein_coding,CG31706
FBgn0266180,CR44886,CR44886,ncRNA,CR44886
FBgn0039189,CG18528,CG18528,protein_coding,CG18528
FBgn0033802,CG17724,CG17724,protein_coding,CG17724
FBgn0011932,Asn-GTT-1-5,CR30511,tRNA,Asparagine-GTT 1-5
FBgn0043806,CG32032,CG32032,protein_coding,CG32032
FBgn0036138,CG14143,CG14143,protein_coding,CG14143
FBgn0005779,PpD6,CG8822,protein_coding,Protein phosphatase D6
FBgn0262361,CG43059,CG43059,protein_coding,CG43059
FBgn0085400,side-V,CG34371,protein_coding,sidestep V
FBgn0267789,CR46120,CR46120,ncRNA,CR46120
FBgn0034893,mRpL43,CG5479,protein_coding,mitochondrial ribosomal protein L43
FBgn0288731,CG46506,CG46506,protein_coding,CG46506
FBgn0015380,drl,CG17348,protein_coding,derailed
FBgn0036670,CG13029,CG13029,protein_coding,CG13029
FBgn0267198,CR45638,CR45638,ncRNA,CR45638
FBgn0042133,CG18810,CG18810,protein_coding,CG18810
FBgn0267634,CR45972,CR45972,ncRNA,CR45972
FBgn0000092,dyw,CG2650,protein_coding,daywake
FBgn0003326,sca,CG17579,protein_coding,scabrous
FBgn0024238,Fim,CG8649,protein_coding,Fimbrin
FBgn0266974,CR45425,CR45425,ncRNA,CR45425
FBgn0016013,Faa,CG14993,protein_coding,Fumarylacetoacetase
FBgn0030693,sordd1,CG8974,protein_coding,suppression of retinal degeneration disease 1 upon overexpression 1
FBgn0040648,CG11666,CG11666,protein_coding,CG11666
FBgn0050461,CG30461,CG30461,protein_coding,CG30461
FBgn0010241,Mdr50,CG8523,protein_coding,Multi drug resistance 50
FBgn0031081,Nep3,CG9565,protein_coding,Neprilysin 3
FBgn0010602,lwr,CG3018,protein_coding,lesswright
FBgn0259224,CG42324,CG42324,protein_coding,CG42324
FBgn0262388,mir-92b,CR42916,ncRNA,mir-92b stem loop
FBgn0004391,shtd,CG9198,protein_coding,shattered
FBgn0035779,CG8562,CG8562,protein_coding,CG8562
FBgn0032769,CG10750,CG10750,protein_coding,CG10750
FBgn0025390,Mur2B,CG14796,protein_coding,Mucin related 2B
FBgn0037924,CG14712,CG14712,protein_coding,CG14712
FBgn0046886,Gr98c,CG31060,protein_coding,Gustatory receptor 98c
FBgn0035571,CG12493,CG12493,protein_coding,CG12493
FBgn0031220,CG4822,CG4822,protein_coding,CG4822
FBgn0035588,Dhrs4,CG10672,protein_coding,Dehydrogenase/reductase 4
FBgn0036117,CG6321,CG6321,protein_coding,CG6321
FBgn0052719,CG32719,CG32719,protein_coding,CG32719
FBgn0047114,CG31142,CG31142,protein_coding,CG31142
FBgn0038672,CG6005,CG6005,protein_coding,CG6005
FBgn0051008,CG31008,CG31008,protein_coding,CG31008
FBgn0259213,side-II,CG42313,protein_coding,sidestep II
FBgn0003943,Ubi-p63E,CG11624,protein_coding,Ubiquitin-63E
FBgn0261624,I-3,CG42707,protein_coding,Inhibitor-3
FBgn0037650,CG11977,CG11977,protein_coding,CG11977
FBgn0083983,mRpL34,CG34147,protein_coding,mitochondrial ribosomal protein L34
FBgn0032362,spz4,CG14928,protein_coding,spatzle 4
FBgn0267212,CR45652,CR45652,ncRNA,CR45652
FBgn0260942,bond,CG6921,protein_coding,james bond
FBgn0250789,alpha-Spec,CG1977,protein_coding,alpha Spectrin
FBgn0265692,CR44499,CR44499,ncRNA,CR44499
FBgn0034166,CG6472,CG6472,protein_coding,CG6472
FBgn0030679,CG8206,CG8206,protein_coding,CG8206
FBgn0052482,iMet-CAT-1-3,CR32482,tRNA,initiator Methionine-CAT 1-3
FBgn0033294,Mal-A4,CG8693,protein_coding,Maltase A4
FBgn0261697,tctn,CG42731,protein_coding,tectonic
FBgn0262845,CG43209,CG43209,protein_coding,CG43209
FBgn0264746,CG44004,CG44004,protein_coding,CG44004
FBgn0267220,CR45660,CR45660,ncRNA,CR45660
FBgn0038925,Cchl,CG6022,protein_coding,Cytochrome c heme lyase
FBgn0005561,sv,CG11049,protein_coding,shaven
FBgn0035546,CG11345,CG11345,protein_coding,CG11345
FBgn0034996,CG13575,CG13575,protein_coding,CG13575
FBgn0039212,Syx18,CG13626,protein_coding,Syntaxin 18
FBgn0267283,CR45719,CR45719,ncRNA,CR45719
FBgn0086446,DCTN6-p27,CG17347,protein_coding,"Dynactin 6, p27 subunit"
FBgn0034301,CG5756,CG5756,protein_coding,CG5756
FBgn0262535,CG43089,CG43089,protein_coding,CG43089
FBgn0085377,CG34348,CG34348,protein_coding,CG34348
FBgn0032444,CCT4,CG5525,protein_coding,Chaperonin containing TCP1 subunit 4
FBgn0261112,APP-BP1,CG7828,protein_coding,beta-Amyloid precursor protein binding protein 1
FBgn0023171,rnh1,CG8729,protein_coding,ribonuclease H1
FBgn0039053,CG6738,CG6738,protein_coding,CG6738
FBgn0038390,Rbf2,CG5083,protein_coding,Retinoblastoma-family protein 2
FBgn0013718,nuf,CG33991,protein_coding,nuclear fallout
FBgn0003969,vap,CG9209,protein_coding,vacuolar peduncle
FBgn0085488,CG34459,CG34459,protein_coding,CG34459
FBgn0263497,CR43486,CR43486,ncRNA,CR43486
FBgn0037279,Gmppb,CG1129,protein_coding,GDP-mannose pyrophosphorylase B
FBgn0038275,CG3817,CG3817,protein_coding,CG3817
FBgn0051953,CR31953,CR31953,pseudogene,CR31953
FBgn0045497,Gr22e,CG31936,protein_coding,Gustatory receptor 22e
FBgn0266574,Thr-TGT-2-4,CR45107,tRNA,Threonine-TGT 2-4
FBgn0267022,CR45466,CR45466,ncRNA,CR45466
FBgn0266394,CR45034,CR45034,ncRNA,CR45034
FBgn0267280,CR45716,CR45716,pseudogene,CR45716
FBgn0024184,unc-4,CG6269,protein_coding,unc-4
FBgn0034052,CG8299,CG8299,protein_coding,CG8299
FBgn0003525,stg,CG1395,protein_coding,string
FBgn0266804,CR45266,CR45266,ncRNA,CR45266
FBgn0264900,CR44091,CR44091,ncRNA,CR44091
FBgn0035666,Jon65Aii,CG6580,protein_coding,Jonah 65Aii
FBgn0036791,CG7271,CG7271,protein_coding,CG7271
FBgn0265609,CR44427,CR44427,ncRNA,CR44427
FBgn0037092,M6,CG7540,protein_coding,M6
FBgn0260455,CG10332,CG10332,protein_coding,CG10332
FBgn0024189,sns,CG33141,protein_coding,sticks and stones
FBgn0039149,CG18428,CG18428,protein_coding,CG18428
FBgn0264744,CG44002,CG44002,protein_coding,CG44002
FBgn0039273,shams,CG9996,protein_coding,shams
FBgn0000100,RpLP0,CG7490,protein_coding,Ribosomal protein LP0
FBgn0038649,PGS1,CG7718,protein_coding,Phosphatidylglycerophosphate synthase 1
FBgn0284228,CG46312,CG46312,protein_coding,CG46312
FBgn0040842,CG15212,CG15212,protein_coding,CG15212
FBgn0038239,Jig,CG14850,protein_coding,Jig
FBgn0053881,CG33881,CG33881,protein_coding,CG33881
FBgn0031082,lky,CG17003,protein_coding,leaky
FBgn0011270,Pglym87,CG17645,protein_coding,Phosphoglyceromutase 87
FBgn0034066,EMC7,CG8397,protein_coding,ER membrane protein complex subunit 7
FBgn0033982,Cyp317a1,CG17453,protein_coding,Cytochrome P450 317a1
FBgn0010434,cora,CG11949,protein_coding,coracle
FBgn0036214,CG7264,CG7264,protein_coding,CG7264
FBgn0035113,pyx,CG17142,protein_coding,pyrexia
FBgn0051710,CG31710,CG31710,protein_coding,CG31710
FBgn0043458,CG12084,CG12084,protein_coding,CG12084
FBgn0260798,Gprk1,CG40129,protein_coding,G protein-coupled receptor kinase 1
FBgn0034534,maf-S,CG9954,protein_coding,maf-S
FBgn0052176,CG32176,CG32176,protein_coding,CG32176
FBgn0036614,Golgin104,CG4925,protein_coding,Golgin 104
FBgn0039028,CG13840,CG13840,protein_coding,CG13840
FBgn0052010,CR32010,FBti0020403,pseudogene,FBti0020403
FBgn0052010,CR32010,CR32010,pseudogene,CR32010
FBgn0037317,CG14667,CG14667,protein_coding,CG14667
FBgn0038546,CG7379,CG7379,protein_coding,CG7379
FBgn0267005,CR45449,CR45449,ncRNA,CR45449
FBgn0085212,CG34183,CG34183,protein_coding,CG34183
FBgn0033599,CG13223,CG13223,protein_coding,CG13223
FBgn0085485,CG34456,CG34456,protein_coding,CG34456
FBgn0033323,CG12376,CG12376,protein_coding,CG12376
FBgn0040519,CG15219,CG15219,protein_coding,CG15219
FBgn0032506,CG9395,CG9395,protein_coding,CG9395
FBgn0034191,CG6984,CG6984,protein_coding,CG6984
FBgn0267429,lovit,CG45782,protein_coding,loss of visual transmission
FBgn0039771,Osi23,CG15538,protein_coding,Osiris 23
FBgn0262877,CG43232,CG43232,protein_coding,CG43232
FBgn0262463,mir-100,CR43044,ncRNA,mir-100 stem loop
FBgn0002306,sas,CG2507,protein_coding,stranded at second
FBgn0261279,lqfR,CG42250,protein_coding,liquid facets-Related
FBgn0031322,CG5001,CG5001,protein_coding,CG5001
FBgn0033527,CG11777,CG11777,protein_coding,CG11777
FBgn0038653,Octalpha2R,CG18208,protein_coding,alpha2-adrenergic-like octopamine receptor
FBgn0052064,S-Lap4,CG32064,protein_coding,Sperm-Leucylaminopeptidase 4
FBgn0265792,CR44581,CR44581,ncRNA,CR44581
FBgn0261291,CheA86a,CG33698,protein_coding,Chemosensory protein A 86a
FBgn0039616,CG11828,CG11828,protein_coding,CG11828
FBgn0025879,Timp,CG6281,protein_coding,Tissue inhibitor of metalloproteases
FBgn0027528,goe,CG9634,protein_coding,gone early
FBgn0028901,t-Grip91,CG18109,protein_coding,testis-specific gamma-tubulin ring protein 91
FBgn0030056,CAH3,CG11284,protein_coding,Carbonic anhydrase 3
FBgn0288469,Pex23,CG32226,protein_coding,Peroxin 23
FBgn0263541,mir-4986,CR43526,ncRNA,mir-4986 stem loop
FBgn0266231,CR44926,CR44926,ncRNA,CR44926
FBgn0033127,Tsp42Ef,CG12845,protein_coding,Tetraspanin 42Ef
FBgn0039972,Marf1,CG17018,protein_coding,Meiosis regulator and mRNA stability factor 1
FBgn0029664,CG10802,CG10802,protein_coding,CG10802
FBgn0013695,His-GTG,CR34084,tRNA,Histidine-GTG
FBgn0052442,Arv1,CG32442,protein_coding,ACAT-related protein required for viability 1
FBgn0029890,Fum2,CG4095,protein_coding,Fumarase 2
FBgn0027082,ProRS-m,CG12186,protein_coding,"Prolyl-tRNA synthetase, mitochondrial"
FBgn0035786,Tsp66A,CG16991,protein_coding,Tetraspanin 66A
FBgn0032664,Slc25A46b,CG5755,protein_coding,Solute carrier family 25 member 46b
FBgn0004187,95Cc,CR31185,snRNA,small nuclear RNA U1 at 95C c
FBgn0259956,Sfp24C1,CG42466,protein_coding,Seminal fluid protein 24C1
FBgn0265670,CG44477,CG44477,protein_coding,CG44477
FBgn0040984,CG4440,CG4440,protein_coding,CG4440
FBgn0267903,CG46191,CG46191,protein_coding,CG46191
FBgn0000810,fs(1)K10,CG3218,protein_coding,female sterile (1) K10
FBgn0052708,CG32708,CG32708,protein_coding,CG32708
FBgn0264898,CR44089,CR44089,ncRNA,CR44089
FBgn0052301,CG32301,CG32301,protein_coding,CG32301
FBgn0040967,CG18666,CG18666,protein_coding,CG18666
FBgn0289556,blo,CG8740,protein_coding,bloated
FBgn0002633,E(spl)m7-HLH,CG8361,protein_coding,"Enhancer of split m7, helix-loop-helix"
FBgn0040477,cid,CG13329,protein_coding,centromere identifier
FBgn0083040,Psi18S-1854c,CR34598,snoRNA,Psi18S-1854c
FBgn0036556,hzg,CG5830,protein_coding,herzog
FBgn0033597,Cpr47Ea,CG9079,protein_coding,Cuticular protein 47Ea
FBgn0041717,U6atac,CR32989,snRNA,small nuclear RNA U6atac
FBgn0028474,CG4119,CG4119,protein_coding,CG4119
FBgn0032036,CG13384,CG13384,protein_coding,CG13384
FBgn0051331,Phe-GAA-1-7,CR31331,tRNA,Phenylalanine-GAA 1-7
FBgn0010590,Prosbeta1,CG8392,protein_coding,Proteasome beta1 subunit
FBgn0002772,Mlc1,CG5596,protein_coding,Myosin alkali light chain 1
FBgn0051030,VhaAC45RP,CG31030,protein_coding,VhaAC45-related protein
FBgn0052260,CG32260,CG32260,protein_coding,CG32260
FBgn0029661,CG16781,CG16781,protein_coding,CG16781
FBgn0031428,CG9886,CG9886,protein_coding,CG9886
FBgn0262544,CG43098,CG43098,protein_coding,CG43098
FBgn0266240,CR44935,CR44935,ncRNA,CR44935
FBgn0085424,nub,CG34395,protein_coding,nubbin
FBgn0260760,CG42558,CG42558,protein_coding,CG42558
FBgn0011936,Asn-GTT-1-3,CR33973,tRNA,Asparagine-GTT 1-3
FBgn0266316,CR44981,CR44981,ncRNA,CR44981
FBgn0267046,CG45490,CG45490,protein_coding,CG45490
FBgn0261461,RhoGAP18B,CG42274,protein_coding,Rho GTPase activating protein at 18B
FBgn0030460,Coq5,CG2453,protein_coding,Coenzyme Q5
FBgn0038038,CG5167,CG5167,protein_coding,CG5167
FBgn0267849,Syx7,CG5081,protein_coding,Syntaxin 7
FBgn0030356,CR32661,CR32661,ncRNA,CR32661
FBgn0030344,Nrd1,CG2025,protein_coding,Nardilysin
FBgn0034898,CG18128,CG18128,protein_coding,CG18128
FBgn0036928,Tom20,CG7654,protein_coding,Translocase of outer membrane 20
FBgn0024291,Sirt1,CG5216,protein_coding,Sirtuin 1
FBgn0263869,CR43716,CR43716,ncRNA,CR43716
FBgn0063378,54Ed,CR32899,snoRNA,54Ed
FBgn0036565,CG5235,CG5235,protein_coding,CG5235
FBgn0265987,CR44766,CR44766,ncRNA,CR44766
FBgn0032997,CG17486,CG17486,protein_coding,CG17486
FBgn0039030,CG6660,CG6660,protein_coding,CG6660
FBgn0034535,CG11110,CG11110,protein_coding,CG11110
FBgn0037290,Jhbp1,CG1124,protein_coding,Juvenile hormone binding protein 1
FBgn0262111,f,CG42864,protein_coding,forked
FBgn0283501,CR46115,CR46115,ncRNA,CR46115
FBgn0267585,dntRL,CR45923,ncRNA,downstream non-coding target of Rpd3 and Loco
FBgn0038385,Fbxl7,CG4221,protein_coding,F-box and leucine-rich repeat protein 7
FBgn0033945,CG12868,CG12868,protein_coding,CG12868
FBgn0010217,ATPsynbeta,CG11154,protein_coding,"ATP synthase, beta subunit"
FBgn0036292,CG10646,CG10646,protein_coding,CG10646
FBgn0265176,CR44241,CR44241,ncRNA,CR44241
FBgn0266162,CR44868,CR44868,ncRNA,CR44868
FBgn0035206,sturkopf,CG9186,protein_coding,sturkopf
FBgn0261843,pre-mod(mdg4)-W,CG42775,protein_coding,CG42775
FBgn0028704,Nckx30C,CG18660,protein_coding,Nckx30C
FBgn0025637,SkpA,CG16983,protein_coding,SKP1-related A
FBgn0085425,CG34396,CG34396,protein_coding,CG34396
FBgn0051777,CG31777,CG31777,protein_coding,CG31777
FBgn0086023,Me28S-A2589a,CR34652,snoRNA,CR34652
FBgn0261119,Prp19,CG5519,protein_coding,Pre-RNA processing factor 19
FBgn0267506,CR45846,CR45846,rRNA,CR45846
FBgn0029922,CG14431,CG14431,protein_coding,CG14431
FBgn0265002,CG44153,CG44153,protein_coding,CG44153
FBgn0033063,CG14589,CG14589,protein_coding,CG14589
FBgn0036922,CG14182,CG14182,protein_coding,CG14182
FBgn0260775,DnaJ-60,CG42567,protein_coding,DnaJ-like-60
FBgn0019686,lok,CG10895,protein_coding,loki
FBgn0014127,barr,CG10726,protein_coding,barren
FBgn0250757,kumpel,CG42235,protein_coding,kin of rumpel
FBgn0053688,CG33688,CG33688,protein_coding,CG33688
FBgn0266433,CG45063,CG45063,protein_coding,CG45063
FBgn0261856,CR42785,CR42785,pseudogene,CR42785
FBgn0033485,RpLP0-like,CG1381,protein_coding,Ribosomal protein LP0-like
FBgn0023489,Pph13,CG2819,protein_coding,PvuII-PstI homology 13
FBgn0051754,CR31754,CR31754,pseudogene,CR31754
FBgn0010197,Gyc32E,CG33114,protein_coding,Guanylyl cyclase at 32E
FBgn0033405,CG13954,CG13954,protein_coding,CG13954
FBgn0034196,CG15605,CG15605,protein_coding,CG15605
FBgn0031883,Caper,CG11266,protein_coding,Caper
FBgn0002284,Prosbeta6,CG4097,protein_coding,Proteasome beta6 subunit
FBgn0260944,Rbp1,CG17136,protein_coding,RNA-binding protein 1
FBgn0267147,CR45587,CR45587,ncRNA,CR45587
FBgn0038796,eIF3g2,CG10881,protein_coding,eukaryotic translation initiation factor 3 subunit g2
FBgn0265269,CG15425,CG15425,protein_coding,CG15425
FBgn0030345,CG1847,CG1847,protein_coding,CG1847
FBgn0031174,CG1486,CG1486,protein_coding,CG1486
FBgn0082980,Psi28S-2996,CR43565,snoRNA,Psi28S-2996
FBgn0267637,CR45975,CR45975,ncRNA,CR45975
FBgn0026141,Cdlc2,CG5450,protein_coding,Cytoplasmic dynein light chain 2
FBgn0051907,Mst27D,CG31907,protein_coding,Male specific transcript 27D
FBgn0003514,sqh,CG3595,protein_coding,spaghetti squash
FBgn0261429,CR42646,CR42646,ncRNA,CR42646
FBgn0050046,CG30046,CG30046,protein_coding,CG30046
FBgn0031811,CG13982,CG13982,protein_coding,CG13982
FBgn0265597,rsh,CG44424,protein_coding,radish
FBgn0036979,CG13247,CG13247,protein_coding,CG13247
FBgn0035754,MED4,CG8609,protein_coding,Mediator complex subunit 4
FBgn0037772,Spn85F,CG12807,protein_coding,Serpin 85F
FBgn0028970,RabGGTb,CG18627,protein_coding,Rab geranylgeranyltransferase subunit beta
FBgn0017577,Mcm5,CG4082,protein_coding,Minichromosome maintenance 5
FBgn0030456,CG4332,CG4332,protein_coding,CG4332
FBgn0038280,CG14861,CG14861,protein_coding,CG14861
FBgn0285955,cv-c,CG34389,protein_coding,crossveinless c
FBgn0053116,CG33116,CG33116,protein_coding,CG33116
FBgn0031036,CG14220,CG14220,protein_coding,CG14220
FBgn0267166,CR45606,CR45606,ncRNA,CR45606
FBgn0024963,GluClalpha,CG7535,protein_coding,Glutamate-gated chloride channel subunit alpha
FBgn0284442,Mcm3,CG4206,protein_coding,Minichromosome maintenance 3
FBgn0267017,CR45461,CR45461,ncRNA,CR45461
FBgn0036219,CCDC151,CG14127,protein_coding,Coiled-coil domain containing protein 151
FBgn0020506,Amyrel,CG8221,protein_coding,Amylase related
FBgn0051860,ZnT33D,CG31860,protein_coding,Zinc transporter 33D
FBgn0039890,Abcd1,CG2316,protein_coding,ATP binding cassette subfamily D member 1
FBgn0065070,291,CR33638,snoRNA,291
FBgn0003372,Sgs1,CG3047,protein_coding,Salivary gland secretion 1
FBgn0262611,CG43137,CG43137,protein_coding,CG43137
FBgn0082969,Psi28S-3316d,CR34552,snoRNA,Psi28S-3316d
FBgn0030161,CG15249,CG15249,protein_coding,CG15249
FBgn0036498,CG13455,CG13455,protein_coding,CG13455
FBgn0038498,beat-IIa,CG14334,protein_coding,beaten path IIa
FBgn0261991,CG42809,CG42809,protein_coding,CG42809
FBgn0051578,Pro-TGG-1-4,CR31578,tRNA,Proline-TGG 1-4
FBgn0032652,CG6870,CG6870,protein_coding,CG6870
FBgn0267706,CR46039,CR46039,ncRNA,CR46039
FBgn0262848,CR43212,CR43212,pseudogene,CR43212
FBgn0031766,CG9117,CG9117,protein_coding,CG9117
FBgn0029860,CG15891,CG15891,protein_coding,CG15891
FBgn0028955,CG8788,CG8788,protein_coding,CG8788
FBgn0038897,CG5849,CG5849,protein_coding,CG5849
FBgn0038482,CG4053,CG4053,protein_coding,CG4053
FBgn0267651,pre-mod(mdg4)-O,CG45989,protein_coding,CG45989
FBgn0266416,CR45056,CR45056,ncRNA,CR45056
FBgn0034605,Ugt49C1,CG15661,protein_coding,UDP-glycosyltransferase family 49 member C1
FBgn0267207,CR45647,CR45647,ncRNA,CR45647
FBgn0270924,zf30C,CG3998,protein_coding,zinc finger protein 30C
FBgn0039277,Nepl16,CG13650,protein_coding,Neprilysin-like 16
FBgn0031762,CG9098,CG9098,protein_coding,CG9098
FBgn0035001,Slik,CG4527,protein_coding,Sterile20-like kinase
FBgn0039817,CG15553,CG15553,protein_coding,CG15553
FBgn0267233,CR45673,CR45673,ncRNA,CR45673
FBgn0283535,Vha26,CG1088,protein_coding,Vacuolar H[+]-ATPase 26kD subunit
FBgn0052383,sphinx1,CG32383,protein_coding,sphinx1
FBgn0052218,CR32218,CR32218,ncRNA,CR32218
FBgn0034295,CG10911,CG10911,protein_coding,CG10911
FBgn0038366,CG4576,CG4576,protein_coding,CG4576
FBgn0024244,drm,CG10016,protein_coding,drumstick
FBgn0030898,Andorra,CG12611,protein_coding,Andorra
FBgn0087002,apolpp,CG11064,protein_coding,apolipophorin
FBgn0050496,CG30496,CG30496,protein_coding,CG30496
FBgn0037108,Alg11,CG11306,protein_coding,"ALG11, alpha-1,2-mannosyltransferase"
FBgn0034819,CG9877,CG9877,protein_coding,CG9877
FBgn0039868,CG11563,CG11563,protein_coding,CG11563
FBgn0264699,CG43968,CG43968,protein_coding,CG43968
FBgn0041245,Gr39b,CG31620,protein_coding,Gustatory receptor 39b
FBgn0262564,CR43104,CR43104,ncRNA,CR43104
FBgn0052520,Tyr-GTA-1-1,CR32520,tRNA,Tyrosine-GTA 1-1
FBgn0267703,CR46036,CR46036,ncRNA,CR46036
FBgn0033089,CG17266,CG17266,protein_coding,CG17266
FBgn0262387,mir-190,CR42915,ncRNA,mir-190 stem loop
FBgn0032017,CG7810,CG7810,protein_coding,CG7810
FBgn0037500,CG17944,CG17944,protein_coding,CG17944
FBgn0263209,CR43379,CR43379,pseudogene,CR43379
FBgn0037590,Or85b,CG11735,protein_coding,Odorant receptor 85b
FBgn0027106,Inx7,CG2977,protein_coding,Innexin 7
FBgn0266052,CR44817,CR44817,ncRNA,CR44817
FBgn0028926,NC2beta,CG4185,protein_coding,Negative Cofactor 2beta
FBgn0027494,RpS10a,CG12275,protein_coding,Ribosomal protein S10a
FBgn0029712,CG15912,CG15912,protein_coding,CG15912
FBgn0264464,CR43872,CR43872,ncRNA,CR43872
FBgn0065071,Or-CD10,CR33663,snoRNA,CR33663
FBgn0053357,CR33357,CR33357,rRNA,CR33357
FBgn0262893,CG43248,CG43248,protein_coding,CG43248
FBgn0051709,CG31709,CG31709,protein_coding,CG31709
FBgn0053385,CR33385,CR33385,rRNA,CR33385
FBgn0011272,RpL13,CG4651,protein_coding,Ribosomal protein L13
FBgn0267146,CR45586,CR45586,ncRNA,CR45586
FBgn0033579,CG13229,CG13229,protein_coding,CG13229
FBgn0028853,CG15263,CG15263,protein_coding,CG15263
FBgn0011591,fng,CG10580,protein_coding,fringe
FBgn0038830,CG17272,CG17272,protein_coding,CG17272
FBgn0019940,Rh6,CG5192,protein_coding,Rhodopsin 6
FBgn0035213,indra,CG2199,protein_coding,indra
FBgn0032474,DnaJ-H,CG9828,protein_coding,DnaJ homolog
FBgn0036729,CG13733,CG13733,protein_coding,CG13733
FBgn0000346,comt,CG1618,protein_coding,comatose
FBgn0033337,CG8272,CG8272,protein_coding,CG8272
FBgn0033031,CG8245,CG8245,protein_coding,CG8245
FBgn0265067,CR44178,CR44178,ncRNA,CR44178
FBgn0053964,CG33964,CG33964,protein_coding,CG33964
FBgn0053409,CR33409,CR33409,rRNA,CR33409
FBgn0288732,CG46507,CG46507,protein_coding,CG46507
FBgn0037667,CG16734,CG16734,protein_coding,CG16734
FBgn0053222,CR33222,CR33222,pseudogene,CR33222
FBgn0004893,bowl,CG10021,protein_coding,brother of odd with entrails limited
FBgn0030271,CG15202,CG15202,protein_coding,CG15202
FBgn0288743,CG46518,CG46518,protein_coding,CG46518
FBgn0261238,Alh,CG1070,protein_coding,Alhambra
FBgn0020389,Papss,CG8363,protein_coding,PAPS synthetase
FBgn0029647,CG17959,CG17959,protein_coding,CG17959
FBgn0004192,34ABb,CR31854,snRNA,small nuclear RNA U2 at 34AB b
FBgn0263089,CR43357,CR43357,ncRNA,CR43357
FBgn0250791,alphaSnap,CG6625,protein_coding,alpha Soluble NSF attachment protein
FBgn0035504,Teh4,CG15003,protein_coding,tipE homolog 4
FBgn0053725,CG33725,CG33725,protein_coding,CG33725
FBgn0010173,RPA1,CG9633,protein_coding,Replication protein A1
FBgn0030502,tth,CG12175,protein_coding,toothrin
FBgn0035026,Fcp1,CG12252,protein_coding,TFIIF-interacting CTD phosphatase
FBgn0267647,CR45985,CR45985,ncRNA,CR45985
FBgn0040009,CG17490,CG17490,protein_coding,CG17490
FBgn0041195,Pkd2,CG6504,protein_coding,Polycystic kidney disease 2
FBgn0037122,CG14570,CG14570,protein_coding,CG14570
FBgn0264834,CR44042,CR44042,ncRNA,CR44042
FBgn0265613,CR44431,CR44431,ncRNA,CR44431
FBgn0027074,Ugt36F1,CG17324,protein_coding,UDP-glycosyltransferase family 36 member F1
FBgn0052720,CG32720,CG32720,protein_coding,CG32720
FBgn0050441,IFT20,CG30441,protein_coding,Intraflagellar transport 20
FBgn0267642,CR45980,CR45980,ncRNA,CR45980
FBgn0261535,l(2)34Fd,CG7516,protein_coding,lethal (2) 34Fd
FBgn0033716,Den1,CG8493,protein_coding,Deneddylase 1
FBgn0264862,CR44053,CR44053,ncRNA,CR44053
FBgn0030307,CG33235,CG33235,protein_coding,CG33235
FBgn0053245,CG33245,CG33245,protein_coding,CG33245
FBgn0000158,bam,CG10422,protein_coding,bag of marbles
FBgn0039788,Rpt6R,CG2241,protein_coding,Regulatory particle triple-A ATPase 6-related
FBgn0030510,CG12177,CG12177,protein_coding,CG12177
FBgn0033913,CG8468,CG8468,protein_coding,CG8468
FBgn0027795,CG14785,CG14785,protein_coding,CG14785
FBgn0266160,CR44866,CR44866,ncRNA,CR44866
FBgn0039875,sip3,CG1937,protein_coding,septin interacting protein 3
FBgn0029925,CG3040,CG3040,protein_coding,CG3040
FBgn0039635,Pdhb,CG11876,protein_coding,Pyruvate dehydrogenase E1 beta subunit
FBgn0262546,CR43100,CR43100,pseudogene,CR43100
FBgn0020399,Mst89B,CG6864,protein_coding,Mst89B
FBgn0288690,Dna2,CG2990,protein_coding,DNA replication helicase/nuclease 2
FBgn0002732,E(spl)malpha-BFM,CG8337,protein_coding,"Enhancer of split malpha, Bearded family member"
FBgn0259967,Sfp53D,CG42477,protein_coding,Seminal fluid protein 53D
FBgn0037547,CG7910,CG7910,protein_coding,CG7910
FBgn0011569,can,CG6577,protein_coding,cannonball
FBgn0035405,CG15812,CG15812,protein_coding,CG15812
FBgn0283434,SdicC,CG46277,protein_coding,Sperm-specific dynein intermediate chain C
FBgn0286880,CR46402,CR46402,pseudogene,CR46402
FBgn0031099,CG17065,CG17065,protein_coding,CG17065
FBgn0265808,CR44597,CR44597,ncRNA,CR44597
FBgn0264988,CG44139,CG44139,protein_coding,CG44139
FBgn0051774,fred,CG31774,protein_coding,friend of echinoid
FBgn0000996,dup,CG8171,protein_coding,double parked
FBgn0031681,Pgant5,CG31651,protein_coding,Polypeptide N-Acetylgalactosaminyltransferase 5
FBgn0032517,CG7099,CG7099,protein_coding,CG7099
FBgn0265956,CR44743,CR44743,ncRNA,CR44743
FBgn0010411,RpS18,CG8900,protein_coding,Ribosomal protein S18
FBgn0024249,cato,CG7760,protein_coding,cousin of atonal
FBgn0263107,mir-bft,CR42938,ncRNA,bereft
FBgn0038484,CG5246,CG5246,protein_coding,CG5246
FBgn0052373,CG32373,CG32373,protein_coding,CG32373
FBgn0039310,CG11878,CG11878,protein_coding,CG11878
FBgn0000166,bcd,CG1034,protein_coding,bicoid
FBgn0035798,frac,CG7526,protein_coding,faulty attraction
FBgn0031319,CG4896,CG4896,protein_coding,CG4896
FBgn0038224,ATPsynE,CG3321,protein_coding,"ATP synthase, subunit E"
FBgn0016797,fz2,CG9739,protein_coding,frizzled 2
FBgn0038262,CG14857,CG14857,protein_coding,CG14857
FBgn0264994,CR44145,CR44145,ncRNA,CR44145
FBgn0051569,Ala-AGC-2-5,CR31569,tRNA,Alanine-AGC 2-5
FBgn0038350,AOX4,CG18516,protein_coding,Aldehyde oxidase 4
FBgn0286222,Fum1,CG4094,protein_coding,Fumarase 1
FBgn0037766,Teh1,CG12806,protein_coding,tipE homolog 1
FBgn0026393,Or43b,CG17853,protein_coding,Odorant receptor 43b
FBgn0000568,Eip75B,CG8127,protein_coding,Ecdysone-induced protein 75B
FBgn0264839,CR44047,CR44047,ncRNA,CR44047
FBgn0032816,Nf-YB,CG10447,protein_coding,Nuclear factor Y-box B
FBgn0003141,pr,CG16784,protein_coding,purple
FBgn0259149,CG42264,CG42264,protein_coding,CG42264
FBgn0032419,CG17217,CG17217,protein_coding,CG17217
FBgn0259831,CG34309,CG34309,protein_coding,CG34309
FBgn0034602,Lapsyn,CG15658,protein_coding,Leucine-rich repeat activity-regulated protein at synapses
FBgn0011905,Lys-TTT-2-5,CR31197,tRNA,Lysine-TTT 2-5
FBgn0034906,CG13561,CG13561,protein_coding,CG13561
FBgn0034129,Parp16,CG15925,protein_coding,Poly(ADP-ribose) polymerase 16
FBgn0286876,CG46398,CG46398,protein_coding,CG46398
FBgn0033587,CG13218,CG13218,protein_coding,CG13218
FBgn0262100,CG42853,CG42853,protein_coding,CG42853
FBgn0036046,Ilp2,CG8167,protein_coding,Insulin-like peptide 2
FBgn0036587,CG4950,CG4950,protein_coding,CG4950
FBgn0015791,Rab14,CG4212,protein_coding,Rab14
FBgn0016691,ATPsynO,CG4307,protein_coding,"ATP synthase, oligomycin sensitivity conferring protein"
FBgn0085465,CG34436,CG34436,protein_coding,CG34436
FBgn0266268,FeCH,CG2098,protein_coding,Ferrochelatase
FBgn0027505,Rab3-GAP,CG7061,protein_coding,Rab3 GTPase activating protein
FBgn0038029,GstD11,CG17639,protein_coding,Glutathione S transferase D11
FBgn0037467,Ufl1,CG1104,protein_coding,UFM1 specific ligase 1
FBgn0036192,Pldn,CG14133,protein_coding,Pallidin
FBgn0034548,CG13443,CG13443,protein_coding,CG13443
FBgn0031545,CG3213,CG3213,protein_coding,CG3213
FBgn0262821,CG43192,CG43192,protein_coding,CG43192
FBgn0063485,Lasp,CG3849,protein_coding,Lasp
FBgn0004876,cdi,CG6027,protein_coding,center divider
FBgn0051852,Tap42,CG31852,protein_coding,Two A-associated protein of 42kDa
FBgn0262150,CG42876,CG42876,protein_coding,CG42876
FBgn0086021,MeU6-C68,CR34650,snoRNA,CR34650
FBgn0262033,CR42844,CR42844,ncRNA,CR42844
FBgn0267571,CR45911,CR45911,ncRNA,CR45911
FBgn0034856,yellow-d2,CG9891,protein_coding,yellow-d2
FBgn0261989,CG42807,CG42807,protein_coding,CG42807
FBgn0037101,CG7634,CG7634,protein_coding,CG7634
FBgn0028884,CG4892,CG4892,protein_coding,CG4892
FBgn0010407,Ror,CG4926,protein_coding,Ror
FBgn0267820,CR46145,CR46145,ncRNA,CR46145
FBgn0038090,CG10909,CG10909,protein_coding,CG10909
FBgn0266101,CG44838,CG44838,protein_coding,CG44838
FBgn0038730,Acsx1L,CG6300,protein_coding,Acyl-CoA synthetase X1 L
FBgn0259862,CR42431,CR42431,ncRNA,CR42431
FBgn0263051,CG43346,CG43346,protein_coding,CG43346
FBgn0287187,mRpS5,CG40049,protein_coding,mitochondrial ribosomal protein S5
FBgn0033464,CG1441,CG1441,protein_coding,CG1441
FBgn0004556,Dbp73D,CG9680,protein_coding,Dead box protein 73D
FBgn0062978,CG31808,CG31808,protein_coding,CG31808
FBgn0266885,CR45346,CR45346,ncRNA,CR45346
FBgn0085421,Epac,CG34392,protein_coding,Exchange protein directly activated by cAMP
FBgn0262614,pyd,CG43140,protein_coding,polychaetoid
FBgn0037760,FBXO11,CG9461,protein_coding,F-box protein 11
FBgn0263773,fok,CG43690,protein_coding,fledgling of Klp38B
FBgn0267131,CR45571,CR45571,ncRNA,CR45571
FBgn0263509,CR43498,CR43498,ncRNA,CR43498
FBgn0264384,CR43836,CR43836,ncRNA,CR43836
FBgn0085358,Diedel3,CG34329,protein_coding,Diedel 3
FBgn0036350,CG14111,CG14111,protein_coding,CG14111
FBgn0050452,iMet-CAT-1-1,CR30452,tRNA,initiator Methionine-CAT 1-1
FBgn0083121,Uhg7,CR42453,ncRNA,U snoRNA host gene 7
FBgn0036135,mRpL2,CG7636,protein_coding,mitochondrial ribosomal protein L2
FBgn0264889,CR44080,CR44080,ncRNA,CR44080
FBgn0267695,CR46031,CR46031,ncRNA,CR46031
FBgn0267701,CR46034,CR46034,ncRNA,CR46034
FBgn0002022,Catsup,CG10449,protein_coding,Catecholamines up
FBgn0027548,nito,CG2910,protein_coding,spenito
FBgn0263383,CR43435,CR43435,ncRNA,CR43435
FBgn0265577,IBIN,CG44404,protein_coding,Induced by Infection
FBgn0263838,CR43700,CR43700,ncRNA,CR43700
FBgn0286868,SMRG,CR46390,ncRNA,Scutellar Macrochaetes Regulatory Gene
FBgn0052792,ppk8,CG32792,protein_coding,pickpocket 8
FBgn0052703,Erk7,CG32703,protein_coding,Extracellularly regulated kinase 7
FBgn0000055,Adh,CG3481,protein_coding,Alcohol dehydrogenase
FBgn0040257,Ugt302E1,CG4739,protein_coding,UDP-glycosyltransferase family 302 member E1
FBgn0037358,elm,CG2185,protein_coding,ethanol sensitive with low memory
FBgn0250908,beat-VII,CG42242,protein_coding,beaten path VII
FBgn0259188,Ir7f,CG42292,protein_coding,Ionotropic receptor 7f
FBgn0260392,CG42518,CG42518,protein_coding,CG42518
FBgn0034497,Mpcp1,CG9090,protein_coding,Mitochondrial phosphate carrier protein 1
FBgn0038945,CG5386,CG5386,protein_coding,CG5386
FBgn0050197,CG30197,CG30197,protein_coding,CG30197
FBgn0067317,Cby,CG13415,protein_coding,Chibby
FBgn0027291,Idh3a,CG12233,protein_coding,Isocitrate dehydrogenase 3a
FBgn0261260,mgl,CG42611,protein_coding,Megalin
FBgn0053895,CG33895,CG33895,protein_coding,CG33895
FBgn0266086,CR44828,CR44828,ncRNA,CR44828
FBgn0284416,TS9,CR46330,ncRNA, testis-specific 9
FBgn0033467,Pdrg1,CG15863,protein_coding,Pdrg1 prefoldin-like subunit
FBgn0035585,ATPsynCF6L,CG12027,protein_coding,"ATP synthase, coupling factor 6-like"
FBgn0025612,CG3062,CG3062,protein_coding,CG3062
FBgn0267441,CR45791,CR45791,ncRNA,CR45791
FBgn0034703,CG3045,CG3045,protein_coding,CG3045
FBgn0053229,CG33229,CG33229,protein_coding,CG33229
FBgn0035574,RhoGEF64C,CG32239,protein_coding,Rho guanine nucleotide exchange factor at 64C
FBgn0031670,SelT,CG3887,protein_coding,Selenoprotein T
FBgn0062517,CG16984,CG16984,protein_coding,CG16984
FBgn0038651,Epg5,CG14299,protein_coding,ectopic P-granules autophagy protein 5
FBgn0050227,Trp-CCA-2-2,CR30227,tRNA,Tryptophan-CCA 2-2
FBgn0261278,grp,CG17161,protein_coding,grapes
FBgn0263513,mir-4953,CR43616,ncRNA,mir-4953 stem loop
FBgn0036646,CR18217,CR18217,pseudogene,CR18217
FBgn0283657,Tlk,CG34412,protein_coding,Tousled-like kinase
FBgn0031878,sip2,CG9188,protein_coding,septin interacting protein 2
FBgn0287632,CG46492,CG46492,protein_coding,CG46492
FBgn0050043,CG30043,CG30043,protein_coding,CG30043
FBgn0034032,CG8195,CG8195,protein_coding,CG8195
FBgn0051109,CG31109,CG31109,protein_coding,CG31109
FBgn0031074,SkpE,CG11942,protein_coding,SKP1-related E
FBgn0030096,Zpr1,CG9060,protein_coding,Zpr1
FBgn0250822,CG34222,CG34222,protein_coding,CG34222
FBgn0035538,DopEcR,CG18314,protein_coding,Dopamine/Ecdysteroid receptor
FBgn0287204,Cog8,CG6488,protein_coding,Component of oligomeric golgi complex 8
FBgn0030467,CG1764,CG1764,protein_coding,CG1764
FBgn0019830,colt,CG3057,protein_coding,congested-like trachea
FBgn0033209,CG12107,CG12107,protein_coding,CG12107
FBgn0039050,CG17110,CG17110,protein_coding,CG17110
FBgn0023510,Rbcn-3B,CG17766,protein_coding,Rabconnectin-3B
FBgn0030676,CG12379,CG12379,protein_coding,CG12379
FBgn0020513,Paics,CG3989,protein_coding,PAICS bifunctional enzyme
FBgn0263240,Coop,CG1621,protein_coding,Corepressor of Pangolin
FBgn0262847,CR43211,CR43211,pseudogene,CR43211
FBgn0011589,Elk,CG5076,protein_coding,Eag-like K[+] channel
FBgn0000500,Dsk,CG18090,protein_coding,Drosulfakinin
FBgn0036461,Zip71B,CG10006,protein_coding,Zinc/iron regulated transporter-related protein 71B
FBgn0031631,CG3225,CG3225,protein_coding,CG3225
FBgn0033874,CtsL2,CG6347,protein_coding,Cathepsin L2
FBgn0026878,CG4325,CG4325,protein_coding,CG4325
FBgn0264429,CR43847,CR43847,ncRNA,CR43847
FBgn0014870,Psi,CG8912,protein_coding,P-element somatic inhibitor
FBgn0021796,mTor,CG5092,protein_coding,mechanistic Target of rapamycin
FBgn0053526,PNUTS,CG33526,protein_coding,Phosphatase 1 nuclear targeting subunit
FBgn0033090,CG15909,CG15909,protein_coding,CG15909
FBgn0039879,Ir100a,CG11575,protein_coding,Ionotropic receptor 100a
FBgn0003435,sm,CG9218,protein_coding,smooth
FBgn0029992,Upf2,CG2253,protein_coding,Upf2
FBgn0039698,CG7789,CG7789,protein_coding,CG7789
FBgn0033905,CG18324,CG18324,protein_coding,CG18324
FBgn0265830,CR44619,CR44619,ncRNA,CR44619
FBgn0263248,CG43391,CG43391,protein_coding,CG43391
FBgn0267732,CR46063,CR46063,ncRNA,CR46063
FBgn0025702,Srpk79D,CG11489,protein_coding,Serine-arginine protein kinase at 79D
FBgn0027515,CG7115,CG7115,protein_coding,CG7115
FBgn0025629,CG4045,CG4045,protein_coding,CG4045
FBgn0031568,CG10019,CG10019,protein_coding,CG10019
FBgn0016078,wun,CG8804,protein_coding,wunen
FBgn0000359,Cp36,CG1478,protein_coding,Chorion protein 36
FBgn0040373,CG3038,CG3038,protein_coding,CG3038
FBgn0033757,muskelin,CG8811,protein_coding,muskelin
FBgn0038142,CheA87a,CG14379,protein_coding,Chemosensory protein A 87a
FBgn0265941,CR44728,CR44728,ncRNA,CR44728
FBgn0032651,Oli,CG5545,protein_coding,Olig family
FBgn0050360,Mal-A6,CG30360,protein_coding,Maltase A6
FBgn0031373,CG15358,CG15358,protein_coding,CG15358
FBgn0027512,CG10254,CG10254,protein_coding,CG10254
FBgn0029660,CG10801,CG10801,protein_coding,CG10801
FBgn0262123,l(2)41Ab,CG41265,protein_coding,lethal (2) 41Ab
FBgn0265499,CR44368,CR44368,ncRNA,CR44368
FBgn0033115,Spn42De,CG9460,protein_coding,Serpin 42De
FBgn0053406,CR33406,CR33406,rRNA,CR33406
FBgn0039307,CR13656,CR13656,pseudogene,CR13656
FBgn0033317,CG8635,CG8635,protein_coding,CG8635
FBgn0082936,Me28S-C2645c,CR34589,snoRNA,CR34589
FBgn0036346,CG11251,CG11251,protein_coding,CG11251
FBgn0033321,CG8738,CG8738,protein_coding,CG8738
FBgn0262453,mir-275,CR43020,ncRNA,mir-275 stem loop
FBgn0036220,CG5897,CG5897,protein_coding,CG5897
FBgn0035721,CG9948,CG9948,protein_coding,CG9948
FBgn0261831,CG42763,CG42763,protein_coding,CG42763
FBgn0263631,mir-3645,CR43525,ncRNA,mir-3645 stem loop
FBgn0284233,CG46317,CG46317,protein_coding,CG46317
FBgn0267685,CR46021,CR46021,ncRNA,CR46021
FBgn0267445,CR45795,CR45795,ncRNA,CR45795
FBgn0267915,CR46196,CR46196,ncRNA,CR46196
FBgn0034292,CG5767,CG5767,protein_coding,CG5767
FBgn0265809,CR44598,CR44598,ncRNA,CR44598
FBgn0022023,eIF3h,CG9124,protein_coding,eukaryotic translation initiation factor 3 subunit h
FBgn0261381,mtTFB1,CG42631,protein_coding,Mitochondrial Transcription Factor B1
FBgn0001083,fw,CG1500,protein_coding,furrowed
FBgn0262622,CR43146,CR43146,ncRNA,CR43146
FBgn0033594,CG13226,CG13226,protein_coding,CG13226
FBgn0023508,Ocrl,CG3573,protein_coding,Oculocerebrorenal syndrome of Lowe
FBgn0030297,Gr10b,CG12622,protein_coding,Gustatory receptor 10b
FBgn0037051,CG10565,CG10565,protein_coding,CG10565
FBgn0053284,CG33284,CG33284,protein_coding,CG33284
FBgn0011582,Dop1R1,CG9652,protein_coding,Dopamine 1-like receptor 1
FBgn0037105,S1P,CG7169,protein_coding,Site-1 protease
FBgn0010348,Arf1,CG8385,protein_coding,ADP ribosylation factor 1
FBgn0266047,CG44812,CG44812,protein_coding,CG44812
FBgn0030158,CG9686,CG9686,protein_coding,CG9686
FBgn0265902,CR44691,CR44691,ncRNA,CR44691
FBgn0029003,mab-21,CG4746,protein_coding,mab-21
FBgn0027950,MBD-like,CG8208,protein_coding,Methyl-CpG binding domain protein-like
FBgn0037327,PEK,CG2087,protein_coding,pancreatic eIF-2alpha kinase
FBgn0031920,CG6441,CG6441,protein_coding,CG6441
FBgn0040660,CG13551,CG13551,protein_coding,CG13551
FBgn0003270,amos,CG10393,protein_coding,absent MD neurons and olfactory sensilla
FBgn0287873,zip,CG15792,protein_coding,zipper
FBgn0035947,Srp68,CG5064,protein_coding,Signal recognition particle 68
FBgn0051119,HDAC11,CG31119,protein_coding,Histone deacetylase 11
FBgn0035325,CG13806,CG13806,protein_coding,CG13806
FBgn0035279,Cpr62Ba,CG13934,protein_coding,Cuticular protein 62Ba
FBgn0265543,CR44393,CR44393,ncRNA,CR44393
FBgn0039761,CG18404,CG18404,protein_coding,CG18404
FBgn0027788,Hey,CG11194,protein_coding,Hairy/E(spl)-related with YRPW motif
FBgn0038675,CG6013,CG6013,protein_coding,CG6013
FBgn0261536,CG42660,CG42660,protein_coding,CG42660
FBgn0030710,CG8924,CG8924,protein_coding,CG8924
FBgn0026409,Mpcp2,CG4994,protein_coding,Mitochondrial phosphate carrier protein 2
FBgn0266700,CR45190,CR45190,ncRNA,CR45190
FBgn0267868,CR46156,CR46156,ncRNA,CR46156
FBgn0266773,CR45238,CR45238,ncRNA,CR45238
FBgn0015781,P5cr,CG6009,protein_coding,Pyrroline 5-carboyxlate reductase
FBgn0264565,CR43937,CR43937,ncRNA,CR43937
FBgn0024248,chico,CG5686,protein_coding,chico
FBgn0267378,sau,CG7085,protein_coding,sauron
FBgn0262369,mir-31b,CR42882,ncRNA,mir-31b stem loop
FBgn0038974,CG5377,CG5377,protein_coding,CG5377
FBgn0266985,CR45436,CR45436,ncRNA,CR45436
FBgn0029959,Rab39,CG12156,protein_coding,Rab39
FBgn0038647,CG14302,CG14302,protein_coding,CG14302
FBgn0037677,CG12951,CG12951,protein_coding,CG12951
FBgn0039153,GatB,CG5463,protein_coding,"Glutamyl-tRNA amidotransferase, subunit B"
FBgn0031333,CG5561,CG5561,protein_coding,CG5561
FBgn0039621,CG14518,CG14518,protein_coding,CG14518
FBgn0259853,CR42422,CR42422,ncRNA,CR42422
FBgn0004237,Hrb87F,CG12749,protein_coding,Heterogeneous nuclear ribonucleoprotein at 87F
FBgn0035496,CG14990,CG14990,protein_coding,CG14990
FBgn0034495,CG11788,CG11788,protein_coding,CG11788
FBgn0030809,Ubr1,CG9086,protein_coding,Ubr1 ubiquitin ligase
FBgn0083969,CG34133,CG34133,protein_coding,CG34133
FBgn0032445,CG6153,CG6153,protein_coding,CG6153
FBgn0264960,CR44129,CR44129,ncRNA,CR44129
FBgn0029937,CG8300,CG8300,protein_coding,CG8300
FBgn0034835,CG3092,CG3092,protein_coding,CG3092
FBgn0003934,23D,CR32999,snRNA,small nuclear RNA U5 at 23D
FBgn0262458,mir-305,CR43032,ncRNA,mir-305 stem loop
FBgn0039464,CG6330,CG6330,protein_coding,CG6330
FBgn0259748,CG42397,CG42397,protein_coding,CG42397
FBgn0287588,CG46458,CG46458,protein_coding,CG46458
FBgn0263444,CR43467,CR43467,ncRNA,CR43467
FBgn0262125,Sec23,CG1250,protein_coding,Secretory 23
FBgn0038545,pasi1,CG7713,protein_coding,pasiflora 1
FBgn0266247,CR44942,CR44942,ncRNA,CR44942
FBgn0029903,pod1,CG4532,protein_coding,pod1 coronin
FBgn0285913,red,CG12207,protein_coding,red Malpighian tubules
FBgn0038183,CG9286,CG9286,protein_coding,CG9286
FBgn0267456,CR45806,CR45806,ncRNA,CR45806
FBgn0264822,CR44030,CR44030,ncRNA,CR44030
FBgn0053498,CR33498,CR33498,pseudogene,CR33498
FBgn0034742,CG4294,CG4294,protein_coding,CG4294
FBgn0261680,CG42727,CG42727,protein_coding,CG42727
FBgn0002715,mei-S332,CG5303,protein_coding,meiotic from via Salaria 332
FBgn0028360,Cdc7,CG32742,protein_coding,Cdc7 kinase
FBgn0034521,Mgat1,CG13431,protein_coding,"Mannosyl (alpha-1,3-)-glycoprotein beta-1,2-N-acetylglucosaminyltransferase"
FBgn0031519,Fign,CG3326,protein_coding,Fidgetin
FBgn0042187,CG17234,CG17234,protein_coding,CG17234
FBgn0036147,Plod,CG6199,protein_coding,procollagen lysyl hydroxylase
FBgn0029997,CG2258,CG2258,protein_coding,CG2258
FBgn0052113,Vps13D,CG32113,protein_coding,Vacuolar protein sorting 13D
FBgn0267752,CR46083,CR46083,ncRNA,CR46083
FBgn0038161,CG9269,CG9269,protein_coding,CG9269
FBgn0053435,CR33435,CR33435,rRNA,CR33435
FBgn0039795,Spn100A,CG1342,protein_coding,Serpin 100A
FBgn0040843,CG15213,CG15213,protein_coding,CG15213
FBgn0002441,l(3)mbt,CG5954,protein_coding,lethal (3) malignant brain tumor
FBgn0065064,Psi28S-291,CR33754,snoRNA,CR33754
FBgn0029761,SK,CG10706,protein_coding,small conductance calcium-activated potassium channel
FBgn0036173,CG7394,CG7394,protein_coding,CG7394
FBgn0031530,Pgant2,CG3254,protein_coding,Polypeptide N-Acetylgalactosaminyltransferase 2
FBgn0086917,spok,CG41624,protein_coding,spookier
FBgn0030805,wus,CG9089,protein_coding,wurst
FBgn0017429,CG5989,CG5989,protein_coding,CG5989
FBgn0024329,Mekk1,CG7717,protein_coding,Mekk1
FBgn0030485,CG1998,CG1998,protein_coding,CG1998
FBgn0039598,aqrs,CG14061,protein_coding,aquarius
FBgn0028669,Vha100-3,CG30329,protein_coding,Vacuolar H[+] ATPase 100kD subunit 3
FBgn0266736,CR45209,CR45209,ncRNA,CR45209
FBgn0263496,CR43485,CR43485,ncRNA,CR43485
FBgn0267753,CR46084,CR46084,ncRNA,CR46084
FBgn0039805,Cpr100A,CG12045,protein_coding,Cuticular protein 100A
FBgn0037987,CG14739,CG14739,protein_coding,CG14739
FBgn0052086,CG32086,CG32086,protein_coding,CG32086
FBgn0050428,CG30428,CG30428,protein_coding,CG30428
FBgn0032304,CG17134,CG17134,protein_coding,CG17134
FBgn0015025,CkIIalpha-i1,CG6215,protein_coding,CKII-alpha subunit interactor-1
FBgn0034684,CG13501,CG13501,protein_coding,CG13501
FBgn0039064,CG4467,CG4467,protein_coding,CG4467
FBgn0004623,Gbeta76C,CG8770,protein_coding,G protein beta subunit 76C
FBgn0034907,CG5539,CG5539,protein_coding,CG5539
FBgn0036332,Cul6,CG11261,protein_coding,Cullin 6
FBgn0034481,CG11041,CG11041,protein_coding,CG11041
FBgn0266381,CR45023,CR45023,ncRNA,CR45023
FBgn0250754,CG42232,CG42232,protein_coding,CG42232
FBgn0038334,h-cup,CG6130,protein_coding,heineken-cup
FBgn0001301,kel,CG7210,protein_coding,kelch
FBgn0085460,CG34431,CG34431,protein_coding,CG34431
FBgn0035926,Acbp5,CG5804,protein_coding,Acyl-CoA binding protein 5
FBgn0035636,Cralbp,CG10546,protein_coding,Cellular retinaldehyde binding protein
FBgn0286929,CG46426,CG46426,protein_coding,CG46426
FBgn0267692,CR46028,CR46028,ncRNA,CR46028
FBgn0038547,CG17803,CG17803,protein_coding,CG17803
FBgn0031312,Tango14,CG4775,protein_coding,Transport and Golgi organization 14
FBgn0002533,Lcp2,CG8697,protein_coding,Larval cuticle protein 2
FBgn0024943,PIP82,CG11219,protein_coding,PIP82
FBgn0011953,Arg-TCG-1-1,CR32610,tRNA,Arginine-TCG 1-1
FBgn0034117,CG7997,CG7997,protein_coding,CG7997
FBgn0266406,CR45046,CR45046,ncRNA,CR45046
FBgn0034371,Ntan1,CG5473,protein_coding,N-terminal amidohydrolase 1
FBgn0085328,CG34299,CG34299,protein_coding,CG34299
FBgn0035806,PGRP-SD,CG7496,protein_coding,Peptidoglycan recognition protein SD
FBgn0086450,su(r),CG2194,protein_coding,suppressor of rudimentary
FBgn0036605,CG13041,CG13041,protein_coding,CG13041
FBgn0263870,CR43717,CR43717,ncRNA,CR43717
FBgn0032824,CG13962,CG13962,protein_coding,CG13962
FBgn0267863,CR46151,CR46151,pseudogene,CR46151
FBgn0039848,Loxl1,CG11335,protein_coding,Lysyl oxidase-like 1
FBgn0288730,CG46505,CG46505,protein_coding,CG46505
FBgn0031410,CG17237,CG17237,protein_coding,CG17237
FBgn0030944,Hou,CG6617,protein_coding,Houki
FBgn0030061,CG1785,CG1785,protein_coding,CG1785
FBgn0263529,mir-4977,CR43514,ncRNA,mir-4977 stem loop
FBgn0265716,CR44523,CR44523,ncRNA,CR44523
FBgn0052369,CG32369,CG32369,protein_coding,CG32369
FBgn0083987,U11,CR34151,snRNA,small nuclear RNA U11
FBgn0037773,CG5359,CG5359,protein_coding,CG5359
FBgn0262425,mir-288,CR42978,ncRNA,mir-288 stem loop
FBgn0262431,mir-1003,CR42987,ncRNA,mir-1003 stem loop
FBgn0039438,TwdlO,CG6452,protein_coding,TweedleO
FBgn0010768,sqz,CG5557,protein_coding,squeeze
FBgn0039167,CG17786,CG17786,protein_coding,CG17786
FBgn0032790,CG10194,CG10194,protein_coding,CG10194
FBgn0263397,Ih,CG8585,protein_coding,I[[h]] channel
FBgn0040877,CG12994,CG12994,protein_coding,CG12994
FBgn0264818,CR44026,CR44026,ncRNA,CR44026
FBgn0004390,RasGAP1,CG6721,protein_coding,Ras GTPase activating protein 1
FBgn0262102,CG42855,CG42855,protein_coding,CG42855
FBgn0039544,CG12877,CG12877,protein_coding,CG12877
FBgn0039938,Sox102F,CG11153,protein_coding,Sox102F
FBgn0034470,Obp56d,CG11218,protein_coding,Odorant-binding protein 56d
FBgn0034275,CG5002,CG5002,protein_coding,CG5002
FBgn0035791,CG8539,CG8539,protein_coding,CG8539
FBgn0288700,stg1,CG46498,protein_coding,stargazin-like protein
FBgn0003964,usp,CG4380,protein_coding,ultraspiracle
FBgn0051813,nur,CG31813,protein_coding,nemuri
FBgn0030832,CG10597,CG10597,protein_coding,CG10597
FBgn0028525,c(2)M,CG4249,protein_coding,crossover suppressor on 2 of Manheim
FBgn0037038,CG11037,CG11037,protein_coding,CG11037
FBgn0266565,CR45104,CR45104,ncRNA,CR45104
FBgn0053056,Targ2,CG33056,protein_coding,Terminal ADP-ribose protein glycohydrolase 2
FBgn0036593,CG13048,CG13048,protein_coding,CG13048
FBgn0266599,Hsc70-4,CG4264,protein_coding,Heat shock protein 70 cognate 4
FBgn0032030,Wdr82,CG17293,protein_coding,WD repeat domain 82
FBgn0038295,Gyc88E,CG4154,protein_coding,Guanylyl cyclase at 88E
FBgn0000228,Nin,CG14025,protein_coding,Ninein
FBgn0028947,CG11865,CG11865,protein_coding,CG11865
FBgn0035435,PIG-C,CG12077,protein_coding,Phosphatidylinositol glycan anchor biosynthesis class C
FBgn0261560,Thor,CG8846,protein_coding,Thor
FBgn0003486,spo,CG10594,protein_coding,spook
FBgn0036272,Sms,CG4300,protein_coding,Spermine synthase
FBgn0038811,Pus1,CG4159,protein_coding,Pseudouridine synthase 1
FBgn0046114,Gclm,CG4919,protein_coding,Glutamate-cysteine ligase modifier subunit
FBgn0052437,CG32437,CG32437,protein_coding,CG32437
FBgn0000278,CecB,CG1878,protein_coding,Cecropin B
FBgn0261885,osa,CG7467,protein_coding,osa
FBgn0086676,spin,CG8428,protein_coding,spinster
FBgn0266698,CR45188,CR45188,ncRNA,CR45188
FBgn0035401,Alg2,CG1291,protein_coding,"ALG2, alpha-1,3/1,6-mannosyltransferase"
FBgn0053448,CR33448,CR33448,rRNA,CR33448
FBgn0267112,CR45552,CR45552,ncRNA,CR45552
FBgn0034029,eIF2Bgamma,CG8190,protein_coding,eukaryotic translation initiation factor 2B subunit gamma
FBgn0062442,Cisd2,CG1458,protein_coding,CDGSH iron sulfur domain 2
FBgn0262364,CG43062,CG43062,protein_coding,CG43062
FBgn0034206,CG18469,CG18469,protein_coding,CG18469
FBgn0014469,Cyp4e2,CG2060,protein_coding,Cytochrome P450 4e2
FBgn0050363,cola,CG30363,protein_coding,comas sola
FBgn0036428,Gbs-70E,CG9238,protein_coding,Glycogen binding subunit 70E
FBgn0031393,CG15382,CG15382,protein_coding,CG15382
FBgn0265579,CG44406,CG44406,protein_coding,CG44406
FBgn0266393,CR45033,CR45033,pseudogene,CR45033
FBgn0037320,CG14668,CG14668,protein_coding,CG14668
FBgn0259140,Cubn2,CG42255,protein_coding,Cubilin 2
FBgn0265676,CR44483,CR44483,ncRNA,CR44483
FBgn0035853,UbcE2M,CG7375,protein_coding,NEDD8-conjugating enzyme UbcE2M
FBgn0032781,RtcB,CG9987,protein_coding,RtcB RNA ligase
FBgn0031678,Nepl3,CG31918,protein_coding,Neprilysin-like 3
FBgn0265640,CR44447,CR44447,ncRNA,CR44447
FBgn0263332,CR43413,CR43413,ncRNA,CR43413
FBgn0051855,CG31855,CG31855,protein_coding,CG31855
FBgn0035766,eco,CG8598,protein_coding,Establishment of cohesion
FBgn0053998,CG33998,CG33998,protein_coding,CG33998
FBgn0025626,CG4281,CG4281,protein_coding,CG4281
FBgn0051624,CG31624,CG31624,protein_coding,CG31624
FBgn0266417,ringer,CG45057,protein_coding,ringmaker
FBgn0001320,kni,CG4717,protein_coding,knirps
FBgn0030993,Mec2,CG7635,protein_coding,Mec2
FBgn0083044,Psi18S-1397,CR34637,snoRNA,Psi18S-1397
FBgn0035619,Alp10,CG10592,protein_coding,Alkaline phosphatase 10
FBgn0011935,Asn-GTT-1-7,CR30519,tRNA,Asparagine-GTT 1-7
FBgn0032899,CG9338,CG9338,protein_coding,CG9338
FBgn0051219,CG31219,CG31219,protein_coding,CG31219
FBgn0266865,CR45326,CR45326,ncRNA,CR45326
FBgn0085188,CG34159,CG34159,protein_coding,CG34159
FBgn0038708,Scsalpha2,CG6255,protein_coding,Succinyl-coenzyme A synthetase alpha subunit 2
FBgn0000273,Pka-C1,CG4379,protein_coding,"Protein kinase, cAMP-dependent, catalytic subunit 1"
FBgn0000037,mAChR-A,CG4356,protein_coding,"muscarinic Acetylcholine Receptor, A-type"
FBgn0011455,ND-SGDH,CG9762,protein_coding,NADH dehydrogenase (ubiquinone) SGDH subunit
FBgn0259970,Sfp70A4,CG42480,protein_coding,Seminal fluid protein 70A4
FBgn0037815,Rrp46,CG4043,protein_coding,Rrp46
FBgn0038862,Usp8,CG5798,protein_coding,Ubiquitin specific protease 8
FBgn0052241,CG32241,CG32241,protein_coding,CG32241
FBgn0029864,CG15894,CG15894,protein_coding,CG15894
FBgn0035082,CG2811,CG2811,protein_coding,CG2811
FBgn0051230,CG31230,CG31230,protein_coding,CG31230
FBgn0039862,kek6,CG1804,protein_coding,kekkon 6
FBgn0053400,CR33400,CR33400,rRNA,CR33400
FBgn0263929,jvl,CG43162,protein_coding,javelin-like
FBgn0039265,CG11790,CG11790,protein_coding,CG11790
FBgn0039332,alrm,CG11910,protein_coding,astrocytic leucine-rich repeat molecule
FBgn0004698,Xpc,CG8153,protein_coding,"Xeroderma pigmentosum, complementation group C"
FBgn0002909,mus312,CG8601,protein_coding,mutagen-sensitive 312
FBgn0265879,CR44668,CR44668,ncRNA,CR44668
FBgn0085383,CG34354,CG34354,protein_coding,CG34354
FBgn0038938,CG7084,CG7084,protein_coding,CG7084
FBgn0266648,CR45155,CR45155,ncRNA,CR45155
FBgn0003502,Btk,CG8049,protein_coding,Bruton tyrosine kinase
FBgn0267082,CR45526,CR45526,ncRNA,CR45526
FBgn0045442,mthl12,CG32853,protein_coding,methuselah-like 12
FBgn0263466,lola-a,CR43581,snoRNA,CR43581
FBgn0053729,430c,CR33729,ncRNA,small non-coding RNA 430c
FBgn0034154,CG5267,CG5267,protein_coding,CG5267
FBgn0270925,CG4836,CG4836,protein_coding,CG4836
FBgn0266671,Sec6,CG5341,protein_coding,Secretory 6
FBgn0036703,CG7707,CG7707,protein_coding,CG7707
FBgn0035719,tow,CG14821,protein_coding,target of wingless
FBgn0053404,CR33404,CR33404,rRNA,CR33404
FBgn0013301,ProtB,CG4478,protein_coding,Protamine B
FBgn0036991,CtIP,CG5872,protein_coding,CTBP-interacting protein
FBgn0265185,CG44250,CG44250,protein_coding,CG44250
FBgn0287725,sov,CG14438,protein_coding,small ovary
FBgn0011278,lbe,CG6545,protein_coding,ladybird early
FBgn0052228,CG32228,CG32228,protein_coding,CG32228
FBgn0051055,CG31055,CG31055,protein_coding,CG31055
FBgn0265847,CR44636,CR44636,ncRNA,CR44636
FBgn0030961,CG7058,CG7058,protein_coding,CG7058
FBgn0267543,CR45883,CR45883,ncRNA,CR45883
FBgn0001217,Hsc70-2,CG7756,protein_coding,Heat shock protein 70 cognate 2
FBgn0266668,Exo84,CG6095,protein_coding,Exocyst 84
FBgn0032168,CG13126,CG13126,protein_coding,CG13126
FBgn0005642,wdn,CG1454,protein_coding,wings down
FBgn0266633,CR45140,CR45140,ncRNA,CR45140
FBgn0259742,CG42360,CG42360,protein_coding,CG42360
FBgn0027602,CG8611,CG8611,protein_coding,CG8611
FBgn0025109,Bem46,CG18642,protein_coding,Bem46
FBgn0051708,DIP-zeta,CG31708,protein_coding,Dpr-interacting protein zeta
FBgn0031998,SLC5A11,CG8451,protein_coding,Sodium/solute co-transporter-like 5A11
FBgn0032131,CG3841,CG3841,protein_coding,CG3841
FBgn0042118,Cpr65Ax2,CG18777,protein_coding,Cuticular protein 65Ax2
FBgn0045482,Gr59b,CG30191,protein_coding,Gustatory receptor 59b
FBgn0040360,CG14626,CG14626,protein_coding,CG14626
FBgn0267486,Ptp36E,CG7180,protein_coding,Protein tyrosine phosphatase 36E
FBgn0265705,CR44512,CR44512,ncRNA,CR44512
FBgn0030686,mRpL3,CG8288,protein_coding,mitochondrial ribosomal protein L3
FBgn0016684,NaPi-T,CG10207,protein_coding,Na[+]-dependent inorganic phosphate cotransporter
FBgn0035470,Ccz1,CG14980,protein_coding,"Caffeine, calcium, zinc sensitivity 1"
FBgn0266442,CG45072,CG45072,protein_coding,CG45072
FBgn0034628,Acox57D-p,CG9707,protein_coding,acyl-Coenzyme A oxidase at 57D proximal
FBgn0037632,CCT7,CG8351,protein_coding,Chaperonin containing TCP1 subunit 7
FBgn0266708,Cep89,CG8214,protein_coding,Centrosomal protein 89kDa
FBgn0036093,CG14154,CG14154,protein_coding,CG14154
FBgn0085475,CG34446,CG34446,protein_coding,CG34446
FBgn0050423,CG30423,CG30423,protein_coding,CG30423
FBgn0266490,CG45089,CG45089,protein_coding,CG45089
FBgn0035143,Ppm1,CG12169,protein_coding,Ppm1
FBgn0030001,cyr,CG15335,protein_coding,cypher
FBgn0028418,Lk,CG13480,protein_coding,Leucokinin
FBgn0039080,Ir94h,CG17382,protein_coding,Ionotropic receptor 94h
FBgn0264876,CR44067,CR44067,ncRNA,CR44067
FBgn0031696,Bub1,CG14030,protein_coding,Bub1 kinase
FBgn0035313,CG13810,CG13810,protein_coding,CG13810
FBgn0013681,ND3,CG34076,protein_coding,mitochondrial NADH-ubiquinone oxidoreductase chain 3
FBgn0029963,CG10920,CG10920,protein_coding,CG10920
FBgn0052638,CG32638,CG32638,protein_coding,CG32638
FBgn0053530,Acp53C14c,CG33530,protein_coding,Accessory gland protein 53C14c
FBgn0265422,CR44334,CR44334,ncRNA,CR44334
FBgn0039190,CG5762,CG5762,protein_coding,CG5762
FBgn0262105,CR42858,CR42858,ncRNA,CR42858
FBgn0033177,CG11141,CG11141,protein_coding,CG11141
FBgn0051086,CG31086,CG31086,protein_coding,CG31086
FBgn0039192,CG17784,CG17784,protein_coding,CG17784
FBgn0287454,Pa1,CG11750,protein_coding,PTIP associated 1
FBgn0025454,Cyp6g1,CG8453,protein_coding,Cytochrome P450 6g1
FBgn0013699,Leu-TAA,CR34068,tRNA,Leucine-TAA
FBgn0266824,CR45286,CR45286,ncRNA,CR45286
FBgn0010269,Dsor1,CG15793,protein_coding,Downstream of raf1
FBgn0030054,Caf1-180,CG12109,protein_coding,"Chromatin assembly factor 1, p180 subunit"
FBgn0064115,GatC,CG33649,protein_coding,"Glutamyl-tRNA amidotransferase, subunit C"
FBgn0261647,Axud1,CG4272,protein_coding,AXIN1 up-regulated 1
FBgn0263143,vret,CG4771,protein_coding,vreteno
FBgn0283548,mir-9381,CR46282,ncRNA,mir-9381 stem loop
FBgn0037899,RpL24-like,CG6764,protein_coding,Ribosomal protein L24-like
FBgn0051840,CR31840,CR31840,ncRNA,CR31840
FBgn0052571,TwdlX,CG32571,protein_coding,TweedleX
FBgn0085246,CG34217,CG34217,protein_coding,CG34217
FBgn0028870,CG4691,CG4691,protein_coding,CG4691
FBgn0032370,CG12307,CG12307,protein_coding,CG12307
FBgn0085792,CR41509,CR41509,pseudogene,CR41509
FBgn0031986,CG8673,CG8673,protein_coding,CG8673
FBgn0028372,Kpc2,CG11025,protein_coding,Kip1 ubiquitination-promoting complex subunit 2
FBgn0030615,Cyp4s3,CG9081,protein_coding,Cytochrome P450 4s3
FBgn0044323,Cka,CG7392,protein_coding,Connector of kinase to AP-1
FBgn0030321,CG1703,CG1703,protein_coding,CG1703
FBgn0261802,CG42748,CG42748,protein_coding,CG42748
FBgn0034564,CG9344,CG9344,protein_coding,CG9344
FBgn0038510,CG14331,CG14331,protein_coding,CG14331
FBgn0028910,Pro-AGG-1-4,CR31984,tRNA,Proline-AGG 1-4
FBgn0034413,CG15115,CG15115,protein_coding,CG15115
FBgn0266261,Sgsf,CG44956,protein_coding,Salivary gland-derived secreted factor
FBgn0287182,l(3)80Fj,CG17514,protein_coding,lethal (3) 80Fj
FBgn0037537,CG2767,CG2767,protein_coding,CG2767
FBgn0029093,cathD,CG1548,protein_coding,cathepsin D
FBgn0035513,Cpr64Ad,CG1259,protein_coding,Cuticular protein 64Ad
FBgn0083016,Psi18S-841d,CR34555,snoRNA,Psi18S-841d
FBgn0035942,ValRS-m,CG5660,protein_coding,"Valyl-tRNA synthetase, mitochondrial"
FBgn0019985,mGluR,CG11144,protein_coding,metabotropic Glutamate Receptor
FBgn0031086,fd19B,CG9571,protein_coding,forkhead domain 19B
FBgn0051176,CG31176,CG31176,protein_coding,CG31176
FBgn0053969,CG33969,CG33969,protein_coding,CG33969
FBgn0036977,CG5665,CG5665,protein_coding,CG5665
FBgn0264366,CR43818,CR43818,ncRNA,CR43818
FBgn0085466,CG34437,CG34437,protein_coding,CG34437
FBgn0082973,Psi28S-3308,CR34632,snoRNA,Psi28S-3308
FBgn0034008,CG8152,CG8152,protein_coding,CG8152
FBgn0033844,bbc,CG6016,protein_coding,bb in a boxcar
FBgn0026309,aft,CG5032,protein_coding,adrift
FBgn0036072,CG6628,CG6628,protein_coding,CG6628
FBgn0050089,CG30089,CG30089,protein_coding,CG30089
FBgn0261862,whd,CG12891,protein_coding,withered
FBgn0259739,CG42393,CG42393,protein_coding,CG42393
FBgn0085482,CG34453,CG34453,protein_coding,CG34453
FBgn0260990,yata,CG1973,protein_coding,yata
FBgn0265625,CG44433,CG44433,protein_coding,CG44433
FBgn0003371,sgg,CG2621,protein_coding,shaggy
FBgn0267796,Tmc,CG46121,protein_coding,Transmembrane channel-like
FBgn0083021,Psi18S-640f,CR34583,snoRNA,Psi18S-640f
FBgn0264361,CG43813,CG43813,protein_coding,CG43813
FBgn0262099,CG42852,CG42852,protein_coding,CG42852
FBgn0261054,Sfp24Bc,CG42602,protein_coding,Seminal fluid protein 24Bc
FBgn0262823,hemo,CG43194,protein_coding,hemotin
FBgn0011224,heph,CG31000,protein_coding,hephaestus
FBgn0264563,CG43935,CG43935,protein_coding,CG43935
FBgn0086072,Or-CD11a,CR34701,snoRNA,CR34701
FBgn0051248,CG31248,CG31248,protein_coding,CG31248
FBgn0029589,CG14810,CG14810,protein_coding,CG14810
FBgn0024371,E2f2,CG1071,protein_coding,E2F transcription factor 2
FBgn0288447,BaraA2,CG18279,protein_coding,Baramicin A2
FBgn0283666,Rap2l,CG3204,protein_coding,Ras-associated protein 2-like
FBgn0038306,Art3,CG6563,protein_coding,Arginine methyltransferase 3
FBgn0023528,CG2924,CG2924,protein_coding,CG2924
FBgn0031031,CG14218,CG14218,protein_coding,CG14218
FBgn0040096,lectin-33A,CG16834,protein_coding,lectin-33A
FBgn0029084,gom,CG6727,protein_coding,gomdanji
FBgn0052177,Ndfip,CG32177,protein_coding,Nedd4 family interacting protein
FBgn0267454,CR45804,CR45804,ncRNA,CR45804
FBgn0040259,Ugt302C1,CG18578,protein_coding,UDP-glycosyltransferase family 302 member C1
FBgn0263033,CG43328,CG43328,protein_coding,CG43328
FBgn0051103,CG31103,CG31103,protein_coding,CG31103
FBgn0031563,CG10031,CG10031,protein_coding,CG10031
FBgn0026737,CG6171,CG6171,protein_coding,CG6171
FBgn0283558,mir-9375,CR46292,ncRNA,mir-9375 stem loop
FBgn0030746,CG9981,CG9981,protein_coding,CG9981
FBgn0263231,bel,CG9748,protein_coding,belle
FBgn0025394,inc,CG32810,protein_coding,insomniac
FBgn0031955,CG14535,CG14535,protein_coding,CG14535
FBgn0267174,CR45614,CR45614,ncRNA,CR45614
FBgn0041180,Tep4,CG10363,protein_coding,Thioester-containing protein 4
FBgn0010044,GstD8,CG4421,protein_coding,Glutathione S transferase D8
FBgn0283437,PPO1,CG42639,protein_coding,Prophenoloxidase 1
FBgn0261986,RASSF8,CG5053,protein_coding,Ras association domain family member 8
FBgn0262887,CR43242,CR43242,ncRNA,CR43242
FBgn0035231,Pcyt2,CG18330,protein_coding,Phosphocholine cytidylyltransferase 2
FBgn0053844,CG33844,CG33844,protein_coding,CG33844
FBgn0265087,CG44198,CG44198,protein_coding,CG44198
FBgn0266926,CR45377,CR45377,ncRNA,CR45377
FBgn0041240,Gr57a,CG13441,protein_coding,Gustatory receptor 57a
FBgn0029939,Cph,CG9650,protein_coding,Chronophage
FBgn0265895,CR44684,CR44684,ncRNA,CR44684
FBgn0265660,CR44467,CR44467,ncRNA,CR44467
FBgn0039522,CG13972,CG13972,protein_coding,CG13972
FBgn0267816,CR46141,CR46141,ncRNA,CR46141
FBgn0038181,CG9297,CG9297,protein_coding,CG9297
FBgn0039839,ppk24,CG15555,protein_coding,pickpocket 24
FBgn0027784,Prp18,CG6011,protein_coding,Prp18
FBgn0011948,Arg-TCG-3-1,CR32622,tRNA,Arginine-TCG 3-1
FBgn0286004,mir-4966-2,CR46344,ncRNA,mir-4966-2 stem loop
FBgn0283450,Glo1,CG1707,protein_coding,Glyoxalase 1
FBgn0050109,CG30109,CG30109,protein_coding,CG30109
FBgn0050200,Ala-CGC-1-3,CR30200,tRNA,Alanine-CGC 1-3
FBgn0265864,CR44653,CR44653,ncRNA,CR44653
FBgn0028863,stol,CG4587,protein_coding,stolid
FBgn0264489,CG43897,CG43897,protein_coding,CG43897
FBgn0010416,TH1,CG9984,protein_coding,TH1
FBgn0032149,CG4036,CG4036,protein_coding,CG4036
FBgn0029928,CG3032,CG3032,protein_coding,CG3032
FBgn0082937,Me28S-C2645b,CR34588,snoRNA,CR34588
FBgn0034068,casp,CG8400,protein_coding,caspar
FBgn0038845,Alp5,CG10827,protein_coding,Alkaline phosphatase 5
FBgn0265256,CG44270,CG44270,protein_coding,CG44270
FBgn0026084,cib,CG4944,protein_coding,ciboulot
FBgn0036545,GXIVsPLA2,CG17035,protein_coding,GXIVsPLA2
FBgn0050342,Prp38,CG30342,protein_coding,pre-mRNA processing factor 38
FBgn0002930,nec,CG1857,protein_coding,necrotic
FBgn0031937,CG13795,CG13795,protein_coding,CG13795
FBgn0037232,Suv3,CG9791,protein_coding,Suv3 helicase
FBgn0052106,CG32106,CG32106,protein_coding,CG32106
FBgn0265369,CR44310,CR44310,ncRNA,CR44310
FBgn0041721,U12,CR32162,snRNA,small nuclear RNA U12
FBgn0266696,Svil,CG45186,protein_coding,Supervillin
FBgn0032923,Pld3,CG9248,protein_coding,Phospholipase D family member 3
FBgn0265105,CR44207,CR44207,ncRNA,CR44207
FBgn0266742,CR45215,CR45215,ncRNA,CR45215
FBgn0052487,CG32487,CG32487,protein_coding,CG32487
FBgn0043791,phu,CG8147,protein_coding,phurba tashi
FBgn0039228,CG6980,CG6980,protein_coding,CG6980
FBgn0025463,Bap60,CG4303,protein_coding,Brahma associated protein 60kD
FBgn0033233,Kdm4A,CG15835,protein_coding,Lysine demethylase 4A
FBgn0034396,CG15097,CG15097,protein_coding,CG15097
FBgn0031596,CG15429,CG15429,protein_coding,CG15429
FBgn0266379,CR45021,CR45021,ncRNA,CR45021
FBgn0052263,CG32263,CG32263,protein_coding,CG32263
FBgn0029827,CG6048,CG6048,protein_coding,CG6048
FBgn0061360,CG33672,CG33672,protein_coding,CG33672
FBgn0001313,kl-2,CG17866,protein_coding,male fertility factor kl2
FBgn0085462,CG34433,CG34433,protein_coding,CG34433
FBgn0266405,CG45045,CG45045,protein_coding,CG45045
FBgn0029644,CG14421,CG14421,protein_coding,CG14421
FBgn0046297,CR9284,CR9284,ncRNA,CR9284
FBgn0039407,Trmt61,CG14544,protein_coding,tRNA methyltransferase 61
FBgn0266549,CR45102,CR45102,ncRNA,CR45102
FBgn0034502,CG13871,CG13871,protein_coding,CG13871
FBgn0038700,CG3734,CG3734,protein_coding,CG3734
FBgn0035414,CG14965,CG14965,protein_coding,CG14965
FBgn0029708,CG3556,CG3556,protein_coding,CG3556
FBgn0289441,CR46532,CR46532,ncRNA,CR46532
FBgn0000276,CecA1,CG1365,protein_coding,Cecropin A1
FBgn0263031,CG43326,CG43326,protein_coding,CG43326
FBgn0037503,CG14598,CG14598,protein_coding,CG14598
FBgn0033356,CG8229,CG8229,protein_coding,CG8229
FBgn0266893,CR45353,CR45353,ncRNA,CR45353
FBgn0039156,CG6178,CG6178,protein_coding,CG6178
FBgn0267043,CG45487,CG45487,protein_coding,CG45487
FBgn0032364,CG4970,CG4970,protein_coding,CG4970
FBgn0053741,430o,CR33741,ncRNA,small non-coding RNA 430o
FBgn0023388,Dap160,CG1099,protein_coding,Dynamin associated protein 160
FBgn0035890,CG13667,CG13667,protein_coding,CG13667
FBgn0259923,Septin4,CG9699,protein_coding,Septin 4
FBgn0265960,CR44747,CR44747,ncRNA,CR44747
FBgn0033598,Cpr47Eb,CG13224,protein_coding,Cuticular protein 47Eb
FBgn0028992,sds22,CG5851,protein_coding,sds22
FBgn0029857,wuho,CG15897,protein_coding,wuho
FBgn0033194,Vps13,CG2093,protein_coding,Vacuolar protein sorting 13
FBgn0011217,eff,CG7425,protein_coding,effete
FBgn0017418,ari-1,CG5659,protein_coding,ariadne 1
FBgn0265654,CR44461,CR44461,ncRNA,CR44461
FBgn0263577,mir-4910,CR43562,ncRNA,mir-4910 stem loop
FBgn0085346,Rpp14a,CG34317,protein_coding,Ribonuclease P/MRP subunit p14 a
FBgn0050404,Tango11,CG30404,protein_coding,Transport and Golgi organization 11
FBgn0263102,psq,CG2368,protein_coding,pipsqueak
FBgn0267886,CR46174,CR46174,pseudogene,CR46174
FBgn0262801,twr,CG2358,protein_coding,twisted bristles roughened eye
FBgn0052657,CR32657,CR32657,ncRNA,CR32657
FBgn0033970,CG10205,CG10205,protein_coding,CG10205
FBgn0035285,CG12025,CG12025,protein_coding,CG12025
FBgn0027590,GstE12,CG16936,protein_coding,Glutathione S transferase E12
FBgn0040832,CG8012,CG8012,protein_coding,CG8012
FBgn0266810,CR45272,CR45272,ncRNA,CR45272
FBgn0035486,Gr64d,CG14987,protein_coding,Gustatory receptor 64d
FBgn0050103,CG30103,CG30103,protein_coding,CG30103
FBgn0036576,CG5151,CG5151,protein_coding,CG5151
FBgn0003978,vls,CG10728,protein_coding,valois
FBgn0259818,CG42399,CG42399,protein_coding,CG42399
FBgn0040238,Best1,CG6264,protein_coding,Bestrophin 1
FBgn0036299,Tsf2,CG10620,protein_coding,Transferrin 2
FBgn0033726,Cpr49Ad,CG8836,protein_coding,Cuticular protein 49Ad
FBgn0037999,CG4860,CG4860,protein_coding,CG4860
FBgn0085802,CR41548,CR41548,rRNA,CR41548
FBgn0051215,Ala-AGC-2-11,CR31215,tRNA,Alanine-AGC 2-11
FBgn0040737,Tango8,CG14503,protein_coding,Transport and Golgi organization 8
FBgn0032471,CG5122,CG5122,protein_coding,CG5122
FBgn0051826,CG31826,CG31826,protein_coding,CG31826
FBgn0032870,CG2608,CG2608,protein_coding,CG2608
FBgn0029588,CR14798,CR14798,pseudogene,CR14798
FBgn0051547,NKCC,CG31547,protein_coding,sodium potassium chloride cotransporter
FBgn0283477,SF2,CG6987,protein_coding,Splicing factor 2
FBgn0262251,mir-977,CR42958,ncRNA,mir-977 stem loop
FBgn0032633,Lrch,CG6860,protein_coding,Leucine-rich-repeats and calponin homology domain protein
FBgn0016974,swaPsi,CR32747,pseudogene,swallow pseudogene
FBgn0267743,CR46074,CR46074,ncRNA,CR46074
FBgn0053094,Synd,CG33094,protein_coding,Syndapin
FBgn0033558,alka,CG12344,protein_coding,alkaliphile
FBgn0039161,CG13606,CG13606,protein_coding,CG13606
FBgn0286735,95C-A24,CR46377,snoRNA, MeU1-A24
FBgn0052405,Cpr65Av,CG32405,protein_coding,Cuticular protein 65Av
FBgn0267768,CR46099,CR46099,ncRNA,CR46099
FBgn0052040,CG32040,CG32040,protein_coding,CG32040
FBgn0266201,CR44896,CR44896,ncRNA,CR44896
FBgn0005613,Sox15,CG8404,protein_coding,Sox box protein 15
FBgn0002781,mod(mdg4),CG32491,protein_coding,modifier of mdg4
FBgn0036325,CG10752,CG10752,protein_coding,CG10752
FBgn0267880,CR46168,CR46168,pseudogene,CR46168
FBgn0011556,zetaTry,CG12387,protein_coding,zetaTrypsin
FBgn0267638,CR45976,CR45976,ncRNA,CR45976
FBgn0011722,Tig,CG11527,protein_coding,Tiggrin
FBgn0036723,CG12229,CG12229,protein_coding,CG12229