Gene stable ID,"Drosophila pseudoobscura (Fruit fly, MV2-25) gene stable ID","Drosophila pseudoobscura (Fruit fly, MV2-25) orthology confidence [0 low, 1 high]","Drosophila pseudoobscura (Fruit fly, MV2-25) homology type",Gene name
FBgn0262170,LOC26533233,1,ortholog_one2one,CG42878
FBgn0037583,LOC4801699,1,ortholog_one2one,Veneno
FBgn0047038,LOC4812489,1,ortholog_one2one,ND-13B
FBgn0044324,LOC6900461,1,ortholog_one2one,Chro
FBgn0038606,LOC4801457,1,ortholog_one2one,CG15803
FBgn0083949,LOC6897387,1,ortholog_one2one,side-III
FBgn0264443,LOC4816604,1,ortholog_one2one,CG43861
FBgn0000153,LOC4816279,1,ortholog_one2one,b
FBgn0034487,LOC4805547,0,ortholog_one2one,Efhc1.2
FBgn0038054,LOC4803263,0,ortholog_one2many,CG5509
FBgn0034405,LOC4804058,1,ortholog_one2one,Jheh2
FBgn0034665,LOC4805250,1,ortholog_one2one,CG4372
FBgn0030823,LOC4815336,1,ortholog_one2one,TTLL1A
FBgn0035607,LOC4813711,1,ortholog_one2one,CG4835
FBgn0004368,LOC4814912,1,ortholog_one2one,Ptp4E
FBgn0035906,LOC6900706,1,ortholog_one2one,GstO2
FBgn0039612,LOC4801696,1,ortholog_one2one,Nepl19
FBgn0031498,LOC4817138,1,ortholog_one2one,CG17260
FBgn0037409,LOC4801906,1,ortholog_one2one,Osi24
FBgn0034540,LOC4804421,0,ortholog_one2one,Lrt
FBgn0038788,LOC4801854,1,ortholog_one2one,Sirt2
FBgn0031282,LOC6903707,0,ortholog_one2many,Pex12
FBgn0031282,LOC4817333,1,ortholog_one2many,Pex12
FBgn0031282,LOC117184548,0,ortholog_one2many,Pex12
FBgn0032835,LOC4816717,1,ortholog_one2one,CG16772
FBgn0026079,LOC4815355,1,ortholog_one2one,Nsun2
FBgn0026398,LOC117183964,1,ortholog_many2many,Or22a
FBgn0026398,LOC6903208,1,ortholog_many2many,Or22a
FBgn0026398,LOC4817633,0,ortholog_many2many,Or22a
FBgn0004782,LOC4802264,0,ortholog_many2many,Ccp84Ab
FBgn0004782,LOC6897538,1,ortholog_many2many,Ccp84Ab
FBgn0063670,LOC4811643,0,ortholog_one2one,CG40228
FBgn0039911,LOC4811845,1,ortholog_one2one,CG1909
FBgn0035859,LOC4814141,1,ortholog_one2many,CG13678
FBgn0000427,LOC6901818,1,ortholog_one2one,dec
FBgn0036711,LOC6900700,1,ortholog_one2one,CG13727
FBgn0032919,LOC4818190,1,ortholog_one2one,pths
FBgn0036580,LOC4812253,1,ortholog_one2one,PDCD-5
FBgn0032004,LOC4817291,1,ortholog_one2one,CG8292
FBgn0038799,LOC4801867,1,ortholog_one2one,MFS9
FBgn0032586,LOC6903123,1,ortholog_one2many,Tpr2
FBgn0032586,LOC4817496,1,ortholog_one2many,Tpr2
FBgn0032586,LOC6902049,0,ortholog_one2many,Tpr2
FBgn0029512,LOC4800835,1,ortholog_one2one,Aos1
FBgn0039859,LOC4801114,1,ortholog_one2one,Mnat9
FBgn0035358,LOC4814056,1,ortholog_one2one,CG14949
FBgn0031441,LOC6903235,0,ortholog_one2many,CG9962
FBgn0031441,LOC6897604,0,ortholog_one2many,CG9962
FBgn0286027,LOC4817840,1,ortholog_one2one,Rnmt
FBgn0039754,LOC4800405,1,ortholog_one2one,CG9747
FBgn0030242,LOC4815480,1,ortholog_one2many,sofe
FBgn0039120,LOC4801570,1,ortholog_one2one,Nup98-96
FBgn0033423,LOC4805303,1,ortholog_one2one,Alp6
FBgn0266084,LOC4812710,1,ortholog_one2one,Fhos
FBgn0020372,LOC4803510,1,ortholog_one2one,TM4SF
FBgn0065109,LOC117185130,0,ortholog_one2many,ppk11
FBgn0065109,LOC6902783,1,ortholog_one2many,ppk11
FBgn0053816,LOC117183568,1,ortholog_many2many,His1:CG33816
FBgn0053816,LOC117185631,1,ortholog_many2many,His1:CG33816
FBgn0053816,LOC26534267,1,ortholog_many2many,His1:CG33816
FBgn0053816,LOC117183621,1,ortholog_many2many,His1:CG33816
FBgn0053816,LOC117185633,0,ortholog_many2many,His1:CG33816
FBgn0053816,LOC117185630,0,ortholog_many2many,His1:CG33816
FBgn0053816,LOC117185606,1,ortholog_many2many,His1:CG33816
FBgn0053816,LOC117185608,0,ortholog_many2many,His1:CG33816
FBgn0053816,LOC117185600,1,ortholog_many2many,His1:CG33816
FBgn0053816,LOC26532116,1,ortholog_many2many,His1:CG33816
FBgn0053816,LOC26533245,0,ortholog_many2many,His1:CG33816
FBgn0053816,LOC117185634,1,ortholog_many2many,His1:CG33816
FBgn0053816,LOC117185607,1,ortholog_many2many,His1:CG33816
FBgn0053816,LOC26532398,0,ortholog_many2many,His1:CG33816
FBgn0053816,LOC117183574,0,ortholog_many2many,His1:CG33816
FBgn0029892,LOC4815990,1,ortholog_one2one,CG3184
FBgn0026207,LOC4800871,1,ortholog_one2one,mbo
FBgn0003206,LOC4812641,1,ortholog_one2one,Ras64B
FBgn0011279,LOC4812865,1,ortholog_one2one,Obp69a
FBgn0030829,LOC6901225,1,ortholog_one2one,CG12998
FBgn0035600,LOC4813477,1,ortholog_one2one,Cyt-c1
FBgn0033087,LOC4803422,1,ortholog_one2one,Hsepi
FBgn0261628,LOC26532159,1,ortholog_one2one,CG42711
FBgn0031054,LOC26533691,1,ortholog_one2one,Ssu72
FBgn0051418,LOC6897109,1,ortholog_one2many,CG31418
FBgn0050021,LOC4805640,1,ortholog_one2one,metro
FBgn0019968,LOC4804863,1,ortholog_one2one,Khc-73
FBgn0032946,LOC4816748,1,ortholog_one2one,nrv3
FBgn0026390,LOC4817563,1,ortholog_one2one,Or33c
FBgn0004620,LOC4816739,1,ortholog_one2one,GluRIIA
FBgn0038425,LOC4802552,1,ortholog_one2one,CG14881
FBgn0036853,LOC4812484,1,ortholog_one2one,mRpL21
FBgn0286976,LOC4801898,1,ortholog_one2one,Osi10a
FBgn0052069,LOC4813815,1,ortholog_one2one,CG32069
FBgn0033919,LOC6898980,1,ortholog_one2one,CG8547
FBgn0260741,LOC4802575,1,ortholog_one2one,CG3281
FBgn0036146,LOC4813357,1,ortholog_one2one,nkt
FBgn0029094,LOC6896818,0,ortholog_one2many,asf1
FBgn0029094,LOC4811999,1,ortholog_one2many,asf1
FBgn0036730,LOC6903560,0,ortholog_one2many,qjt
FBgn0029980,LOC4815413,1,ortholog_one2one,Dhdds
FBgn0004591,LOC6900339,1,ortholog_many2many,Eig71Ed
FBgn0004591,LOC4813572,0,ortholog_many2many,Eig71Ed
FBgn0016081,LOC4812689,1,ortholog_one2one,fry
FBgn0031606,LOC4817573,1,ortholog_one2one,CG15439
FBgn0036310,LOC6900836,0,ortholog_one2one,CG10969
FBgn0040799,LOC6900145,0,ortholog_one2many,CG13051
FBgn0040799,LOC6900144,0,ortholog_one2many,CG13051
FBgn0040799,LOC6900475,0,ortholog_one2many,CG13051
FBgn0040799,LOC6900005,1,ortholog_one2many,CG13051
FBgn0002945,LOC4812124,1,ortholog_one2one,nkd
FBgn0037762,LOC4801489,0,ortholog_one2many,eloF
FBgn0029912,LOC4816076,1,ortholog_one2one,Tmf
FBgn0030558,LOC4814877,1,ortholog_one2one,Tat
FBgn0028475,LOC4801561,1,ortholog_one2one,Hrd3
FBgn0051792,LOC6902791,1,ortholog_one2many,CG31792
FBgn0035471,LOC4812074,1,ortholog_one2one,Sc2
FBgn0038693,LOC4803246,1,ortholog_one2one,unc79
FBgn0030230,LOC4815985,1,ortholog_one2one,Rph
FBgn0036335,LOC4813788,1,ortholog_one2one,mRpL20
FBgn0027929,LOC4816639,1,ortholog_one2one,NimB1
FBgn0003527,LOC4804934,1,ortholog_one2one,stil
FBgn0283545,LOC4815288,1,ortholog_one2one,vilya
FBgn0030029,LOC4815086,1,ortholog_one2one,CG15343
FBgn0038744,LOC4802901,1,ortholog_one2one,CG4733
FBgn0036950,LOC117185410,1,ortholog_one2many,CG6996
FBgn0036950,LOC4813810,1,ortholog_one2many,CG6996
FBgn0010770,LOC4802246,1,ortholog_one2one,ppan
FBgn0262112,LOC4800995,1,ortholog_one2one,sro
FBgn0034705,LOC4805698,1,ortholog_one2one,CG11170
FBgn0001255,LOC4802718,1,ortholog_one2one,ImpE3
FBgn0260858,LOC4814944,1,ortholog_one2one,Ykt6
FBgn0038039,LOC4800826,1,ortholog_one2one,CG5196
FBgn0286051,LOC4812371,1,ortholog_one2one,Rexo5
FBgn0036110,LOC4812813,1,ortholog_one2one,Cpr67Fb
FBgn0035855,LOC4814105,0,ortholog_one2one,CG7366
FBgn0266369,LOC4816835,1,ortholog_one2one,Mtp
FBgn0003249,LOC4803062,1,ortholog_one2one,Rh3
FBgn0038033,LOC26533777,1,ortholog_many2many,CG10097
FBgn0038033,LOC6898828,0,ortholog_many2many,CG10097
FBgn0030451,LOC4814734,1,ortholog_one2one,CG15717
FBgn0037028,LOC4812769,1,ortholog_one2one,CG3618
FBgn0032509,LOC4817908,1,ortholog_one2one,Grx3
FBgn0037276,LOC4802523,1,ortholog_one2one,Ccdc39
FBgn0032878,LOC4817097,1,ortholog_one2one,CG9316
FBgn0051661,LOC4817636,1,ortholog_one2one,CG31661
FBgn0035854,LOC6900945,1,ortholog_one2one,Dhps
FBgn0037336,LOC4802431,1,ortholog_one2one,CG2519
FBgn0054021,LOC6902675,0,ortholog_one2one,CG34021
FBgn0030366,LOC4815118,1,ortholog_one2one,Usp7
FBgn0044511,LOC6897129,1,ortholog_one2one,mRpS21
FBgn0052672,LOC6902160,1,ortholog_one2one,Atg8a
FBgn0030599,LOC6902823,0,ortholog_one2many,CG9030
FBgn0012036,LOC4818031,1,ortholog_one2one,Aldh
FBgn0030858,LOC4815640,1,ortholog_one2one,IntS2
FBgn0035498,LOC4813063,1,ortholog_one2one,Fit1
FBgn0250825,LOC6902222,0,ortholog_one2one,CG34241
FBgn0033893,LOC4804770,0,ortholog_one2one,CG18371
FBgn0035272,LOC4812302,1,ortholog_one2one,mRpL46
FBgn0001122,LOC4805339,1,ortholog_one2one,Galphao
FBgn0039135,LOC4801748,1,ortholog_one2one,CG13603
FBgn0015524,LOC4804400,1,ortholog_one2one,otp
FBgn0287585,LOC4812084,1,ortholog_one2one,Pss
FBgn0032058,LOC4816198,1,ortholog_one2one,CG9289
FBgn0032335,LOC4816977,1,ortholog_one2one,CG14915
FBgn0013812,LOC4803305,1,ortholog_one2one,Dhc93AB
FBgn0036602,LOC4812224,1,ortholog_one2one,CG13042
FBgn0035227,LOC4814086,1,ortholog_one2one,Iml1
FBgn0264297,LOC6898450,1,ortholog_one2many,CG43775
FBgn0034928,LOC4803520,1,ortholog_one2one,CG13562
FBgn0031032,LOC6898136,0,ortholog_one2one,CG14204
FBgn0015521,LOC4816681,1,ortholog_one2one,RpS21
FBgn0039503,LOC4801243,1,ortholog_one2one,CG14262
FBgn0000163,LOC4814543,1,ortholog_one2one,baz
FBgn0031047,LOC4815478,0,ortholog_one2many,Rcd-1
FBgn0260393,LOC117185407,1,ortholog_one2many,CG17147
FBgn0260393,LOC6900423,1,ortholog_one2many,CG17147
FBgn0036348,LOC4813302,0,ortholog_one2one,CG17687
FBgn0001987,LOC4816652,1,ortholog_one2one,Gli
FBgn0003720,LOC4800316,1,ortholog_one2one,tll
FBgn0038902,LOC4800963,1,ortholog_one2one,CG6800
FBgn0036769,LOC4813743,1,ortholog_one2one,Tsp74F
FBgn0004870,LOC6899793,1,ortholog_one2one,bab1
FBgn0016131,LOC4803571,0,ortholog_one2one,Cdk4
FBgn0031170,LOC4815620,1,ortholog_one2one,Abca3
FBgn0053143,LOC6898419,1,ortholog_one2one,CG33143
FBgn0038435,LOC4802469,1,ortholog_one2one,Gyc89Da
FBgn0004901,LOC4802993,1,ortholog_one2one,Prat
FBgn0035238,LOC4812559,1,ortholog_one2one,CG12104
FBgn0039713,LOC4800240,1,ortholog_one2one,RpS8
FBgn0033987,LOC4804992,1,ortholog_one2one,ckn
FBgn0029949,LOC6901761,0,ortholog_one2one,CG15035
FBgn0010383,LOC4814417,1,ortholog_one2one,Cyp18a1
FBgn0031677,LOC4816356,1,ortholog_one2one,CG14036
FBgn0039889,LOC4811778,1,ortholog_one2one,Arl4
FBgn0011836,LOC6900646,1,ortholog_one2one,Taf2
FBgn0030912,LOC4814365,1,ortholog_one2one,CG6023
FBgn0000180,LOC4817353,1,ortholog_one2one,bib
FBgn0085491,LOC6900884,1,ortholog_one2one,CG34462
FBgn0029888,LOC4816029,1,ortholog_one2one,ND-ASHI
FBgn0034423,LOC6901010,0,ortholog_one2one,tbrd-2
FBgn0028953,LOC4803928,1,ortholog_one2one,CG14478
FBgn0032685,LOC4817056,1,ortholog_one2one,CG10211
FBgn0003984,LOC4812532,1,ortholog_one2one,vn
FBgn0027793,LOC4816051,1,ortholog_one2one,CG14787
FBgn0029740,LOC4814913,1,ortholog_one2one,CG12680
FBgn0037591,LOC117185148,1,ortholog_one2one,Or85c
FBgn0036770,LOC4813671,1,ortholog_one2one,Prestin
FBgn0002719,LOC4801426,1,ortholog_one2one,Men
FBgn0032680,LOC6902934,0,ortholog_one2one,Ntf-2r
FBgn0032126,LOC4816968,1,ortholog_one2one,CG13113
FBgn0039774,LOC4800384,1,ortholog_one2one,CDase
FBgn0035355,LOC6900993,1,ortholog_one2many,CG16985
FBgn0035355,LOC4814153,1,ortholog_one2many,CG16985
FBgn0259700,LOC6901674,1,ortholog_one2one,CG42354
FBgn0040207,LOC6901684,1,ortholog_one2one,kat80
FBgn0051221,LOC4803261,1,ortholog_one2one,CG31221
FBgn0003891,LOC4803759,1,ortholog_one2one,tud
FBgn0028520,LOC4816334,1,ortholog_one2one,CG4891
FBgn0036833,LOC4812298,1,ortholog_one2one,CG3819
FBgn0262858,LOC6896756,1,ortholog_one2one,MtnF
FBgn0010433,LOC4801798,1,ortholog_one2one,ato
FBgn0263113,LOC4803992,1,ortholog_one2one,Cc2d2a
FBgn0000414,LOC4812251,1,ortholog_one2one,Dab
FBgn0010114,LOC4804503,1,ortholog_one2one,hig
FBgn0037472,LOC4802917,1,ortholog_one2one,CG10098
FBgn0051897,LOC6896677,0,ortholog_one2one,CG31897
FBgn0030391,LOC4816007,1,ortholog_one2one,Rab40
FBgn0029746,LOC4816049,1,ortholog_one2one,CG15465
FBgn0037950,LOC4802834,1,ortholog_one2one,HisCl1
FBgn0003598,LOC6897163,1,ortholog_one2one,Su(var)3-7
FBgn0035523,LOC4812674,1,ortholog_one2one,Ctl1
FBgn0031544,LOC4816911,1,ortholog_one2one,CG17593
FBgn0035584,LOC6900073,1,ortholog_one2one,CG17030
FBgn0011289,LOC4801245,1,ortholog_one2one,TfIIA-L
FBgn0034426,LOC6902428,0,ortholog_one2many,AANATL5
FBgn0052350,LOC6899768,0,ortholog_one2one,Vps11
FBgn0036621,LOC4812395,1,ortholog_one2one,roq
FBgn0259677,LOC6902283,1,ortholog_one2one,CG42346
FBgn0001341,LOC6902176,0,ortholog_one2one,Mybbp1A
FBgn0036439,LOC4813112,1,ortholog_one2one,CG13474
FBgn0033355,LOC4803350,1,ortholog_one2one,CG13748
FBgn0011020,LOC6897850,1,ortholog_one2one,Sas-4
FBgn0031194,LOC4815455,1,ortholog_one2one,CG17598
FBgn0030552,LOC4815081,1,ortholog_one2one,mRpL38
FBgn0039735,LOC4800235,1,ortholog_one2one,Nph
FBgn0031305,LOC4817600,1,ortholog_one2one,Iris
FBgn0000524,LOC4816014,1,ortholog_one2one,dx
FBgn0039812,LOC117185676,1,ortholog_one2one,CG15548
FBgn0002905,LOC4801347,1,ortholog_one2one,PolQ
FBgn0284435,LOC6901851,1,ortholog_one2one,tyn
FBgn0023177,LOC4815858,1,ortholog_one2one,Pp4-19C
FBgn0028999,LOC4813450,1,ortholog_one2one,nerfin-1
FBgn0033830,LOC4803347,1,ortholog_one2one,CG10814
FBgn0030597,LOC4816073,1,ortholog_one2one,Eo
FBgn0010395,LOC4818199,1,ortholog_one2one,Itgbn
FBgn0039233,LOC4800247,1,ortholog_one2one,CG7006
FBgn0259111,LOC4817033,1,ortholog_one2one,Ndae1
FBgn0015737,LOC4801173,1,ortholog_one2one,Hmu
FBgn0039198,LOC6897480,1,ortholog_one2one,CG5768
FBgn0085276,LOC6900004,1,ortholog_one2one,CG34247
FBgn0002716,LOC6898377,1,ortholog_one2one,mei-W68
FBgn0033210,LOC4804135,1,ortholog_one2one,U2A
FBgn0031869,LOC4816172,1,ortholog_one2one,CG18304
FBgn0037227,LOC4802763,1,ortholog_one2one,TwdlV
FBgn0003716,LOC4817227,1,ortholog_one2one,tkv
FBgn0030872,LOC4815253,1,ortholog_one2one,Ucp4A
FBgn0025620,LOC4815848,1,ortholog_one2one,CG13360
FBgn0029747,LOC4815771,0,ortholog_one2one,CG5062
FBgn0035107,LOC6899981,1,ortholog_one2one,mri
FBgn0032873,LOC4816930,1,ortholog_one2one,CG2614
FBgn0010282,LOC6897554,1,ortholog_one2many,TfIIFalpha
FBgn0010282,LOC6897586,0,ortholog_one2many,TfIIFalpha
FBgn0030435,LOC4814299,1,ortholog_one2one,CG4645
FBgn0052087,LOC6900132,1,ortholog_one2one,CG32087
FBgn0015038,LOC4803475,1,ortholog_one2many,Cyp9b1
FBgn0029770,LOC6902284,0,ortholog_one2many,CG4151
FBgn0029770,LOC4815708,1,ortholog_one2many,CG4151
FBgn0035770,LOC4813332,1,ortholog_one2one,pst
FBgn0260454,LOC4816483,1,ortholog_one2many,CG17139
FBgn0051262,LOC4817241,0,ortholog_many2many,CG31262
FBgn0051262,LOC6902923,0,ortholog_many2many,CG31262
FBgn0039492,LOC4801147,1,ortholog_one2one,CG6051
FBgn0015774,LOC6901427,1,ortholog_one2one,NetB
FBgn0040968,LOC4817557,1,ortholog_one2many,CG14933
FBgn0016919,LOC6902606,0,ortholog_one2one,nompB
FBgn0260971,LOC4815882,1,ortholog_one2one,CG42594
FBgn0250732,LOC6897849,1,ortholog_one2one,gfzf
FBgn0036799,LOC6903553,0,ortholog_one2many,CG13380
FBgn0036799,LOC6896831,0,ortholog_one2many,CG13380
FBgn0036799,LOC6903554,0,ortholog_one2many,CG13380
FBgn0036825,LOC4812567,1,ortholog_one2one,RpL26
FBgn0032551,LOC6899119,0,ortholog_one2many,CG18636
FBgn0036235,LOC4813312,1,ortholog_one2one,CG6938
FBgn0263605,LOC4812164,1,ortholog_one2one,l(3)72Dn
FBgn0029962,LOC6901824,1,ortholog_one2one,CARPA
FBgn0262719,LOC4813159,1,ortholog_one2one,CG43163
FBgn0004380,LOC4813478,1,ortholog_one2one,Klp64D
FBgn0035545,LOC4812456,1,ortholog_one2one,CG12607
FBgn0035976,LOC6900932,1,ortholog_one2one,PGRP-LC
FBgn0035004,LOC4805605,1,ortholog_one2one,Pgam5-2
FBgn0052243,LOC6900519,0,ortholog_one2one,CG32243
FBgn0037703,LOC4802531,1,ortholog_one2one,Kdm3
FBgn0035111,LOC4812292,1,ortholog_one2one,Dis3l2
FBgn0086350,LOC4804094,0,ortholog_one2one,tef
FBgn0036141,LOC4813739,1,ortholog_one2one,wls
FBgn0020306,LOC6898541,0,ortholog_one2one,dom
FBgn0040465,LOC4804148,1,ortholog_one2one,Dlip3
FBgn0266757,LOC4812697,1,ortholog_one2one,mfr
FBgn0086130,LOC4817146,1,ortholog_one2one,Dbp21E2
FBgn0036942,LOC4813430,1,ortholog_one2one,CG7328
FBgn0000439,LOC4802257,0,ortholog_one2one,Dfd
FBgn0016672,LOC4801649,1,ortholog_one2one,Ipp
FBgn0037186,LOC4812476,1,ortholog_one2one,CG11241
FBgn0034439,LOC6898436,1,ortholog_one2one,CG10062
FBgn0053181,LOC6901340,1,ortholog_one2one,CG33181
FBgn0037552,LOC4801586,1,ortholog_one2many,CG7800
FBgn0025686,LOC26534323,1,ortholog_one2one,Amnionless
FBgn0259817,LOC6899057,0,ortholog_one2many,SteXh:CG42398
FBgn0031772,LOC4817883,1,ortholog_one2one,CG13994
FBgn0259933,LOC6899968,1,ortholog_one2one,Dpm2
FBgn0033442,LOC4805133,1,ortholog_one2one,CG1690
FBgn0033652,LOC4805408,1,ortholog_one2one,ths
FBgn0003255,LOC4816677,1,ortholog_one2one,rk
FBgn0014868,LOC4814927,1,ortholog_one2one,Ost48
FBgn0034821,LOC4803729,1,ortholog_one2one,CG9876
FBgn0004406,LOC4816541,1,ortholog_one2one,PolG1
FBgn0033623,LOC4805109,1,ortholog_one2one,CG13202
FBgn0039613,LOC5495521,0,ortholog_one2many,Nepl20
FBgn0034099,LOC4803824,1,ortholog_one2many,CG15708
FBgn0037519,LOC4802974,1,ortholog_one2one,CG3014
FBgn0035300,LOC4812787,1,ortholog_one2one,acs
FBgn0039311,LOC4802360,1,ortholog_one2one,CG10513
FBgn0038100,LOC4801412,1,ortholog_one2one,Paip2
FBgn0053502,LOC6901885,1,ortholog_one2many,CG33502
FBgn0035372,LOC4814043,1,ortholog_one2one,CG12093
FBgn0261395,LOC6902437,0,ortholog_one2one,Prosalpha3T
FBgn0045827,LOC4816373,0,ortholog_one2one,CG13245
FBgn0031289,LOC4817431,1,ortholog_one2one,CG13950
FBgn0264449,LOC6901139,1,ortholog_one2one,CG43867
FBgn0040719,LOC4817524,1,ortholog_one2one,CG15357
FBgn0029837,LOC6901456,1,ortholog_one2one,Tsp5D
FBgn0036590,LOC6900011,1,ortholog_one2one,CG13065
FBgn0034118,LOC4803799,1,ortholog_one2one,Nup62
FBgn0263025,LOC4800670,0,ortholog_one2one,HSPBAP1
FBgn0031893,LOC6903307,0,ortholog_one2many,MICU1
FBgn0031893,LOC6903298,1,ortholog_one2many,MICU1
FBgn0000594,LOC4813130,1,ortholog_many2many,Est-P
FBgn0000594,LOC6900444,1,ortholog_many2many,Est-P
FBgn0000594,LOC4813124,1,ortholog_many2many,Est-P
FBgn0264472,LOC26532987,0,ortholog_one2one,CG43880
FBgn0085432,LOC4811795,1,ortholog_one2one,pan
FBgn0003996,LOC6901267,1,ortholog_one2one,w
FBgn0289122,LOC4803250,1,ortholog_one2one,Ino80
FBgn0030876,LOC4815226,1,ortholog_one2one,Srx
FBgn0033313,LOC4803544,0,ortholog_one2one,Cirl
FBgn0263603,LOC4813764,1,ortholog_one2one,Zn72D
FBgn0261675,LOC4814554,1,ortholog_one2one,Npc1b
FBgn0039595,LOC4800631,1,ortholog_one2one,AstA-R2
FBgn0014903,LOC6902106,1,ortholog_one2one,CG14630
FBgn0283451,LOC6902077,1,ortholog_one2one,br
FBgn0033608,LOC4804744,1,ortholog_one2one,CG13220
FBgn0039904,LOC4811843,1,ortholog_one2one,Hcf
FBgn0033985,LOC4804989,1,ortholog_one2one,CG10257
FBgn0039238,LOC4800366,1,ortholog_one2one,CG7016
FBgn0033187,LOC4804915,1,ortholog_one2one,PIG-G
FBgn0085693,LOC4815815,0,ortholog_one2many,CG41562
FBgn0037794,LOC6897015,1,ortholog_one2one,CG6254
FBgn0034049,LOC4805562,1,ortholog_one2one,bdg
FBgn0051064,LOC6897117,0,ortholog_one2one,CG31064
FBgn0031045,LOC4815843,1,ortholog_one2one,CG14212
FBgn0029157,LOC4801378,1,ortholog_one2one,ssh
FBgn0035488,LOC6900612,1,ortholog_one2one,CG11593
FBgn0035508,LOC4812656,1,ortholog_one2one,CG15005
FBgn0036499,LOC6900634,0,ortholog_one2one,CG7276
FBgn0051265,LOC6899012,0,ortholog_one2one,CG31265
FBgn0032524,LOC4817946,1,ortholog_one2one,Hacd2
FBgn0039670,LOC6896775,1,ortholog_one2one,CG7567
FBgn0035924,LOC4812713,0,ortholog_one2one,CG6576
FBgn0011206,LOC4814025,1,ortholog_one2one,bol
FBgn0001994,LOC4817775,1,ortholog_one2one,crp
FBgn0032476,LOC4816569,1,ortholog_one2one,CG5439
FBgn0031877,LOC4816107,1,ortholog_one2one,Hmgcl
FBgn0034274,LOC4805365,1,ortholog_one2one,CG10931
FBgn0033297,LOC4803611,1,ortholog_one2one,Mal-A8
FBgn0004198,LOC6901776,1,ortholog_one2one,ct
FBgn0033483,LOC6898519,1,ortholog_one2one,egr
FBgn0263601,LOC4812194,1,ortholog_one2one,mib1
FBgn0037608,LOC4803001,0,ortholog_one2one,mRpL19
FBgn0030795,LOC4815891,0,ortholog_one2one,ppk28
FBgn0033788,LOC4804045,1,ortholog_many2many,CG13323
FBgn0033788,LOC117183714,1,ortholog_many2many,CG13323
FBgn0264490,LOC6896983,1,ortholog_one2one,Eip93F
FBgn0039769,LOC4800389,1,ortholog_one2one,CG15534
FBgn0004514,LOC4811871,1,ortholog_one2one,Oct-TyrR
FBgn0039058,LOC4801237,1,ortholog_one2one,VhaAC39-2
FBgn0083943,LOC13036369,1,ortholog_one2one,CG34107
FBgn0037816,LOC4801020,1,ortholog_one2one,CG6345
FBgn0029816,LOC4805424,0,ortholog_one2many,CG12729
FBgn0039811,LOC4800326,1,ortholog_one2one,CG15550
FBgn0022355,LOC6901019,1,ortholog_one2one,Tsf1
FBgn0051380,LOC4802658,1,ortholog_one2one,CG31380
FBgn0034920,LOC4803513,1,ortholog_one2one,CG5597
FBgn0034803,LOC4805556,1,ortholog_one2one,CG9849
FBgn0031598,LOC4817586,1,ortholog_one2one,Vps53
FBgn0033376,LOC6898530,1,ortholog_one2one,CG8777
FBgn0036608,LOC4811992,1,ortholog_one2one,CG13040
FBgn0025835,LOC6901860,1,ortholog_one2one,CG17707
FBgn0027111,LOC4812322,1,ortholog_one2one,miple1
FBgn0013263,LOC6900368,1,ortholog_one2one,Trl
FBgn0042213,LOC4800506,1,ortholog_one2one,CG18731
FBgn0036681,LOC6900159,1,ortholog_one2one,Obp73a
FBgn0034083,LOC4803872,1,ortholog_one2one,lbk
FBgn0033855,LOC4804397,1,ortholog_one2one,link
FBgn0038946,LOC4801478,0,ortholog_one2one,rdhB
FBgn0031302,LOC6903174,1,ortholog_one2one,CG14340
FBgn0041236,LOC4803728,1,ortholog_one2one,Gr59d
FBgn0085472,LOC26532611,1,ortholog_one2one,CG34443
FBgn0035070,LOC4804688,1,ortholog_one2one,CG3650
FBgn0002791,LOC4804286,1,ortholog_one2one,mr
FBgn0010762,LOC4812933,1,ortholog_one2one,simj
FBgn0025678,LOC4817489,1,ortholog_one2one,CaBP1
FBgn0035866,LOC4814175,1,ortholog_one2one,Arl5
FBgn0031434,LOC4816341,1,ortholog_one2one,insv
FBgn0033232,LOC4805008,1,ortholog_one2one,CG12159
FBgn0052479,LOC4812931,1,ortholog_one2one,Usp10
FBgn0035569,LOC4812081,1,ortholog_one2one,CG15876
FBgn0032587,LOC4817497,1,ortholog_one2one,CG5953
FBgn0027594,LOC6900896,0,ortholog_one2one,drpr
FBgn0038705,LOC4803257,1,ortholog_one2one,CG11626
FBgn0032329,LOC117184280,1,ortholog_one2one,Art8
FBgn0039479,LOC6897066,1,ortholog_one2one,CG14257
FBgn0050393,LOC4803765,1,ortholog_many2many,CG30393
FBgn0050393,LOC6901952,0,ortholog_many2many,CG30393
FBgn0015221,LOC4800395,1,ortholog_one2one,Fer2LCH
FBgn0032085,LOC4816220,1,ortholog_one2one,CG9555
FBgn0034618,LOC4803778,1,ortholog_one2one,CG9485
FBgn0026874,LOC26533384,1,ortholog_one2one,CG13358
FBgn0034201,LOC6898920,1,ortholog_one2one,CG17290
FBgn0039504,LOC4801242,1,ortholog_one2one,CG14260
FBgn0038211,LOC4801623,1,ortholog_one2one,CG9649
FBgn0034894,LOC4804529,1,ortholog_one2one,sigmar
FBgn0040475,LOC4812546,1,ortholog_one2one,SH3PX1
FBgn0030889,LOC4815183,1,ortholog_one2one,CG15373
FBgn0034612,LOC4803770,1,ortholog_one2one,CG10505
FBgn0051871,LOC4816741,1,ortholog_one2one,CG31871
FBgn0035025,LOC4805451,1,ortholog_one2one,uri
FBgn0002775,LOC4813765,1,ortholog_one2one,msl-3
FBgn0029961,LOC4814505,1,ortholog_one2one,Ir7a
FBgn0045469,LOC4800969,1,ortholog_one2one,Gr93c
FBgn0024836,LOC4805327,1,ortholog_one2one,stan
FBgn0045073,LOC26534020,0,ortholog_one2one,Stim
FBgn0037406,LOC4801909,1,ortholog_one2one,Osi1
FBgn0259231,LOC6901046,1,ortholog_one2one,CCKLR-17D1
FBgn0052983,LOC4816116,1,ortholog_one2many,CG32983
FBgn0030998,LOC4815213,1,ortholog_one2one,CG14195
FBgn0032595,LOC4817352,1,ortholog_one2one,CG17996
FBgn0052072,LOC6900500,1,ortholog_one2many,Elo68alpha
FBgn0035627,LOC4812927,1,ortholog_one2one,Sse
FBgn0038747,LOC4803086,1,ortholog_one2one,RhoGAP92B
FBgn0015754,LOC4803869,1,ortholog_one2one,Lis-1
FBgn0264672,LOC4816648,1,ortholog_one2one,Eogt
FBgn0086445,LOC4811695,1,ortholog_one2one,l(2)37Cd
FBgn0038387,LOC4802332,1,ortholog_one2one,blp
FBgn0032525,LOC4818146,1,ortholog_one2one,Hsp60D
FBgn0016930,LOC4816475,1,ortholog_one2one,Dyrk2
FBgn0034565,LOC4805174,0,ortholog_one2one,CG15650
FBgn0051301,LOC4800690,1,ortholog_one2one,CG31301
FBgn0004882,LOC4801224,1,ortholog_one2one,orb
FBgn0032026,LOC6902791,1,ortholog_one2many,CG7627
FBgn0036967,LOC6900426,1,ortholog_one2one,SCCRO4
FBgn0032727,LOC4816950,1,ortholog_one2one,Bhmt
FBgn0011746,LOC4804570,1,ortholog_one2one,ana
FBgn0026089,LOC4815943,0,ortholog_one2one,CG14817
FBgn0033134,LOC4803462,1,ortholog_one2one,Tsp42El
FBgn0015818,LOC4814921,1,ortholog_one2one,Spx
FBgn0020642,LOC4813480,1,ortholog_one2one,Lcp65Ac
FBgn0033541,LOC6898871,1,ortholog_one2one,CG12934
FBgn0053003,LOC4817581,1,ortholog_one2one,CG33003
FBgn0030703,LOC4811754,0,ortholog_one2one,MSBP
FBgn0030258,LOC6901193,1,ortholog_one2one,CG1552
FBgn0029881,LOC4815731,1,ortholog_one2one,pigs
FBgn0036005,LOC117185096,1,ortholog_one2one,pall
FBgn0040261,LOC4817037,1,ortholog_one2one,Ugt37E1
FBgn0051472,LOC6897878,1,ortholog_one2one,sgll
FBgn0039767,LOC4800391,1,ortholog_one2one,CG2218
FBgn0016123,LOC4800332,1,ortholog_one2one,Alp4
FBgn0037654,LOC4803034,1,ortholog_one2one,CG11983
FBgn0030742,LOC4815309,1,ortholog_one2one,CG9919
FBgn0034919,LOC4803507,1,ortholog_one2one,CG5569
FBgn0011236,LOC4803509,1,ortholog_one2one,ken
FBgn0024194,LOC4812440,1,ortholog_one2one,rasp
FBgn0003134,LOC6897478,1,ortholog_one2one,Pp1alpha-96A
FBgn0086368,LOC4815847,0,ortholog_one2one,tw
FBgn0030555,LOC4815050,1,ortholog_one2one,Fbxl4
FBgn0036262,LOC6900443,1,ortholog_one2one,Miox
FBgn0019938,LOC4803965,0,ortholog_one2one,Polr1A
FBgn0283494,LOC4804299,1,ortholog_one2one,Ak2
FBgn0054008,LOC6896789,0,ortholog_one2one,CG34008
FBgn0036390,LOC4813196,1,ortholog_one2one,CG13738
FBgn0039071,LOC4801220,1,ortholog_one2one,bb8
FBgn0032156,LOC4817258,1,ortholog_one2one,CG13124
FBgn0029067,LOC4815779,1,ortholog_one2one,Dd
FBgn0050259,LOC4803840,1,ortholog_one2one,CG30259
FBgn0028662,LOC4802391,1,ortholog_one2one,VhaPPA1-1
FBgn0053557,LOC6901072,1,ortholog_one2one,CG33557
FBgn0083985,LOC6897307,1,ortholog_one2one,CG34149
FBgn0031515,LOC6902567,0,ortholog_one2one,CG9664
FBgn0034825,LOC4803724,1,ortholog_one2one,Gpdh2
FBgn0039257,LOC6897159,1,ortholog_one2one,tnc
FBgn0035041,LOC4805435,1,ortholog_one2one,CG13594
FBgn0034143,LOC4805692,1,ortholog_one2one,CG8303
FBgn0051679,LOC6901070,0,ortholog_one2many,Tengl3
FBgn0051679,LOC6901035,0,ortholog_one2many,Tengl3
FBgn0040239,LOC4813800,1,ortholog_one2one,bc10
FBgn0033322,LOC4805061,1,ortholog_one2one,CG8584
FBgn0030841,LOC4814598,0,ortholog_one2one,CG8568
FBgn0051199,LOC4800893,1,ortholog_one2one,CG31199
FBgn0051016,LOC6896696,0,ortholog_one2many,CG31016
FBgn0051016,LOC6896701,1,ortholog_one2many,CG31016
FBgn0035436,LOC4812505,1,ortholog_one2one,CG12016
FBgn0001224,LOC4814180,1,ortholog_one2many,Hsp23
FBgn0001224,LOC117184970,1,ortholog_one2many,Hsp23
FBgn0035333,LOC4813545,1,ortholog_one2one,CG1317
FBgn0039639,LOC4801162,1,ortholog_one2one,Alg13
FBgn0261456,LOC4804141,1,ortholog_one2one,hpo
FBgn0039914,LOC4811687,0,ortholog_one2one,mav
FBgn0004784,LOC4804182,1,ortholog_one2one,inaC
FBgn0035205,LOC4811961,1,ortholog_one2one,Ctr9
FBgn0017456,LOC6897863,1,ortholog_one2one,Ubc84D
FBgn0035160,LOC4811868,1,ortholog_one2one,hng3
FBgn0039485,LOC6897072,1,ortholog_one2one,Jhbp11
FBgn0036009,LOC6897188,0,ortholog_one2one,Or67a
FBgn0033762,LOC4803381,1,ortholog_one2one,ZnT49B
FBgn0005655,LOC4804497,1,ortholog_one2one,PCNA
FBgn0031690,LOC4816907,1,ortholog_one2one,CG7742
FBgn0050080,LOC4805727,1,ortholog_one2one,CG30080
FBgn0030882,LOC4815777,0,ortholog_one2many,Gss1
FBgn0037149,LOC4811872,1,ortholog_one2one,CG14561
FBgn0001085,LOC4813725,1,ortholog_one2one,fz
FBgn0015040,LOC4805434,1,ortholog_one2one,Cyp9c1
FBgn0046793,LOC117184427,1,ortholog_one2one,CG32236
FBgn0052645,LOC6899149,1,ortholog_one2one,CG32645
FBgn0038584,LOC4803192,1,ortholog_one2one,mTerf5
FBgn0051626,LOC6902597,1,ortholog_one2many,CG31626
FBgn0030797,LOC4814199,1,ortholog_one2one,CG13004
FBgn0004419,LOC117184409,0,ortholog_one2many,me31B
FBgn0004419,LOC117184099,0,ortholog_one2many,me31B
FBgn0259876,LOC6898347,1,ortholog_one2one,Cap-G
FBgn0014454,LOC6902829,1,ortholog_one2one,Acp1
FBgn0032788,LOC4816536,1,ortholog_one2one,CG13084
FBgn0035255,LOC4813606,1,ortholog_one2one,RabX5
FBgn0036756,LOC4813185,1,ortholog_one2one,Cln3
FBgn0038512,LOC4801196,1,ortholog_one2one,CG14330
FBgn0030027,LOC4814483,1,ortholog_one2one,CG1632
FBgn0262114,LOC4805342,1,ortholog_one2one,RanBPM
FBgn0034296,LOC4804114,1,ortholog_one2one,CG10912
FBgn0261266,LOC4817110,1,ortholog_one2one,zuc
FBgn0036029,LOC6901344,0,ortholog_one2many,CG16719
FBgn0036029,LOC26533665,0,ortholog_one2many,CG16719
FBgn0036029,LOC26533208,0,ortholog_one2many,CG16719
FBgn0036029,LOC6901343,0,ortholog_one2many,CG16719
FBgn0036029,LOC4812686,1,ortholog_one2many,CG16719
FBgn0037170,LOC4812191,1,ortholog_one2one,Trxr2
FBgn0045479,LOC4813096,1,ortholog_one2one,Gr64a
FBgn0029649,LOC4814820,1,ortholog_one2one,CG4116
FBgn0004573,LOC4800328,1,ortholog_one2one,5-HT7
FBgn0035916,LOC6900324,1,ortholog_one2one,GAPsec
FBgn0052109,LOC4813791,1,ortholog_one2one,CG32109
FBgn0039152,LOC4801765,1,ortholog_one2one,Root
FBgn0042102,LOC4802977,1,ortholog_one2one,CG18745
FBgn0033551,LOC4805315,1,ortholog_one2one,CG7222
FBgn0034662,LOC4805247,1,ortholog_one2one,CG13492
FBgn0053497,LOC4814506,1,ortholog_one2many,Sdic2
FBgn0034218,LOC4803926,1,ortholog_one2one,CG18467
FBgn0040356,LOC4815113,1,ortholog_one2one,CG12498
FBgn0051089,LOC4802228,0,ortholog_one2one,CG31089
FBgn0040694,LOC4813023,1,ortholog_one2one,CG14974
FBgn0028467,LOC117184221,0,ortholog_one2many,Ube4A
FBgn0028467,LOC4816118,1,ortholog_one2many,Ube4A
FBgn0001230,LOC6897333,0,ortholog_one2many,Hsp68
FBgn0001230,LOC4801762,1,ortholog_one2many,Hsp68
FBgn0243511,LOC4803072,1,ortholog_one2one,psidin
FBgn0032972,LOC4817925,0,ortholog_one2one,CG10834
FBgn0261507,LOC26532482,1,ortholog_one2one,CG42655
FBgn0035953,LOC4814003,1,ortholog_one2one,CG5087
FBgn0038660,LOC4801831,1,ortholog_one2one,Sgsh
FBgn0029819,LOC4815996,1,ortholog_one2one,Usp30
FBgn0285947,LOC4815470,1,ortholog_one2many,RpS10b
FBgn0030026,LOC4814376,1,ortholog_one2one,sni
FBgn0030245,LOC6902042,1,ortholog_one2one,CG1637
FBgn0263780,LOC6903318,0,ortholog_one2one,CG17684
FBgn0028897,LOC4817756,1,ortholog_one2one,CG4935
FBgn0043854,LOC4816241,1,ortholog_one2one,slam
FBgn0030625,LOC6898464,0,ortholog_one2one,CG5877
FBgn0020251,LOC4814130,1,ortholog_one2one,sfl
FBgn0020257,LOC4803838,1,ortholog_one2one,Ppa
FBgn0029877,LOC4815994,1,ortholog_one2one,CG17717
FBgn0034753,LOC4805293,0,ortholog_one2one,CG2852
FBgn0037171,LOC26533890,1,ortholog_one2one,CG14459
FBgn0034876,LOC4804552,1,ortholog_one2one,wmd
FBgn0053236,LOC6899057,0,ortholog_one2many,Ste:CG33236
FBgn0038353,LOC4803313,1,ortholog_one2one,CG5399
FBgn0025807,LOC4813559,1,ortholog_one2one,Rad9
FBgn0037672,LOC4800354,1,ortholog_one2one,sage
FBgn0031854,LOC4818167,1,ortholog_one2one,TTLL3A
FBgn0259221,LOC6898763,0,ortholog_one2one,ATP8A
FBgn0037142,LOC4811944,1,ortholog_one2one,CG14562
FBgn0039449,LOC4801333,1,ortholog_one2one,CG6425
FBgn0040395,LOC4815158,0,ortholog_one2one,Unc-76
FBgn0010040,LOC4800811,1,ortholog_one2many,GstD4
FBgn0031529,LOC6903012,1,ortholog_one2one,CG9662
FBgn0003187,LOC4817678,1,ortholog_one2one,qua
FBgn0036282,LOC4813128,1,ortholog_one2one,Smyd4-2
FBgn0040466,LOC4802460,1,ortholog_one2one,Dlip2
FBgn0266720,LOC4801511,1,ortholog_one2one,Snap24
FBgn0260795,LOC4813902,0,ortholog_one2one,NaPi-III
FBgn0037679,LOC4800706,1,ortholog_one2one,Aduk
FBgn0038084,LOC4801425,1,ortholog_one2one,beat-Vc
FBgn0033400,LOC4804509,1,ortholog_one2one,CG2063
FBgn0053462,LOC6899119,0,ortholog_one2many,CG33462
FBgn0286199,LOC4801719,1,ortholog_one2one,shps
FBgn0263994,LOC6901921,1,ortholog_one2one,CG43737
FBgn0051784,LOC4816292,1,ortholog_one2one,CG31784
FBgn0030434,LOC4814233,1,ortholog_one2one,Brms1
FBgn0030793,LOC6901208,0,ortholog_one2one,Rai1
FBgn0001965,LOC6902723,1,ortholog_one2one,Sos
FBgn0033375,LOC4804577,1,ortholog_one2one,Ctu1
FBgn0035817,LOC4812617,1,ortholog_one2one,CG7409
FBgn0035944,LOC4813009,0,ortholog_one2one,CG5021
FBgn0010591,LOC4804098,1,ortholog_one2one,Sply
FBgn0265455,LOC117184391,1,ortholog_one2one,CG44355
FBgn0036801,LOC4813040,1,ortholog_one2one,MYPT-75D
FBgn0004957,LOC4814399,1,ortholog_one2one,por
FBgn0030657,LOC6903560,0,ortholog_one2many,cerv
FBgn0021742,LOC4814697,1,ortholog_one2one,C901
FBgn0265574,LOC4814136,0,ortholog_one2one,Cdc5
FBgn0262717,LOC4801012,1,ortholog_one2one,Skel
FBgn0023541,LOC4815949,1,ortholog_one2one,Cyp4d14
FBgn0032253,LOC6899312,0,ortholog_one2one,LManI
FBgn0085234,LOC6899109,1,ortholog_one2one,CG34205
FBgn0034330,LOC4804799,1,ortholog_one2many,BomS4
FBgn0039779,LOC4800373,1,ortholog_one2one,PH4alphaSG2
FBgn0033236,LOC4804993,0,ortholog_one2one,CG14764
FBgn0046222,LOC4802045,1,ortholog_one2one,Wdr33
FBgn0263594,LOC4802739,1,ortholog_one2one,lost
FBgn0000447,LOC4802026,1,ortholog_one2one,Dhod
FBgn0266582,LOC4812211,1,ortholog_one2one,ND-30
FBgn0040735,LOC6898655,1,ortholog_one2one,BomT2
FBgn0037250,LOC4802733,1,ortholog_one2one,CG1074
FBgn0039697,LOC4801964,1,ortholog_one2one,Etfb
FBgn0038007,LOC6897665,1,ortholog_many2many,Cyp313a3
FBgn0038007,LOC6897664,1,ortholog_many2many,Cyp313a3
FBgn0010425,LOC4805107,1,ortholog_one2one,epsilonTry
FBgn0029745,LOC6902056,1,ortholog_one2one,Rpn13R
FBgn0028875,LOC4816415,1,ortholog_one2one,nAChRalpha5
FBgn0267967,LOC6901409,0,ortholog_one2one,corolla
FBgn0051437,LOC4803047,1,ortholog_one2one,CG31437
FBgn0032643,LOC4817680,1,ortholog_one2one,GCS2beta
FBgn0036196,LOC4813178,1,ortholog_one2one,CG11658
FBgn0031466,LOC6902661,1,ortholog_one2one,CG3119
FBgn0031065,LOC4814862,1,ortholog_one2one,CG14234
FBgn0039405,LOC6897507,1,ortholog_one2one,PIG-P
FBgn0011693,LOC4811865,1,ortholog_one2one,Pdh
FBgn0013717,LOC4813627,1,ortholog_one2one,not
FBgn0039357,LOC4802669,1,ortholog_one2one,CG4743
FBgn0039335,LOC4803046,1,ortholog_one2one,Vps33B
FBgn0001092,LOC4811785,0,ortholog_one2many,Gapdh2
FBgn0031886,LOC6903294,1,ortholog_one2one,Nuf2
FBgn0286511,LOC4805577,1,ortholog_one2one,Pld
FBgn0001138,LOC4801588,1,ortholog_one2one,grn
FBgn0053905,LOC117183610,1,ortholog_one2many,His4:CG33905
FBgn0020909,LOC4815115,1,ortholog_one2one,Rtc1
FBgn0026438,LOC4817549,1,ortholog_one2one,Eaat2
FBgn0266724,LOC4812181,1,ortholog_many2many,Trs20
FBgn0003655,LOC4815687,0,ortholog_one2one,swa
FBgn0000392,LOC6902355,1,ortholog_one2one,cup
FBgn0052319,LOC4814050,1,ortholog_one2one,Naa30B
FBgn0003392,LOC6899661,1,ortholog_one2one,shi
FBgn0035065,LOC4804696,1,ortholog_one2one,CG3589
FBgn0037298,LOC4801972,0,ortholog_one2one,CG2604
FBgn0036811,LOC4813767,1,ortholog_one2one,MED11
FBgn0004619,LOC4812350,1,ortholog_one2one,GluRIA
FBgn0040211,LOC4816909,1,ortholog_one2one,hgo
FBgn0027296,LOC4815830,1,ortholog_one2one,temp
FBgn0034061,LOC4805471,1,ortholog_one2one,Ufc1
FBgn0052813,LOC6902086,1,ortholog_one2one,CG32813
FBgn0000173,LOC4814501,1,ortholog_one2one,ben
FBgn0029730,LOC6902218,0,ortholog_one2one,boil
FBgn0032981,LOC4816115,0,ortholog_one2one,CG3635
FBgn0261844,LOC26533266,1,ortholog_one2one,pre-mod(mdg4)-V
FBgn0026428,LOC4814791,1,ortholog_one2one,HDAC6
FBgn0050115,LOC4804449,1,ortholog_one2one,GEFmeso
FBgn0039705,LOC4801969,0,ortholog_one2one,Atg16
FBgn0033636,LOC4803909,1,ortholog_one2one,tou
FBgn0039229,LOC6896748,1,ortholog_one2one,Saf-B
FBgn0053645,LOC6903430,1,ortholog_many2many,CG33645
FBgn0053645,LOC6903431,1,ortholog_many2many,CG33645
FBgn0052133,LOC6900039,1,ortholog_one2one,Ptip
FBgn0035426,LOC6902884,0,ortholog_one2one,CG12078
FBgn0028872,LOC4816300,1,ortholog_one2one,CG18095
FBgn0265084,LOC26533064,1,ortholog_one2one,CG44195
FBgn0053281,LOC6903017,1,ortholog_one2one,CG33281
FBgn0004778,LOC4802270,1,ortholog_one2one,Ccp84Af
FBgn0010431,LOC26532357,1,ortholog_one2one,mtrm
FBgn0024183,LOC4817837,1,ortholog_one2one,vig
FBgn0010909,LOC6900995,0,ortholog_one2one,msn
FBgn0004507,LOC4816879,1,ortholog_one2one,Glyp
FBgn0038571,LOC4803173,1,ortholog_one2one,CG7215
FBgn0260659,LOC6897593,1,ortholog_one2one,CG42542
FBgn0030289,LOC6901002,0,ortholog_one2one,GCS1
FBgn0039306,LOC4802363,1,ortholog_one2one,RIOK2
FBgn0038017,LOC4802621,1,ortholog_one2one,CG4115
FBgn0036570,LOC4813543,1,ortholog_one2one,IntS9
FBgn0058160,LOC6897793,0,ortholog_one2one,CG40160
FBgn0261555,LOC4812742,1,ortholog_one2one,CG42673
FBgn0040273,LOC4803501,1,ortholog_one2one,Spt5
FBgn0025393,LOC6902080,1,ortholog_one2one,CG14795
FBgn0038909,LOC4800973,1,ortholog_one2one,CG6569
FBgn0000320,LOC4818017,1,ortholog_one2one,eya
FBgn0038072,LOC4800874,1,ortholog_one2one,CG6225
FBgn0036237,LOC4812843,1,ortholog_one2one,viaf
FBgn0034599,LOC4805541,1,ortholog_one2one,hng1
FBgn0015240,LOC4801369,1,ortholog_one2one,Hr96
FBgn0052199,LOC4813005,1,ortholog_one2one,CG32199
FBgn0053203,LOC6897312,0,ortholog_one2one,CG33203
FBgn0035122,LOC6899973,1,ortholog_one2one,mRpL17
FBgn0000406,LOC4817417,1,ortholog_one2one,Cyt-b5-r
FBgn0039776,LOC4800374,1,ortholog_one2one,PH4alphaEFB
FBgn0039481,LOC6897067,1,ortholog_one2one,Cpr97Eb
FBgn0261996,LOC6897081,1,ortholog_one2one,CG42814
FBgn0067861,LOC4814506,1,ortholog_one2many,Sdic1
FBgn0040398,LOC4815537,1,ortholog_one2one,CG14629
FBgn0030058,LOC4815010,1,ortholog_one2one,CG11294
FBgn0037842,LOC4802103,1,ortholog_one2one,CG6567
FBgn0053493,LOC6900114,1,ortholog_one2one,CG33493
FBgn0259212,LOC4802497,1,ortholog_one2one,cno
FBgn0026634,LOC4800696,1,ortholog_one2one,Cog2
FBgn0015584,LOC4805681,1,ortholog_one2one,Acp53Ea
FBgn0035871,LOC6897710,0,ortholog_one2many,BI-1
FBgn0035871,LOC6900941,1,ortholog_one2many,BI-1
FBgn0034788,LOC4805495,1,ortholog_one2one,CG13532
FBgn0035270,LOC4812618,1,ortholog_one2one,CG13933
FBgn0003751,LOC4811830,0,ortholog_one2one,trk
FBgn0041210,LOC4815727,0,ortholog_one2one,HDAC4
FBgn0030680,LOC4815020,0,ortholog_one2one,CG8944
FBgn0038772,LOC4803063,1,ortholog_one2one,mdlc
FBgn0050495,LOC4804897,1,ortholog_one2one,CG30495
FBgn0033229,LOC4805013,1,ortholog_one2one,CG12822
FBgn0037262,LOC6897559,1,ortholog_one2one,MED31
FBgn0027524,LOC4800779,1,ortholog_one2one,CG3909
FBgn0004242,LOC4816515,1,ortholog_one2one,Syt1
FBgn0030477,LOC4815977,1,ortholog_one2one,dmrt11E
FBgn0029648,LOC4815300,1,ortholog_one2one,CG3603
FBgn0017545,LOC4811794,1,ortholog_one2one,RpS3A
FBgn0038549,LOC6897971,0,ortholog_one2one,Nnk
FBgn0039199,LOC4802149,1,ortholog_one2one,CG13615
FBgn0035959,LOC4814039,1,ortholog_one2one,CG4911
FBgn0035308,LOC4812963,1,ortholog_one2one,CG15822
FBgn0038221,LOC4801578,1,ortholog_one2one,IFT54
FBgn0035057,LOC4804706,1,ortholog_one2one,CG3880
FBgn0012037,LOC6902709,1,ortholog_one2many,Ance
FBgn0012037,LOC6903759,0,ortholog_one2many,Ance
FBgn0012037,LOC6904117,1,ortholog_one2many,Ance
FBgn0036022,LOC4812692,1,ortholog_one2many,CG8329
FBgn0036022,LOC4812693,1,ortholog_one2many,CG8329
FBgn0029174,LOC4817114,1,ortholog_one2one,Fkbp59
FBgn0033916,LOC6898977,1,ortholog_one2one,Usp20-33
FBgn0034491,LOC4804498,1,ortholog_one2one,Hsl
FBgn0029778,LOC4815461,1,ortholog_one2one,RhoGAP5A
FBgn0034429,LOC6898067,0,ortholog_many2many,AANATL4
FBgn0034429,LOC6902422,0,ortholog_many2many,AANATL4
FBgn0051313,LOC6897326,1,ortholog_one2one,CG31313
FBgn0040290,LOC4814079,1,ortholog_one2one,RecQ4
FBgn0028497,LOC4804487,1,ortholog_one2one,Mtmr6
FBgn0085419,LOC4804368,1,ortholog_one2one,Rgk2
FBgn0034706,LOC4805697,1,ortholog_one2one,CG11275
FBgn0034776,LOC6898262,1,ortholog_one2one,CG13527
FBgn0031217,LOC4817808,1,ortholog_one2one,Creld
FBgn0034187,LOC4804096,1,ortholog_one2one,Mov10
FBgn0283478,LOC4817076,1,ortholog_one2one,und
FBgn0001208,LOC4812210,1,ortholog_one2one,Hn
FBgn0004370,LOC4815782,0,ortholog_one2one,Ptp10D
FBgn0031879,LOC4818003,1,ortholog_one2one,uif
FBgn0027375,LOC4812866,1,ortholog_one2one,RecQ5
FBgn0032847,LOC4816349,0,ortholog_one2one,Taf13
FBgn0036516,LOC4813261,1,ortholog_one2one,CG7656
FBgn0035928,LOC4812709,1,ortholog_one2one,CG13310
FBgn0283480,LOC4805224,1,ortholog_one2many,Alp2
FBgn0004924,LOC6901809,1,ortholog_one2one,Top1
FBgn0010078,LOC4805491,1,ortholog_one2one,RpL23
FBgn0038838,LOC4801544,0,ortholog_one2many,TotB
FBgn0038136,LOC117183220,1,ortholog_one2one,CG8774
FBgn0285963,LOC4800737,1,ortholog_one2one,CG46339
FBgn0035704,LOC4814098,1,ortholog_one2one,Vps8
FBgn0003410,LOC4812315,1,ortholog_one2one,sina
FBgn0261571,LOC6903497,1,ortholog_one2many,CG42685
FBgn0261571,LOC6903498,1,ortholog_one2many,CG42685
FBgn0261571,LOC6903499,1,ortholog_one2many,CG42685
FBgn0039420,LOC4802183,1,ortholog_one2one,CG6154
FBgn0037462,LOC4802278,1,ortholog_one2one,sunz
FBgn0001189,LOC4815430,1,ortholog_one2one,hfw
FBgn0039531,LOC4800658,1,ortholog_one2one,CG5611
FBgn0042092,LOC4816145,1,ortholog_one2one,Polr1F
FBgn0035878,LOC4813936,1,ortholog_one2one,CG7182
FBgn0032820,LOC4816166,1,ortholog_one2one,fbp
FBgn0036471,LOC4812960,1,ortholog_one2one,CG13460
FBgn0031571,LOC4816857,1,ortholog_one2one,bark
FBgn0041238,LOC4805262,1,ortholog_one2one,Gr58b
FBgn0033818,LOC4803338,1,ortholog_one2many,CG4712
FBgn0036962,LOC26532629,1,ortholog_one2one,CG17122
FBgn0026319,LOC6903170,1,ortholog_one2one,Traf4
FBgn0051806,LOC4817702,1,ortholog_one2one,CG31806
FBgn0036510,LOC4813171,1,ortholog_one2one,SCCRO
FBgn0037473,LOC4802918,1,ortholog_one2one,CG10068
FBgn0263656,LOC26532068,1,ortholog_one2one,CG43647
FBgn0023477,LOC6898117,1,ortholog_one2one,Taldo
FBgn0037015,LOC6900290,1,ortholog_one2one,cmpy
FBgn0031488,LOC6903068,1,ortholog_one2one,Ccdc85
FBgn0031857,LOC4818138,1,ortholog_one2one,LUBEL
FBgn0039858,LOC4801116,1,ortholog_one2one,CycG
FBgn0034965,LOC117183507,1,ortholog_one2one,ppk29
FBgn0027587,LOC4812562,1,ortholog_one2one,Prp4k
FBgn0004837,LOC6903464,1,ortholog_one2one,Su(H)
FBgn0266411,LOC4800293,0,ortholog_one2one,sima
FBgn0053505,LOC4805232,0,ortholog_one2one,U3-55K
FBgn0036978,LOC4813203,1,ortholog_one2one,Toll-9
FBgn0259989,LOC4817557,1,ortholog_one2many,CG42486
FBgn0260941,LOC4813857,1,ortholog_one2one,app
FBgn0020655,LOC4813647,1,ortholog_one2one,ArfGAP1
FBgn0030891,LOC4814600,1,ortholog_one2one,Ada3
FBgn0031550,LOC4817189,1,ortholog_one2one,IFT57
FBgn0010516,LOC4805402,1,ortholog_one2one,wal
FBgn0053265,LOC117184390,1,ortholog_one2one,Muc68E
FBgn0033457,LOC4803875,0,ortholog_one2one,Ntmt
FBgn0266064,LOC4802404,1,ortholog_one2one,Glys
FBgn0039678,LOC4800495,1,ortholog_one2one,Obp99a
FBgn0034110,LOC4803808,1,ortholog_one2one,Atg9
FBgn0030376,LOC6901991,0,ortholog_one2one,CG2750
FBgn0051998,LOC4811716,1,ortholog_one2one,CG31998
FBgn0031707,LOC4817972,1,ortholog_one2one,CG14020
FBgn0041231,LOC4812141,1,ortholog_one2one,Gr68a
FBgn0031040,LOC4815517,1,ortholog_one2one,CG14210
FBgn0259937,LOC6899078,1,ortholog_one2one,Nop60B
FBgn0034210,LOC4805399,1,ortholog_one2one,Camp
FBgn0031935,LOC6902826,1,ortholog_one2many,CG13793
FBgn0038685,LOC4803238,1,ortholog_one2one,CG14282
FBgn0085305,LOC6897565,1,ortholog_one2one,CG34276
FBgn0039125,LOC4801689,1,ortholog_one2one,Ndc1
FBgn0263257,LOC6901814,1,ortholog_one2one,Cngl
FBgn0038389,LOC4802335,1,ortholog_one2one,CG5516
FBgn0052017,LOC26533170,0,ortholog_one2one,CG32017
FBgn0260487,LOC4801178,1,ortholog_one2one,CG42534
FBgn0042711,LOC4802174,0,ortholog_one2one,Hex-t1
FBgn0035193,LOC4812201,1,ortholog_one2one,CG9192
FBgn0286204,LOC26533564,0,ortholog_one2one,ich
FBgn0003210,LOC4815503,1,ortholog_one2one,rb
FBgn0015623,LOC4816247,1,ortholog_one2one,Cpr
FBgn0040918,LOC4814776,1,ortholog_one2one,schlank
FBgn0010741,LOC4813062,0,ortholog_one2one,Pfdn2
FBgn0027070,LOC4817331,1,ortholog_one2one,Ugt36E1
FBgn0031018,LOC4801108,0,ortholog_one2many,narya
FBgn0036585,LOC4812018,1,ortholog_one2one,CG13071
FBgn0033688,LOC4803376,1,ortholog_one2one,Prp8
FBgn0051014,LOC4800379,1,ortholog_one2one,PH4alphaSG1
FBgn0031432,LOC117184268,1,ortholog_one2one,Cyp309a1
FBgn0050274,LOC4803855,1,ortholog_one2one,CG30274
FBgn0010043,LOC6896921,1,ortholog_one2many,GstD7
FBgn0267435,LOC4800346,1,ortholog_one2one,chp
FBgn0041100,LOC4812935,1,ortholog_one2one,park
FBgn0041248,LOC4816461,1,ortholog_one2one,Gr23a
FBgn0034915,LOC4803398,1,ortholog_one2one,eIF6
FBgn0038071,LOC4800875,1,ortholog_one2one,Dtg
FBgn0019936,LOC4801555,1,ortholog_one2one,RpS20
FBgn0016641,LOC4803952,0,ortholog_one2one,PTP-ER
FBgn0261085,LOC4815724,1,ortholog_one2one,Syt12
FBgn0086605,LOC4802741,1,ortholog_one2one,CG9853
FBgn0052112,LOC6900488,0,ortholog_one2one,CG32112
FBgn0002899,LOC4814117,1,ortholog_one2one,mus301
FBgn0250868,LOC6898332,1,ortholog_one2one,CG42239
FBgn0052483,LOC4811919,1,ortholog_one2one,CG32483
FBgn0039780,LOC4800380,1,ortholog_one2one,PH4alphaNE1
FBgn0033366,LOC4804566,1,ortholog_one2one,Ance-4
FBgn0034517,LOC4804644,1,ortholog_one2one,Cpr57A
FBgn0053835,LOC117185609,1,ortholog_one2many,His2A:CG33835
FBgn0022770,LOC4815176,1,ortholog_one2one,Peritrophin-A
FBgn0039590,LOC4800636,1,ortholog_one2one,CG10011
FBgn0061435,LOC6897930,0,ortholog_one2one,CG30270
FBgn0002707,LOC4814239,1,ortholog_one2one,mei-9
FBgn0085319,LOC6897320,1,ortholog_one2one,CG34290
FBgn0032089,LOC4815478,0,ortholog_one2many,Rcd-1r
FBgn0035767,LOC6900083,1,ortholog_one2one,Cln7
FBgn0085290,LOC6900872,1,ortholog_one2one,Targ3
FBgn0035539,LOC4812628,1,ortholog_one2one,slow
FBgn0038251,LOC4801361,1,ortholog_one2one,Hexim
FBgn0262485,LOC6902823,0,ortholog_one2many,CG43075
FBgn0029990,LOC4815671,1,ortholog_one2one,CG2233
FBgn0028942,LOC6903436,0,ortholog_one2many,CG16852
FBgn0028942,LOC6903428,1,ortholog_one2many,CG16852
FBgn0023479,LOC6900929,1,ortholog_one2one,teq
FBgn0037078,LOC4813923,1,ortholog_one2one,CG12971
FBgn0032484,LOC6901036,0,ortholog_one2one,kek4
FBgn0004102,LOC6901594,1,ortholog_one2one,oc
FBgn0030696,LOC6902673,0,ortholog_one2one,CG8509
FBgn0040234,LOC4815540,1,ortholog_one2one,c12.2
FBgn0034552,LOC4804408,1,ortholog_one2one,CG17999
FBgn0028690,LOC4802064,1,ortholog_one2one,Rpn5
FBgn0020279,LOC4804036,1,ortholog_one2one,lig
FBgn0036947,LOC4813398,1,ortholog_one2many,obst-F
FBgn0036947,LOC117184478,1,ortholog_one2many,obst-F
FBgn0038680,LOC117183318,1,ortholog_many2many,Cyp12a5
FBgn0038680,LOC6896996,1,ortholog_many2many,Cyp12a5
FBgn0038680,LOC6896995,1,ortholog_many2many,Cyp12a5
FBgn0038680,LOC6896994,1,ortholog_many2many,Cyp12a5
FBgn0039564,LOC4801101,1,ortholog_one2many,Nep7
FBgn0038206,LOC4801632,1,ortholog_one2one,twf
FBgn0286508,LOC6901728,1,ortholog_one2one,Had1
FBgn0014877,LOC4804396,1,ortholog_one2one,Roe1
FBgn0034087,LOC4803897,1,ortholog_one2one,clu
FBgn0266450,LOC4818153,1,ortholog_one2one,Kr-h1
FBgn0011760,LOC6901587,0,ortholog_one2one,ctp
FBgn0040022,LOC6897797,0,ortholog_one2one,Set1
FBgn0053519,LOC6898446,1,ortholog_one2one,Obsc
FBgn0031142,LOC4814621,1,ortholog_one2one,r-cup
FBgn0031735,LOC4817841,1,ortholog_one2one,CG11029
FBgn0050502,LOC6898392,1,ortholog_one2one,Fa2h
FBgn0037252,LOC4802731,1,ortholog_one2one,CG14650
FBgn0032639,LOC6902656,0,ortholog_many2many,CG18563
FBgn0032639,LOC6902665,0,ortholog_many2many,CG18563
FBgn0032639,LOC117184065,0,ortholog_many2many,CG18563
FBgn0032639,LOC6902659,0,ortholog_many2many,CG18563
FBgn0031318,LOC117184191,1,ortholog_many2many,CG4887
FBgn0031318,LOC4817616,1,ortholog_many2many,CG4887
FBgn0259736,LOC6897221,1,ortholog_one2one,CG42390
FBgn0039326,LOC6899656,1,ortholog_many2many,CG10562
FBgn0039326,LOC6897570,1,ortholog_many2many,CG10562
FBgn0260461,LOC6900266,1,ortholog_one2many,Rcd7
FBgn0260461,LOC6897142,0,ortholog_one2many,Rcd7
FBgn0038123,LOC6902314,0,ortholog_one2one,CG8508
FBgn0001120,LOC4812954,1,ortholog_one2one,gnu
FBgn0037520,LOC4802982,1,ortholog_one2one,CG18268
FBgn0033943,LOC4803964,1,ortholog_one2one,CG12869
FBgn0035733,LOC4813473,0,ortholog_one2one,CG8641
FBgn0031361,LOC4817510,1,ortholog_one2one,CG17652
FBgn0033100,LOC4803406,1,ortholog_one2one,CG3420
FBgn0085486,LOC6899102,1,ortholog_one2one,CG34457
FBgn0037819,LOC4801013,1,ortholog_one2one,Phyhd1
FBgn0026439,LOC4818144,1,ortholog_one2one,Eaat1
FBgn0030894,LOC4815087,1,ortholog_one2one,Mvb12
FBgn0028734,LOC4800769,1,ortholog_one2one,Fmr1
FBgn0053512,LOC4802822,1,ortholog_one2one,dpr4
FBgn0039565,LOC4801100,1,ortholog_one2one,CG4884
FBgn0030887,LOC4814733,1,ortholog_one2one,CG6867
FBgn0036155,LOC4813867,1,ortholog_one2one,CG6163
FBgn0036398,LOC4811937,1,ortholog_one2one,upSET
FBgn0085209,LOC6903327,1,ortholog_one2one,CG34180
FBgn0024177,LOC4812514,1,ortholog_one2one,zpg
FBgn0263738,LOC4802237,1,ortholog_one2one,Ada2a
FBgn0051460,LOC4802646,1,ortholog_one2one,CG31460
FBgn0000527,LOC4800853,1,ortholog_one2one,e
FBgn0038440,LOC4800806,1,ortholog_one2one,Gr89a
FBgn0036742,LOC4813654,1,ortholog_one2one,CG7497
FBgn0265598,LOC6901028,1,ortholog_one2one,Bx
FBgn0000044,LOC6898475,1,ortholog_one2one,Act57B
FBgn0262007,LOC6900641,1,ortholog_one2many,Srg2
FBgn0053813,LOC117183568,1,ortholog_many2many,His1:CG33813
FBgn0053813,LOC117185631,1,ortholog_many2many,His1:CG33813
FBgn0053813,LOC26534267,1,ortholog_many2many,His1:CG33813
FBgn0053813,LOC117183621,1,ortholog_many2many,His1:CG33813
FBgn0053813,LOC117185633,1,ortholog_many2many,His1:CG33813
FBgn0053813,LOC117185630,1,ortholog_many2many,His1:CG33813
FBgn0053813,LOC117185606,1,ortholog_many2many,His1:CG33813
FBgn0053813,LOC117185608,1,ortholog_many2many,His1:CG33813
FBgn0053813,LOC117185600,1,ortholog_many2many,His1:CG33813
FBgn0053813,LOC26532116,1,ortholog_many2many,His1:CG33813
FBgn0053813,LOC26533245,0,ortholog_many2many,His1:CG33813
FBgn0053813,LOC117185634,1,ortholog_many2many,His1:CG33813
FBgn0053813,LOC117185607,1,ortholog_many2many,His1:CG33813
FBgn0053813,LOC26532398,0,ortholog_many2many,His1:CG33813
FBgn0053813,LOC117183574,0,ortholog_many2many,His1:CG33813
FBgn0085242,LOC26533910,1,ortholog_one2one,CG34213
FBgn0034728,LOC4804459,1,ortholog_one2one,rad50
FBgn0261609,LOC4814759,1,ortholog_one2one,eIF2alpha
FBgn0033654,LOC4805410,1,ortholog_one2one,Sobp
FBgn0005624,LOC4804043,1,ortholog_one2one,Psc
FBgn0037412,LOC4801903,1,ortholog_one2one,Osi4
FBgn0034399,LOC4803626,1,ortholog_one2one,CG15083
FBgn0020906,LOC4816610,1,ortholog_one2one,Jon25Bi
FBgn0031661,LOC4816352,1,ortholog_one2one,Gmd
FBgn0051697,LOC26532093,1,ortholog_one2one,CG31697
FBgn0040828,LOC4812714,1,ortholog_one2one,CG13306
FBgn0036476,LOC4812786,1,ortholog_one2one,sstn
FBgn0031765,LOC4818150,1,ortholog_one2one,CG9109
FBgn0036260,LOC6900442,1,ortholog_one2one,Rh7
FBgn0262816,LOC6898247,1,ortholog_one2one,CG43187
FBgn0033603,LOC6898634,1,ortholog_one2one,Cpr47Ef
FBgn0260967,LOC6900205,1,ortholog_one2one,CG42590
FBgn0052459,LOC6900466,0,ortholog_one2one,CG32459
FBgn0038847,LOC4803304,1,ortholog_one2one,CG12278
FBgn0011770,LOC4816067,0,ortholog_one2one,Gip
FBgn0030883,LOC4815569,0,ortholog_one2one,CG7772
FBgn0000216,LOC4813012,1,ortholog_one2one,Brd
FBgn0037436,LOC4802303,0,ortholog_one2one,Hr83
FBgn0030479,LOC4815686,1,ortholog_one2one,Rbp1-like
FBgn0031042,LOC4815619,1,ortholog_one2one,CG14221
FBgn0032298,LOC4816649,1,ortholog_one2one,CG6724
FBgn0062440,LOC4804152,1,ortholog_one2one,EMRE
FBgn0015381,LOC4817982,1,ortholog_one2one,dsf
FBgn0035697,LOC4814155,1,ortholog_one2one,CG10163
FBgn0020312,LOC4805532,1,ortholog_one2one,Tmtc3
FBgn0260482,LOC4814864,1,ortholog_one2one,CG32599
FBgn0039734,LOC6896714,1,ortholog_one2one,Tace
FBgn0266722,LOC4800691,1,ortholog_one2one,Trs33
FBgn0260468,LOC4800303,1,ortholog_one2one,CG7950
FBgn0037665,LOC117183373,1,ortholog_one2many,St2
FBgn0037665,LOC4800360,1,ortholog_one2many,St2
FBgn0026777,LOC4811841,1,ortholog_one2one,Rad23
FBgn0021847,LOC4805575,1,ortholog_one2one,Ttc7
FBgn0286213,LOC4812782,1,ortholog_one2one,RpS12
FBgn0053287,LOC6900381,1,ortholog_many2many,CG33287
FBgn0053287,LOC6900382,1,ortholog_many2many,CG33287
FBgn0036704,LOC4813156,1,ortholog_one2one,CG6497
FBgn0036462,LOC4812790,1,ortholog_one2one,mRpL39
FBgn0014465,LOC4815200,1,ortholog_one2one,Cp7Fb
FBgn0011834,LOC4814555,0,ortholog_one2many,Ser6
FBgn0033055,LOC4804824,1,ortholog_one2one,Tbce
FBgn0053508,LOC6903589,1,ortholog_one2one,ppk13
FBgn0039370,LOC4802659,1,ortholog_one2many,CG4956
FBgn0032188,LOC6903510,0,ortholog_one2one,CG13137
FBgn0053632,LOC117183537,0,ortholog_many2many,CG33632
FBgn0053632,LOC6898801,0,ortholog_many2many,CG33632
FBgn0053632,LOC117183751,0,ortholog_many2many,CG33632
FBgn0053632,LOC6898794,0,ortholog_many2many,CG33632
FBgn0039044,LOC6896962,1,ortholog_one2one,p53
FBgn0035014,LOC4805593,1,ortholog_one2one,CG13581
FBgn0054015,LOC6902988,0,ortholog_one2one,CG34015
FBgn0051358,LOC6897658,0,ortholog_many2many,CG31358
FBgn0051358,LOC6897657,1,ortholog_many2many,CG31358
FBgn0032290,LOC4816694,1,ortholog_one2one,CG6443
FBgn0029172,LOC4813665,1,ortholog_one2one,Fad2
FBgn0261289,LOC4800626,1,ortholog_one2one,CheB98a
FBgn0032601,LOC4817073,1,ortholog_one2one,yellow-b
FBgn0036927,LOC117184693,1,ortholog_one2one,Gabat
FBgn0038968,LOC4801669,1,ortholog_one2one,CG12499
FBgn0037727,LOC4801101,0,ortholog_one2many,Nepl12
FBgn0000459,LOC4814779,1,ortholog_one2one,disco
FBgn0000140,LOC6896752,1,ortholog_one2one,asp
FBgn0260003,LOC4803264,1,ortholog_one2one,Dys
FBgn0028427,LOC4813879,1,ortholog_one2one,Ilk
FBgn0023520,LOC6901974,1,ortholog_one2one,CG3857
FBgn0034523,LOC6898491,1,ortholog_one2many,Nnf1a
FBgn0034162,LOC4804176,1,ortholog_one2one,CG6426
FBgn0030575,LOC4811764,1,ortholog_one2one,CG5321
FBgn0039863,LOC6897412,1,ortholog_one2one,Zmynd8
FBgn0266711,LOC6903881,1,ortholog_one2one,EloC
FBgn0038683,LOC4801009,1,ortholog_one2one,CG11779
FBgn0033096,LOC4803433,1,ortholog_one2one,Zip42C.1
FBgn0259740,LOC26533261,1,ortholog_one2one,CG42394
FBgn0050195,LOC4803825,1,ortholog_one2one,CG30195
FBgn0038034,LOC4800823,1,ortholog_one2many,Cyp9f3
FBgn0030400,LOC6902019,1,ortholog_one2one,Pits
FBgn0262352,LOC6902473,1,ortholog_one2one,CG43050
FBgn0028341,LOC6901054,1,ortholog_one2one,Ptpmeg2
FBgn0037470,LOC4803288,1,ortholog_one2one,Tailor
FBgn0033624,LOC4805110,1,ortholog_one2one,CG12384
FBgn0036975,LOC4813763,1,ortholog_one2one,CG5618
FBgn0261608,LOC4817286,0,ortholog_one2one,RpL37A
FBgn0000659,LOC4801871,0,ortholog_one2one,fkh
FBgn0051370,LOC6897572,0,ortholog_one2many,CG31370
FBgn0085253,LOC15382898,1,ortholog_one2many,CG34224
FBgn0085253,LOC15382884,0,ortholog_one2many,CG34224
FBgn0030596,LOC4815676,1,ortholog_one2one,CG12398
FBgn0037626,LOC4803014,1,ortholog_one2one,CG8236
FBgn0052196,LOC4813554,1,ortholog_one2one,CG32196
FBgn0022069,LOC4817862,1,ortholog_one2one,Nnp-1
FBgn0039673,LOC4800488,1,ortholog_one2one,CG7568
FBgn0031449,LOC4816302,1,ortholog_one2one,CG31689
FBgn0031011,LOC4814938,1,ortholog_one2one,CG8034
FBgn0045471,LOC4800970,0,ortholog_one2many,Gr92a
FBgn0003041,LOC4812378,1,ortholog_one2one,pbl
FBgn0263997,LOC6902210,1,ortholog_one2one,CG43740
FBgn0030715,LOC6902688,0,ortholog_one2one,Or13a
FBgn0033774,LOC4805185,1,ortholog_one2one,CG12374
FBgn0250833,LOC6900883,1,ortholog_one2one,CG34461
FBgn0037244,LOC4802740,1,ortholog_one2one,CG14647
FBgn0015032,LOC4800322,1,ortholog_one2one,Cyp4c3
FBgn0004842,LOC13036374,1,ortholog_one2one,RYa-R
FBgn0031995,LOC4816333,1,ortholog_one2one,CG8475
FBgn0031372,LOC6901457,0,ortholog_one2one,CG7295
FBgn0032189,LOC4817483,1,ortholog_one2one,Ripalpha
FBgn0028844,LOC4817878,1,ortholog_one2one,CG15283
FBgn0039577,LOC4801086,1,ortholog_one2one,CG12516
FBgn0039437,LOC6897145,1,ortholog_many2many,TwdlL
FBgn0039437,LOC6897144,1,ortholog_many2many,TwdlL
FBgn0033378,LOC4804581,1,ortholog_one2one,tsu
FBgn0085192,LOC6903069,1,ortholog_one2one,CG34163
FBgn0039844,LOC6896888,1,ortholog_one2one,CG1607
FBgn0034988,LOC4805629,1,ortholog_one2one,cN-IIIB
FBgn0033244,LOC4804023,1,ortholog_one2one,CG8726
FBgn0001257,LOC4812663,1,ortholog_one2one,ImpL2
FBgn0036156,LOC4813866,1,ortholog_one2one,CG11726
FBgn0040305,LOC4812409,1,ortholog_one2one,MTF-1
FBgn0085569,LOC117183543,0,ortholog_one2one,CG41242
FBgn0050048,LOC26532738,0,ortholog_one2one,CG30048
FBgn0013954,LOC4804611,0,ortholog_one2one,Fkbp12
FBgn0038395,LOC4802890,1,ortholog_one2one,Jhbp5
FBgn0032553,LOC4817824,1,ortholog_one2one,CG4480
FBgn0037021,LOC4811991,1,ortholog_one2one,Pcif1
FBgn0037550,LOC4801590,1,ortholog_one2one,CG9667
FBgn0025387,LOC6901802,1,ortholog_one2many,Alms1b
FBgn0260660,LOC6900437,0,ortholog_one2one,Mp
FBgn0036397,LOC4812312,1,ortholog_one2one,Nprl3
FBgn0032378,LOC4817551,1,ortholog_one2one,CycY
FBgn0034277,LOC6898901,1,ortholog_one2one,OstDelta
FBgn0014848,LOC4812968,1,ortholog_one2many,Eig71Eh
FBgn0052706,LOC4815815,0,ortholog_one2many,CG32706
FBgn0031866,LOC4816114,1,ortholog_one2one,Nlg2
FBgn0053817,LOC117185635,1,ortholog_one2many,His2A:CG33817
FBgn0288737,LOC4815815,0,ortholog_one2many,CG46512
FBgn0030109,LOC6901210,1,ortholog_one2one,CG12121
FBgn0032492,LOC4816521,1,ortholog_one2many,Prosalpha6T
FBgn0032492,LOC26533329,0,ortholog_one2many,Prosalpha6T
FBgn0036805,LOC4813704,1,ortholog_one2one,Chmp1
FBgn0029693,LOC4815107,1,ortholog_one2one,Cmtr1
FBgn0038981,LOC4800617,1,ortholog_one2one,CG5346
FBgn0030851,LOC4814741,1,ortholog_one2one,CG8326
FBgn0005612,LOC4804288,1,ortholog_one2one,Sox14
FBgn0267033,LOC4814868,1,ortholog_one2one,mamo
FBgn0032843,LOC4816273,1,ortholog_one2one,CG10730
FBgn0042175,LOC4816647,1,ortholog_one2many,CG18858
FBgn0035034,LOC4805442,1,ortholog_one2one,CG3565
FBgn0039408,LOC4802194,1,ortholog_one2one,CG14551
FBgn0032101,LOC4816258,1,ortholog_one2one,CG9586
FBgn0000567,LOC4813295,1,ortholog_one2one,Eip74EF
FBgn0030792,LOC4814502,0,ortholog_one2one,CG4789
FBgn0033179,LOC4804926,1,ortholog_one2one,p47
FBgn0266667,LOC6900887,1,ortholog_one2one,Exo70
FBgn0038469,LOC4802094,1,ortholog_one2one,CG4009
FBgn0053172,LOC26534064,0,ortholog_one2one,CG33172
FBgn0083946,LOC4811816,1,ortholog_one2one,lobo
FBgn0286778,LOC4803642,1,ortholog_one2one,CG46385
FBgn0035900,LOC4813556,1,ortholog_one2one,ZC3H3
FBgn0027093,LOC26532888,1,ortholog_one2many,ArgRS
FBgn0027093,LOC6899195,1,ortholog_one2many,ArgRS
FBgn0023511,LOC4814608,1,ortholog_one2one,Edem1
FBgn0053092,LOC4800978,1,ortholog_one2one,P5CDh2
FBgn0032234,LOC4817751,0,ortholog_one2one,gny
FBgn0053640,LOC6903433,1,ortholog_one2one,CG33640
FBgn0053192,LOC6897368,1,ortholog_one2one,MtnD
FBgn0013726,LOC4803580,1,ortholog_one2one,pnut
FBgn0051683,LOC4816647,1,ortholog_one2many,CG31683
FBgn0052461,LOC4813770,0,ortholog_one2one,CG32461
FBgn0283649,LOC4813211,1,ortholog_one2one,elgi
FBgn0032818,LOC4816147,1,ortholog_one2one,CG10628
FBgn0260467,LOC4801734,1,ortholog_one2one,CG7071
FBgn0085300,LOC6900708,1,ortholog_one2one,Cpr65Ay
FBgn0037013,LOC4812092,1,ortholog_one2one,CG13250
FBgn0264272,LOC4812575,0,ortholog_one2one,mwh
FBgn0010803,LOC4800353,1,ortholog_one2one,TrpRS
FBgn0261801,LOC6900960,1,ortholog_one2one,CG42747
FBgn0038088,LOC6897189,1,ortholog_one2one,CG10126
FBgn0032422,LOC4816863,1,ortholog_one2one,atilla
FBgn0261992,LOC4818145,0,ortholog_one2many,CG42810
FBgn0011244,LOC6902815,0,ortholog_one2one,Hsp60B
FBgn0026315,LOC4803130,1,ortholog_one2one,Ugt35A1
FBgn0037824,LOC4803234,1,ortholog_one2one,CG14684
FBgn0034479,LOC4804969,1,ortholog_one2one,CG8654
FBgn0035031,LOC4805445,1,ortholog_one2one,CG13587
FBgn0038583,LOC4803184,1,ortholog_one2one,CG7183
FBgn0037364,LOC4802048,1,ortholog_one2one,Rab23
FBgn0031600,LOC4817583,1,ortholog_one2one,CG3652
FBgn0032176,LOC4817397,1,ortholog_one2one,CG13127
FBgn0259791,LOC4813628,1,ortholog_one2one,bora
FBgn0262169,LOC4804086,1,ortholog_one2one,magu
FBgn0032451,LOC4816369,1,ortholog_one2one,spict
FBgn0030587,LOC4815755,1,ortholog_one2one,CG9522
FBgn0263832,LOC4813638,1,ortholog_one2many,Rcd5
FBgn0263832,LOC6901481,0,ortholog_one2many,Rcd5
FBgn0263832,LOC6902945,0,ortholog_one2many,Rcd5
FBgn0263832,LOC6897631,0,ortholog_one2many,Rcd5
FBgn0034027,LOC4804868,1,ortholog_one2one,CG8187
FBgn0030798,LOC6901013,1,ortholog_one2one,CG13003
FBgn0031161,LOC4814425,1,ortholog_one2one,CG15445
FBgn0039118,LOC4801569,1,ortholog_one2one,CG10208
FBgn0035735,LOC4813436,1,ortholog_one2one,Cpr65Ea
FBgn0266418,LOC4801530,1,ortholog_one2one,wake
FBgn0037678,LOC4800707,0,ortholog_one2many,CG16749
FBgn0041625,LOC6898197,0,ortholog_many2many,Or65a
FBgn0041625,LOC6898199,0,ortholog_many2many,Or65a
FBgn0041625,LOC6898198,0,ortholog_many2many,Or65a
FBgn0041625,LOC6898196,0,ortholog_many2many,Or65a
FBgn0041625,LOC4814064,1,ortholog_many2many,Or65a
FBgn0037442,LOC4802294,1,ortholog_one2one,gzl
FBgn0002021,LOC4817864,1,ortholog_one2one,l(2)37Bb
FBgn0035951,LOC4814002,1,ortholog_one2one,CG5068
FBgn0027503,LOC4803042,1,ortholog_one2one,CG11970
FBgn0034199,LOC6898911,1,ortholog_one2one,Gbp1
FBgn0261436,LOC4802771,1,ortholog_one2one,DhpD
FBgn0033257,LOC4804348,1,ortholog_one2one,sand
FBgn0037312,LOC4802484,1,ortholog_one2one,CG11999
FBgn0038840,LOC6897248,0,ortholog_one2one,Grik
FBgn0051561,LOC4801889,1,ortholog_one2one,Osi16
FBgn0260499,LOC6898283,1,ortholog_one2one,qvr
FBgn0016075,LOC4816738,1,ortholog_one2one,vkg
FBgn0027609,LOC4817576,1,ortholog_one2one,morgue
FBgn0266410,LOC4800605,1,ortholog_one2one,drn
FBgn0029687,LOC4814738,1,ortholog_one2many,Vap33
FBgn0029687,LOC6902465,0,ortholog_one2many,Vap33
FBgn0030671,LOC4815659,1,ortholog_one2one,Hap40
FBgn0034514,LOC4804639,1,ortholog_one2one,CG13427
FBgn0262560,LOC4803798,1,ortholog_one2one,wcd
FBgn0037014,LOC4811855,1,ortholog_one2one,CG13251
FBgn0051924,LOC6903191,1,ortholog_one2many,CG31924
FBgn0051924,LOC4817631,0,ortholog_one2many,CG31924
FBgn0036031,LOC4812681,1,ortholog_one2one,CG6761
FBgn0000719,LOC4816044,1,ortholog_one2one,fog
FBgn0034473,LOC15382895,1,ortholog_one2many,Or56a
FBgn0034473,LOC4804964,1,ortholog_one2many,Or56a
FBgn0039232,LOC6896858,0,ortholog_one2one,sosie
FBgn0025571,LOC4800652,1,ortholog_one2one,SF1
FBgn0037172,LOC4811918,1,ortholog_one2one,ND-B14.5AL
FBgn0261953,LOC4812507,1,ortholog_one2one,TfAP-2
FBgn0038014,LOC4802619,1,ortholog_one2one,CG10041
FBgn0037137,LOC6900565,1,ortholog_one2one,Nopp140
FBgn0038407,LOC4802872,1,ortholog_one2one,CG6126
FBgn0250911,LOC6900992,1,ortholog_one2one,CG42245
FBgn0031288,LOC4817430,1,ortholog_one2one,CG13949
FBgn0039738,LOC6896715,1,ortholog_one2one,Mgat2
FBgn0036835,LOC4812244,1,ortholog_one2one,CG14075
FBgn0038826,LOC6896955,1,ortholog_one2one,Syp
FBgn0039348,LOC4802422,1,ortholog_one2one,Npl4
FBgn0034022,LOC4804861,1,ortholog_one2one,CG12964
FBgn0032339,LOC4817259,1,ortholog_one2one,Wdr59
FBgn0030136,LOC4815590,1,ortholog_one2many,RpS28b
FBgn0051087,LOC4802344,1,ortholog_one2one,CG31087
FBgn0036715,LOC4813738,1,ortholog_one2one,Cad74A
FBgn0026602,LOC4803482,1,ortholog_one2one,Adk3
FBgn0030306,LOC4814772,1,ortholog_one2one,Spase25
FBgn0051146,LOC4802968,1,ortholog_one2one,Nlg1
FBgn0085252,LOC6898627,1,ortholog_one2one,CG34223
FBgn0260632,LOC4817309,1,ortholog_one2one,dl
FBgn0033836,LOC6898764,0,ortholog_one2many,CG18278
FBgn0027280,LOC4816053,1,ortholog_one2one,orion
FBgn0034288,LOC6898366,1,ortholog_one2one,CG5084
FBgn0035548,LOC6900045,1,ortholog_one2one,CG15023
FBgn0030610,LOC6901927,1,ortholog_one2many,Cox17
FBgn0030610,LOC6904037,0,ortholog_one2many,Cox17
FBgn0033235,LOC6903474,0,ortholog_one2many,CG8728
FBgn0033235,LOC4805000,1,ortholog_one2many,CG8728
FBgn0033235,LOC6903472,0,ortholog_one2many,CG8728
FBgn0036395,LOC117185097,1,ortholog_one2many,CG17361
FBgn0036395,LOC6897642,0,ortholog_one2many,CG17361
FBgn0085382,LOC13036398,1,ortholog_one2one,CG34353
FBgn0030933,LOC4811656,0,ortholog_one2one,CG6470
FBgn0037749,LOC4801507,1,ortholog_one2one,CG9471
FBgn0034331,LOC4804798,1,ortholog_one2one,BomBc2
FBgn0034135,LOC4803783,1,ortholog_one2one,Syn2
FBgn0043903,LOC4814949,1,ortholog_one2one,dome
FBgn0013308,LOC4804030,1,ortholog_one2many,Odc2
FBgn0034585,LOC4805527,1,ortholog_one2one,Rbpn-5
FBgn0039439,LOC6897146,1,ortholog_one2many,TwdlK
FBgn0267337,LOC6897855,1,ortholog_one2one,rn
FBgn0267487,LOC4812118,0,ortholog_one2one,Ptp61F
FBgn0033130,LOC6898098,1,ortholog_one2one,Tsp42Ei
FBgn0030541,LOC6901505,1,ortholog_one2one,CG11584
FBgn0085208,LOC6903330,1,ortholog_one2one,CG34179
FBgn0033544,LOC4805323,1,ortholog_one2one,CG7220
FBgn0026630,LOC4811983,1,ortholog_one2many,nes
FBgn0026630,LOC6903581,0,ortholog_one2many,nes
FBgn0030605,LOC4816088,1,ortholog_one2one,ND-B18
FBgn0013673,GeneID_44805021,1,ortholog_one2one,mt:ATPase8
FBgn0037413,LOC4801902,1,ortholog_one2one,Osi5
FBgn0288740,LOC4815815,0,ortholog_one2many,CG46515
FBgn0019949,LOC4804219,1,ortholog_one2one,Cdk9
FBgn0000036,LOC6897479,1,ortholog_one2one,nAChRalpha1
FBgn0039870,LOC4801979,1,ortholog_one2one,CG1896
FBgn0051345,LOC4801423,1,ortholog_one2one,CG31345
FBgn0032646,LOC4817676,1,ortholog_one2one,mEFTs
FBgn0026718,LOC4817937,1,ortholog_one2one,Agpat2
FBgn0038092,LOC4801420,1,ortholog_one2one,beat-Vb
FBgn0005558,LOC4811806,1,ortholog_one2one,ey
FBgn0033113,LOC4803439,1,ortholog_one2one,Spn42Dc
FBgn0031414,LOC4816855,1,ortholog_one2one,eys
FBgn0085405,LOC4801668,1,ortholog_one2one,CG34376
FBgn0032507,LOC4817952,1,ortholog_one2one,CG9377
FBgn0051957,LOC4817283,1,ortholog_one2one,CG31957
FBgn0035555,LOC4812203,1,ortholog_one2one,CG13720
FBgn0035978,LOC4814017,1,ortholog_one2one,UGP
FBgn0040271,LOC4802567,0,ortholog_one2one,Sulf1
FBgn0259174,LOC4813977,1,ortholog_one2one,Nedd4
FBgn0267912,LOC4814957,0,ortholog_one2one,CanA-14F
FBgn0035218,LOC6897767,0,ortholog_one2many,CG9173
FBgn0035218,LOC6896925,0,ortholog_one2many,CG9173
FBgn0035218,LOC6897489,0,ortholog_one2many,CG9173
FBgn0031512,LOC4816554,1,ortholog_one2one,CG15404
FBgn0032845,LOC4816704,1,ortholog_one2one,CG10747
FBgn0031538,LOC4817343,1,ortholog_one2one,CG3246
FBgn0036208,LOC4812179,1,ortholog_one2one,Gcat
FBgn0015949,LOC4804952,1,ortholog_one2one,hrg
FBgn0261787,LOC4816931,1,ortholog_one2one,brun
FBgn0085222,LOC6898301,1,ortholog_one2one,CG34193
FBgn0032647,LOC117184072,1,ortholog_many2many,CG15143
FBgn0032647,LOC6903237,1,ortholog_many2many,CG15143
FBgn0032647,LOC6903236,1,ortholog_many2many,CG15143
FBgn0032647,LOC117183167,1,ortholog_many2many,CG15143
FBgn0035998,LOC4812220,1,ortholog_one2one,CG3437
FBgn0019624,LOC4802801,1,ortholog_one2one,COX5A
FBgn0262866,LOC4815414,1,ortholog_one2one,S6kII
FBgn0017572,LOC4812678,1,ortholog_one2one,Mo25
FBgn0029861,LOC4814346,1,ortholog_one2one,CG3815
FBgn0039117,LOC4801565,1,ortholog_one2one,tst
FBgn0036547,LOC4813759,1,ortholog_one2one,CG17032
FBgn0003748,LOC6898992,1,ortholog_one2one,Treh
FBgn0029672,LOC4814438,1,ortholog_one2one,CG2875
FBgn0032236,LOC26533670,0,ortholog_one2one,mRpS7
FBgn0037912,LOC6897818,1,ortholog_one2one,sea
FBgn0037045,LOC4812845,1,ortholog_one2one,CG10584
FBgn0044817,LOC6899057,0,ortholog_one2many,Ste12DOR
FBgn0039462,LOC4800736,1,ortholog_one2one,CG14252
FBgn0026582,LOC4805537,1,ortholog_many2many,Hmg-2
FBgn0053654,LOC6896672,0,ortholog_one2one,CG33654
FBgn0261703,LOC4815459,1,ortholog_one2one,gce
FBgn0034883,LOC6898517,0,ortholog_one2one,Eglp2
FBgn0037535,LOC4801293,1,ortholog_one2one,PIG-H
FBgn0027616,LOC6900181,1,ortholog_one2one,Ythdc1
FBgn0038977,LOC4801659,1,ortholog_one2one,CG5376
FBgn0032839,LOC6898067,0,ortholog_many2many,AANATL3
FBgn0032839,LOC6902422,0,ortholog_many2many,AANATL3
FBgn0039299,LOC4803215,1,ortholog_one2one,CG11854
FBgn0039453,LOC4800751,1,ortholog_one2one,CG6403
FBgn0037563,LOC4801800,1,ortholog_one2one,CG11672
FBgn0030360,LOC4815101,1,ortholog_one2one,CG1806
FBgn0037106,LOC117185168,1,ortholog_one2one,CG11307
FBgn0033392,LOC4804592,0,ortholog_one2one,Gnptab
FBgn0260451,LOC6902518,1,ortholog_one2one,CG14042
FBgn0040931,LOC4815094,1,ortholog_one2one,NdufA3
FBgn0038412,LOC4802568,1,ortholog_one2one,Zip89B
FBgn0024360,LOC4815894,1,ortholog_one2one,MTPAP
FBgn0051814,LOC4817940,1,ortholog_one2one,DIP-kappa
FBgn0263849,LOC6898481,0,ortholog_one2one,CG43710
FBgn0030266,LOC6902136,1,ortholog_one2one,CG11122
FBgn0038199,LOC6897286,1,ortholog_one2one,CCHa1
FBgn0033639,LOC4803912,1,ortholog_one2one,CG9003
FBgn0042641,LOC4813855,1,ortholog_one2one,frc
FBgn0033713,LOC4803666,1,ortholog_one2one,CG8841
FBgn0034264,LOC6898589,1,ortholog_one2one,Dlish
FBgn0031717,LOC4817879,1,ortholog_one2one,Oscillin
FBgn0034933,LOC117183718,1,ortholog_one2one,CG3735
FBgn0034861,LOC4804483,1,ortholog_one2one,CG9815
FBgn0010379,LOC4802882,1,ortholog_one2one,Akt
FBgn0259738,LOC26533344,1,ortholog_one2one,CG42392
FBgn0053461,LOC6899119,0,ortholog_one2many,CG33461
FBgn0039252,LOC4801380,1,ortholog_one2one,CG11771
FBgn0032733,LOC4817385,1,ortholog_one2one,CG15170
FBgn0025684,LOC4817574,1,ortholog_one2one,MFS18
FBgn0286788,LOC4804914,1,ortholog_one2one,Orc1
FBgn0045478,LOC4813578,1,ortholog_one2one,Gr64b
FBgn0035632,LOC4813423,1,ortholog_one2one,Ppat-Dpck
FBgn0030757,LOC6900699,0,ortholog_one2many,CG9902
FBgn0024288,LOC4800335,1,ortholog_one2one,Sox100B
FBgn0086362,LOC4800714,1,ortholog_one2one,spn-F
FBgn0063649,LOC6897836,1,ortholog_one2one,CG6006
FBgn0261561,LOC6897230,1,ortholog_one2one,CG42675
FBgn0023526,LOC4815582,1,ortholog_one2one,CG2865
FBgn0010198,LOC4816083,1,ortholog_one2many,RpS15Aa
FBgn0034729,LOC4804460,1,ortholog_one2one,CG10344
FBgn0034530,LOC4804430,1,ortholog_one2one,Rcd6
FBgn0030246,LOC4814841,0,ortholog_one2one,CG1582
FBgn0038577,LOC4803178,1,ortholog_one2one,CG12321
FBgn0030759,LOC4815175,0,ortholog_one2one,CG13014
FBgn0027578,LOC5495521,0,ortholog_one2many,Nepl21
FBgn0031757,LOC4817947,0,ortholog_one2one,Ucp4C
FBgn0019957,LOC4801961,1,ortholog_one2one,ND-42
FBgn0266284,LOC4815698,1,ortholog_one2one,Ns3
FBgn0050468,LOC6898681,1,ortholog_one2many,Ir52c
FBgn0031698,LOC6903064,1,ortholog_one2one,Ncoa6
FBgn0030828,LOC4814550,1,ortholog_one2one,CG5162
FBgn0033158,LOC4803488,1,ortholog_one2one,CG12164
FBgn0038095,LOC6897185,1,ortholog_one2one,Cyp304a1
FBgn0043043,LOC4800838,1,ortholog_one2one,Desat2
FBgn0051105,LOC4800368,1,ortholog_one2one,ppk22
FBgn0051715,LOC6899794,0,ortholog_one2one,CG31715
FBgn0029835,LOC6901459,1,ortholog_one2one,CG5921
FBgn0033029,LOC4816338,0,ortholog_one2one,Not3
FBgn0033906,LOC4805343,1,ortholog_many2many,ReepB
FBgn0029665,LOC4815811,1,ortholog_one2one,CG14270
FBgn0030354,LOC6901416,1,ortholog_one2one,Upf1
FBgn0019982,LOC4817570,1,ortholog_one2one,Gs1l
FBgn0039002,LOC4801494,0,ortholog_one2one,CG17625
FBgn0036246,LOC6900595,1,ortholog_one2one,CG17154
FBgn0032341,LOC4817011,1,ortholog_one2one,Reps
FBgn0005677,LOC4817495,1,ortholog_one2one,dac
FBgn0033912,LOC4805350,1,ortholog_one2one,RpS23
FBgn0026441,LOC4803108,1,ortholog_one2one,ear
FBgn0028700,LOC4817235,1,ortholog_one2one,RfC38
FBgn0001222,LOC4804149,1,ortholog_one2one,Hsf
FBgn0036490,LOC6900246,0,ortholog_one2one,Prx1
FBgn0032763,LOC6897403,0,ortholog_one2one,CG17568
FBgn0038053,LOC6896926,1,ortholog_one2one,CG18549
FBgn0036363,LOC6900212,1,ortholog_one2one,CG10140
FBgn0035788,LOC4813790,1,ortholog_one2one,CG8541
FBgn0020249,LOC4801700,1,ortholog_one2one,stck
FBgn0031851,LOC6903530,1,ortholog_one2one,Aatf
FBgn0028523,LOC4817491,1,ortholog_one2one,CG5888
FBgn0000547,LOC4817240,1,ortholog_one2one,ed
FBgn0034281,LOC4805384,1,ortholog_one2one,CG14490
FBgn0031490,LOC4816806,1,ortholog_one2one,CG17264
FBgn0029828,LOC6901463,1,ortholog_one2one,CG6067
FBgn0000662,LOC4805158,1,ortholog_one2one,fl(2)d
FBgn0004181,LOC4804619,1,ortholog_one2one,Ebp
FBgn0040078,LOC4801035,1,ortholog_one2one,pont
FBgn0040268,LOC4816283,1,ortholog_one2one,Top3alpha
FBgn0029971,LOC117183168,1,ortholog_one2one,ND-MNLL
FBgn0015000,LOC4817123,1,ortholog_one2one,betaggt-I
FBgn0038320,LOC4801524,1,ortholog_one2one,Cyfip
FBgn0033723,LOC4804271,1,ortholog_one2one,CG13155
FBgn0020300,LOC4813448,1,ortholog_one2one,geko
FBgn0042177,LOC6896971,0,ortholog_many2many,Arts
FBgn0042177,LOC6900034,1,ortholog_many2many,Arts
FBgn0042177,LOC117183993,0,ortholog_many2many,Arts
FBgn0037131,LOC4812812,1,ortholog_one2one,CG14564
FBgn0262872,LOC6903520,1,ortholog_one2one,milt
FBgn0029968,LOC4815238,1,ortholog_one2one,Ir7g
FBgn0038750,LOC4803080,1,ortholog_one2one,CG4465
FBgn0032029,LOC4816788,1,ortholog_one2one,CG17292
FBgn0053875,LOC4801366,0,ortholog_one2one,His4:CG33875
FBgn0040349,LOC4815512,1,ortholog_one2one,CG3699
FBgn0053489,LOC6900749,1,ortholog_many2many,CG33489
FBgn0053489,LOC6900790,0,ortholog_many2many,CG33489
FBgn0037981,LOC4802591,1,ortholog_one2one,Spt3
FBgn0035524,LOC4812675,0,ortholog_one2one,CG11583
FBgn0035443,LOC4811910,1,ortholog_one2one,CG12010
FBgn0037433,LOC4801881,1,ortholog_one2one,CG17919
FBgn0033547,LOC4805319,1,ortholog_one2one,CG12935
FBgn0053506,LOC6898169,1,ortholog_one2one,CG33506
FBgn0039500,LOC4801248,1,ortholog_one2one,CG5984
FBgn0038797,LOC4801865,1,ortholog_one2one,Dic2
FBgn0067311,LOC6898089,0,ortholog_one2many,CheB38b
FBgn0028684,LOC4801560,1,ortholog_one2one,Rpt5
FBgn0033315,LOC6902748,0,ortholog_one2one,beta3GalTII
FBgn0030386,LOC4815530,1,ortholog_one2one,CG2574
FBgn0040752,LOC4803646,1,ortholog_one2one,Prosap
FBgn0051648,LOC4818106,1,ortholog_one2one,Cox11
FBgn0019644,LOC4813471,1,ortholog_one2one,ATPsynB
FBgn0260026,LOC13036337,1,ortholog_one2one,CG42494
FBgn0263667,LOC4803519,1,ortholog_one2one,Lpt
FBgn0032314,LOC4811732,1,ortholog_one2one,CG7309
FBgn0013750,LOC4804777,0,ortholog_one2one,Arf6
FBgn0038505,LOC4801204,1,ortholog_one2one,CG17283
FBgn0039169,LOC4801794,1,ortholog_one2one,Spps
FBgn0261016,LOC6898788,1,ortholog_one2one,clos
FBgn0002940,LOC4802902,1,ortholog_one2one,ninaE
FBgn0032395,LOC4817776,1,ortholog_one2one,Wdr81
FBgn0031875,LOC4816195,1,ortholog_one2one,CG3430
FBgn0013678,GeneID_44805039,1,ortholog_one2many,mt:Cyt-b
FBgn0013678,LOC26533379,0,ortholog_one2many,mt:Cyt-b
FBgn0001248,LOC4813939,1,ortholog_one2one,Idh
FBgn0038846,LOC4801535,0,ortholog_one2one,CG5697
FBgn0039441,LOC4801319,1,ortholog_one2one,TwdlN
FBgn0010265,LOC4816856,1,ortholog_one2one,RpS13
FBgn0039303,LOC4802367,1,ortholog_one2one,CG11857
FBgn0037634,LOC4803023,1,ortholog_one2one,hng2
FBgn0051635,LOC4816129,1,ortholog_one2one,CG31635
FBgn0011660,LOC4804850,1,ortholog_one2one,Pms2
FBgn0039676,LOC4800494,1,ortholog_one2many,ppk20
FBgn0039676,LOC117184736,1,ortholog_one2many,ppk20
FBgn0028962,LOC4814121,1,ortholog_one2one,AlaRS-m
FBgn0044049,LOC4813890,1,ortholog_one2one,Ilp4
FBgn0031909,LOC4817887,1,ortholog_one2one,CG5181
FBgn0085446,LOC6902031,1,ortholog_one2one,CG34417
FBgn0066365,LOC4812971,1,ortholog_one2one,dyl
FBgn0051779,LOC6902965,1,ortholog_one2many,Acp24A4
FBgn0033740,LOC4805093,1,ortholog_one2one,dgt5
FBgn0000709,LOC6901250,1,ortholog_one2one,fliI
FBgn0037569,LOC4801807,1,ortholog_one2one,tex
FBgn0031309,LOC4817604,1,ortholog_one2one,Tfb4
FBgn0039726,LOC4800271,1,ortholog_one2one,eIF2Balpha
FBgn0020415,LOC4817493,1,ortholog_one2one,Idgf2
FBgn0039966,LOC6902274,0,ortholog_one2one,Rab21
FBgn0036846,LOC4812423,1,ortholog_one2one,MESR6
FBgn0041622,LOC6900526,1,ortholog_one2one,Or69a
FBgn0023506,LOC4815342,1,ortholog_one2one,Es2
FBgn0033953,LOC4803974,1,ortholog_one2one,CG12861
FBgn0259146,LOC6897512,1,ortholog_one2one,fid
FBgn0031021,LOC4815712,1,ortholog_one2many,ND-18
FBgn0031021,LOC6896700,0,ortholog_one2many,ND-18
FBgn0032968,LOC6903735,1,ortholog_one2one,CG11634
FBgn0064237,LOC6898656,1,ortholog_one2one,Idgf5
FBgn0013997,LOC4813184,1,ortholog_one2one,Nrx-IV
FBgn0052174,LOC4813856,1,ortholog_one2one,Coq4
FBgn0035331,LOC4812789,1,ortholog_one2one,MsR1
FBgn0040699,LOC6900046,1,ortholog_one2one,CG15024
FBgn0037753,LOC4801503,1,ortholog_one2one,CG12947
FBgn0051010,LOC4800306,1,ortholog_one2one,CG31010
FBgn0050286,LOC4805729,0,ortholog_one2many,CG30286
FBgn0003942,LOC6903648,0,ortholog_one2one,RpS27A
FBgn0037989,LOC4802597,1,ortholog_one2one,ATP8B
FBgn0031149,LOC6901076,1,ortholog_one2one,Stt3A
FBgn0039703,LOC4800419,0,ortholog_one2one,CG7829
FBgn0036264,LOC4813794,1,ortholog_one2one,CG11529
FBgn0038475,LOC4802102,1,ortholog_one2one,Keap1
FBgn0035620,LOC4813294,1,ortholog_one2one,Alp9
FBgn0037294,LOC4802500,0,ortholog_one2one,CG12590
FBgn0053113,LOC6902515,1,ortholog_one2one,Rtnl1
FBgn0284436,LOC4805046,1,ortholog_one2one,CCT8
FBgn0050383,LOC6900124,0,ortholog_one2one,CG30383
FBgn0031460,LOC4816774,1,ortholog_one2many,CG15399
FBgn0031460,LOC6900862,0,ortholog_one2many,CG15399
FBgn0031460,LOC6901592,0,ortholog_one2many,CG15399
FBgn0032810,LOC4816216,1,ortholog_one2one,CG13077
FBgn0052058,LOC4812892,1,ortholog_one2one,Ir67c
FBgn0013674,LOC117183516,0,ortholog_one2many,mt:CoI
FBgn0013674,GeneID_44805051,0,ortholog_one2many,mt:CoI
FBgn0013674,LOC26533497,0,ortholog_one2many,mt:CoI
FBgn0004387,LOC4801189,1,ortholog_one2one,Klp98A
FBgn0004587,LOC4802008,1,ortholog_one2one,B52
FBgn0262870,LOC4812589,1,ortholog_one2one,axo
FBgn0000808,LOC4814518,1,ortholog_one2one,gd
FBgn0033316,LOC4805053,1,ortholog_one2one,Gle1
FBgn0052413,LOC4812199,1,ortholog_one2one,CG32413
FBgn0002531,LOC4803600,1,ortholog_many2many,Lcp1
FBgn0002531,LOC6898146,1,ortholog_many2many,Lcp1
FBgn0032072,LOC4816192,1,ortholog_one2one,CG9483
FBgn0034808,LOC4805551,0,ortholog_one2one,CG9896
FBgn0028862,LOC4818060,1,ortholog_one2one,dao
FBgn0039003,LOC6897246,1,ortholog_one2one,wfs1
FBgn0024998,LOC4814687,1,ortholog_one2one,CG2685
FBgn0039483,LOC4801139,1,ortholog_one2one,CG14259
FBgn0035831,LOC4812451,1,ortholog_one2one,Pop4
FBgn0266916,LOC4802033,1,ortholog_one2one,Cenp-C
FBgn0036862,LOC4812070,1,ortholog_one2one,Gbs-76A
FBgn0040056,LOC6897800,0,ortholog_one2one,CG17698
FBgn0263004,LOC6899898,1,ortholog_one2one,CG43312
FBgn0052564,LOC6901222,1,ortholog_one2one,CG32564
FBgn0031528,LOC4817427,1,ortholog_one2one,CG15412
FBgn0260953,LOC4817956,1,ortholog_one2many,CG42585
FBgn0037115,LOC4813454,1,ortholog_one2one,CG11249
FBgn0039634,LOC4801253,0,ortholog_one2one,alpha-Man-Ib
FBgn0085315,LOC6897993,1,ortholog_one2one,CG34286
FBgn0050081,LOC4804010,1,ortholog_one2one,Ir51b
FBgn0030582,LOC4815431,0,ortholog_one2one,CG14411
FBgn0033996,LOC4804012,1,ortholog_one2one,CG11807
FBgn0039778,LOC6896707,0,ortholog_many2many,Jon99Fi
FBgn0039778,LOC4800234,0,ortholog_many2many,Jon99Fi
FBgn0039778,LOC6896708,0,ortholog_many2many,Jon99Fi
FBgn0017561,LOC4814568,0,ortholog_one2one,Ork1
FBgn0035008,LOC4805601,1,ortholog_one2one,CG3494
FBgn0085360,LOC6901574,0,ortholog_one2one,CG34331
FBgn0005695,LOC4805069,1,ortholog_one2one,gcl
FBgn0033607,LOC4804743,1,ortholog_one2one,CG9062
FBgn0051522,LOC4802730,1,ortholog_one2one,CG31522
FBgn0040942,LOC4811662,0,ortholog_one2one,CG12643
FBgn0285917,LOC6898650,1,ortholog_one2one,sbb
FBgn0034689,LOC4805275,1,ortholog_one2one,CG2921
FBgn0085391,LOC6897043,0,ortholog_one2one,trv
FBgn0010317,LOC117184919,1,ortholog_one2many,CycJ
FBgn0010317,LOC6900186,1,ortholog_one2many,CycJ
FBgn0010317,LOC6900185,1,ortholog_one2many,CycJ
FBgn0036752,LOC4813216,0,ortholog_one2one,Adgf-A
FBgn0003256,LOC26533548,0,ortholog_one2one,rl
FBgn0038472,LOC4802097,1,ortholog_one2one,bdwf
FBgn0259832,LOC6898946,1,ortholog_one2one,CG34229
FBgn0010388,LOC4803981,1,ortholog_one2one,Dro
FBgn0029686,LOC4815270,1,ortholog_one2many,Glos
FBgn0014380,LOC4802535,1,ortholog_one2one,RhoL
FBgn0039202,LOC4802141,1,ortholog_one2one,CG13622
FBgn0035084,LOC4803557,1,ortholog_one2one,CG15861
FBgn0262022,LOC26532854,1,ortholog_one2one,CG42833
FBgn0028533,LOC4816702,1,ortholog_one2one,CG7953
FBgn0037891,LOC6897970,0,ortholog_one2one,CG5214
FBgn0053804,LOC117183568,1,ortholog_many2many,His1:CG33804
FBgn0053804,LOC117185631,1,ortholog_many2many,His1:CG33804
FBgn0053804,LOC26534267,1,ortholog_many2many,His1:CG33804
FBgn0053804,LOC117183621,1,ortholog_many2many,His1:CG33804
FBgn0053804,LOC117185633,1,ortholog_many2many,His1:CG33804
FBgn0053804,LOC117185630,1,ortholog_many2many,His1:CG33804
FBgn0053804,LOC117185606,1,ortholog_many2many,His1:CG33804
FBgn0053804,LOC117185608,1,ortholog_many2many,His1:CG33804
FBgn0053804,LOC117185600,1,ortholog_many2many,His1:CG33804
FBgn0053804,LOC26532116,1,ortholog_many2many,His1:CG33804
FBgn0053804,LOC26533245,0,ortholog_many2many,His1:CG33804
FBgn0053804,LOC117185634,0,ortholog_many2many,His1:CG33804
FBgn0053804,LOC117185607,0,ortholog_many2many,His1:CG33804
FBgn0053804,LOC26532398,0,ortholog_many2many,His1:CG33804
FBgn0053804,LOC117183574,0,ortholog_many2many,His1:CG33804
FBgn0039714,LOC4800300,1,ortholog_one2one,Zip99C
FBgn0027504,LOC4803378,1,ortholog_one2one,bsd
FBgn0035886,LOC4813941,1,ortholog_one2one,Jon66Ci
FBgn0039056,LOC4800586,1,ortholog_one2one,CenB1A
FBgn0023174,LOC4812987,1,ortholog_one2one,Prosbeta2
FBgn0051827,LOC6902656,0,ortholog_many2many,CG31827
FBgn0051827,LOC6902665,0,ortholog_many2many,CG31827
FBgn0051827,LOC117184065,0,ortholog_many2many,CG31827
FBgn0051827,LOC6902659,0,ortholog_many2many,CG31827
FBgn0039205,LOC4802138,1,ortholog_one2one,CG13623
FBgn0032040,LOC4818026,1,ortholog_one2one,CG13386
FBgn0031516,LOC6902568,0,ortholog_one2one,CG9663
FBgn0032489,LOC4816313,1,ortholog_one2one,CG15480
FBgn0035727,LOC4814019,1,ortholog_one2one,CG10063
FBgn0034650,LOC4803695,1,ortholog_one2one,NC2alpha
FBgn0261794,LOC4803522,1,ortholog_one2one,kcc
FBgn0037275,LOC4802524,1,ortholog_one2one,CG14655
FBgn0036568,LOC4812992,1,ortholog_one2one,ATPsynbetaL
FBgn0037344,LOC4802676,1,ortholog_one2one,CG2926
FBgn0032596,LOC4817218,1,ortholog_one2one,Prosbeta4
FBgn0039850,LOC4800730,1,ortholog_one2one,CG11333
FBgn0034909,LOC6903654,1,ortholog_one2one,pippin
FBgn0041710,LOC6897182,0,ortholog_one2many,yellow-f
FBgn0086785,LOC4812531,1,ortholog_one2one,Vps36
FBgn0032896,LOC4817153,1,ortholog_one2one,CG14400
FBgn0027338,LOC4802707,1,ortholog_one2one,Kap-alpha3
FBgn0035827,LOC4812140,1,ortholog_one2one,Srp9
FBgn0036793,LOC4813266,1,ortholog_one2one,CG4174
FBgn0004567,LOC4817304,1,ortholog_one2one,slp2
FBgn0035838,LOC4814115,1,ortholog_one2one,ldbr
FBgn0032315,LOC4811731,1,ortholog_one2one,CG14069
FBgn0053547,LOC4803157,1,ortholog_one2one,Rim
FBgn0035702,LOC6900961,1,ortholog_one2many,CG10147
FBgn0035702,LOC6900963,1,ortholog_one2many,CG10147
FBgn0086604,LOC4804630,1,ortholog_one2one,side-VIII
FBgn0033702,LOC6898184,1,ortholog_one2one,CG8854
FBgn0011286,LOC4805077,1,ortholog_one2one,RyR
FBgn0020280,LOC6897641,0,ortholog_one2one,laf
FBgn0003900,LOC4803617,1,ortholog_one2one,twi
FBgn0030028,LOC4815257,1,ortholog_one2one,Corp
FBgn0031574,LOC4817303,1,ortholog_one2one,TTLL4B
FBgn0030396,LOC6902017,1,ortholog_one2one,mdu
FBgn0044030,LOC6902118,1,ortholog_one2one,mRpS14
FBgn0000559,LOC6902342,0,ortholog_one2one,eEF2
FBgn0030955,LOC4814359,1,ortholog_one2one,CG6891
FBgn0034265,LOC15382871,1,ortholog_one2one,Snx16
FBgn0032773,LOC4816616,1,ortholog_one2one,fon
FBgn0032956,LOC4817811,1,ortholog_one2one,Cul2
FBgn0020369,LOC4815738,1,ortholog_one2one,Rpt6
FBgn0025595,LOC4817924,1,ortholog_one2one,AkhR
FBgn0036028,LOC4812688,1,ortholog_one2one,CG16717
FBgn0037844,LOC4801850,0,ortholog_one2one,CG4570
FBgn0036039,LOC6900739,1,ortholog_one2one,Naa60
FBgn0037685,LOC4800601,1,ortholog_one2one,Or85f
FBgn0036351,LOC4813590,1,ortholog_one2one,CG14107
FBgn0035103,LOC4812596,1,ortholog_one2one,Vdup1
FBgn0263038,LOC4816476,1,ortholog_one2one,CG43333
FBgn0038975,LOC4801661,1,ortholog_one2one,Nrx-1
FBgn0039126,LOC4801687,1,ortholog_one2one,CG13601
FBgn0032259,LOC4817269,1,ortholog_one2one,CG6144
FBgn0265276,LOC4802836,1,ortholog_one2one,l(3)neo38
FBgn0030613,LOC6899785,1,ortholog_one2one,Rab3-GEF
FBgn0051865,LOC4817358,1,ortholog_one2many,Ada1-1
FBgn0036911,LOC6900603,1,ortholog_one2one,Fibp
FBgn0016693,LOC4801349,1,ortholog_one2one,Past1
FBgn0038191,LOC4801648,1,ortholog_one2one,Kots
FBgn0035865,LOC4814089,1,ortholog_one2one,CG7201
FBgn0002865,LOC6897037,1,ortholog_one2one,Mst98Ca
FBgn0033850,LOC4804391,1,ortholog_one2one,CG13331
FBgn0031996,LOC4816925,1,ortholog_one2one,CG8460
FBgn0038354,LOC4803314,1,ortholog_one2one,CG5404
FBgn0051551,LOC6901188,0,ortholog_one2one,CG31551
FBgn0263236,LOC4800468,1,ortholog_one2many,SP1029
FBgn0037296,LOC6897503,0,ortholog_one2many,Prosbeta2R2
FBgn0037296,LOC6897499,0,ortholog_one2many,Prosbeta2R2
FBgn0259974,LOC13036560,0,ortholog_one2one,Sfp84E
FBgn0020294,LOC4811927,1,ortholog_one2one,ko
FBgn0021979,LOC4803736,0,ortholog_one2one,l(2)k09913
FBgn0030655,LOC4815890,0,ortholog_one2one,CG9213
FBgn0036015,LOC4812745,1,ortholog_one2one,CG3088
FBgn0052000,LOC6899870,0,ortholog_one2one,anne
FBgn0035568,LOC4811928,1,ortholog_one2many,CG18418
FBgn0031523,LOC4816775,1,ortholog_one2one,CG15408
FBgn0031733,LOC4818083,0,ortholog_one2one,CG14006
FBgn0264493,LOC4801646,1,ortholog_one2one,rdx
FBgn0042094,LOC4803121,1,ortholog_one2one,Ak3
FBgn0038348,LOC4803310,1,ortholog_one2one,AOX2
FBgn0039756,LOC4800404,1,ortholog_one2one,CG9743
FBgn0039655,LOC6896762,1,ortholog_one2one,CG14507
FBgn0261086,LOC4802754,1,ortholog_one2one,Syt14
FBgn0037199,LOC4813482,1,ortholog_one2one,EMC4
FBgn0038820,LOC4800889,1,ortholog_one2one,CG4000
FBgn0036096,LOC4813447,1,ortholog_one2one,CG8003
FBgn0034279,LOC4805372,1,ortholog_one2one,CG18635
FBgn0040066,LOC4815574,0,ortholog_one2one,wds
FBgn0036909,LOC4813432,1,ortholog_one2one,Ccdc58
FBgn0032024,LOC6903108,1,ortholog_one2one,CG14273
FBgn0040339,LOC6897372,0,ortholog_many2many,MED22
FBgn0040339,LOC6901149,1,ortholog_many2many,MED22
FBgn0030853,LOC4814923,1,ortholog_one2one,ND-24
FBgn0262871,LOC4801210,1,ortholog_one2one,lute
FBgn0029785,LOC4814726,1,ortholog_one2one,RpL35
FBgn0004654,LOC4814420,1,ortholog_one2one,Pgd
FBgn0259878,LOC6898052,1,ortholog_one2one,Fs
FBgn0032295,LOC4817135,0,ortholog_one2one,CG12299
FBgn0037003,LOC117185101,1,ortholog_one2many,CG18281
FBgn0034641,LOC4803705,1,ortholog_one2one,mahj
FBgn0004655,LOC6901954,0,ortholog_one2one,wapl
FBgn0002632,LOC4802208,1,ortholog_one2one,E(spl)m6-BFM
FBgn0032470,LOC4816426,1,ortholog_one2one,Ttc30
FBgn0013679,GeneID_44805041,1,ortholog_one2one,mt:ND1
FBgn0036879,LOC4812152,1,ortholog_one2one,Cpr76Bb
FBgn0037098,LOC4813953,1,ortholog_one2one,Wnk
FBgn0038451,LOC4800791,1,ortholog_one2one,CG14893
FBgn0036893,LOC4812308,1,ortholog_one2one,PIG-F
FBgn0033657,LOC4805412,1,ortholog_one2one,Sln
FBgn0030067,LOC4814882,1,ortholog_one2one,Rbm13
FBgn0034691,LOC4805277,1,ortholog_one2one,Synj
FBgn0053993,LOC6900728,1,ortholog_one2one,Egfrap
FBgn0003117,LOC4802892,1,ortholog_one2one,pnr
FBgn0027057,LOC6897236,0,ortholog_one2many,CSN1b
FBgn0027057,LOC4811882,1,ortholog_one2many,CSN1b
FBgn0035207,LOC117183218,0,ortholog_one2many,Herc4
FBgn0035207,LOC6899939,1,ortholog_one2many,Herc4
FBgn0035207,LOC6899586,0,ortholog_one2many,Herc4
FBgn0035207,LOC6903915,0,ortholog_one2many,Herc4
FBgn0030666,LOC4815518,1,ortholog_many2many,CG12708
FBgn0030666,LOC6902264,0,ortholog_many2many,CG12708
FBgn0036945,LOC117184480,1,ortholog_one2many,Ssk
FBgn0036945,LOC4813568,1,ortholog_one2many,Ssk
FBgn0037985,LOC4802593,1,ortholog_one2one,ssp5
FBgn0040352,LOC4814751,1,ortholog_one2one,CG14416
FBgn0040253,LOC6897937,1,ortholog_one2many,Ugt35E1
FBgn0038429,LOC4802548,1,ortholog_one2one,CG14882
FBgn0038203,LOC4801635,1,ortholog_one2one,Or88a
FBgn0004860,LOC6901107,1,ortholog_many2many,ph-d
FBgn0004860,LOC6901109,1,ortholog_many2many,ph-d
FBgn0015926,LOC4815230,1,ortholog_one2one,dah
FBgn0037359,LOC6897170,1,ortholog_one2one,MED27
FBgn0053769,LOC6899911,1,ortholog_one2one,CG33769
FBgn0034131,LOC4803788,1,ortholog_one2one,CG15712
FBgn0030964,LOC4815199,0,ortholog_one2one,Pvf1
FBgn0035170,LOC4813263,1,ortholog_one2one,dpr20
FBgn0037778,LOC4800777,1,ortholog_one2one,mtTFB2
FBgn0053207,LOC4803311,1,ortholog_one2one,pxb
FBgn0039235,LOC4800233,1,ortholog_one2one,CAH4
FBgn0031566,LOC4817318,1,ortholog_one2one,CG2818
FBgn0264273,LOC4803793,0,ortholog_one2one,Sema2b
FBgn0264606,LOC4814034,0,ortholog_one2one,Fife
FBgn0040623,LOC4800478,1,ortholog_one2one,Spase12
FBgn0039359,LOC4802667,1,ortholog_one2one,RpL27
FBgn0034030,LOC4804871,1,ortholog_one2one,CG8192
FBgn0085292,LOC26533223,1,ortholog_one2one,CG34263
FBgn0033628,LOC4805021,1,ortholog_one2one,CG13203
FBgn0043456,LOC4816828,1,ortholog_one2one,Ndf
FBgn0051638,LOC6903407,1,ortholog_one2one,CG31638
FBgn0039421,LOC6902658,0,ortholog_one2one,Nil
FBgn0052944,LOC4802738,1,ortholog_one2one,CG32944
FBgn0031231,LOC4817857,1,ortholog_one2one,mRpL10
FBgn0024733,LOC4811789,0,ortholog_one2one,RpL10
FBgn0038257,LOC26532961,1,ortholog_one2one,smp-30
FBgn0040344,LOC4814329,1,ortholog_one2one,Lztr1
FBgn0033990,LOC4804453,1,ortholog_one2one,CG10265
FBgn0031885,LOC4817794,1,ortholog_one2one,Mnn1
FBgn0034046,LOC117183176,0,ortholog_one2one,tun
FBgn0032000,LOC4816960,1,ortholog_one2one,CG8372
FBgn0036486,LOC4813691,1,ortholog_one2one,Msh6
FBgn0031052,LOC6902138,0,ortholog_one2one,Elys
FBgn0038006,LOC6897665,1,ortholog_many2many,Cyp313a2
FBgn0038006,LOC6897664,1,ortholog_many2many,Cyp313a2
FBgn0262559,LOC4803189,1,ortholog_one2one,Mdh2
FBgn0004926,LOC6900483,1,ortholog_one2one,eIF2beta
FBgn0086251,LOC6903584,0,ortholog_one2one,del
FBgn0261588,LOC6898145,1,ortholog_one2one,pdm3
FBgn0005648,LOC4804339,1,ortholog_one2one,Pabp2
FBgn0039589,LOC4800637,1,ortholog_one2one,CG9986
FBgn0034654,LOC4803694,1,ortholog_one2one,eIF3k
FBgn0034284,LOC4804101,1,ortholog_one2one,CG14491
FBgn0037398,LOC4801918,1,ortholog_one2one,CG15580
FBgn0027783,LOC4803950,1,ortholog_one2one,SMC2
FBgn0054011,LOC6902584,1,ortholog_one2one,CG34011
FBgn0001990,LOC6897404,0,ortholog_one2one,wek
FBgn0034065,LOC4805475,1,ortholog_one2one,Rrp42
FBgn0025631,LOC4816028,1,ortholog_one2one,moody
FBgn0032813,LOC4818140,0,ortholog_one2one,PCNA2
FBgn0035110,LOC4811998,1,ortholog_one2one,thoc7
FBgn0085404,LOC13036479,1,ortholog_one2one,CG34375
FBgn0053475,LOC6898420,1,ortholog_one2one,CG33475
FBgn0030272,LOC4815102,1,ortholog_one2one,CG15201
FBgn0028691,LOC4800576,1,ortholog_one2one,Rpn9
FBgn0033816,LOC6898770,0,ortholog_one2one,CG4679
FBgn0035941,LOC4812572,1,ortholog_one2one,CG13313
FBgn0031398,LOC4816917,1,ortholog_one2one,daed
FBgn0037853,LOC6897926,1,ortholog_one2one,CG14696
FBgn0037834,LOC4802112,1,ortholog_one2one,Art1
FBgn0017578,LOC4812242,1,ortholog_one2one,Max
FBgn0086442,LOC4817064,1,ortholog_one2one,mib2
FBgn0030243,LOC4815730,1,ortholog_one2one,CG2186
FBgn0264748,LOC26533006,1,ortholog_one2many,CG44006
FBgn0039737,LOC4800275,1,ortholog_one2one,CG7920
FBgn0005278,LOC4817790,1,ortholog_one2one,Sam-S
FBgn0033661,LOC26533452,0,ortholog_one2many,CG13185
FBgn0033661,LOC6898950,1,ortholog_one2many,CG13185
FBgn0053234,LOC6900921,1,ortholog_one2many,CG33234
FBgn0053234,LOC6900920,1,ortholog_one2many,CG33234
FBgn0034443,LOC4803658,1,ortholog_one2one,cer
FBgn0029932,LOC4815884,0,ortholog_one2one,CG4607
FBgn0032840,LOC4816366,1,ortholog_one2one,sNPF
FBgn0034063,LOC4805473,1,ortholog_one2one,CG8389
FBgn0029504,LOC6901779,1,ortholog_one2one,CHES-1-like
FBgn0035109,LOC4811982,1,ortholog_one2one,CG13876
FBgn0051068,LOC4801252,1,ortholog_one2one,CG31068
FBgn0044028,LOC6900119,0,ortholog_one2one,Notum
FBgn0034219,LOC26532572,0,ortholog_many2many,mthl4
FBgn0034219,LOC26533489,0,ortholog_many2many,mthl4
FBgn0025334,LOC4803512,1,ortholog_one2one,PHDP
FBgn0039955,LOC6897799,0,ortholog_one2one,CG41099
FBgn0004427,LOC6899956,1,ortholog_many2many,LysD
FBgn0004427,LOC6899953,0,ortholog_many2many,LysD
FBgn0004427,LOC6899949,0,ortholog_many2many,LysD
FBgn0003416,LOC4814530,1,ortholog_one2one,sl
FBgn0261994,LOC4802155,1,ortholog_one2one,CG42812
FBgn0037526,LOC4802988,1,ortholog_one2one,ArgRS-m
FBgn0025740,LOC4811713,1,ortholog_one2one,PlexB
FBgn0035189,LOC4812003,1,ortholog_one2one,CG9119
FBgn0033698,LOC4803682,1,ortholog_one2one,CG8858
FBgn0052532,LOC6902114,1,ortholog_one2one,CG32532
FBgn0033589,LOC6898626,1,ortholog_one2one,CG13227
FBgn0033501,LOC4804208,1,ortholog_one2one,CG12911
FBgn0033548,LOC4805318,1,ortholog_one2one,Nop10
FBgn0052762,LOC4815495,1,ortholog_one2one,CG32762
FBgn0035237,LOC4812135,1,ortholog_one2one,CG13917
FBgn0286783,LOC4804716,1,ortholog_one2one,Etf-QO
FBgn0035734,LOC4813610,1,ortholog_one2one,CG14823
FBgn0036995,LOC4811878,1,ortholog_one2one,atk
FBgn0031239,LOC4818016,1,ortholog_one2one,CG17075
FBgn0032055,LOC26533777,0,ortholog_many2many,Sgp
FBgn0032055,LOC6898828,0,ortholog_many2many,Sgp
FBgn0050104,LOC4803933,1,ortholog_one2one,NT5E-2
FBgn0037121,LOC4813059,1,ortholog_one2one,Polr2H
FBgn0040340,LOC4814360,1,ortholog_one2one,TRAM
FBgn0263047,LOC26532274,1,ortholog_one2one,CG43342
FBgn0261506,LOC26532847,1,ortholog_one2one,CG42654
FBgn0037705,LOC6897760,0,ortholog_one2one,mura
FBgn0037024,LOC4811892,1,ortholog_one2one,tzn
FBgn0039835,LOC4800712,1,ortholog_one2one,mRpL32
FBgn0010287,LOC4816698,1,ortholog_one2one,Trf
FBgn0036677,LOC4812411,1,ortholog_one2one,CG13023
FBgn0032772,LOC4816758,1,ortholog_one2one,CG17350
FBgn0037609,LOC4803002,0,ortholog_one2one,Unc50
FBgn0002643,LOC6898642,0,ortholog_one2one,mam
FBgn0051407,LOC4800780,1,ortholog_one2one,CG31407
FBgn0037347,LOC6897434,1,ortholog_one2one,SecS
FBgn0011726,LOC4804308,1,ortholog_one2one,tsr
FBgn0034318,LOC4804785,0,ortholog_one2one,CG14500
FBgn0037525,LOC6897882,1,ortholog_one2one,CG17816
FBgn0035879,LOC4813937,1,ortholog_one2one,GAPcenA
FBgn0038865,LOC4802812,1,ortholog_one2one,cDIP
FBgn0038659,LOC4801830,1,ortholog_one2one,EndoA
FBgn0052666,LOC4815360,1,ortholog_one2one,Drak
FBgn0031560,LOC6902965,1,ortholog_one2many,CG16713
FBgn0261556,LOC6900419,1,ortholog_one2one,CG42674
FBgn0039089,LOC4800555,1,ortholog_one2one,beat-IV
FBgn0030342,LOC4815269,0,ortholog_one2one,CG10347
FBgn0039764,LOC4800394,1,ortholog_one2one,CG15535
FBgn0035161,LOC6898742,0,ortholog_one2one,CG13898
FBgn0036057,LOC6903199,0,ortholog_one2one,Hez
FBgn0058006,LOC6902757,0,ortholog_one2one,CG40006
FBgn0262889,LOC6898183,1,ortholog_one2one,CG43244
FBgn0032811,LOC4818022,0,ortholog_one2one,Pmvk
FBgn0035241,LOC6900116,1,ortholog_one2one,CG12105
FBgn0039594,LOC6896838,1,ortholog_one2one,snu
FBgn0036053,LOC6900734,0,ortholog_one2one,iPLA2-VIA
FBgn0030577,LOC4813957,0,ortholog_one2many,CG5334
FBgn0014366,LOC4802678,1,ortholog_one2one,noi
FBgn0038679,LOC4801004,1,ortholog_one2one,CG6040
FBgn0038755,LOC6899355,1,ortholog_one2one,Hs6st
FBgn0046332,LOC4800722,1,ortholog_one2one,gskt
FBgn0037164,LOC4812264,1,ortholog_one2one,CG11438
FBgn0051159,LOC4800702,1,ortholog_one2one,mRRF2
FBgn0034419,LOC4805745,1,ortholog_one2one,CG15111
FBgn0037005,LOC6900284,1,ortholog_one2one,CG5078
FBgn0041337,LOC4816539,1,ortholog_one2one,Cyp309a2
FBgn0032648,LOC117184072,1,ortholog_many2many,CG15144
FBgn0032648,LOC6903237,1,ortholog_many2many,CG15144
FBgn0032648,LOC6903236,1,ortholog_many2many,CG15144
FBgn0032648,LOC117183167,1,ortholog_many2many,CG15144
FBgn0085228,LOC6898554,1,ortholog_one2one,CG34199
FBgn0285948,LOC4817569,1,ortholog_one2one,RpL27A
FBgn0029825,LOC6899113,0,ortholog_one2many,CG12728
FBgn0051017,LOC6896697,1,ortholog_one2many,PH4alphaNE3
FBgn0051017,LOC117184456,0,ortholog_one2many,PH4alphaNE3
FBgn0051017,LOC6896702,0,ortholog_one2many,PH4alphaNE3
FBgn0051017,LOC6896704,1,ortholog_one2many,PH4alphaNE3
FBgn0051017,LOC6896695,1,ortholog_one2many,PH4alphaNE3
FBgn0011584,LOC4817131,1,ortholog_one2one,Trp1
FBgn0032833,LOC4816611,1,ortholog_one2one,COX4
FBgn0040104,LOC6902209,0,ortholog_one2many,lectin-24A
FBgn0036104,LOC4813688,1,ortholog_one2one,CG6418
FBgn0083942,LOC6902442,0,ortholog_one2many,CG34106
FBgn0011227,LOC4804752,1,ortholog_one2one,ox
FBgn0031264,LOC6902807,1,ortholog_one2one,uncNacbeta
FBgn0029974,LOC4814524,1,ortholog_one2one,dpr14
FBgn0032689,LOC4817446,1,ortholog_one2one,CG10413
FBgn0034132,LOC4803787,1,ortholog_one2one,S-Lap8
FBgn0032973,LOC4817929,0,ortholog_one2one,CG6675
FBgn0027598,LOC6896689,1,ortholog_one2one,cindr
FBgn0036612,LOC4811979,1,ortholog_one2one,CG4998
FBgn0035842,LOC6897017,0,ortholog_one2many,Setx
FBgn0035842,LOC4814116,1,ortholog_one2many,Setx
FBgn0035217,LOC4814108,1,ortholog_one2one,FucTD
FBgn0031343,LOC4817638,0,ortholog_one2one,CG18131
FBgn0038058,LOC4800843,1,ortholog_one2one,CG5608
FBgn0030077,LOC6901613,1,ortholog_one2one,CG15365
FBgn0028892,LOC4816287,1,ortholog_one2one,CG4161
FBgn0085273,LOC6900626,1,ortholog_one2one,CG34244
FBgn0026597,LOC4800260,1,ortholog_one2one,Axn
FBgn0030595,LOC4815739,1,ortholog_one2one,CG14406
FBgn0263608,LOC4812393,1,ortholog_one2one,l(3)72Dr
FBgn0262685,LOC4814719,0,ortholog_many2many,CG43155
FBgn0015283,LOC4813956,1,ortholog_one2one,Rpn10
FBgn0264607,LOC26532627,0,ortholog_one2one,CaMKII
FBgn0024983,LOC4815294,1,ortholog_one2one,CG4293
FBgn0031737,LOC4818111,1,ortholog_one2one,obst-E
FBgn0037037,LOC6902933,0,ortholog_one2many,CG10588
FBgn0037037,LOC6902129,0,ortholog_one2many,CG10588
FBgn0000289,LOC4801113,0,ortholog_one2one,cg
FBgn0037166,LOC4812480,1,ortholog_one2one,CG11426
FBgn0036226,LOC117184479,0,ortholog_one2many,CG7252
FBgn0036226,LOC4813254,1,ortholog_one2many,CG7252
FBgn0030089,LOC6901560,1,ortholog_one2one,AP-1gamma
FBgn0263353,LOC4801484,1,ortholog_one2one,CG11000
FBgn0265296,LOC4813207,1,ortholog_one2one,Dscam2
FBgn0035315,LOC4813834,1,ortholog_one2one,CG8960
FBgn0038131,LOC4801282,1,ortholog_one2one,CG15888
FBgn0004852,LOC4813656,0,ortholog_one2one,Ac76E
FBgn0051921,LOC4817393,0,ortholog_one2many,CG31921
FBgn0027508,LOC4802673,1,ortholog_one2one,Tnks
FBgn0015583,LOC6902209,0,ortholog_one2many,Acp29AB
FBgn0263973,LOC4812555,1,ortholog_one2one,jv
FBgn0034850,LOC4803953,1,ortholog_one2one,CG9875
FBgn0033349,LOC4805039,1,ortholog_many2many,CG8243
FBgn0033349,LOC4816443,0,ortholog_many2many,CG8243
FBgn0033349,LOC4814208,0,ortholog_many2many,CG8243
FBgn0085411,LOC4812759,1,ortholog_one2one,CG34382
FBgn0010414,LOC6899063,1,ortholog_one2one,SerT
FBgn0033715,LOC4803664,0,ortholog_one2one,CG8490
FBgn0032751,LOC4816661,0,ortholog_one2one,CG17343
FBgn0037885,LOC4803154,1,ortholog_one2one,CG17721
FBgn0033810,LOC4804166,1,ortholog_one2one,CG4646
FBgn0031646,LOC4817444,1,ortholog_one2one,snsl
FBgn0040650,LOC4814470,0,ortholog_one2one,CG15456
FBgn0030884,LOC6901443,1,ortholog_one2one,CG6847
FBgn0034697,LOC4805706,1,ortholog_one2one,GM130
FBgn0037377,LOC4802065,1,ortholog_one2one,Hpf1
FBgn0031216,LOC4817744,1,ortholog_one2one,Zir
FBgn0039110,LOC4801559,1,ortholog_one2one,RanBP3
FBgn0036940,LOC4813736,1,ortholog_one2one,obst-J
FBgn0035271,LOC4812260,1,ortholog_one2one,CG2021
FBgn0031245,LOC4817848,1,ortholog_one2one,CG3625
FBgn0030892,LOC6900387,0,ortholog_one2one,Swt1
FBgn0033191,LOC4804910,1,ortholog_one2one,CG1598
FBgn0033482,LOC4804091,1,ortholog_one2one,CG1371
FBgn0053862,LOC117185636,1,ortholog_one2one,His2A:CG33862
FBgn0050275,LOC4803845,1,ortholog_one2one,CG30275
FBgn0032294,LOC6903460,0,ortholog_one2one,Vha16-5
FBgn0035943,LOC4812871,0,ortholog_one2one,CG5653
FBgn0026722,LOC4805001,1,ortholog_one2one,drosha
FBgn0034800,LOC6896976,0,ortholog_one2many,CG3788
FBgn0034800,LOC117184843,0,ortholog_one2many,CG3788
FBgn0034800,LOC6900363,0,ortholog_one2many,CG3788
FBgn0003513,LOC4802555,1,ortholog_one2one,ss
FBgn0051739,LOC4816837,1,ortholog_one2one,AspRS-m
FBgn0053258,LOC6900406,1,ortholog_many2many,CG33258
FBgn0053258,LOC6900424,0,ortholog_many2many,CG33258
FBgn0000299,LOC4816641,1,ortholog_one2one,Col4a1
FBgn0039137,LOC4801750,1,ortholog_one2one,Epp
FBgn0033348,LOC4805040,1,ortholog_one2one,Spt
FBgn0053252,LOC6902823,0,ortholog_one2many,CG33252
FBgn0036179,LOC4813501,1,ortholog_one2one,CG7368
FBgn0037777,LOC4800778,1,ortholog_one2one,CG11722
FBgn0036314,LOC4813188,1,ortholog_one2one,Sf3a2
FBgn0052803,LOC6901161,1,ortholog_one2one,Ldaf1
FBgn0036495,LOC6898131,0,ortholog_one2many,CG33259
FBgn0042125,LOC4817357,0,ortholog_one2many,CG18787
FBgn0037067,LOC6900874,1,ortholog_one2one,Cpr78Ca
FBgn0028408,LOC4804512,1,ortholog_one2one,Drep2
FBgn0033751,LOC4805469,1,ortholog_one2one,CG8818
FBgn0037883,LOC4803152,1,ortholog_one2one,Dph3
FBgn0003475,LOC4816598,1,ortholog_one2one,spir
FBgn0051874,LOC26532932,1,ortholog_one2one,Fum4
FBgn0039419,LOC4802185,1,ortholog_one2one,CG12290
FBgn0035290,LOC4813091,1,ortholog_one2one,dsb
FBgn0036342,LOC4813563,1,ortholog_one2one,CG11279
FBgn0038733,LOC6897994,1,ortholog_many2many,Acsx3
FBgn0038733,LOC4803281,0,ortholog_many2many,Acsx3
FBgn0045980,LOC4800424,1,ortholog_one2one,niki
FBgn0083966,LOC6897502,1,ortholog_one2one,CG34130
FBgn0260764,LOC6898601,1,ortholog_one2one,CG42562
FBgn0036106,LOC4812883,1,ortholog_one2one,CG6409
FBgn0030251,LOC4815018,1,ortholog_one2one,CG2145
FBgn0033350,LOC4805036,1,ortholog_one2one,CG8237
FBgn0039855,LOC6897051,1,ortholog_one2many,CG1638
FBgn0034828,LOC6898202,1,ortholog_one2one,CG13545
FBgn0040354,LOC6901273,1,ortholog_one2one,CG14418
FBgn0001624,LOC4814536,1,ortholog_one2one,dlg1
FBgn0067783,LOC4800298,1,ortholog_one2one,DPCoAC
FBgn0035805,LOC4813575,1,ortholog_one2one,CG7506
FBgn0085384,LOC4801574,1,ortholog_one2one,CG34355
FBgn0034730,LOC4804461,1,ortholog_one2one,ppk12
FBgn0035983,LOC4814157,1,ortholog_one2one,CG4080
FBgn0262484,LOC4816180,0,ortholog_one2many,CG43074
FBgn0020304,LOC4816860,1,ortholog_one2one,drongo
FBgn0026323,LOC4815061,1,ortholog_one2one,Tak1
FBgn0035575,LOC4812621,1,ortholog_one2one,CG7509
FBgn0004607,LOC4811776,1,ortholog_one2one,zfh2
FBgn0038531,LOC4802683,1,ortholog_one2one,CG14325
FBgn0027506,LOC4803925,1,ortholog_one2one,EDTP
FBgn0000384,LOC6902762,0,ortholog_one2one,cta
FBgn0034551,LOC6898479,1,ortholog_one2one,CG15225
FBgn0038113,LOC4801401,1,ortholog_one2one,CG11668
FBgn0036032,LOC4812367,1,ortholog_one2one,CG16711
FBgn0030343,LOC6902221,0,ortholog_one2one,ATP7
FBgn0260657,LOC6900056,1,ortholog_one2one,CG42540
FBgn0028394,LOC4817988,0,ortholog_one2one,CG17834
FBgn0085369,LOC6902968,1,ortholog_one2one,Drgx
FBgn0259209,LOC4804317,1,ortholog_one2one,Mlp60A
FBgn0032140,LOC4817471,1,ortholog_one2one,CG13117
FBgn0037368,LOC4802053,1,ortholog_one2one,CG1239
FBgn0051245,LOC4803253,1,ortholog_one2one,CG31245
FBgn0029716,LOC4815433,0,ortholog_one2one,CG3546
FBgn0029763,LOC4815572,1,ortholog_one2one,Usp16-45
FBgn0032934,LOC4816544,1,ortholog_one2one,CG8679
FBgn0031959,LOC4816949,1,ortholog_one2one,spz3
FBgn0030880,LOC117184236,0,ortholog_one2many,CG6788
FBgn0030880,LOC6903440,0,ortholog_one2many,CG6788
FBgn0030880,LOC6902906,0,ortholog_one2many,CG6788
FBgn0030880,LOC6902633,0,ortholog_one2many,CG6788
FBgn0030880,LOC6903424,0,ortholog_one2many,CG6788
FBgn0030880,LOC6903435,0,ortholog_one2many,CG6788
FBgn0030880,LOC6903450,0,ortholog_one2many,CG6788
FBgn0010387,LOC4813622,1,ortholog_one2one,Acbp2
FBgn0250816,LOC26534190,0,ortholog_one2one,AGO3
FBgn0051678,LOC6903087,1,ortholog_one2one,CG31678
FBgn0038405,LOC4802875,1,ortholog_one2one,CG8927
FBgn0036624,LOC6900026,1,ortholog_one2one,RAF2
FBgn0027619,LOC4804711,1,ortholog_one2one,eIF3j
FBgn0266452,LOC6900355,1,ortholog_one2one,Ctps
FBgn0051675,LOC4817216,1,ortholog_one2one,CG31675
FBgn0287768,LOC4816405,1,ortholog_one2one,esg
FBgn0037502,LOC4802953,1,ortholog_one2one,wa-cup
FBgn0259173,LOC6900430,1,ortholog_one2one,corn
FBgn0047135,LOC4813006,1,ortholog_one2one,CG32276
FBgn0024188,LOC4805025,0,ortholog_one2one,san
FBgn0036557,LOC4812597,1,ortholog_one2one,mRpS31
FBgn0051274,LOC4802084,1,ortholog_one2many,CG31274
FBgn0034436,LOC4804254,1,ortholog_one2one,CG11961
FBgn0035236,LOC4813064,1,ortholog_one2one,Tmep
FBgn0039491,LOC4801146,1,ortholog_one2one,CG6059
FBgn0266438,LOC6899062,1,ortholog_one2one,PIG-Z
FBgn0036108,LOC4813084,1,ortholog_one2many,Cpr67Fa1
FBgn0052569,LOC6902196,1,ortholog_one2one,TwdlZ
FBgn0004858,LOC4817963,1,ortholog_one2one,elB
FBgn0259245,LOC6901900,1,ortholog_one2one,DIP-beta
FBgn0031871,LOC4816213,1,ortholog_one2one,Fgop2
FBgn0038478,LOC4800756,1,ortholog_one2one,cal1
FBgn0267330,LOC4817772,0,ortholog_one2many,KdelR
FBgn0267330,LOC6903479,0,ortholog_one2many,KdelR
FBgn0036470,LOC4812961,1,ortholog_one2one,EAChm
FBgn0032513,LOC4817981,1,ortholog_one2one,CG6565
FBgn0037554,LOC4801585,1,ortholog_one2one,PolI
FBgn0085260,LOC6898690,1,ortholog_one2one,CG34231
FBgn0260986,LOC6902081,1,ortholog_one2one,mei-38
FBgn0259678,LOC6898797,1,ortholog_one2one,sqa
FBgn0054057,LOC6902660,0,ortholog_one2one,CG34057
FBgn0031252,LOC4816796,1,ortholog_one2one,CG13690
FBgn0036210,LOC4811996,0,ortholog_one2one,CG14130
FBgn0042206,LOC4800808,1,ortholog_one2one,GstD10
FBgn0033124,LOC4803455,1,ortholog_one2one,Tsp42Ec
FBgn0015838,LOC6898532,1,ortholog_one2one,Vang
FBgn0024432,LOC6897031,0,ortholog_one2one,Dlc90F
FBgn0037809,LOC4801031,1,ortholog_one2one,CG12818
FBgn0036696,LOC4811959,1,ortholog_one2one,Pop5
FBgn0086908,LOC6898620,1,ortholog_one2one,egg
FBgn0037850,LOC4803117,1,ortholog_one2many,CG14695
FBgn0037850,LOC117183332,0,ortholog_one2many,CG14695
FBgn0037850,LOC117183225,0,ortholog_one2many,CG14695
FBgn0051463,LOC6897346,1,ortholog_one2one,CG31463
FBgn0038665,LOC4801836,1,ortholog_one2one,euc
FBgn0262018,LOC4817666,0,ortholog_one2one,CadN2
FBgn0050280,LOC6899111,1,ortholog_one2one,CG30280
FBgn0036043,LOC4813147,1,ortholog_one2one,Ae2
FBgn0035484,LOC4812107,1,ortholog_one2one,CG11594
FBgn0051004,LOC4800343,1,ortholog_one2one,mesh
FBgn0036574,LOC6899995,1,ortholog_one2one,elg1
FBgn0035336,LOC4813826,1,ortholog_one2one,CG9004
FBgn0030204,LOC4814486,1,ortholog_one2one,Or9a
FBgn0038315,LOC4803106,1,ortholog_one2one,CG14866
FBgn0014092,LOC4817722,1,ortholog_one2one,CG4278
FBgn0288856,LOC4805431,0,ortholog_one2one,peo
FBgn0033728,LOC4804275,1,ortholog_one2one,Cpr49Ae
FBgn0030877,LOC4814636,1,ortholog_one2one,Arp8
FBgn0040010,LOC117184243,0,ortholog_one2one,CG17493
FBgn0039440,LOC6897146,0,ortholog_one2many,TwdlJ
FBgn0053105,LOC4802805,0,ortholog_one2many,p24-2
FBgn0033580,LOC4805647,1,ortholog_one2one,CG13231
FBgn0036497,LOC6902588,0,ortholog_one2one,Ran-like
FBgn0037652,LOC4803037,1,ortholog_one2one,CG11980
FBgn0033265,LOC4804342,1,ortholog_one2one,coil
FBgn0067622,LOC26533094,0,ortholog_one2one,LSm-4
FBgn0020392,LOC4814095,1,ortholog_one2one,Nmt
FBgn0000490,LOC4816479,1,ortholog_one2one,dpp
FBgn0038504,LOC6897106,1,ortholog_one2one,Sur-8
FBgn0037622,LOC6897888,1,ortholog_one2one,CG8202
FBgn0086134,LOC4800834,1,ortholog_one2one,Prosalpha2
FBgn0085443,LOC6901478,1,ortholog_one2one,spri
FBgn0023181,LOC4804692,1,ortholog_one2one,Orc4
FBgn0035577,LOC4812520,1,ortholog_one2one,CG13708
FBgn0263219,LOC6900942,1,ortholog_one2one,Dscam4
FBgn0034440,LOC4804257,0,ortholog_one2many,CG10073
FBgn0034440,LOC4804256,1,ortholog_one2many,CG10073
FBgn0034440,LOC6898437,0,ortholog_one2many,CG10073
FBgn0050077,LOC4803966,1,ortholog_one2one,Blos1
FBgn0036254,LOC4813118,1,ortholog_one2one,CG5645
FBgn0010222,LOC4803028,1,ortholog_one2one,Nmdmc
FBgn0033215,LOC4804130,1,ortholog_one2one,Dgat2
FBgn0036906,LOC4813381,0,ortholog_one2one,CG14102
FBgn0028471,LOC4802169,1,ortholog_one2one,Nab2
FBgn0037065,LOC4813802,1,ortholog_one2one,CG12974
FBgn0030664,LOC4816777,0,ortholog_one2many,CG8119
FBgn0030664,LOC6900227,0,ortholog_one2many,CG8119
FBgn0028996,LOC4811847,0,ortholog_one2one,onecut
FBgn0052704,LOC6901209,1,ortholog_one2one,Ir8a
FBgn0036094,LOC4813152,1,ortholog_one2one,CG14153
FBgn0031275,LOC4817548,1,ortholog_one2one,GABA-B-R3
FBgn0020269,LOC4803977,1,ortholog_one2one,mspo
FBgn0014388,LOC4811880,1,ortholog_one2one,sty
FBgn0000183,LOC6903243,0,ortholog_one2one,BicD
FBgn0037465,LOC4802253,1,ortholog_one2one,CG1105
FBgn0288966,LOC4801115,1,ortholog_one2one,Med
FBgn0033272,LOC4804335,0,ortholog_one2one,RagC-D
FBgn0037068,LOC6900875,1,ortholog_one2one,Cpr78Cb
FBgn0025777,LOC4818011,1,ortholog_one2one,homer
FBgn0033170,LOC4803499,1,ortholog_one2one,sPLA2
FBgn0038739,LOC6902194,0,ortholog_many2many,CG4686
FBgn0038739,LOC4802908,1,ortholog_many2many,CG4686
FBgn0038739,LOC6901468,0,ortholog_many2many,CG4686
FBgn0035499,LOC4812638,1,ortholog_one2one,Chd64
FBgn0033382,LOC6898537,1,ortholog_one2one,Hydr1
FBgn0037224,LOC4802764,1,ortholog_one2one,TwdlF
FBgn0031497,LOC4817354,1,ortholog_one2one,SerRS
FBgn0030005,LOC6901387,1,ortholog_one2one,CG2120
FBgn0032663,LOC4817655,1,ortholog_one2one,CG15153
FBgn0035328,LOC4813623,1,ortholog_one2one,yellow-g2
FBgn0032193,LOC4811667,0,ortholog_one2one,CG5727
FBgn0033129,LOC4803460,1,ortholog_one2one,Tsp42Eh
FBgn0036000,LOC4812554,1,ortholog_one2one,CG3434
FBgn0050295,LOC4804406,1,ortholog_one2one,Ipk1
FBgn0288976,LOC4801947,1,ortholog_one2one,Dnaaf5
FBgn0035141,LOC4814104,1,ortholog_one2one,Cypl
FBgn0036008,LOC4812509,1,ortholog_one2one,CG3408
FBgn0035009,LOC4805600,1,ortholog_one2one,CG16837
FBgn0034109,LOC4803809,1,ortholog_one2one,CG7747
FBgn0030683,LOC117183640,0,ortholog_one2many,Mvd
FBgn0030683,LOC4811727,0,ortholog_one2many,Mvd
FBgn0030683,LOC26533243,0,ortholog_one2many,Mvd
FBgn0038819,LOC4800887,1,ortholog_one2one,Cpr92F
FBgn0030234,LOC4815285,1,ortholog_one2one,CG15211
FBgn0045852,LOC6902953,1,ortholog_one2one,ham
FBgn0001229,LOC4814184,1,ortholog_one2one,Hsp67Bc
FBgn0045474,LOC4812354,1,ortholog_one2one,Gr77a
FBgn0031010,LOC4814704,1,ortholog_one2one,CG8028
FBgn0032404,LOC4817796,1,ortholog_one2one,RpL7-like
FBgn0040318,LOC4813162,1,ortholog_one2one,HGTX
FBgn0053244,LOC6899057,0,ortholog_one2many,Ste:CG33244
FBgn0038855,LOC4802250,1,ortholog_one2one,Tbc1d22
FBgn0032535,LOC6902708,1,ortholog_one2many,Ance-2
FBgn0032535,LOC26533284,1,ortholog_one2many,Ance-2
FBgn0001090,LOC6901039,1,ortholog_one2one,bnb
FBgn0263395,LOC4804605,1,ortholog_one2one,hppy
FBgn0036168,LOC6900757,0,ortholog_one2one,CG7512
FBgn0034307,LOC4804156,1,ortholog_one2one,CG10914
FBgn0015582,LOC4804748,1,ortholog_one2one,dare
FBgn0283651,LOC4816659,1,ortholog_one2one,CG46301
FBgn0033069,LOC6899050,1,ortholog_one2one,eIF3f2
FBgn0034360,LOC4804448,1,ortholog_one2one,CG10927
FBgn0032511,LOC6903449,1,ortholog_one2one,ND-B22
FBgn0038115,LOC6897176,1,ortholog_one2one,CG7966
FBgn0038769,LOC4803067,0,ortholog_one2one,Regnase-1
FBgn0263741,LOC6898480,1,ortholog_one2one,CG43666
FBgn0034854,LOC4804491,1,ortholog_one2one,Golgin245
FBgn0036638,LOC4812569,1,ortholog_one2one,CG13033
FBgn0023096,LOC6903226,1,ortholog_one2one,btv
FBgn0037163,LOC4812629,1,ortholog_one2one,laza
FBgn0086129,LOC4804321,1,ortholog_one2one,snama
FBgn0015376,LOC4817074,1,ortholog_one2one,cutlet
FBgn0015773,LOC6901429,1,ortholog_one2one,NetA
FBgn0013983,LOC4804812,1,ortholog_one2one,imd
FBgn0010309,LOC4816686,1,ortholog_one2one,pigeon
FBgn0033072,LOC4805574,1,ortholog_one2one,CG17994
FBgn0025742,LOC4817894,1,ortholog_one2one,mtm
FBgn0023023,LOC4802675,1,ortholog_one2one,CRMP
FBgn0038248,LOC6901667,0,ortholog_one2many,CG7886
FBgn0038248,LOC4801365,1,ortholog_one2many,CG7886
FBgn0034145,LOC4805690,1,ortholog_one2one,CG5065
FBgn0011283,LOC4818071,0,ortholog_one2one,Obp28a
FBgn0261840,LOC26533923,1,ortholog_one2one,pre-mod(mdg4)-X
FBgn0050073,LOC6898273,1,ortholog_one2one,Obp50b
FBgn0039741,LOC4800248,1,ortholog_one2one,CG7943
FBgn0031728,LOC6902587,1,ortholog_one2one,Hsp60C
FBgn0085397,LOC6898842,1,ortholog_one2one,Fili
FBgn0037565,LOC4801802,1,ortholog_one2one,CG9626
FBgn0034283,LOC4804099,1,ortholog_one2one,CG14492
FBgn0265083,LOC26532207,0,ortholog_one2one,CG44194
FBgn0004956,LOC4814412,1,ortholog_one2one,upd1
FBgn0041630,LOC4812023,1,ortholog_one2one,Hexo1
FBgn0265623,LOC6898339,1,ortholog_one2one,Su(z)2
FBgn0000564,LOC4801197,1,ortholog_one2one,Eh
FBgn0086708,LOC6900111,1,ortholog_one2one,stv
FBgn0015799,LOC4814328,1,ortholog_one2one,Rbf
FBgn0037574,LOC4801812,1,ortholog_one2one,Coq2
FBgn0001099,LOC4813035,1,ortholog_one2one,gdl
FBgn0033778,LOC4805194,1,ortholog_one2one,Balat
FBgn0086655,LOC6899052,1,ortholog_one2one,jing
FBgn0036203,LOC6900130,1,ortholog_one2one,Muc68D
FBgn0000152,LOC4814688,1,ortholog_one2one,Axs
FBgn0004584,LOC4816636,1,ortholog_one2one,Rrp1
FBgn0003261,LOC4801920,1,ortholog_one2one,Rm62
FBgn0050051,LOC4805090,1,ortholog_one2one,Tmem18
FBgn0052190,LOC6900788,1,ortholog_one2one,NUCB1
FBgn0261954,LOC4815522,1,ortholog_one2one,east
FBgn0085200,LOC26533104,1,ortholog_one2one,CG34171
FBgn0037669,LOC4800356,1,ortholog_one2one,Ibf2
FBgn0030699,LOC6899606,0,ortholog_one2one,CG8578
FBgn0085350,LOC4815402,1,ortholog_one2one,inaF-C
FBgn0036818,LOC4813565,1,ortholog_one2one,CG14074
FBgn0264442,LOC4817134,1,ortholog_one2one,ab
FBgn0023527,LOC4815866,1,ortholog_one2one,CG3071
FBgn0030731,LOC4815128,1,ortholog_one2one,Mfe2
FBgn0046253,LOC4803710,1,ortholog_one2one,CG3502
FBgn0051693,LOC6902668,0,ortholog_one2many,CG31693
FBgn0044011,LOC4803480,1,ortholog_one2one,Spn43Ad
FBgn0262595,LOC6898458,0,ortholog_many2many,CheA56a
FBgn0262595,LOC117183538,0,ortholog_many2many,CheA56a
FBgn0039200,LOC4802148,1,ortholog_one2one,CG13616
FBgn0051229,LOC4801429,1,ortholog_one2one,CG31229
FBgn0039473,LOC26533605,1,ortholog_many2many,CG17191
FBgn0039473,LOC6897057,1,ortholog_many2many,CG17191
FBgn0039473,LOC6897058,1,ortholog_many2many,CG17191
FBgn0052446,LOC4813676,1,ortholog_one2one,Atox1
FBgn0034059,LOC4805660,1,ortholog_one2one,CG8320
FBgn0033971,LOC4803949,1,ortholog_one2one,CG10209
FBgn0039804,LOC4800315,1,ortholog_one2one,CG15544
FBgn0003345,LOC4811763,0,ortholog_one2one,sd
FBgn0010389,LOC6897957,1,ortholog_one2one,htl
FBgn0259926,LOC4814515,1,ortholog_one2one,CG42449
FBgn0022338,LOC4801838,1,ortholog_one2one,dnk
FBgn0000303,LOC4801339,0,ortholog_one2one,ChAT
FBgn0034084,LOC4803871,1,ortholog_one2one,CG8435
FBgn0035782,LOC6897354,0,ortholog_one2one,CG14835
FBgn0263852,LOC4817967,1,ortholog_one2one,Dad1
FBgn0038868,LOC4802807,0,ortholog_one2one,Ddrgk1
FBgn0030645,LOC4816021,1,ortholog_one2one,Alg14
FBgn0035730,LOC4813043,1,ortholog_one2one,CG17744
FBgn0011259,LOC4816208,1,ortholog_one2one,Sema1a
FBgn0036327,LOC4813696,1,ortholog_one2one,CG10748
FBgn0266449,LOC4817910,1,ortholog_one2one,Kr-h2
FBgn0262567,LOC6898915,1,ortholog_one2one,CG43107
FBgn0000565,LOC4812849,1,ortholog_one2one,MsrA
FBgn0032266,LOC4816436,1,ortholog_one2one,CG18302
FBgn0032130,LOC4817413,1,ortholog_one2one,brwl
FBgn0024236,LOC6900707,1,ortholog_one2one,foi
FBgn0037548,LOC4800953,1,ortholog_one2one,CG7900
FBgn0029818,LOC4815601,1,ortholog_one2one,GAA1
FBgn0039049,LOC4800581,1,ortholog_one2one,CG6726
FBgn0002534,LOC6898147,1,ortholog_many2many,Lcp3
FBgn0002534,LOC4803601,1,ortholog_many2many,Lcp3
FBgn0031829,LOC6903411,1,ortholog_one2one,IFT52
FBgn0030298,LOC6901494,1,ortholog_one2one,Or10a
FBgn0051390,LOC4803224,1,ortholog_one2many,MED7
FBgn0051390,LOC117183968,1,ortholog_one2many,MED7
FBgn0000463,LOC4803249,1,ortholog_one2one,Delta
FBgn0025615,LOC4815138,1,ortholog_one2one,Torsin
FBgn0038741,LOC4802907,1,ortholog_one2one,CG17186
FBgn0029907,LOC6902185,1,ortholog_one2one,Atx-1
FBgn0037979,LOC4802589,1,ortholog_one2one,GCC185
FBgn0037165,LOC4812249,1,ortholog_one2one,CG11437
FBgn0033122,LOC4803450,1,ortholog_one2one,CG17002
FBgn0027378,LOC4803102,1,ortholog_one2one,MRG15
FBgn0262716,LOC4814080,1,ortholog_one2one,Arp3
FBgn0026199,LOC4811807,1,ortholog_one2one,myo
FBgn0261932,LOC26533184,1,ortholog_one2one,CG42798
FBgn0025641,LOC4816009,1,ortholog_one2one,DAAM
FBgn0259216,LOC4811658,1,ortholog_one2one,RhoGAP102A
FBgn0038536,LOC4802384,1,ortholog_one2one,CG7655
FBgn0037862,LOC4803127,1,ortholog_one2one,mAcon2
FBgn0265264,LOC6902571,0,ortholog_many2many,CG17097
FBgn0265264,LOC26534034,0,ortholog_many2many,CG17097
FBgn0265264,LOC6902874,0,ortholog_many2many,CG17097
FBgn0032431,LOC4817256,1,ortholog_one2one,CG5435
FBgn0260860,LOC4800407,1,ortholog_one2one,Bet5
FBgn0026320,LOC4813363,1,ortholog_one2one,Tom
FBgn0035491,LOC4813637,1,ortholog_one2one,Dpy-30L2
FBgn0038437,LOC6897608,1,ortholog_one2one,Sdhaf3
FBgn0010263,LOC6902645,1,ortholog_one2one,Rbp9
FBgn0035131,LOC4812072,1,ortholog_one2one,mthl9
FBgn0038735,LOC4803286,1,ortholog_one2one,MICU3
FBgn0034247,LOC4804683,1,ortholog_one2one,CG6484
FBgn0026754,LOC4817450,0,ortholog_one2many,Ugt37C1
FBgn0037350,LOC4802040,1,ortholog_one2one,Dph4
FBgn0038235,LOC4801078,0,ortholog_one2one,CG8461
FBgn0003450,LOC4801402,1,ortholog_one2one,snk
FBgn0020248,LOC4814148,1,ortholog_one2one,stet
FBgn0086912,LOC4818113,1,ortholog_one2one,mbm
FBgn0259481,LOC4813912,1,ortholog_one2one,Mob2
FBgn0032613,LOC4817118,1,ortholog_one2one,Nepl9
FBgn0037715,LOC6897748,1,ortholog_one2one,CG9399
FBgn0033876,LOC4805152,1,ortholog_one2one,Syngr
FBgn0034624,LOC117183565,1,ortholog_one2one,CG17974
FBgn0043550,LOC6898569,0,ortholog_one2one,Tsp68C
FBgn0036083,LOC4812891,1,ortholog_one2one,Ir67b
FBgn0031725,LOC6902591,1,ortholog_one2one,DIP-eta
FBgn0000625,LOC4813498,1,ortholog_one2one,eyg
FBgn0032748,LOC13036385,1,ortholog_one2one,CG10492
FBgn0022942,LOC4814640,1,ortholog_one2one,Cbp80
FBgn0003979,LOC4817906,1,ortholog_one2one,Vm26Aa
FBgn0015033,LOC4813591,1,ortholog_one2one,Cyp4d8
FBgn0031279,LOC4817546,1,ortholog_one2one,CG3544
FBgn0004552,LOC4812642,1,ortholog_one2one,Akh
FBgn0031327,LOC4817622,1,ortholog_one2one,CG5397
FBgn0034299,LOC4804117,1,ortholog_one2one,CG5757
FBgn0024366,LOC4815576,1,ortholog_one2one,CG11409
FBgn0034394,LOC4803621,1,ortholog_one2one,CG15096
FBgn0037114,LOC4812773,1,ortholog_one2one,Cpr78E
FBgn0039376,LOC6897692,1,ortholog_one2one,CG14354
FBgn0010473,LOC4817750,1,ortholog_one2one,tutl
FBgn0069242,LOC4802805,1,ortholog_one2many,eca
FBgn0025111,LOC4814804,1,ortholog_one2one,Ant2
FBgn0033437,LOC4805121,1,ortholog_one2one,CG12926
FBgn0031888,LOC4817718,1,ortholog_one2one,Pvf2
FBgn0030855,LOC4815957,1,ortholog_one2one,CG5800
FBgn0030040,LOC4815341,1,ortholog_one2one,CG15347
FBgn0266521,LOC4817865,1,ortholog_one2one,stai
FBgn0035591,LOC4814073,1,ortholog_one2one,CG4611
FBgn0038912,LOC4800977,1,ortholog_one2one,CG6656
FBgn0030543,LOC6901502,1,ortholog_one2one,CG11585
FBgn0038931,LOC4801461,1,ortholog_one2one,CG13407
FBgn0263109,LOC4804835,1,ortholog_one2one,CG43366
FBgn0260972,LOC4804588,1,ortholog_one2one,alc
FBgn0034243,LOC4803999,1,ortholog_one2one,Ns2
FBgn0037581,LOC4801702,1,ortholog_one2one,CG7352
FBgn0264742,LOC26532643,1,ortholog_one2one,CG44000
FBgn0031023,LOC6902117,1,ortholog_one2one,CG14200
FBgn0025874,LOC117184128,0,ortholog_many2many,Meics
FBgn0025874,LOC6901452,0,ortholog_many2many,Meics
FBgn0038751,LOC4803083,1,ortholog_one2one,CG4770
FBgn0259215,LOC4801548,1,ortholog_one2one,Ir93a
FBgn0035703,LOC4814154,1,ortholog_one2one,Bulli
FBgn0032487,LOC4816343,1,ortholog_one2one,Ski6
FBgn0027364,LOC4812043,1,ortholog_one2one,Six4
FBgn0038439,LOC4800807,1,ortholog_one2one,Cad89D
FBgn0024510,LOC4812063,1,ortholog_one2one,dlt
FBgn0265188,LOC26532884,1,ortholog_one2one,CG44253
FBgn0039925,LOC6904061,0,ortholog_one2one,Kif3C
FBgn0267976,LOC6902754,0,ortholog_one2one,Tim23
FBgn0028658,LOC4816505,1,ortholog_one2one,Adat1
FBgn0032243,LOC4817911,0,ortholog_one2one,Klp31E
FBgn0039343,LOC4802416,1,ortholog_one2one,CG5111
FBgn0039630,LOC4801595,1,ortholog_one2one,CG11843
FBgn0033354,LOC6898566,0,ortholog_one2one,FANCI
FBgn0035049,LOC4805299,1,ortholog_one2one,Mmp1
FBgn0038566,LOC4803167,1,ortholog_one2one,bard
FBgn0031773,LOC4817915,1,ortholog_one2one,Fbw5
FBgn0003076,LOC4812413,1,ortholog_one2one,Pgm1
FBgn0023000,LOC26532572,1,ortholog_many2many,mth
FBgn0023000,LOC26533489,0,ortholog_many2many,mth
FBgn0010339,LOC4804358,1,ortholog_one2one,128up
FBgn0023521,LOC4815901,1,ortholog_one2one,CG3587
FBgn0260776,LOC6900338,1,ortholog_one2one,CG42570
FBgn0262740,LOC4815151,1,ortholog_one2one,Evi5
FBgn0032876,LOC26534447,0,ortholog_one2one,Cen
FBgn0035179,LOC6900619,1,ortholog_one2one,aln
FBgn0030518,LOC4815319,1,ortholog_one2one,CG11134
FBgn0036298,LOC4813603,1,ortholog_one2one,nst
FBgn0267795,LOC4812939,1,ortholog_one2one,Frl
FBgn0032803,LOC117184208,1,ortholog_one2one,CG13082
FBgn0038012,LOC6897669,1,ortholog_one2one,CG10013
FBgn0261514,LOC6902704,1,ortholog_one2one,NimA
FBgn0038749,LOC4803084,1,ortholog_one2one,Xport-A
FBgn0039490,LOC4801145,1,ortholog_one2one,CG5882
FBgn0037234,LOC4802753,1,ortholog_one2one,CG9795
FBgn0029105,LOC117183615,1,ortholog_one2one,alpha-Catr
FBgn0026403,LOC6898425,1,ortholog_one2one,Ndg
FBgn0051632,LOC4816197,1,ortholog_one2one,sens-2
FBgn0035280,LOC4813110,1,ortholog_one2one,Cpr62Bb
FBgn0263830,LOC6902280,1,ortholog_one2one,CG40486
FBgn0037282,LOC4802515,1,ortholog_one2one,CG14657
FBgn0032343,LOC4817324,1,ortholog_one2one,Idua
FBgn0261437,LOC6902792,1,ortholog_one2one,CSN8
FBgn0053887,LOC117185618,1,ortholog_one2one,His4:CG33887
FBgn0032882,LOC4816858,1,ortholog_one2one,Ns4
FBgn0027335,LOC4814277,1,ortholog_one2one,Rip11
FBgn0039478,LOC4801137,1,ortholog_one2one,Nep5
FBgn0053986,LOC6900344,1,ortholog_one2one,CG33986
FBgn0052797,LOC4803025,0,ortholog_one2one,CG32797
FBgn0052675,LOC4815718,1,ortholog_one2one,Tango5
FBgn0262009,LOC6896794,1,ortholog_one2one,CG42827
FBgn0266100,LOC4813773,1,ortholog_one2one,CG44837
FBgn0037363,LOC4802047,1,ortholog_one2one,Atg17
FBgn0038122,LOC4801391,1,ortholog_one2one,CG8138
FBgn0260008,LOC6897798,0,ortholog_one2many,UQCR-11
FBgn0026179,LOC6900636,0,ortholog_one2one,siz
FBgn0040487,LOC117184955,1,ortholog_many2many,BobA
FBgn0040487,LOC117184565,1,ortholog_many2many,BobA
FBgn0036553,LOC4812207,1,ortholog_one2one,CG17027
FBgn0032318,LOC4811735,1,ortholog_one2one,CG14072
FBgn0032224,LOC13036553,0,ortholog_one2one,Sps2
FBgn0015336,LOC4815039,0,ortholog_one2one,CG15865
FBgn0010548,LOC6898694,1,ortholog_many2many,Aldh-III
FBgn0032143,LOC4817350,1,ortholog_one2one,CG4017
FBgn0031718,LOC4817880,1,ortholog_one2one,CG14014
FBgn0040817,LOC4812122,1,ortholog_one2one,CG14132
FBgn0262846,LOC6897207,1,ortholog_one2one,CG43210
FBgn0051097,LOC4802358,1,ortholog_one2one,CG31097
FBgn0032195,LOC4817725,0,ortholog_one2one,Bcs1
FBgn0036082,LOC4813327,1,ortholog_one2one,CG12362
FBgn0033296,LOC6898153,1,ortholog_one2one,Mal-A7
FBgn0051098,LOC4802362,1,ortholog_one2one,CG31098
FBgn0052732,LOC4815968,1,ortholog_one2one,Setd3
FBgn0250785,LOC4816936,1,ortholog_one2one,vari
FBgn0262743,LOC4817107,1,ortholog_one2one,Fs(2)Ket
FBgn0026570,LOC6900859,1,ortholog_one2many,CG5704
FBgn0014033,LOC6902834,1,ortholog_one2many,Sr-CI
FBgn0001075,LOC4817792,1,ortholog_one2one,ft
FBgn0038602,LOC6897219,1,ortholog_one2one,CG7126
FBgn0034232,LOC4803940,1,ortholog_one2one,CG4866
FBgn0032791,LOC6902725,1,ortholog_one2one,CG18094
FBgn0038325,LOC4800695,1,ortholog_one2one,Atg4b
FBgn0039487,LOC4801142,1,ortholog_one2one,gb
FBgn0037341,LOC4802427,1,ortholog_one2one,CG12746
FBgn0002565,LOC6898899,0,ortholog_one2one,Lsp2
FBgn0033097,LOC4803434,1,ortholog_one2one,Zip42C.2
FBgn0003390,LOC4816081,1,ortholog_one2one,shf
FBgn0034606,LOC6898232,1,ortholog_one2one,ASPP
FBgn0037270,LOC4802712,1,ortholog_one2one,eIF3f1
FBgn0033304,LOC4804978,0,ortholog_one2one,Cyp6a13
FBgn0035244,LOC6900117,1,ortholog_one2one,ABCB7
FBgn0038271,LOC4801071,1,ortholog_one2one,UQCR-C1
FBgn0031298,LOC4817593,1,ortholog_one2one,Atg4a
FBgn0028687,LOC4804886,1,ortholog_one2one,Rpt1
FBgn0023514,LOC4815278,1,ortholog_one2one,CG14805
FBgn0036258,LOC4813755,1,ortholog_one2one,eIF3l
FBgn0050047,LOC4804263,1,ortholog_one2one,CG30047
FBgn0037877,LOC4803145,1,ortholog_one2one,CG6689
FBgn0051391,LOC6897978,0,ortholog_many2many,CG31391
FBgn0051391,LOC6897977,0,ortholog_many2many,CG31391
FBgn0051391,LOC4803229,0,ortholog_many2many,CG31391
FBgn0042179,LOC4813560,1,ortholog_one2one,Ugt305A1
FBgn0034666,LOC4805251,1,ortholog_one2one,CG9294
FBgn0037539,LOC4802722,1,ortholog_one2one,CG10435
FBgn0040575,LOC4800263,1,ortholog_one2one,CG15922
FBgn0030316,LOC4816019,1,ortholog_one2one,CG11695
FBgn0039038,LOC4800913,1,ortholog_one2one,CG6688
FBgn0031654,LOC5495509,1,ortholog_one2one,Jon25Bii
FBgn0261602,LOC4814151,1,ortholog_one2one,RpL8
FBgn0035692,LOC4814173,1,ortholog_one2one,Sf3b6
FBgn0039084,LOC4800550,1,ortholog_one2one,CG10175
FBgn0044871,LOC4801430,1,ortholog_one2one,Gos28
FBgn0031471,LOC6902656,0,ortholog_many2many,CG3117
FBgn0031471,LOC6902665,0,ortholog_many2many,CG3117
FBgn0031471,LOC117184065,0,ortholog_many2many,CG3117
FBgn0031471,LOC6902659,0,ortholog_many2many,CG3117
FBgn0050417,LOC4803712,1,ortholog_one2one,tbrd-3
FBgn0027498,LOC4814476,1,ortholog_one2one,CG2061
FBgn0034173,LOC4804189,1,ortholog_one2one,CG9010
FBgn0000357,LOC4812719,1,ortholog_one2one,Cp18
FBgn0043010,LOC4804168,1,ortholog_one2one,Fsn
FBgn0022709,LOC4813057,1,ortholog_one2one,Ak1
FBgn0002973,LOC4817901,1,ortholog_one2one,numb
FBgn0035547,LOC4812459,1,ortholog_one2one,CG15022
FBgn0028539,LOC4816480,1,ortholog_one2one,Eato
FBgn0265048,LOC4802320,1,ortholog_one2one,cv-d
FBgn0037200,LOC4813750,1,ortholog_one2one,CG11109
FBgn0039790,LOC6896706,1,ortholog_one2one,CG2246
FBgn0260777,LOC6900336,1,ortholog_one2one,CG42571
FBgn0033984,LOC4804988,1,ortholog_one2one,Lap1
FBgn0287695,LOC4817818,1,ortholog_one2one,KFase
FBgn0262004,LOC13036525,1,ortholog_many2many,CG42822
FBgn0262004,LOC6897100,1,ortholog_many2many,CG42822
FBgn0262527,LOC4802545,1,ortholog_one2one,nsl1
FBgn0031115,LOC4814859,1,ortholog_one2one,CG11710
FBgn0039677,LOC4800493,1,ortholog_one2one,ppk30
FBgn0266430,LOC117184663,1,ortholog_many2many,CG45060
FBgn0266430,LOC6901066,0,ortholog_many2many,CG45060
FBgn0036229,LOC4813561,1,ortholog_one2one,CG7248
FBgn0024909,LOC4802992,1,ortholog_one2one,Taf7
FBgn0031473,LOC6902653,1,ortholog_one2one,CG3104
FBgn0039856,LOC6897050,1,ortholog_one2one,CG1774
FBgn0033484,LOC4804558,1,ortholog_one2one,CG2269
FBgn0039508,LOC4801171,1,ortholog_one2one,CG3368
FBgn0052250,LOC4813213,1,ortholog_one2one,PMP34
FBgn0033649,LOC4805405,1,ortholog_one2one,pyr
FBgn0038662,LOC4801833,1,ortholog_one2one,Mpc1
FBgn0030790,LOC4815614,1,ortholog_one2one,CG4768
FBgn0051870,LOC4816408,1,ortholog_one2one,CG31870
FBgn0030733,LOC4815029,1,ortholog_one2many,UQCR-14
FBgn0033785,LOC4805142,1,ortholog_one2one,Sans
FBgn0032244,LOC6903523,0,ortholog_one2one,RfC3
FBgn0037933,LOC4802850,1,ortholog_one2one,Ho
FBgn0031611,LOC4817700,0,ortholog_one2one,FIG4
FBgn0032433,LOC6902890,1,ortholog_one2many,Oatp33Ea
FBgn0032433,LOC6902891,1,ortholog_one2many,Oatp33Ea
FBgn0036328,LOC4813462,1,ortholog_one2one,CG10749
FBgn0266666,LOC4817729,1,ortholog_one2one,Sem1
FBgn0028491,LOC6901555,1,ortholog_one2one,CG2930
FBgn0004888,LOC6900549,1,ortholog_one2one,Scsalpha1
FBgn0035510,LOC6900302,1,ortholog_one2one,Cpr64Aa
FBgn0051867,LOC6903028,1,ortholog_one2one,CG31867
FBgn0085237,LOC6898817,1,ortholog_one2one,CG34208
FBgn0035397,LOC4812540,1,ortholog_one2one,PAN3
FBgn0051091,LOC4802227,0,ortholog_one2one,CG31091
FBgn0030562,LOC4814732,1,ortholog_one2one,CG9400
FBgn0000043,LOC26534122,0,ortholog_one2many,Act42A
FBgn0000043,LOC6898658,1,ortholog_one2many,Act42A
FBgn0038150,LOC4801989,1,ortholog_one2one,yellow-e3
FBgn0036754,LOC6900789,1,ortholog_one2one,ais
FBgn0001218,LOC4815139,1,ortholog_one2one,Hsc70-3
FBgn0051410,LOC4800772,1,ortholog_one2one,Npc2e
FBgn0028707,LOC4817726,1,ortholog_one2one,Mt2
FBgn0003460,LOC4803497,1,ortholog_one2one,so
FBgn0030764,LOC6903271,0,ortholog_one2many,CG9777
FBgn0024956,LOC4805322,1,ortholog_one2one,Mat1
FBgn0033717,LOC4803662,0,ortholog_one2one,CG8839
FBgn0036391,LOC4813614,1,ortholog_one2one,CG17364
FBgn0039201,LOC4802143,1,ortholog_one2one,DZIP1
FBgn0035424,LOC4812197,1,ortholog_many2many,Larp4B
FBgn0039415,LOC4802190,1,ortholog_one2one,CG6142
FBgn0030318,LOC4816030,0,ortholog_one2one,rho-4
FBgn0031098,LOC4814979,1,ortholog_one2one,CG17068
FBgn0250814,LOC6897314,0,ortholog_one2many,UQCR-C2
FBgn0250814,LOC4812382,1,ortholog_one2many,UQCR-C2
FBgn0039489,LOC6897073,1,ortholog_one2one,CG5880
FBgn0040074,LOC4812149,1,ortholog_one2one,retinin
FBgn0034025,LOC4804864,1,ortholog_one2one,Pgant1
FBgn0031043,LOC6897402,0,ortholog_one2many,Naa20A
FBgn0031043,LOC6902134,1,ortholog_one2many,Naa20A
FBgn0035438,LOC4812067,1,ortholog_one2one,Gtpx
FBgn0027095,LOC4802560,1,ortholog_one2one,Manf
FBgn0039622,LOC4812682,0,ortholog_one2many,eIF4E6
FBgn0278604,LOC4800845,1,ortholog_one2one,dmt
FBgn0027835,LOC4804813,1,ortholog_one2one,Dp1
FBgn0024833,LOC4802699,1,ortholog_one2one,AP-1mu
FBgn0038234,LOC4801077,0,ortholog_one2one,mRpL11
FBgn0024995,LOC4815379,1,ortholog_one2one,CG2680
FBgn0004401,LOC6900505,1,ortholog_one2one,Pep
FBgn0037616,LOC6897887,1,ortholog_one2one,CG8136
FBgn0037573,LOC4801811,1,ortholog_one2one,CG7483
FBgn0262057,LOC6900427,1,ortholog_one2many,Spn77Ba
FBgn0025781,LOC4801223,1,ortholog_one2one,Cdc16
FBgn0086895,LOC4803649,1,ortholog_one2one,pea
FBgn0029769,LOC4815586,1,ortholog_one2one,frma
FBgn0032846,LOC4816473,1,ortholog_one2one,Pyroxd1
FBgn0264712,LOC4802449,1,ortholog_one2one,CG1172
FBgn0029814,LOC6901938,1,ortholog_one2one,CG15765
FBgn0000416,LOC4800324,1,ortholog_one2one,Sap-r
FBgn0031496,LOC4817355,1,ortholog_one2one,CG17258
FBgn0260766,LOC6897556,0,ortholog_one2one,CG42564
FBgn0031858,LOC4817891,0,ortholog_one2one,CG17378
FBgn0037614,LOC4803007,1,ortholog_one2one,TMEM216
FBgn0004652,LOC4801442,1,ortholog_one2one,fru
FBgn0011817,LOC6899982,1,ortholog_one2one,nmo
FBgn0039591,LOC4800635,1,ortholog_one2one,CG9988
FBgn0035985,LOC4814058,1,ortholog_one2one,Cpr67B
FBgn0038714,LOC4803265,1,ortholog_one2one,Cpr92A
FBgn0262524,LOC4813807,1,ortholog_one2one,ver
FBgn0003008,LOC4804283,1,ortholog_one2one,or
FBgn0041246,LOC4817038,1,ortholog_one2one,Gr32a
FBgn0034643,LOC4803703,1,ortholog_one2one,CG10321
FBgn0261682,LOC6900342,1,ortholog_one2one,CG42729
FBgn0053054,LOC4813021,1,ortholog_one2one,Targ1
FBgn0039736,LOC4800262,1,ortholog_one2one,CG7912
FBgn0025776,LOC6900361,1,ortholog_one2one,ind
FBgn0038002,LOC4802608,1,ortholog_one2one,CG12256
FBgn0267821,LOC4811831,0,ortholog_one2one,da
FBgn0016036,LOC4813150,1,ortholog_one2one,mei-P22
FBgn0085474,LOC4803827,1,ortholog_one2one,CG34445
FBgn0003358,LOC4800280,1,ortholog_one2one,Jon99Ci
FBgn0263237,LOC4815656,1,ortholog_one2one,Cdk7
FBgn0261523,LOC6902928,0,ortholog_one2many,CG42658
FBgn0261523,LOC6902929,0,ortholog_one2many,CG42658
FBgn0263032,LOC6898430,1,ortholog_one2one,CG43327
FBgn0039924,LOC117184341,0,ortholog_one2one,PIP4K
FBgn0036019,LOC4812748,0,ortholog_one2one,Or67b
FBgn0017482,LOC4805213,1,ortholog_one2one,T3dh
FBgn0029751,LOC4815783,1,ortholog_one2one,CG17764
FBgn0003339,LOC4802255,1,ortholog_one2one,Scr
FBgn0034437,LOC4804255,1,ortholog_one2one,CG10051
FBgn0262026,LOC6898277,1,ortholog_one2one,CG42837
FBgn0036890,LOC4812102,1,ortholog_one2one,CG9368
FBgn0020626,LOC4801379,1,ortholog_one2one,Osbp
FBgn0046225,LOC6904114,1,ortholog_one2one,CG17230
FBgn0010417,LOC4812556,1,ortholog_one2one,Taf6
FBgn0033732,LOC4804280,1,ortholog_one2one,CG13157
FBgn0024992,LOC4815346,1,ortholog_one2one,Spg7
FBgn0085229,LOC6898674,1,ortholog_one2many,CG34200
FBgn0037797,LOC4801041,1,ortholog_one2one,CG12420
FBgn0265140,LOC6897157,0,ortholog_one2one,Meltrin
FBgn0027546,LOC5614322,1,ortholog_one2one,CG4766
FBgn0037845,LOC4803110,1,ortholog_one2one,CG14694
FBgn0035232,LOC4813309,0,ortholog_one2one,CG12099
FBgn0264492,LOC6899762,0,ortholog_one2one,CkIIalpha
FBgn0034663,LOC4805248,1,ortholog_one2one,CG4363
FBgn0031775,LOC4818162,1,ortholog_one2one,CG9150
FBgn0034667,LOC4805252,1,ortholog_one2one,comr
FBgn0261610,LOC4816068,1,ortholog_one2one,CG42699
FBgn0000114,LOC6902998,0,ortholog_one2one,bru1
FBgn0000352,LOC4803492,1,ortholog_one2one,cos
FBgn0002926,LOC4812515,1,ortholog_one2one,ndl
FBgn0032817,LOC4816176,1,ortholog_one2one,CG10631
FBgn0003710,LOC4812654,1,ortholog_one2one,tipE
FBgn0003062,LOC6898210,0,ortholog_one2one,Fib
FBgn0039617,LOC4801609,1,ortholog_one2one,DIP-gamma
FBgn0287720,LOC4817215,1,ortholog_one2one,Pen
FBgn0031141,LOC4814555,0,ortholog_one2many,CG1304
FBgn0034489,LOC6899091,0,ortholog_one2one,ppk6
FBgn0052227,LOC4813827,1,ortholog_one2one,gogo
FBgn0033663,LOC6898952,1,ortholog_one2one,ERp60
FBgn0030060,LOC4814711,1,ortholog_one2one,CG2004
FBgn0033735,LOC4803534,1,ortholog_one2one,Dera
FBgn0036984,LOC4813968,1,ortholog_one2one,CG13248
FBgn0031637,LOC4817349,1,ortholog_one2one,mxt
FBgn0030576,LOC4815019,1,ortholog_one2one,CG15890
FBgn0038535,LOC4802679,1,ortholog_one2one,alt
FBgn0259139,LOC6897826,1,ortholog_one2one,glo
FBgn0031364,LOC4817513,1,ortholog_one2one,CG17648
FBgn0034859,LOC4804486,1,ortholog_one2one,CG3520
FBgn0030108,LOC4814745,1,ortholog_one2one,Gr8a
FBgn0037229,LOC4803574,0,ortholog_one2one,flip
FBgn0011769,LOC4814185,1,ortholog_one2one,Fdx1
FBgn0286506,LOC4801512,1,ortholog_one2one,Mpi
FBgn0020640,LOC6900713,1,ortholog_many2many,Lcp65Ae
FBgn0020640,LOC6900714,1,ortholog_many2many,Lcp65Ae
FBgn0030869,LOC4814613,1,ortholog_one2one,Socs16D
FBgn0034578,LOC4805519,1,ortholog_one2one,CG15653
FBgn0038167,LOC4802011,1,ortholog_one2one,Lkb1
FBgn0023212,LOC6896790,1,ortholog_one2one,EloB
FBgn0030377,LOC6896766,0,ortholog_one2many,CG1924
FBgn0264810,LOC4817852,1,ortholog_one2one,Pburs
FBgn0014343,LOC4813917,1,ortholog_one2one,mirr
FBgn0004629,LOC4801728,1,ortholog_one2many,Cys
FBgn0037926,LOC4802376,1,ortholog_one2one,Elp1
FBgn0037488,LOC4802935,1,ortholog_one2one,CG14607
FBgn0031929,LOC4817147,1,ortholog_one2one,CG18585
FBgn0051549,LOC6897440,1,ortholog_one2one,CG31549
FBgn0061476,LOC4800347,1,ortholog_one2one,Zwilch
FBgn0031070,LOC6897896,0,ortholog_one2many,CG12702
FBgn0031070,LOC4815283,1,ortholog_one2many,CG12702
FBgn0030640,LOC4815795,1,ortholog_one2one,CG6294
FBgn0011826,LOC6903699,0,ortholog_one2one,Pp2B-14D
FBgn0052305,LOC4813884,1,ortholog_one2many,CG32305
FBgn0034639,LOC4805290,1,ortholog_one2one,CG15673
FBgn0037017,LOC4812243,1,ortholog_one2one,CG4074
FBgn0032707,LOC4817069,1,ortholog_one2one,CG10348
FBgn0037714,LOC6897747,1,ortholog_one2one,CG9396
FBgn0028864,LOC6902663,0,ortholog_one2many,CG18477
FBgn0029688,LOC6898539,0,ortholog_one2one,lva
FBgn0023535,LOC4815241,1,ortholog_one2one,arg
FBgn0031776,LOC4818056,1,ortholog_one2one,Pfdn1
FBgn0260398,LOC4804340,1,ortholog_one2one,Pbp49
FBgn0039833,LOC4800710,1,ortholog_one2one,CG15564
FBgn0032955,LOC4817935,1,ortholog_one2one,CG2201
FBgn0027620,LOC4801941,1,ortholog_one2one,Acf
FBgn0035957,LOC4814024,1,ortholog_one2one,Argk2
FBgn0050163,LOC4803418,0,ortholog_one2one,Cpr60D
FBgn0037315,LOC4802481,1,ortholog_one2one,Cerk
FBgn0051028,LOC6896744,1,ortholog_one2one,Rsod
FBgn0040232,LOC6903039,1,ortholog_one2many,cmet
FBgn0037483,LOC4802931,1,ortholog_one2one,CG14609
FBgn0003087,LOC4811678,1,ortholog_one2one,pim
FBgn0031638,LOC4817145,1,ortholog_one2one,CG11927
FBgn0029995,LOC4815710,1,ortholog_one2one,CG2256
FBgn0033752,LOC4804359,0,ortholog_one2one,CG8569
FBgn0031817,LOC4818166,1,ortholog_one2one,HemK1
FBgn0039552,LOC6896872,1,ortholog_one2many,CG12426
FBgn0039552,LOC6900811,0,ortholog_one2many,CG12426
FBgn0286723,LOC4816301,1,ortholog_one2one,hll
FBgn0003567,LOC4801579,1,ortholog_one2one,su(Hw)
FBgn0033932,LOC4803884,1,ortholog_one2one,Dh44-R1
FBgn0027951,LOC6897173,1,ortholog_one2one,MTA1-like
FBgn0036996,LOC4812229,1,ortholog_one2one,mag
FBgn0035552,LOC6902597,0,ortholog_one2many,CG11350
FBgn0037994,LOC4802602,1,ortholog_one2one,eIF3d2
FBgn0035044,LOC4803401,0,ortholog_one2one,CG3663
FBgn0032464,LOC4816428,1,ortholog_one2one,Vha68-3
FBgn0037529,LOC4802990,1,ortholog_one2one,mRpS9
FBgn0038309,LOC4803093,1,ortholog_one2one,Amt
FBgn0023529,LOC4815677,1,ortholog_one2one,Grp170
FBgn0036827,LOC4811854,1,ortholog_one2one,CG6843
FBgn0262116,LOC6898023,0,ortholog_one2one,RNASEK
FBgn0029696,LOC4814415,1,ortholog_one2one,CG15571
FBgn0031662,LOC4816553,1,ortholog_one2one,CG3792
FBgn0027084,LOC4814405,1,ortholog_one2one,LysRS
FBgn0034175,LOC4804192,1,ortholog_one2one,ste24b
FBgn0029843,LOC4814942,1,ortholog_one2one,Nep1
FBgn0034910,LOC6903655,0,ortholog_one2one,CG4763
FBgn0030447,LOC4815749,1,ortholog_one2one,CG2200
FBgn0031801,LOC4816245,1,ortholog_one2one,CG9498
FBgn0051189,LOC4803303,1,ortholog_one2one,CG31189
FBgn0034498,LOC4804594,1,ortholog_one2one,CG16868
FBgn0011239,LOC4816596,1,ortholog_one2one,ms(2)35Ci
FBgn0004863,LOC6897156,1,ortholog_one2one,C15
FBgn0028538,LOC4816527,1,ortholog_one2one,Sec71
FBgn0033019,LOC4803332,0,ortholog_one2one,CG10395
FBgn0035167,LOC4813310,1,ortholog_one2one,Gr61a
FBgn0052039,LOC4814027,1,ortholog_one2one,Svip
FBgn0034546,LOC4804414,1,ortholog_one2one,CG13442
FBgn0034140,LOC6898895,0,ortholog_one2one,Lst
FBgn0054026,LOC117183773,0,ortholog_one2one,CG34026
FBgn0036815,LOC4813682,1,ortholog_one2many,HipHop
FBgn0025936,LOC6899822,0,ortholog_one2one,Eph
FBgn0038145,LOC4801267,1,ortholog_one2one,Droj2
FBgn0044419,LOC4813484,1,ortholog_one2one,Pmi
FBgn0260940,LOC4800972,1,ortholog_one2one,lsn
FBgn0010015,LOC6896671,1,ortholog_one2one,CanA1
FBgn0032033,LOC4818159,1,ortholog_one2one,CG13392
FBgn0031251,LOC4817415,1,ortholog_one2one,CG4213
FBgn0030789,LOC4816058,1,ortholog_one2one,Rrp45
FBgn0033246,LOC4804025,1,ortholog_one2one,ACC
FBgn0036618,LOC4812592,1,ortholog_one2one,Cpr72Eb
FBgn0017550,LOC4802036,1,ortholog_one2one,Rga
FBgn0016715,LOC4812407,1,ortholog_one2one,Reg-2
FBgn0032393,LOC4817709,1,ortholog_one2one,Nfs1
FBgn0031034,LOC6902128,0,ortholog_many2many,CG14205
FBgn0031034,LOC6902130,0,ortholog_many2many,CG14205
FBgn0259978,LOC4805231,0,ortholog_one2one,vlc
FBgn0053237,LOC6899057,0,ortholog_one2many,Ste:CG33237
FBgn0030725,LOC4814758,1,ortholog_one2one,CG8958
FBgn0026576,LOC4801761,1,ortholog_one2one,Pisd
FBgn0010194,LOC4811726,0,ortholog_one2one,Wnt5
FBgn0032880,LOC4817108,1,ortholog_one2one,TM9SF2
FBgn0052626,LOC6901532,1,ortholog_one2one,AMPdeam
FBgn0036728,LOC4813793,1,ortholog_one2one,UQCR-Q
FBgn0040252,LOC4803136,1,ortholog_one2one,Ugt303A1
FBgn0016031,LOC4812979,1,ortholog_one2one,lama
FBgn0003391,LOC6898987,1,ortholog_one2one,shg
FBgn0030100,LOC4815250,0,ortholog_one2one,CG12106
FBgn0284444,LOC6899976,1,ortholog_one2one,ddbt
FBgn0038458,LOC4802081,1,ortholog_one2one,VhaM9.7-d
FBgn0024321,LOC4801946,1,ortholog_one2one,NK7.1
FBgn0042119,LOC4813496,1,ortholog_one2one,Cpr65Au
FBgn0030086,LOC4814653,1,ortholog_one2one,CCT2
FBgn0032405,LOC4817754,1,ortholog_one2one,firl
FBgn0031367,LOC6903137,1,ortholog_one2one,c-cup
FBgn0024957,LOC4801022,1,ortholog_one2one,Irp-1B
FBgn0033479,LOC4804087,1,ortholog_one2many,PIG-N
FBgn0033479,LOC117183749,1,ortholog_one2many,PIG-N
FBgn0029798,LOC4814338,1,ortholog_one2one,Rtel1
FBgn0051778,LOC4816872,1,ortholog_one2one,CG31778
FBgn0030408,LOC6902023,1,ortholog_one2one,CG11085
FBgn0262878,LOC6903103,1,ortholog_one2one,CG43233
FBgn0003165,LOC6899331,0,ortholog_one2one,pum
FBgn0036334,LOC4813308,1,ortholog_one2one,CG11267
FBgn0032799,LOC4817882,1,ortholog_one2one,Dpm1
FBgn0037454,LOC4802286,1,ortholog_one2one,CG1137
FBgn0034817,LOC6898207,1,ortholog_one2one,Art7
FBgn0032018,LOC4816838,1,ortholog_one2one,CG7806
FBgn0261276,LOC4805478,1,ortholog_one2one,Opa1
FBgn0053340,LOC6897484,1,ortholog_one2one,CG33340
FBgn0034383,LOC4803747,1,ortholog_one2one,CG17821
FBgn0032957,LOC4817959,1,ortholog_one2one,CG2225
FBgn0033192,LOC4804909,1,ortholog_one2one,Corin
FBgn0038568,LOC6897962,1,ortholog_one2many,CG14315
FBgn0038568,LOC4803170,1,ortholog_one2many,CG14315
FBgn0038507,LOC4801202,1,ortholog_one2one,CG5863
FBgn0015797,LOC4816944,1,ortholog_one2one,Rab6
FBgn0039958,LOC6902753,0,ortholog_one2one,CG12567
FBgn0262812,LOC6898948,0,ortholog_one2one,CG43183
FBgn0034183,LOC4804466,0,ortholog_one2one,SmydA-6
FBgn0266717,LOC4801032,1,ortholog_one2one,Bruce
FBgn0036052,LOC4813732,0,ortholog_one2one,CG10809
FBgn0051646,LOC6902589,1,ortholog_one2one,DIP-theta
FBgn0003733,LOC4804131,1,ortholog_one2one,tor
FBgn0040383,LOC4815108,0,ortholog_one2one,CG5254
FBgn0039227,LOC4800428,1,ortholog_one2one,polybromo
FBgn0267449,LOC6903301,0,ortholog_one2one,WDY
FBgn0031837,LOC4816264,1,ortholog_one2one,DIP-iota
FBgn0052485,LOC4812071,1,ortholog_one2one,CG32485
FBgn0023534,LOC4814865,1,ortholog_one2one,CG17778
FBgn0002673,LOC4817866,0,ortholog_one2one,twe
FBgn0284245,LOC4805418,1,ortholog_one2one,eEF1alpha1
FBgn0288229,LOC4817740,1,ortholog_one2one,CG3164
FBgn0036549,LOC6900298,1,ortholog_one2one,CG10516
FBgn0035421,LOC4812332,1,ortholog_one2one,nSMase
FBgn0035158,LOC4811869,1,ortholog_one2one,CG13895
FBgn0039970,LOC6902763,0,ortholog_one2many,CG17508
FBgn0265102,LOC4813946,1,ortholog_one2one,Oseg1
FBgn0052379,LOC4813509,1,ortholog_one2one,CG32379
FBgn0038446,LOC4800800,1,ortholog_one2one,CG14903
FBgn0262854,LOC26534294,1,ortholog_one2one,CG43218
FBgn0029754,LOC6902043,0,ortholog_one2one,CG15930
FBgn0034091,LOC4803901,1,ortholog_one2one,mrj
FBgn0010109,LOC4803579,1,ortholog_one2one,dpn
FBgn0085506,LOC6899057,0,ortholog_one2many,CG40635
FBgn0035811,LOC4813405,1,ortholog_one2one,Mcad
FBgn0029535,LOC4814408,1,ortholog_one2one,CG14635
FBgn0039683,LOC4800500,1,ortholog_one2one,dmrt99B
FBgn0039596,LOC6896836,1,ortholog_one2one,CG10000
FBgn0039463,LOC4800735,1,ortholog_one2one,Spag1
FBgn0042129,LOC4816767,1,ortholog_one2one,OS9
FBgn0050049,LOC6898438,1,ortholog_one2one,CG30049
FBgn0005696,LOC4801250,1,ortholog_one2one,PolA2
FBgn0037849,LOC117184266,0,ortholog_one2many,CG4596
FBgn0037849,LOC4803115,1,ortholog_one2many,CG4596
FBgn0016726,LOC4803773,1,ortholog_one2one,RpL29
FBgn0035587,LOC4814142,1,ortholog_one2one,Gdap1
FBgn0032034,LOC4817968,1,ortholog_one2one,Rcd4
FBgn0000071,LOC4802260,1,ortholog_one2one,Ama
FBgn0052104,LOC4813465,1,ortholog_one2one,CG32104
FBgn0038526,LOC6897731,1,ortholog_one2one,CG14327
FBgn0010747,LOC4814123,1,ortholog_one2one,Srp54k
FBgn0030612,LOC4815955,1,ortholog_one2one,Dbct
FBgn0034956,LOC4804295,1,ortholog_one2one,CG4324
FBgn0010258,LOC6897420,1,ortholog_one2one,Rbp4
FBgn0038880,LOC4800861,1,ortholog_one2one,SIFaR
FBgn0011474,LOC4801942,1,ortholog_one2one,Set8
FBgn0284249,LOC4803419,1,ortholog_one2one,Adf1
FBgn0036165,LOC4813232,0,ortholog_one2one,chrb
FBgn0263260,LOC4804085,1,ortholog_one2one,sel
FBgn0034611,LOC6898236,1,ortholog_one2one,MFS16
FBgn0015286,LOC4814818,1,ortholog_one2many,Rala
FBgn0015286,LOC6896984,0,ortholog_one2many,Rala
FBgn0027094,LOC4818093,1,ortholog_one2one,AlaRS
FBgn0032147,LOC4817373,1,ortholog_one2one,IP3K1
FBgn0024991,LOC4815211,1,ortholog_one2many,CG2694
FBgn0053784,LOC6896911,1,ortholog_many2many,CG33784
FBgn0053784,LOC6896910,1,ortholog_many2many,CG33784
FBgn0053784,LOC6903758,1,ortholog_many2many,CG33784
FBgn0053784,LOC117183356,1,ortholog_many2many,CG33784
FBgn0053784,LOC6896909,1,ortholog_many2many,CG33784
FBgn0053784,LOC117183375,1,ortholog_many2many,CG33784
FBgn0053784,LOC117183397,1,ortholog_many2many,CG33784
FBgn0034943,LOC117183616,1,ortholog_one2one,Fmo-1
FBgn0039760,LOC6896727,0,ortholog_one2one,CG9682
FBgn0034572,LOC4805513,1,ortholog_one2one,CG9346
FBgn0053290,LOC4812854,0,ortholog_one2many,CG33290
FBgn0261397,LOC4804920,1,ortholog_one2one,didum
FBgn0261573,LOC6902116,1,ortholog_one2one,CoRest
FBgn0033184,LOC4804919,1,ortholog_one2one,mEFTu2
FBgn0036560,LOC4813452,1,ortholog_one2one,CG5895
FBgn0038386,LOC4802331,1,ortholog_one2one,CG5478
FBgn0013755,LOC6900647,1,ortholog_one2one,Bro
FBgn0003731,LOC4805286,1,ortholog_one2one,Egfr
FBgn0036449,LOC4813519,1,ortholog_one2one,bmm
FBgn0036380,LOC6902127,0,ortholog_one2one,CG8757
FBgn0004117,LOC4803105,1,ortholog_one2one,Tm2
FBgn0034986,LOC4804334,1,ortholog_one2one,mRpS17
FBgn0037185,LOC4811932,1,ortholog_one2one,CG11367
FBgn0040795,LOC6900021,1,ortholog_one2one,CG13038
FBgn0037356,LOC6897174,1,ortholog_one2one,CG12170
FBgn0054027,LOC26532036,0,ortholog_one2one,CG34027
FBgn0032293,LOC4816580,1,ortholog_one2one,Dpy-30L1
FBgn0030661,LOC4815514,1,ortholog_one2one,Alp11
FBgn0038827,LOC6896956,1,ortholog_one2one,Fancd2
FBgn0034363,LOC4804445,1,ortholog_one2one,CG5327
FBgn0035699,LOC4814125,1,ortholog_one2one,CG13300
FBgn0039807,LOC6896687,1,ortholog_one2one,CG15546
FBgn0033499,LOC4804205,1,ortholog_one2one,CG12914
FBgn0263258,LOC6901911,1,ortholog_one2one,chas
FBgn0051251,LOC6897581,1,ortholog_one2one,CG31251
FBgn0030600,LOC4816080,0,ortholog_one2one,hiw
FBgn0014396,LOC4816795,1,ortholog_one2one,tim
FBgn0036913,LOC4812943,0,ortholog_one2one,Usp32
FBgn0015919,LOC4813214,1,ortholog_one2one,caup
FBgn0037781,LOC4800774,1,ortholog_one2one,Fancl
FBgn0051122,LOC4801445,1,ortholog_one2one,CG31122
FBgn0001215,LOC6896845,1,ortholog_one2one,Hrb98DE
FBgn0015039,LOC4803475,1,ortholog_one2many,Cyp9b2
FBgn0036783,LOC4813458,1,ortholog_one2one,CheA75a
FBgn0005391,LOC6901074,1,ortholog_one2one,Yp2
FBgn0037647,LOC4802451,0,ortholog_one2one,RagA-B
FBgn0037578,LOC4801818,1,ortholog_one2one,PNKP
FBgn0250846,LOC6897391,0,ortholog_one2one,glob2
FBgn0259190,LOC4815133,1,ortholog_one2one,Ir7d
FBgn0032336,LOC4816978,1,ortholog_one2one,AstC
FBgn0053233,LOC6900918,1,ortholog_one2one,CG33233
FBgn0243513,LOC4817454,1,ortholog_one2one,cnir
FBgn0030807,LOC6901008,1,ortholog_one2one,CG13000
FBgn0037339,LOC4802426,1,ortholog_one2many,Pi4KIIalpha
FBgn0037339,LOC117185594,0,ortholog_one2many,Pi4KIIalpha
FBgn0038172,LOC4801298,1,ortholog_one2one,Adgf-D
FBgn0031267,LOC4817122,1,ortholog_one2one,Ipk2
FBgn0031474,LOC4816680,1,ortholog_one2one,CG2991
FBgn0051183,LOC4802305,1,ortholog_one2one,CG31183
FBgn0043025,LOC4813402,1,ortholog_one2one,Adgf-A2
FBgn0037069,LOC6900876,1,ortholog_one2many,Cpr78Cc
FBgn0037069,LOC4813643,1,ortholog_one2many,Cpr78Cc
FBgn0260642,LOC4802254,1,ortholog_one2one,Antp
FBgn0032494,LOC4816712,1,ortholog_one2one,Jhbp13
FBgn0013725,LOC4803879,1,ortholog_one2one,phyl
FBgn0036908,LOC6897487,0,ortholog_one2one,TORIP
FBgn0032853,LOC117184035,0,ortholog_one2many,CG10651
FBgn0032853,LOC6902679,0,ortholog_one2many,CG10651
FBgn0262731,LOC117184337,1,ortholog_one2one,CG33941
FBgn0036143,LOC4813145,1,ortholog_one2one,CG14142
FBgn0038003,LOC4802610,1,ortholog_one2one,CG3916
FBgn0259184,LOC6898167,1,ortholog_one2one,CG42288
FBgn0027055,LOC4812948,1,ortholog_one2one,CSN3
FBgn0034763,LOC4803837,1,ortholog_one2one,RYBP
FBgn0015218,LOC4812682,0,ortholog_one2many,eIF4E1
FBgn0045035,LOC4803091,1,ortholog_one2one,tefu
FBgn0029720,LOC4815280,1,ortholog_one2one,CG3009
FBgn0004003,LOC4804608,1,ortholog_one2one,wbl
FBgn0041789,LOC4816676,1,ortholog_many2many,Pax
FBgn0053169,LOC4813886,1,ortholog_one2one,CG33169
FBgn0039214,LOC6896755,1,ortholog_one2one,puf
FBgn0262357,LOC117183917,0,ortholog_many2many,CG43055
FBgn0262357,LOC26533356,0,ortholog_many2many,CG43055
FBgn0262357,LOC117183207,0,ortholog_many2many,CG43055
FBgn0031904,LOC4817042,1,ortholog_one2one,CG5149
FBgn0034634,LOC6898856,1,ortholog_one2one,CG10494
FBgn0031770,LOC4817875,1,ortholog_one2one,CG13995
FBgn0032860,LOC4816765,1,ortholog_one2one,CG15130
FBgn0262619,LOC4803515,1,ortholog_one2one,DNAlig1
FBgn0045770,LOC6903509,0,ortholog_one2many,S-Lap3
FBgn0045770,LOC6902682,0,ortholog_one2many,S-Lap3
FBgn0036232,LOC4813099,1,ortholog_one2one,CG14125
FBgn0037427,LOC6897376,1,ortholog_one2one,Osi17
FBgn0263916,LOC4817861,0,ortholog_one2one,Ent2
FBgn0033358,LOC4804775,1,ortholog_one2one,spab
FBgn0038286,LOC4802397,1,ortholog_one2one,CG6966
FBgn0033015,LOC4803327,0,ortholog_one2one,d4
FBgn0011771,LOC4811988,0,ortholog_one2one,Hem
FBgn0033380,LOC6898533,1,ortholog_one2one,Phax
FBgn0265089,LOC6902494,0,ortholog_one2many,eIF4E3
FBgn0265089,LOC4814110,1,ortholog_one2many,eIF4E3
FBgn0036857,LOC4811866,1,ortholog_one2one,Aldh7A1
FBgn0038016,LOC6897671,1,ortholog_one2one,MBD-R2
FBgn0042131,LOC4812010,1,ortholog_one2one,CG18808
FBgn0085481,LOC6900337,1,ortholog_one2one,CG34452
FBgn0039759,LOC4800400,1,ortholog_one2many,CG9733
FBgn0039689,LOC4800509,1,ortholog_one2one,CIA30
FBgn0050085,LOC4804590,0,ortholog_one2one,Rif1
FBgn0027589,LOC4805134,1,ortholog_one2one,CG1688
FBgn0050050,LOC4804279,1,ortholog_one2one,CG30050
FBgn0032971,LOC6903392,0,ortholog_one2one,ttm3
FBgn0036710,LOC6903349,0,ortholog_one2many,CG6479
FBgn0036710,LOC6900701,1,ortholog_one2many,CG6479
FBgn0053109,LOC6897278,1,ortholog_one2one,CG33109
FBgn0011281,LOC4801922,1,ortholog_one2one,Obp83a
FBgn0085327,LOC6896713,1,ortholog_one2one,CG34298
FBgn0040102,LOC26532120,0,ortholog_one2many,lectin-24Db
FBgn0040102,LOC6898242,0,ortholog_one2many,lectin-24Db
FBgn0034645,LOC4803700,1,ortholog_one2one,ND-B12
FBgn0034904,LOC6902244,0,ortholog_one2many,CG15800
FBgn0034904,LOC6902837,0,ortholog_one2many,CG15800
FBgn0014949,LOC4800607,1,ortholog_one2one,btn
FBgn0033344,LOC4805045,1,ortholog_one2one,CG8252
FBgn0260388,LOC6900028,1,ortholog_one2one,CG42514
FBgn0031749,LOC4818054,1,ortholog_one2one,CG14000
FBgn0032061,LOC4816148,1,ortholog_one2one,CatB
FBgn0014029,LOC4800531,1,ortholog_one2one,Septin2
FBgn0040080,LOC4800653,1,ortholog_one2one,pins
FBgn0265191,LOC4803761,1,ortholog_one2one,Gyg
FBgn0037664,LOC4800361,0,ortholog_one2many,CG8420
FBgn0037664,LOC117183304,1,ortholog_one2many,CG8420
FBgn0037895,LOC6897968,1,ortholog_one2one,bumpel
FBgn0033261,LOC6903317,0,ortholog_one2one,udd
FBgn0038304,LOC4802897,1,ortholog_one2one,CG12241
FBgn0264691,LOC4815233,0,ortholog_one2one,Lst8
FBgn0085427,LOC4816227,1,ortholog_one2one,CG34398
FBgn0036121,LOC6900848,0,ortholog_one2one,CG6310
FBgn0033812,LOC4804170,1,ortholog_one2one,Pex13
FBgn0038166,LOC4802010,1,ortholog_one2one,CG9588
FBgn0033787,LOC6898338,1,ortholog_one2one,CG13321
FBgn0034200,LOC6898912,1,ortholog_one2one,Gbp2
FBgn0035977,LOC4814018,1,ortholog_one2one,PGRP-LF
FBgn0260943,LOC6900901,1,ortholog_one2one,Rbp6
FBgn0260459,LOC6901982,0,ortholog_one2one,CG14106
FBgn0287185,LOC26533291,0,ortholog_one2one,nvd
FBgn0035282,LOC4813259,1,ortholog_one2one,CNMa
FBgn0042201,LOC4812432,1,ortholog_one2one,Nplp3
FBgn0037061,LOC4813709,1,ortholog_one2one,Trmt112
FBgn0035444,LOC4811911,1,ortholog_one2one,CG12012
FBgn0050457,LOC15382897,1,ortholog_one2one,CG30457
FBgn0000247,LOC6897401,1,ortholog_one2one,ca
FBgn0050469,LOC4804859,1,ortholog_one2many,Ir52b
FBgn0036937,LOC4813828,1,ortholog_one2one,Ir76b
FBgn0028546,LOC6903420,1,ortholog_one2one,ics
FBgn0030323,LOC4815826,1,ortholog_one2one,Vlet
FBgn0039402,LOC4802201,1,ortholog_one2one,Vps2
FBgn0085438,LOC4801518,1,ortholog_one2one,CG34409
FBgn0027358,LOC6902133,1,ortholog_one2one,Tim9b
FBgn0083967,LOC6897329,1,ortholog_one2one,Muted
FBgn0051716,LOC6899888,0,ortholog_one2one,Cnot4
FBgn0033724,LOC4804272,1,ortholog_one2one,CG8501
FBgn0038416,LOC4802566,1,ortholog_one2one,CG17930
FBgn0031954,LOC6902985,1,ortholog_one2one,CG14537
FBgn0031066,LOC117184822,1,ortholog_one2many,COX6B
FBgn0031066,LOC4815347,0,ortholog_one2many,COX6B
FBgn0032785,LOC4816594,1,ortholog_one2one,CG10026
FBgn0036153,LOC4813897,1,ortholog_one2one,CG7573
FBgn0003607,LOC4817063,1,ortholog_one2one,Su(var)205
FBgn0040342,LOC4814410,0,ortholog_one2one,CG3706
FBgn0034537,LOC4804424,1,ortholog_one2one,DMAP1
FBgn0027529,LOC6898570,1,ortholog_one2one,tapas
FBgn0030826,LOC4814654,1,ortholog_one2one,CG12995
FBgn0046999,LOC4804177,1,ortholog_one2one,CG6429
FBgn0035755,LOC4811940,1,ortholog_one2one,CG14830
FBgn0051145,LOC6896811,1,ortholog_one2one,CG31145
FBgn0260470,LOC4816423,1,ortholog_one2one,SP555
FBgn0086357,LOC4818176,1,ortholog_one2one,Sec61alpha
FBgn0031573,LOC4817120,1,ortholog_one2one,CG3407
FBgn0013762,LOC4804076,1,ortholog_one2one,Cdk5
FBgn0028473,LOC4804518,1,ortholog_one2one,Non1
FBgn0053901,LOC117185617,1,ortholog_one2many,His4:CG33901
FBgn0038621,LOC4801444,1,ortholog_one2one,CG10864
FBgn0050178,LOC6898445,1,ortholog_one2one,CG30178
FBgn0029942,LOC4814584,1,ortholog_one2one,CG2059
FBgn0053289,LOC6900891,1,ortholog_one2one,ppk5
FBgn0021814,LOC4804037,1,ortholog_one2one,Vps28
FBgn0265082,LOC6897637,1,ortholog_one2one,Cdep
FBgn0030389,LOC4815598,1,ortholog_one2one,CG15927
FBgn0037490,LOC4802937,1,ortholog_one2one,CG10053
FBgn0015577,LOC5495505,1,ortholog_one2one,alpha-Est9
FBgn0015766,LOC4813799,1,ortholog_one2one,Msr-110
FBgn0037536,LOC4801292,0,ortholog_one2one,CG2698
FBgn0053269,LOC117184652,0,ortholog_many2many,CG33269
FBgn0053269,LOC117184653,0,ortholog_many2many,CG33269
FBgn0036063,LOC4812800,1,ortholog_one2one,CG6674
FBgn0031652,LOC4817436,1,ortholog_one2one,jet
FBgn0026181,LOC4815877,0,ortholog_one2one,Rok
FBgn0265001,LOC4817100,0,ortholog_one2one,ppk18
FBgn0013770,LOC4805308,0,ortholog_one2one,CtsL1
FBgn0002838,LOC4813682,0,ortholog_one2many,ms(3)K81
FBgn0288736,LOC4815815,0,ortholog_one2many,CG46511
FBgn0035989,LOC6900998,1,ortholog_one2one,Atat
FBgn0052103,LOC4813177,1,ortholog_one2one,SCaMC
FBgn0058191,LOC6903361,0,ortholog_one2one,CG40191
FBgn0037934,LOC4802848,1,ortholog_one2many,CG6830
FBgn0038223,LOC4801943,1,ortholog_one2one,Afti
FBgn0031972,LOC4817102,1,ortholog_one2one,Wwox
FBgn0032202,LOC4818080,0,ortholog_one2one,REPTOR-BP
FBgn0036062,LOC4813383,1,ortholog_one2one,CG6685
FBgn0039937,LOC4811788,1,ortholog_one2one,fd102C
FBgn0037702,LOC4802530,1,ortholog_one2one,CG8176
FBgn0000578,LOC6898556,1,ortholog_one2one,ena
FBgn0038725,LOC117183337,1,ortholog_one2many,CG6184
FBgn0038725,LOC6897988,1,ortholog_one2many,CG6184
FBgn0033273,LOC4805314,0,ortholog_one2one,Gasz
FBgn0039371,LOC4805343,0,ortholog_many2many,CG4960
FBgn0035063,LOC4804698,1,ortholog_one2one,CG3594
FBgn0085312,LOC6898326,0,ortholog_many2many,CG34283
FBgn0085312,LOC6901217,0,ortholog_many2many,CG34283
FBgn0263593,LOC4804337,1,ortholog_one2one,Lpin
FBgn0034009,LOC4803355,1,ortholog_one2one,CG8155
FBgn0028514,LOC6902663,0,ortholog_one2many,CG4793
FBgn0041097,LOC4817623,1,ortholog_one2one,robo3
FBgn0052195,LOC4813715,1,ortholog_one2one,CG32195
FBgn0035407,LOC4812441,1,ortholog_one2one,Asciz
FBgn0036386,LOC4813037,1,ortholog_one2one,CG8833
FBgn0036872,LOC6900256,1,ortholog_one2many,CG12519
FBgn0035337,LOC6900866,1,ortholog_one2one,CG15877
FBgn0032170,LOC4816851,1,ortholog_one2one,CG4658
FBgn0027359,LOC4814627,1,ortholog_one2many,Tim8
FBgn0027359,LOC6903006,0,ortholog_one2many,Tim8
FBgn0024989,LOC6901398,0,ortholog_one2one,CG3777
FBgn0038681,LOC117183318,1,ortholog_many2many,Cyp12a4
FBgn0038681,LOC6896996,1,ortholog_many2many,Cyp12a4
FBgn0038681,LOC6896995,1,ortholog_many2many,Cyp12a4
FBgn0038681,LOC6896994,1,ortholog_many2many,Cyp12a4
FBgn0261509,LOC4817644,1,ortholog_one2one,haf
FBgn0025716,LOC4803923,1,ortholog_one2one,Bap55
FBgn0039065,LOC4801228,1,ortholog_one2one,Rad60
FBgn0036212,LOC6902927,0,ortholog_one2one,CG11597
FBgn0013813,LOC4801311,1,ortholog_one2one,Dhc98D
FBgn0036222,LOC4813894,1,ortholog_one2one,SdhAL
FBgn0002023,LOC4816573,1,ortholog_one2many,Lim3
FBgn0002023,LOC117184018,0,ortholog_one2many,Lim3
FBgn0039087,LOC4800551,1,ortholog_one2many,Ugt303B2
FBgn0032022,LOC6903106,1,ortholog_one2one,CG14275
FBgn0039645,LOC6896760,1,ortholog_one2one,CG11898
FBgn0040392,LOC6901842,0,ortholog_one2one,CG14050
FBgn0038753,LOC4803081,1,ortholog_one2one,CG4459
FBgn0036586,LOC4812380,1,ortholog_one2one,CG13070
FBgn0035630,LOC4813221,1,ortholog_one2one,CG10576
FBgn0287844,LOC6897823,1,ortholog_one2one,Dhc1
FBgn0051823,LOC4816720,1,ortholog_one2one,CG31823
FBgn0031622,LOC6903251,1,ortholog_one2one,CG3251
FBgn0031643,LOC4817194,1,ortholog_one2one,CG3008
FBgn0053702,LOC6900331,1,ortholog_one2one,CG33702
FBgn0030928,LOC4814310,1,ortholog_one2one,CG15044
FBgn0033734,LOC4803533,1,ortholog_one2one,CG8520
FBgn0260434,LOC4812277,1,ortholog_one2many,CG42529
FBgn0035715,LOC4812017,1,ortholog_one2one,Ist1
FBgn0030570,LOC4814551,1,ortholog_one2one,CG12540
FBgn0028646,LOC4800386,1,ortholog_one2one,aralar1
FBgn0260991,LOC6898109,1,ortholog_one2many,Incenp
FBgn0260991,LOC6898108,1,ortholog_one2many,Incenp
FBgn0035464,LOC4813903,1,ortholog_one2one,PIG-B
FBgn0031233,LOC4817827,1,ortholog_one2one,Tbc1d15-17
FBgn0039915,LOC117184349,0,ortholog_one2one,Gat
FBgn0039346,LOC4802421,1,ortholog_one2one,CG5079
FBgn0004049,LOC4801994,1,ortholog_one2one,yrt
FBgn0033979,LOC4804980,1,ortholog_one2one,Cyp6a19
FBgn0033520,LOC4804223,0,ortholog_one2many,Prx6b
FBgn0024293,LOC4803478,1,ortholog_one2one,Spn43Ab
FBgn0037843,LOC6897361,0,ortholog_one2one,CG4511
FBgn0035317,LOC4813836,1,ortholog_one2one,Oseg2
FBgn0051704,LOC4817555,1,ortholog_one2many,CG31704
FBgn0032603,LOC6902879,1,ortholog_one2one,CG17928
FBgn0034797,LOC4804589,0,ortholog_one2one,nahoda
FBgn0035501,LOC4812644,1,ortholog_one2one,CG1299
FBgn0286872,LOC6900747,0,ortholog_one2one,CG46394
FBgn0035936,LOC4812696,1,ortholog_one2one,Tsp66E
FBgn0000557,LOC4801981,1,ortholog_one2one,eEF1alpha2
FBgn0037742,LOC4801514,1,ortholog_one2one,Rpt3R
FBgn0031609,LOC4817566,1,ortholog_one2one,CG15443
FBgn0029737,LOC4814666,1,ortholog_one2one,Hgsnat
FBgn0031663,LOC4816744,1,ortholog_one2one,CG8891
FBgn0031918,LOC4818130,1,ortholog_one2one,CG6055
FBgn0030571,LOC4814678,1,ortholog_one2one,CG14414
FBgn0030840,LOC4815368,0,ortholog_one2one,p-cup
FBgn0028436,LOC4801927,1,ortholog_one2one,ECSIT
FBgn0004047,LOC4814618,1,ortholog_one2one,Yp3
FBgn0030761,LOC4814499,0,ortholog_one2one,CG9784
FBgn0000543,LOC4812981,1,ortholog_one2one,ecd
FBgn0034782,LOC4803860,1,ortholog_one2many,CG12490
FBgn0032153,LOC4817406,1,ortholog_one2one,CG4537
FBgn0024558,LOC4800610,1,ortholog_one2one,Dph5
FBgn0026598,LOC4801783,1,ortholog_one2one,Apc2
FBgn0260644,LOC26532325,1,ortholog_one2one,CG42536
FBgn0035543,LOC4812026,1,ortholog_one2one,CG15020
FBgn0016038,LOC4814757,1,ortholog_one2one,Vsp37A
FBgn0026372,LOC4813605,1,ortholog_one2one,RpL23A
FBgn0052053,LOC4813121,1,ortholog_one2one,CG32053
FBgn0085219,LOC6898395,1,ortholog_one2one,CG34190
FBgn0250824,LOC6898237,1,ortholog_one2one,CG33655
FBgn0034475,LOC4804966,1,ortholog_one2one,Obp56h
FBgn0032477,LOC4816570,1,ortholog_one2one,Alg7
FBgn0035473,LOC4812523,1,ortholog_one2one,mge
FBgn0003082,LOC4804439,0,ortholog_one2many,phr
FBgn0263398,LOC4802172,1,ortholog_one2one,Uck
FBgn0261239,LOC4816657,1,ortholog_one2one,Hr39
FBgn0264086,LOC4817174,1,ortholog_one2one,CG43755
FBgn0260935,LOC4800362,1,ortholog_one2one,Vps15
FBgn0031941,LOC4817181,1,ortholog_one2one,ATPsynGL
FBgn0031834,LOC4816252,0,ortholog_one2one,CG13766
FBgn0029824,LOC4815361,0,ortholog_one2one,CG3726
FBgn0032069,LOC6902371,1,ortholog_many2many,LManVI
FBgn0032069,LOC117183164,1,ortholog_many2many,LManVI
FBgn0032069,LOC6902369,1,ortholog_many2many,LManVI
FBgn0034271,LOC4805363,1,ortholog_one2one,Vps50
FBgn0053160,LOC4813235,1,ortholog_one2one,CG33160
FBgn0026391,LOC4817562,1,ortholog_one2many,Or33b
FBgn0026391,LOC6903157,1,ortholog_one2many,Or33b
FBgn0032090,LOC4816211,1,ortholog_one2one,CG9582
FBgn0028920,LOC4816358,1,ortholog_one2one,CG8997
FBgn0027052,LOC4818095,1,ortholog_one2one,STUB1
FBgn0000221,LOC4815306,1,ortholog_one2one,brn
FBgn0259986,LOC6900300,1,ortholog_one2one,nab
FBgn0031561,LOC4817314,1,ortholog_one2many,IM33
FBgn0035793,LOC4812896,1,ortholog_one2one,CG7546
FBgn0037031,LOC4812965,0,ortholog_one2one,CG11456
FBgn0034335,LOC4804808,1,ortholog_one2one,GstE1
FBgn0051780,LOC6902663,0,ortholog_one2many,CG31780
FBgn0028382,LOC4803994,1,ortholog_one2one,cyp33
FBgn0003129,LOC4801814,1,ortholog_one2one,Poxm
FBgn0028667,LOC6897738,0,ortholog_one2one,Vha16-3
FBgn0031970,LOC4816973,1,ortholog_one2one,CG7227
FBgn0010830,LOC4812473,1,ortholog_one2one,l(3)04053
FBgn0003079,LOC4815945,1,ortholog_one2one,Raf
FBgn0032456,LOC4816493,1,ortholog_one2one,MRP
FBgn0027081,LOC4817035,1,ortholog_one2one,ThrRS
FBgn0039554,LOC4800686,1,ortholog_one2one,CG5003
FBgn0265487,LOC6899545,1,ortholog_one2one,mbl
FBgn0031454,LOC6902539,1,ortholog_one2one,HemK2
FBgn0040298,LOC4813485,1,ortholog_one2one,Myt1
FBgn0284220,LOC4816595,1,ortholog_one2one,Top2
FBgn0029518,LOC6901392,1,ortholog_one2one,CG13376
FBgn0050296,LOC4805515,1,ortholog_one2one,RIC-3
FBgn0031987,LOC117185093,0,ortholog_one2many,CG12375
FBgn0031987,LOC4811751,0,ortholog_one2many,CG12375
FBgn0086757,LOC4804378,0,ortholog_one2one,Golgin97
FBgn0037873,LOC4803140,1,ortholog_one2one,SdhC
FBgn0010041,LOC4800811,1,ortholog_one2many,GstD5
FBgn0052105,LOC4813031,1,ortholog_one2one,Lmx1a
FBgn0036414,LOC6900548,1,ortholog_one2one,nan
FBgn0037555,LOC4801584,1,ortholog_one2one,Ada2b
FBgn0031719,LOC4818002,1,ortholog_one2one,CG18269
FBgn0262582,LOC4803056,1,ortholog_one2one,cic
FBgn0040291,LOC4814059,0,ortholog_one2one,Roc1b
FBgn0064126,LOC4801708,0,ortholog_one2one,CG33722
FBgn0037416,LOC4801896,1,ortholog_one2one,Osi9
FBgn0033048,LOC6898661,1,ortholog_one2one,CG7881
FBgn0013772,LOC4804982,1,ortholog_one2many,Cyp6a8
FBgn0038989,LOC4800608,1,ortholog_one2one,CG6937
FBgn0029941,LOC6901753,1,ortholog_one2one,CG1677
FBgn0033516,LOC4804225,1,ortholog_one2many,CG12898
FBgn0083228,LOC4814229,1,ortholog_one2one,Frq2
FBgn0010424,LOC6900898,1,ortholog_one2one,TpnC73F
FBgn0039290,LOC4802117,1,ortholog_one2one,CG13654
FBgn0260987,LOC26532716,0,ortholog_one2one,vtd
FBgn0037921,LOC4802371,1,ortholog_one2one,Zaf1
FBgn0004897,LOC117183267,1,ortholog_one2one,fd96Ca
FBgn0036691,LOC4811948,1,ortholog_one2one,beg
FBgn0027549,LOC4814094,1,ortholog_one2one,Nulp1
FBgn0038448,LOC4800794,1,ortholog_one2one,CG12783
FBgn0263133,LOC4817299,1,ortholog_one2one,mEFG1
FBgn0039511,LOC4801175,1,ortholog_one2one,CG3330
FBgn0000499,LOC4815303,1,ortholog_one2one,dsh
FBgn0284252,LOC4805592,1,ortholog_one2one,Letm1
FBgn0035452,LOC6900189,1,ortholog_one2one,CG10359
FBgn0000053,LOC4817813,1,ortholog_one2one,Gart
FBgn0013323,LOC4817305,1,ortholog_one2one,Ptth
FBgn0030151,LOC4814317,1,ortholog_one2one,CG1354
FBgn0035572,LOC4812256,1,ortholog_one2one,CG13711
FBgn0034724,LOC4805207,1,ortholog_one2one,babos
FBgn0032208,LOC117184105,0,ortholog_one2one,Ufd4
FBgn0013683,GeneID_44805035,1,ortholog_one2one,mt:ND4L
FBgn0040031,LOC6901180,1,ortholog_one2one,CG12061
FBgn0053454,LOC6896813,0,ortholog_one2many,CG33454
FBgn0031634,LOC4817099,1,ortholog_one2one,Ir25a
FBgn0031633,LOC4817098,1,ortholog_one2one,Fnta
FBgn0038532,LOC4802682,1,ortholog_one2one,CG14322
FBgn0038163,LOC4802003,1,ortholog_one2one,CG10841
FBgn0026787,LOC4817806,1,ortholog_one2one,Nhe1
FBgn0034379,LOC4803751,1,ortholog_one2one,CG15073
FBgn0030465,LOC4815471,0,ortholog_one2one,CG15743
FBgn0086907,LOC4816850,1,ortholog_one2one,Cyt-c-d
FBgn0259167,LOC4812002,1,ortholog_one2one,CG42272
FBgn0011742,LOC6902854,0,ortholog_one2one,Arp2
FBgn0039091,LOC6896808,1,ortholog_many2many,CG10182
FBgn0039091,LOC6896809,1,ortholog_many2many,CG10182
FBgn0039091,LOC6896807,1,ortholog_many2many,CG10182
FBgn0042205,LOC4802369,1,ortholog_one2one,CG18764
FBgn0025360,LOC4804033,1,ortholog_one2one,Optix
FBgn0031461,LOC6902662,1,ortholog_one2one,daw
FBgn0034783,LOC4803860,1,ortholog_one2many,CG9825
FBgn0038706,LOC4803260,1,ortholog_one2one,CG3517
FBgn0051104,LOC6897576,1,ortholog_many2many,CG31104
FBgn0051104,LOC6897577,1,ortholog_many2many,CG31104
FBgn0002789,LOC4803340,1,ortholog_one2one,Mp20
FBgn0030915,LOC4814400,1,ortholog_one2one,CG6179
FBgn0031703,LOC6903573,1,ortholog_one2one,Acsf2
FBgn0036273,LOC4812985,1,ortholog_one2one,INPP5E
FBgn0085298,LOC6900980,1,ortholog_one2one,CG34269
FBgn0034325,LOC5495510,1,ortholog_one2one,CG18539
FBgn0028396,LOC4801544,0,ortholog_one2many,TotA
FBgn0050489,LOC4805650,1,ortholog_one2many,Cyp12d1-p
FBgn0260234,LOC6897916,1,ortholog_one2one,Xport-B
FBgn0010422,LOC4817869,1,ortholog_one2one,TfIIS
FBgn0013325,LOC6903882,1,ortholog_one2one,RpL11
FBgn0263354,LOC6903438,0,ortholog_one2one,CG42784
FBgn0029502,LOC4815772,1,ortholog_one2one,Coq7
FBgn0050105,LOC4804679,1,ortholog_one2one,CG30105
FBgn0043783,LOC4812826,1,ortholog_one2many,CG32444
FBgn0015589,LOC4801657,0,ortholog_one2one,Apc
FBgn0031815,LOC6903404,1,ortholog_one2one,frj
FBgn0028931,LOC4816291,1,ortholog_one2one,CG16863
FBgn0266346,LOC6898825,1,ortholog_one2one,CngB
FBgn0026879,LOC6901137,0,ortholog_one2many,CG13364
FBgn0040299,LOC4816811,1,ortholog_one2one,Myo28B1
FBgn0033730,LOC4804276,1,ortholog_one2one,Cpr49Ag
FBgn0030320,LOC4815726,0,ortholog_one2one,CG2247
FBgn0035203,LOC4812263,1,ortholog_one2one,Acat2
FBgn0034168,LOC4804184,1,ortholog_one2one,CG15614
FBgn0002778,LOC6900362,1,ortholog_one2one,mnd
FBgn0031317,LOC6903178,1,ortholog_one2many,Charon
FBgn0031317,LOC26532810,1,ortholog_one2many,Charon
FBgn0039294,LOC4803220,1,ortholog_one2one,Cad96Cb
FBgn0025680,LOC4803241,1,ortholog_one2one,cry
FBgn0034276,LOC4805367,1,ortholog_one2one,Sardh
FBgn0053463,LOC117183537,0,ortholog_many2many,CG33463
FBgn0053463,LOC6898801,0,ortholog_many2many,CG33463
FBgn0053463,LOC117183751,0,ortholog_many2many,CG33463
FBgn0053463,LOC6898794,0,ortholog_many2many,CG33463
FBgn0259785,LOC4813413,1,ortholog_one2one,pzg
FBgn0039773,LOC4800385,1,ortholog_one2one,CG2224
FBgn0053239,LOC6899057,0,ortholog_one2many,Ste:CG33239
FBgn0038926,LOC4801959,0,ortholog_one2one,CG13409
FBgn0010435,LOC4803567,1,ortholog_one2one,emp
FBgn0030522,LOC4814929,0,ortholog_one2one,amrt
FBgn0051198,LOC4800958,1,ortholog_one2one,CG31198
FBgn0052712,LOC6902318,1,ortholog_one2one,CG32712
FBgn0032465,LOC4816674,1,ortholog_one2one,Yip1d1
FBgn0013987,LOC4814374,1,ortholog_one2one,MAPk-Ak2
FBgn0040871,LOC6901507,1,ortholog_one2one,CG12479
FBgn0036579,LOC4812578,1,ortholog_one2one,Tmx3
FBgn0040850,LOC4816046,1,ortholog_one2one,CG15210
FBgn0045063,LOC4805465,1,ortholog_one2one,fdl
FBgn0029944,LOC4814814,1,ortholog_one2one,Dok
FBgn0261990,LOC4805171,1,ortholog_one2one,CG42808
FBgn0030432,LOC4814406,1,ortholog_one2one,CG4404
FBgn0053846,LOC117183568,0,ortholog_many2many,His1:CG33846
FBgn0053846,LOC117185631,0,ortholog_many2many,His1:CG33846
FBgn0053846,LOC26534267,0,ortholog_many2many,His1:CG33846
FBgn0053846,LOC117183621,0,ortholog_many2many,His1:CG33846
FBgn0053846,LOC117185633,0,ortholog_many2many,His1:CG33846
FBgn0053846,LOC117185630,0,ortholog_many2many,His1:CG33846
FBgn0053846,LOC117185606,0,ortholog_many2many,His1:CG33846
FBgn0053846,LOC117185608,0,ortholog_many2many,His1:CG33846
FBgn0053846,LOC117185600,0,ortholog_many2many,His1:CG33846
FBgn0053846,LOC26532116,1,ortholog_many2many,His1:CG33846
FBgn0053846,LOC26533245,0,ortholog_many2many,His1:CG33846
FBgn0053846,LOC117185634,0,ortholog_many2many,His1:CG33846
FBgn0053846,LOC117185607,1,ortholog_many2many,His1:CG33846
FBgn0053846,LOC26532398,0,ortholog_many2many,His1:CG33846
FBgn0053846,LOC117183574,0,ortholog_many2many,His1:CG33846
FBgn0033828,LOC4803345,1,ortholog_one2one,CG17048
FBgn0004395,LOC4801170,0,ortholog_one2one,unk
FBgn0032916,LOC4818193,1,ortholog_one2one,CG9257
FBgn0034824,LOC4803725,1,ortholog_one2one,Klp59C
FBgn0037123,LOC4813044,1,ortholog_one2one,CG14569
FBgn0038465,LOC4802089,1,ortholog_one2one,Irc
FBgn0051139,LOC6896966,1,ortholog_one2one,CG31139
FBgn0033529,LOC4805334,1,ortholog_one2one,Pef
FBgn0038973,LOC4801663,1,ortholog_one2one,Pebp1
FBgn0034291,LOC4804109,1,ortholog_one2many,CG5770
FBgn0260874,LOC6900601,1,ortholog_one2one,Ir76a
FBgn0032049,LOC6903379,1,ortholog_one2one,Bace
FBgn0005390,LOC4814993,1,ortholog_one2one,fs(1)M3
FBgn0040385,LOC4815844,1,ortholog_one2one,CG12496
FBgn0039069,LOC4801222,1,ortholog_one2one,CG6763
FBgn0034454,LOC4804939,1,ortholog_one2one,CG15120
FBgn0039782,LOC6896722,1,ortholog_one2many,CG15539
FBgn0039782,LOC6903738,0,ortholog_one2many,CG15539
FBgn0031760,LOC4817897,0,ortholog_one2one,Tsp26A
FBgn0031836,LOC4816265,1,ortholog_one2one,CG11050
FBgn0033887,LOC4804880,1,ortholog_one2one,St4
FBgn0033685,LOC4805145,0,ortholog_one2one,OSCP1
FBgn0033135,LOC4803466,1,ortholog_one2one,Tsp42En
FBgn0053120,LOC6902842,0,ortholog_one2many,CG33120
FBgn0053120,LOC4817231,1,ortholog_one2many,CG33120
FBgn0044050,LOC6900737,1,ortholog_one2one,Ilp3
FBgn0039113,LOC6897255,1,ortholog_one2one,udt
FBgn0038068,LOC4800879,1,ortholog_one2many,CG11600
FBgn0038207,LOC4801629,1,ortholog_one2one,CG14356
FBgn0036774,LOC4813376,1,ortholog_one2one,mRpS26
FBgn0037156,LOC4812403,1,ortholog_one2one,CG11523
FBgn0052939,LOC4800849,1,ortholog_one2many,CG32939
FBgn0039043,LOC4800908,1,ortholog_one2one,CG17121
FBgn0036410,LOC4813011,1,ortholog_one2one,CG8100
FBgn0039757,LOC4800403,1,ortholog_one2one,RpS7
FBgn0038279,LOC4802392,1,ortholog_one2one,Sdr
FBgn0262536,LOC4816180,0,ortholog_one2many,CG43090
FBgn0036205,LOC4812599,1,ortholog_one2one,CG14131
FBgn0031514,LOC4816398,1,ortholog_one2one,OtopLb
FBgn0050421,LOC4804708,1,ortholog_one2one,Usp15-31
FBgn0010408,LOC4812530,1,ortholog_one2one,RpS9
FBgn0035153,LOC4812427,1,ortholog_one2one,ebd1
FBgn0027563,LOC4801618,1,ortholog_one2one,CG9631
FBgn0032048,LOC4818102,1,ortholog_one2one,Dh31
FBgn0289108,LOC4802692,1,ortholog_one2one,Archease
FBgn0038487,LOC4800767,1,ortholog_one2one,TwdlW
FBgn0262005,LOC13036328,1,ortholog_one2many,CG42823
FBgn0262005,LOC6897101,1,ortholog_one2many,CG42823
FBgn0262005,LOC6897102,1,ortholog_one2many,CG42823
FBgn0262005,LOC6897103,1,ortholog_one2many,CG42823
FBgn0030674,LOC6902257,1,ortholog_one2one,HUWE1
FBgn0030301,LOC4815293,1,ortholog_one2one,HP5
FBgn0030481,LOC4815690,1,ortholog_one2one,CG1662
FBgn0261068,LOC4817392,1,ortholog_one2one,LSm7
FBgn0039943,LOC6901176,1,ortholog_one2one,CG17168
FBgn0031753,LOC4818048,1,ortholog_one2one,CG13999
FBgn0030704,LOC4811756,0,ortholog_one2one,CG15916
FBgn0262566,LOC6898563,1,ortholog_one2one,CG43106
FBgn0002571,LOC4803606,1,ortholog_one2one,Mal-A3
FBgn0011555,LOC6899225,0,ortholog_one2one,thetaTry
FBgn0025573,LOC6898840,1,ortholog_one2one,PpN58A
FBgn0041092,LOC4816259,1,ortholog_one2one,tai
FBgn0261545,LOC6898636,1,ortholog_one2one,CG42663
FBgn0034050,LOC4805564,1,ortholog_one2one,bug
FBgn0035688,LOC4813208,1,ortholog_one2one,fmt
FBgn0027550,LOC4816498,1,ortholog_one2one,CG6495
FBgn0003975,LOC4805198,0,ortholog_one2one,vg
FBgn0000477,LOC4803163,1,ortholog_one2one,DNaseII
FBgn0039055,LOC6896823,1,ortholog_one2one,Rassf
FBgn0040996,LOC4816470,1,ortholog_one2one,CG12617
FBgn0000028,LOC6901810,1,ortholog_one2one,acj6
FBgn0017581,LOC4802837,1,ortholog_one2one,Lk6
FBgn0001253,LOC4813940,1,ortholog_one2one,ImpE1
FBgn0038525,LOC6897734,0,ortholog_one2one,CG14329
FBgn0036336,LOC4812848,1,ortholog_one2one,Icmt
FBgn0267376,LOC4803112,1,ortholog_one2one,SelR
FBgn0030483,LOC6901335,0,ortholog_one2many,CG12725
FBgn0030684,LOC6897265,0,ortholog_one2many,CG8260
FBgn0030684,LOC6901732,0,ortholog_one2many,CG8260
FBgn0030684,LOC26532112,0,ortholog_one2many,CG8260
FBgn0030945,LOC6901049,1,ortholog_one2one,Ing3
FBgn0011202,LOC4817104,1,ortholog_one2one,dia
FBgn0052581,LOC6903619,0,ortholog_one2many,sordd2
FBgn0031395,LOC4817359,1,ortholog_one2one,CG10874
FBgn0051354,LOC6896929,0,ortholog_many2many,Hsp70Bbb
FBgn0051354,LOC4800844,1,ortholog_many2many,Hsp70Bbb
FBgn0259210,LOC4805609,1,ortholog_one2one,prom
FBgn0025335,LOC26534028,1,ortholog_one2one,Cpes
FBgn0037561,LOC4801714,1,ortholog_one2one,CG9630
FBgn0029113,LOC4814092,1,ortholog_one2one,Uba2
FBgn0032782,LOC4816347,1,ortholog_one2one,Rab9
FBgn0284244,LOC4816446,1,ortholog_one2one,l(2)k05911
FBgn0011293,LOC4811762,0,ortholog_one2one,a10
FBgn0030187,LOC6903643,1,ortholog_one2one,CG2961
FBgn0037379,LOC4801485,1,ortholog_one2one,CG10979
FBgn0031988,LOC4816736,0,ortholog_one2one,CG8668
FBgn0033879,LOC4805150,1,ortholog_one2one,Echs1
FBgn0053679,LOC6898698,0,ortholog_one2one,CG33679
FBgn0031000,LOC4814794,1,ortholog_one2one,Muc18B
FBgn0000032,LOC6896711,1,ortholog_one2one,Acph-1
FBgn0033486,LOC4804874,0,ortholog_one2one,dmpd
FBgn0030332,LOC4815876,1,ortholog_one2one,CG9360
FBgn0034789,LOC6898981,1,ortholog_one2one,PIP5K59B
FBgn0039928,LOC26532766,1,ortholog_one2one,Cals
FBgn0034463,LOC4804950,1,ortholog_one2one,CG15125
FBgn0035839,LOC4814168,1,ortholog_one2one,CG7550
FBgn0050359,LOC6898668,0,ortholog_many2many,Mal-A5
FBgn0050359,LOC6898669,0,ortholog_many2many,Mal-A5
FBgn0050359,LOC117184170,0,ortholog_many2many,Mal-A5
FBgn0025800,LOC4814614,1,ortholog_one2one,Smox
FBgn0053217,LOC26532404,0,ortholog_one2one,CG33217
FBgn0086691,LOC4816500,1,ortholog_one2one,UK114
FBgn0033886,LOC4804377,0,ortholog_one2one,Rpn13
FBgn0050268,LOC4803846,1,ortholog_one2one,CG30268
FBgn0037763,LOC4801488,1,ortholog_one2one,CG16904
FBgn0035420,LOC6900510,1,ortholog_one2one,hob
FBgn0261671,LOC4817704,0,ortholog_one2one,tweek
FBgn0052023,LOC4812707,1,ortholog_one2many,CG32023
FBgn0027785,LOC4800515,1,ortholog_one2one,NP15.6
FBgn0023081,LOC4804322,1,ortholog_one2one,gek
FBgn0285951,LOC4812447,1,ortholog_one2one,mRpS34
FBgn0032921,LOC4818187,1,ortholog_one2one,Mpp6
FBgn0002906,LOC4802840,1,ortholog_one2one,Blm
FBgn0037360,LOC6897169,1,ortholog_one2one,CG2182
FBgn0050291,LOC4805511,1,ortholog_one2one,CG30291
FBgn0004240,LOC6898349,1,ortholog_one2many,DptA
FBgn0004240,LOC4804059,1,ortholog_one2many,DptA
FBgn0263855,LOC4804833,1,ortholog_one2one,BubR1
FBgn0035258,LOC4813164,1,ortholog_one2one,CG13931
FBgn0004465,LOC4812676,1,ortholog_one2one,Su(P)
FBgn0030734,LOC4815112,1,ortholog_one2one,ERp44
FBgn0034490,LOC4804500,1,ortholog_one2one,CG9864
FBgn0039712,LOC4800242,1,ortholog_one2one,CG15514
FBgn0085245,LOC6898379,1,ortholog_one2one,CG34216
FBgn0040687,LOC4802751,1,ortholog_one2one,CG14645
FBgn0025469,LOC4804038,1,ortholog_one2one,slv
FBgn0040005,LOC6899356,0,ortholog_one2one,CG17883
FBgn0028371,LOC4803847,1,ortholog_one2one,jbug
FBgn0259162,LOC4815062,1,ortholog_one2one,RunxB
FBgn0058263,LOC117184256,0,ortholog_one2one,MFS17
FBgn0085191,LOC6902859,1,ortholog_one2one,CG34162
FBgn0029812,LOC4815545,1,ortholog_one2one,Prosbeta2R1
FBgn0039897,LOC4811780,0,ortholog_one2one,CG1674
FBgn0036844,LOC4812295,1,ortholog_one2one,Mkp3
FBgn0039431,LOC4801081,1,ortholog_one2one,plum
FBgn0261090,LOC4813079,0,ortholog_one2one,Sytbeta
FBgn0037941,LOC4802842,1,ortholog_one2one,CG12594
FBgn0036919,LOC4813046,1,ortholog_one2one,Grasp65
FBgn0259151,LOC4817004,0,ortholog_one2one,CG42266
FBgn0024920,LOC4816462,1,ortholog_one2one,Ts
FBgn0259682,LOC4803744,1,ortholog_one2one,Jabba
FBgn0039010,LOC6897088,0,ortholog_many2many,CG4907
FBgn0039010,LOC6897505,0,ortholog_many2many,CG4907
FBgn0034204,LOC6898926,1,ortholog_one2one,CG10953
FBgn0029866,LOC4815628,1,ortholog_one2one,CG3842
FBgn0034503,LOC4804625,1,ortholog_one2one,MED8
FBgn0035235,LOC4813385,1,ortholog_one2one,CG7879
FBgn0022787,LOC4802339,1,ortholog_one2one,Hel89B
FBgn0264908,LOC6900496,1,ortholog_one2one,pHCl-1
FBgn0037240,LOC4802745,1,ortholog_one2one,Cont
FBgn0025608,LOC4817647,1,ortholog_one2one,Faf2
FBgn0034735,LOC4804239,0,ortholog_one2one,CG4610
FBgn0001276,LOC4805026,1,ortholog_one2one,ix
FBgn0051658,LOC6898491,0,ortholog_one2many,Nnf1b
FBgn0031745,LOC4817863,1,ortholog_one2one,rau
FBgn0053783,LOC6896911,1,ortholog_many2many,CG33783
FBgn0053783,LOC6896910,1,ortholog_many2many,CG33783
FBgn0053783,LOC6903758,1,ortholog_many2many,CG33783
FBgn0053783,LOC117183356,1,ortholog_many2many,CG33783
FBgn0053783,LOC6896909,1,ortholog_many2many,CG33783
FBgn0053783,LOC117183375,1,ortholog_many2many,CG33783
FBgn0053783,LOC117183397,1,ortholog_many2many,CG33783
FBgn0053766,LOC6899906,1,ortholog_one2one,CG33766
FBgn0250836,LOC6900431,1,ortholog_one2one,Acbp3
FBgn0034940,LOC4803531,0,ortholog_one2one,CG16787
FBgn0284247,LOC6903152,1,ortholog_one2one,ds
FBgn0041588,LOC4801167,1,ortholog_one2one,eIF2D
FBgn0052699,LOC4816052,0,ortholog_one2one,LPCAT
FBgn0270928,LOC4801342,1,ortholog_one2one,VAChT
FBgn0261269,LOC4805488,1,ortholog_one2one,conv
FBgn0287831,LOC4804331,1,ortholog_one2one,speck
FBgn0035960,LOC4814008,1,ortholog_one2one,CG4942
FBgn0285937,LOC4800856,1,ortholog_one2one,Rab1
FBgn0039027,LOC4800921,1,ortholog_one2one,CG7031
FBgn0039112,LOC4801563,1,ortholog_one2one,SdhD
FBgn0033450,LOC4804888,1,ortholog_one2one,Lsm11
FBgn0035598,LOC4812937,1,ortholog_one2one,CG4669
FBgn0040208,LOC4802494,1,ortholog_one2one,Kat60
FBgn0032488,LOC4816342,1,ortholog_one2one,CG16812
FBgn0027547,LOC4813701,1,ortholog_one2one,CG1927
FBgn0086707,LOC6902940,1,ortholog_one2one,ncm
FBgn0045483,LOC6898206,0,ortholog_one2many,Gr59a
FBgn0045483,LOC4803732,1,ortholog_one2many,Gr59a
FBgn0045483,LOC6898205,0,ortholog_one2many,Gr59a
FBgn0040491,LOC4805401,1,ortholog_one2one,Buffy
FBgn0001179,LOC4813754,1,ortholog_one2one,hay
FBgn0028886,LOC6903797,0,ortholog_one2many,CG15279
FBgn0028886,LOC4817927,1,ortholog_one2many,CG15279
FBgn0035145,LOC4814084,1,ortholog_one2one,MED14
FBgn0036366,LOC4812386,1,ortholog_one2one,JMJD7
FBgn0027279,LOC4815852,1,ortholog_one2one,l(1)G0196
FBgn0031238,LOC6903557,1,ortholog_one2one,Dus1
FBgn0032681,LOC4817075,1,ortholog_one2one,CG10283
FBgn0046689,LOC4800898,1,ortholog_one2one,Takl1
FBgn0037782,LOC4800773,1,ortholog_one2one,Npc2d
FBgn0266580,LOC4804846,1,ortholog_one2one,Gp210
FBgn0020545,LOC6903426,0,ortholog_many2many,kraken
FBgn0260027,LOC6900826,1,ortholog_one2one,CG42495
FBgn0036882,LOC4812317,1,ortholog_one2one,Dred
FBgn0004374,LOC4816653,1,ortholog_one2one,neb
FBgn0030528,LOC4814648,1,ortholog_one2one,CG11095
FBgn0011828,LOC4814069,1,ortholog_one2one,Pxn
FBgn0031232,LOC4817828,1,ortholog_one2one,CG11617
FBgn0037060,LOC4813708,1,ortholog_one2one,CG10508
FBgn0053864,LOC117183568,0,ortholog_many2many,His1:CG33864
FBgn0053864,LOC117185631,0,ortholog_many2many,His1:CG33864
FBgn0053864,LOC26534267,1,ortholog_many2many,His1:CG33864
FBgn0053864,LOC117183621,0,ortholog_many2many,His1:CG33864
FBgn0053864,LOC117185633,0,ortholog_many2many,His1:CG33864
FBgn0053864,LOC117185630,0,ortholog_many2many,His1:CG33864
FBgn0053864,LOC117185606,0,ortholog_many2many,His1:CG33864
FBgn0053864,LOC117185608,0,ortholog_many2many,His1:CG33864
FBgn0053864,LOC117185600,0,ortholog_many2many,His1:CG33864
FBgn0053864,LOC26532116,0,ortholog_many2many,His1:CG33864
FBgn0053864,LOC26533245,0,ortholog_many2many,His1:CG33864
FBgn0053864,LOC117185634,1,ortholog_many2many,His1:CG33864
FBgn0053864,LOC117185607,0,ortholog_many2many,His1:CG33864
FBgn0053864,LOC26532398,0,ortholog_many2many,His1:CG33864
FBgn0053864,LOC117183574,0,ortholog_many2many,His1:CG33864
FBgn0037022,LOC4812303,1,ortholog_one2one,CG11396
FBgn0010611,LOC4803801,1,ortholog_one2one,Hmgs
FBgn0034007,LOC4803358,1,ortholog_one2one,ND-51L2
FBgn0033490,LOC117183604,1,ortholog_one2many,CG12917
FBgn0033490,LOC4804195,1,ortholog_one2many,CG12917
FBgn0264295,LOC6902839,1,ortholog_one2many,CG43773
FBgn0032705,LOC4817648,0,ortholog_one2one,Grip71
FBgn0023197,LOC6900429,1,ortholog_one2one,Jon74E
FBgn0036936,LOC4812888,1,ortholog_one2one,CG14185
FBgn0266195,LOC4802236,1,ortholog_one2one,Tgs1
FBgn0034913,LOC4803396,1,ortholog_one2one,Snap29
FBgn0036460,LOC4813785,1,ortholog_one2one,CG5114
FBgn0259725,LOC6898189,0,ortholog_one2one,CG42379
FBgn0034674,LOC6898847,1,ortholog_one2one,CG9304
FBgn0010750,LOC4802525,1,ortholog_one2one,atms
FBgn0026869,LOC4811774,1,ortholog_one2one,Tdg
FBgn0034694,LOC4805711,1,ortholog_one2one,Plekhm1
FBgn0004589,LOC6900593,0,ortholog_many2many,Eig71Eb
FBgn0004589,LOC4813553,0,ortholog_many2many,Eig71Eb
FBgn0032346,LOC4817428,1,ortholog_one2one,Csl4
FBgn0038168,LOC4802012,1,ortholog_one2one,omd
FBgn0261262,LOC4801835,1,ortholog_one2one,CG42613
FBgn0032053,LOC6899798,1,ortholog_one2one,mRpL51
FBgn0039008,LOC4800943,1,ortholog_one2one,CG6972
FBgn0032518,LOC4817905,1,ortholog_one2one,RpL24
FBgn0031887,LOC6903296,1,ortholog_one2one,Ugt307A1
FBgn0000330,LOC4814604,1,ortholog_one2one,cm
FBgn0029733,LOC4816010,1,ortholog_one2one,CG6927
FBgn0028997,LOC4802803,1,ortholog_one2one,nmdyn-D7
FBgn0266570,LOC117183205,0,ortholog_one2many,NO66
FBgn0266570,LOC26533390,0,ortholog_one2many,NO66
FBgn0266570,LOC117185203,0,ortholog_one2many,NO66
FBgn0266570,LOC117185202,0,ortholog_one2many,NO66
FBgn0266570,LOC6903974,0,ortholog_one2many,NO66
FBgn0266570,LOC117185205,0,ortholog_one2many,NO66
FBgn0037572,LOC4801810,1,ortholog_one2one,CG11698
FBgn0028644,LOC6902678,0,ortholog_one2one,beat-Ic
FBgn0051323,LOC4802189,1,ortholog_one2one,CG31323
FBgn0035934,LOC6900309,1,ortholog_one2one,TrpA1
FBgn0086356,LOC4805148,1,ortholog_one2one,tum
FBgn0263111,LOC6901693,1,ortholog_one2one,cac
FBgn0002921,LOC4801538,1,ortholog_one2one,Atpalpha
FBgn0032554,LOC4817823,1,ortholog_one2one,CG15278
FBgn0033412,LOC4804522,1,ortholog_one2one,CG13955
FBgn0038302,LOC4802895,1,ortholog_one2one,CG4210
FBgn0037827,LOC4803228,0,ortholog_one2one,CG4073
FBgn0051800,LOC117184263,1,ortholog_one2many,CG31800
FBgn0051800,LOC4817150,1,ortholog_one2many,CG31800
FBgn0004227,LOC6897027,0,ortholog_many2many,nonA
FBgn0004227,LOC6901688,1,ortholog_many2many,nonA
FBgn0085353,LOC26533159,0,ortholog_one2one,CG34324
FBgn0010246,LOC4812524,1,ortholog_one2one,Myo61F
FBgn0030474,LOC6902154,1,ortholog_one2one,CG15747
FBgn0050471,LOC4804866,1,ortholog_one2one,CG30471
FBgn0259714,LOC6902413,0,ortholog_one2one,DIP-epsilon
FBgn0030457,LOC6901715,1,ortholog_one2one,CG12096
FBgn0086451,LOC4816210,1,ortholog_one2one,l(2)k09022
FBgn0034505,LOC4804627,1,ortholog_one2one,CG16739
FBgn0263599,LOC4813298,1,ortholog_one2one,Brr2
FBgn0038247,LOC4801364,1,ortholog_one2one,Cad88C
FBgn0264815,LOC4817554,1,ortholog_one2one,Pde1c
FBgn0035431,LOC4812478,1,ortholog_one2one,CG14968
FBgn0031607,LOC4817572,1,ortholog_one2one,Secp43
FBgn0038585,LOC4803191,1,ortholog_one2one,Non3
FBgn0033644,LOC6898203,0,ortholog_one2one,Tret1-2
FBgn0025725,LOC4812184,1,ortholog_one2one,alphaCOP
FBgn0036584,LOC4812610,1,ortholog_one2one,CG13054
FBgn0026415,LOC4814222,1,ortholog_one2one,Idgf4
FBgn0034957,LOC4804296,1,ortholog_one2one,Rsph4a
FBgn0030747,LOC4815289,1,ortholog_one2one,CG4301
FBgn0014135,LOC4803285,1,ortholog_one2one,bnl
FBgn0033572,LOC4805658,1,ortholog_one2one,polyph
FBgn0034451,LOC4804127,1,ortholog_one2one,Tbcb
FBgn0038727,LOC4803278,1,ortholog_one2one,CG7432
FBgn0031535,LOC6902799,1,ortholog_one2one,CG12795
FBgn0011762,LOC4813935,1,ortholog_one2one,Prim1
FBgn0012058,LOC4812988,0,ortholog_one2one,Cdc27
FBgn0032016,LOC4816808,1,ortholog_one2one,Mettl14
FBgn0034304,LOC4804153,1,ortholog_one2one,CG5742
FBgn0085232,LOC6898235,1,ortholog_one2one,CG34203
FBgn0032144,LOC4817137,1,ortholog_one2one,CG17633
FBgn0004394,LOC4816915,1,ortholog_one2one,pdm2
FBgn0085239,LOC6898193,1,ortholog_one2one,CG34210
FBgn0039936,LOC4811786,1,ortholog_one2one,Gyf
FBgn0286833,LOC4813586,1,ortholog_one2one,CG46387
FBgn0038598,LOC4802853,0,ortholog_one2one,CG7131
FBgn0032883,LOC4816845,1,ortholog_one2one,Rhau
FBgn0035640,LOC4812045,1,ortholog_one2many,mad2
FBgn0035640,LOC6897114,0,ortholog_one2many,mad2
FBgn0285958,LOC6900755,1,ortholog_one2one,Fuca
FBgn0086265,LOC6903337,1,ortholog_one2one,psd
FBgn0051690,LOC4816576,1,ortholog_one2one,Tmtc1
FBgn0052591,LOC4815743,1,ortholog_one2one,CG32591
FBgn0033873,LOC4805156,1,ortholog_one2one,CG6337
FBgn0021800,LOC4817121,1,ortholog_one2one,Reph
FBgn0031118,LOC6901646,1,ortholog_one2one,RhoGAP19D
FBgn0035256,LOC4813751,1,ortholog_one2one,CG13930
FBgn0053179,LOC4817701,0,ortholog_one2one,beat-IIIb
FBgn0037241,LOC4802743,1,ortholog_one2one,CG14646
FBgn0051007,LOC4815043,0,ortholog_one2one,CG31007
FBgn0013811,LOC6899932,1,ortholog_one2one,Dhc62B
FBgn0033602,LOC4804734,1,ortholog_one2one,Cpr47Ee
FBgn0031442,LOC6896894,0,ortholog_one2one,Prosbeta4R1
FBgn0051300,LOC6897576,1,ortholog_many2many,CG31300
FBgn0051300,LOC6897577,1,ortholog_many2many,CG31300
FBgn0052649,LOC4814246,1,ortholog_one2one,Coq8
FBgn0035589,LOC4814161,1,ortholog_one2one,CHMP2B
FBgn0024947,LOC4816633,0,ortholog_one2one,NTPase
FBgn0000426,LOC4803687,1,ortholog_one2one,SmF
FBgn0262473,LOC4800749,1,ortholog_one2one,Tl
FBgn0030540,LOC4814907,1,ortholog_one2one,CG11581
FBgn0022349,LOC4801976,1,ortholog_one2one,CG1910
FBgn0032821,LOC4816182,1,ortholog_one2one,CdGAPr
FBgn0259170,LOC4811663,0,ortholog_one2one,alpha-Man-Ia
FBgn0265578,LOC6903117,1,ortholog_one2one,CG44405
FBgn0038404,LOC6897835,1,ortholog_one2one,CG8925
FBgn0261046,LOC4801195,1,ortholog_one2one,Dscam3
FBgn0030011,LOC4815274,1,ortholog_one2one,Gbeta5
FBgn0038877,LOC4800859,1,ortholog_one2one,CG3308
FBgn0035768,LOC4811950,1,ortholog_one2one,CG14834
FBgn0024315,LOC4805685,1,ortholog_one2one,Picot
FBgn0035293,LOC4812869,1,ortholog_one2one,CG5687
FBgn0032123,LOC4818174,1,ortholog_one2one,Oatp30B
FBgn0029606,LOC6901836,1,ortholog_one2one,CG14052
FBgn0003867,LOC4800965,1,ortholog_one2one,tsl
FBgn0029508,LOC4803452,1,ortholog_one2one,Tsp42Ea
FBgn0040348,LOC4814334,1,ortholog_one2one,CG3703
FBgn0028888,LOC4818057,1,ortholog_one2one,CG4168
FBgn0013949,LOC4800364,1,ortholog_one2one,Elal
FBgn0014019,LOC4817766,1,ortholog_one2one,Rh5
FBgn0041156,LOC4812123,1,ortholog_one2one,exex
FBgn0038816,LOC4800883,1,ortholog_one2one,Lrrk
FBgn0037242,LOC4802742,1,ortholog_one2many,CG9855
FBgn0039840,LOC4800719,1,ortholog_one2one,pHCl-2
FBgn0000283,LOC4803100,1,ortholog_one2one,Cp190
FBgn0032699,LOC4817326,1,ortholog_one2one,CG10383
FBgn0032291,LOC4816490,1,ortholog_one2one,CG17118
FBgn0051036,LOC4800285,1,ortholog_one2one,CG31036
FBgn0283469,LOC4815083,0,ortholog_one2one,Vps4
FBgn0053673,LOC6903140,1,ortholog_one2one,CG33673
FBgn0026562,LOC4800744,1,ortholog_one2one,SPARC
FBgn0033692,LOC4803688,1,ortholog_one2one,wash
FBgn0032614,LOC4816951,1,ortholog_one2many,CG13284
FBgn0262534,LOC26532788,0,ortholog_one2one,CG43088
FBgn0003048,LOC4815912,1,ortholog_one2one,pcx
FBgn0033770,LOC4804758,1,ortholog_one2one,wuc
FBgn0037035,LOC4812870,1,ortholog_one2one,CG10589
FBgn0033185,LOC4815791,0,ortholog_one2many,CG1603
FBgn0037686,LOC6896826,1,ortholog_one2one,RpL34b
FBgn0001961,LOC4816622,1,ortholog_one2one,Arpc1
FBgn0002542,LOC4802018,1,ortholog_one2one,lds
FBgn0038196,LOC4801642,1,ortholog_one2one,CG9922
FBgn0039977,LOC6897477,0,ortholog_one2one,Spf30
FBgn0287828,LOC4815789,1,ortholog_one2one,Pkcdelta
FBgn0015553,LOC4816991,1,ortholog_one2one,tos
FBgn0024273,LOC4800621,1,ortholog_one2one,WASp
FBgn0051125,LOC4800449,1,ortholog_one2one,CG31125
FBgn0033817,LOC4803342,1,ortholog_one2one,GstE14
FBgn0032399,LOC4817799,1,ortholog_one2one,CG6785
FBgn0050271,LOC117183196,1,ortholog_one2one,CG30271
FBgn0025700,LOC4816892,1,ortholog_one2one,CG5885
FBgn0021995,LOC4803573,1,ortholog_one2one,Rs1
FBgn0039022,LOC4800927,1,ortholog_one2one,Nepl13
FBgn0034478,LOC6898034,0,ortholog_one2one,CG10822
FBgn0039079,LOC4800547,1,ortholog_one2one,Ir94g
FBgn0029529,LOC4815198,1,ortholog_one2one,CG13365
FBgn0261881,LOC4818154,1,ortholog_one2one,Ankrd49
FBgn0031792,LOC4816155,0,ortholog_one2one,CG13983
FBgn0027090,LOC4802364,1,ortholog_one2one,GlnRS
FBgn0030085,LOC4815815,0,ortholog_one2many,CG6999
FBgn0040653,LOC6898477,1,ortholog_one2one,Dso1
FBgn0038491,LOC4801048,1,ortholog_one2one,CG5292
FBgn0039107,LOC4800573,1,ortholog_one2one,CG10300
FBgn0010213,LOC4805676,0,ortholog_one2one,Sod2
FBgn0259834,LOC4814951,0,ortholog_one2one,out
FBgn0260231,LOC6897656,1,ortholog_one2one,CG42505
FBgn0032381,LOC4817558,1,ortholog_one2one,Mal-B1
FBgn0033301,LOC4803614,1,ortholog_one2one,CG12780
FBgn0283500,LOC4811886,1,ortholog_one2one,Sac1
FBgn0031143,LOC6901666,0,ortholog_one2many,CG1532
FBgn0031143,LOC6903210,0,ortholog_one2many,CG1532
FBgn0011361,LOC4812288,1,ortholog_one2one,ND-ACP
FBgn0033062,LOC4805668,1,ortholog_one2one,Ars2
FBgn0023495,LOC4801270,1,ortholog_one2one,Lip3
FBgn0052548,LOC6901022,1,ortholog_one2one,CG32548
FBgn0022943,LOC4803172,1,ortholog_one2one,Cbp20
FBgn0030260,LOC4815286,1,ortholog_one2one,CG1537
FBgn0015834,LOC4816344,1,ortholog_one2one,eIF3i
FBgn0038879,LOC6896933,1,ortholog_one2one,CG17298
FBgn0031619,LOC4817696,1,ortholog_one2one,CG3355
FBgn0259722,LOC6901850,1,ortholog_one2one,CG42376
FBgn0038506,LOC4801203,1,ortholog_one2one,CG5860
FBgn0039777,LOC6896707,0,ortholog_many2many,Jon99Fii
FBgn0039777,LOC4800234,0,ortholog_many2many,Jon99Fii
FBgn0039777,LOC6896708,0,ortholog_many2many,Jon99Fii
FBgn0037611,LOC4801971,0,ortholog_one2one,CG11755
FBgn0039386,LOC4802230,1,ortholog_one2one,Sodq
FBgn0085295,LOC6900060,1,ortholog_one2one,CG34266
FBgn0032260,LOC4816957,0,ortholog_one2one,CG13144
FBgn0022361,LOC26534353,1,ortholog_one2one,Pur-alpha
FBgn0029755,LOC4815888,1,ortholog_one2one,Sas10
FBgn0031763,LOC4817884,1,ortholog_one2one,CG13996
FBgn0033041,LOC4804841,0,ortholog_one2many,Or42a
FBgn0033041,LOC6898665,0,ortholog_one2many,Or42a
FBgn0262730,LOC4815235,1,ortholog_one2one,dtn
FBgn0032640,LOC4817683,0,ortholog_one2one,Sgt
FBgn0036306,LOC4813243,1,ortholog_one2one,CG10973
FBgn0020377,LOC6902834,0,ortholog_one2many,Sr-CII
FBgn0051687,LOC4816339,1,ortholog_one2many,CG31687
FBgn0087013,LOC4802458,1,ortholog_one2one,Karybeta3
FBgn0029801,LOC4814309,1,ortholog_one2one,CG15771
FBgn0053871,LOC26532710,0,ortholog_one2many,His4:CG33871
FBgn0039301,LOC4803213,1,ortholog_one2one,Nup37
FBgn0021776,LOC4803079,1,ortholog_one2one,mira
FBgn0053127,LOC4817389,1,ortholog_one2one,CG33127
FBgn0035993,LOC4812495,1,ortholog_one2one,Nf-YA
FBgn0035877,LOC4813934,1,ortholog_one2one,CG7083
FBgn0033060,LOC6899089,0,ortholog_one2one,CG7849
FBgn0038806,LOC4800535,1,ortholog_one2one,CG5412
FBgn0033020,LOC6897869,0,ortholog_one2one,COX4L
FBgn0038760,LOC6897343,0,ortholog_one2one,MED25
FBgn0005590,LOC4816200,1,ortholog_one2one,scw
FBgn0035776,LOC4812836,1,ortholog_one2one,CG8564
FBgn0014026,LOC4815781,1,ortholog_one2one,RpL7A
FBgn0038715,LOC6897986,1,ortholog_one2one,CG7333
FBgn0032812,LOC4818141,0,ortholog_one2one,Hakai
FBgn0085454,LOC13036532,1,ortholog_one2one,CG34425
FBgn0264895,LOC6902821,0,ortholog_one2one,RapGAP1
FBgn0037481,LOC4802927,1,ortholog_one2one,MAGE
FBgn0260817,LOC4816322,1,ortholog_one2one,gkt
FBgn0052642,LOC6901101,1,ortholog_one2one,CG32642
FBgn0000576,LOC4801654,1,ortholog_one2one,ems
FBgn0022224,LOC4803413,1,ortholog_one2one,ubl
FBgn0039505,LOC4801240,1,ortholog_one2one,CG5934
FBgn0032136,LOC4817201,1,ortholog_one2one,Apoltp
FBgn0015795,LOC26532715,1,ortholog_one2many,Rab7
FBgn0015795,LOC6903901,1,ortholog_one2many,Rab7
FBgn0029996,LOC4815711,1,ortholog_one2one,UbcE2H
FBgn0039385,LOC6897518,1,ortholog_one2one,CG5913
FBgn0051928,LOC4817634,1,ortholog_one2one,CG31928
FBgn0037429,LOC4801885,1,ortholog_one2one,Osi19
FBgn0030691,LOC6903938,0,ortholog_one2many,Efhc1.1
FBgn0030691,LOC4811660,0,ortholog_one2many,Efhc1.1
FBgn0028530,LOC4816298,1,ortholog_one2one,mTTF
FBgn0035763,LOC4811907,1,ortholog_one2one,mrva
FBgn0036360,LOC6900216,1,ortholog_one2one,CG10713
FBgn0262961,LOC117183766,1,ortholog_one2one,CG43272
FBgn0032139,LOC4817057,1,ortholog_one2one,CG13116
FBgn0031485,LOC4816560,1,ortholog_one2one,CG9643
FBgn0029914,LOC4816095,1,ortholog_one2one,CG4558
FBgn0052333,LOC6899941,1,ortholog_one2one,CG32333
FBgn0038787,LOC4801853,1,ortholog_one2one,CG4360
FBgn0031266,LOC6902804,1,ortholog_one2one,Sf3b1
FBgn0029155,LOC4801148,1,ortholog_one2one,Men-b
FBgn0267326,LOC4817295,1,ortholog_one2one,Ntl
FBgn0039930,LOC6901904,0,ortholog_one2one,Mpv17
FBgn0031418,LOC4817398,1,ortholog_one2one,CG3609
FBgn0036856,LOC4812170,1,ortholog_one2one,Mettl5
FBgn0004781,LOC4802267,1,ortholog_one2one,Ccp84Ac
FBgn0030437,LOC4814427,1,ortholog_one2one,hec
FBgn0034563,LOC4804398,1,ortholog_one2one,CG15649
FBgn0040364,LOC4816077,1,ortholog_one2one,CG11378
FBgn0023407,LOC4817896,1,ortholog_one2one,B4
FBgn0261930,LOC4814937,1,ortholog_one2one,vnd
FBgn0022288,LOC4804847,0,ortholog_one2one,l(2)09851
FBgn0267351,LOC4804065,1,ortholog_one2one,Topors
FBgn0261245,LOC4814448,0,ortholog_one2one,sing
FBgn0036896,LOC4812529,1,ortholog_one2one,wnd
FBgn0000277,LOC6896734,1,ortholog_one2many,CecA2
FBgn0026778,LOC4816540,1,ortholog_one2one,Rad1
FBgn0053177,LOC6901929,1,ortholog_one2one,CG33177
FBgn0024191,LOC4816650,0,ortholog_one2one,sip1
FBgn0036016,LOC4812744,0,ortholog_one2one,CG3306
FBgn0010607,LOC4816729,1,ortholog_one2one,l(2)05714
FBgn0038818,LOC6896950,1,ortholog_one2one,Nep4
FBgn0051703,LOC4818097,0,ortholog_one2many,tplus3b
FBgn0085436,LOC6898867,1,ortholog_one2one,Not1
FBgn0038789,LOC4801855,1,ortholog_one2one,Ir92a
FBgn0053770,LOC6899912,1,ortholog_one2one,CG33770
FBgn0052786,LOC4815270,1,ortholog_one2many,Gem4b
FBgn0259712,LOC6902771,1,ortholog_one2one,CG42366
FBgn0264605,LOC6900164,1,ortholog_one2one,CG43954
FBgn0030411,LOC4816024,1,ortholog_one2one,CG2540
FBgn0051803,LOC4817113,1,ortholog_one2one,Rsph9
FBgn0032789,LOC4816451,1,ortholog_one2one,CG13083
FBgn0038240,LOC4801727,1,ortholog_one2many,CG14851
FBgn0035379,LOC4812594,1,ortholog_one2one,spz5
FBgn0015558,LOC4814689,0,ortholog_one2one,tty
FBgn0032988,LOC4816431,1,ortholog_one2one,Tif-IA
FBgn0038432,LOC4802465,1,ortholog_one2one,CG14883
FBgn0037203,LOC4813365,1,ortholog_one2one,slif
FBgn0032116,LOC4817978,1,ortholog_one2one,Mco1
FBgn0033794,LOC4804049,1,ortholog_one2one,CG13326
FBgn0029506,LOC4803456,1,ortholog_one2one,Tsp42Ee
FBgn0052115,LOC4812788,0,ortholog_one2one,CG32115
FBgn0033141,LOC4803472,1,ortholog_one2one,CG12831
FBgn0039650,LOC4800459,1,ortholog_one2one,Mesh1
FBgn0052095,LOC4812493,0,ortholog_one2one,CG32095
FBgn0034942,LOC26532480,0,ortholog_one2one,CG13566
FBgn0036416,LOC4813281,1,ortholog_one2one,CG7924
FBgn0030589,LOC4815547,1,ortholog_one2one,CG9519
FBgn0001978,LOC4817902,1,ortholog_one2one,stc
FBgn0032530,LOC4817867,1,ortholog_one2one,CG9263
FBgn0038597,LOC4802380,1,ortholog_one2one,CG8064
FBgn0039668,LOC4800482,1,ortholog_one2one,Trc8
FBgn0030349,LOC4814444,1,ortholog_one2one,CG10353
FBgn0023167,LOC6898044,1,ortholog_one2one,SmD3
FBgn0039424,LOC4802180,1,ortholog_one2one,ppk15
FBgn0039816,LOC4800336,1,ortholog_one2one,CG11317
FBgn0035795,LOC4801094,0,ortholog_one2one,CG16998
FBgn0024912,LOC4802273,1,ortholog_one2one,agt
FBgn0259985,LOC4804144,1,ortholog_one2one,Mppe
FBgn0031784,LOC4818177,0,ortholog_one2one,CG9222
FBgn0025693,LOC6898672,1,ortholog_one2one,ZnT41F
FBgn0053138,LOC4804656,1,ortholog_one2one,AGBE
FBgn0037386,LOC6897389,1,ortholog_one2one,CG1208
FBgn0037084,LOC6899083,1,ortholog_one2one,Syx6
FBgn0052512,LOC6901082,1,ortholog_one2one,CG32512
FBgn0031306,LOC4817601,1,ortholog_one2one,CG4577
FBgn0014861,LOC4801713,1,ortholog_one2one,Mcm2
FBgn0025355,LOC4812944,1,ortholog_one2one,SuUR
FBgn0039945,LOC6901173,1,ortholog_one2one,CG17159
FBgn0039129,LOC4801740,1,ortholog_many2many,RpS19b
FBgn0067864,LOC117185196,1,ortholog_one2many,Patj
FBgn0067864,LOC4812921,1,ortholog_one2many,Patj
FBgn0030330,LOC4815575,1,ortholog_one2one,Tango10
FBgn0015288,LOC4815011,0,ortholog_one2one,RpL22
FBgn0260238,LOC6902231,1,ortholog_one2one,CG42512
FBgn0029723,LOC4815746,1,ortholog_one2one,Proc-R
FBgn0029905,LOC4815956,1,ortholog_one2one,Nf-YC
FBgn0288735,LOC4815815,0,ortholog_one2many,CG46510
FBgn0028374,LOC4800521,1,ortholog_one2one,Hug
FBgn0002645,LOC13036323,1,ortholog_one2one,Map205
FBgn0051158,LOC4800705,0,ortholog_one2one,Efa6
FBgn0067779,LOC4817781,1,ortholog_one2one,dbr
FBgn0005659,LOC6896869,1,ortholog_one2one,Ets98B
FBgn0260945,LOC4813558,0,ortholog_one2one,Atg1
FBgn0087005,LOC4802492,1,ortholog_one2one,rtp
FBgn0036830,LOC6903351,0,ortholog_one2many,COX6AL2
FBgn0036830,LOC6903350,0,ortholog_one2many,COX6AL2
FBgn0016041,LOC4815162,1,ortholog_one2one,Tom40
FBgn0032150,LOC4817311,1,ortholog_one2one,CG13123
FBgn0029752,LOC4815916,1,ortholog_one2one,TrxT
FBgn0002626,LOC4800249,1,ortholog_one2one,RpL32
FBgn0024734,LOC4818173,0,ortholog_one2one,PRL-1
FBgn0004907,LOC6898522,1,ortholog_one2one,14-3-3zeta
FBgn0020887,LOC4813336,1,ortholog_one2one,Su(z)12
FBgn0032660,LOC117185004,0,ortholog_many2many,elfless
FBgn0032660,LOC6904066,0,ortholog_many2many,elfless
FBgn0032660,LOC26533299,0,ortholog_many2many,elfless
FBgn0032660,LOC6899402,0,ortholog_many2many,elfless
FBgn0032660,LOC117185072,0,ortholog_many2many,elfless
FBgn0032660,LOC117185048,0,ortholog_many2many,elfless
FBgn0032660,LOC6899401,0,ortholog_many2many,elfless
FBgn0032660,LOC117185065,0,ortholog_many2many,elfless
FBgn0032660,LOC6901379,0,ortholog_many2many,elfless
FBgn0032660,LOC6904030,0,ortholog_many2many,elfless
FBgn0032660,LOC26531981,0,ortholog_many2many,elfless
FBgn0032660,LOC6897235,0,ortholog_many2many,elfless
FBgn0032660,LOC4801479,0,ortholog_many2many,elfless
FBgn0032660,LOC6899502,0,ortholog_many2many,elfless
FBgn0026189,LOC4812066,1,ortholog_one2one,promL
FBgn0087012,LOC4802311,1,ortholog_one2one,5-HT2A
FBgn0036230,LOC4813639,1,ortholog_one2one,CG11570
FBgn0040235,LOC4815541,1,ortholog_one2one,c12.1
FBgn0035537,LOC4812283,1,ortholog_one2one,CG11342
FBgn0037206,LOC4812999,1,ortholog_one2one,CG12768
FBgn0033616,LOC4805097,1,ortholog_one2one,CG7745
FBgn0036938,LOC4812959,1,ortholog_one2one,CG14187
FBgn0032365,LOC6902493,0,ortholog_one2one,CG14929
FBgn0053503,LOC4805650,1,ortholog_one2many,Cyp12d1-d
FBgn0031050,LOC4815494,0,ortholog_one2one,Arp10
FBgn0028479,LOC4816964,1,ortholog_one2one,Mtpalpha
FBgn0002735,LOC4802207,1,ortholog_one2one,E(spl)mgamma-HLH
FBgn0033808,LOC4804164,1,ortholog_one2one,CG4627
FBgn0033364,LOC4804565,1,ortholog_one2one,CG13747
FBgn0259110,LOC6899781,0,ortholog_one2one,mmd
FBgn0031413,LOC4817040,1,ortholog_one2one,CG9967
FBgn0036324,LOC4813702,1,ortholog_one2one,CG12520
FBgn0036969,LOC6900427,0,ortholog_one2many,Spn77Bb
FBgn0030097,LOC4815224,0,ortholog_one2one,CG12115
FBgn0034846,LOC4803709,1,ortholog_one2one,CG9863
FBgn0031091,LOC4815127,1,ortholog_one2one,Phf7
FBgn0031580,LOC6902840,1,ortholog_one2one,CG15423
FBgn0030276,LOC6897544,0,ortholog_one2many,Dlic
FBgn0030276,LOC4814894,1,ortholog_one2many,Dlic
FBgn0031392,LOC4817078,1,ortholog_one2one,AIF
FBgn0022029,LOC6898295,1,ortholog_one2one,l(2)k01209
FBgn0035581,LOC6900066,1,ortholog_one2one,Dnah3
FBgn0051439,LOC26532175,0,ortholog_one2one,Muc96D
FBgn0040904,LOC4814358,1,ortholog_one2many,CG15577
FBgn0000014,LOC6897446,1,ortholog_one2one,abd-A
FBgn0000618,LOC4815862,1,ortholog_one2one,e(y)2
FBgn0085736,LOC4811647,0,ortholog_one2many,CG40472
FBgn0020907,LOC4800799,1,ortholog_one2one,Scp2
FBgn0033696,LOC4803685,1,ortholog_one2one,Cyp6g2
FBgn0038619,LOC4801446,1,ortholog_one2one,CG7685
FBgn0051287,LOC4802871,1,ortholog_one2one,CG31287
FBgn0026206,LOC4815027,1,ortholog_one2one,mei-P26
FBgn0031802,LOC4816244,0,ortholog_one2one,ppk7
FBgn0037543,LOC4802719,1,ortholog_one2one,CG10903
FBgn0039749,LOC4800413,1,ortholog_one2one,CG11498
FBgn0034959,LOC4804298,1,ortholog_one2one,Xxylt
FBgn0035641,LOC6897633,0,ortholog_many2many,CG5568
FBgn0035641,LOC6897632,0,ortholog_many2many,CG5568
FBgn0035641,LOC6897583,0,ortholog_many2many,CG5568
FBgn0035641,LOC6897630,0,ortholog_many2many,CG5568
FBgn0040028,LOC6901886,0,ortholog_one2many,CG17450
FBgn0083970,LOC6902521,0,ortholog_one2one,CG34134
FBgn0285896,LOC26532882,1,ortholog_one2one,btl
FBgn0086447,LOC4811699,1,ortholog_one2one,Polr1D
FBgn0024320,LOC6899737,0,ortholog_one2one,Npc1a
FBgn0035392,LOC4812186,1,ortholog_one2one,CG1271
FBgn0032160,LOC4816920,1,ortholog_one2one,CG4598
FBgn0034351,LOC4804822,1,ortholog_one2one,rswl
FBgn0264305,LOC6903558,0,ortholog_one2many,CG43783
FBgn0264305,LOC4812428,1,ortholog_one2many,CG43783
FBgn0053193,LOC6896959,1,ortholog_one2one,sav
FBgn0020307,LOC4805217,1,ortholog_one2one,dve
FBgn0033481,LOC4804090,1,ortholog_one2one,CG12920
FBgn0004456,LOC4815762,1,ortholog_one2one,mew
FBgn0030269,LOC4815005,1,ortholog_one2one,CDK2AP1
FBgn0037624,LOC4803012,1,ortholog_one2one,Nasp
FBgn0053544,LOC6899093,0,ortholog_one2one,Vkor
FBgn0043012,LOC4800857,1,ortholog_one2one,AP-2sigma
FBgn0033429,LOC4805112,1,ortholog_one2one,CG12929
FBgn0261353,LOC4813779,1,ortholog_one2one,Ccdc56
FBgn0261611,LOC4803673,1,ortholog_one2one,CG42700
FBgn0026396,LOC4817541,1,ortholog_one2one,Or22c
FBgn0024986,LOC4816040,1,ortholog_one2one,CG3719
FBgn0086677,LOC4804352,1,ortholog_one2one,jeb
FBgn0030364,LOC6901317,1,ortholog_one2one,Lsm12a
FBgn0040372,LOC4815487,1,ortholog_one2one,G9a
FBgn0029713,LOC4815266,0,ortholog_one2one,CG11436
FBgn0033121,LOC6898095,1,ortholog_one2one,Cyp6u1
FBgn0032409,LOC4817126,1,ortholog_one2one,Ced-12
FBgn0012051,LOC6898114,1,ortholog_one2one,CalpA
FBgn0051115,LOC4802126,1,ortholog_one2one,CG31115
FBgn0000581,LOC4803905,1,ortholog_one2one,E(Pc)
FBgn0264302,LOC4812435,1,ortholog_one2one,wrm1
FBgn0265627,LOC6898227,0,ortholog_one2many,CG44435
FBgn0260759,LOC4800286,1,ortholog_one2one,CG42557
FBgn0020255,LOC4815193,1,ortholog_one2one,Ran
FBgn0086681,LOC6902853,0,ortholog_one2many,Mst36Fa
FBgn0036695,LOC4811890,1,ortholog_one2one,Papst2
FBgn0259918,LOC6901958,1,ortholog_one2one,inaF-B
FBgn0030824,LOC6901221,1,ortholog_one2one,CG5070
FBgn0010660,LOC4805560,1,ortholog_one2one,Nup214
FBgn0013348,LOC6899550,0,ortholog_one2one,TpnC41C
FBgn0085458,LOC26532408,1,ortholog_one2one,CG34429
FBgn0033248,LOC4804027,1,ortholog_one2one,Dic3
FBgn0004590,LOC6900593,0,ortholog_many2many,Eig71Ec
FBgn0004590,LOC4813553,1,ortholog_many2many,Eig71Ec
FBgn0250907,LOC6903358,0,ortholog_one2one,Cht10
FBgn0035298,LOC4813052,1,ortholog_one2one,SCOT
FBgn0036873,LOC6900259,1,ortholog_many2many,CG18294
FBgn0036873,LOC26533203,0,ortholog_many2many,CG18294
FBgn0036873,LOC6900257,1,ortholog_many2many,CG18294
FBgn0036873,LOC117184835,0,ortholog_many2many,CG18294
FBgn0036873,LOC6900258,1,ortholog_many2many,CG18294
FBgn0036873,LOC117184834,1,ortholog_many2many,CG18294
FBgn0036873,LOC26532152,0,ortholog_many2many,CG18294
FBgn0036873,LOC117183194,0,ortholog_many2many,CG18294
FBgn0032169,LOC4816976,1,ortholog_one2one,CG4709
FBgn0053481,LOC6899858,0,ortholog_one2one,dpr7
FBgn0004687,LOC6902269,1,ortholog_one2one,Mlc-c
FBgn0002543,LOC4817632,1,ortholog_one2one,robo2
FBgn0014411,LOC4815559,0,ortholog_one2one,Vps26
FBgn0036364,LOC4812346,1,ortholog_one2one,CG14109
FBgn0085461,LOC6896694,1,ortholog_one2many,CG34432
FBgn0042207,LOC4800879,1,ortholog_one2many,CG18530
FBgn0041707,LOC6897612,1,ortholog_one2one,7B2
FBgn0014018,LOC4803027,1,ortholog_one2one,Rel
FBgn0028980,LOC4812962,1,ortholog_one2one,tant
FBgn0053653,LOC6899206,0,ortholog_one2one,Cadps
FBgn0039476,LOC4801132,1,ortholog_many2many,CG6271
FBgn0039476,LOC6897060,1,ortholog_many2many,CG6271
FBgn0039476,LOC6897061,1,ortholog_many2many,CG6271
FBgn0033635,LOC4803904,1,ortholog_one2one,Prip
FBgn0001296,LOC4801354,1,ortholog_one2one,kar
FBgn0283439,LOC6897181,0,ortholog_one2one,CG46281
FBgn0053170,LOC6900464,0,ortholog_one2many,CG33170
FBgn0053170,LOC4813491,1,ortholog_one2many,CG33170
FBgn0040906,LOC26533778,0,ortholog_one2one,CG15579
FBgn0027499,LOC6898870,1,ortholog_one2one,wde
FBgn0035042,LOC4805433,1,ortholog_one2one,CG3640
FBgn0030572,LOC4814945,1,ortholog_one2one,mRpS25
FBgn0050380,LOC6898743,1,ortholog_one2one,CG30380
FBgn0288739,LOC4815815,0,ortholog_one2many,CG46514
FBgn0052267,LOC4812267,1,ortholog_one2one,CG32267
FBgn0035829,LOC6899984,1,ortholog_one2one,HP4
FBgn0038106,LOC6898040,0,ortholog_one2one,CG7488
FBgn0033656,LOC4805411,1,ortholog_one2one,S2P
FBgn0266719,LOC6899518,0,ortholog_one2one,stac
FBgn0035872,LOC4814074,1,ortholog_one2one,Cpsf6
FBgn0038213,LOC4801617,1,ortholog_one2one,CG9624
FBgn0062413,LOC4815804,1,ortholog_one2one,Ctr1A
FBgn0039864,LOC4801985,1,ortholog_one2one,CG11550
FBgn0050183,LOC4804531,1,ortholog_one2one,CG30183
FBgn0032490,LOC4816312,1,ortholog_one2one,CG16813
FBgn0030966,LOC4815365,1,ortholog_one2one,shop
FBgn0087007,LOC4813512,1,ortholog_one2one,bbg
FBgn0026385,LOC4805099,1,ortholog_one2one,Or47b
FBgn0264775,LOC6898003,0,ortholog_one2many,CG44013
FBgn0263511,LOC6902266,0,ortholog_one2one,Vsx1
FBgn0052817,LOC4814619,1,ortholog_one2many,CG32817
FBgn0028848,LOC4818127,1,ortholog_one2one,Gpo3
FBgn0010403,LOC4801921,1,ortholog_one2one,Obp83b
FBgn0085203,LOC6902938,1,ortholog_one2one,CG34174
FBgn0028708,LOC4803026,0,ortholog_one2one,Mst85C
FBgn0034657,LOC4805241,1,ortholog_one2one,LBR
FBgn0032086,LOC6902398,1,ortholog_one2one,CG17906
FBgn0005638,LOC4805618,1,ortholog_one2one,slbo
FBgn0085390,LOC4805011,1,ortholog_one2one,Dgk
FBgn0037304,LOC4802490,1,ortholog_one2one,CG1113
FBgn0038268,LOC4801067,1,ortholog_one2one,CG3631
FBgn0030763,LOC4815492,0,ortholog_one2one,CG9782
FBgn0005427,LOC4815124,0,ortholog_one2one,ewg
FBgn0034627,LOC4805714,1,ortholog_one2one,eEFSec
FBgn0040355,LOC6901276,1,ortholog_one2many,CG3526
FBgn0040355,LOC4814952,0,ortholog_one2many,CG3526
FBgn0040355,LOC6901265,0,ortholog_one2many,CG3526
FBgn0035478,LOC6899935,1,ortholog_one2one,CG10853
FBgn0015575,LOC4802957,1,ortholog_one2one,alpha-Est7
FBgn0050044,LOC4805466,1,ortholog_one2one,s-cup
FBgn0035949,LOC4813988,1,ortholog_one2one,CG13314
FBgn0039838,LOC6896882,1,ortholog_many2many,CAH6
FBgn0039838,LOC6903469,0,ortholog_many2many,CAH6
FBgn0003090,LOC4803477,1,ortholog_one2one,pk
FBgn0262869,LOC13036379,1,ortholog_one2one,Gfrl
FBgn0087039,LOC4814135,1,ortholog_one2one,Sbp2
FBgn0031240,LOC4818114,1,ortholog_one2one,CG3345
FBgn0264560,LOC4803665,1,ortholog_one2one,garz
FBgn0031627,LOC4817688,1,ortholog_one2one,fipi
FBgn0033720,LOC4804266,1,ortholog_one2one,CG13160
FBgn0051231,LOC6898364,0,ortholog_one2one,CG31231
FBgn0039907,LOC4811846,1,ortholog_one2one,lgs
FBgn0040505,LOC4805689,1,ortholog_one2one,Alk
FBgn0266579,LOC4800660,1,ortholog_one2one,tau
FBgn0032354,LOC4817250,1,ortholog_one2one,Boh2
FBgn0052440,LOC6897539,0,ortholog_one2one,CG32440
FBgn0035586,LOC6900990,1,ortholog_one2one,Fitm
FBgn0002592,LOC4802212,1,ortholog_one2one,E(spl)m2-BFM
FBgn0026064,LOC4803204,1,ortholog_one2many,KP78a
FBgn0052351,LOC6900325,1,ortholog_one2one,S-Lap2
FBgn0259823,LOC6897919,1,ortholog_one2one,CG42404
FBgn0033592,LOC4804726,1,ortholog_one2one,CG13215
FBgn0031850,LOC4818004,1,ortholog_one2one,Tsp
FBgn0036446,LOC26533744,1,ortholog_one2one,Mgat4a
FBgn0033669,LOC4805424,1,ortholog_one2many,PI31
FBgn0259482,LOC26534315,0,ortholog_one2one,Mob3
FBgn0266172,LOC13036455,0,ortholog_one2one,pre-mod(mdg4)-E
FBgn0029810,LOC4815933,1,ortholog_one2one,CG12239
FBgn0031675,LOC4816528,1,ortholog_one2one,CG9121
FBgn0035534,LOC4812266,1,ortholog_one2one,mRpS6
FBgn0032077,LOC6902362,1,ortholog_one2one,CG9515
FBgn0083992,LOC26533848,1,ortholog_one2one,Mkp
FBgn0051933,LOC6903135,0,ortholog_one2many,CG31933
FBgn0051933,LOC4817518,0,ortholog_one2many,CG31933
FBgn0038610,LOC4801451,1,ortholog_one2one,CG7675
FBgn0030794,LOC4815499,1,ortholog_one2one,CG13005
FBgn0053189,LOC4803017,1,ortholog_one2one,CG33189
FBgn0035677,LOC6900722,1,ortholog_one2one,CG13293
FBgn0045843,LOC4802947,1,ortholog_one2one,RacGAP84C
FBgn0014869,LOC4801166,1,ortholog_one2one,Pglym78
FBgn0034070,LOC4805354,1,ortholog_one2one,SP2353
FBgn0036992,LOC4812282,1,ortholog_one2one,Hpd
FBgn0036191,LOC4813877,1,ortholog_one2one,Sugb
FBgn0038542,LOC4802860,1,ortholog_one2one,TyrR
FBgn0052237,LOC6900064,1,ortholog_one2one,CG32237
FBgn0085380,LOC4817690,1,ortholog_one2one,dcma
FBgn0001612,LOC4815196,0,ortholog_one2one,Grip91
FBgn0002932,LOC4803030,1,ortholog_one2one,neur
FBgn0033367,LOC4804567,1,ortholog_one2one,PPO2
FBgn0026418,LOC4813662,1,ortholog_one2one,Hsp110
FBgn0004143,LOC6901550,1,ortholog_one2one,nullo
FBgn0034923,LOC4803516,1,ortholog_one2one,Upf3
FBgn0053885,LOC117185619,1,ortholog_one2one,His4:CG33885
FBgn0039436,LOC6897145,1,ortholog_many2many,TwdlB
FBgn0039436,LOC6897144,1,ortholog_many2many,TwdlB
FBgn0036195,LOC4813119,1,ortholog_one2one,Dnai2
FBgn0019809,LOC4816877,1,ortholog_one2one,gcm2
FBgn0034045,LOC4805723,1,ortholog_one2one,CG8249
FBgn0263278,LOC4816233,1,ortholog_one2one,Fic
FBgn0045485,LOC4816269,1,ortholog_one2many,Gr36c
FBgn0288745,LOC4815815,0,ortholog_one2many,CG46520
FBgn0013746,LOC4816262,1,ortholog_one2one,alien
FBgn0028507,LOC4816447,1,ortholog_one2one,CG3793
FBgn0259824,LOC4812448,1,ortholog_one2one,Hip14
FBgn0034456,LOC4804942,1,ortholog_one2one,Ir56b
FBgn0053257,LOC6900023,1,ortholog_one2one,CG33257
FBgn0038369,LOC6897561,1,ortholog_one2one,Arpc3A
FBgn0050412,LOC4803711,1,ortholog_one2one,CG30412
FBgn0034866,LOC4804477,1,ortholog_one2one,Or59c
FBgn0034315,LOC4804782,1,ortholog_one2one,CG5721
FBgn0034509,LOC4804632,1,ortholog_one2one,Obp57c
FBgn0033871,LOC4805157,1,ortholog_one2one,CG13339
FBgn0030218,LOC4814512,1,ortholog_one2many,CG1628
FBgn0030218,LOC117184412,1,ortholog_one2many,CG1628
FBgn0002709,LOC4814599,0,ortholog_one2one,mei-218
FBgn0036250,LOC4813409,0,ortholog_one2one,Ir68b
FBgn0016122,LOC6903376,1,ortholog_one2one,Acer
FBgn0028426,LOC4804236,1,ortholog_one2one,RNaseZ
FBgn0022981,LOC4802459,1,ortholog_one2one,rpk
FBgn0030868,LOC4815312,0,ortholog_one2one,CG12986
FBgn0044048,LOC6900736,1,ortholog_one2one,Ilp5
FBgn0039702,LOC4801968,1,ortholog_one2one,Vps16B
FBgn0039611,LOC6896747,0,ortholog_one2one,Nepl18
FBgn0037829,LOC4803226,1,ortholog_one2one,CG14691
FBgn0053855,LOC117183568,0,ortholog_many2many,His1:CG33855
FBgn0053855,LOC117185631,0,ortholog_many2many,His1:CG33855
FBgn0053855,LOC26534267,0,ortholog_many2many,His1:CG33855
FBgn0053855,LOC117183621,0,ortholog_many2many,His1:CG33855
FBgn0053855,LOC117185633,0,ortholog_many2many,His1:CG33855
FBgn0053855,LOC117185630,0,ortholog_many2many,His1:CG33855
FBgn0053855,LOC117185606,0,ortholog_many2many,His1:CG33855
FBgn0053855,LOC117185608,0,ortholog_many2many,His1:CG33855
FBgn0053855,LOC117185600,0,ortholog_many2many,His1:CG33855
FBgn0053855,LOC26532116,0,ortholog_many2many,His1:CG33855
FBgn0053855,LOC26533245,0,ortholog_many2many,His1:CG33855
FBgn0053855,LOC117185634,0,ortholog_many2many,His1:CG33855
FBgn0053855,LOC117185607,0,ortholog_many2many,His1:CG33855
FBgn0053855,LOC26532398,0,ortholog_many2many,His1:CG33855
FBgn0053855,LOC117183574,0,ortholog_many2many,His1:CG33855
FBgn0087008,LOC6902135,1,ortholog_one2one,e(y)3
FBgn0034067,LOC4805351,1,ortholog_one2one,CG8399
FBgn0032020,LOC4817403,1,ortholog_one2one,strat
FBgn0038294,LOC4802403,1,ortholog_one2one,Mf
FBgn0003009,LOC4803716,1,ortholog_one2one,ord
FBgn0036678,LOC6900157,1,ortholog_one2one,CG11905
FBgn0029807,LOC4815859,1,ortholog_one2one,CG3108
FBgn0260401,LOC4804249,1,ortholog_one2one,MED9
FBgn0040467,LOC4815364,1,ortholog_one2one,Dlip1
FBgn0010380,LOC4814861,1,ortholog_one2one,AP-1-2beta
FBgn0000356,LOC4812716,1,ortholog_one2one,Cp16
FBgn0031906,LOC4818163,1,ortholog_one2one,CG5160
FBgn0032634,LOC4817442,1,ortholog_one2one,Polr2J
FBgn0052563,LOC6901223,1,ortholog_one2one,CG32563
FBgn0030800,LOC4814194,1,ortholog_one2one,Nprl2
FBgn0033271,LOC6902654,0,ortholog_one2one,CG8708
FBgn0039682,LOC6896778,1,ortholog_one2one,Obp99c
FBgn0032869,LOC6903093,0,ortholog_one2one,CG17470
FBgn0051249,LOC4802387,1,ortholog_one2one,CG31249
FBgn0031769,LOC4817859,1,ortholog_one2one,CG9135
FBgn0033995,LOC4804013,1,ortholog_one2one,GPHR
FBgn0035799,LOC4813198,1,ortholog_one2one,mmm
FBgn0033027,LOC4811797,0,ortholog_one2one,TpnC4
FBgn0030929,LOC4814282,1,ortholog_one2one,CG15043
FBgn0034356,LOC4804370,1,ortholog_one2one,Pepck2
FBgn0025558,LOC4812677,1,ortholog_one2one,CG4101
FBgn0015360,LOC4813803,1,ortholog_one2one,oxt
FBgn0032205,LOC4811826,0,ortholog_one2one,CG4957
FBgn0039942,LOC6901177,1,ortholog_one2one,CG17163
FBgn0029853,LOC4815065,1,ortholog_one2one,Josd
FBgn0031456,LOC4816317,1,ortholog_one2one,Tnpo-SR
FBgn0037248,LOC4802737,1,ortholog_one2one,srl
FBgn0025681,LOC26532143,0,ortholog_one2many,CG3558
FBgn0025681,LOC6902872,0,ortholog_one2many,CG3558
FBgn0261985,LOC4811974,1,ortholog_one2one,Ptpmeg
FBgn0011260,LOC6898238,1,ortholog_one2one,Sema2a
FBgn0035287,LOC4813347,1,ortholog_one2one,CG13937
FBgn0032924,LOC4818184,1,ortholog_one2one,Nbr
FBgn0040837,LOC6900508,1,ortholog_one2many,CG8620
FBgn0040837,LOC4813744,1,ortholog_one2many,CG8620
FBgn0264899,LOC117185659,1,ortholog_one2one,CG44090
FBgn0037324,LOC4802446,1,ortholog_one2one,Orco
FBgn0035211,LOC4812057,1,ortholog_one2one,CG2211
FBgn0039642,LOC4801165,1,ortholog_one2one,CG11882
FBgn0083961,LOC6902512,1,ortholog_one2one,CG34125
FBgn0035481,LOC4812011,1,ortholog_one2one,CG12605
FBgn0031951,LOC4817185,1,ortholog_one2many,r2d2
FBgn0031951,LOC6902960,0,ortholog_one2many,r2d2
FBgn0025743,LOC4814468,0,ortholog_one2one,mbt
FBgn0260390,LOC6900450,0,ortholog_one2many,CG42516
FBgn0260390,LOC26532043,1,ortholog_one2many,CG42516
FBgn0004170,LOC6901403,1,ortholog_one2one,sc
FBgn0038983,LOC4800614,1,ortholog_one2one,CG5326
FBgn0037920,LOC4802370,1,ortholog_one2one,CG14710
FBgn0067628,LOC6897025,1,ortholog_one2one,CG33331
FBgn0043796,LOC6901123,1,ortholog_one2one,CG12219
FBgn0038299,LOC4802409,1,ortholog_one2many,Spn88Eb
FBgn0036597,LOC4812538,1,ortholog_one2one,CG4962
FBgn0032229,LOC4811680,1,ortholog_one2one,ClpP
FBgn0015714,LOC6898736,1,ortholog_many2many,Cyp6a17
FBgn0015714,LOC6898737,1,ortholog_many2many,Cyp6a17
FBgn0034433,LOC4805695,0,ortholog_one2one,EndoB
FBgn0038873,LOC4800854,1,ortholog_one2one,CG5892
FBgn0035151,LOC4812501,0,ortholog_one2many,CG17129
FBgn0035151,LOC6900146,0,ortholog_one2many,CG17129
FBgn0034655,LOC4803690,1,ortholog_one2one,CG10307
FBgn0030439,LOC4814240,1,ortholog_one2one,CG12716
FBgn0004432,LOC4815261,1,ortholog_one2one,Cyp1
FBgn0031640,LOC4817132,1,ortholog_one2one,Mon1
FBgn0028991,LOC6898583,1,ortholog_one2one,seq
FBgn0030969,LOC6901724,1,ortholog_one2one,Usp39
FBgn0011758,LOC6901234,1,ortholog_one2one,B-H1
FBgn0050463,LOC6899100,1,ortholog_one2one,Pgant9
FBgn0038984,LOC4800616,1,ortholog_one2one,AdipoR
FBgn0036689,LOC6899938,1,ortholog_one2many,CG7730
FBgn0036689,LOC6898748,0,ortholog_one2many,CG7730
FBgn0035162,LOC4812550,1,ortholog_one2one,Sf3b3
FBgn0039829,LOC6896662,1,ortholog_one2one,CG15561
FBgn0036786,LOC4813358,1,ortholog_one2one,skl
FBgn0038355,LOC4803317,1,ortholog_one2one,CG4520
FBgn0030511,LOC4815397,1,ortholog_one2many,CG11158
FBgn0004872,LOC4811741,1,ortholog_one2one,piwi
FBgn0063368,LOC13036543,0,ortholog_one2one,Gpb5
FBgn0031818,LOC4818131,1,ortholog_one2one,CG9536
FBgn0029834,LOC4814746,1,ortholog_one2one,CG5937
FBgn0033650,LOC4805406,1,ortholog_one2one,CG13193
FBgn0033867,LOC4805162,1,ortholog_one2one,Cpr50Ca
FBgn0032428,LOC4816833,1,ortholog_one2one,Fam92
FBgn0036239,LOC4812609,0,ortholog_one2one,Pop2
FBgn0024542,LOC4813421,0,ortholog_one2one,Neos
FBgn0035249,LOC4813511,1,ortholog_one2one,CG17249
FBgn0031501,LOC4817024,1,ortholog_one2one,CG17261
FBgn0053155,LOC6898465,1,ortholog_one2one,CG33155
FBgn0036935,LOC4812887,1,ortholog_one2one,CG14186
FBgn0259163,LOC4813529,1,ortholog_one2one,CG42268
FBgn0039154,LOC4801774,1,ortholog_one2one,Npc2f
FBgn0027930,LOC4802757,1,ortholog_one2one,MP1
FBgn0051015,LOC4800295,1,ortholog_one2one,PH4alphaPV
FBgn0032961,LOC4818064,1,ortholog_one2one,CG1416
FBgn0050156,LOC4803449,1,ortholog_one2one,CG30156
FBgn0010504,LOC4804336,1,ortholog_one2one,kermit
FBgn0052391,LOC6900436,1,ortholog_one2one,CG32391
FBgn0015602,LOC4803942,1,ortholog_one2one,BEAF-32
FBgn0052677,LOC6901491,1,ortholog_one2one,X11Lbeta
FBgn0035140,LOC4814067,1,ortholog_one2one,BORCS6
FBgn0026015,LOC4814665,0,ortholog_one2one,Top3beta
FBgn0011276,LOC4815793,1,ortholog_one2one,HLH3B
FBgn0028699,LOC4811994,1,ortholog_one2one,Rh50
FBgn0260005,LOC4802989,1,ortholog_one2one,wtrw
FBgn0264695,LOC6902880,1,ortholog_one2one,Mhc
FBgn0034380,LOC4803750,1,ortholog_one2one,Vps51
FBgn0004108,LOC4812606,1,ortholog_one2one,Nrt
FBgn0261386,LOC6902755,0,ortholog_one2one,Gpa2
FBgn0001216,LOC6900589,1,ortholog_one2one,Hsc70-1
FBgn0003169,LOC4801367,1,ortholog_one2one,put
FBgn0033935,LOC4803881,1,ortholog_one2one,Sin1
FBgn0031976,LOC6903104,1,ortholog_one2one,CG7367
FBgn0032724,LOC4817220,1,ortholog_one2one,CG10428
FBgn0032002,LOC4817054,1,ortholog_one2one,CG8353
FBgn0026376,LOC4813036,1,ortholog_one2one,Rgl
FBgn0033408,LOC4804517,1,ortholog_one2one,ODA-Dnal1
FBgn0040079,LOC4817787,1,ortholog_one2one,pkaap
FBgn0034716,LOC4805218,1,ortholog_one2one,Oatp58Dc
FBgn0052432,LOC6900385,1,ortholog_one2one,CG32432
FBgn0032447,LOC4816420,1,ortholog_one2one,PICK1
FBgn0035611,LOC26532264,1,ortholog_one2one,CG13285
FBgn0032166,LOC4816979,1,ortholog_one2one,CG4619
FBgn0085420,LOC6900666,1,ortholog_one2one,DIP-delta
FBgn0032938,LOC4816424,1,ortholog_one2one,CG8671
FBgn0037456,LOC4802284,0,ortholog_one2one,CG1138
FBgn0031981,LOC4816559,1,ortholog_one2one,Megf8
FBgn0039636,LOC4801157,1,ortholog_one2one,Atg14
FBgn0266282,LOC4801788,1,ortholog_one2one,SMC6
FBgn0035981,LOC4814186,1,ortholog_one2one,CG4452
FBgn0032910,LOC4818198,1,ortholog_one2one,CG9265
FBgn0052406,LOC4813103,1,ortholog_one2one,PVRAP
FBgn0052686,LOC117184369,0,ortholog_one2one,CG32686
FBgn0288846,LOC4802717,1,ortholog_one2one,unc-45
FBgn0262117,LOC26534361,0,ortholog_one2one,IntS3
FBgn0032213,LOC26533742,0,ortholog_one2one,CG5390
FBgn0250830,LOC117184108,0,ortholog_one2one,CG12547
FBgn0034814,LOC4803620,1,ortholog_one2one,CG9890
FBgn0014179,LOC4816809,1,ortholog_one2one,gcm
FBgn0035132,LOC4812420,0,ortholog_one2one,mthl10
FBgn0034417,LOC4805742,1,ortholog_one2one,CG15117
FBgn0053869,LOC26532710,0,ortholog_one2many,His4:CG33869
FBgn0052484,LOC4812196,1,ortholog_one2one,Sk2
FBgn0039557,LOC4801527,0,ortholog_one2one,CG12259
FBgn0031478,LOC4816354,1,ortholog_one2one,CG8814
FBgn0031950,LOC4817184,1,ortholog_one2one,Herp
FBgn0261871,LOC6899816,1,ortholog_one2one,dpr2
FBgn0004839,LOC4804146,1,ortholog_one2one,otk
FBgn0031968,LOC4817148,1,ortholog_one2one,CG7231
FBgn0011305,LOC4811832,0,ortholog_one2one,Rsf1
FBgn0030507,LOC4814205,1,ortholog_one2one,CG11164
FBgn0052750,LOC6901719,0,ortholog_one2one,CG32750
FBgn0034113,LOC4803805,1,ortholog_one2one,CG8060
FBgn0067629,LOC6897026,1,ortholog_one2one,CG33332
FBgn0032162,LOC6902772,1,ortholog_one2one,CG4592
FBgn0034708,LOC6898822,1,ortholog_one2one,Vps35
FBgn0037960,LOC4802796,1,ortholog_one2one,mthl5
FBgn0040285,LOC4815038,1,ortholog_one2one,Scamp
FBgn0038676,LOC6896990,1,ortholog_one2one,CG6026
FBgn0267790,LOC4802536,1,ortholog_one2one,rump
FBgn0037754,LOC4801501,1,ortholog_one2one,CG8500
FBgn0039020,LOC4800930,1,ortholog_one2one,CG17141
FBgn0037117,LOC4813324,1,ortholog_one2one,CG11248
FBgn0038809,LOC4800532,1,ortholog_one2one,CG16953
FBgn0003204,LOC4815444,1,ortholog_one2one,ras
FBgn0064116,LOC4815780,1,ortholog_one2one,anox
FBgn0037422,LOC4801892,1,ortholog_one2one,Osi13
FBgn0051550,LOC6897599,1,ortholog_one2one,CG31550
FBgn0035106,LOC4812633,1,ortholog_one2one,rno
FBgn0036735,LOC4813979,0,ortholog_one2one,Edc3
FBgn0025825,LOC6897602,1,ortholog_one2one,HDAC3
FBgn0000120,LOC4817658,1,ortholog_one2one,Arr1
FBgn0038666,LOC4801837,1,ortholog_one2one,Smu1
FBgn0032161,LOC6902773,1,ortholog_one2one,CG4594
FBgn0041342,LOC4813441,0,ortholog_one2one,Pcyt1
FBgn0051999,LOC6899872,1,ortholog_one2one,CG31999
FBgn0038391,LOC4802893,1,ortholog_one2one,GATAe
FBgn0045842,LOC4816600,1,ortholog_one2one,yuri
FBgn0026432,LOC4813265,1,ortholog_one2one,Grip163
FBgn0042135,LOC4803643,1,ortholog_one2one,Gdap2
FBgn0286781,LOC4817684,0,ortholog_one2one,cass
FBgn0020767,LOC4803990,1,ortholog_one2one,Spred
FBgn0028692,LOC6896824,0,ortholog_one2one,Rpn2
FBgn0037040,LOC6900383,1,ortholog_one2one,CG12983
FBgn0035945,LOC4814042,1,ortholog_one2one,CG5026
FBgn0046888,LOC4816512,1,ortholog_one2one,Grl36a
FBgn0038018,LOC6901509,0,ortholog_many2many,Tim17a1
FBgn0038018,LOC4802488,0,ortholog_many2many,Tim17a1
FBgn0036207,LOC4812225,1,ortholog_one2one,CG10907
FBgn0033848,LOC6898467,1,ortholog_one2one,CG13330
FBgn0004429,LOC6899946,1,ortholog_one2one,LysP
FBgn0030569,LOC4814445,1,ortholog_one2one,CG9411
FBgn0050147,LOC4804434,1,ortholog_one2one,Hil
FBgn0032819,LOC4816171,1,ortholog_one2one,Dus3
FBgn0263934,LOC4803474,1,ortholog_one2one,esn
FBgn0036124,LOC4812636,0,ortholog_one2one,Noc1
FBgn0288729,LOC4815815,0,ortholog_one2many,CG46504
FBgn0028689,LOC6898325,1,ortholog_one2one,Rpn6
FBgn0038363,LOC6897647,1,ortholog_one2one,Acyp2
FBgn0025878,LOC4805209,1,ortholog_one2one,wrapper
FBgn0053125,LOC4816477,0,ortholog_one2one,CG33125
FBgn0034507,LOC4804629,1,ortholog_one2one,CG11192
FBgn0039291,LOC4802116,1,ortholog_one2one,Saysd1
FBgn0039052,LOC4800580,1,ortholog_one2many,CG6733
FBgn0037612,LOC4803005,1,ortholog_one2one,CG8112
FBgn0032814,LOC4816202,1,ortholog_one2one,CG10366
FBgn0040607,LOC4800754,0,ortholog_one2one,CG14244
FBgn0262598,LOC4817306,1,ortholog_one2one,mtsh
FBgn0025709,LOC4804571,1,ortholog_one2one,CNT2
FBgn0028573,LOC4812779,1,ortholog_one2one,prc
FBgn0033104,LOC4803412,1,ortholog_one2one,CG15237
FBgn0023216,LOC4814585,1,ortholog_one2one,Parg
FBgn0002962,LOC4801010,1,ortholog_one2one,nanos
FBgn0030786,LOC4815928,1,ortholog_one2one,mRpL22
FBgn0028496,LOC4804821,1,ortholog_one2one,CG30116
FBgn0262982,LOC6897857,1,ortholog_one2one,CG43290
FBgn0085442,LOC4803545,1,ortholog_one2one,NKAIN
FBgn0266918,LOC4812539,1,ortholog_one2one,CG32486
FBgn0032914,LOC6903588,1,ortholog_one2one,CG14397
FBgn0261681,LOC6900341,1,ortholog_one2one,CG42728
FBgn0039157,LOC6897340,1,ortholog_one2one,Myo95E
FBgn0003360,LOC4814494,1,ortholog_one2one,sesB
FBgn0028738,LOC4804693,1,ortholog_one2one,ETH
FBgn0054039,LOC6900632,1,ortholog_one2one,CG34039
FBgn0262843,LOC26533177,1,ortholog_one2one,CG43207
FBgn0032670,LOC4816800,1,ortholog_one2one,CG5783
FBgn0038494,LOC4801212,1,ortholog_one2one,beat-IIb
FBgn0016685,LOC4800237,1,ortholog_one2one,Nlp
FBgn0033540,LOC4805329,1,ortholog_one2one,Elp2
FBgn0004400,LOC4804675,0,ortholog_one2one,rhi
FBgn0028399,LOC6900027,1,ortholog_one2one,Serinc
FBgn0039821,LOC6896664,1,ortholog_one2one,Ktch
FBgn0039160,LOC4801784,1,ortholog_one2one,CG5510
FBgn0262124,LOC117184107,0,ortholog_one2one,uex
FBgn0035519,LOC4812670,1,ortholog_one2one,CG1309
FBgn0003317,LOC4803635,1,ortholog_one2one,sax
FBgn0039304,LOC4802366,1,ortholog_one2one,Kdsr
FBgn0053639,LOC6901015,1,ortholog_one2one,CG33639
FBgn0033550,LOC4805316,1,ortholog_one2one,CG12341
FBgn0030247,LOC4815298,0,ortholog_one2one,CG15208
FBgn0050371,LOC4803585,1,ortholog_one2one,CG30371
FBgn0000308,LOC4818147,1,ortholog_one2one,chic
FBgn0000150,LOC6897407,1,ortholog_one2one,awd
FBgn0030927,LOC4814281,1,ortholog_one2one,CG15046
FBgn0030802,LOC4814209,0,ortholog_one2one,DENR
FBgn0037906,LOC4802818,1,ortholog_one2one,PGRP-LB
FBgn0030788,LOC4815625,1,ortholog_one2one,Sap30
FBgn0032966,LOC4818171,1,ortholog_one2one,CG1421
FBgn0004367,LOC6901445,0,ortholog_one2one,mei-41
FBgn0033773,LOC4804754,1,ortholog_one2one,Mos
FBgn0033911,LOC4805347,1,ortholog_one2one,VGAT
FBgn0030015,LOC4815264,1,ortholog_one2many,CG10761
FBgn0030015,LOC6896862,0,ortholog_one2many,CG10761
FBgn0037057,LOC4812923,1,ortholog_one2one,CG10512
FBgn0033679,LOC4804354,1,ortholog_one2one,CG8888
FBgn0261786,LOC4804469,1,ortholog_one2one,mi
FBgn0036569,LOC4813194,1,ortholog_one2one,IleRS-m
FBgn0031668,LOC4816463,1,ortholog_one2one,CG31917
FBgn0039025,LOC4800923,0,ortholog_one2one,Usp12-46
FBgn0030941,LOC6903613,1,ortholog_one2one,wgn
FBgn0032974,LOC4816230,1,ortholog_one2one,CG3651
FBgn0052220,LOC6900890,0,ortholog_one2one,Csas
FBgn0040941,LOC6903641,1,ortholog_one2one,CG15308
FBgn0037955,LOC4802800,1,ortholog_one2one,Kyat
FBgn0024814,LOC4812938,1,ortholog_one2one,Clc
FBgn0032691,LOC4816983,1,ortholog_one2one,Atac2
FBgn0034165,LOC4804179,1,ortholog_one2one,CG6435
FBgn0052603,LOC6902597,0,ortholog_one2many,CG32603
FBgn0030748,LOC4814974,1,ortholog_one2one,Traf-like
FBgn0034432,LOC26532094,0,ortholog_one2one,Acadvl
FBgn0038073,LOC4800873,1,ortholog_one2one,CG14395
FBgn0259244,LOC6896920,1,ortholog_one2one,CG42342
FBgn0010894,LOC4813461,1,ortholog_one2one,sinu
FBgn0050377,LOC4805009,1,ortholog_one2one,CG30377
FBgn0035526,LOC4812001,1,ortholog_one2one,CG1316
FBgn0054002,LOC6898963,0,ortholog_one2one,CG34002
FBgn0052277,LOC4813360,1,ortholog_one2one,CG32277
FBgn0038098,LOC6897184,1,ortholog_one2one,CG7381
FBgn0032124,LOC4817066,0,ortholog_one2one,CG17855
FBgn0053349,LOC6898094,1,ortholog_one2one,ppk25
FBgn0031055,LOC4814595,0,ortholog_one2one,et
FBgn0037712,LOC6897746,0,ortholog_one2one,CG16789
FBgn0024362,LOC4815805,1,ortholog_one2one,Naa30A
FBgn0031412,LOC4817041,1,ortholog_one2one,CG16995
FBgn0036747,LOC6900642,0,ortholog_one2one,CG6052
FBgn0051913,LOC4817922,1,ortholog_one2one,CG31913
FBgn0004859,LOC6899806,1,ortholog_one2one,ci
FBgn0034430,LOC4804612,0,ortholog_one2one,mip40
FBgn0033782,LOC4805139,1,ortholog_one2one,sug
FBgn0016076,LOC4817419,1,ortholog_one2one,vri
FBgn0261554,LOC4803775,1,ortholog_one2one,Arms
FBgn0263864,LOC4804243,1,ortholog_one2one,Dark
FBgn0250820,LOC4802813,1,ortholog_one2one,meigo
FBgn0038143,LOC4801269,1,ortholog_one2one,CG9813
FBgn0263933,LOC4816871,1,ortholog_one2one,ebi
FBgn0037648,LOC4803040,1,ortholog_one2one,CG11975
FBgn0041150,LOC4816956,1,ortholog_one2one,hoe1
FBgn0287775,LOC4804970,1,ortholog_one2one,18w
FBgn0039406,LOC6897506,1,ortholog_one2one,RpL34a
FBgn0051974,LOC4817753,1,ortholog_one2one,CG31974
FBgn0030975,LOC4815149,1,ortholog_one2one,SdhBL
FBgn0037718,LOC4802456,1,ortholog_one2one,P58IPK
FBgn0265042,LOC4801234,1,ortholog_one2one,Irk1
FBgn0028526,LOC4816460,1,ortholog_one2many,CG15293
FBgn0053523,LOC6900084,1,ortholog_one2one,CG33523
FBgn0087035,LOC6899487,0,ortholog_one2many,AGO2
FBgn0087035,LOC26532731,0,ortholog_one2many,AGO2
FBgn0087035,LOC6897628,0,ortholog_one2many,AGO2
FBgn0087035,LOC6902030,0,ortholog_one2many,AGO2
FBgn0087035,LOC6900340,1,ortholog_one2many,AGO2
FBgn0087035,LOC6897742,0,ortholog_one2many,AGO2
FBgn0087035,LOC26532128,0,ortholog_one2many,AGO2
FBgn0087035,LOC26531987,0,ortholog_one2many,AGO2
FBgn0087035,LOC117183210,0,ortholog_one2many,AGO2
FBgn0087035,LOC6903043,0,ortholog_one2many,AGO2
FBgn0087035,LOC6897740,0,ortholog_one2many,AGO2
FBgn0087035,LOC6904109,0,ortholog_one2many,AGO2
FBgn0260744,LOC4802580,1,ortholog_one2one,Tango9
FBgn0085476,LOC6902524,1,ortholog_one2one,CG34447
FBgn0003023,LOC6901339,1,ortholog_one2one,otu
FBgn0085387,LOC6901661,0,ortholog_one2one,shakB
FBgn0037093,LOC4813960,1,ortholog_one2one,Cdk12
FBgn0265998,LOC6897310,1,ortholog_one2one,Doa
FBgn0035931,LOC4812706,1,ortholog_one2one,CG13312
FBgn0026751,LOC4814748,1,ortholog_one2one,XRCC1
FBgn0058002,LOC4811647,0,ortholog_one2many,ND-AGGG
FBgn0264491,LOC4801956,0,ortholog_one2one,how
FBgn0028645,LOC4816625,0,ortholog_one2one,beat-Ib
FBgn0038256,LOC26534253,1,ortholog_one2one,CG7530
FBgn0033813,LOC4803539,1,ortholog_one2one,fsd
FBgn0031913,LOC4818098,1,ortholog_one2one,CG5958
FBgn0030947,LOC4814392,1,ortholog_one2one,CG6696
FBgn0013277,LOC6896929,1,ortholog_many2many,Hsp70Ba
FBgn0013277,LOC4800844,0,ortholog_many2many,Hsp70Ba
FBgn0032884,LOC4817290,1,ortholog_one2one,Pomp
FBgn0037073,LOC4813667,1,ortholog_one2one,Tsr1
FBgn0038431,LOC4802464,1,ortholog_one2one,CG10405
FBgn0039183,LOC4802166,1,ortholog_one2one,Dis3
FBgn0266581,LOC6897400,0,ortholog_one2one,pit
FBgn0010240,LOC6899177,0,ortholog_one2one,Lcch3
FBgn0010215,LOC6899766,0,ortholog_one2one,alpha-Cat
FBgn0033132,LOC4803464,1,ortholog_one2one,Tsp42Ej
FBgn0030103,LOC4815875,1,ortholog_one2one,Obp8a
FBgn0262811,LOC117184900,1,ortholog_one2one,CG43182
FBgn0032003,LOC4817053,1,ortholog_one2one,CG8349
FBgn0085330,LOC6897890,1,ortholog_one2one,CG34301
FBgn0004431,LOC6899947,0,ortholog_one2one,LysX
FBgn0031484,LOC4816453,1,ortholog_one2one,CG3165
FBgn0035995,LOC4812241,1,ortholog_one2one,CG3529
FBgn0050100,LOC4803810,1,ortholog_one2one,CG30100
FBgn0030662,LOC6902298,0,ortholog_one2one,Chsy
FBgn0083972,LOC6903587,1,ortholog_one2one,CG34136
FBgn0037402,LOC6897381,1,ortholog_one2one,Vha14-2
FBgn0037646,LOC4802450,0,ortholog_one2one,CAHbeta
FBgn0038805,LOC4800536,1,ortholog_one2one,TFAM
FBgn0035610,LOC6900660,1,ortholog_one2one,Lkr
FBgn0029158,LOC4813963,1,ortholog_one2one,Las
FBgn0250903,LOC26533575,1,ortholog_one2one,lmgA
FBgn0010905,LOC4813695,1,ortholog_one2one,Spn
FBgn0030409,LOC4815533,1,ortholog_one2one,CG15728
FBgn0037993,LOC4802600,1,ortholog_one2one,dpr15
FBgn0259961,LOC26533807,0,ortholog_one2one,CG42471
FBgn0028482,LOC4817807,1,ortholog_one2one,bdl
FBgn0011725,LOC4801790,1,ortholog_one2one,twin
FBgn0035857,LOC4814143,0,ortholog_one2one,CG8006
FBgn0020412,LOC6901999,0,ortholog_one2many,JIL-1
FBgn0020412,LOC6900499,1,ortholog_one2many,JIL-1
FBgn0038471,LOC4802096,1,ortholog_one2one,Trm7-32
FBgn0004914,LOC4816103,1,ortholog_one2one,Hnf4
FBgn0030913,LOC4814384,1,ortholog_one2one,kairos
FBgn0039854,LOC6897051,1,ortholog_one2many,CG1635
FBgn0085311,LOC26532104,1,ortholog_one2one,CG34282
FBgn0052423,LOC4813588,1,ortholog_one2one,shep
FBgn0024365,LOC4815419,1,ortholog_one2one,CG12773
FBgn0051072,LOC4800748,1,ortholog_one2one,Lerp
FBgn0053145,LOC4804892,1,ortholog_one2one,GalT1
FBgn0037713,LOC4802702,1,ortholog_one2one,CG16790
FBgn0263980,LOC15382872,1,ortholog_one2one,Stacl
FBgn0004132,LOC4804907,1,ortholog_one2one,boca
FBgn0039182,LOC4802167,1,ortholog_one2one,Rrp5
FBgn0010352,LOC4812097,1,ortholog_one2one,Ogdh
FBgn0013272,LOC4805214,1,ortholog_one2one,Gp150
FBgn0010315,LOC117185158,0,ortholog_one2many,CycD
FBgn0010315,LOC117184553,0,ortholog_one2many,CycD
FBgn0010315,LOC6899629,0,ortholog_one2many,CycD
FBgn0036643,LOC4811860,1,ortholog_one2one,Syx8
FBgn0050101,LOC4803917,1,ortholog_one2one,Vajk4
FBgn0263988,LOC4812069,1,ortholog_one2one,Dic61B
FBgn0036442,LOC4813900,1,ortholog_one2one,CG13473
FBgn0030581,LOC6901422,0,ortholog_one2one,CG14408
FBgn0259202,LOC26531972,0,ortholog_one2one,CG42306
FBgn0050464,LOC6898681,1,ortholog_one2many,Ir52d
FBgn0038839,LOC4801543,0,ortholog_one2one,Ktl
FBgn0030999,LOC4814793,1,ortholog_one2one,Mur18B
FBgn0039932,LOC6899880,1,ortholog_one2one,fuss
FBgn0030120,LOC4815665,1,ortholog_many2many,CG17440
FBgn0020510,LOC4801633,1,ortholog_one2one,Abi
FBgn0025643,LOC6901277,1,ortholog_one2one,CG3588
FBgn0039331,LOC4803049,1,ortholog_one2one,ND-49L
FBgn0028370,LOC4816471,1,ortholog_one2one,kek3
FBgn0030107,LOC4814649,1,ortholog_one2one,CG15370
FBgn0033421,LOC4805301,1,ortholog_one2one,CG1888
FBgn0004054,LOC4802263,0,ortholog_one2one,zen2
FBgn0026411,LOC4815076,1,ortholog_one2one,Lim1
FBgn0030459,LOC4814547,1,ortholog_one2one,CG12723
FBgn0037007,LOC4812475,1,ortholog_one2one,BNIP3
FBgn0040777,LOC4805068,1,ortholog_one2one,CG14767
FBgn0033578,LOC4805649,1,ortholog_one2one,BBS4
FBgn0038428,LOC4802549,1,ortholog_one2one,Ttc1
FBgn0036305,LOC4813620,1,ortholog_one2one,CG10984
FBgn0030099,LOC4814739,1,ortholog_one2one,CG12056
FBgn0051438,LOC4800868,0,ortholog_one2many,CheB93b
FBgn0010356,LOC4804885,1,ortholog_one2one,Taf5
FBgn0032230,LOC117183915,0,ortholog_one2one,lft
FBgn0013771,LOC4804983,1,ortholog_one2many,Cyp6a9
FBgn0023545,LOC4815521,1,ortholog_one2one,PIG-K
FBgn0029799,LOC4814337,1,ortholog_one2one,CG15772
FBgn0051908,LOC4817948,1,ortholog_one2one,CG31908
FBgn0036892,LOC6896655,0,ortholog_one2many,Lon
FBgn0036892,LOC4812397,1,ortholog_one2many,Lon
FBgn0036892,LOC6902226,0,ortholog_one2many,Lon
FBgn0053128,LOC4817635,1,ortholog_one2one,CG33128
FBgn0032042,LOC4818062,1,ortholog_one2one,CG13398
FBgn0259228,LOC4815785,1,ortholog_one2one,C3G
FBgn0033949,LOC4803972,1,ortholog_one2one,Had2
FBgn0284236,LOC26534338,1,ortholog_one2one,CG46320
FBgn0052066,LOC4813151,1,ortholog_one2one,CG32066
FBgn0036656,LOC6900161,1,ortholog_one2one,CG13026
FBgn0024846,LOC4816406,1,ortholog_one2one,p38b
FBgn0038641,LOC4801345,1,ortholog_one2one,ChT
FBgn0016970,LOC4804519,1,ortholog_one2one,l(2)k10201
FBgn0040658,LOC6898261,1,ortholog_one2one,CG13516
FBgn0263035,LOC6899900,1,ortholog_one2one,CG43330
FBgn0030670,LOC4815787,1,ortholog_one2one,Pis
FBgn0053213,LOC4800688,1,ortholog_one2one,Boh1
FBgn0041713,LOC4818137,1,ortholog_one2one,yellow-c
FBgn0039427,LOC4801720,0,ortholog_one2one,CG5447
FBgn0000045,LOC4812150,1,ortholog_one2one,Act79B
FBgn0036900,LOC4811914,1,ortholog_one2one,CG8765
FBgn0036058,LOC4813276,1,ortholog_one2one,CG6707
FBgn0019928,LOC4805028,1,ortholog_one2one,Ser8
FBgn0038463,LOC4802087,1,ortholog_one2one,CG3534
FBgn0036493,LOC4813539,0,ortholog_one2one,CG7255
FBgn0261109,LOC4812973,1,ortholog_one2one,mrn
FBgn0085412,LOC13036380,1,ortholog_one2one,kmr
FBgn0038473,LOC6897454,1,ortholog_one2one,Ns1
FBgn0031285,LOC4816885,1,ortholog_one2one,CG3662
FBgn0023091,LOC4816437,1,ortholog_one2one,dimm
FBgn0034156,LOC4805062,0,ortholog_one2many,CG5348
FBgn0030551,LOC4815099,1,ortholog_one2one,CG11674
FBgn0034713,LOC6898820,1,ortholog_one2one,CG11291
FBgn0000629,LOC4813247,1,ortholog_one2one,E(z)
FBgn0052187,LOC4812984,1,ortholog_one2one,CG32187
FBgn0037670,LOC4800357,1,ortholog_one2one,Ibf1
FBgn0042712,LOC6900553,1,ortholog_one2one,HBS1
FBgn0030261,LOC4814805,1,ortholog_one2one,CG15203
FBgn0027086,LOC4812205,1,ortholog_one2one,IleRS
FBgn0039269,LOC4802121,0,ortholog_one2one,veli
FBgn0039797,LOC4800308,1,ortholog_one2one,eIF4H2
FBgn0031037,LOC4815519,1,ortholog_one2one,CG14207
FBgn0035400,LOC4811876,1,ortholog_one2one,CG11537
FBgn0046880,LOC4804958,1,ortholog_one2one,Obp56b
FBgn0288744,LOC4815815,0,ortholog_one2many,CG46519
FBgn0020272,LOC4816082,0,ortholog_one2one,mst
FBgn0052374,LOC4813051,1,ortholog_one2one,CG32374
FBgn0031248,LOC6902820,1,ortholog_one2many,CG11912
FBgn0031248,LOC26533475,0,ortholog_one2many,CG11912
FBgn0259214,LOC6899891,1,ortholog_one2one,PMCA
FBgn0086779,LOC4818001,1,ortholog_one2one,step
FBgn0035233,LOC4813625,1,ortholog_one2one,Pex10
FBgn0259199,LOC26532702,1,ortholog_one2one,Snup
FBgn0035621,LOC4813329,1,ortholog_one2one,CG10591
FBgn0037440,LOC6902756,0,ortholog_one2many,CRAT
FBgn0040075,LOC4812022,1,ortholog_one2one,rept
FBgn0034733,LOC4804464,1,ortholog_one2one,CG4752
FBgn0031324,LOC4817621,1,ortholog_one2one,CG14342
FBgn0035903,LOC6900704,1,ortholog_one2one,CG6765
FBgn0037913,LOC6897819,1,ortholog_one2one,fabp
FBgn0051445,LOC4800468,1,ortholog_one2many,CG31445
FBgn0030239,LOC4815515,1,ortholog_one2one,Pgls
FBgn0036988,LOC4813964,1,ortholog_one2one,CG5262
FBgn0265272,LOC117183712,1,ortholog_one2one,CG30060
FBgn0016762,LOC4804532,1,ortholog_one2one,angel
FBgn0051404,LOC6897981,0,ortholog_one2one,CG31404
FBgn0035262,LOC4813982,0,ortholog_one2one,CG18171
FBgn0031856,LOC4815211,0,ortholog_one2many,CG11322
FBgn0033963,LOC4803989,1,ortholog_one2one,CG12857
FBgn0287225,LOC4802573,1,ortholog_one2one,bor
FBgn0010438,LOC4802870,1,ortholog_one2one,mtSSB
FBgn0024980,LOC4815316,1,ortholog_one2one,Syx4
FBgn0262517,LOC4812318,1,ortholog_one2one,Ltn1
FBgn0039048,LOC4800578,1,ortholog_one2one,CG17111
FBgn0010323,LOC4817197,1,ortholog_one2one,Gsc
FBgn0034567,LOC4805506,1,ortholog_one2one,CG15651
FBgn0039246,LOC4801286,1,ortholog_one2one,CG10845
FBgn0036777,LOC4813420,1,ortholog_one2one,CG7341
FBgn0040279,LOC4801891,1,ortholog_one2one,Osi14
FBgn0085431,LOC4800825,1,ortholog_one2one,Sol1
FBgn0036228,LOC4813028,1,ortholog_one2one,obst-G
FBgn0038701,LOC4803254,1,ortholog_one2one,CG18493
FBgn0038828,LOC4800902,1,ortholog_one2one,CG17270
FBgn0036467,LOC6900359,1,ortholog_one2one,CG12310
FBgn0035462,LOC4813114,1,ortholog_one2one,IntS10
FBgn0034484,LOC6898157,0,ortholog_one2one,CG11044
FBgn0030895,LOC6902417,0,ortholog_one2one,CG7135
FBgn0032372,LOC4812826,0,ortholog_one2many,CG4988
FBgn0031061,LOC4815304,1,ortholog_one2one,CG14232
FBgn0036257,LOC6900440,1,ortholog_one2one,RhoGAP68F
FBgn0038005,LOC6897665,1,ortholog_many2many,Cyp313a5
FBgn0038005,LOC6897664,1,ortholog_many2many,Cyp313a5
FBgn0020429,LOC4816667,1,ortholog_one2one,GluRIIB
FBgn0039686,LOC4800503,1,ortholog_one2one,CG15506
FBgn0039744,LOC4800291,1,ortholog_one2one,Rpp14b
FBgn0039328,LOC6897569,1,ortholog_one2one,CHKov2
FBgn0036970,LOC6900427,1,ortholog_one2many,Spn77Bc
FBgn0085318,LOC6896804,1,ortholog_one2one,CG34289
FBgn0040077,LOC4801300,1,ortholog_one2one,primo-1
FBgn0028424,LOC4803811,1,ortholog_one2many,JhI-26
FBgn0028424,LOC6898252,1,ortholog_one2many,JhI-26
FBgn0031649,LOC4817043,1,ortholog_one2one,hoe2
FBgn0066303,LOC6901535,1,ortholog_one2one,CG33932
FBgn0034879,LOC4804548,1,ortholog_one2one,Rrp4
FBgn0036278,LOC4813469,1,ortholog_one2one,CrzR
FBgn0030529,LOC4814744,1,ortholog_one2many,Clic
FBgn0030529,LOC6899484,0,ortholog_one2many,Clic
FBgn0032078,LOC4816132,1,ortholog_one2one,C1GalTA
FBgn0030956,LOC4814348,1,ortholog_one2many,CG18259
FBgn0039454,LOC4800750,1,ortholog_one2one,CG14247
FBgn0035648,LOC4811938,1,ortholog_one2one,CG13288
FBgn0037255,LOC6897558,1,ortholog_one2one,Fip1
FBgn0037710,LOC4802701,1,ortholog_one2one,CG9393
FBgn0011818,LOC4816746,1,ortholog_one2one,oaf
FBgn0053061,LOC4812117,1,ortholog_one2one,CG33061
FBgn0041186,LOC4801168,1,ortholog_one2one,Slbp
FBgn0036790,LOC6900819,1,ortholog_one2one,AstC-R1
FBgn0031286,LOC4817025,1,ortholog_one2one,CG3862
FBgn0030331,LOC4815981,1,ortholog_one2one,CG15221
FBgn0033042,LOC4804842,0,ortholog_one2one,Tsp42A
FBgn0016696,LOC4812616,1,ortholog_one2one,Pitslre
FBgn0283472,LOC4812129,1,ortholog_one2one,S6k
FBgn0286818,LOC4813455,1,ortholog_one2one,Pdi
FBgn0052343,LOC4812042,1,ortholog_one2one,Atac3
FBgn0030990,LOC4814977,1,ortholog_one2one,CG7556
FBgn0029800,LOC4814236,1,ortholog_one2one,lin-52
FBgn0030066,LOC4815378,1,ortholog_one2one,Uros1
FBgn0039669,LOC4800481,1,ortholog_one2one,ND-20L
FBgn0015544,LOC4804332,1,ortholog_one2one,spag
FBgn0041184,LOC4817650,1,ortholog_one2one,Socs36E
FBgn0040600,LOC4800435,1,ortholog_one2one,CG13631
FBgn0029711,LOC4815358,1,ortholog_one2one,Usf
FBgn0034885,LOC4804540,1,ortholog_one2one,Eglp4
FBgn0265180,LOC6898231,1,ortholog_one2one,CG44245
FBgn0039664,LOC6896774,1,ortholog_one2one,CG2006
FBgn0261360,LOC6900273,1,ortholog_one2many,CG42637
FBgn0037018,LOC4812615,1,ortholog_one2one,CG4042
FBgn0034322,LOC6902899,0,ortholog_many2many,CG18536
FBgn0034322,LOC6898652,1,ortholog_many2many,CG18536
FBgn0034322,LOC6898651,1,ortholog_many2many,CG18536
FBgn0034322,LOC4804796,1,ortholog_many2many,CG18536
FBgn0036374,LOC6900231,1,ortholog_one2one,Spt20
FBgn0003511,LOC6896716,1,ortholog_one2one,Sry-beta
FBgn0038630,LOC4801436,1,ortholog_one2one,Tssk
FBgn0001225,LOC4814183,1,ortholog_one2one,Hsp26
FBgn0283427,LOC4817018,1,ortholog_one2one,FASN1
FBgn0011766,LOC4802691,1,ortholog_one2one,E2f1
FBgn0283467,LOC4817898,1,ortholog_one2one,PolD3
FBgn0026261,LOC4804220,1,ortholog_one2one,bonsai
FBgn0051040,LOC4800274,1,ortholog_one2one,Cog7
FBgn0032804,LOC4817845,1,ortholog_one2one,CG13081
FBgn0001227,LOC4814181,1,ortholog_one2one,Hsp67Ba
FBgn0264542,LOC6902018,1,ortholog_one2one,hwt
FBgn0030622,LOC4815626,1,ortholog_one2one,CG9101
FBgn0032402,LOC4817720,1,ortholog_one2one,PLCXD
FBgn0288470,LOC4814145,1,ortholog_one2one,Cpsf5
FBgn0032602,LOC4816846,1,ortholog_one2one,ppk17
FBgn0085317,LOC13036408,1,ortholog_one2one,CG34288
FBgn0051673,LOC4817036,1,ortholog_one2one,CG31673
FBgn0040394,LOC4814477,0,ortholog_one2one,CG16903
FBgn0038149,LOC4801264,1,ortholog_one2one,GILT1
FBgn0004895,LOC4811884,1,ortholog_one2one,FoxL1
FBgn0033543,LOC4805324,1,ortholog_one2one,Daao1
FBgn0034743,LOC4804214,1,ortholog_one2one,RpS16
FBgn0031006,LOC4814634,1,ortholog_one2one,rictor
FBgn0032715,LOC6902956,1,ortholog_one2one,CG17597
FBgn0013307,LOC4804030,1,ortholog_one2many,Odc1
FBgn0002989,LOC4816519,1,ortholog_one2one,okr
FBgn0041626,LOC4815215,1,ortholog_one2many,Or19a
FBgn0263198,LOC4817175,1,ortholog_one2one,Acn
FBgn0052380,LOC4813835,1,ortholog_one2one,SMSr
FBgn0035847,LOC6897003,0,ortholog_one2many,mthl7
FBgn0037818,LOC6896999,1,ortholog_one2one,CG6465
FBgn0036808,LOC6900813,0,ortholog_one2one,Dic4
FBgn0264848,LOC4813733,1,ortholog_one2one,vih
FBgn0037810,LOC4801029,1,ortholog_one2one,sle
FBgn0052110,LOC6898007,0,ortholog_one2one,CG32110
FBgn0032836,LOC6902619,1,ortholog_one2one,CG10680
FBgn0035490,LOC4813027,1,ortholog_one2one,CG1136
FBgn0051013,LOC6896699,0,ortholog_one2many,CG31013
FBgn0051013,LOC4800236,1,ortholog_one2many,CG31013
FBgn0003495,LOC4801140,1,ortholog_one2one,spz
FBgn0083940,LOC6901086,0,ortholog_one2one,RhoU
FBgn0032175,LOC4817086,0,ortholog_one2one,CG13131
FBgn0029836,LOC4814673,1,ortholog_one2one,CG5928
FBgn0034970,LOC4804314,1,ortholog_one2one,yki
FBgn0265778,LOC4816249,1,ortholog_one2one,PDZ-GEF
FBgn0038746,LOC6903964,1,ortholog_one2one,Surf6
FBgn0034512,LOC4804637,1,ortholog_one2one,Bbd
FBgn0011768,LOC4803114,1,ortholog_one2one,Fdh
FBgn0004369,LOC4800475,1,ortholog_one2one,Ptp99A
FBgn0039356,LOC6897701,1,ortholog_one2one,CG5039
FBgn0015379,LOC4815078,0,ortholog_one2one,dod
FBgn0051324,LOC4802191,1,ortholog_one2one,Cipc
FBgn0003651,LOC4802615,1,ortholog_one2one,svp
FBgn0037723,LOC4802132,0,ortholog_one2one,SpdS
FBgn0024234,LOC4803504,1,ortholog_one2one,gbb
FBgn0053124,LOC4817241,0,ortholog_many2many,CG33124
FBgn0053124,LOC6902923,0,ortholog_many2many,CG33124
FBgn0024728,LOC4811805,0,ortholog_one2one,Slip1
FBgn0032394,LOC4817711,1,ortholog_one2one,Hacd1
FBgn0031693,LOC6903061,1,ortholog_one2many,Cyp4ac1
FBgn0260938,LOC6899742,0,ortholog_one2one,tay
FBgn0030766,LOC4815301,0,ortholog_one2one,mthl1
FBgn0264253,LOC4816840,0,ortholog_one2one,Send2
FBgn0023518,LOC4814729,1,ortholog_one2one,trr
FBgn0036217,LOC4813689,1,ortholog_one2one,CG5906
FBgn0051698,LOC4816644,1,ortholog_one2one,CG31698
FBgn0020641,LOC4813481,1,ortholog_one2one,Lcp65Ad
FBgn0035021,LOC4805586,1,ortholog_one2one,CG4622
FBgn0032879,LOC4817368,1,ortholog_one2one,CarT
FBgn0036362,LOC4811953,1,ortholog_one2one,CG10725
FBgn0039946,LOC6901170,1,ortholog_one2one,ATbp
FBgn0040091,LOC6903244,0,ortholog_one2one,Ugt317A1
FBgn0260007,LOC6898943,1,ortholog_one2one,CG42493
FBgn0035529,LOC4813905,1,ortholog_one2one,Fdx2
FBgn0030440,LOC4811755,1,ortholog_one2one,CG15719
FBgn0032057,LOC4816224,1,ortholog_one2one,CG9287
FBgn0038508,LOC4801201,1,ortholog_one2one,CG5866
FBgn0033588,LOC6898625,1,ortholog_one2one,CG13228
FBgn0037410,LOC4801905,1,ortholog_one2one,Osi2
FBgn0015925,LOC4803820,1,ortholog_one2one,csul
FBgn0036474,LOC26533071,1,ortholog_one2one,Or71a
FBgn0003300,LOC4815174,1,ortholog_one2one,run
FBgn0014863,LOC6897844,1,ortholog_one2one,Mlp84B
FBgn0003130,LOC4805724,1,ortholog_one2one,Poxn
FBgn0053768,LOC6899909,1,ortholog_one2one,CG33768
FBgn0027607,LOC4803351,1,ortholog_one2one,CG8230
FBgn0030773,LOC4816070,1,ortholog_one2many,CG9676
FBgn0033202,LOC6902423,0,ortholog_one2one,Grl43a
FBgn0035346,LOC4813909,1,ortholog_one2one,CG1146
FBgn0025634,LOC4815643,1,ortholog_one2one,CG13367
FBgn0085351,LOC6901957,1,ortholog_one2one,inaF-A
FBgn0011638,LOC4816617,1,ortholog_one2one,La
FBgn0016120,LOC6899369,1,ortholog_one2one,ATPsynD
FBgn0029006,LOC4804677,0,ortholog_one2one,Smurf
FBgn0015011,LOC6897427,0,ortholog_one2one,AhcyL2
FBgn0003997,LOC4813504,1,ortholog_one2one,hid
FBgn0086355,LOC4800416,1,ortholog_one2one,Tpi
FBgn0036973,LOC4813483,1,ortholog_one2one,Rbbp5
FBgn0052396,LOC6901246,0,ortholog_one2one,betaTub65B
FBgn0039128,LOC4801739,1,ortholog_one2one,CG13599
FBgn0021761,LOC4811709,0,ortholog_one2one,Nup154
FBgn0036617,LOC6900025,1,ortholog_one2one,Cpr72Ea
FBgn0036571,LOC4811987,1,ortholog_one2one,Strump
FBgn0264543,LOC6902424,0,ortholog_one2one,CG43922
FBgn0030500,LOC4815190,1,ortholog_one2one,Ndc80
FBgn0020880,LOC6902830,1,ortholog_one2one,CG7179
FBgn0261526,LOC4812273,1,ortholog_one2one,NT1
FBgn0017567,LOC4802317,1,ortholog_one2one,ND-23
FBgn0033952,LOC4803973,1,ortholog_one2one,Adgf-E
FBgn0028694,LOC4816679,1,ortholog_one2one,Rpn11
FBgn0263241,LOC4813510,0,ortholog_one2one,Mocs1
FBgn0039266,LOC6897459,0,ortholog_one2one,CG11791
FBgn0031897,LOC4817199,1,ortholog_one2one,CG13784
FBgn0033426,LOC6898868,1,ortholog_one2one,Nt5c
FBgn0031659,LOC4816514,1,ortholog_one2one,CG14043
FBgn0029121,LOC4813878,1,ortholog_one2one,Sras
FBgn0024555,LOC4801294,1,ortholog_one2one,flfl
FBgn0039101,LOC117183241,1,ortholog_one2many,CG16710
FBgn0000611,LOC4811784,0,ortholog_one2one,exd
FBgn0053831,LOC117183568,0,ortholog_many2many,His1:CG33831
FBgn0053831,LOC117185631,0,ortholog_many2many,His1:CG33831
FBgn0053831,LOC26534267,0,ortholog_many2many,His1:CG33831
FBgn0053831,LOC117183621,1,ortholog_many2many,His1:CG33831
FBgn0053831,LOC117185633,1,ortholog_many2many,His1:CG33831
FBgn0053831,LOC117185630,0,ortholog_many2many,His1:CG33831
FBgn0053831,LOC117185606,1,ortholog_many2many,His1:CG33831
FBgn0053831,LOC117185608,0,ortholog_many2many,His1:CG33831
FBgn0053831,LOC117185600,1,ortholog_many2many,His1:CG33831
FBgn0053831,LOC26532116,0,ortholog_many2many,His1:CG33831
FBgn0053831,LOC26533245,1,ortholog_many2many,His1:CG33831
FBgn0053831,LOC117185634,0,ortholog_many2many,His1:CG33831
FBgn0053831,LOC117185607,0,ortholog_many2many,His1:CG33831
FBgn0053831,LOC26532398,0,ortholog_many2many,His1:CG33831
FBgn0053831,LOC117183574,1,ortholog_many2many,His1:CG33831
FBgn0259702,LOC6900855,1,ortholog_one2one,Grl62b
FBgn0051002,LOC6897937,0,ortholog_one2many,Ugt35D1
FBgn0030960,LOC4814260,1,ortholog_one2one,Atg101
FBgn0261789,LOC4801880,1,ortholog_one2one,SmD2
FBgn0027655,LOC6896837,1,ortholog_one2one,htt
FBgn0033783,LOC4805140,1,ortholog_one2one,CG17019
FBgn0027334,LOC4815767,1,ortholog_one2one,l(1)G0004
FBgn0050035,LOC4803914,1,ortholog_one2one,Tret1-1
FBgn0250850,LOC6898487,1,ortholog_one2one,rig
FBgn0032076,LOC4816188,1,ortholog_one2one,Argl
FBgn0034361,LOC4804447,1,ortholog_one2one,mRpS28
FBgn0022213,LOC4817461,1,ortholog_one2one,Cse1
FBgn0027790,LOC4813593,1,ortholog_one2one,GV1
FBgn0003861,LOC4800281,1,ortholog_one2one,trp
FBgn0026592,LOC4813530,1,ortholog_one2one,Fie
FBgn0040371,LOC4815240,1,ortholog_one2one,CG12470
FBgn0029079,LOC4804680,1,ortholog_one2one,icln
FBgn0013773,LOC4804975,1,ortholog_one2one,Cyp6a22
FBgn0033443,LOC4805135,1,ortholog_one2one,CG1698
FBgn0003175,LOC6898412,1,ortholog_one2one,px
FBgn0000047,LOC6896970,1,ortholog_one2one,Act88F
FBgn0025697,LOC6903551,1,ortholog_one2one,santa-maria
FBgn0023090,LOC4816583,1,ortholog_one2one,dtr
FBgn0039529,LOC4800656,1,ortholog_one2one,CG5612
FBgn0005632,LOC4801706,1,ortholog_one2one,faf
FBgn0034770,LOC4803844,1,ortholog_one2one,Obp58d
FBgn0033056,LOC4805673,0,ortholog_one2one,CG7856
FBgn0000287,LOC4817213,1,ortholog_one2one,salr
FBgn0037418,LOC4801897,1,ortholog_one2one,Osi11
FBgn0021768,LOC4812021,1,ortholog_one2one,nudC
FBgn0031694,LOC117184047,1,ortholog_one2one,Cyp4ac2
FBgn0036204,LOC4812221,1,ortholog_one2one,Tim13
FBgn0036368,LOC4812032,1,ortholog_one2one,CG10738
FBgn0020416,LOC4817492,1,ortholog_one2one,Idgf1
FBgn0034538,LOC6898486,1,ortholog_one2one,CG16799
FBgn0283625,LOC117183731,1,ortholog_one2one,CG46298
FBgn0037167,LOC4812580,1,ortholog_one2one,CG11425
FBgn0041706,LOC4804325,1,ortholog_one2one,CG3253
FBgn0265607,LOC4816773,1,ortholog_one2one,beat-IIIa
FBgn0032210,LOC6903320,0,ortholog_one2one,CYLD
FBgn0033277,LOC4803581,1,ortholog_one2one,CG14760
FBgn0004841,LOC4803227,1,ortholog_one2one,TkR86C
FBgn0266019,LOC6901385,1,ortholog_one2one,rudhira
FBgn0032258,LOC4811707,1,ortholog_one2one,Cog4
FBgn0000560,LOC4812830,1,ortholog_one2one,eg
FBgn0038916,LOC4800981,1,ortholog_one2one,dnd
FBgn0261999,LOC4816538,0,ortholog_one2one,Ca-Ma2d
FBgn0003444,LOC4817833,1,ortholog_one2one,smo
FBgn0034629,LOC4805713,1,ortholog_one2one,Acox57D-d
FBgn0002573,LOC4812895,1,ortholog_one2one,sens
FBgn0034294,LOC6898369,1,ortholog_one2one,Muc55B
FBgn0038853,LOC6898001,1,ortholog_one2one,RhoGAP93B
FBgn0035039,LOC4805436,1,ortholog_one2one,Adck1
FBgn0264975,LOC4814196,0,ortholog_one2one,Nrg
FBgn0033093,LOC4803429,1,ortholog_one2one,CG3270
FBgn0011785,LOC4802168,1,ortholog_one2one,BRWD3
FBgn0000639,LOC4813630,1,ortholog_one2one,Fbp1
FBgn0039638,LOC4801160,1,ortholog_one2one,dgt6
FBgn0035003,LOC6899059,1,ortholog_one2one,CG15873
FBgn0038552,LOC6897950,1,ortholog_one2one,Alg1
FBgn0043001,LOC4814909,1,ortholog_one2one,Chrac-16
FBgn0037081,LOC4813927,1,ortholog_one2one,barc
FBgn0035483,LOC6903187,0,ortholog_one2many,Mul1
FBgn0035483,LOC4812521,1,ortholog_one2many,Mul1
FBgn0005386,LOC4812467,1,ortholog_one2one,ash1
FBgn0034035,LOC4805738,1,ortholog_one2one,Gmppa
FBgn0022740,LOC4805368,1,ortholog_many2many,HLH54F
FBgn0032656,LOC4817665,1,ortholog_one2one,CG5674
FBgn0036686,LOC4812479,1,ortholog_one2one,CG7728
FBgn0036581,LOC4812239,1,ortholog_one2one,MED10
FBgn0019637,LOC6897436,1,ortholog_one2one,Atu
FBgn0259187,LOC6899055,1,ortholog_one2many,Ir60d
FBgn0020618,LOC4816803,1,ortholog_one2one,Rack1
FBgn0024811,LOC4811798,1,ortholog_one2one,Crk
FBgn0051617,LOC117183568,0,ortholog_many2many,His1:CG31617
FBgn0051617,LOC117185631,0,ortholog_many2many,His1:CG31617
FBgn0051617,LOC26534267,0,ortholog_many2many,His1:CG31617
FBgn0051617,LOC117183621,0,ortholog_many2many,His1:CG31617
FBgn0051617,LOC117185633,0,ortholog_many2many,His1:CG31617
FBgn0051617,LOC117185630,0,ortholog_many2many,His1:CG31617
FBgn0051617,LOC117185606,0,ortholog_many2many,His1:CG31617
FBgn0051617,LOC117185608,0,ortholog_many2many,His1:CG31617
FBgn0051617,LOC117185600,0,ortholog_many2many,His1:CG31617
FBgn0051617,LOC26532116,0,ortholog_many2many,His1:CG31617
FBgn0051617,LOC26533245,0,ortholog_many2many,His1:CG31617
FBgn0051617,LOC117185634,0,ortholog_many2many,His1:CG31617
FBgn0051617,LOC117185607,0,ortholog_many2many,His1:CG31617
FBgn0051617,LOC26532398,0,ortholog_many2many,His1:CG31617
FBgn0051617,LOC117183574,0,ortholog_many2many,His1:CG31617
FBgn0037551,LOC4801589,1,ortholog_one2one,Arl8
FBgn0038197,LOC4801641,1,ortholog_one2one,foxo
FBgn0085331,LOC6897237,0,ortholog_one2one,CG34302
FBgn0262579,LOC6900206,0,ortholog_one2one,Sarm
FBgn0264953,LOC4816732,1,ortholog_one2one,Piezo
FBgn0014342,LOC6901051,0,ortholog_one2one,mia
FBgn0036688,LOC4812007,1,ortholog_one2one,Fit2
FBgn0261530,LOC4812956,1,ortholog_one2one,nbs
FBgn0053774,LOC6898510,1,ortholog_one2one,CG33774
FBgn0083953,LOC6896827,1,ortholog_one2one,CG34117
FBgn0028663,LOC4813954,1,ortholog_one2one,VhaM9.7-b
FBgn0037313,LOC4802483,1,ortholog_one2one,CG1161
FBgn0036716,LOC4813737,1,ortholog_one2one,CG13728
FBgn0027592,LOC6902810,1,ortholog_one2one,MED15
FBgn0284084,LOC4817285,1,ortholog_one2one,wg
FBgn0028919,LOC4816579,1,ortholog_one2one,CG16865
FBgn0039927,LOC6903765,0,ortholog_one2one,CG11155
FBgn0031374,LOC5495506,1,ortholog_one2one,Wdr62
FBgn0033183,LOC6898693,1,ortholog_one2one,CG1620
FBgn0013973,LOC4800344,1,ortholog_one2one,Gycbeta100B
FBgn0030006,LOC4815053,1,ortholog_one2one,CG17982
FBgn0030403,LOC4815448,0,ortholog_one2one,CG1824
FBgn0039274,LOC6904084,1,ortholog_one2one,CG11920
FBgn0015279,LOC4800882,1,ortholog_one2one,Pi3K92E
FBgn0035165,LOC4812861,1,ortholog_one2one,CG13887
FBgn0260243,LOC4803041,1,ortholog_one2one,E(var)3-9
FBgn0288310,LOC4813320,1,ortholog_one2one,mv
FBgn0033928,LOC4803894,0,ortholog_one2one,Arc2
FBgn0265959,LOC6900425,1,ortholog_one2one,rdgC
FBgn0031187,LOC4816061,1,ortholog_one2one,Usp2
FBgn0036622,LOC4812416,1,ortholog_one2one,Agpat4
FBgn0028956,LOC26532572,0,ortholog_many2many,mthl3
FBgn0028956,LOC26533489,0,ortholog_many2many,mthl3
FBgn0031689,LOC4816812,1,ortholog_one2many,Cyp28d1
FBgn0039828,LOC4800348,1,ortholog_one2one,CG1542
FBgn0004862,LOC4800867,0,ortholog_one2one,bap
FBgn0053180,LOC6899649,0,ortholog_one2one,Ranbp16
FBgn0262365,LOC6897166,1,ortholog_one2one,CG43063
FBgn0265267,LOC4814447,1,ortholog_one2many,CG18258
FBgn0265267,LOC117185184,1,ortholog_one2many,CG18258
FBgn0265267,LOC6901224,1,ortholog_one2many,CG18258
FBgn0283510,LOC4804713,1,ortholog_one2one,Pal1
FBgn0031250,LOC4817328,1,ortholog_one2one,Ent1
FBgn0038327,LOC4800697,1,ortholog_one2one,Trax
FBgn0003482,LOC4801152,1,ortholog_one2one,spn-D
FBgn0035856,LOC4814141,0,ortholog_one2many,CG13679
FBgn0030370,LOC6901351,0,ortholog_one2one,Uch-L5R
FBgn0283728,LOC4818101,1,ortholog_one2one,CG31600
FBgn0036112,LOC4812882,1,ortholog_one2one,CG14147
FBgn0029966,LOC4815239,1,ortholog_one2one,Ir7c
FBgn0037709,LOC4802698,1,ortholog_one2one,BckdhA
FBgn0053840,LOC117183568,1,ortholog_many2many,His1:CG33840
FBgn0053840,LOC117185631,0,ortholog_many2many,His1:CG33840
FBgn0053840,LOC26534267,0,ortholog_many2many,His1:CG33840
FBgn0053840,LOC117183621,0,ortholog_many2many,His1:CG33840
FBgn0053840,LOC117185633,0,ortholog_many2many,His1:CG33840
FBgn0053840,LOC117185630,1,ortholog_many2many,His1:CG33840
FBgn0053840,LOC117185606,1,ortholog_many2many,His1:CG33840
FBgn0053840,LOC117185608,1,ortholog_many2many,His1:CG33840
FBgn0053840,LOC117185600,0,ortholog_many2many,His1:CG33840
FBgn0053840,LOC26532116,0,ortholog_many2many,His1:CG33840
FBgn0053840,LOC26533245,0,ortholog_many2many,His1:CG33840
FBgn0053840,LOC117185634,0,ortholog_many2many,His1:CG33840
FBgn0053840,LOC117185607,0,ortholog_many2many,His1:CG33840
FBgn0053840,LOC26532398,1,ortholog_many2many,His1:CG33840
FBgn0053840,LOC117183574,0,ortholog_many2many,His1:CG33840
FBgn0037553,LOC4801586,1,ortholog_one2many,CG18249
FBgn0031440,LOC4816567,1,ortholog_one2one,CG15395
FBgn0260646,LOC26532133,0,ortholog_one2many,CG42538
FBgn0260646,LOC6900122,0,ortholog_one2many,CG42538
FBgn0260646,LOC6897629,0,ortholog_one2many,CG42538
FBgn0260646,LOC6900120,0,ortholog_one2many,CG42538
FBgn0034725,LOC4805206,1,ortholog_one2one,CG6044
FBgn0015905,LOC4817592,1,ortholog_one2one,ast
FBgn0260756,LOC26532352,1,ortholog_one2one,CG42554
FBgn0023536,LOC4815091,1,ortholog_one2one,CG3156
FBgn0261799,LOC117185017,1,ortholog_one2one,dsx-c73A
FBgn0003356,LOC6896707,1,ortholog_many2many,Jon99Cii
FBgn0003356,LOC4800234,1,ortholog_many2many,Jon99Cii
FBgn0003356,LOC6896708,1,ortholog_many2many,Jon99Cii
FBgn0004574,LOC6899446,0,ortholog_one2one,Rop
FBgn0026375,LOC6901910,1,ortholog_one2one,RhoGAPp190
FBgn0262844,LOC26533103,1,ortholog_one2one,CG43208
FBgn0033555,LOC4816083,0,ortholog_one2many,RpS15Ab
FBgn0264978,LOC6902529,1,ortholog_one2one,Slh
FBgn0028434,LOC4803655,1,ortholog_one2one,Ercc1
FBgn0038126,LOC4801389,1,ortholog_one2one,CG8483
FBgn0040992,LOC4817408,1,ortholog_one2one,CG10570
FBgn0038519,LOC4800651,1,ortholog_one2one,Prx3
FBgn0034795,LOC4805501,1,ortholog_one2one,MED23
FBgn0086365,LOC4801716,1,ortholog_one2one,Orct2
FBgn0035356,LOC4814099,1,ortholog_one2one,CG16986
FBgn0053542,LOC6901017,1,ortholog_one2one,upd3
FBgn0028683,LOC4803538,1,ortholog_one2one,spt4
FBgn0004597,LOC4801070,1,ortholog_one2one,CycC
FBgn0036761,LOC4813107,1,ortholog_one2one,MED19
FBgn0036750,LOC4813106,1,ortholog_one2one,CG6034
FBgn0027535,LOC4805743,1,ortholog_one2many,botv
FBgn0027535,LOC6899125,1,ortholog_one2many,botv
FBgn0027535,LOC6899126,0,ortholog_one2many,botv
FBgn0034012,LOC15382876,0,ortholog_one2one,Hr51
FBgn0058064,LOC6899618,0,ortholog_one2one,ARY
FBgn0023441,LOC4805739,1,ortholog_one2one,fus
FBgn0003285,LOC6901282,1,ortholog_one2one,rst
FBgn0003254,LOC4804609,0,ortholog_one2one,rib
FBgn0053012,LOC6898439,1,ortholog_one2one,CG33012
FBgn0029833,LOC6901462,1,ortholog_one2one,MCTS1
FBgn0037351,LOC4802041,1,ortholog_one2one,RpL13A
FBgn0051741,LOC4817657,1,ortholog_one2one,CG31741
FBgn0267384,LOC4815320,0,ortholog_one2one,Ubc7
FBgn0032479,LOC4816386,1,ortholog_one2one,CG16974
FBgn0035383,LOC4812068,1,ortholog_one2one,CPT2
FBgn0024289,LOC6897523,1,ortholog_one2many,Sodh1
FBgn0037975,LOC4802584,1,ortholog_one2one,CG3397
FBgn0037405,LOC4801910,1,ortholog_one2one,CG1077
FBgn0051051,LOC6897141,1,ortholog_one2one,CG31051
FBgn0261053,LOC4802105,1,ortholog_one2one,Cad86C
FBgn0029948,LOC4815259,1,ortholog_one2one,CheA7a
FBgn0040705,LOC4817571,1,ortholog_one2one,ND-B8
FBgn0030951,LOC6901044,1,ortholog_one2one,CG6873
FBgn0032593,LOC4817504,1,ortholog_one2one,Trpgamma
FBgn0036725,LOC4812917,1,ortholog_one2one,CG18265
FBgn0034197,LOC4805392,1,ortholog_one2one,Cda9
FBgn0028400,LOC6897853,1,ortholog_one2one,Syt4
FBgn0028331,LOC4815824,1,ortholog_one2one,l(1)G0289
FBgn0040106,LOC6902209,0,ortholog_one2many,lectin-21Cb
FBgn0040092,LOC4804451,0,ortholog_one2one,lectin-46Cb
FBgn0033749,LOC4805467,1,ortholog_one2many,achi
FBgn0052281,LOC6900514,1,ortholog_one2one,CG32281
FBgn0030834,LOC4815023,1,ortholog_one2one,CG8675
FBgn0036749,LOC4813251,1,ortholog_one2one,CG7460
FBgn0028369,LOC4814983,0,ortholog_one2one,kirre
FBgn0039368,LOC4802659,1,ortholog_one2many,CG17196
FBgn0004053,LOC4802259,1,ortholog_one2one,zen
FBgn0260970,LOC6901969,1,ortholog_one2one,Ubr3
FBgn0052572,LOC6902197,0,ortholog_one2one,CG32572
FBgn0023095,LOC6900574,1,ortholog_one2one,caps
FBgn0040206,LOC4801846,0,ortholog_one2one,krz
FBgn0261797,LOC4812280,1,ortholog_one2one,Dhc64C
FBgn0038447,LOC4800798,1,ortholog_one2one,CG14892
FBgn0015568,LOC4802961,1,ortholog_many2many,alpha-Est1
FBgn0015568,LOC6899467,0,ortholog_many2many,alpha-Est1
FBgn0011509,LOC4812722,1,ortholog_one2one,SrpRbeta
FBgn0259483,LOC4803430,1,ortholog_one2one,Mob4
FBgn0023519,LOC4815339,1,ortholog_one2one,mRpL16
FBgn0003248,LOC4801828,1,ortholog_one2one,Rh2
FBgn0035649,LOC4811885,1,ortholog_one2one,PXo
FBgn0032421,LOC4817276,0,ortholog_one2one,crok
FBgn0030189,LOC4815959,1,ortholog_one2one,CG2909
FBgn0027066,LOC4803405,1,ortholog_one2one,Eb1
FBgn0038942,LOC4801474,1,ortholog_one2one,CG13862
FBgn0031791,LOC4816156,1,ortholog_one2one,AANATL2
FBgn0037571,LOC4801809,1,ortholog_one2one,CG11694
FBgn0032252,LOC26532979,0,ortholog_one2one,loh
FBgn0261373,LOC6898865,1,ortholog_one2one,CG33228
FBgn0031653,LOC4816998,1,ortholog_one2one,Jon25Biii
FBgn0085282,LOC6900804,1,ortholog_one2one,CG34253
FBgn0028946,LOC4816329,1,ortholog_one2one,Or35a
FBgn0260658,LOC6901796,1,ortholog_one2one,CG42541
FBgn0004795,LOC4804539,1,ortholog_one2one,retn
FBgn0031948,LOC4817278,1,ortholog_one2one,CG7149
FBgn0001321,LOC13036441,1,ortholog_one2one,knk
FBgn0011336,LOC6904085,0,ortholog_one2one,Stt3B
FBgn0034945,LOC4804284,1,ortholog_one2one,CG10904
FBgn0024921,LOC4814091,1,ortholog_one2one,Tnpo
FBgn0032196,LOC4817762,0,ortholog_one2one,CG5708
FBgn0031038,LOC6902131,1,ortholog_one2one,Tyler
FBgn0020645,LOC4813239,1,ortholog_one2one,Lcp65Aa
FBgn0003890,LOC6897044,1,ortholog_one2one,betaTub97EF
FBgn0023169,LOC4815770,1,ortholog_one2one,AMPKalpha
FBgn0036762,LOC4813108,1,ortholog_one2one,CG7430
FBgn0030263,LOC6901195,1,ortholog_one2one,CG2076
FBgn0039730,LOC6896712,1,ortholog_one2one,CG7903
FBgn0000039,LOC4802146,1,ortholog_one2one,nAChRalpha2
FBgn0034646,LOC4803699,1,ortholog_one2one,Rae1
FBgn0036886,LOC4812219,1,ortholog_one2one,CG9300
FBgn0086657,LOC4816995,1,ortholog_one2one,IKKepsilon
FBgn0002044,LOC4816440,1,ortholog_one2one,swm
FBgn0266186,LOC4804890,1,ortholog_one2one,Vamp7
FBgn0036426,LOC4813417,1,ortholog_one2one,CG9592
FBgn0035210,LOC4812333,1,ortholog_one2one,msd5
FBgn0027085,LOC4811887,1,ortholog_one2one,LeuRS-m
FBgn0036787,LOC4813359,1,ortholog_one2one,CG4306
FBgn0024556,LOC4804387,1,ortholog_one2one,mEFTu1
FBgn0037739,LOC4801517,1,ortholog_one2one,CG12948
FBgn0000358,LOC4812717,1,ortholog_one2one,Cp19
FBgn0085205,LOC6902841,1,ortholog_one2one,CG34176
FBgn0035590,LOC4814129,1,ortholog_one2one,Tcs5
FBgn0050069,LOC6898888,1,ortholog_one2one,Sdb
FBgn0036782,LOC4812945,1,ortholog_one2one,CG7320
FBgn0030544,LOC4814706,1,ortholog_one2one,CG13403
FBgn0036708,LOC6903066,0,ortholog_one2one,CG13725
FBgn0031946,LOC4817008,1,ortholog_one2one,CG7164
FBgn0032010,LOC4816938,1,ortholog_one2one,CG8086
FBgn0259242,LOC6901311,0,ortholog_one2one,CG42340
FBgn0039466,LOC4801125,1,ortholog_one2one,CG5521
FBgn0283712,LOC4815447,1,ortholog_one2one,LIMK1
FBgn0050005,LOC6898790,1,ortholog_one2one,GstT2
FBgn0034865,LOC4804478,1,ortholog_one2one,Or59b
FBgn0025633,LOC4814812,1,ortholog_one2one,spdi
FBgn0029958,LOC4814840,1,ortholog_one2one,Pdp
FBgn0004643,LOC4815208,1,ortholog_one2one,Zw10
FBgn0053110,LOC6896829,1,ortholog_one2one,CG33110
FBgn0038396,LOC4802888,1,ortholog_one2one,CG5013
FBgn0031244,LOC4817849,1,ortholog_one2one,CG11601
FBgn0037099,LOC4813160,1,ortholog_one2one,CG7173
FBgn0034999,LOC6899067,1,ortholog_one2one,Fatp3
FBgn0003983,LOC6903447,1,ortholog_one2one,Vm34Ca
FBgn0028982,LOC4814900,0,ortholog_one2one,Spt6
FBgn0032848,LOC4816703,1,ortholog_one2one,nesd
FBgn0051126,LOC4800447,1,ortholog_one2one,CG31126
FBgn0034902,LOC6898037,0,ortholog_one2one,CG5532
FBgn0032138,LOC4817364,1,ortholog_one2one,CG4364
FBgn0026316,LOC4805376,1,ortholog_one2one,Ubc10
FBgn0026872,LOC4815439,1,ortholog_one2one,CG14777
FBgn0053920,LOC6896675,0,ortholog_one2one,CG33920
FBgn0003512,LOC4800246,1,ortholog_one2one,Sry-delta
FBgn0036479,LOC4812833,1,ortholog_one2one,CG13458
FBgn0032415,LOC4817182,1,ortholog_one2one,rho-6
FBgn0003459,LOC6897543,0,ortholog_one2many,stwl
FBgn0003459,LOC117185596,0,ortholog_one2many,stwl
FBgn0003459,LOC117185595,0,ortholog_one2many,stwl
FBgn0003459,LOC6899504,0,ortholog_one2many,stwl
FBgn0003459,LOC4813024,1,ortholog_one2many,stwl
FBgn0039877,LOC4801707,1,ortholog_one2one,Mccc1
FBgn0051342,LOC6897183,1,ortholog_one2one,CG31342
FBgn0085374,LOC6902359,1,ortholog_one2one,CG34345
FBgn0028664,LOC4812653,1,ortholog_one2one,VhaM9.7-c
FBgn0028411,LOC4803394,1,ortholog_one2one,Nxt1
FBgn0283678,LOC4817029,1,ortholog_one2one,Osi21
FBgn0037746,LOC4801510,1,ortholog_one2one,CG8478
FBgn0030102,LOC4815979,1,ortholog_one2one,SmydA-9
FBgn0026433,LOC6901874,1,ortholog_one2one,Grip128
FBgn0037299,LOC4802495,1,ortholog_one2one,Vps37B
FBgn0051223,LOC4801554,1,ortholog_one2one,CG31223
FBgn0000316,LOC4816079,1,ortholog_one2one,cin
FBgn0020639,LOC6900713,1,ortholog_many2many,Lcp65Af
FBgn0020639,LOC6900714,1,ortholog_many2many,Lcp65Af
FBgn0035833,LOC4812454,1,ortholog_one2one,CG7565
FBgn0010014,LOC4815109,1,ortholog_one2one,CanB
FBgn0022893,LOC4817995,1,ortholog_one2one,Df31
FBgn0020908,LOC26532607,0,ortholog_one2one,Scp1
FBgn0036899,LOC4811913,1,ortholog_one2one,tey
FBgn0038344,LOC4800946,1,ortholog_one2one,obe
FBgn0046697,LOC6899335,0,ortholog_one2one,Ppr-Y
FBgn0034989,LOC4805628,1,ortholog_one2one,CG3356
FBgn0032600,LOC4816878,1,ortholog_one2one,BuGZ
FBgn0085220,LOC6898397,1,ortholog_one2one,Ufm1
FBgn0039495,LOC6897074,1,ortholog_one2one,CG5909
FBgn0031947,LOC4816864,1,ortholog_one2one,Brd7-9
FBgn0042138,LOC4812911,1,ortholog_one2one,Apt1
FBgn0032014,LOC4817473,1,ortholog_one2one,CG7840
FBgn0003279,LOC4801109,1,ortholog_one2one,RpL4
FBgn0262728,LOC4804533,1,ortholog_one2one,Pal2
FBgn0033581,LOC4805646,1,ortholog_one2one,CG12391
FBgn0039881,LOC4801937,1,ortholog_one2one,CG1971
FBgn0042199,LOC117184506,1,ortholog_one2one,CG13713
FBgn0030365,LOC4814880,1,ortholog_one2one,Tango4
FBgn0039300,LOC6897973,1,ortholog_one2one,RpS27
FBgn0264816,LOC4801447,1,ortholog_one2one,koko
FBgn0031060,LOC4814731,1,ortholog_one2one,Tcs4
FBgn0037261,LOC4802312,1,ortholog_one2one,CG9775
FBgn0036817,LOC4813657,1,ortholog_one2one,CG6865
FBgn0003950,LOC6901084,1,ortholog_one2one,unc
FBgn0036354,LOC4813314,1,ortholog_many2many,Poc1
FBgn0036354,LOC6897670,0,ortholog_many2many,Poc1
FBgn0036354,LOC6903221,0,ortholog_many2many,Poc1
FBgn0036354,LOC6903222,0,ortholog_many2many,Poc1
FBgn0027053,LOC4802468,1,ortholog_one2one,CSN5
FBgn0035725,LOC6902806,0,ortholog_one2one,Mis12
FBgn0029524,LOC4814619,1,ortholog_one2many,CG3176
FBgn0029642,LOC4811715,0,ortholog_one2one,CG3592
FBgn0039336,LOC4803045,1,ortholog_one2one,CG4553
FBgn0051269,LOC4800761,1,ortholog_one2one,CG31269
FBgn0031630,LOC4817365,1,ortholog_one2one,CG15629
FBgn0035999,LOC4812246,1,ortholog_one2one,CG3552
FBgn0029977,LOC4814736,1,ortholog_one2one,hdm
FBgn0085470,LOC6903375,1,ortholog_one2one,lmgB
FBgn0037345,LOC4802677,1,ortholog_one2one,PolZ2
FBgn0035948,LOC4813997,1,ortholog_one2one,CG5644
FBgn0033526,LOC4805338,1,ortholog_one2one,Caf1-105
FBgn0034272,LOC4805364,1,ortholog_one2one,Ir54a
FBgn0259794,LOC4812362,1,ortholog_one2one,sinah
FBgn0260793,LOC4801394,1,ortholog_one2one,2mit
FBgn0037995,LOC4802603,1,ortholog_one2one,Adk1
FBgn0035792,LOC4813315,1,ortholog_one2one,CG7548
FBgn0030283,LOC4814652,1,ortholog_one2one,CG15198
FBgn0038576,LOC4803177,1,ortholog_one2one,Arp5
FBgn0285944,LOC4814623,1,ortholog_one2one,para
FBgn0085249,LOC26533789,1,ortholog_one2one,CG34220
FBgn0013435,LOC4804089,1,ortholog_one2one,Cdc2rk
FBgn0034246,LOC4804003,1,ortholog_one2one,Dcr-2
FBgn0034060,LOC4805470,1,ortholog_one2one,Tmem131
FBgn0040827,LOC4814012,1,ortholog_one2one,CG13315
FBgn0033890,LOC4804877,1,ortholog_one2one,Ctf4
FBgn0032538,LOC4816288,1,ortholog_one2one,Vajk2
FBgn0001285,LOC4805058,1,ortholog_one2one,Jon44E
FBgn0085521,LOC4815815,0,ortholog_one2many,CG40813
FBgn0033899,LOC4803651,1,ortholog_one2one,CG13016
FBgn0032925,LOC4818183,1,ortholog_one2one,Noc2
FBgn0035777,LOC117183170,1,ortholog_one2one,CG8563
FBgn0034121,LOC6898249,1,ortholog_one2one,CG6262
FBgn0058198,LOC6897785,1,ortholog_one2one,CG40198
FBgn0034455,LOC4804941,1,ortholog_one2one,CG11007
FBgn0034447,LOC6901600,0,ortholog_one2one,CG7744
FBgn0040907,LOC6903978,0,ortholog_one2many,mRpL33
FBgn0040907,LOC117185209,0,ortholog_one2many,mRpL33
FBgn0040907,LOC117185207,0,ortholog_one2many,mRpL33
FBgn0040907,LOC117185206,0,ortholog_one2many,mRpL33
FBgn0040907,LOC117185208,0,ortholog_one2many,mRpL33
FBgn0040907,LOC6903977,0,ortholog_one2many,mRpL33
FBgn0040907,LOC4814771,0,ortholog_one2many,mRpL33
FBgn0040907,LOC6903975,0,ortholog_one2many,mRpL33
FBgn0035415,LOC4813720,1,ortholog_one2one,CG14966
FBgn0032462,LOC4816502,1,ortholog_one2one,CG16800
FBgn0044810,LOC4801542,0,ortholog_one2one,TotX
FBgn0265626,LOC6898228,0,ortholog_one2one,CG44434
FBgn0013995,LOC4801536,0,ortholog_one2one,Calx
FBgn0051643,LOC4818125,1,ortholog_one2one,CG31643
FBgn0046214,LOC4802119,1,ortholog_one2one,vig2
FBgn0260932,LOC6898951,1,ortholog_one2many,cuff
FBgn0260932,LOC6902005,0,ortholog_one2many,cuff
FBgn0010313,LOC6897635,1,ortholog_one2one,corto
FBgn0030270,LOC4815167,1,ortholog_one2one,CG15199
FBgn0262736,LOC4805581,1,ortholog_one2one,Vha16-1
FBgn0035889,LOC4813944,1,ortholog_one2one,mkg-p
FBgn0027570,LOC4802713,1,ortholog_one2one,Nep2
FBgn0011603,LOC4817698,0,ortholog_one2one,ine
FBgn0003015,LOC4802624,1,ortholog_one2one,osk
FBgn0036422,LOC6900629,1,ortholog_one2one,CG3868
FBgn0061356,LOC4804887,1,ortholog_one2one,Hao
FBgn0261529,LOC4816590,1,ortholog_one2one,ms(2)34Fe
FBgn0035152,LOC117183204,1,ortholog_one2many,CG3386
FBgn0035152,LOC117184402,1,ortholog_one2many,CG3386
FBgn0010453,LOC6902796,1,ortholog_one2one,Wnt4
FBgn0053178,LOC6901928,1,ortholog_one2one,CG33178
FBgn0035844,LOC4814077,1,ortholog_one2one,CG13676
FBgn0026417,LOC4802518,1,ortholog_one2one,Hus1-like
FBgn0002937,LOC4801297,1,ortholog_one2one,ninaB
FBgn0052204,LOC4812299,1,ortholog_one2one,CG32204
FBgn0029676,LOC4815909,0,ortholog_one2many,HIP-R
FBgn0085423,LOC6903014,1,ortholog_one2one,GramD1B
FBgn0053825,LOC117183568,1,ortholog_many2many,His1:CG33825
FBgn0053825,LOC117185631,1,ortholog_many2many,His1:CG33825
FBgn0053825,LOC26534267,1,ortholog_many2many,His1:CG33825
FBgn0053825,LOC117183621,1,ortholog_many2many,His1:CG33825
FBgn0053825,LOC117185633,1,ortholog_many2many,His1:CG33825
FBgn0053825,LOC117185630,0,ortholog_many2many,His1:CG33825
FBgn0053825,LOC117185606,1,ortholog_many2many,His1:CG33825
FBgn0053825,LOC117185608,1,ortholog_many2many,His1:CG33825
FBgn0053825,LOC117185600,1,ortholog_many2many,His1:CG33825
FBgn0053825,LOC26532116,0,ortholog_many2many,His1:CG33825
FBgn0053825,LOC26533245,1,ortholog_many2many,His1:CG33825
FBgn0053825,LOC117185634,0,ortholog_many2many,His1:CG33825
FBgn0053825,LOC117185607,0,ortholog_many2many,His1:CG33825
FBgn0053825,LOC26532398,0,ortholog_many2many,His1:CG33825
FBgn0053825,LOC117183574,0,ortholog_many2many,His1:CG33825
FBgn0260224,LOC117183286,1,ortholog_one2one,Tcs6
FBgn0037102,LOC117184538,1,ortholog_one2one,CRIF
FBgn0035816,LOC4812344,1,ortholog_one2one,CG13685
FBgn0041233,LOC4804555,1,ortholog_one2one,Gr59e
FBgn0262167,LOC4802137,1,ortholog_one2one,ana1
FBgn0036099,LOC4812488,1,ortholog_one2one,CG11811
FBgn0031359,LOC6902885,1,ortholog_one2one,Rim2
FBgn0025866,LOC4813290,1,ortholog_one2one,CalpB
FBgn0030141,LOC4815251,0,ortholog_one2one,Gga
FBgn0004885,LOC4800439,1,ortholog_one2one,tok
FBgn0036199,LOC4812571,1,ortholog_one2one,Bmcp
FBgn0034622,LOC4805719,1,ortholog_one2one,BBS9
FBgn0011743,LOC26533720,0,ortholog_one2many,Arp53D
FBgn0011743,LOC6903211,0,ortholog_one2many,Arp53D
FBgn0023509,LOC6901162,1,ortholog_one2one,mip130
FBgn0035144,LOC4814113,1,ortholog_one2one,Kah
FBgn0266111,LOC4804262,1,ortholog_one2one,ana3
FBgn0039387,LOC4802229,1,ortholog_one2one,Mco3
FBgn0031384,LOC4817536,1,ortholog_one2one,CG4238
FBgn0038682,LOC4801008,1,ortholog_one2one,CG5835
FBgn0259721,LOC6897371,0,ortholog_one2one,CG42375
FBgn0283471,LOC6901115,0,ortholog_one2one,wupA
FBgn0037689,LOC4800597,1,ortholog_one2one,CG8135
FBgn0034579,LOC4805520,1,ortholog_one2one,mRpL54
FBgn0266848,LOC4815905,1,ortholog_one2one,wap
FBgn0039213,LOC4800452,1,ortholog_one2one,atl
FBgn0265991,LOC4805725,1,ortholog_one2one,Zasp52
FBgn0260789,LOC4814545,1,ortholog_one2one,mxc
FBgn0062412,LOC4801813,1,ortholog_one2one,Ctr1B
FBgn0267489,LOC6902252,0,ortholog_one2one,PRY
FBgn0265512,LOC4804200,1,ortholog_one2one,mlt
FBgn0034731,LOC4804462,1,ortholog_one2one,CG10384
FBgn0050120,LOC4804820,1,ortholog_one2one,CG30120
FBgn0031973,LOC4816842,1,ortholog_one2one,Spn28Dc
FBgn0010303,LOC6902255,1,ortholog_one2one,hep
FBgn0052756,LOC6899113,0,ortholog_one2many,CG32756
FBgn0261683,LOC4818108,0,ortholog_one2one,B9d2
FBgn0053801,LOC117183568,0,ortholog_many2many,His1:CG33801
FBgn0053801,LOC117185631,0,ortholog_many2many,His1:CG33801
FBgn0053801,LOC26534267,0,ortholog_many2many,His1:CG33801
FBgn0053801,LOC117183621,0,ortholog_many2many,His1:CG33801
FBgn0053801,LOC117185633,0,ortholog_many2many,His1:CG33801
FBgn0053801,LOC117185630,0,ortholog_many2many,His1:CG33801
FBgn0053801,LOC117185606,0,ortholog_many2many,His1:CG33801
FBgn0053801,LOC117185608,0,ortholog_many2many,His1:CG33801
FBgn0053801,LOC117185600,0,ortholog_many2many,His1:CG33801
FBgn0053801,LOC26532116,0,ortholog_many2many,His1:CG33801
FBgn0053801,LOC26533245,0,ortholog_many2many,His1:CG33801
FBgn0053801,LOC117185634,0,ortholog_many2many,His1:CG33801
FBgn0053801,LOC117185607,0,ortholog_many2many,His1:CG33801
FBgn0053801,LOC26532398,0,ortholog_many2many,His1:CG33801
FBgn0053801,LOC117183574,0,ortholog_many2many,His1:CG33801
FBgn0033549,LOC4805317,1,ortholog_one2one,mms4
FBgn0001114,LOC6902376,1,ortholog_one2one,Glt
FBgn0003944,LOC4802074,1,ortholog_one2one,Ubx
FBgn0032337,LOC4817282,1,ortholog_one2one,AstCC
FBgn0043578,LOC4812163,1,ortholog_one2one,PGRP-SB1
FBgn0035743,LOC4813346,1,ortholog_one2one,Acbp6
FBgn0050499,LOC4804908,1,ortholog_one2one,Rpe
FBgn0030449,LOC26533336,1,ortholog_one2one,Fer3HCH
FBgn0033339,LOC4805080,1,ortholog_one2one,Sec31
FBgn0039751,LOC6896743,1,ortholog_one2one,CG1983
FBgn0262008,LOC6900640,1,ortholog_one2one,CG42826
FBgn0053543,LOC4817533,1,ortholog_one2one,CG33543
FBgn0264296,LOC6902839,1,ortholog_one2many,CG43774
FBgn0031219,LOC6902182,0,ortholog_one2one,CG13694
FBgn0053453,LOC6896813,0,ortholog_one2many,CG33453
FBgn0032721,LOC6902851,1,ortholog_one2one,CG10602
FBgn0034741,LOC4804212,1,ortholog_one2one,CG4269
FBgn0033017,LOC4803330,1,ortholog_one2one,CG10465
FBgn0034638,LOC4805288,1,ortholog_one2one,CG10433
FBgn0050391,LOC4803765,1,ortholog_many2many,CG30391
FBgn0050391,LOC6901952,0,ortholog_many2many,CG30391
FBgn0004407,LOC4816345,1,ortholog_one2one,PolG2
FBgn0085326,LOC6897536,1,ortholog_one2one,CG34297
FBgn0038118,LOC4801392,1,ortholog_one2one,timeout
FBgn0030438,LOC6901099,1,ortholog_one2one,CG15721
FBgn0003742,LOC4803967,1,ortholog_one2one,tra2
FBgn0043362,LOC6903343,1,ortholog_one2one,bchs
FBgn0028969,LOC4815049,1,ortholog_one2one,deltaCOP
FBgn0261599,LOC4801504,1,ortholog_one2one,RpS29
FBgn0028671,LOC4801161,1,ortholog_one2one,Vha100-1
FBgn0035196,LOC4812272,1,ortholog_one2many,Bfc
FBgn0037228,LOC4802761,1,ortholog_one2one,CG1092
FBgn0039093,LOC6896808,1,ortholog_many2many,CG10183
FBgn0039093,LOC6896809,1,ortholog_many2many,CG10183
FBgn0039093,LOC6896807,1,ortholog_many2many,CG10183
FBgn0034258,LOC4804672,1,ortholog_one2one,eIF3c
FBgn0032730,LOC4816918,1,ortholog_one2one,CG10431
FBgn0265605,LOC4805633,1,ortholog_one2one,Ric
FBgn0034642,LOC4803704,1,ortholog_one2one,CG15674
FBgn0030122,LOC4815544,1,ortholog_one2one,Aladin
FBgn0040357,LOC4815579,1,ortholog_one2one,CG14624
FBgn0031534,LOC4817212,1,ortholog_one2one,Snx1
FBgn0265187,LOC6898159,1,ortholog_one2one,Fatp2
FBgn0040089,LOC4814709,1,ortholog_one2one,meso18E
FBgn0035929,LOC4812707,1,ortholog_one2many,CG13311
FBgn0052183,LOC6900502,0,ortholog_one2one,Ccn
FBgn0038528,LOC6897727,0,ortholog_one2one,CG14326
FBgn0261631,LOC6900948,1,ortholog_one2one,CG42714
FBgn0030665,LOC4815518,0,ortholog_many2many,CG15646
FBgn0030665,LOC6902264,1,ortholog_many2many,CG15646
FBgn0025682,LOC6902240,0,ortholog_one2many,scf
FBgn0025682,LOC6901599,0,ortholog_one2many,scf
FBgn0025682,LOC4812537,1,ortholog_one2many,scf
FBgn0038274,LOC4802856,0,ortholog_one2many,Nup93-2
FBgn0038274,LOC6897824,0,ortholog_one2many,Nup93-2
FBgn0030074,LOC4815209,1,ortholog_one2one,CG12662
FBgn0261549,LOC6901607,0,ortholog_one2one,rdgA
FBgn0262952,GeneID_44805034,1,ortholog_one2one,mt:ND4
FBgn0030982,LOC4814701,1,ortholog_one2one,CG7423
FBgn0030407,LOC4815810,1,ortholog_one2one,Fpgs1
FBgn0025627,LOC4815744,0,ortholog_one2one,CG4194
FBgn0040153,LOC6901628,1,ortholog_one2one,l(1)G0469
FBgn0040796,LOC6900013,1,ortholog_one2one,CG13064
FBgn0032706,LOC4817649,1,ortholog_one2one,Irk3
FBgn0032249,LOC26533437,0,ortholog_one2one,TBC1D16
FBgn0038720,LOC6897987,1,ortholog_one2one,CG6231
FBgn0016059,LOC4804668,1,ortholog_one2one,Sema1b
FBgn0015477,LOC4805182,1,ortholog_one2one,Rme-8
FBgn0032520,LOC6903444,1,ortholog_one2one,CG10859
FBgn0000318,LOC4818018,1,ortholog_one2one,cl
FBgn0260767,LOC6898258,1,ortholog_one2one,CG42565
FBgn0033814,LOC4803540,0,ortholog_one2one,Qsox1
FBgn0036463,LOC4812926,1,ortholog_one2one,Reck
FBgn0034231,LOC4803939,1,ortholog_one2one,APC10
FBgn0038842,LOC4801540,1,ortholog_one2one,hdly
FBgn0032088,LOC4816110,1,ortholog_one2one,CG13102
FBgn0010452,LOC4813841,1,ortholog_one2one,trn
FBgn0261975,LOC15382880,0,ortholog_one2one,CG42806
FBgn0037050,LOC4812419,0,ortholog_one2one,ICA69
FBgn0263707,LOC117183786,1,ortholog_one2one,CG43659
FBgn0086690,LOC4812799,1,ortholog_one2one,Plp
FBgn0003479,LOC4800253,1,ortholog_one2one,spn-A
FBgn0016756,LOC4813860,1,ortholog_one2one,Usp47
FBgn0259699,LOC6901675,1,ortholog_one2one,CG42353
FBgn0264386,LOC6901716,1,ortholog_one2one,Ca-alpha1T
FBgn0031700,LOC4817162,1,ortholog_one2one,CG14022
FBgn0031030,LOC4815388,1,ortholog_one2one,Tao
FBgn0039298,LOC4803217,1,ortholog_one2one,to
FBgn0033755,LOC4804933,1,ortholog_one2one,ClC-b
FBgn0036159,LOC117184096,0,ortholog_one2many,CG7557
FBgn0036159,LOC6900305,0,ortholog_one2many,CG7557
FBgn0043005,LOC4800569,1,ortholog_one2one,prt
FBgn0052191,LOC4813250,1,ortholog_one2one,CG32191
FBgn0260648,LOC4817508,1,ortholog_one2one,Rrp40
FBgn0038541,LOC6903724,1,ortholog_one2one,TyrRII
FBgn0262842,LOC6901534,0,ortholog_one2many,UQCR-6.4L
FBgn0262842,LOC117184823,0,ortholog_one2many,UQCR-6.4L
FBgn0028421,LOC6901211,0,ortholog_one2one,Kap3
FBgn0261243,LOC4814127,0,ortholog_one2one,Psa
FBgn0000233,LOC6901056,1,ortholog_one2one,btd
FBgn0266917,LOC4802088,1,ortholog_one2one,Sf3a1
FBgn0031752,LOC4818013,1,ortholog_one2one,CG9044
FBgn0030850,LOC4815135,1,ortholog_one2one,stas
FBgn0259749,LOC4817822,1,ortholog_one2one,mmy
FBgn0050381,LOC4805003,1,ortholog_one2one,PIG-X
FBgn0040233,LOC6903039,0,ortholog_one2many,cana
FBgn0029820,LOC4815922,1,ortholog_one2one,CG16721
FBgn0031660,LOC4816670,1,ortholog_one2one,mRpL28
FBgn0053514,LOC6900041,1,ortholog_one2one,CG33514
FBgn0035797,LOC4813714,1,ortholog_one2one,CG14837
FBgn0036187,LOC4813241,1,ortholog_one2one,RIOK1
FBgn0038342,LOC4800950,1,ortholog_one2one,B9d1
FBgn0284257,LOC4804816,1,ortholog_one2one,Ttd14
FBgn0031078,LOC4814597,1,ortholog_one2one,Nup205
FBgn0267348,LOC4812747,1,ortholog_one2one,LanB2
FBgn0032815,LOC4816109,1,ortholog_one2one,CG10462
FBgn0000376,LOC4815353,1,ortholog_one2one,crm
FBgn0039288,LOC6903685,1,ortholog_one2one,CG13653
FBgn0041194,LOC4812104,1,ortholog_one2one,Prat2
FBgn0030351,LOC6901419,1,ortholog_one2many,CG1840
FBgn0040227,LOC6896814,1,ortholog_one2one,eIF3d1
FBgn0004569,LOC4812157,1,ortholog_one2one,aos
FBgn0036317,LOC4812898,1,ortholog_one2one,CG10948
FBgn0036436,LOC4813339,1,ortholog_one2one,CG4914
FBgn0036627,LOC4812015,1,ortholog_one2one,Gagr
FBgn0037492,LOC4802939,1,ortholog_one2one,Dtwd2
FBgn0031150,LOC6901081,1,ortholog_one2one,bves
FBgn0038690,LOC4803243,0,ortholog_one2one,CG11703
FBgn0028983,LOC4804121,0,ortholog_one2one,Spn55B
FBgn0052137,LOC4813050,1,ortholog_one2one,CG32137
FBgn0039796,LOC4800268,1,ortholog_one2one,CG12069
FBgn0036726,LOC4812916,1,ortholog_one2one,QIL1
FBgn0250906,LOC4816379,1,ortholog_one2one,Pgk
FBgn0005658,LOC6900719,1,ortholog_one2one,Ets65A
FBgn0031536,LOC4817142,1,ortholog_one2one,Cog3
FBgn0036373,LOC4812503,1,ortholog_one2one,Tgi
FBgn0031500,LOC4816896,1,ortholog_one2one,CG17221
FBgn0032271,LOC4816695,1,ortholog_one2one,CG7329
FBgn0260857,LOC4811984,1,ortholog_one2one,Bet1
FBgn0038709,LOC4803263,0,ortholog_one2many,CG15025
FBgn0036158,LOC4813224,1,ortholog_one2one,CG6149
FBgn0051118,LOC4800423,1,ortholog_one2one,RabX4
FBgn0036667,LOC4812343,1,ortholog_one2one,kud
FBgn0053272,LOC117184652,0,ortholog_many2many,CG33272
FBgn0053272,LOC117184653,0,ortholog_many2many,CG33272
FBgn0035069,LOC4804690,1,ortholog_one2one,CG3611
FBgn0035402,LOC4811962,1,ortholog_one2one,Usp5
FBgn0261550,LOC4801852,1,ortholog_one2one,Orp8
FBgn0051960,LOC4804996,0,ortholog_one2one,CG31960
FBgn0033591,LOC4804725,1,ortholog_one2one,CG13216
FBgn0083974,LOC13036311,1,ortholog_one2one,CG34138
FBgn0030624,LOC4815931,1,ortholog_one2one,CG9106
FBgn0000022,LOC4815372,1,ortholog_one2one,ac
FBgn0052656,LOC6901985,1,ortholog_one2one,Muc11A
FBgn0027574,LOC6901855,0,ortholog_one2one,CG5815
FBgn0086693,LOC4815485,1,ortholog_one2one,iav
FBgn0046296,LOC6900438,1,ortholog_one2one,DEF8
FBgn0038032,LOC6896923,1,ortholog_one2one,CG10096
FBgn0260743,LOC4802578,1,ortholog_one2one,GC1
FBgn0250842,LOC4805191,1,ortholog_one2one,CG17575
FBgn0030976,LOC4815373,1,ortholog_one2one,CG7378
FBgn0032801,LOC4817914,1,ortholog_one2one,CG10165
FBgn0032515,LOC4817889,1,ortholog_one2one,loqs
FBgn0053889,LOC117185605,1,ortholog_one2many,His4:CG33889
FBgn0053889,LOC117185616,0,ortholog_one2many,His4:CG33889
FBgn0260458,LOC6900729,1,ortholog_one2one,PGRP-LD
FBgn0042696,LOC6899784,0,ortholog_one2one,NfI
FBgn0036676,LOC6900156,1,ortholog_one2one,CG13028
FBgn0046876,LOC4801913,1,ortholog_one2one,Obp83ef
FBgn0001325,LOC4804623,1,ortholog_one2one,Kr
FBgn0000405,LOC6902947,0,ortholog_one2many,CycB
FBgn0000405,LOC4803852,0,ortholog_one2many,CycB
FBgn0000405,LOC6896812,0,ortholog_one2many,CycB
FBgn0036920,LOC6900843,1,ortholog_one2one,CG8004
FBgn0002525,LOC4818104,1,ortholog_one2one,Lam
FBgn0050324,LOC4803813,1,ortholog_one2one,CG30324
FBgn0026397,LOC117183964,1,ortholog_many2many,Or22b
FBgn0026397,LOC6903208,1,ortholog_many2many,Or22b
FBgn0026397,LOC4817633,0,ortholog_many2many,Or22b
FBgn0036402,LOC4813661,1,ortholog_one2one,CG6650
FBgn0040754,LOC4804167,1,ortholog_one2one,CG17059
FBgn0003963,LOC4817316,1,ortholog_one2one,ush
FBgn0278608,LOC4814544,1,ortholog_one2one,Dsp1
FBgn0264855,LOC4817178,1,ortholog_one2one,AP-2alpha
FBgn0034976,LOC6898449,1,ortholog_one2one,CG4049
FBgn0034826,LOC4803722,1,ortholog_one2one,CG13544
FBgn0050418,LOC4805624,1,ortholog_one2one,nord
FBgn0027583,LOC4800508,1,ortholog_one2one,CG7601
FBgn0037207,LOC4813078,1,ortholog_one2one,Mes2
FBgn0039329,LOC6897568,1,ortholog_one2one,CG10669
FBgn0011787,LOC4812008,1,ortholog_one2one,mRpL12
FBgn0263108,LOC4811963,1,ortholog_one2one,BtbVII
FBgn0264556,LOC4816394,1,ortholog_one2one,Gr39a
FBgn0050022,LOC15382869,1,ortholog_one2many,CG30022
FBgn0050022,LOC6898753,1,ortholog_one2many,CG30022
FBgn0035625,LOC6900658,1,ortholog_one2one,Blimp-1
FBgn0040849,LOC6898024,0,ortholog_one2one,Ir41a
FBgn0036157,LOC4813819,1,ortholog_one2one,CG7560
FBgn0030536,LOC6901529,1,ortholog_one2one,CG11068
FBgn0035390,LOC4812753,1,ortholog_one2one,scramb2
FBgn0031451,LOC4816589,1,ortholog_one2one,CG9961
FBgn0039798,LOC4800400,0,ortholog_one2many,CG11313
FBgn0031859,LOC6902344,1,ortholog_one2one,CG17377
FBgn0000394,LOC4814575,1,ortholog_one2one,cv
FBgn0032744,LOC4817055,1,ortholog_one2one,Ttc19
FBgn0029134,LOC4805313,1,ortholog_one2one,Prosbeta5
FBgn0036266,LOC4812918,1,ortholog_one2one,Tsen54
FBgn0033137,LOC4803468,1,ortholog_one2one,Tsp42Ep
FBgn0031273,LOC6902209,0,ortholog_one2many,CG2839
FBgn0011016,LOC117184953,0,ortholog_one2many,SsRbeta
FBgn0011016,LOC117184954,1,ortholog_one2many,SsRbeta
FBgn0011016,LOC4812098,1,ortholog_one2many,SsRbeta
FBgn0031446,LOC4816726,1,ortholog_one2one,Trf5
FBgn0036089,LOC6900688,1,ortholog_one2one,CG14151
FBgn0037874,LOC4803141,1,ortholog_one2one,Tctp
FBgn0050185,LOC4804553,1,ortholog_one2one,AIMP3
FBgn0086367,LOC117185052,1,ortholog_one2many,t
FBgn0086367,LOC26533227,1,ortholog_one2many,t
FBgn0086367,LOC117185053,1,ortholog_one2many,t
FBgn0086367,LOC26533584,0,ortholog_one2many,t
FBgn0086367,LOC4814657,1,ortholog_one2many,t
FBgn0086367,LOC117185047,1,ortholog_one2many,t
FBgn0041160,LOC4813918,1,ortholog_one2one,comm2
FBgn0260962,LOC4801396,1,ortholog_one2one,pic
FBgn0283536,LOC4803273,1,ortholog_one2one,Vha13
FBgn0032219,LOC26534138,0,ortholog_one2one,CG4995
FBgn0032793,LOC4816297,1,ortholog_one2one,Ctu2
FBgn0028561,LOC4804350,1,ortholog_one2one,sut3
FBgn0031228,LOC4816945,0,ortholog_one2one,ND-15
FBgn0035708,LOC4811898,1,ortholog_one2one,axed
FBgn0033690,LOC6898047,0,ortholog_one2one,EndoG
FBgn0000355,LOC4812718,1,ortholog_one2one,Cp15
FBgn0001147,LOC4804615,1,ortholog_one2one,gsb-n
FBgn0259143,LOC4815462,1,ortholog_one2one,CG42258
FBgn0001250,LOC4815765,1,ortholog_one2one,if
FBgn0024364,LOC6902089,1,ortholog_one2one,CG11417
FBgn0010412,LOC6903708,0,ortholog_one2many,RpS19a
FBgn0010412,LOC4815589,0,ortholog_one2many,RpS19a
FBgn0031853,LOC6902363,0,ortholog_one2many,TTLL3B
FBgn0031853,LOC4818042,1,ortholog_one2many,TTLL3B
FBgn0032377,LOC4816870,0,ortholog_one2one,CG14937
FBgn0040696,LOC4812649,1,ortholog_one2one,CG18675
FBgn0030369,LOC6901709,0,ortholog_one2one,Cyp318a1
FBgn0033138,LOC4803470,1,ortholog_one2one,Tsp42Eq
FBgn0036417,LOC4813397,1,ortholog_one2one,CG7906
FBgn0034194,LOC4805390,1,ortholog_one2one,CG15611
FBgn0031335,LOC6903193,1,ortholog_one2many,CG5565
FBgn0031335,LOC4817630,0,ortholog_one2many,CG5565
FBgn0051812,LOC4816882,1,ortholog_one2one,Tsen2
FBgn0024196,LOC4803927,1,ortholog_one2one,robl
FBgn0036396,LOC4804005,0,ortholog_one2one,CG17359
FBgn0029525,LOC6901406,1,ortholog_one2one,CG18273
FBgn0033754,LOC4804935,1,ortholog_one2one,Ak6
FBgn0032080,LOC26532737,1,ortholog_one2one,CG9525
FBgn0052758,LOC4814401,1,ortholog_one2one,Snx27
FBgn0289323,LOC6903887,1,ortholog_one2one,IntS8
FBgn0038291,LOC4802401,1,ortholog_one2one,CG3984
FBgn0283468,LOC6897521,1,ortholog_one2one,slmb
FBgn0024807,LOC6896898,0,ortholog_one2many,DIP1
FBgn0024807,LOC4815697,1,ortholog_one2many,DIP1
FBgn0033453,LOC4805425,1,ortholog_one2one,Sting
FBgn0000057,LOC4804154,1,ortholog_one2one,adp
FBgn0030410,LOC4815821,1,ortholog_one2one,Aven
FBgn0002121,LOC4817731,1,ortholog_one2one,l(2)gl
FBgn0033502,LOC4804238,1,ortholog_one2one,CG12910
FBgn0031608,LOC4817567,1,ortholog_one2one,CG15435
FBgn0036271,LOC4813288,1,ortholog_one2one,Pbgs
FBgn0051100,LOC4803038,1,ortholog_one2one,CG31100
FBgn0029951,LOC4814881,1,ortholog_one2one,CG11369
FBgn0037970,LOC6897655,1,ortholog_one2one,GC2
FBgn0035807,LOC4812875,1,ortholog_one2one,CG7492
FBgn0250869,LOC6902202,1,ortholog_one2one,CG42240
FBgn0035497,LOC4813727,1,ortholog_one2one,CG14995
FBgn0003250,LOC6900151,0,ortholog_one2one,Rh4
FBgn0004378,LOC4811939,1,ortholog_one2one,Klp61F
FBgn0020258,LOC4817930,1,ortholog_one2one,ppk
FBgn0023512,LOC4814587,1,ortholog_one2one,eIF2Bepsilon
FBgn0050361,LOC6898155,1,ortholog_one2one,mtt
FBgn0032209,LOC4811836,0,ortholog_one2one,Hand
FBgn0053978,LOC26534304,0,ortholog_one2one,CG33978
FBgn0037683,LOC4800604,1,ortholog_one2one,CG18473
FBgn0014189,LOC4817943,1,ortholog_one2one,Hel25E
FBgn0000529,LOC4816146,1,ortholog_one2one,bsh
FBgn0039742,LOC4800289,1,ortholog_one2one,CG15528
FBgn0026379,LOC4811838,0,ortholog_one2one,Pten
FBgn0034488,LOC4805546,1,ortholog_one2one,Hacl
FBgn0038804,LOC4800239,1,ortholog_one2one,CG10877
FBgn0034398,LOC6898160,1,ortholog_one2one,CG15098
FBgn0032368,LOC4817292,0,ortholog_one2one,spag4
FBgn0035675,LOC4813464,1,ortholog_one2one,CG6610
FBgn0002733,LOC4802210,1,ortholog_one2one,E(spl)mbeta-HLH
FBgn0034566,LOC6898983,1,ortholog_one2one,CG9313
FBgn0053262,LOC6898020,0,ortholog_one2one,CG33262
FBgn0260456,LOC4803402,1,ortholog_one2one,CG4806
FBgn0030641,LOC4815650,1,ortholog_one2one,CG6299
FBgn0001319,LOC6898303,1,ortholog_one2one,kn
FBgn0261049,LOC4802704,1,ortholog_one2one,Vps45
FBgn0051151,LOC6896968,1,ortholog_one2one,wge
FBgn0030926,LOC4814421,1,ortholog_one2many,psh
FBgn0038238,LOC4801724,1,ortholog_one2one,CG14854
FBgn0035663,LOC4813706,1,ortholog_one2one,CG6462
FBgn0085257,LOC6898287,1,ortholog_one2one,CG34228
FBgn0030183,LOC6901004,0,ortholog_one2one,Ypel
FBgn0033463,LOC4804719,0,ortholog_one2one,CG1513
FBgn0031632,LOC6902910,1,ortholog_one2one,CG15628
FBgn0003218,LOC4814684,1,ortholog_one2one,rdgB
FBgn0261270,LOC4805487,1,ortholog_one2one,Sps1
FBgn0039558,LOC4801110,1,ortholog_one2one,BCAS2
FBgn0034086,LOC4803868,1,ortholog_one2one,CG8441
FBgn0036433,LOC4813692,1,ortholog_one2one,CG9628
FBgn0032693,LOC4817061,1,ortholog_one2one,Cyp310a1
FBgn0026136,LOC4804599,1,ortholog_one2many,CkIIbeta2
FBgn0026136,LOC6901308,0,ortholog_one2many,CkIIbeta2
FBgn0001259,LOC4813426,1,ortholog_one2one,in
FBgn0050440,LOC4803329,0,ortholog_one2one,CG30440
FBgn0037931,LOC4802852,1,ortholog_one2one,CG18476
FBgn0028429,LOC4813105,0,ortholog_one2one,I-2
FBgn0085422,LOC4816367,1,ortholog_one2one,CG34393
FBgn0031518,LOC4817169,1,ortholog_one2one,CG3277
FBgn0030007,LOC4815314,1,ortholog_one2one,alpha-PheRS
FBgn0005616,LOC6899940,0,ortholog_one2many,msl-2
FBgn0005616,LOC4816801,1,ortholog_one2many,msl-2
FBgn0031562,LOC4817375,1,ortholog_one2one,CG3604
FBgn0036515,LOC4813624,1,ortholog_one2one,AIMP2
FBgn0040510,LOC6902466,1,ortholog_many2many,ACXA
FBgn0040510,LOC6902469,0,ortholog_many2many,ACXA
FBgn0040510,LOC6902467,1,ortholog_many2many,ACXA
FBgn0039193,LOC4802156,1,ortholog_one2one,CG13613
FBgn0013720,LOC4815603,1,ortholog_one2one,pck
FBgn0050263,LOC4803692,1,ortholog_one2one,stum
FBgn0031533,LOC4817380,1,ortholog_one2one,CG2772
FBgn0030717,LOC4811770,0,ortholog_one2many,Slc25A46a
FBgn0038814,LOC6896787,1,ortholog_one2one,CG15923
FBgn0015756,LOC4811708,1,ortholog_one2one,RpL9
FBgn0261983,LOC4817348,1,ortholog_one2one,l(2)gd1
FBgn0032491,LOC6902336,0,ortholog_one2many,CG16815
FBgn0032491,LOC6902638,1,ortholog_one2many,CG16815
FBgn0039339,LOC4802413,1,ortholog_one2one,CG5116
FBgn0053983,LOC4813541,1,ortholog_one2one,obst-H
FBgn0039674,LOC4800489,1,ortholog_one2one,CG1907
FBgn0267002,LOC4805677,0,ortholog_one2one,unc-104
FBgn0003430,LOC4817179,1,ortholog_one2one,slp1
FBgn0031682,LOC4816897,1,ortholog_one2one,CG5828
FBgn0032256,LOC4811704,1,ortholog_one2one,RluA-2
FBgn0040283,LOC4801763,1,ortholog_one2one,SMC1
FBgn0029643,LOC6901280,1,ortholog_one2one,CG14420
FBgn0030796,LOC6902251,1,ortholog_one2one,CG4829
FBgn0029594,LOC4815152,1,ortholog_one2one,Coa8
FBgn0040376,LOC4814396,1,ortholog_one2one,AANATL7
FBgn0000056,LOC6903503,1,ortholog_one2one,Adhr
FBgn0037687,LOC4800599,1,ortholog_one2one,CG8132
FBgn0263968,LOC4815991,1,ortholog_one2one,nonC
FBgn0040985,LOC4817707,1,ortholog_one2one,osi
FBgn0030000,LOC4814991,1,ortholog_one2one,CG2260
FBgn0000139,LOC6896754,1,ortholog_one2one,ash2
FBgn0038914,LOC4800980,1,ortholog_one2one,fit
FBgn0031256,LOC4817002,1,ortholog_one2one,shv
FBgn0035986,LOC4814144,1,ortholog_one2one,CG4022
FBgn0031645,LOC4817429,1,ortholog_one2one,CG3036
FBgn0050184,LOC4804546,1,ortholog_one2one,CG30184
FBgn0004896,LOC4805494,1,ortholog_one2one,fd59A
FBgn0001308,LOC4803819,1,ortholog_one2one,Khc
FBgn0030420,LOC4811969,0,ortholog_one2one,pira
FBgn0039475,LOC4801132,1,ortholog_many2many,CG6277
FBgn0039475,LOC6897060,1,ortholog_many2many,CG6277
FBgn0039475,LOC6897061,1,ortholog_many2many,CG6277
FBgn0031910,LOC6902209,0,ortholog_one2many,CG15818
FBgn0039886,LOC6897352,0,ortholog_one2one,CG2003
FBgn0023213,LOC4811811,1,ortholog_one2one,eIF4G1
FBgn0037898,LOC4803196,1,ortholog_one2one,Dtd
FBgn0082831,LOC4800828,1,ortholog_one2one,pps
FBgn0032429,LOC4816832,1,ortholog_one2one,CG5446
FBgn0030292,LOC4815180,1,ortholog_one2one,NdufV3
FBgn0031307,LOC4817602,1,ortholog_one2one,MFS3
FBgn0052544,LOC6901723,1,ortholog_one2one,CG32544
FBgn0031064,LOC4815182,1,ortholog_one2one,CG12531
FBgn0034659,LOC4805200,0,ortholog_one2many,CG4021
FBgn0264694,LOC4803201,1,ortholog_one2one,mgr
FBgn0019932,LOC26533591,0,ortholog_one2one,SamDC
FBgn0064119,LOC4803066,1,ortholog_one2one,CG33934
FBgn0034791,LOC4805497,1,ortholog_one2one,EMC8-9
FBgn0039321,LOC6897573,1,ortholog_one2one,CG10550
FBgn0033760,LOC4803383,1,ortholog_one2one,CG8785
FBgn0051233,LOC4800957,1,ortholog_one2one,CG31233
FBgn0032065,LOC4816100,1,ortholog_one2one,CG12438
FBgn0030778,LOC4815902,1,ortholog_one2one,CG4678
FBgn0050196,LOC6898257,1,ortholog_one2one,CG30196
FBgn0003065,LOC4801820,1,ortholog_one2one,CG2150
FBgn0029666,LOC4814504,1,ortholog_one2one,CG10803
FBgn0035094,LOC4804620,1,ortholog_one2one,CG9380
FBgn0003277,LOC4815488,0,ortholog_one2one,Polr2A
FBgn0086346,LOC4800669,0,ortholog_one2one,ALiX
FBgn0013279,LOC6896929,0,ortholog_many2many,Hsp70Bc
FBgn0013279,LOC4800844,1,ortholog_many2many,Hsp70Bc
FBgn0032240,LOC6901942,0,ortholog_one2one,CG17768
FBgn0032929,LOC4817997,1,ortholog_one2one,Mcm10
FBgn0036018,LOC6901858,0,ortholog_one2one,CG3335
FBgn0004780,LOC4802265,1,ortholog_one2one,Ccp84Ad
FBgn0038567,LOC6897961,1,ortholog_one2one,CG14316
FBgn0000108,LOC4815376,1,ortholog_one2one,Appl
FBgn0024245,LOC4816382,1,ortholog_one2one,dnt
FBgn0015037,LOC6898503,1,ortholog_many2many,Cyp4p1
FBgn0015037,LOC6898502,1,ortholog_many2many,Cyp4p1
FBgn0015037,LOC6898504,1,ortholog_many2many,Cyp4p1
FBgn0034094,LOC4804648,1,ortholog_one2one,Tsf3
FBgn0052631,LOC4815168,1,ortholog_one2one,CG32631
FBgn0039593,LOC6897213,0,ortholog_one2many,Sid
FBgn0038854,LOC4803292,1,ortholog_one2one,CG7044
FBgn0051742,LOC6903225,0,ortholog_one2one,Prosbeta5R2
FBgn0035980,LOC4814188,1,ortholog_one2one,mRRF1
FBgn0039623,LOC4801604,1,ortholog_one2one,CG1951
FBgn0036812,LOC4813015,1,ortholog_one2one,Nufip
FBgn0032495,LOC4816413,1,ortholog_one2one,CG16820
FBgn0035638,LOC4811967,1,ortholog_one2one,Tektin-C
FBgn0004867,LOC6901943,0,ortholog_one2many,RpS2
FBgn0004867,LOC4816899,1,ortholog_one2many,RpS2
FBgn0004867,LOC117185080,0,ortholog_one2many,RpS2
FBgn0004867,LOC6899645,0,ortholog_one2many,RpS2
FBgn0053509,LOC6903590,1,ortholog_one2one,CG33509
FBgn0037949,LOC4802835,1,ortholog_one2one,prd1
FBgn0030974,LOC4814454,1,ortholog_one2one,Flacc
FBgn0016053,LOC6898818,1,ortholog_one2one,pgc
FBgn0032805,LOC4818180,1,ortholog_one2one,CG10337
FBgn0033074,LOC6899051,1,ortholog_one2one,tomboy40
FBgn0040534,LOC6903160,0,ortholog_one2one,Sf3b5
FBgn0262160,LOC4816587,1,ortholog_one2one,CG9932
FBgn0037140,LOC4812903,1,ortholog_one2one,SLC22A
FBgn0053877,LOC26532710,1,ortholog_one2many,His4:CG33877
FBgn0022238,LOC4804155,1,ortholog_one2one,lolal
FBgn0053798,LOC117183537,0,ortholog_many2many,CG33798
FBgn0053798,LOC6898801,0,ortholog_many2many,CG33798
FBgn0053798,LOC117183751,0,ortholog_many2many,CG33798
FBgn0053798,LOC6898794,0,ortholog_many2many,CG33798
FBgn0052185,LOC4813131,1,ortholog_one2one,edin
FBgn0031546,LOC4817273,1,ortholog_one2one,CG8851
FBgn0037064,LOC4813681,1,ortholog_one2one,CG9389
FBgn0035137,LOC4814078,1,ortholog_one2one,CG1233
FBgn0263020,LOC26534076,1,ortholog_one2one,CG43315
FBgn0036036,LOC4812957,1,ortholog_one2one,CG14174
FBgn0028544,LOC4816330,1,ortholog_one2one,Vajk3
FBgn0039710,LOC4800243,1,ortholog_one2many,dgt1
FBgn0039710,LOC6896899,0,ortholog_one2many,dgt1
FBgn0027538,LOC4805485,1,ortholog_one2one,beta4GalNAcTA
FBgn0031711,LOC4818006,1,ortholog_one2one,Elp4
FBgn0036926,LOC117184695,1,ortholog_one2one,CG7646
FBgn0040793,LOC4813486,1,ortholog_one2one,COX7B
FBgn0034266,LOC4804660,1,ortholog_one2one,CG4975
FBgn0265606,LOC6903397,0,ortholog_many2many,Prosalpha4T1
FBgn0265606,LOC4814783,0,ortholog_many2many,Prosalpha4T1
FBgn0050045,LOC4804268,1,ortholog_one2one,Cpr49Aa
FBgn0050016,LOC4804883,1,ortholog_one2one,CG30016
FBgn0031907,LOC4818164,1,ortholog_one2one,CG5171
FBgn0032376,LOC4816815,0,ortholog_one2one,Tsp33B
FBgn0053202,LOC6897546,0,ortholog_one2one,dpr11
FBgn0015828,LOC4812780,1,ortholog_one2one,TfIIEalpha
FBgn0026392,LOC4817564,1,ortholog_one2one,Or33a
FBgn0043799,LOC4801290,1,ortholog_one2one,CG31381
FBgn0032690,LOC4817447,1,ortholog_one2one,CG10333
FBgn0052801,LOC26532954,1,ortholog_one2one,CG32801
FBgn0023180,LOC6898957,0,ortholog_one2one,Orc6
FBgn0030093,LOC6901558,1,ortholog_one2one,Bap111
FBgn0052006,LOC117184353,0,ortholog_one2one,CG32006
FBgn0263747,LOC26533594,0,ortholog_one2one,CG43672
FBgn0265178,LOC4803899,1,ortholog_one2one,Lipt1
FBgn0052521,LOC6902326,1,ortholog_one2one,Mnr
FBgn0037329,LOC4802441,1,ortholog_one2one,POLDIP2
FBgn0035197,LOC4812272,1,ortholog_one2many,CG9130
FBgn0285954,LOC6901731,1,ortholog_one2one,caz
FBgn0030634,LOC4815271,1,ortholog_one2one,CG9164
FBgn0002569,LOC4803610,1,ortholog_one2one,Mal-A2
FBgn0029765,LOC4815571,1,ortholog_one2one,CG16756
FBgn0038611,LOC4801450,1,ortholog_one2one,CG14309
FBgn0033365,LOC4804564,1,ortholog_one2one,CG8170
FBgn0028407,LOC4804355,1,ortholog_one2one,Drep3
FBgn0040958,LOC4818169,1,ortholog_one2one,Peritrophin-15b
FBgn0051361,LOC4802598,1,ortholog_one2one,dpr17
FBgn0031224,LOC4817743,1,ortholog_one2one,CG11454
FBgn0263490,LOC4802539,0,ortholog_one2one,mld
FBgn0036038,LOC6897298,0,ortholog_one2many,defl
FBgn0036038,LOC6900740,1,ortholog_one2many,defl
FBgn0035040,LOC4805437,1,ortholog_one2one,CG4741
FBgn0027601,LOC4815557,1,ortholog_one2one,pdgy
FBgn0028410,LOC4816395,1,ortholog_one2one,Pk34A
FBgn0051111,LOC4802124,0,ortholog_one2one,CG31111
FBgn0262139,LOC4814133,1,ortholog_many2many,trh
FBgn0061362,LOC4804425,1,ortholog_one2one,Polr3K
FBgn0032104,LOC6900198,0,ortholog_one2many,aust
FBgn0032104,LOC6902683,0,ortholog_one2many,aust
FBgn0038734,LOC6897995,1,ortholog_one2one,Acsx4
FBgn0034460,LOC117183174,1,ortholog_one2one,CG18367
FBgn0010877,LOC4802854,0,ortholog_one2one,l(3)05822
FBgn0037128,LOC4812751,1,ortholog_one2one,CG14572
FBgn0086674,LOC4815225,1,ortholog_one2one,Tpst
FBgn0032442,LOC4817423,1,ortholog_one2one,Nepl7
FBgn0034744,LOC4804215,1,ortholog_one2one,Vps20
FBgn0288834,LOC4816941,1,ortholog_one2one,RPA2
FBgn0002939,LOC4817656,1,ortholog_one2one,ninaD
FBgn0041191,LOC4802424,1,ortholog_many2many,Rheb
FBgn0030304,LOC4814718,1,ortholog_one2one,Cyp4g15
FBgn0033697,LOC4803684,1,ortholog_one2one,Cyp6t3
FBgn0041629,LOC6901564,0,ortholog_one2many,Hexo2
FBgn0041629,LOC4814710,1,ortholog_one2many,Hexo2
FBgn0031390,LOC4817125,1,ortholog_one2one,tho2
FBgn0030617,LOC6901922,1,ortholog_one2one,CG9095
FBgn0038540,LOC6899120,0,ortholog_one2one,CG14321
FBgn0036181,LOC6900746,1,ortholog_one2one,Muc68Ca
FBgn0052062,LOC6900681,1,ortholog_one2one,Rbfox1
FBgn0030018,LOC6901390,1,ortholog_one2one,slpr
FBgn0085415,LOC6898370,1,ortholog_one2one,CG34386
FBgn0016920,LOC6903575,1,ortholog_one2one,nompC
FBgn0036010,LOC4812741,1,ortholog_one2one,Ir67a
FBgn0033998,LOC4804009,1,ortholog_one2one,row
FBgn0003295,LOC4814137,1,ortholog_one2one,ru
FBgn0263705,LOC4814696,1,ortholog_one2one,Myo10A
FBgn0042112,LOC4814169,1,ortholog_one2one,mRpL36
FBgn0261933,LOC4812824,1,ortholog_one2one,SmD1
FBgn0038702,LOC4803256,1,ortholog_one2one,CG3739
FBgn0039887,LOC6897356,1,ortholog_one2one,Pos
FBgn0286784,LOC4804078,0,ortholog_one2one,TER94
FBgn0025820,LOC117185197,1,ortholog_one2many,JTBR
FBgn0025820,LOC4813846,1,ortholog_one2many,JTBR
FBgn0034471,LOC4804962,1,ortholog_one2one,Obp56e
FBgn0288875,LOC4801593,1,ortholog_one2one,Cul5
FBgn0032858,LOC4816669,1,ortholog_one2one,CG10949
FBgn0029955,LOC6901781,1,ortholog_one2one,CG15478
FBgn0050076,LOC4803962,1,ortholog_one2one,CG30076
FBgn0004066,LOC6903397,0,ortholog_many2many,Prosalpha4
FBgn0004066,LOC4814783,0,ortholog_many2many,Prosalpha4
FBgn0002579,LOC6899448,0,ortholog_one2many,RpL36
FBgn0002579,LOC4814716,0,ortholog_one2many,RpL36
FBgn0029608,LOC6901839,1,ortholog_one2one,CG3091
FBgn0033799,LOC4803630,1,ortholog_one2one,GLaz
FBgn0020762,LOC4817803,1,ortholog_one2one,Atet
FBgn0031457,LOC4816290,1,ortholog_one2one,Snx21
FBgn0032703,LOC4817293,1,ortholog_one2one,CG10343
FBgn0039131,LOC117183354,1,ortholog_one2many,CG12268
FBgn0039131,LOC4801743,1,ortholog_one2many,CG12268
FBgn0039131,LOC6903603,1,ortholog_one2many,CG12268
FBgn0035410,LOC4813673,1,ortholog_one2one,MnM
FBgn0051140,LOC4801746,1,ortholog_one2one,CG31140
FBgn0038894,LOC6897745,1,ortholog_one2many,Jhbp16
FBgn0038894,LOC4802693,1,ortholog_one2many,Jhbp16
FBgn0085450,LOC4817376,1,ortholog_one2one,Snoo
FBgn0032125,LOC6902789,1,ortholog_one2one,Cpr30B
FBgn0031435,LOC4816771,1,ortholog_one2one,Elba2
FBgn0005683,LOC6901932,0,ortholog_one2one,pie
FBgn0039691,LOC4801000,1,ortholog_one2one,IntS11
FBgn0045761,LOC6899656,1,ortholog_many2many,CHKov1
FBgn0045761,LOC6897570,1,ortholog_many2many,CHKov1
FBgn0004861,LOC6901107,1,ortholog_many2many,ph-p
FBgn0004861,LOC6901109,1,ortholog_many2many,ph-p
FBgn0034756,LOC4803829,1,ortholog_one2one,Cyp6d2
FBgn0053337,LOC6896808,1,ortholog_many2many,CG33337
FBgn0053337,LOC6896809,1,ortholog_many2many,CG33337
FBgn0053337,LOC6896807,1,ortholog_many2many,CG33337
FBgn0284243,LOC6903891,1,ortholog_one2one,betaTub56D
FBgn0012042,LOC4803982,1,ortholog_many2many,AttA
FBgn0012042,LOC6897269,0,ortholog_many2many,AttA
FBgn0012042,LOC6897287,0,ortholog_many2many,AttA
FBgn0030687,LOC6899246,0,ortholog_one2one,Polr3A
FBgn0001128,LOC6903339,1,ortholog_one2one,Gpdh1
FBgn0014009,LOC4803431,1,ortholog_one2one,Rab2
FBgn0038056,LOC4800841,1,ortholog_one2one,CG5961
FBgn0261872,LOC6899937,1,ortholog_one2one,scaf6
FBgn0034372,LOC4803757,1,ortholog_one2one,Gint3
FBgn0036349,LOC4813789,1,ortholog_one2one,SNCF
FBgn0038135,LOC4801278,1,ortholog_one2one,CG8773
FBgn0052320,LOC4814140,1,ortholog_one2one,CG32320
FBgn0040260,LOC6902878,1,ortholog_one2one,Ugt37D1
FBgn0050429,LOC4804622,0,ortholog_one2one,CG30429
FBgn0039648,LOC4800457,1,ortholog_one2one,CG14515
FBgn0033422,LOC4805302,1,ortholog_one2one,Or45b
FBgn0037421,LOC4801893,1,ortholog_one2one,CG15594
FBgn0015546,LOC4816708,0,ortholog_one2one,spel1
FBgn0022702,LOC4812464,1,ortholog_one2one,Cht2
FBgn0036566,LOC4813002,1,ortholog_one2one,ClC-c
FBgn0052221,LOC4812991,1,ortholog_one2one,CG32221
FBgn0284255,LOC4818119,1,ortholog_one2one,Arpc4
FBgn0062565,LOC4815215,0,ortholog_one2many,Or19b
FBgn0031603,LOC4817577,1,ortholog_one2one,CG15432
FBgn0037512,LOC4802969,1,ortholog_one2one,CG2616
FBgn0032493,LOC4816713,1,ortholog_one2one,Mabi
FBgn0032935,LOC4816543,1,ortholog_one2one,Atg18b
FBgn0004595,LOC4803203,1,ortholog_one2one,pros
FBgn0038180,LOC4801307,1,ortholog_one2one,Cht5
FBgn0039469,LOC6897055,1,ortholog_one2one,TwdlC
FBgn0031467,LOC4816532,1,ortholog_one2one,Cpr23B
FBgn0066101,LOC6897698,1,ortholog_one2one,LpR1
FBgn0014141,LOC6896902,1,ortholog_one2one,cher
FBgn0036030,LOC4812685,1,ortholog_one2one,Prps
FBgn0052278,LOC4813705,1,ortholog_one2one,CG32278
FBgn0266456,LOC117183586,0,ortholog_one2one,CG45081
FBgn0037657,LOC4803029,1,ortholog_one2one,hyx
FBgn0039218,LOC4800441,1,ortholog_one2one,Polr2L
FBgn0035264,LOC4812094,1,ortholog_one2one,Oseg4
FBgn0040801,LOC6900003,1,ortholog_one2one,CG13053
FBgn0026263,LOC4812446,1,ortholog_one2one,bip1
FBgn0035592,LOC4814166,1,ortholog_one2one,CG10674
FBgn0033480,LOC4804088,1,ortholog_one2one,mRpL42
FBgn0036763,LOC4813289,1,ortholog_one2one,TrpRS-m
FBgn0037698,LOC6896758,0,ortholog_one2one,CG16779
FBgn0036932,LOC4812127,0,ortholog_one2one,Lamtor1
FBgn0037708,LOC4802697,1,ortholog_one2one,CG9386
FBgn0033731,LOC4804277,1,ortholog_one2one,Cpr49Ah
FBgn0034128,LOC6898245,1,ortholog_one2one,CG4409
FBgn0261361,LOC4812311,1,ortholog_one2many,CG42638
FBgn0028836,LOC4803599,1,ortholog_one2one,CSN7
FBgn0036706,LOC4813299,1,ortholog_one2one,ND-24L
FBgn0033600,LOC4804737,1,ortholog_one2one,Cpr47Ec
FBgn0031816,LOC4818099,1,ortholog_one2one,Rchy1
FBgn0035751,LOC4813871,1,ortholog_one2one,CG14829
FBgn0030207,LOC4812511,0,ortholog_one2many,CG2887
FBgn0030207,LOC117184535,0,ortholog_one2many,CG2887
FBgn0085398,LOC15382874,1,ortholog_one2one,ppk9
FBgn0030375,LOC6901990,1,ortholog_one2one,CG11356
FBgn0053263,LOC6900217,1,ortholog_one2one,CG33263
FBgn0050293,LOC6898989,1,ortholog_one2many,Cht12
FBgn0050293,LOC6898990,1,ortholog_one2many,Cht12
FBgn0050293,LOC117183602,1,ortholog_one2many,Cht12
FBgn0050293,LOC6898991,1,ortholog_one2many,Cht12
FBgn0024887,LOC4813752,1,ortholog_one2one,kin17
FBgn0031673,LOC4816682,1,ortholog_one2one,CG31650
FBgn0033324,LOC6898774,1,ortholog_many2many,CG14744
FBgn0033324,LOC6898772,1,ortholog_many2many,CG14744
FBgn0052832,LOC6902873,1,ortholog_one2one,CG32832
FBgn0085230,LOC6898483,1,ortholog_one2one,CG34201
FBgn0035245,LOC4812497,1,ortholog_one2one,GC
FBgn0035273,LOC4812966,1,ortholog_one2one,CG12020
FBgn0003545,LOC6898776,0,ortholog_one2one,sub
FBgn0038190,LOC4801650,0,ortholog_one2one,CG9926
FBgn0037516,LOC4802970,1,ortholog_one2one,CG11286
FBgn0034415,LOC4804071,1,ortholog_one2one,Gpxl
FBgn0032225,LOC4811829,0,ortholog_one2one,Frmd5
FBgn0000640,LOC4817994,1,ortholog_one2one,Fbp2
FBgn0052625,LOC6898326,0,ortholog_many2many,CG32625
FBgn0052625,LOC6901217,1,ortholog_many2many,CG32625
FBgn0036274,LOC4813440,1,ortholog_one2one,CG4328
FBgn0027843,LOC4813361,1,ortholog_one2one,CAH2
FBgn0259984,LOC4818148,1,ortholog_one2one,kuz
FBgn0035064,LOC4804697,1,ortholog_one2one,TyrRS-m
FBgn0053470,LOC6898765,1,ortholog_one2many,BaraA1
FBgn0023513,LOC4814962,1,ortholog_one2one,CG14803
FBgn0036240,LOC4811915,0,ortholog_one2one,CG6928
FBgn0033005,LOC4803331,0,ortholog_one2one,CG3107
FBgn0038548,LOC6897578,0,ortholog_one2many,CG17806
FBgn0038548,LOC13036406,0,ortholog_one2many,CG17806
FBgn0038548,LOC117185673,0,ortholog_one2many,CG17806
FBgn0038548,LOC117183223,0,ortholog_one2many,CG17806
FBgn0038146,LOC4801266,1,ortholog_one2one,CG9799
FBgn0030174,LOC4814245,1,ortholog_one2one,CG15312
FBgn0029715,LOC4816022,0,ortholog_one2many,CG11444
FBgn0034402,LOC4804054,1,ortholog_one2one,CG15084
FBgn0288742,LOC4815815,0,ortholog_one2many,CG46517
FBgn0035737,LOC6900434,1,ortholog_one2one,Cpr65Ec
FBgn0052772,LOC6902219,1,ortholog_one2one,CG32772
FBgn0039538,LOC4800665,1,ortholog_one2many,CG12883
FBgn0032111,LOC6903371,1,ortholog_one2many,CG13110
FBgn0032111,LOC4817912,1,ortholog_one2many,CG13110
FBgn0039494,LOC4801149,1,ortholog_one2one,grass
FBgn0039732,LOC4800266,1,ortholog_one2one,CG15525
FBgn0037280,LOC4802516,1,ortholog_one2one,BBS5
FBgn0035676,LOC6900723,1,ortholog_one2one,ssp6
FBgn0038586,LOC4803190,1,ortholog_one2one,CG7168
FBgn0014269,LOC4804063,1,ortholog_one2one,prod
FBgn0031971,LOC4817094,1,ortholog_one2one,Sirup
FBgn0035154,LOC4812500,1,ortholog_one2one,hiro
FBgn0001970,LOC4816770,0,ortholog_one2one,Pgant35A
FBgn0024944,LOC13036427,1,ortholog_one2one,Oamb
FBgn0030329,LOC4815689,1,ortholog_one2one,prtp
FBgn0031985,LOC4816705,1,ortholog_one2one,mon2
FBgn0031183,LOC4815926,1,ortholog_one2one,CG14621
FBgn0051821,LOC4816624,1,ortholog_one2one,CG31821
FBgn0039563,LOC4801102,1,ortholog_one2one,CG4951
FBgn0039519,LOC4804982,0,ortholog_one2many,Cyp6a18
FBgn0027596,LOC6898738,1,ortholog_one2one,Kank
FBgn0052100,LOC4813488,1,ortholog_one2one,CG32100
FBgn0051224,LOC4801433,1,ortholog_one2one,CG31224
FBgn0039810,LOC4800325,1,ortholog_one2one,CG15549
FBgn0033033,LOC4803325,0,ortholog_one2one,scaf
FBgn0015614,LOC26533502,1,ortholog_one2one,CanB2
FBgn0040743,LOC4804767,1,ortholog_one2one,CG15919
FBgn0033413,LOC4803387,0,ortholog_one2one,prel
FBgn0037731,LOC4800849,0,ortholog_one2many,CG18542
FBgn0004107,LOC4800891,1,ortholog_one2one,Cdk2
FBgn0026873,LOC4814890,1,ortholog_one2one,MED18
FBgn0029891,LOC4815974,1,ortholog_one2one,Pink1
FBgn0035024,LOC4805452,1,ortholog_one2one,CG11414
FBgn0036341,LOC4813071,1,ortholog_one2one,Syx13
FBgn0038592,LOC4802235,1,ortholog_one2one,CG18599
FBgn0051997,LOC4811793,0,ortholog_one2one,CG31997
FBgn0027087,LOC4814333,1,ortholog_one2one,HisRS
FBgn0261108,LOC4801701,1,ortholog_one2one,Atg13
FBgn0036309,LOC6900490,1,ortholog_one2one,Hip1
FBgn0031146,LOC4814357,1,ortholog_one2one,CG15449
FBgn0030669,LOC4815788,1,ortholog_one2one,CG9240
FBgn0017556,LOC6899056,1,ortholog_one2one,Prosalpha4T2
FBgn0000504,LOC4802017,1,ortholog_one2one,dsx
FBgn0039831,LOC4800351,1,ortholog_one2one,CG12054
FBgn0004463,LOC4804357,1,ortholog_one2one,Polr3B
FBgn0013563,LOC6900545,1,ortholog_one2one,Pex1
FBgn0001202,LOC117183994,1,ortholog_one2many,hook
FBgn0001202,LOC4817456,1,ortholog_one2many,hook
FBgn0025373,LOC4805096,1,ortholog_one2one,Fpps
FBgn0050096,LOC4803804,1,ortholog_one2one,CG30096
FBgn0038721,LOC4803272,1,ortholog_many2many,subdued
FBgn0038953,LOC4801683,1,ortholog_one2one,CG18596
FBgn0086532,LOC4804658,1,ortholog_one2one,Spt-I
FBgn0031171,LOC6902321,1,ortholog_one2one,CG1801
FBgn0041712,LOC4804494,1,ortholog_one2one,yellow-d
FBgn0038055,LOC4800839,1,ortholog_one2one,trus
FBgn0038110,LOC4801407,1,ortholog_one2one,CG8031
FBgn0038170,LOC4801295,1,ortholog_one2one,CG14367
FBgn0037757,LOC4801498,1,ortholog_one2one,CG8516
FBgn0035323,LOC4813746,1,ortholog_one2one,CG13807
FBgn0052088,LOC4811981,0,ortholog_one2one,sunn
FBgn0000667,LOC4815437,1,ortholog_one2one,Actn
FBgn0031033,LOC6902128,0,ortholog_many2many,CG14219
FBgn0031033,LOC6902130,1,ortholog_many2many,CG14219
FBgn0033738,LOC4805088,1,ortholog_one2one,DUBAI
FBgn0040780,LOC4805012,1,ortholog_one2one,Atg10
FBgn0030055,LOC4814871,1,ortholog_one2one,Rubicon
FBgn0037900,LOC4802814,1,ortholog_one2one,CG5276
FBgn0040717,LOC6903142,1,ortholog_one2one,Nplp4
FBgn0030030,LOC6901254,1,ortholog_one2one,CG1636
FBgn0041250,LOC4817547,1,ortholog_one2one,Gr21a
FBgn0036959,LOC4813850,1,ortholog_one2one,CG6951
FBgn0037880,LOC4803149,1,ortholog_one2one,CG17726
FBgn0001180,LOC4803003,1,ortholog_one2one,hb
FBgn0031458,LOC4816362,1,ortholog_one2one,aph-1
FBgn0260655,LOC4812508,1,ortholog_one2one,l(3)76BDm
FBgn0010531,LOC4804873,0,ortholog_one2one,Ccs
FBgn0029878,LOC4814586,0,ortholog_one2one,Pat1
FBgn0033190,LOC4804911,1,ortholog_one2one,Gpo2
FBgn0030774,LOC6902199,1,ortholog_one2one,sphe
FBgn0038269,LOC4801068,1,ortholog_one2one,Rrp6
FBgn0033978,LOC6898736,1,ortholog_many2many,Cyp6a23
FBgn0033978,LOC6898737,1,ortholog_many2many,Cyp6a23
FBgn0026058,LOC6901808,0,ortholog_one2one,OdsH
FBgn0039755,LOC6896740,1,ortholog_one2one,CG15531
FBgn0033934,LOC4803882,1,ortholog_one2one,CG17385
FBgn0037857,LOC6900415,0,ortholog_one2one,Tengl4
FBgn0034736,LOC4804210,1,ortholog_one2one,gas
FBgn0283681,LOC4812455,1,ortholog_one2one,Tcs3
FBgn0035429,LOC4812583,1,ortholog_one2one,CG12017
FBgn0261534,LOC4816688,1,ortholog_one2one,l(2)34Fc
FBgn0032449,LOC6902457,1,ortholog_one2many,CG17036
FBgn0032449,LOC4816529,1,ortholog_one2many,CG17036
FBgn0029709,LOC4815071,1,ortholog_one2one,CHOp24
FBgn0013753,LOC4811942,1,ortholog_one2one,Bgb
FBgn0053156,LOC6898470,1,ortholog_one2one,Nadk1b
FBgn0033379,LOC4804582,1,ortholog_one2one,Mys45A
FBgn0030361,LOC4814462,1,ortholog_one2one,CG1492
FBgn0036056,LOC4813140,1,ortholog_one2one,CG6709
FBgn0037110,LOC4812827,1,ortholog_one2one,ORMDL
FBgn0029894,LOC4815434,1,ortholog_one2one,CG14440
FBgn0036848,LOC6903406,0,ortholog_one2one,Naxd
FBgn0041105,LOC4800770,1,ortholog_one2one,nerfin-2
FBgn0028406,LOC4816714,1,ortholog_one2one,Drep4
FBgn0032783,LOC4816363,1,ortholog_one2one,CG10237
FBgn0264087,LOC4817195,1,ortholog_one2one,Slob
FBgn0284256,LOC4817034,1,ortholog_one2one,bsf
FBgn0039472,LOC26533605,1,ortholog_many2many,CG17192
FBgn0039472,LOC6897057,1,ortholog_many2many,CG17192
FBgn0039472,LOC6897058,1,ortholog_many2many,CG17192
FBgn0039507,LOC4801238,1,ortholog_one2one,mrt
FBgn0034214,LOC4803921,1,ortholog_one2one,CG6550
FBgn0024150,LOC4814005,0,ortholog_one2one,Ac78C
FBgn0023129,LOC4814146,1,ortholog_one2one,aay
FBgn0034833,LOC6902765,0,ortholog_one2one,CG13539
FBgn0261649,LOC6904012,1,ortholog_one2one,tinc
FBgn0038476,LOC4801973,0,ortholog_one2one,kuk
FBgn0039787,LOC4800369,1,ortholog_one2one,CG9702
FBgn0037395,LOC4801919,1,ortholog_one2one,CG10280
FBgn0027514,LOC4802296,1,ortholog_one2one,CG1024
FBgn0287696,LOC4812172,1,ortholog_one2one,mus302
FBgn0035870,LOC4814134,1,ortholog_one2one,Gr66a
FBgn0000063,LOC4802680,1,ortholog_one2one,Mps1
FBgn0028422,LOC4800884,1,ortholog_one2one,GluRIID
FBgn0036411,LOC4813520,1,ortholog_one2one,Sox21a
FBgn0029131,LOC4805585,0,ortholog_one2one,Debcl
FBgn0034323,LOC6902899,0,ortholog_many2many,CG18537
FBgn0034323,LOC6898652,1,ortholog_many2many,CG18537
FBgn0034323,LOC6898651,1,ortholog_many2many,CG18537
FBgn0034323,LOC4804796,1,ortholog_many2many,CG18537
FBgn0288631,LOC4801334,1,ortholog_one2one,Yif1
FBgn0038654,LOC4801826,1,ortholog_one2one,CG14298
FBgn0050344,LOC5495504,1,ortholog_one2one,CG30344
FBgn0038129,LOC4801384,1,ortholog_one2one,TBC1D5
FBgn0038852,LOC4803294,1,ortholog_one2one,HHEX
FBgn0015268,LOC4803521,1,ortholog_one2one,Nap1
FBgn0011763,LOC4804169,1,ortholog_one2one,Dp
FBgn0052344,LOC4812193,1,ortholog_one2one,CG32344
FBgn0039165,LOC4801789,1,ortholog_one2one,CG6204
FBgn0003638,LOC4815602,0,ortholog_one2one,su(w[a])
FBgn0041581,LOC4803982,1,ortholog_many2many,AttB
FBgn0041581,LOC6897269,0,ortholog_many2many,AttB
FBgn0041581,LOC6897287,0,ortholog_many2many,AttB
FBgn0260446,LOC4817839,1,ortholog_one2one,GABA-B-R1
FBgn0032109,LOC4816268,0,ortholog_one2one,CG17005
FBgn0266572,LOC6901405,1,ortholog_one2one,ebo
FBgn0015621,LOC4817272,1,ortholog_one2one,Clp
FBgn0083962,LOC6902514,1,ortholog_one2one,CG34126
FBgn0014076,LOC4817176,1,ortholog_one2one,Vm32E
FBgn0030494,LOC4814749,1,ortholog_one2one,Cpr12A
FBgn0023537,LOC4815188,1,ortholog_one2one,CG17896
FBgn0030503,LOC4814211,1,ortholog_one2one,Tango2
FBgn0003302,LOC4814932,1,ortholog_one2one,rux
FBgn0035078,LOC4803549,1,ortholog_one2one,Tpc2
FBgn0051163,LOC6897224,1,ortholog_one2one,SKIP
FBgn0035956,LOC4814038,1,ortholog_one2one,Doc2
FBgn0031861,LOC6902347,1,ortholog_one2one,CG17375
FBgn0033989,LOC4804017,0,ortholog_one2one,CG7639
FBgn0000412,LOC4802726,0,ortholog_one2one,D1
FBgn0035858,LOC26533186,1,ortholog_one2one,CG13674
FBgn0036489,LOC4813045,1,ortholog_one2one,CG7011
FBgn0260861,LOC4816104,1,ortholog_one2one,Trs23
FBgn0050403,LOC6898827,1,ortholog_one2one,CG30403
FBgn0039758,LOC4800401,1,ortholog_one2one,CG9737
FBgn0013347,LOC4801576,0,ortholog_one2one,TfIIA-S
FBgn0032473,LOC4816438,1,ortholog_one2one,kmg
FBgn0038490,LOC4801049,1,ortholog_one2one,Smug
FBgn0267975,LOC4803242,1,ortholog_many2many,vib
FBgn0037668,LOC4800358,1,ortholog_one2one,CG16736
FBgn0024491,LOC4802874,1,ortholog_one2one,Bin1
FBgn0030121,LOC4815665,1,ortholog_many2many,Cfp1
FBgn0083950,LOC6897931,1,ortholog_one2one,side-VI
FBgn0052573,LOC4815842,0,ortholog_one2one,CG32573
FBgn0029727,LOC4816047,1,ortholog_one2one,CG6978
FBgn0011774,LOC4803200,0,ortholog_one2one,Irbp
FBgn0039286,LOC4811823,1,ortholog_one2one,dan
FBgn0034224,LOC4803931,1,ortholog_one2one,insb
FBgn0023507,LOC4814294,1,ortholog_one2one,D2hgdh
FBgn0031106,LOC4815510,1,ortholog_one2one,Syx16
FBgn0036859,LOC6900243,1,ortholog_one2one,CG14085
FBgn0036329,LOC6902668,0,ortholog_one2many,CG11262
FBgn0033880,LOC4805149,1,ortholog_one2one,CG6553
FBgn0085395,LOC6903368,1,ortholog_one2one,Shawl
FBgn0027453,LOC4818085,1,ortholog_one2one,Dnz1
FBgn0000147,LOC4802576,1,ortholog_one2one,aurA
FBgn0050278,LOC4805221,1,ortholog_one2one,CG30278
FBgn0259676,LOC4813608,1,ortholog_one2one,Prim2
FBgn0085198,LOC6902442,1,ortholog_one2many,CG34169
FBgn0034157,LOC6899092,0,ortholog_one2one,resilin
FBgn0260933,LOC4817319,1,ortholog_one2one,rempA
FBgn0034884,LOC6898516,1,ortholog_one2one,Eglp3
FBgn0029858,LOC4814238,1,ortholog_one2one,mldr
FBgn0037870,LOC4803138,1,ortholog_one2one,CG18577
FBgn0023179,LOC4801332,1,ortholog_one2one,amon
FBgn0032068,LOC6902371,1,ortholog_many2many,LManV
FBgn0032068,LOC117183164,1,ortholog_many2many,LManV
FBgn0032068,LOC6902369,1,ortholog_many2many,LManV
FBgn0033900,LOC4803652,1,ortholog_one2one,CysRS-m
FBgn0031710,LOC4818019,1,ortholog_one2one,Vps52
FBgn0015298,LOC4812254,1,ortholog_one2one,Srp19
FBgn0034658,LOC4805242,1,ortholog_one2one,Grx1t
FBgn0024285,LOC4816916,1,ortholog_one2one,Srp54
FBgn0039459,LOC4800747,1,ortholog_one2one,IntS12
FBgn0032901,LOC6903078,1,ortholog_one2one,sky
FBgn0042111,LOC4801249,1,ortholog_one2one,CG18766
FBgn0260440,LOC4800383,1,ortholog_one2one,spdo
FBgn0033347,LOC4805041,1,ortholog_one2one,CG8248
FBgn0033703,LOC4803678,1,ortholog_one2one,CG13170
FBgn0051038,LOC4800304,1,ortholog_one2one,CG31038
FBgn0004171,LOC4801087,1,ortholog_one2one,Mst98Cb
FBgn0028984,LOC4802409,1,ortholog_one2many,Spn88Ea
FBgn0023083,LOC4801437,1,ortholog_one2one,fray
FBgn0033741,LOC4805462,1,ortholog_one2one,CG8545
FBgn0263755,LOC4803095,1,ortholog_one2one,Su(var)3-9
FBgn0033865,LOC6898809,0,ortholog_one2one,CG6220
FBgn0054012,LOC6900782,1,ortholog_one2many,CG34012
FBgn0054012,LOC6900777,1,ortholog_one2many,CG34012
FBgn0035007,LOC4805602,1,ortholog_one2one,CG3492
FBgn0032969,LOC6903394,1,ortholog_one2one,CG2528
FBgn0033955,LOC26534446,1,ortholog_one2one,Targ
FBgn0265935,LOC4803417,1,ortholog_one2many,coro
FBgn0265935,LOC13036500,0,ortholog_one2many,coro
FBgn0259243,LOC4812930,1,ortholog_one2one,Pka-R1
FBgn0033468,LOC4804712,1,ortholog_one2one,CG1418
FBgn0031069,LOC4815284,1,ortholog_one2one,Abcd3
FBgn0050018,LOC6897003,0,ortholog_one2many,mthl13
FBgn0036518,LOC4813072,1,ortholog_one2one,RhoGAP71E
FBgn0265045,LOC6899088,1,ortholog_one2one,Strn-Mlck
FBgn0011606,LOC26532064,1,ortholog_one2many,Klp3A
FBgn0011606,LOC4814538,1,ortholog_one2many,Klp3A
FBgn0004360,LOC4805084,1,ortholog_one2one,Wnt2
FBgn0003174,LOC4803487,1,ortholog_one2one,pwn
FBgn0037610,LOC4801970,0,ortholog_one2one,CG8043
FBgn0262001,LOC6903547,1,ortholog_one2one,CG42819
FBgn0030087,LOC4815147,1,ortholog_one2one,CG7766
FBgn0035000,LOC4805616,1,ortholog_one2one,CG13578
FBgn0288741,LOC4815815,0,ortholog_one2many,CG46516
FBgn0265298,LOC4816924,1,ortholog_one2one,SC35
FBgn0032032,LOC4818134,1,ortholog_one2one,CG17294
FBgn0031575,LOC4817472,1,ortholog_one2one,Cep97
FBgn0051619,LOC4818074,0,ortholog_one2one,nolo
FBgn0034692,LOC4805279,1,ortholog_one2one,CG13502
FBgn0030492,LOC4815004,1,ortholog_one2one,CG15754
FBgn0266566,LOC6897563,1,ortholog_one2one,CG45105
FBgn0034715,LOC4805220,1,ortholog_one2one,Oatp58Db
FBgn0053879,LOC26532710,0,ortholog_one2many,His4:CG33879
FBgn0030660,LOC6902297,1,ortholog_one2many,CG8097
FBgn0030660,LOC6902295,1,ortholog_one2many,CG8097
FBgn0038967,LOC4801670,1,ortholog_one2one,CG13847
FBgn0010423,LOC4804739,1,ortholog_one2one,TpnC47D
FBgn0032115,LOC4816022,0,ortholog_one2many,CG4438
FBgn0039836,LOC6896881,1,ortholog_one2one,CG1750
FBgn0039042,LOC4800910,1,ortholog_one2one,CG13837
FBgn0031323,LOC4817619,1,ortholog_one2one,CG5139
FBgn0033136,LOC4803467,1,ortholog_one2one,Tsp42Eo
FBgn0086768,LOC4802428,1,ortholog_one2one,Pcmt
FBgn0086443,LOC4811697,1,ortholog_one2one,AsnRS
FBgn0035601,LOC4813345,1,ortholog_one2one,Uev1A
FBgn0011280,LOC4816056,1,ortholog_one2one,Obp19d
FBgn0034464,LOC4804951,1,ortholog_one2one,CG11018
FBgn0053627,LOC6898443,1,ortholog_one2one,CG33627
FBgn0030815,LOC4814908,1,ortholog_one2one,CG8945
FBgn0026402,LOC4804247,1,ortholog_one2one,NiPp1
FBgn0053107,LOC4800609,1,ortholog_one2one,CG33107
FBgn0029930,LOC4814574,1,ortholog_one2one,CG12541
FBgn0020309,LOC6902800,0,ortholog_one2one,crol
FBgn0032713,LOC4816868,1,ortholog_one2one,Ugt36D1
FBgn0034704,LOC4805699,1,ortholog_one2one,Fbxo42
FBgn0034137,LOC4803782,1,ortholog_one2one,CG4945
FBgn0085447,LOC4813607,1,ortholog_one2one,sif
FBgn0036255,LOC6900439,1,ortholog_one2one,Atg12
FBgn0033737,LOC4803536,1,ortholog_one2one,Nup54
FBgn0043471,LOC6898784,0,ortholog_one2many,kappaTry
FBgn0034081,LOC6898270,1,ortholog_one2one,CG10731
FBgn0038453,LOC6901263,0,ortholog_one2many,Arl6IP1
FBgn0038453,LOC4802067,1,ortholog_one2many,Arl6IP1
FBgn0038453,LOC6901257,0,ortholog_one2many,Arl6IP1
FBgn0261625,LOC4804764,1,ortholog_one2one,GLS
FBgn0286828,LOC4801427,1,ortholog_one2one,dind
FBgn0085426,LOC6898234,1,ortholog_one2one,Rgk3
FBgn0032940,LOC4816305,1,ortholog_one2one,Mondo
FBgn0260399,LOC4801974,0,ortholog_one2one,gwl
FBgn0051226,LOC6903539,0,ortholog_one2one,CG31226
FBgn0036878,LOC4812234,1,ortholog_one2one,Cpr76Ba
FBgn0051424,LOC6897220,1,ortholog_many2many,Ir94b
FBgn0051424,LOC4801462,0,ortholog_many2many,Ir94b
FBgn0031301,LOC6903173,1,ortholog_one2one,CG14339
FBgn0038524,LOC4802689,1,ortholog_one2one,sll
FBgn0031805,LOC4816238,0,ortholog_one2one,Nepl4
FBgn0036851,LOC4812424,0,ortholog_one2one,CG14082
FBgn0031110,LOC4815713,1,ortholog_one2one,Obp19b
FBgn0014395,LOC6901870,0,ortholog_one2one,tilB
FBgn0036211,LOC4811980,0,ortholog_one2one,CG5946
FBgn0020622,LOC4817932,1,ortholog_one2one,Pi3K21B
FBgn0035626,LOC4812852,1,ortholog_one2one,lin-28
FBgn0037741,LOC4801515,1,ortholog_one2one,Tti1
FBgn0053158,LOC4812358,1,ortholog_one2one,CG33158
FBgn0037124,LOC4813600,1,ortholog_one2one,CG14568
FBgn0039308,LOC4802351,1,ortholog_one2many,CG11889
FBgn0034750,LOC4804221,1,ortholog_one2one,CG3732
FBgn0261976,LOC6903169,1,ortholog_one2one,Psf2
FBgn0086778,LOC6901864,0,ortholog_one2one,nAChRalpha7
FBgn0038603,LOC6897218,1,ortholog_one2one,PKD
FBgn0033289,LOC4803598,1,ortholog_one2one,CG2121
FBgn0003089,LOC6900247,1,ortholog_one2one,pip
FBgn0288686,LOC4805619,1,ortholog_one2one,betaTub60D
FBgn0030328,LOC4815477,1,ortholog_one2one,Amun
FBgn0275436,LOC4804881,1,ortholog_one2one,PheRS-m
FBgn0027080,LOC4812614,1,ortholog_one2one,TyrRS
FBgn0029945,LOC6901754,1,ortholog_one2many,Acsf3
FBgn0029945,LOC6903086,0,ortholog_one2many,Acsf3
FBgn0051663,LOC4817521,1,ortholog_one2one,CG31663
FBgn0052266,LOC6900622,1,ortholog_one2one,CG32266
FBgn0034644,LOC6898191,1,ortholog_one2one,Ip6k
FBgn0052075,LOC4813001,1,ortholog_one2one,CG32075
FBgn0031617,LOC6900698,0,ortholog_one2one,CG15635
FBgn0027518,LOC4800511,1,ortholog_one2one,Wdr24
FBgn0050392,LOC4803771,1,ortholog_one2one,CG30392
FBgn0036161,LOC4813134,1,ortholog_one2one,CG7551
FBgn0052533,LOC4815424,0,ortholog_one2one,CG32533
FBgn0026083,LOC4815172,1,ortholog_one2one,tyf
FBgn0039530,LOC4800659,1,ortholog_one2one,Tusp
FBgn0085289,LOC6900291,1,ortholog_one2one,CG34260
FBgn0029804,LOC6901946,1,ortholog_one2one,CG3097
FBgn0259982,LOC4816603,1,ortholog_one2one,Uxt
FBgn0052079,LOC4813664,0,ortholog_one2one,CG32079
FBgn0052382,LOC117184397,0,ortholog_one2many,sphinx2
FBgn0035234,LOC4813065,1,ortholog_one2one,CG12003
FBgn0037328,LOC4802442,1,ortholog_one2one,RpL35A
FBgn0031651,LOC4817158,1,ortholog_one2one,mRpL24
FBgn0034092,LOC4804646,1,ortholog_one2one,CG7798
FBgn0022027,LOC4803543,0,ortholog_one2one,Vps25
FBgn0035194,LOC6899974,0,ortholog_one2one,Psf1
FBgn0034513,LOC4804638,1,ortholog_one2one,CG13423
FBgn0032475,LOC4816464,1,ortholog_one2one,Sfmbt
FBgn0036680,LOC4812020,1,ortholog_one2one,Cpr73D
FBgn0250753,LOC4802647,0,ortholog_one2one,kra
FBgn0038179,LOC4801306,1,ortholog_one2one,CG9312
FBgn0011672,LOC4803299,1,ortholog_one2one,Mvl
FBgn0030735,LOC6901730,1,ortholog_one2one,CG3632
FBgn0015571,LOC4802961,0,ortholog_many2many,alpha-Est3
FBgn0015571,LOC6899467,0,ortholog_many2many,alpha-Est3
FBgn0028425,LOC4817797,1,ortholog_one2one,JhI-21
FBgn0036451,LOC4813020,0,ortholog_one2one,Helz
FBgn0035187,LOC4812462,1,ortholog_one2one,Trhn
FBgn0053772,LOC6899914,1,ortholog_one2one,CG33772
FBgn0025836,LOC6901857,1,ortholog_one2one,RhoGAP1A
FBgn0042134,LOC4813536,1,ortholog_one2one,Capr
FBgn0027492,LOC6897092,1,ortholog_one2one,wdb
FBgn0050272,LOC4803859,1,ortholog_one2one,MFS1
FBgn0037915,LOC6897833,0,ortholog_one2one,CG6790
FBgn0033891,LOC4804876,1,ortholog_one2one,CG8067
FBgn0035036,LOC4805440,1,ortholog_one2one,CG4707
FBgn0051769,LOC4816460,0,ortholog_one2many,CG31769
FBgn0034687,LOC4805273,1,ortholog_one2one,CG11475
FBgn0023143,LOC4805127,1,ortholog_one2one,Uba1
FBgn0052296,LOC4813998,1,ortholog_one2one,Mrtf
FBgn0033601,LOC4804736,1,ortholog_one2one,Cpr47Ed
FBgn0267385,LOC6897308,1,ortholog_one2one,PyK
FBgn0030616,LOC26533083,1,ortholog_one2many,RpL37-1
FBgn0029663,LOC4815899,1,ortholog_one2one,CG10804
FBgn0004644,LOC4801169,0,ortholog_one2one,hh
FBgn0032135,LOC4816984,1,ortholog_one2one,GlcAT-S
FBgn0034313,LOC4804781,1,ortholog_one2one,CG5726
FBgn0036496,LOC4811752,0,ortholog_one2many,cocoon
FBgn0031814,LOC4816231,1,ortholog_one2one,retm
FBgn0026761,LOC4805582,1,ortholog_one2one,Trap1
FBgn0033154,LOC4803484,1,ortholog_one2one,CG1850
FBgn0052668,LOC4815066,1,ortholog_one2one,CG32668
FBgn0033428,LOC4805111,1,ortholog_one2one,Urod
FBgn0030946,LOC6901048,1,ortholog_one2one,CG6659
FBgn0036837,LOC4811858,1,ortholog_one2one,CG18135
FBgn0262081,LOC4802374,1,ortholog_one2one,Csk
FBgn0259108,LOC4815526,1,ortholog_one2one,futsch
FBgn0026317,LOC4801772,1,ortholog_one2one,Tsc1
FBgn0036785,LOC4813459,1,ortholog_one2one,CG13700
FBgn0260011,LOC4816416,1,ortholog_one2one,NimC4
FBgn0288232,LOC4804983,1,ortholog_one2many,Cyp6a21
FBgn0287186,LOC117185621,0,ortholog_one2one,scro
FBgn0026324,LOC4816552,1,ortholog_one2one,Taf10b
FBgn0035922,LOC4812724,1,ortholog_one2one,Pex7
FBgn0020277,LOC4811917,1,ortholog_one2one,lush
FBgn0015239,LOC4812265,1,ortholog_one2one,Hr78
FBgn0034005,LOC4803362,1,ortholog_one2many,ItgaPS4
FBgn0035644,LOC4812486,1,ortholog_one2one,PolE2
FBgn0039078,LOC4800543,1,ortholog_one2one,CG4374
FBgn0031164,LOC6902547,0,ortholog_one2many,CG1724
FBgn0052119,LOC26533010,0,ortholog_one2one,CG32119
FBgn0029893,LOC6901848,1,ortholog_one2one,CG14442
FBgn0000658,LOC4804788,1,ortholog_one2one,fj
FBgn0041585,LOC15382879,1,ortholog_one2one,Orai
FBgn0032187,LOC4816859,1,ortholog_one2one,CG4839
FBgn0085437,LOC6903642,1,ortholog_one2one,CG34408
FBgn0001995,LOC4817778,1,ortholog_one2one,mRpL4
FBgn0039800,LOC4800310,1,ortholog_one2many,Npc2g
FBgn0000257,LOC4815130,1,ortholog_one2one,car
FBgn0033139,LOC6903853,1,ortholog_one2one,Tsp42Er
FBgn0036382,LOC4813093,1,ortholog_one2one,CG13737
FBgn0035295,LOC4812929,1,ortholog_one2one,Cnb
FBgn0039111,LOC4801562,1,ortholog_one2one,PTPMT1
FBgn0035266,LOC4812321,1,ortholog_one2one,Gk2
FBgn0037307,LOC6901509,0,ortholog_many2many,Tim17a2
FBgn0037307,LOC4802488,1,ortholog_many2many,Tim17a2
FBgn0000633,LOC4805164,0,ortholog_one2one,tei
FBgn0050083,LOC4805729,1,ortholog_one2many,CG30083
FBgn0033542,LOC4805326,1,ortholog_one2one,CAH13
FBgn0263079,LOC4816910,1,ortholog_one2one,CG43338
FBgn0038692,LOC4803245,1,ortholog_one2one,Polr2M
FBgn0028858,LOC4816478,0,ortholog_one2one,CG10839
FBgn0038578,LOC4803179,1,ortholog_one2one,MED17
FBgn0035756,LOC4812286,1,ortholog_one2one,unc-13-4A
FBgn0037482,LOC4802929,1,ortholog_one2one,CG10055
FBgn0051634,LOC4816183,1,ortholog_one2one,Oatp26F
FBgn0259917,LOC13036506,1,ortholog_one2one,CG42446
FBgn0037446,LOC4802290,1,ortholog_one2one,Zif
FBgn0038530,LOC4802684,0,ortholog_one2one,AttD
FBgn0020930,LOC4805461,0,ortholog_one2one,Dgkepsilon
FBgn0002567,LOC4805183,1,ortholog_one2one,Rab32
FBgn0036059,LOC26534298,1,ortholog_one2one,nudE
FBgn0260453,LOC4816483,1,ortholog_one2many,CG17140
FBgn0010113,LOC6896726,1,ortholog_one2one,heca
FBgn0086906,LOC6900857,1,ortholog_one2one,sls
FBgn0020378,LOC4814256,1,ortholog_one2one,Sp1
FBgn0016070,LOC4813986,1,ortholog_one2one,smg
FBgn0015570,LOC4802964,1,ortholog_one2one,alpha-Est2
FBgn0259938,LOC4801026,1,ortholog_one2one,cwo
FBgn0026250,LOC4802382,1,ortholog_one2one,eIF1A
FBgn0038109,LOC4801408,1,ortholog_one2one,CG11656
FBgn0015765,LOC6897337,1,ortholog_one2one,p38a
FBgn0033609,LOC4804745,1,ortholog_one2one,Fbl6
FBgn0038198,LOC4801640,1,ortholog_one2one,Npc2b
FBgn0030991,LOC4815340,1,ortholog_one2one,CG7453
FBgn0260965,LOC6900833,1,ortholog_one2one,CG42588
FBgn0032780,LOC4816388,1,ortholog_one2one,CG13085
FBgn0001967,LOC4816396,1,ortholog_one2one,NimC3
FBgn0036352,LOC4813839,1,ortholog_one2one,CG14110
FBgn0023130,LOC4816037,1,ortholog_one2one,a6
FBgn0051184,LOC6903902,1,ortholog_one2many,LSm3
FBgn0051184,LOC4801753,1,ortholog_one2many,LSm3
FBgn0029152,LOC4813957,0,ortholog_one2many,Mkrn1
FBgn0036567,LOC4813781,1,ortholog_one2one,CG13074
FBgn0030932,LOC4814339,1,ortholog_one2one,Ggt-1
FBgn0031068,LOC4815040,1,ortholog_one2one,Alr
FBgn0033763,LOC4803380,1,ortholog_one2one,CG8646
FBgn0000024,LOC4801388,1,ortholog_one2one,Ace
FBgn0035907,LOC4812798,1,ortholog_one2one,GstO1
FBgn0033371,LOC4804572,1,ortholog_one2one,CNT1
FBgn0260436,LOC6898949,1,ortholog_one2one,CG42531
FBgn0005640,LOC4812116,1,ortholog_one2one,Eip63E
FBgn0037293,LOC4802501,0,ortholog_one2one,RabGGTa
FBgn0037515,LOC6897873,1,ortholog_one2one,Sp7
FBgn0033904,LOC4805289,0,ortholog_one2one,CG18327
FBgn0040929,LOC4814218,0,ortholog_one2one,CG12659
FBgn0287587,LOC6900759,0,ortholog_one2one,CG46457
FBgn0003380,LOC6901448,0,ortholog_one2one,Sh
FBgn0038208,LOC6897281,0,ortholog_one2many,CG14355
FBgn0038208,LOC6897413,0,ortholog_one2many,CG14355
FBgn0038208,LOC6897282,0,ortholog_one2many,CG14355
FBgn0030004,LOC4814963,1,ortholog_one2one,CG10958
FBgn0262592,LOC6900686,1,ortholog_one2one,CG43127
FBgn0038258,LOC4801685,0,ortholog_one2many,CG7362
FBgn0053680,LOC6898567,1,ortholog_one2one,Jhbp10
FBgn0039280,LOC4802118,1,ortholog_one2one,Mocs2B
FBgn0003865,LOC4814519,1,ortholog_one2one,tsg
FBgn0035294,LOC4813679,1,ortholog_one2one,Mfap1
FBgn0024182,LOC6901907,1,ortholog_one2one,waw
FBgn0086444,LOC4811694,1,ortholog_one2one,l(2)37Cb
FBgn0031808,LOC4816239,1,ortholog_one2one,Nepl5
FBgn0005672,LOC6902390,1,ortholog_one2one,spi
FBgn0033081,LOC4805457,1,ortholog_one2one,geminin
FBgn0032172,LOC4817345,1,ortholog_one2one,CG5850
FBgn0025624,LOC4814747,0,ortholog_one2one,CG4025
FBgn0266083,LOC4805630,1,ortholog_one2one,ocm
FBgn0030837,LOC4815216,1,ortholog_one2one,CG8661
FBgn0265052,LOC4804536,1,ortholog_one2one,St3
FBgn0033086,LOC4803421,1,ortholog_one2one,CG9410
FBgn0033469,LOC117183241,0,ortholog_one2many,CG12133
FBgn0050458,LOC6898922,1,ortholog_one2one,CG30458
FBgn0036871,LOC6900259,0,ortholog_many2many,CG14096
FBgn0036871,LOC26533203,0,ortholog_many2many,CG14096
FBgn0036871,LOC6900257,0,ortholog_many2many,CG14096
FBgn0036871,LOC117184835,0,ortholog_many2many,CG14096
FBgn0036871,LOC6900258,0,ortholog_many2many,CG14096
FBgn0036871,LOC117184834,0,ortholog_many2many,CG14096
FBgn0036871,LOC26532152,0,ortholog_many2many,CG14096
FBgn0036871,LOC117183194,0,ortholog_many2many,CG14096
FBgn0262739,LOC4804375,1,ortholog_one2one,AGO1
FBgn0003744,LOC4813412,1,ortholog_one2one,trc
FBgn0039172,LOC4801793,0,ortholog_one2one,Spase22-23
FBgn0051815,LOC4817501,1,ortholog_one2one,CG31815
FBgn0032666,LOC4817652,1,ortholog_one2one,CG5758
FBgn0030574,LOC4814478,1,ortholog_one2one,sbm
FBgn0034583,LOC4805525,1,ortholog_one2one,CG10527
FBgn0034972,LOC4804318,1,ortholog_one2one,CG10339
FBgn0026386,LOC4804730,1,ortholog_one2one,Or47a
FBgn0036891,LOC4812396,1,ortholog_one2one,CG9372
FBgn0032597,LOC4816827,1,ortholog_one2one,Nubp1
FBgn0015372,LOC4804470,1,ortholog_one2one,RabX1
FBgn0029840,LOC4814522,1,ortholog_one2one,raptor
FBgn0037661,LOC4802632,1,ortholog_one2one,Ada
FBgn0036007,LOC4812542,1,ortholog_one2one,path
FBgn0040347,LOC4814361,1,ortholog_one2one,mus81
FBgn0031613,LOC6899211,0,ortholog_one2one,HP6
FBgn0003701,LOC4805385,1,ortholog_one2one,thr
FBgn0283525,LOC4817603,1,ortholog_one2one,l(2)10685
FBgn0023001,LOC4813173,1,ortholog_one2one,melt
FBgn0032371,LOC4817244,1,ortholog_one2one,CG4983
FBgn0264291,LOC4801050,1,ortholog_one2one,Det
FBgn0038461,LOC4802085,1,ortholog_one2many,EMC2B
FBgn0032482,LOC6902643,1,ortholog_one2one,Pect
FBgn0036990,LOC4812275,1,ortholog_one2one,mRpL15
FBgn0037225,LOC4802765,1,ortholog_one2one,TwdlG
FBgn0038108,LOC4801409,0,ortholog_one2one,CG7518
FBgn0031287,LOC4817115,1,ortholog_one2one,CG4291
FBgn0037826,LOC6897978,1,ortholog_many2many,CG14689
FBgn0037826,LOC6897977,1,ortholog_many2many,CG14689
FBgn0037826,LOC4803229,1,ortholog_many2many,CG14689
FBgn0041224,LOC4801124,1,ortholog_one2one,Gr97a
FBgn0029879,LOC6901845,1,ortholog_one2one,APC7
FBgn0035016,LOC4805590,1,ortholog_one2one,CG4612
FBgn0028746,LOC4814985,1,ortholog_one2one,CG18508
FBgn0050467,LOC4804867,1,ortholog_one2one,CG30467
FBgn0031974,LOC26532675,1,ortholog_one2one,CG12560
FBgn0030506,LOC4814214,1,ortholog_one2one,DNAlig4
FBgn0002924,LOC4801966,1,ortholog_one2one,ncd
FBgn0038957,LOC4801680,1,ortholog_one2one,CG7059
FBgn0261383,LOC4814378,1,ortholog_one2one,IntS6
FBgn0037756,LOC4801500,1,ortholog_one2one,CG8507
FBgn0034863,LOC6898497,1,ortholog_one2one,SkpF
FBgn0052476,LOC4812560,1,ortholog_one2one,mthl14
FBgn0030052,LOC4814644,0,ortholog_one2one,CG12065
FBgn0036796,LOC6900824,1,ortholog_one2many,CG18231
FBgn0086608,LOC6897776,1,ortholog_one2one,CG34112
FBgn0086711,LOC6903466,1,ortholog_one2one,mol
FBgn0264340,LOC6903381,1,ortholog_one2one,CG43796
FBgn0028527,LOC4818124,1,ortholog_one2one,CG18507
FBgn0040963,LOC4816257,1,ortholog_one2one,CG18662
FBgn0036319,LOC4812764,1,ortholog_one2one,Ent3
FBgn0030293,LOC6901499,1,ortholog_one2one,CG1737
FBgn0085313,LOC6897350,1,ortholog_one2one,CG34284
FBgn0264979,LOC4817394,1,ortholog_one2one,CG4267
FBgn0030524,LOC4815815,0,ortholog_one2many,CG10993
FBgn0001084,LOC4817938,1,ortholog_one2one,fy
FBgn0261596,LOC4804222,1,ortholog_one2one,RpS24
FBgn0034350,LOC4804818,1,ortholog_one2one,Lamtor2
FBgn0037690,LOC4800595,1,ortholog_one2one,Task7
FBgn0259113,LOC4802694,1,ortholog_one2one,PolA1
FBgn0034553,LOC4804407,1,ortholog_one2one,CG9993
FBgn0042105,LOC6897876,1,ortholog_one2one,CG18748
FBgn0037125,LOC4812855,1,ortholog_one2one,CG14573
FBgn0020386,LOC6899962,1,ortholog_one2one,Pdk1
FBgn0035164,LOC4813916,1,ortholog_one2one,CG13901
FBgn0004649,LOC4814705,1,ortholog_one2one,yl
FBgn0031896,LOC4817780,1,ortholog_one2one,CG4502
FBgn0026876,LOC4815869,1,ortholog_one2one,CG11403
FBgn0032264,LOC4816673,1,ortholog_one2one,Lip4
FBgn0039602,LOC4800622,1,ortholog_one2one,CG1647
FBgn0020765,LOC4813244,1,ortholog_one2one,Acp65Aa
FBgn0025388,LOC6901802,1,ortholog_one2many,Alms1a
FBgn0050011,LOC6898404,1,ortholog_one2one,gem
FBgn0004913,LOC4802510,1,ortholog_one2one,Gnf1
FBgn0034352,LOC4804823,1,ortholog_one2one,Dnaaf3
FBgn0264005,LOC13036333,1,ortholog_one2one,Hmx
FBgn0265356,LOC4804067,1,ortholog_one2one,tn
FBgn0039159,LOC4801782,1,ortholog_one2one,mRpS24
FBgn0037759,LOC4801496,1,ortholog_one2one,CG8526
FBgn0046879,LOC6898716,1,ortholog_one2one,Obp56c
FBgn0030753,LOC4814926,1,ortholog_one2one,rngo
FBgn0030812,LOC6901206,1,ortholog_one2one,wcy
FBgn0037758,LOC4801497,1,ortholog_one2one,CG9467
FBgn0039073,LOC6896745,1,ortholog_one2one,CG4408
FBgn0051092,LOC4802664,1,ortholog_one2one,LpR2
FBgn0038943,LOC4801475,1,ortholog_one2one,CG5391
FBgn0085280,LOC6900503,1,ortholog_one2one,CG34251
FBgn0265784,LOC6901018,1,ortholog_one2one,CrebB
FBgn0020910,LOC4803147,1,ortholog_one2one,RpL3
FBgn0003448,LOC4816511,1,ortholog_one2one,sna
FBgn0035888,LOC4813943,1,ortholog_one2one,CG7120
FBgn0029629,LOC4815012,1,ortholog_one2one,eIF3g1
FBgn0024732,LOC4804356,1,ortholog_one2one,Drep1
FBgn0260233,LOC6900369,1,ortholog_one2one,CG42507
FBgn0039258,LOC4801371,1,ortholog_one2one,beta4GalT7
FBgn0031080,LOC4814988,1,ortholog_one2one,CG12655
FBgn0037387,LOC4801931,1,ortholog_one2one,CG1213
FBgn0033868,LOC4805161,1,ortholog_one2one,S-Lap7
FBgn0039254,LOC6897161,1,ortholog_one2one,Nmnat
FBgn0051948,LOC6897966,0,ortholog_one2many,CG31948
FBgn0039342,LOC6901231,0,ortholog_one2one,CG5107
FBgn0051216,LOC6897992,1,ortholog_one2one,Naam
FBgn0035904,LOC6900705,1,ortholog_one2one,GstO3
FBgn0022985,LOC4804457,1,ortholog_one2one,qkr58E-2
FBgn0039098,LOC4800560,1,ortholog_one2one,GILT3
FBgn0053907,LOC117183563,1,ortholog_one2many,His4:CG33907
FBgn0033866,LOC4805163,1,ortholog_one2one,CG6280
FBgn0053641,LOC6903432,1,ortholog_one2many,CG33641
FBgn0263602,LOC4813817,1,ortholog_one2one,Tasp1
FBgn0004581,LOC4803505,1,ortholog_one2one,bgcn
FBgn0040353,LOC4814940,1,ortholog_one2one,CG14417
FBgn0262782,LOC117184251,0,ortholog_one2one,Mdh1
FBgn0085223,LOC6898329,1,ortholog_one2one,CG34194
FBgn0052302,LOC4813651,1,ortholog_one2one,CG32302
FBgn0030803,LOC4814191,0,ortholog_one2one,CG4880
FBgn0039013,LOC4800938,1,ortholog_one2one,RNF220
FBgn0031942,LOC4817432,1,ortholog_one2one,CG7203
FBgn0052986,LOC6902366,1,ortholog_one2one,CG32986
FBgn0027657,LOC4802325,1,ortholog_one2one,glob1
FBgn0259203,LOC6900082,1,ortholog_one2one,CG42307
FBgn0051760,LOC4817323,0,ortholog_one2one,CG31760
FBgn0031635,LOC4817477,1,ortholog_one2one,tank
FBgn0263048,LOC4801682,1,ortholog_one2one,Gpdh3
FBgn0010391,LOC4815407,1,ortholog_one2one,SrpRalpha
FBgn0035343,LOC4812900,1,ortholog_one2one,CG16762
FBgn0036040,LOC4813372,1,ortholog_one2one,CG6749
FBgn0010328,LOC4801244,1,ortholog_one2one,woc
FBgn0041243,LOC4803495,1,ortholog_one2one,Gr43a
FBgn0023458,LOC4814631,1,ortholog_one2one,Rbcn-3A
FBgn0034914,LOC117184111,0,ortholog_one2many,CG5554
FBgn0034914,LOC4803397,1,ortholog_one2many,CG5554
FBgn0037090,LOC4812620,1,ortholog_one2one,Est-Q
FBgn0085417,LOC4801953,1,ortholog_one2one,natalisin
FBgn0023530,LOC4815564,1,ortholog_one2one,CG3740
FBgn0034390,LOC4803741,1,ortholog_one2one,CG15093
FBgn0015024,LOC4816062,1,ortholog_one2one,CkIalpha
FBgn0053474,LOC4801225,0,ortholog_one2many,CG33474
FBgn0027836,LOC4804250,0,ortholog_one2one,Dgp-1
FBgn0037489,LOC4802936,1,ortholog_one2one,Noc3
FBgn0023395,LOC6900846,0,ortholog_one2many,Chd3
FBgn0041723,LOC6903314,0,ortholog_one2one,rho-5
FBgn0086686,LOC4801363,1,ortholog_one2one,l(3)L1231
FBgn0002936,LOC4817777,1,ortholog_one2one,ninaA
FBgn0031459,LOC4816760,1,ortholog_one2one,HINT1
FBgn0033431,LOC4805115,1,ortholog_one2one,CG1827
FBgn0028866,LOC6899119,0,ortholog_one2many,CG18420
FBgn0053513,LOC4815534,1,ortholog_one2one,Nmdar2
FBgn0040337,LOC6901138,0,ortholog_one2one,CG3021
FBgn0031148,LOC4814369,1,ortholog_one2one,Cbs
FBgn0025720,LOC6898501,1,ortholog_one2one,Ate1
FBgn0002576,LOC6902248,1,ortholog_one2one,lz
FBgn0263930,LOC4812700,1,ortholog_one2one,dally
FBgn0019960,LOC6896986,1,ortholog_one2one,Mitofilin
FBgn0032729,LOC4816926,1,ortholog_one2one,L2HGDH
FBgn0038114,LOC4801400,1,ortholog_one2one,CG11670
FBgn0035656,LOC4813474,1,ortholog_one2one,CG10479
FBgn0250848,LOC4813615,1,ortholog_one2one,CtsK1
FBgn0038609,LOC4801454,1,ortholog_one2one,Nup43
FBgn0028703,LOC4816164,1,ortholog_one2one,Nhe3
FBgn0051343,LOC4800954,1,ortholog_one2one,CG31343
FBgn0052026,LOC4812701,1,ortholog_one2one,CG32026
FBgn0000575,LOC4812061,1,ortholog_one2one,emc
FBgn0015776,LOC4817934,1,ortholog_one2many,nrv1
FBgn0015776,LOC6902010,0,ortholog_one2many,nrv1
FBgn0035035,LOC4805441,1,ortholog_one2one,Samtor
FBgn0259099,LOC4813631,1,ortholog_one2one,DCX-EMAP
FBgn0038511,LOC4801198,0,ortholog_one2one,cysu
FBgn0004512,LOC4804040,1,ortholog_one2one,Mdr49
FBgn0259935,LOC6900390,1,ortholog_one2one,CG42458
FBgn0053100,LOC4801764,1,ortholog_one2one,eIF4EHP
FBgn0025809,LOC4811743,0,ortholog_one2one,Paf-AHalpha
FBgn0259745,LOC4804924,1,ortholog_one2one,wech
FBgn0001108,LOC4813342,1,ortholog_one2one,DCTN1-p150
FBgn0035398,LOC4812499,1,ortholog_one2one,Cht7
FBgn0052056,LOC4813862,1,ortholog_one2one,scramb1
FBgn0050390,LOC4803772,1,ortholog_one2one,Sgf29
FBgn0085399,LOC6898850,1,ortholog_one2one,CG34370
FBgn0033564,LOC6898686,1,ortholog_one2one,Pex6
FBgn0087021,LOC4801418,1,ortholog_one2one,Spc25
FBgn0284253,LOC4816912,1,ortholog_one2one,LeuRS
FBgn0021875,LOC4804329,1,ortholog_one2one,Zfrp8
FBgn0040755,LOC6901700,0,ortholog_one2one,CG17580
FBgn0036356,LOC6900218,1,ortholog_one2one,CG10222
FBgn0259219,LOC4803335,1,ortholog_one2one,CG42319
FBgn0032023,LOC4817170,1,ortholog_one2one,witty
FBgn0004638,LOC4804385,1,ortholog_one2one,drk
FBgn0035083,LOC4803555,1,ortholog_one2one,Tina-1
FBgn0041605,LOC4802758,1,ortholog_one2one,cpx
FBgn0035511,LOC6900303,1,ortholog_one2one,Cpr64Ab
FBgn0261854,LOC4804990,1,ortholog_one2one,aPKC
FBgn0032636,LOC4816985,1,ortholog_one2one,CG5043
FBgn0011207,LOC4817207,1,ortholog_one2one,pelo
FBgn0259192,LOC4817537,1,ortholog_one2one,CG42296
FBgn0262354,LOC117184152,1,ortholog_one2one,CG43052
FBgn0032450,LOC4816482,1,ortholog_one2one,CG5776
FBgn0052201,LOC6900824,1,ortholog_one2many,CG32201
FBgn0262733,LOC4812625,1,ortholog_one2one,Src64B
FBgn0031111,LOC4816057,1,ortholog_one2one,Obp19c
FBgn0026262,LOC4811748,1,ortholog_one2one,Taf3
FBgn0031713,LOC4818009,1,ortholog_one2one,Coq6
FBgn0011708,LOC4817715,1,ortholog_one2one,Syx5
FBgn0013732,LOC6898973,0,ortholog_one2one,sced
FBgn0038260,LOC4801063,1,ortholog_one2one,CG14855
FBgn0028292,LOC4816097,1,ortholog_one2one,ric8a
FBgn0032986,LOC4816430,0,ortholog_one2one,Nubpl
FBgn0037688,LOC4800598,1,ortholog_one2one,CG9356
FBgn0034106,LOC6903295,0,ortholog_one2one,CG9068
FBgn0031401,LOC4817052,1,ortholog_one2one,papi
FBgn0051636,LOC4816135,1,ortholog_one2one,CG31636
FBgn0037836,LOC117184151,0,ortholog_one2many,CG14692
FBgn0037836,LOC6897457,0,ortholog_one2many,CG14692
FBgn0053834,LOC117183568,1,ortholog_many2many,His1:CG33834
FBgn0053834,LOC117185631,1,ortholog_many2many,His1:CG33834
FBgn0053834,LOC26534267,1,ortholog_many2many,His1:CG33834
FBgn0053834,LOC117183621,1,ortholog_many2many,His1:CG33834
FBgn0053834,LOC117185633,0,ortholog_many2many,His1:CG33834
FBgn0053834,LOC117185630,0,ortholog_many2many,His1:CG33834
FBgn0053834,LOC117185606,1,ortholog_many2many,His1:CG33834
FBgn0053834,LOC117185608,0,ortholog_many2many,His1:CG33834
FBgn0053834,LOC117185600,1,ortholog_many2many,His1:CG33834
FBgn0053834,LOC26532116,0,ortholog_many2many,His1:CG33834
FBgn0053834,LOC26533245,1,ortholog_many2many,His1:CG33834
FBgn0053834,LOC117185634,0,ortholog_many2many,His1:CG33834
FBgn0053834,LOC117185607,1,ortholog_many2many,His1:CG33834
FBgn0053834,LOC26532398,0,ortholog_many2many,His1:CG33834
FBgn0053834,LOC117183574,0,ortholog_many2many,His1:CG33834
FBgn0038398,LOC4802884,1,ortholog_one2one,sxe2
FBgn0085265,LOC6898811,1,ortholog_one2one,CG34236
FBgn0034485,LOC4801314,0,ortholog_many2many,CG11099
FBgn0038139,LOC4801275,1,ortholog_one2one,PK2-R2
FBgn0034354,LOC4804805,1,ortholog_one2one,GstE11
FBgn0050476,LOC4803985,1,ortholog_one2one,ave
FBgn0033815,LOC4803541,1,ortholog_one2one,CG4676
FBgn0038312,LOC4803099,1,ortholog_one2one,Zip88E
FBgn0263030,LOC26533240,1,ortholog_one2one,CG43325
FBgn0014006,LOC4802903,1,ortholog_one2one,Ask1
FBgn0265177,LOC6898276,1,ortholog_one2one,CG44242
FBgn0015271,LOC4816621,1,ortholog_one2one,Orc5
FBgn0039969,LOC4811689,0,ortholog_one2one,Fis1
FBgn0014028,LOC4803411,1,ortholog_one2one,SdhB
FBgn0086675,LOC6901103,1,ortholog_one2one,fne
FBgn0033448,LOC4804365,1,ortholog_one2one,hebe
FBgn0051910,LOC4818168,1,ortholog_one2one,CG31910
FBgn0032407,LOC4817788,1,ortholog_one2one,Pex19
FBgn0013275,LOC6896929,0,ortholog_many2many,Hsp70Aa
FBgn0013275,LOC4800844,0,ortholog_many2many,Hsp70Aa
FBgn0041623,LOC6898197,0,ortholog_many2many,Or65c
FBgn0041623,LOC6898199,0,ortholog_many2many,Or65c
FBgn0041623,LOC6898198,0,ortholog_many2many,Or65c
FBgn0041623,LOC6898196,0,ortholog_many2many,Or65c
FBgn0041623,LOC4814064,1,ortholog_many2many,Or65c
FBgn0034152,LOC4805679,1,ortholog_one2one,Acp53C14a
FBgn0040651,LOC4815960,1,ortholog_one2one,CG15458
FBgn0032478,LOC4816489,1,ortholog_one2one,Rsph1
FBgn0035445,LOC4812223,1,ortholog_one2one,Ids
FBgn0037126,LOC4812854,1,ortholog_one2many,CG14567
FBgn0003124,LOC6903594,0,ortholog_one2many,polo
FBgn0003124,LOC4812761,1,ortholog_one2many,polo
FBgn0003124,LOC6902946,0,ortholog_one2many,polo
FBgn0037217,LOC4802774,1,ortholog_one2one,CG14636
FBgn0001125,LOC4817530,1,ortholog_one2one,Got2
FBgn0012034,LOC4813796,1,ortholog_one2one,AcCoAS
FBgn0003896,LOC4817289,1,ortholog_one2one,tup
FBgn0261285,LOC4801007,1,ortholog_one2one,Ppcs
FBgn0054038,LOC6898564,1,ortholog_one2one,CG34038
FBgn0026268,LOC4814777,1,ortholog_one2one,Antdh
FBgn0032312,LOC4811729,1,ortholog_one2one,CG14071
FBgn0001174,LOC4817641,1,ortholog_one2one,halo
FBgn0288733,LOC4815815,0,ortholog_one2many,CG46508
FBgn0037621,LOC4803004,1,ortholog_one2one,M1BP
FBgn0036369,LOC4812031,1,ortholog_one2one,CG10089
FBgn0038952,LOC4801685,1,ortholog_one2many,CG7069
FBgn0003139,LOC4815759,1,ortholog_one2one,PpV
FBgn0031247,LOC4817835,1,ortholog_one2one,CG11562
FBgn0032262,LOC4816723,1,ortholog_one2one,CG7384
FBgn0259193,LOC13036366,1,ortholog_one2one,Ir94d
FBgn0038815,LOC6896949,1,ortholog_one2one,CG5466
FBgn0033593,LOC4804727,1,ortholog_one2one,Listericin
FBgn0037802,LOC26533200,0,ortholog_one2one,Sirt6
FBgn0028499,LOC4803182,1,ortholog_one2one,CG7985
FBgn0038694,LOC4803247,1,ortholog_one2one,CG5217
FBgn0031936,LOC6902826,1,ortholog_one2many,CG13794
FBgn0061469,LOC4813296,1,ortholog_one2one,Ube3a
FBgn0263251,LOC26534411,1,ortholog_one2one,vnc
FBgn0030495,LOC4814970,1,ortholog_one2one,CG11816
FBgn0039620,LOC4801606,1,ortholog_one2one,wat
FBgn0034058,LOC4805661,1,ortholog_one2one,Pex11ab
FBgn0036610,LOC6900022,1,ortholog_one2one,CG13058
FBgn0267972,LOC4817526,1,ortholog_one2one,Der-1
FBgn0039425,LOC4802179,1,ortholog_one2one,Ald2
FBgn0032521,LOC4817826,1,ortholog_one2one,CG7110
FBgn0022097,LOC4804869,1,ortholog_one2one,Vha36-1
FBgn0259178,LOC4802125,1,ortholog_one2one,5PtaseI
FBgn0038752,LOC4803082,1,ortholog_one2one,CG4462
FBgn0037521,LOC4802978,1,ortholog_one2one,CG2993
FBgn0052251,LOC6900741,1,ortholog_one2one,Claspin
FBgn0259101,LOC4814589,1,ortholog_one2one,CG42249
FBgn0259175,LOC4813899,0,ortholog_one2one,ome
FBgn0024222,LOC4802889,1,ortholog_one2one,IKKbeta
FBgn0035896,LOC4813136,1,ortholog_one2one,CG6983
FBgn0037592,LOC4802642,1,ortholog_one2one,CG11737
FBgn0034867,LOC4804476,1,ortholog_one2one,CG13557
FBgn0024975,LOC6901256,1,ortholog_one2one,CG2712
FBgn0264270,LOC6902175,0,ortholog_one2one,Sxl
FBgn0037197,LOC4813240,1,ortholog_one2one,CG13239
FBgn0030638,LOC4815328,1,ortholog_one2one,CG11655
FBgn0038849,LOC4803301,1,ortholog_one2one,CG7079
FBgn0040608,LOC4800753,1,ortholog_one2one,CG14246
FBgn0029697,LOC6901131,1,ortholog_one2one,CG15570
FBgn0031132,LOC4815349,1,ortholog_one2one,CG15450
FBgn0261574,LOC26533853,1,ortholog_one2one,kug
FBgn0051414,LOC6896819,1,ortholog_one2one,Gba1b
FBgn0030431,LOC4814266,1,ortholog_one2one,Flad1
FBgn0266540,LOC117184389,1,ortholog_one2one,CG45101
FBgn0037534,LOC4802014,1,ortholog_one2one,Elovl7
FBgn0267823,LOC4805500,1,ortholog_one2one,Gmer
FBgn0001078,LOC4813256,1,ortholog_one2one,ftz-f1
FBgn0025186,LOC4805222,1,ortholog_one2one,ari-2
FBgn0004516,LOC4813307,1,ortholog_one2one,Gad1
FBgn0000606,LOC4804709,1,ortholog_one2one,eve
FBgn0033519,LOC4803207,0,ortholog_one2one,CG11825
FBgn0043884,LOC6897344,1,ortholog_one2one,mask
FBgn0053098,LOC4800819,1,ortholog_one2one,CG33098
FBgn0033638,LOC4803911,1,ortholog_one2one,atos
FBgn0031313,LOC4817609,1,ortholog_one2one,CG5080
FBgn0015803,LOC4816429,1,ortholog_one2one,RtGEF
FBgn0021825,LOC4805079,1,ortholog_one2one,DCTN2-p50
FBgn0050486,LOC6898815,1,ortholog_one2one,CG30486
FBgn0032151,LOC4817310,1,ortholog_one2one,nAChRalpha6
FBgn0004622,LOC4800283,1,ortholog_one2one,TkR99D
FBgn0015222,LOC4800396,1,ortholog_one2one,Fer1HCH
FBgn0265575,LOC4815013,1,ortholog_one2one,yin
FBgn0034242,LOC4803998,1,ortholog_one2one,CG14480
FBgn0083963,LOC6897868,1,ortholog_one2one,Nlg3
FBgn0041111,LOC4816631,1,ortholog_one2one,lilli
FBgn0032248,LOC117184174,0,ortholog_one2one,Bug22
FBgn0051644,LOC4817899,1,ortholog_one2one,COX6CL
FBgn0029870,LOC4815608,1,ortholog_one2one,Marf
FBgn0033615,LOC6898782,1,ortholog_one2one,CG7741
FBgn0036807,LOC4813033,1,ortholog_one2one,CG6893
FBgn0027794,LOC4816092,0,ortholog_one2one,Lrpprc2
FBgn0265189,LOC4801284,0,ortholog_one2one,sud1
FBgn0035124,LOC4811989,1,ortholog_one2one,ttm2
FBgn0027491,LOC4811835,0,ortholog_one2one,Cdk5alpha
FBgn0036145,LOC4813042,1,ortholog_one2one,CG7607
FBgn0044328,LOC4812906,0,ortholog_one2one,CG32052
FBgn0034104,LOC4803815,1,ortholog_one2one,CG15705
FBgn0261283,LOC4813380,1,ortholog_one2one,SREBP
FBgn0029863,LOC4815600,1,ortholog_one2one,CG3823
FBgn0259737,LOC26533090,1,ortholog_one2one,CG42391
FBgn0003719,LOC6896753,1,ortholog_one2one,tld
FBgn0015664,LOC4817351,1,ortholog_one2one,Dref
FBgn0031999,LOC4817149,1,ortholog_one2one,CG8419
FBgn0262699,LOC4815279,1,ortholog_one2one,fzr
FBgn0003145,LOC4817789,1,ortholog_one2one,prd
FBgn0031094,LOC4814680,1,ortholog_one2one,CG9578
FBgn0044046,LOC4814981,1,ortholog_one2one,Ilp7
FBgn0263831,LOC4814122,1,ortholog_one2one,Gen
FBgn0285950,LOC4803563,1,ortholog_one2one,RpL19
FBgn0040323,LOC4813283,1,ortholog_one2one,GNBP1
FBgn0052230,LOC4811790,0,ortholog_one2one,ND-MLRQ
FBgn0037323,LOC4802447,1,ortholog_one2one,CG2663
FBgn0039600,LOC6896832,1,ortholog_one2one,Prp39
FBgn0260997,LOC6897795,0,ortholog_one2many,CG42598
FBgn0033258,LOC6898455,1,ortholog_one2many,uno
FBgn0038083,LOC6902429,0,ortholog_one2many,Ugt37A3
FBgn0003660,LOC4804206,1,ortholog_one2one,Syb
FBgn0037455,LOC6897545,1,ortholog_one2one,CG2336
FBgn0014466,LOC4815322,1,ortholog_one2one,Cp7Fc
FBgn0033570,LOC4804364,0,ortholog_one2one,ND-B14
FBgn0262562,LOC13036310,1,ortholog_one2one,CG43102
FBgn0013672,GeneID_44805022,1,ortholog_one2one,mt:ATPase6
FBgn0261841,LOC26532286,1,ortholog_one2one,pre-mod(mdg4)-AD
FBgn0062411,LOC4800327,1,ortholog_one2one,Ctr1C
FBgn0030082,LOC4814997,1,ortholog_one2one,HP1b
FBgn0053302,LOC6902768,1,ortholog_one2one,Cpr31A
FBgn0037717,LOC4802709,1,ortholog_one2one,CG8301
FBgn0085453,LOC4803954,1,ortholog_one2one,Mthfs
FBgn0026431,LOC6899804,1,ortholog_one2one,Grip75
FBgn0034176,LOC4804193,1,ortholog_one2one,ste24a
FBgn0031601,LOC4817580,1,ortholog_one2one,Dim1
FBgn0034051,LOC4805565,1,ortholog_one2one,Mlf
FBgn0053897,LOC117183563,1,ortholog_one2many,His4:CG33897
FBgn0013305,LOC4805196,1,ortholog_one2one,Nmda1
FBgn0035696,LOC6900952,1,ortholog_one2one,Best2
FBgn0036501,LOC4812831,1,ortholog_one2one,CG7272
FBgn0027562,LOC4800797,1,ortholog_one2one,CG10345
FBgn0266723,LOC4803988,1,ortholog_one2one,Trs31
FBgn0033961,LOC4803987,1,ortholog_one2one,ND-B15
FBgn0034718,LOC26532659,1,ortholog_one2one,wdp
FBgn0030357,LOC4814849,1,ortholog_one2one,Sclp
FBgn0033901,LOC4803653,1,ortholog_one2one,O-fut1
FBgn0039354,LOC6897703,1,ortholog_one2one,Lgr3
FBgn0034270,LOC4805361,1,ortholog_one2one,PIG-A
FBgn0034105,LOC6898253,1,ortholog_one2one,CG7755
FBgn0041225,LOC4800906,1,ortholog_one2one,Gr94a
FBgn0032800,LOC4817913,1,ortholog_one2one,CG10137
FBgn0030740,LOC4814552,0,ortholog_one2one,CG9917
FBgn0002922,LOC4800574,1,ortholog_one2one,nau
FBgn0034289,LOC6898367,1,ortholog_one2one,CG10910
FBgn0033819,LOC4803338,1,ortholog_one2many,CG4714
FBgn0004910,LOC6899934,1,ortholog_one2one,Eip63F-1
FBgn0028789,LOC4814004,1,ortholog_one2one,Doc1
FBgn0041780,LOC6897271,1,ortholog_one2one,Ssl2
FBgn0029874,LOC4815509,1,ortholog_one2one,CG3342
FBgn0030137,LOC4815463,1,ortholog_one2one,CG15317
FBgn0002564,LOC6902382,0,ortholog_one2one,Lsp1gamma
FBgn0000077,LOC4814592,1,ortholog_one2one,amx
FBgn0026147,LOC26533298,0,ortholog_one2one,TTLL4A
FBgn0037916,LOC4802868,1,ortholog_one2one,CG5342
FBgn0284254,LOC4805736,1,ortholog_one2one,Impbeta11
FBgn0038917,LOC4800983,1,ortholog_one2one,CG6678
FBgn0017457,LOC4817834,1,ortholog_one2one,U2af38
FBgn0053758,LOC6898478,0,ortholog_one2many,CG33758
FBgn0033554,LOC4805312,1,ortholog_one2one,Lsm10
FBgn0260959,LOC6898955,1,ortholog_one2one,MCPH1
FBgn0001197,LOC4800745,1,ortholog_one2one,His2Av
FBgn0032446,LOC4816571,1,ortholog_one2one,IFT43
FBgn0030716,LOC6899416,0,ortholog_one2one,Cep164
FBgn0039580,LOC4801083,1,ortholog_one2one,Gfat2
FBgn0035248,LOC4812872,1,ortholog_one2one,CG13919
FBgn0039430,LOC4801080,0,ortholog_one2one,CG5455
FBgn0033988,LOC4804016,0,ortholog_one2one,pcs
FBgn0040262,LOC4817450,1,ortholog_one2many,Ugt37C2
FBgn0261268,LOC4816364,1,ortholog_one2one,Cul3
FBgn0040606,LOC6897494,1,ortholog_one2one,CG6503
FBgn0022382,LOC4804079,0,ortholog_one2one,Pka-R2
FBgn0038381,LOC6897562,1,ortholog_one2one,EndoU
FBgn0014859,LOC4816865,1,ortholog_one2one,Hr38
FBgn0261929,LOC4802031,1,ortholog_one2one,5-HT2B
FBgn0035622,LOC4812975,1,ortholog_one2one,TM9SF3
FBgn0083968,LOC6902978,1,ortholog_one2one,CG34132
FBgn0011701,LOC4803188,1,ortholog_one2one,repo
FBgn0050181,LOC4804467,1,ortholog_one2one,ppk3
FBgn0035010,LOC4805599,0,ortholog_one2one,CG13579
FBgn0023523,LOC4816069,1,ortholog_one2one,Or2a
FBgn0005631,LOC4803839,1,ortholog_one2one,robo1
FBgn0040070,LOC4817101,1,ortholog_one2one,Trx2
FBgn0019650,LOC6899873,1,ortholog_one2one,toy
FBgn0043470,LOC4805102,1,ortholog_one2one,lambdaTry
FBgn0053767,LOC6899908,1,ortholog_one2many,CG33767
FBgn0053767,LOC6899907,1,ortholog_one2many,CG33767
FBgn0033753,LOC4804936,1,ortholog_one2one,Cyp301a1
FBgn0034345,LOC4804814,1,ortholog_one2one,CG5174
FBgn0004359,LOC4800739,1,ortholog_one2one,T48
FBgn0015789,LOC6901573,1,ortholog_one2one,Rab10
FBgn0039086,LOC4800551,1,ortholog_one2many,Ugt303B1
FBgn0028500,LOC4811905,1,ortholog_one2one,Rich
FBgn0030362,LOC4815330,1,ortholog_one2one,regucalcin
FBgn0003480,LOC4801945,1,ortholog_one2one,spn-B
FBgn0261399,LOC6898834,0,ortholog_one2one,Pp1-Y1
FBgn0002878,LOC4815220,1,ortholog_one2one,mus101
FBgn0002522,LOC4802272,1,ortholog_one2one,lab
FBgn0020236,LOC4805659,1,ortholog_one2one,ATPCL
FBgn0030775,LOC4815774,1,ortholog_one2one,CG9673
FBgn0030520,LOC6901216,1,ortholog_one2one,Pdcd4
FBgn0005670,LOC6901380,0,ortholog_one2one,Cyp4d1
FBgn0027579,LOC4801106,1,ortholog_one2one,mino
FBgn0034974,LOC4804320,1,ortholog_one2one,CG16786
FBgn0261575,LOC4803051,1,ortholog_one2one,tobi
FBgn0031830,LOC4818143,1,ortholog_one2one,COX5B
FBgn0039846,LOC4800726,1,ortholog_one2one,PNPase
FBgn0030542,LOC4814570,1,ortholog_one2one,CG12481
FBgn0010052,LOC6899082,1,ortholog_one2one,Jhe
FBgn0038144,LOC117183241,0,ortholog_one2many,CG8870
FBgn0029714,LOC4815756,0,ortholog_one2one,CG3527
FBgn0032746,LOC4817931,1,ortholog_one2one,CG10470
FBgn0026149,LOC4815741,1,ortholog_one2one,BCL7-like
FBgn0032943,LOC4816582,1,ortholog_one2one,Tsp39D
FBgn0259223,LOC6901021,1,ortholog_one2one,CG42323
FBgn0030921,LOC4814305,1,ortholog_one2one,CG6290
FBgn0034539,LOC4804422,1,ortholog_one2one,CG11159
FBgn0011710,LOC4815486,1,ortholog_one2one,Septin1
FBgn0020521,LOC6898968,1,ortholog_one2one,pio
FBgn0031926,LOC4816904,1,ortholog_one2one,CG6739
FBgn0040087,LOC4814440,1,ortholog_one2one,p115
FBgn0039210,LOC4803321,1,ortholog_one2one,CG13625
FBgn0034796,LOC4805502,1,ortholog_one2one,CG3700
FBgn0033691,LOC4815583,0,ortholog_one2many,CG8860
FBgn0288747,LOC4815815,0,ortholog_one2many,CG46522
FBgn0021767,LOC4814784,1,ortholog_many2many,org-1
FBgn0259152,LOC117183982,1,ortholog_one2one,Clbn
FBgn0001091,LOC4811785,0,ortholog_one2many,Gapdh1
FBgn0031443,LOC6902535,1,ortholog_one2one,Prosbeta4R2
FBgn0034660,LOC4805244,1,ortholog_one2one,Loxl2
FBgn0031702,LOC4817017,1,ortholog_one2one,fusl
FBgn0038343,LOC4800947,1,ortholog_one2one,Trissin
FBgn0051820,LOC4816387,1,ortholog_one2one,CG31820
FBgn0034031,LOC4804872,1,ortholog_one2one,CG12963
FBgn0027560,LOC4817584,1,ortholog_one2one,Tps1
FBgn0287184,LOC6897794,0,ortholog_one2one,FASN3
FBgn0010415,LOC4805278,1,ortholog_one2one,Sdc
FBgn0022768,LOC4814788,0,ortholog_one2one,Pp2C1
FBgn0033659,LOC15382886,1,ortholog_one2one,Damm
FBgn0033994,LOC4804015,1,ortholog_one2one,CG7544
FBgn0003714,LOC4815636,0,ortholog_one2one,tko
FBgn0050001,LOC4804367,1,ortholog_one2one,CG30001
FBgn0032967,LOC4817969,1,ortholog_one2one,CG1428
FBgn0034248,LOC4804682,1,ortholog_one2one,CG14483
FBgn0040069,LOC4815185,1,ortholog_one2many,vanin-like
FBgn0262679,LOC26533468,1,ortholog_one2one,CG43149
FBgn0051805,LOC6903276,1,ortholog_one2one,CG31805
FBgn0039075,LOC4800541,1,ortholog_one2one,CG4393
FBgn0053635,LOC6902831,1,ortholog_one2one,CG33635
FBgn0039900,LOC6899894,0,ortholog_one2one,Syt7
FBgn0030509,LOC4814201,1,ortholog_one2one,CG11162
FBgn0264089,LOC4805561,1,ortholog_one2one,sli
FBgn0039588,LOC6897140,1,ortholog_one2one,mIF2
FBgn0039417,LOC4802187,1,ortholog_one2one,CG6073
FBgn0029838,LOC6901455,1,ortholog_one2one,CG4666
FBgn0038424,LOC4802553,1,ortholog_one2one,Fntb
FBgn0035090,LOC4803566,1,ortholog_one2one,CG2736
FBgn0039902,LOC6899890,1,ortholog_one2one,Zip102B
FBgn0036485,LOC6903002,0,ortholog_one2many,FucTA
FBgn0036485,LOC6903001,0,ortholog_one2many,FucTA
FBgn0036485,LOC4813686,1,ortholog_one2many,FucTA
FBgn0262601,LOC4817773,0,ortholog_one2one,SmB
FBgn0039367,LOC4802659,1,ortholog_one2many,CG17197
FBgn0053303,LOC117184007,0,ortholog_one2one,CG33303
FBgn0036931,LOC4812330,0,ortholog_one2one,CG14183
FBgn0034435,LOC4804253,1,ortholog_one2one,fest
FBgn0020764,LOC4804282,1,ortholog_one2one,Alas
FBgn0035382,LOC4812601,1,ortholog_one2one,Or63a
FBgn0051450,LOC4802645,1,ortholog_one2one,mRpS18A
FBgn0025815,LOC4816084,1,ortholog_one2one,Mcm6
FBgn0030504,LOC4814207,1,ortholog_one2one,CG2691
FBgn0041103,LOC4816537,1,ortholog_one2one,nht
FBgn0031990,LOC4817010,1,ortholog_one2one,PAPLA1
FBgn0024232,LOC4805688,1,ortholog_one2one,gprs
FBgn0031540,LOC4816874,1,ortholog_one2one,Pif1
FBgn0038551,LOC4803208,0,ortholog_one2one,Odj
FBgn0261873,LOC4814721,1,ortholog_one2one,sdt
FBgn0036583,LOC4812175,1,ortholog_one2one,CG13055
FBgn0039687,LOC4800505,1,ortholog_one2one,Naa40
FBgn0051872,LOC6902571,0,ortholog_many2many,CG31872
FBgn0051872,LOC26534034,0,ortholog_many2many,CG31872
FBgn0051872,LOC6902874,0,ortholog_many2many,CG31872
FBgn0267390,LOC4813604,1,ortholog_one2one,dop
FBgn0053865,LOC117185635,0,ortholog_one2many,His2A:CG33865
FBgn0000552,LOC4802268,1,ortholog_one2one,Edg84A
FBgn0039739,LOC4815590,0,ortholog_one2many,RpS28a
FBgn0052225,LOC4813291,1,ortholog_one2one,CG32225
FBgn0035670,LOC4813467,1,ortholog_one2one,CG10472
FBgn0027356,LOC4804931,1,ortholog_one2one,Amph
FBgn0034328,LOC6898653,1,ortholog_one2one,BomBc1
FBgn0030305,LOC4814656,1,ortholog_one2one,Uba5
FBgn0038768,LOC4802368,0,ortholog_one2one,idc
FBgn0029170,LOC4801127,1,ortholog_one2one,TwdlT
FBgn0032268,LOC26532454,1,ortholog_one2one,CG6138
FBgn0053322,LOC6903084,1,ortholog_one2one,CG33322
FBgn0001330,LOC4815908,1,ortholog_one2one,kz
FBgn0086253,LOC4800928,1,ortholog_one2one,rumi
FBgn0033789,LOC4804045,1,ortholog_many2many,CG13324
FBgn0033789,LOC117183714,1,ortholog_many2many,CG13324
FBgn0039109,LOC4800575,1,ortholog_one2one,CG10365
FBgn0052068,LOC4812932,1,ortholog_one2one,Adi1
FBgn0014032,LOC4814916,1,ortholog_one2one,Sptr
FBgn0036288,LOC4812767,1,ortholog_one2one,CG10660
FBgn0037369,LOC4802054,1,ortholog_one2one,CG2100
FBgn0028487,LOC6897136,1,ortholog_one2one,f-cup
FBgn0039592,LOC4800634,1,ortholog_one2one,CG14062
FBgn0038798,LOC6901830,0,ortholog_one2one,Or92a
FBgn0031952,LOC4817482,1,ortholog_one2one,Cdc14
FBgn0030286,LOC4814905,0,ortholog_one2one,Gapvd1
FBgn0037911,LOC4802823,1,ortholog_one2one,CG10898
FBgn0035667,LOC4813468,1,ortholog_one2one,Jon65Ai
FBgn0037764,LOC4801489,0,ortholog_one2many,CG9459
FBgn0035022,LOC6898972,1,ortholog_one2one,CG11413
FBgn0002891,LOC4803637,1,ortholog_one2one,PolZ1
FBgn0037414,LOC4801899,1,ortholog_one2one,Osi7
FBgn0031085,LOC4815016,1,ortholog_one2many,CG9570
FBgn0031085,LOC6897264,0,ortholog_one2many,CG9570
FBgn0039140,LOC4801756,1,ortholog_one2one,Miro
FBgn0038467,LOC4802091,1,ortholog_one2one,Adsl
FBgn0035186,LOC4811978,1,ortholog_one2one,CG13912
FBgn0035952,LOC4814037,1,ortholog_one2one,CG5280
FBgn0015300,LOC6899057,1,ortholog_one2many,Ssl
FBgn0025525,LOC6900196,1,ortholog_one2one,bab2
FBgn0039403,LOC4802199,1,ortholog_one2one,Sld5
FBgn0261502,LOC13036349,1,ortholog_one2one,CG42650
FBgn0265182,LOC6898120,1,ortholog_one2one,CG44247
FBgn0001089,LOC6903333,1,ortholog_one2one,Gal
FBgn0051201,LOC4800885,1,ortholog_one2one,GluRIIE
FBgn0033507,LOC4804235,1,ortholog_one2one,CG12909
FBgn0004889,LOC4801053,0,ortholog_one2one,tws
FBgn0040297,LOC4818192,1,ortholog_one2one,Nhe2
FBgn0261938,LOC4817595,1,ortholog_one2one,PolrMT
FBgn0032787,LOC6902726,1,ortholog_one2one,CG10195
FBgn0037889,LOC26532861,0,ortholog_many2many,scpr-A
FBgn0037889,LOC4803148,0,ortholog_many2many,scpr-A
FBgn0004045,LOC4814244,1,ortholog_one2one,Yp1
FBgn0032015,LOC4816963,1,ortholog_one2one,Ostgamma
FBgn0038922,LOC4800990,1,ortholog_one2one,Idh3b
FBgn0038394,LOC4802891,1,ortholog_one2one,Jhbp4
FBgn0033504,LOC6898426,1,ortholog_one2one,CAP
FBgn0010470,LOC4805281,1,ortholog_one2one,Fkbp14
FBgn0033933,LOC4803883,1,ortholog_one2one,CG10104
FBgn0086372,LOC4802930,1,ortholog_one2one,lap
FBgn0051802,LOC4817140,1,ortholog_one2one,CG31802
FBgn0053242,LOC6899057,0,ortholog_one2many,Ste:CG33242
FBgn0037071,LOC4813218,1,ortholog_one2one,CG7632
FBgn0039139,LOC4801755,1,ortholog_one2one,Mettl3
FBgn0003257,LOC4803296,1,ortholog_one2one,r-l
FBgn0028871,LOC4817851,1,ortholog_one2one,Cpr35B
FBgn0033860,LOC6898081,0,ortholog_one2many,S-Lap5
FBgn0033860,LOC4805168,1,ortholog_one2many,S-Lap5
FBgn0038124,LOC4801390,1,ortholog_one2one,CG14380
FBgn0036154,LOC4813648,1,ortholog_one2one,CG6168
FBgn0004228,LOC4813818,1,ortholog_one2one,mex1
FBgn0037202,LOC4812910,1,ortholog_one2one,Ssl1
FBgn0038357,LOC4803318,1,ortholog_one2one,CG5623
FBgn0034844,LOC4803713,1,ortholog_one2one,CG9861
FBgn0005664,LOC6903158,1,ortholog_one2one,Crys
FBgn0010342,LOC4805116,1,ortholog_one2one,Map60
FBgn0003330,LOC4800666,1,ortholog_one2one,Sce
FBgn0031407,LOC4816841,1,ortholog_one2one,CG4270
FBgn0029882,LOC4815819,1,ortholog_one2one,CG3226
FBgn0036101,LOC4812213,1,ortholog_one2one,NijA
FBgn0035968,LOC4814022,1,ortholog_one2one,Slc45-1
FBgn0051446,LOC4803312,1,ortholog_one2one,CG31446
FBgn0038872,LOC4800852,1,ortholog_one2one,Nelf-A
FBgn0264740,LOC4801688,1,ortholog_one2one,CG43998
FBgn0020018,LOC4800446,1,ortholog_one2one,Ppox
FBgn0039240,LOC4802725,0,ortholog_one2one,CG3744
FBgn0015316,LOC4816143,1,ortholog_one2one,Try29F
FBgn0015777,LOC4817984,1,ortholog_one2one,nrv2
FBgn0011747,LOC4811801,0,ortholog_one2one,Ank
FBgn0003366,LOC4814692,1,ortholog_one2one,sev
FBgn0025583,LOC4804799,1,ortholog_one2many,BomS2
FBgn0263873,LOC6902623,0,ortholog_one2one,sick
FBgn0030628,LOC4814790,1,ortholog_one2one,CG9114
FBgn0263120,LOC4805056,1,ortholog_one2one,Acsl
FBgn0030455,LOC6900606,0,ortholog_one2many,CG4318
FBgn0030262,LOC4814495,1,ortholog_one2one,Vago
FBgn0001137,LOC6903541,1,ortholog_one2one,grk
FBgn0250843,LOC117184973,0,ortholog_one2many,Prosalpha6
FBgn0250843,LOC26532948,0,ortholog_one2many,Prosalpha6
FBgn0031190,LOC4815952,1,ortholog_one2one,CG12576
FBgn0033748,LOC4805467,1,ortholog_one2many,vis
FBgn0051735,LOC6902671,1,ortholog_one2one,CG31735
FBgn0004875,LOC4812757,1,ortholog_one2one,enc
FBgn0040098,LOC6902209,0,ortholog_one2many,lectin-29Ca
FBgn0036666,LOC6900149,1,ortholog_one2one,TSG101
FBgn0024689,LOC4817682,1,ortholog_one2one,fws
FBgn0264325,LOC4801760,1,ortholog_one2one,Atg6
FBgn0085366,LOC6901765,1,ortholog_one2one,CG34337
FBgn0034748,LOC4804218,1,ortholog_one2one,CG17807
FBgn0029964,LOC6901821,1,ortholog_one2many,CG1409
FBgn0029964,LOC6901823,0,ortholog_one2many,CG1409
FBgn0030968,LOC4814533,1,ortholog_one2one,CG7322
FBgn0035437,LOC4812603,1,ortholog_one2one,Strip
FBgn0037215,LOC4802775,1,ortholog_one2one,beta-Man
FBgn0032242,LOC117184006,0,ortholog_one2one,CG5355
FBgn0033240,LOC4804018,1,ortholog_one2one,CG2906
FBgn0011300,LOC4804776,1,ortholog_one2one,babo
FBgn0041621,LOC4802762,1,ortholog_one2one,Or82a
FBgn0053057,LOC6902308,0,ortholog_one2one,Tpt
FBgn0051352,LOC6896930,1,ortholog_one2many,Unc-115a
FBgn0030300,LOC4814588,1,ortholog_one2one,Sk1
FBgn0031820,LOC6903405,1,ortholog_one2one,Daxx
FBgn0004577,LOC6897452,1,ortholog_one2one,Pxd
FBgn0002638,LOC6900087,0,ortholog_one2one,Rcc1
FBgn0028325,LOC4815688,1,ortholog_one2one,Pdha
FBgn0053483,LOC6896683,1,ortholog_one2many,CG33483
FBgn0053483,LOC6896684,1,ortholog_one2many,CG33483
FBgn0053483,LOC13036467,1,ortholog_one2many,CG33483
FBgn0264562,LOC6901978,1,ortholog_one2one,Hr4
FBgn0030584,LOC4815995,0,ortholog_one2one,Grx5
FBgn0028387,LOC4818035,1,ortholog_one2one,chm
FBgn0029885,LOC4815913,1,ortholog_one2one,CG3224
FBgn0035087,LOC4803561,1,ortholog_one2one,CG2765
FBgn0036184,LOC4813813,1,ortholog_one2one,PCID2
FBgn0036964,LOC4813277,1,ortholog_one2one,FRG1
FBgn0033761,LOC4803382,1,ortholog_many2many,CG8778
FBgn0039640,LOC6897084,1,ortholog_one2one,superdeath
FBgn0037530,LOC4802991,1,ortholog_one2one,EMC1
FBgn0029573,LOC4815831,1,ortholog_one2one,CG14770
FBgn0288738,LOC4815815,0,ortholog_one2many,CG46513
FBgn0039067,LOC4801226,1,ortholog_one2one,wda
FBgn0051278,LOC4803233,1,ortholog_one2one,CG31278
FBgn0036004,LOC6900036,1,ortholog_one2one,Jarid2
FBgn0037761,LOC4801489,0,ortholog_one2many,CG8534
FBgn0051524,LOC6896720,0,ortholog_many2many,CG31524
FBgn0051524,LOC6903737,0,ortholog_many2many,CG31524
FBgn0010406,LOC4812142,1,ortholog_one2one,RNaseX25
FBgn0002774,LOC4804832,1,ortholog_one2one,mle
FBgn0035582,LOC6900069,1,ortholog_one2one,CG13705
FBgn0031419,LOC4817191,1,ortholog_one2one,CG15390
FBgn0039849,LOC4800729,1,ortholog_one2one,CG11334
FBgn0024352,LOC4817817,1,ortholog_one2one,Stip1
FBgn0034141,LOC4803570,0,ortholog_one2one,Dolk
FBgn0024941,LOC4814198,1,ortholog_one2one,RSG7
FBgn0040020,LOC6897796,0,ortholog_one2one,MED21
FBgn0038889,LOC6897155,1,ortholog_one2one,Fancm
FBgn0039051,LOC4800580,1,ortholog_one2many,CG17109
FBgn0031736,LOC4817990,0,ortholog_one2one,CG11030
FBgn0039908,LOC4811775,1,ortholog_many2many,Asator
FBgn0037107,LOC4812329,1,ortholog_one2one,CG7166
FBgn0037707,LOC4802696,1,ortholog_one2one,RnpS1
FBgn0030931,LOC15382899,0,ortholog_one2one,Xrcc2
FBgn0034975,LOC4804323,1,ortholog_one2one,enok
FBgn0028517,LOC6902656,0,ortholog_many2many,CG18478
FBgn0028517,LOC6902665,0,ortholog_many2many,CG18478
FBgn0028517,LOC117184065,0,ortholog_many2many,CG18478
FBgn0028517,LOC6902659,0,ortholog_many2many,CG18478
FBgn0034467,LOC4804955,1,ortholog_one2one,CG15128
FBgn0051866,LOC4817358,1,ortholog_one2many,Ada1-2
FBgn0013343,LOC4801766,1,ortholog_one2one,Syx1A
FBgn0014417,LOC4818063,1,ortholog_one2one,Naglu
FBgn0035246,LOC4812498,1,ortholog_one2one,CG13928
FBgn0041624,LOC6898197,0,ortholog_many2many,Or65b
FBgn0041624,LOC6898199,0,ortholog_many2many,Or65b
FBgn0041624,LOC6898198,0,ortholog_many2many,Or65b
FBgn0041624,LOC6898196,0,ortholog_many2many,Or65b
FBgn0041624,LOC4814064,1,ortholog_many2many,Or65b
FBgn0035422,LOC4812331,1,ortholog_one2one,RpL28
FBgn0029897,LOC4815497,0,ortholog_one2one,RpL17
FBgn0038140,LOC4801274,1,ortholog_one2one,PK2-R1
FBgn0029943,LOC4814480,1,ortholog_one2one,Atg5
FBgn0051633,LOC4816136,1,ortholog_one2one,CG31633
FBgn0039350,LOC4802674,1,ortholog_one2one,jigr1
FBgn0038200,LOC4801638,1,ortholog_one2one,CG9920
FBgn0034601,LOC4805545,1,ortholog_one2one,CG4286
FBgn0050010,LOC6898961,0,ortholog_one2one,CG30010
FBgn0030177,LOC4814394,1,ortholog_one2one,CG2972
FBgn0015371,LOC4804456,1,ortholog_one2one,chn
FBgn0051926,LOC4817637,1,ortholog_one2one,CG31926
FBgn0053282,LOC6903016,1,ortholog_one2many,CG33282
FBgn0053282,LOC26533486,1,ortholog_one2many,CG33282
FBgn0053282,LOC6898310,0,ortholog_one2many,CG33282
FBgn0002552,LOC4805042,1,ortholog_one2one,lin
FBgn0011296,LOC4804535,1,ortholog_one2one,l(2)efl
FBgn0031739,LOC4817903,1,ortholog_one2one,CG14005
FBgn0053773,LOC13036386,1,ortholog_one2one,CG33773
FBgn0036641,LOC4812177,1,ortholog_one2one,Smn
FBgn0029771,LOC4815707,1,ortholog_one2one,CG12730
FBgn0004878,LOC4802052,1,ortholog_one2one,cas
FBgn0266672,LOC4802059,1,ortholog_one2one,Sec8
FBgn0262508,LOC4812736,1,ortholog_one2one,CG43078
FBgn0050058,LOC26533992,1,ortholog_one2many,CG30058
FBgn0262975,LOC4801232,1,ortholog_one2one,cnc
FBgn0051155,LOC4802898,1,ortholog_one2one,Polr2G
FBgn0260964,LOC6898468,1,ortholog_one2one,Vmat
FBgn0037011,LOC4812133,1,ortholog_one2one,Nubp2
FBgn0266464,LOC4801877,1,ortholog_one2one,Nsf2
FBgn0039770,LOC4800388,1,ortholog_one2one,CG15537
FBgn0051368,LOC4802795,1,ortholog_one2one,CG31368
FBgn0036552,LOC6900297,1,ortholog_one2one,CG17028
FBgn0039667,LOC4800480,1,ortholog_one2one,FipoQ
FBgn0034217,LOC4803924,1,ortholog_one2one,Lhr
FBgn0015576,LOC5384073,1,ortholog_one2one,alpha-Est8
FBgn0037222,LOC4802767,1,ortholog_one2one,CG14642
FBgn0038652,LOC4801824,1,ortholog_one2one,CG7720
FBgn0031479,LOC4816353,1,ortholog_one2one,Prx6a
FBgn0053348,LOC6898093,1,ortholog_one2one,CheB42a
FBgn0030756,LOC6901559,0,ortholog_one2one,CG9903
FBgn0011656,LOC4804715,1,ortholog_one2one,Mef2
FBgn0037370,LOC4802055,1,ortholog_one2one,CG1236
FBgn0037162,LOC4812630,1,ortholog_one2one,CG11449
FBgn0033460,LOC6898622,1,ortholog_one2one,Sec24AB
FBgn0030347,LOC4814521,1,ortholog_one2one,CG15739
FBgn0030989,LOC4815170,1,ortholog_one2one,Inx5
FBgn0050401,LOC6898848,1,ortholog_one2one,dany
FBgn0033377,LOC4804580,1,ortholog_one2one,Pgm2a
FBgn0034329,LOC4804799,1,ortholog_one2many,BomS1
FBgn0004381,LOC4812180,1,ortholog_one2one,Klp68D
FBgn0262516,LOC4812311,1,ortholog_one2many,Trpml
FBgn0014340,LOC4815630,1,ortholog_one2one,mof
FBgn0031865,LOC4816179,1,ortholog_one2one,Nha1
FBgn0027654,LOC4800371,1,ortholog_one2one,jdp
FBgn0262512,LOC4805737,1,ortholog_one2one,Vha14-1
FBgn0041164,LOC6900184,0,ortholog_one2many,armi
FBgn0041164,LOC6903373,0,ortholog_one2many,armi
FBgn0028686,LOC4815737,1,ortholog_one2one,Rpt3
FBgn0264389,LOC4815422,1,ortholog_one2one,opm
FBgn0035176,LOC4813735,1,ortholog_one2one,mat
FBgn0083986,LOC6896751,1,ortholog_one2one,CG34150
FBgn0260812,LOC117184488,1,ortholog_one2one,inaF-D
FBgn0050000,LOC4805124,1,ortholog_one2many,GstT1
FBgn0050000,LOC117183789,1,ortholog_one2many,GstT1
FBgn0033438,LOC6898791,1,ortholog_one2one,Mmp2
FBgn0030804,LOC4814213,1,ortholog_one2one,CG13002
FBgn0035257,LOC4813914,1,ortholog_one2one,CG12011
FBgn0011666,LOC6897597,1,ortholog_one2one,msi
FBgn0034097,LOC4804160,0,ortholog_one2one,CG3687
FBgn0040751,LOC6898168,1,ortholog_one2one,CG13018
FBgn0039411,LOC4802193,1,ortholog_one2one,dysf
FBgn0034057,LOC4805662,1,ortholog_one2one,CG8314
FBgn0039338,LOC4803043,1,ortholog_one2one,XNP
FBgn0034504,LOC4804626,1,ortholog_one2one,CG8929
FBgn0004648,LOC6901408,1,ortholog_one2one,svr
FBgn0034501,LOC4804601,1,ortholog_one2one,CG13868
FBgn0036242,LOC4812740,0,ortholog_one2one,CG6793
FBgn0036359,LOC4813544,0,ortholog_one2one,CG14105
FBgn0029662,LOC6902239,1,ortholog_one2one,CG12206
FBgn0037330,LOC4802440,1,ortholog_one2one,mRpL44
FBgn0036847,LOC4812284,1,ortholog_one2one,CNPYb
FBgn0011745,LOC4801351,1,ortholog_one2one,Arp1
FBgn0028668,LOC6897737,0,ortholog_one2one,Vha16-2
FBgn0030057,LOC4815256,1,ortholog_one2one,Ppt1
FBgn0053819,LOC117183568,0,ortholog_many2many,His1:CG33819
FBgn0053819,LOC117185631,0,ortholog_many2many,His1:CG33819
FBgn0053819,LOC26534267,0,ortholog_many2many,His1:CG33819
FBgn0053819,LOC117183621,0,ortholog_many2many,His1:CG33819
FBgn0053819,LOC117185633,1,ortholog_many2many,His1:CG33819
FBgn0053819,LOC117185630,0,ortholog_many2many,His1:CG33819
FBgn0053819,LOC117185606,0,ortholog_many2many,His1:CG33819
FBgn0053819,LOC117185608,0,ortholog_many2many,His1:CG33819
FBgn0053819,LOC117185600,0,ortholog_many2many,His1:CG33819
FBgn0053819,LOC26532116,1,ortholog_many2many,His1:CG33819
FBgn0053819,LOC26533245,0,ortholog_many2many,His1:CG33819
FBgn0053819,LOC117185634,1,ortholog_many2many,His1:CG33819
FBgn0053819,LOC117185607,1,ortholog_many2many,His1:CG33819
FBgn0053819,LOC26532398,1,ortholog_many2many,His1:CG33819
FBgn0053819,LOC117183574,0,ortholog_many2many,His1:CG33819
FBgn0030090,LOC4815343,1,ortholog_one2one,fend
FBgn0035028,LOC6898970,1,ortholog_one2one,Start1
FBgn0000964,LOC4816276,1,ortholog_one2one,tj
FBgn0032198,LOC4811722,0,ortholog_one2one,eEF1delta
FBgn0039413,LOC4802192,1,ortholog_one2one,CG14556
FBgn0035996,LOC4812235,1,ortholog_one2one,CG3448
FBgn0029789,LOC4814487,1,ortholog_one2one,PGAP1
FBgn0039102,LOC4800563,1,ortholog_one2one,SPE
FBgn0039015,LOC4800935,1,ortholog_one2one,Takl2
FBgn0052537,LOC4814939,1,ortholog_one2many,CG32537
FBgn0052537,LOC6901624,1,ortholog_one2many,CG32537
FBgn0051102,LOC4802359,1,ortholog_one2one,CG31102
FBgn0266429,LOC4814982,1,ortholog_one2one,AstA-R1
FBgn0030799,LOC4814197,1,ortholog_one2one,CG4872
FBgn0003116,LOC4815917,1,ortholog_one2one,pn
FBgn0259222,LOC4800895,1,ortholog_one2one,CG42322
FBgn0040809,LOC117184955,1,ortholog_many2many,CG13465
FBgn0040809,LOC117184565,1,ortholog_many2many,CG13465
FBgn0265186,LOC4804042,1,ortholog_one2one,CG44251
FBgn0014000,LOC4816766,1,ortholog_one2one,Hf
FBgn0053240,LOC6899057,0,ortholog_one2many,Ste:CG33240
FBgn0037265,LOC4802457,1,ortholog_one2one,spartin
FBgn0031520,LOC4817381,1,ortholog_one2one,CG8837
FBgn0037888,LOC26532861,0,ortholog_many2many,scpr-B
FBgn0037888,LOC4803148,0,ortholog_many2many,scpr-B
FBgn0005322,LOC117183914,0,ortholog_one2one,nmd
FBgn0031381,LOC4817531,1,ortholog_one2one,Npc2a
FBgn0010105,LOC4812772,1,ortholog_one2one,comm
FBgn0033352,LOC4805038,1,ortholog_one2one,PAN2
FBgn0043900,LOC4801122,1,ortholog_one2one,pygo
FBgn0051773,LOC6901702,0,ortholog_one2many,Fpgs2
FBgn0051773,LOC6901705,0,ortholog_one2many,Fpgs2
FBgn0051773,LOC6902163,0,ortholog_one2many,Fpgs2
FBgn0030707,LOC117184917,0,ortholog_one2one,CG8916
FBgn0027552,LOC4812082,1,ortholog_one2one,CG10863
FBgn0034994,LOC4805625,1,ortholog_one2one,Ir60a
FBgn0034921,LOC4803514,1,ortholog_one2one,DCP1
FBgn0033196,LOC4804902,1,ortholog_one2one,HisT
FBgn0041182,LOC4817206,1,ortholog_one2many,Tep2
FBgn0085334,LOC6897781,1,ortholog_one2one,CG34305
FBgn0036520,LOC4813161,1,ortholog_one2one,CG13449
FBgn0043364,LOC4817379,1,ortholog_one2one,cbt
FBgn0032889,LOC4817449,1,ortholog_one2one,CG9331
FBgn0085233,LOC6898831,1,ortholog_one2one,CG34204
FBgn0028936,LOC4816634,1,ortholog_one2one,NimB5
FBgn0053843,LOC117183568,1,ortholog_many2many,His1:CG33843
FBgn0053843,LOC117185631,1,ortholog_many2many,His1:CG33843
FBgn0053843,LOC26534267,1,ortholog_many2many,His1:CG33843
FBgn0053843,LOC117183621,1,ortholog_many2many,His1:CG33843
FBgn0053843,LOC117185633,0,ortholog_many2many,His1:CG33843
FBgn0053843,LOC117185630,0,ortholog_many2many,His1:CG33843
FBgn0053843,LOC117185606,1,ortholog_many2many,His1:CG33843
FBgn0053843,LOC117185608,0,ortholog_many2many,His1:CG33843
FBgn0053843,LOC117185600,1,ortholog_many2many,His1:CG33843
FBgn0053843,LOC26532116,0,ortholog_many2many,His1:CG33843
FBgn0053843,LOC26533245,0,ortholog_many2many,His1:CG33843
FBgn0053843,LOC117185634,0,ortholog_many2many,His1:CG33843
FBgn0053843,LOC117185607,1,ortholog_many2many,His1:CG33843
FBgn0053843,LOC26532398,0,ortholog_many2many,His1:CG33843
FBgn0053843,LOC117183574,0,ortholog_many2many,His1:CG33843
FBgn0286071,LOC4800951,1,ortholog_one2one,AdamTS-A
FBgn0065032,LOC6901207,1,ortholog_one2one,Arpc3B
FBgn0034793,LOC4805499,1,ortholog_one2one,asrij
FBgn0034096,LOC4804161,0,ortholog_one2one,CG7786
FBgn0026721,LOC4804093,1,ortholog_one2one,fat-spondin
FBgn0264907,LOC4802527,1,ortholog_one2one,CG44098
FBgn0031005,LOC4814966,1,ortholog_one2one,Hs3st-B
FBgn0039747,LOC4800415,1,ortholog_one2one,AdoR
FBgn0053527,LOC6898969,1,ortholog_one2one,SIFa
FBgn0051510,LOC117183270,1,ortholog_one2one,CG31510
FBgn0262594,LOC6898458,0,ortholog_many2many,CheA46a
FBgn0262594,LOC117183538,1,ortholog_many2many,CheA46a
FBgn0022786,LOC4815297,1,ortholog_one2one,Hira
FBgn0038763,LOC4803073,1,ortholog_one2one,PIG-L
FBgn0264299,LOC6898450,1,ortholog_one2many,CG43777
FBgn0037030,LOC4813920,1,ortholog_one2one,CG3288
FBgn0286070,LOC6898294,1,ortholog_one2one,cnk
FBgn0250821,LOC6898898,0,ortholog_one2one,CG14644
FBgn0011297,LOC4804526,1,ortholog_one2one,Alg3
FBgn0028693,LOC4812627,1,ortholog_one2one,Rpn12
FBgn0031057,LOC4815354,1,ortholog_one2one,Ubqn
FBgn0027949,LOC4816134,1,ortholog_one2one,msb1l
FBgn0031835,LOC4816131,0,ortholog_one2one,Dpp10
FBgn0028398,LOC6902540,1,ortholog_one2one,Taf10
FBgn0051464,LOC6897345,1,ortholog_one2one,CG31464
FBgn0287631,LOC4805389,1,ortholog_one2one,CG46491
FBgn0038643,LOC6897151,1,ortholog_one2one,CG14300
FBgn0036895,LOC6900269,1,ortholog_one2one,ms(3)76Cc
FBgn0033921,LOC6898402,0,ortholog_one2many,tej
FBgn0033921,LOC6896718,0,ortholog_one2many,tej
FBgn0033921,LOC4805490,1,ortholog_one2many,tej
FBgn0036491,LOC4813601,0,ortholog_one2one,Best4
FBgn0040396,LOC4814802,1,ortholog_one2one,CG3939
FBgn0052240,LOC4811879,1,ortholog_one2one,CG32240
FBgn0033784,LOC4805141,1,ortholog_one2one,SCCRO3
FBgn0039219,LOC4800440,1,ortholog_one2one,CG13630
FBgn0020278,LOC6896878,1,ortholog_one2one,loco
FBgn0000119,LOC4804381,1,ortholog_one2one,arr
FBgn0085457,LOC4813888,1,ortholog_one2one,CG34428
FBgn0029896,LOC4815696,0,ortholog_one2one,CG3168
FBgn0032100,LOC4816215,1,ortholog_one2one,CG13108
FBgn0036687,LOC4812053,1,ortholog_one2one,CG6652
FBgn0036483,LOC4812774,1,ortholog_one2one,CG12316
FBgn0038376,LOC4802322,1,ortholog_one2one,Hmt-1
FBgn0033092,LOC4803428,1,ortholog_one2one,Rpp25
FBgn0040794,LOC4812144,1,ortholog_one2one,CG13056
FBgn0031730,LOC4816417,1,ortholog_one2one,CG7236
FBgn0085243,LOC6898070,0,ortholog_one2one,CG34214
FBgn0025712,LOC4813444,1,ortholog_one2one,CG13920
FBgn0051935,LOC4817643,1,ortholog_one2one,Rab3GAP1
FBgn0031930,LOC4816852,1,ortholog_one2one,CG7025
FBgn0004509,LOC6897901,0,ortholog_one2one,Fur1
FBgn0001291,LOC4804559,1,ortholog_one2one,Jra
FBgn0031768,LOC4818045,1,ortholog_one2one,IPIP
FBgn0002354,LOC6897177,1,ortholog_one2one,l(3)87Df
FBgn0033395,LOC6898503,1,ortholog_many2many,Cyp4p2
FBgn0033395,LOC6898502,1,ortholog_many2many,Cyp4p2
FBgn0033395,LOC6898504,1,ortholog_many2many,Cyp4p2
FBgn0039016,LOC4800934,1,ortholog_one2one,Dcr-1
FBgn0034286,LOC6898365,1,ortholog_one2one,dpr13
FBgn0037831,LOC4803223,1,ortholog_one2one,Cap-H2
FBgn0261553,LOC4813758,1,ortholog_one2one,CG42671
FBgn0038761,LOC4803076,1,ortholog_one2one,CG17190
FBgn0265833,LOC26534449,0,ortholog_one2one,CG44622
FBgn0020270,LOC4817028,1,ortholog_one2one,mre11
FBgn0052693,LOC4814342,1,ortholog_one2one,Gr9a
FBgn0036822,LOC4812899,1,ortholog_one2one,NijB
FBgn0026738,LOC4813844,1,ortholog_one2one,CG7857
FBgn0264324,LOC4801697,0,ortholog_one2one,spg
FBgn0039789,LOC4800264,1,ortholog_one2one,CG9717
FBgn0010225,LOC4802768,1,ortholog_one2one,Gel
FBgn0034961,LOC4804302,1,ortholog_one2one,CG3163
FBgn0036394,LOC6900592,1,ortholog_one2one,CG9040
FBgn0030148,LOC6901055,1,ortholog_one2one,CG3106
FBgn0035623,LOC26532572,0,ortholog_many2many,mthl2
FBgn0035623,LOC26533489,0,ortholog_many2many,mthl2
FBgn0000644,LOC4814904,1,ortholog_one2one,Fcp3C
FBgn0033160,LOC4803493,1,ortholog_one2one,Dhx15
FBgn0029970,LOC4815337,1,ortholog_one2one,Nek2
FBgn0030839,LOC4815161,1,ortholog_one2one,ENGase
FBgn0052082,LOC4813143,1,ortholog_one2one,IRSp53
FBgn0021856,LOC4816658,0,ortholog_one2one,l(2)k14505
FBgn0028622,LOC4804437,1,ortholog_one2one,qsm
FBgn0000246,LOC6897006,0,ortholog_one2one,c(3)G
FBgn0037372,LOC4802058,1,ortholog_one2one,Dcps
FBgn0038311,LOC4803098,0,ortholog_one2one,CG14864
FBgn0086916,LOC4812762,0,ortholog_one2one,snky
FBgn0038645,LOC4801341,1,ortholog_one2one,CG7714
FBgn0000008,LOC4805701,0,ortholog_one2one,a
FBgn0260855,LOC4814275,1,ortholog_one2one,Sec22
FBgn0263144,LOC4818206,1,ortholog_one2one,bin3
FBgn0265268,LOC6900821,1,ortholog_one2one,CG18234
FBgn0001256,LOC4813470,1,ortholog_one2one,ImpL1
FBgn0033859,LOC4805169,1,ortholog_one2one,fand
FBgn0036519,LOC4813533,1,ortholog_one2one,CG7650
FBgn0038919,LOC117183336,1,ortholog_one2many,Qsox2
FBgn0038919,LOC6900261,0,ortholog_one2many,Qsox2
FBgn0033651,LOC4805407,1,ortholog_one2one,Ir48c
FBgn0039136,LOC4801749,1,ortholog_one2one,CG5902
FBgn0000351,LOC4816193,1,ortholog_one2one,cort
FBgn0038595,LOC4802383,1,ortholog_one2one,CG7142
FBgn0259230,LOC6902209,0,ortholog_one2many,lectin-22C
FBgn0259789,LOC6901581,1,ortholog_one2one,zld
FBgn0011211,LOC4803853,0,ortholog_one2one,blw
FBgn0040636,LOC4813680,1,ortholog_one2one,CG13255
FBgn0028932,LOC4816318,1,ortholog_one2one,CG16890
FBgn0031720,LOC6902594,1,ortholog_one2one,CG14013
FBgn0004594,LOC4813174,1,ortholog_one2one,Eig71Eg
FBgn0036193,LOC4812994,1,ortholog_one2one,CG14135
FBgn0035760,LOC4812287,1,ortholog_one2one,CG8607
FBgn0041102,LOC4800255,1,ortholog_one2many,ocn
FBgn0036734,LOC4813980,1,ortholog_one2one,CG7564
FBgn0027948,LOC4802887,1,ortholog_one2one,msps
FBgn0035146,LOC4814138,1,ortholog_one2one,CG13893
FBgn0052846,LOC117184462,1,ortholog_one2one,CG32846
FBgn0039106,LOC4800572,1,ortholog_one2one,CG10301
FBgn0259236,LOC4812859,1,ortholog_one2one,comm3
FBgn0004864,LOC4814628,1,ortholog_one2one,hop
FBgn0051347,LOC6897153,1,ortholog_one2one,CG31347
FBgn0001169,LOC4800881,1,ortholog_one2one,H
FBgn0035388,LOC4813370,1,ortholog_one2one,CG2162
FBgn0034418,LOC4805744,1,ortholog_one2one,CG15118
FBgn0038028,LOC4800817,1,ortholog_one2one,CG10035
FBgn0010488,LOC6898803,1,ortholog_one2one,NAT1
FBgn0287234,LOC4817687,1,ortholog_one2one,slf
FBgn0261988,LOC4800727,1,ortholog_one2one,Gprk2
FBgn0265101,LOC4801805,1,ortholog_one2many,Sgt1
FBgn0265101,LOC6897347,1,ortholog_one2many,Sgt1
FBgn0034511,LOC4804634,1,ortholog_one2one,GNBP-like3
FBgn0086610,LOC6897481,1,ortholog_one2one,CG33342
FBgn0260866,LOC6898413,1,ortholog_one2one,dnr1
FBgn0031644,LOC4817193,1,ortholog_one2one,CG15625
FBgn0066304,LOC26533210,1,ortholog_one2one,Rpp20
FBgn0036663,LOC4812304,1,ortholog_one2one,CG9674
FBgn0051609,LOC6902233,0,ortholog_one2one,CG31609
FBgn0014023,LOC6897645,1,ortholog_one2one,mRpL47
FBgn0050095,LOC4805637,1,ortholog_one2one,CG30095
FBgn0033851,LOC4804392,1,ortholog_one2one,CG13332
FBgn0033387,LOC4805179,1,ortholog_one2one,CG8008
FBgn0028740,LOC4805373,1,ortholog_one2one,CG6362
FBgn0050362,LOC4803590,1,ortholog_one2many,boly
FBgn0034071,LOC4805355,1,ortholog_one2one,CG8405
FBgn0010038,LOC4800811,1,ortholog_one2many,GstD2
FBgn0261788,LOC6900405,1,ortholog_one2one,Ank2
FBgn0029507,LOC4803454,0,ortholog_one2one,Tsp42Ed
FBgn0051702,LOC4818097,0,ortholog_one2many,tplus3a
FBgn0037076,LOC4813922,1,ortholog_one2one,ebd2
FBgn0031126,LOC4814787,1,ortholog_one2one,Cyp6v1
FBgn0003382,LOC4805100,1,ortholog_one2one,sha
FBgn0029148,LOC4813771,0,ortholog_one2one,NHP2
FBgn0031003,LOC4814764,1,ortholog_one2one,CG7889
FBgn0030890,LOC4815324,0,ortholog_one2one,CG7536
FBgn0037962,LOC4802794,1,ortholog_one2one,Dnali1
FBgn0038282,LOC6897589,1,ortholog_one2one,dpr9
FBgn0035477,LOC4812087,1,ortholog_one2one,CG14982
FBgn0045823,LOC4812342,1,ortholog_one2one,vsg
FBgn0039471,LOC4801131,1,ortholog_one2one,CG6295
FBgn0013764,LOC4804304,1,ortholog_one2one,Chi
FBgn0264561,LOC6900275,1,ortholog_one2one,Glg1
FBgn0032669,LOC6902949,1,ortholog_one2one,CG15155
FBgn0036318,LOC4812897,1,ortholog_one2one,Wbp2
FBgn0038132,LOC4801281,1,ortholog_one2one,apn
FBgn0259715,LOC4816236,1,ortholog_one2one,CG42369
FBgn0035932,LOC4812702,1,ortholog_one2one,CG13308
FBgn0038313,LOC4803101,1,ortholog_one2one,CG4338
FBgn0034506,LOC4804628,1,ortholog_one2one,CG13870
FBgn0263046,LOC26532626,1,ortholog_one2one,CG43341
FBgn0004197,LOC6897077,1,ortholog_one2one,Ser
FBgn0033931,LOC4803885,1,ortholog_one2one,Obp50e
FBgn0038485,LOC4800764,1,ortholog_one2one,CG5255
FBgn0035921,LOC4812726,1,ortholog_one2one,CG13305
FBgn0039680,LOC6902957,0,ortholog_one2many,Cap-D2
FBgn0039680,LOC117184028,0,ortholog_one2many,Cap-D2
FBgn0039130,LOC4801741,1,ortholog_one2one,CG5854
FBgn0004657,LOC6902161,1,ortholog_one2one,mys
FBgn0052061,LOC6900678,1,ortholog_one2many,CG32061
FBgn0052061,LOC6902746,0,ortholog_one2many,CG32061
FBgn0039379,LOC4802651,1,ortholog_one2one,CG5886
FBgn0086358,LOC4805694,0,ortholog_one2one,Tab2
FBgn0033827,LOC4803344,1,ortholog_one2one,CG17047
FBgn0010583,LOC4817026,1,ortholog_one2one,dock
FBgn0036821,LOC4813535,1,ortholog_one2one,CG3961
FBgn0264544,LOC6902666,0,ortholog_one2many,CG43923
FBgn0037044,LOC4813723,1,ortholog_one2one,Pdss2
FBgn0051988,LOC4818072,1,ortholog_one2many,CG31988
FBgn0038013,LOC4802618,1,ortholog_one2one,CG10038
FBgn0026239,LOC4801840,1,ortholog_one2one,gukh
FBgn0036405,LOC4813179,1,ortholog_one2one,CG6833
FBgn0033872,LOC4805155,1,ortholog_one2one,CG6329
FBgn0034158,LOC4804766,1,ortholog_one2one,RalGPS
FBgn0031764,LOC4818010,1,ortholog_one2one,CG9107
FBgn0050285,LOC4803691,1,ortholog_one2one,BaraC
FBgn0031731,LOC4816757,1,ortholog_one2one,CG14007
FBgn0030780,LOC4815954,1,ortholog_one2one,CG13008
FBgn0033708,LOC6898179,1,ortholog_one2one,CG8850
FBgn0033951,LOC6897405,0,ortholog_one2one,CG10139
FBgn0030556,LOC4814475,1,ortholog_one2one,mRNA-cap
FBgn0028563,LOC4804351,1,ortholog_one2one,sut1
FBgn0029947,LOC4815258,0,ortholog_one2one,CG1999
FBgn0033207,LOC4804138,1,ortholog_one2one,CG12826
FBgn0267977,LOC4816020,1,ortholog_one2one,mh
FBgn0032665,LOC4817654,1,ortholog_one2one,CG15152
FBgn0003205,LOC4802534,1,ortholog_one2one,Ras85D
FBgn0033791,LOC117183524,0,ortholog_one2many,Drl-2
FBgn0033791,LOC6898344,1,ortholog_one2many,Drl-2
FBgn0020633,LOC4812699,1,ortholog_one2one,Mcm7
FBgn0052499,LOC6902292,0,ortholog_one2one,Cda4
FBgn0034918,LOC26533982,1,ortholog_one2one,Pym
FBgn0035970,LOC6897834,0,ortholog_one2one,CG4483
FBgn0262002,LOC6903545,1,ortholog_one2one,CG42820
FBgn0003346,LOC4816368,1,ortholog_one2one,RanGAP
FBgn0085284,LOC6900516,1,ortholog_one2one,Blos3
FBgn0263114,LOC6898429,0,ortholog_one2one,CG43371
FBgn0250819,LOC26533860,1,ortholog_one2one,CG33521
FBgn0004179,LOC4811934,0,ortholog_one2one,Csp
FBgn0037016,LOC4812355,0,ortholog_one2one,CG13252
FBgn0036814,LOC6900521,1,ortholog_one2one,CG14073
FBgn0030406,LOC4815588,0,ortholog_one2one,CG1463
FBgn0030692,LOC4811746,0,ortholog_one2one,mRpS30
FBgn0035780,LOC4813596,1,ortholog_one2one,CG18417
FBgn0031636,LOC4817136,1,ortholog_one2one,CG12194
FBgn0086370,LOC4802873,1,ortholog_one2one,sra
FBgn0286567,LOC6900511,0,ortholog_one2one,gry
FBgn0266354,LOC6901200,1,ortholog_one2one,CG45002
FBgn0039696,LOC4800994,1,ortholog_one2one,Rnb
FBgn0033372,LOC6898524,1,ortholog_one2one,CG13742
FBgn0250786,LOC4816371,1,ortholog_one2one,Chd1
FBgn0264339,LOC15382900,0,ortholog_one2one,CG43795
FBgn0032348,LOC4817300,1,ortholog_one2one,CG4751
FBgn0038266,LOC6902151,0,ortholog_one2one,CG3610
FBgn0011723,LOC4813838,1,ortholog_one2one,byn
FBgn0030039,LOC6902447,0,ortholog_one2many,CG12123
FBgn0030039,LOC6901333,0,ortholog_one2many,CG12123
FBgn0036142,LOC4813858,1,ortholog_one2one,Adck5
FBgn0027376,LOC4803052,1,ortholog_one2one,rha
FBgn0051344,LOC4803087,1,ortholog_one2one,CG31344
FBgn0029936,LOC4814837,1,ortholog_one2one,CG4617
FBgn0264503,LOC6903955,0,ortholog_one2one,CG43902
FBgn0038195,LOC4801643,1,ortholog_one2one,CG3061
FBgn0037443,LOC4802293,1,ortholog_one2one,Dmtn
FBgn0033206,LOC4804126,0,ortholog_one2one,DCTN4-p62
FBgn0050338,LOC4805120,1,ortholog_one2one,CG30338
FBgn0030035,LOC4816012,1,ortholog_one2one,PIG-T
FBgn0085244,LOC6903162,0,ortholog_one2many,CG34215
FBgn0085244,LOC26532189,0,ortholog_one2many,CG34215
FBgn0028532,LOC4816759,1,ortholog_one2one,CG7968
FBgn0037378,LOC4802066,1,ortholog_one2one,PSMG1
FBgn0046874,LOC6897893,0,ortholog_one2one,Pif1B
FBgn0030658,LOC4815595,0,ortholog_one2one,CG7872
FBgn0024985,LOC4815921,1,ortholog_one2one,Rilpl
FBgn0038285,LOC4802396,1,ortholog_one2one,CG6974
FBgn0029859,LOC6901124,1,ortholog_one2one,CG15892
FBgn0266443,LOC117185014,0,ortholog_one2many,CG45073
FBgn0266443,LOC117184683,0,ortholog_one2many,CG45073
FBgn0285892,LOC6898756,0,ortholog_one2many,tea
FBgn0285892,LOC6899970,0,ortholog_one2many,tea
FBgn0033054,LOC4804825,1,ortholog_one2one,CG14591
FBgn0015929,LOC4804921,1,ortholog_one2one,dpa
FBgn0027786,LOC4812188,1,ortholog_one2one,Mtch
FBgn0002622,LOC6899197,0,ortholog_one2many,RpS3
FBgn0002622,LOC4800421,1,ortholog_one2many,RpS3
FBgn0027581,LOC4805170,1,ortholog_one2one,CG6191
FBgn0032822,LOC4816203,1,ortholog_one2one,CG10466
FBgn0038951,LOC4801736,0,ortholog_one2one,Polr3F
FBgn0260960,LOC4812680,1,ortholog_one2one,Baldspot
FBgn0033208,LOC4804137,1,ortholog_one2one,mRpL52
FBgn0025352,LOC4803508,1,ortholog_one2one,Mtpbeta
FBgn0035873,LOC4813930,1,ortholog_one2one,CG13670
FBgn0030871,LOC4815383,1,ortholog_one2one,CG8142
FBgn0001247,LOC4813975,1,ortholog_one2one,Ide
FBgn0040308,LOC4813859,0,ortholog_one2one,Prx4
FBgn0035348,LOC4813694,1,ortholog_one2one,CG16758
FBgn0034095,LOC4804649,1,ortholog_one2one,CG15701
FBgn0040322,LOC4813434,1,ortholog_one2one,GNBP2
FBgn0029679,LOC4814617,1,ortholog_one2one,CG2901
FBgn0027582,LOC4817287,1,ortholog_one2one,CG6230
FBgn0026257,LOC6897342,0,ortholog_one2one,cav
FBgn0029898,LOC4815498,0,ortholog_one2one,CG14439
FBgn0004436,LOC4802508,1,ortholog_one2one,Ubc6
FBgn0045477,LOC4813422,1,ortholog_one2one,Gr64c
FBgn0036337,LOC6900528,1,ortholog_one2one,Adk2
FBgn0038948,LOC4801733,0,ortholog_one2one,JMJD6
FBgn0035583,LOC4811993,1,ortholog_one2one,hoka
FBgn0036406,LOC4813784,1,ortholog_one2one,CG13484
FBgn0040375,LOC4814297,1,ortholog_one2one,CG13760
FBgn0050349,LOC4805044,1,ortholog_one2one,CG30349
FBgn0040068,LOC4814935,1,ortholog_one2one,Vav
FBgn0033155,LOC4803485,1,ortholog_one2one,Br140
FBgn0001404,LOC4814539,1,ortholog_one2one,egh
FBgn0063497,LOC5495515,1,ortholog_one2many,GstE3
FBgn0063497,LOC6898657,1,ortholog_one2many,GstE3
FBgn0033341,LOC4805048,1,ortholog_one2one,MrgBP
FBgn0027109,LOC4800796,1,ortholog_one2one,NPF
FBgn0243512,LOC4801592,1,ortholog_one2one,puc
FBgn0001281,LOC4800255,1,ortholog_one2many,janB
FBgn0039092,LOC6896808,1,ortholog_many2many,CG16723
FBgn0039092,LOC6896809,1,ortholog_many2many,CG16723
FBgn0039092,LOC6896807,1,ortholog_many2many,CG16723
FBgn0034452,LOC4804139,1,ortholog_one2one,Oseg6
FBgn0053286,LOC6900381,1,ortholog_many2many,CG33286
FBgn0053286,LOC6900382,1,ortholog_many2many,CG33286
FBgn0030092,LOC4815334,1,ortholog_one2one,fh
FBgn0039040,LOC4800909,1,ortholog_one2one,CG13833
FBgn0085468,LOC6898161,1,ortholog_one2one,ND-MWFE
FBgn0039601,LOC6901931,0,ortholog_one2many,CG1523
FBgn0039601,LOC4800623,1,ortholog_one2many,CG1523
FBgn0259204,LOC6901547,1,ortholog_one2one,sloth2
FBgn0265274,LOC4801698,0,ortholog_one2one,Inx3
FBgn0262955,LOC4801630,1,ortholog_one2one,Polr2B
FBgn0005633,LOC6901984,0,ortholog_one2one,fln
FBgn0052179,LOC4813182,1,ortholog_one2one,Krn
FBgn0014031,LOC4815563,1,ortholog_one2one,Agxt
FBgn0035714,LOC4812379,1,ortholog_one2one,Sbds
FBgn0036224,LOC4813728,0,ortholog_one2one,Rpt4R
FBgn0039444,LOC5687544,1,ortholog_one2one,TwdlD
FBgn0038422,LOC4802557,1,ortholog_one2one,js
FBgn0032726,LOC4817337,1,ortholog_one2one,CG10621
FBgn0036321,LOC4813669,0,ortholog_one2one,CG14120
FBgn0085204,LOC6903009,1,ortholog_one2one,CG34175
FBgn0031375,LOC4817525,1,ortholog_one2one,erm
FBgn0015569,LOC4802956,1,ortholog_one2one,alpha-Est10
FBgn0259685,LOC4802170,1,ortholog_one2one,crb
FBgn0037696,LOC4800591,1,ortholog_one2one,GstZ1
FBgn0052856,LOC6897567,1,ortholog_one2one,CG32856
FBgn0002440,LOC6900716,1,ortholog_one2one,l(3)mbn
FBgn0003520,LOC4804120,1,ortholog_one2one,stau
FBgn0034626,LOC4805715,1,ortholog_one2one,bisc
FBgn0036600,LOC4812161,1,ortholog_many2many,CG13043
FBgn0036600,LOC6900029,0,ortholog_many2many,CG13043
FBgn0036600,LOC6900017,0,ortholog_many2many,CG13043
FBgn0036600,LOC6900030,0,ortholog_many2many,CG13043
FBgn0030519,LOC4814740,1,ortholog_one2one,CG11151
FBgn0063499,LOC4804804,1,ortholog_one2one,GstE10
FBgn0034461,LOC6898703,0,ortholog_one2one,CG15124
FBgn0037627,LOC4803015,1,ortholog_one2one,CG13318
FBgn0038632,LOC4801435,1,ortholog_one2one,CG14301
FBgn0035541,LOC6900042,1,ortholog_one2one,CG15019
FBgn0035332,LOC6902668,0,ortholog_one2many,CG13801
FBgn0260004,LOC4802810,1,ortholog_one2one,Snmp1
FBgn0010638,LOC4803971,1,ortholog_one2one,Sec61beta
FBgn0033434,LOC4805123,1,ortholog_one2one,CG1902
FBgn0031299,LOC4817594,1,ortholog_one2one,CG4629
FBgn0040506,LOC6902466,1,ortholog_many2many,ACXE
FBgn0040506,LOC6902469,0,ortholog_many2many,ACXE
FBgn0040506,LOC6902467,1,ortholog_many2many,ACXE
FBgn0038834,LOC4801550,1,ortholog_one2one,RpS30
FBgn0017590,LOC6896963,1,ortholog_one2one,klg
FBgn0032345,LOC4817288,1,ortholog_one2one,Dnaaf4
FBgn0040281,LOC4812463,1,ortholog_one2one,Aplip1
FBgn0032094,LOC4816186,1,ortholog_one2one,CG12439
FBgn0032682,LOC4817386,1,ortholog_one2one,grnd
FBgn0262115,LOC6902741,0,ortholog_one2one,CG17683
FBgn0086913,LOC6900878,1,ortholog_one2one,Rab26
FBgn0019972,LOC4801963,1,ortholog_one2one,Drice
FBgn0031294,LOC4817589,1,ortholog_one2one,IA-2
FBgn0031012,LOC6901623,0,ortholog_one2one,CG8051
FBgn0266136,LOC6900273,0,ortholog_one2many,Gyc76C
FBgn0027329,LOC6901158,0,ortholog_one2many,CCT6
FBgn0027329,LOC6897920,0,ortholog_one2many,CCT6
FBgn0035771,LOC4812904,1,ortholog_one2many,Sec63
FBgn0035771,LOC6900445,0,ortholog_one2many,Sec63
FBgn0036951,LOC117185411,1,ortholog_one2many,CG7017
FBgn0036951,LOC4812807,1,ortholog_one2many,CG7017
FBgn0034720,LOC4805212,1,ortholog_one2one,Liprin-gamma
FBgn0267861,LOC26532704,0,ortholog_one2one,Maf1
FBgn0053868,LOC6901701,0,ortholog_many2many,His2B:CG33868
FBgn0053868,LOC6901707,0,ortholog_many2many,His2B:CG33868
FBgn0034588,LOC4805530,1,ortholog_one2one,CG9394
FBgn0283473,LOC6901040,1,ortholog_one2one,S6KL
FBgn0033351,LOC4805037,1,ortholog_one2one,AIMP1
FBgn0264326,LOC4800644,1,ortholog_one2one,PolE1
FBgn0034253,LOC4804676,1,ortholog_one2one,CG10936
FBgn0054056,LOC6900615,1,ortholog_one2one,CG34056
FBgn0031059,LOC6901198,1,ortholog_one2one,CG14229
FBgn0263986,LOC4801534,0,ortholog_one2one,cd
FBgn0051862,LOC4816169,0,ortholog_one2one,CG31862
FBgn0035852,LOC4814132,1,ortholog_one2one,CG7387
FBgn0038961,LOC4801676,1,ortholog_one2one,CG13850
FBgn0015622,LOC6896766,1,ortholog_one2many,Cnx99A
FBgn0013276,LOC6896929,0,ortholog_many2many,Hsp70Ab
FBgn0013276,LOC4800844,0,ortholog_many2many,Hsp70Ab
FBgn0035861,LOC6900943,1,ortholog_one2one,CG7213
FBgn0037716,LOC4802708,1,ortholog_one2one,Son
FBgn0036603,LOC6900018,1,ortholog_one2one,CG13062
FBgn0038201,LOC6897285,1,ortholog_one2one,PK1-R
FBgn0033494,LOC6898406,1,ortholog_one2one,KCNQ
FBgn0031688,LOC4816812,1,ortholog_one2many,Cyp28d2
FBgn0266124,LOC4812159,1,ortholog_one2one,ghi
FBgn0053822,LOC117183568,1,ortholog_many2many,His1:CG33822
FBgn0053822,LOC117185631,1,ortholog_many2many,His1:CG33822
FBgn0053822,LOC26534267,1,ortholog_many2many,His1:CG33822
FBgn0053822,LOC117183621,1,ortholog_many2many,His1:CG33822
FBgn0053822,LOC117185633,0,ortholog_many2many,His1:CG33822
FBgn0053822,LOC117185630,1,ortholog_many2many,His1:CG33822
FBgn0053822,LOC117185606,1,ortholog_many2many,His1:CG33822
FBgn0053822,LOC117185608,1,ortholog_many2many,His1:CG33822
FBgn0053822,LOC117185600,1,ortholog_many2many,His1:CG33822
FBgn0053822,LOC26532116,1,ortholog_many2many,His1:CG33822
FBgn0053822,LOC26533245,1,ortholog_many2many,His1:CG33822
FBgn0053822,LOC117185634,0,ortholog_many2many,His1:CG33822
FBgn0053822,LOC117185607,0,ortholog_many2many,His1:CG33822
FBgn0053822,LOC26532398,0,ortholog_many2many,His1:CG33822
FBgn0053822,LOC117183574,0,ortholog_many2many,His1:CG33822
FBgn0031360,LOC4817509,1,ortholog_one2one,CG31937
FBgn0061361,LOC26533940,1,ortholog_one2one,Tcs1
FBgn0032859,LOC4816687,1,ortholog_one2one,Arpc2
FBgn0260755,LOC4812977,1,ortholog_one2one,CG42553
FBgn0002787,LOC4805613,1,ortholog_one2one,Rpn8
FBgn0053807,LOC117183568,1,ortholog_many2many,His1:CG33807
FBgn0053807,LOC117185631,1,ortholog_many2many,His1:CG33807
FBgn0053807,LOC26534267,1,ortholog_many2many,His1:CG33807
FBgn0053807,LOC117183621,1,ortholog_many2many,His1:CG33807
FBgn0053807,LOC117185633,0,ortholog_many2many,His1:CG33807
FBgn0053807,LOC117185630,1,ortholog_many2many,His1:CG33807
FBgn0053807,LOC117185606,1,ortholog_many2many,His1:CG33807
FBgn0053807,LOC117185608,0,ortholog_many2many,His1:CG33807
FBgn0053807,LOC117185600,1,ortholog_many2many,His1:CG33807
FBgn0053807,LOC26532116,0,ortholog_many2many,His1:CG33807
FBgn0053807,LOC26533245,0,ortholog_many2many,His1:CG33807
FBgn0053807,LOC117185634,0,ortholog_many2many,His1:CG33807
FBgn0053807,LOC117185607,0,ortholog_many2many,His1:CG33807
FBgn0053807,LOC26532398,1,ortholog_many2many,His1:CG33807
FBgn0053807,LOC117183574,0,ortholog_many2many,His1:CG33807
FBgn0033010,LOC4811771,0,ortholog_one2one,Atf6
FBgn0038857,LOC4802245,1,ortholog_one2one,Bdbt
FBgn0035639,LOC4812128,1,ortholog_one2one,kri
FBgn0037828,LOC6897975,1,ortholog_one2one,tomboy20
FBgn0011715,LOC6897603,1,ortholog_one2one,Snr1
FBgn0039820,LOC4800340,1,ortholog_one2one,CG15554
FBgn0053828,LOC117183568,0,ortholog_many2many,His1:CG33828
FBgn0053828,LOC117185631,0,ortholog_many2many,His1:CG33828
FBgn0053828,LOC26534267,0,ortholog_many2many,His1:CG33828
FBgn0053828,LOC117183621,1,ortholog_many2many,His1:CG33828
FBgn0053828,LOC117185633,1,ortholog_many2many,His1:CG33828
FBgn0053828,LOC117185630,0,ortholog_many2many,His1:CG33828
FBgn0053828,LOC117185606,1,ortholog_many2many,His1:CG33828
FBgn0053828,LOC117185608,0,ortholog_many2many,His1:CG33828
FBgn0053828,LOC117185600,1,ortholog_many2many,His1:CG33828
FBgn0053828,LOC26532116,0,ortholog_many2many,His1:CG33828
FBgn0053828,LOC26533245,1,ortholog_many2many,His1:CG33828
FBgn0053828,LOC117185634,0,ortholog_many2many,His1:CG33828
FBgn0053828,LOC117185607,0,ortholog_many2many,His1:CG33828
FBgn0053828,LOC26532398,0,ortholog_many2many,His1:CG33828
FBgn0053828,LOC117183574,1,ortholog_many2many,His1:CG33828
FBgn0051202,LOC4800278,1,ortholog_one2one,alpha-Man-Ic
FBgn0263106,LOC4812114,0,ortholog_one2one,DnaJ-1
FBgn0032702,LOC4817233,1,ortholog_one2one,CG10376
FBgn0034139,LOC4805359,0,ortholog_one2one,CG4927
FBgn0037546,LOC4800948,1,ortholog_one2one,mAChR-B
FBgn0036949,LOC6900422,1,ortholog_one2many,CG7290
FBgn0036949,LOC117185409,1,ortholog_one2many,CG7290
FBgn0033658,LOC4805413,1,ortholog_one2one,Twdlbeta
FBgn0027513,LOC4805081,1,ortholog_one2one,ana2
FBgn0261928,LOC13036450,1,ortholog_one2one,CG42795
FBgn0010651,LOC4803737,1,ortholog_one2one,MFS14
FBgn0039525,LOC4801190,1,ortholog_one2one,CG5646
FBgn0036454,LOC4813049,1,ortholog_one2one,CG17839
FBgn0039704,LOC117183371,0,ortholog_one2one,neo
FBgn0261592,LOC4814682,1,ortholog_one2one,RpS6
FBgn0032717,LOC6902958,1,ortholog_one2one,CG10600
FBgn0050375,LOC4803584,1,ortholog_one2one,CG30375
FBgn0034362,LOC4804446,1,ortholog_one2one,CG5323
FBgn0036020,LOC4812694,1,ortholog_one2one,Cyp40
FBgn0260486,LOC4817881,0,ortholog_one2one,Ziz
FBgn0039225,LOC4800430,1,ortholog_one2one,Ets96B
FBgn0052412,LOC4812200,1,ortholog_one2one,QC
FBgn0036751,LOC4813642,1,ortholog_one2one,Adgf-B
FBgn0085308,LOC6897104,1,ortholog_one2one,CG34279
FBgn0039766,LOC4800392,1,ortholog_one2one,CG15536
FBgn0029685,LOC4815267,1,ortholog_one2one,CG2938
FBgn0263355,LOC4816575,1,ortholog_one2one,CG31688
FBgn0035251,LOC4813183,1,ortholog_one2one,Vta1
FBgn0037720,LOC4802454,1,ortholog_one2one,CG8312
FBgn0031589,LOC4816776,1,ortholog_one2one,Naprt
FBgn0039641,LOC4801164,1,ortholog_one2one,CG14511
FBgn0013676,GeneID_44805023,1,ortholog_one2one,mt:CoIII
FBgn0052170,LOC4812232,1,ortholog_one2one,CG32170
FBgn0025638,LOC6901854,1,ortholog_one2one,Roc1a
FBgn0030104,LOC117184825,1,ortholog_one2many,CG15368
FBgn0036537,LOC4813233,1,ortholog_one2many,CG18081
FBgn0037902,LOC4802816,1,ortholog_one2one,CG5281
FBgn0033153,LOC4803483,1,ortholog_one2one,Gadd45
FBgn0031505,LOC4816701,1,ortholog_one2one,ND-B14.5B
FBgn0085354,LOC6902198,1,ortholog_one2one,CG34325
FBgn0040097,LOC6902209,0,ortholog_one2many,lectin-30A
FBgn0002590,LOC6901354,0,ortholog_one2one,RpS5a
FBgn0032398,LOC4817804,1,ortholog_one2one,CG6766
FBgn0036450,LOC4813394,1,ortholog_one2one,Tdrd3
FBgn0030611,LOC4815904,1,ortholog_one2one,CG15027
FBgn0037399,LOC4801917,1,ortholog_one2one,Or83c
FBgn0039561,LOC4801104,1,ortholog_one2one,mfrn
FBgn0039994,LOC6899316,0,ortholog_one2one,conu
FBgn0038529,LOC4802685,1,ortholog_one2one,CG14323
FBgn0034573,LOC4805514,1,ortholog_one2one,Sou
FBgn0037896,LOC4803197,1,ortholog_one2one,ninaG
FBgn0034784,LOC4803861,1,ortholog_one2one,CG9826
FBgn0052982,LOC4816150,1,ortholog_one2one,CG32982
FBgn0033744,LOC4805464,1,ortholog_one2one,Dh44-R2
FBgn0032851,LOC6902607,1,ortholog_one2one,CG13970
FBgn0283479,LOC6901001,0,ortholog_one2one,Alp1
FBgn0051787,LOC4816826,1,ortholog_one2one,CG31787
FBgn0028741,LOC4805374,1,ortholog_one2one,fab1
FBgn0037439,LOC4802298,1,ortholog_one2one,CG10286
FBgn0026755,LOC4816157,1,ortholog_one2one,Ugt37B1
FBgn0035228,LOC4814159,1,ortholog_one2one,CG12091
FBgn0031184,LOC4815633,1,ortholog_one2one,CG14615
FBgn0037297,LOC4802496,0,ortholog_one2one,CG1116
FBgn0031903,LOC4816921,1,ortholog_one2one,Wnt10
FBgn0010786,LOC4812513,1,ortholog_one2one,Hmbs
FBgn0040565,LOC6896863,1,ortholog_one2one,CG7606
FBgn0000137,LOC4814683,1,ortholog_one2one,ase
FBgn0002563,LOC6897260,0,ortholog_one2many,Lsp1beta
FBgn0051849,LOC4816749,1,ortholog_one2one,Mgat3
FBgn0001942,LOC4817945,1,ortholog_one2one,eIF4A
FBgn0053965,LOC6899944,1,ortholog_one2one,CG33965
FBgn0028560,LOC4804557,1,ortholog_one2many,sut4
FBgn0028560,LOC6898520,1,ortholog_one2many,sut4
FBgn0003132,LOC6901811,1,ortholog_one2one,Pp1-13C
FBgn0050160,LOC5495518,1,ortholog_one2many,CG30160
FBgn0031721,LOC4816270,1,ortholog_one2one,CG14017
FBgn0033032,LOC4803333,0,ortholog_one2one,kune
FBgn0021872,LOC6898999,1,ortholog_one2one,Xbp1
FBgn0037770,LOC4800786,1,ortholog_one2one,Art4
FBgn0013576,LOC6897619,1,ortholog_one2one,mtd
FBgn0023175,LOC6902055,0,ortholog_one2many,Prosalpha7
FBgn0023175,LOC6902961,0,ortholog_one2many,Prosalpha7
FBgn0023175,LOC6898958,1,ortholog_one2many,Prosalpha7
FBgn0051676,LOC6903082,1,ortholog_one2one,CG31676
FBgn0263041,LOC6899119,0,ortholog_one2many,CG43336
FBgn0034400,LOC4803627,1,ortholog_one2one,CG15099
FBgn0050125,LOC4804074,1,ortholog_one2one,Ir56a
FBgn0085396,LOC4815825,0,ortholog_one2one,CG34367
FBgn0022160,LOC4805720,1,ortholog_one2one,Gpo1
FBgn0013756,LOC6898892,0,ortholog_one2one,Mgtor
FBgn0028847,LOC4818126,1,ortholog_one2one,CG9014
FBgn0260753,LOC4814343,1,ortholog_one2one,Pdfr
FBgn0025621,LOC4814242,1,ortholog_one2many,CG16989
FBgn0025621,LOC117184453,1,ortholog_one2many,CG16989
FBgn0031558,LOC6902966,1,ortholog_one2many,CG16704
FBgn0031558,LOC6902967,1,ortholog_one2many,CG16704
FBgn0035567,LOC4811928,1,ortholog_one2many,CG7514
FBgn0034420,LOC117183535,0,ortholog_one2many,CG10737
FBgn0034420,LOC4804604,1,ortholog_one2many,CG10737
FBgn0053140,LOC6903489,0,ortholog_one2one,CG33140
FBgn0003892,LOC4805055,1,ortholog_one2many,ptc
FBgn0003892,LOC117183509,1,ortholog_one2many,ptc
FBgn0039597,LOC4800629,1,ortholog_one2one,CG9997
FBgn0003071,LOC4804562,1,ortholog_one2one,Pfk
FBgn0005564,LOC4812558,1,ortholog_one2one,Shal
FBgn0034364,LOC4804444,1,ortholog_one2one,CG5493
FBgn0035121,LOC4812421,1,ortholog_one2one,Tudor-SN
FBgn0026380,LOC4803036,1,ortholog_one2one,Prosbeta3
FBgn0052687,LOC4814953,1,ortholog_one2one,CG32687
FBgn0028506,LOC4817488,1,ortholog_one2one,CG4455
FBgn0263076,LOC6898330,1,ortholog_one2one,Klp54D
FBgn0051267,LOC4800762,1,ortholog_one2one,CG31267
FBgn0045486,LOC4816269,1,ortholog_one2many,Gr36b
FBgn0262103,LOC6898226,1,ortholog_one2one,Sik3
FBgn0036986,LOC4813966,1,ortholog_one2one,CG5282
FBgn0003189,LOC4814491,0,ortholog_one2one,r
FBgn0038686,LOC4803239,1,ortholog_one2one,CG5555
FBgn0037023,LOC4811891,1,ortholog_one2one,CG3698
FBgn0039099,LOC5495514,1,ortholog_one2one,GILT2
FBgn0031310,LOC4817605,1,ortholog_one2one,Vps29
FBgn0038944,LOC4801476,1,ortholog_one2one,CG5388
FBgn0031895,LOC4817765,1,ortholog_one2one,CG4497
FBgn0035254,LOC4813762,1,ortholog_one2one,CG7974
FBgn0040336,LOC4815925,0,ortholog_one2one,Seipin
FBgn0035848,LOC4814160,1,ortholog_one2one,Uxs
FBgn0037116,LOC4813325,1,ortholog_one2one,Als2
FBgn0036118,LOC4813816,1,ortholog_one2one,Blos2
FBgn0034047,LOC6899115,1,ortholog_one2one,cGlr1
FBgn0039316,LOC6897576,1,ortholog_many2many,CG11893
FBgn0039316,LOC6897577,1,ortholog_many2many,CG11893
FBgn0023524,LOC4815549,1,ortholog_one2one,CG3078
FBgn0031257,LOC4817255,1,ortholog_one2one,CG4133
FBgn0028375,LOC4817716,1,ortholog_one2one,heix
FBgn0003429,LOC4800443,1,ortholog_one2one,slo
FBgn0037619,LOC4802998,1,ortholog_one2one,CG8159
FBgn0054007,LOC6903101,1,ortholog_one2one,CG34007
FBgn0037894,LOC4803199,1,ortholog_one2one,Ipo9
FBgn0040531,LOC13036360,1,ortholog_one2one,CG11741
FBgn0045866,LOC117183395,1,ortholog_one2one,bai
FBgn0284221,LOC6900594,1,ortholog_one2one,Sema5c
FBgn0005654,LOC4804651,1,ortholog_one2one,Orc3
FBgn0028648,LOC4812821,0,ortholog_one2one,mRpL50
FBgn0037544,LOC4802716,1,ortholog_one2one,CG11035
FBgn0025645,LOC6901279,1,ortholog_one2one,CG3598
FBgn0028990,LOC4816205,1,ortholog_one2one,Spn27A
FBgn0262519,LOC6900846,1,ortholog_one2many,Mi-2
FBgn0025821,LOC4803263,0,ortholog_one2many,I-t
FBgn0038400,LOC4802880,1,ortholog_one2one,Mic26-27
FBgn0035299,LOC6903071,0,ortholog_one2one,CG11815
FBgn0027497,LOC4802057,1,ortholog_one2one,Madm
FBgn0024984,LOC4815663,1,ortholog_one2one,CG3457
FBgn0034834,LOC4803718,1,ortholog_one2one,LS2
FBgn0030739,LOC4814898,1,ortholog_one2one,SWIP
FBgn0034816,LOC4803735,1,ortholog_one2one,CG3085
FBgn0021944,LOC4816119,1,ortholog_one2one,Coprox
FBgn0261020,LOC4817412,1,ortholog_one2one,wol
FBgn0039429,LOC4801079,1,ortholog_one2one,CG14238
FBgn0052679,LOC6901668,0,ortholog_one2one,CG32679
FBgn0051954,LOC4816928,1,ortholog_one2one,CG31954
FBgn0083981,LOC6901652,1,ortholog_one2one,RunxA
FBgn0086611,LOC6900713,0,ortholog_many2many,Lcp65Ag3
FBgn0086611,LOC6900714,1,ortholog_many2many,Lcp65Ag3
FBgn0036139,LOC4812850,1,ortholog_one2one,CG6216
FBgn0002174,LOC6898514,1,ortholog_one2one,CG5504
FBgn0029940,LOC4814774,0,ortholog_one2one,CG1958
FBgn0052667,LOC6901321,1,ortholog_one2one,ssp7
FBgn0002887,LOC6903540,1,ortholog_one2one,mus201
FBgn0038402,LOC4802878,1,ortholog_one2one,Fer2
FBgn0039920,LOC4811686,0,ortholog_one2one,CG11360
FBgn0027564,LOC4814712,0,ortholog_one2one,CG3149
FBgn0030326,LOC4815694,1,ortholog_one2one,CG2444
FBgn0050462,LOC6898401,1,ortholog_one2one,ste24c
FBgn0033781,LOC4805138,1,ortholog_one2one,CG13319
FBgn0034978,LOC4804326,1,ortholog_one2one,CG3257
FBgn0040107,LOC6902209,0,ortholog_one2many,lectin-21Ca
FBgn0030412,LOC6902025,1,ortholog_one2one,Tomosyn
FBgn0003483,LOC4802318,1,ortholog_one2one,spn-E
FBgn0039872,LOC4801822,1,ortholog_one2one,salt
FBgn0035309,LOC6900859,1,ortholog_one2many,CG15879
FBgn0036563,LOC6900406,1,ortholog_many2many,CG13075
FBgn0036563,LOC6900424,0,ortholog_many2many,CG13075
FBgn0054040,LOC117183753,1,ortholog_one2one,CG34040
FBgn0036162,LOC6900541,0,ortholog_one2one,Fum3
FBgn0050339,LOC4805122,1,ortholog_one2one,CG30339
FBgn0050026,LOC6898745,0,ortholog_one2one,CG30026
FBgn0037734,LOC4800846,1,ortholog_one2one,trbd
FBgn0030350,LOC6901419,1,ortholog_one2many,SelG
FBgn0035603,LOC4812880,1,ortholog_one2one,Pfdn4
FBgn0031182,LOC6902601,0,ortholog_one2one,Cyp6t1
FBgn0015075,LOC4812030,1,ortholog_one2one,Ddx1
FBgn0052447,LOC4813685,1,ortholog_one2one,CG32447
FBgn0030088,LOC4814842,1,ortholog_one2one,Arfrp1
FBgn0039684,LOC4800501,1,ortholog_one2one,Obp99d
FBgn0069913,LOC4805447,1,ortholog_one2one,CG4681
FBgn0285879,LOC6901678,1,ortholog_one2one,disco-r
FBgn0037182,LOC4812310,1,ortholog_one2one,ArfGAP3
FBgn0039857,LOC4801117,1,ortholog_one2one,RpL6
FBgn0262127,LOC6897018,1,ortholog_one2one,kibra
FBgn0053687,LOC117184977,1,ortholog_one2one,CG33687
FBgn0002521,LOC26532169,0,ortholog_one2one,pho
FBgn0013684,GeneID_44805032,1,ortholog_one2many,mt:ND5
FBgn0013684,LOC26532242,0,ortholog_one2many,mt:ND5
FBgn0013684,LOC117184536,0,ortholog_one2many,mt:ND5
FBgn0000109,LOC4813348,1,ortholog_one2one,Aprt
FBgn0063496,LOC5495503,1,ortholog_one2one,GstE4
FBgn0037506,LOC4802958,1,ortholog_one2one,Mics1
FBgn0039784,LOC4800372,1,ortholog_one2one,CG9698
FBgn0038414,LOC6897651,1,ortholog_one2many,CG6901
FBgn0020616,LOC6902354,1,ortholog_one2one,SA1
FBgn0264357,LOC26534216,0,ortholog_one2one,SNF4Agamma
FBgn0030114,LOC4815679,1,ortholog_one2one,CG17754
FBgn0029839,LOC4814523,1,ortholog_one2one,CG4660
FBgn0004855,LOC4801580,1,ortholog_one2one,Polr2I
FBgn0031759,LOC6903334,1,ortholog_one2one,Kdm5
FBgn0069923,LOC26532160,0,ortholog_one2one,CG41128
FBgn0033308,LOC6898050,1,ortholog_one2one,CG8736
FBgn0051207,LOC4803300,1,ortholog_one2one,CG31207
FBgn0000927,LOC4815194,1,ortholog_one2one,fs(1)Ya
FBgn0010774,LOC4803290,1,ortholog_one2one,Ref1
FBgn0034569,LOC4805508,1,ortholog_one2one,dgt3
FBgn0050008,LOC4804720,1,ortholog_one2one,CG30008
FBgn0035624,LOC4812974,1,ortholog_one2one,Eaf6
FBgn0030073,LOC6901602,1,ortholog_one2one,CG10962
FBgn0028941,LOC6899232,1,ortholog_one2one,CG16853
FBgn0001983,LOC4816710,1,ortholog_one2one,wor
FBgn0050158,LOC4803442,1,ortholog_one2one,CG30158
FBgn0035453,LOC4812147,1,ortholog_one2one,CG10357
FBgn0037138,LOC4812876,1,ortholog_one2one,P5CDh1
FBgn0031004,LOC4814763,1,ortholog_one2one,CG7992
FBgn0036509,LOC4813388,1,ortholog_one2one,CG7739
FBgn0037174,LOC4812581,1,ortholog_one2one,Jhbp6
FBgn0030893,LOC6901453,1,ortholog_one2one,RhoGAP16F
FBgn0026314,LOC4803132,1,ortholog_one2one,Ugt35B1
FBgn0267791,LOC6898489,1,ortholog_one2one,HnRNP-K
FBgn0038723,LOC4803275,1,ortholog_one2one,CG6195
FBgn0263706,LOC6902313,1,ortholog_one2one,CG43658
FBgn0011573,LOC4813053,1,ortholog_one2many,Cdc37
FBgn0011573,LOC6902845,0,ortholog_one2many,Cdc37
FBgn0053307,LOC6902711,1,ortholog_one2one,CG33307
FBgn0064766,LOC4813201,1,ortholog_one2one,CG7600
FBgn0027083,LOC4801616,1,ortholog_one2one,MetRS-m
FBgn0053099,LOC6896830,1,ortholog_one2one,CG33099
FBgn0041232,LOC6900176,1,ortholog_one2one,Grl65a
FBgn0010501,LOC4804550,1,ortholog_one2one,Dcp-1
FBgn0037238,LOC6897778,1,ortholog_one2one,CG1090
FBgn0267828,LOC4816432,1,ortholog_one2one,Fatp1
FBgn0038923,LOC4800992,1,ortholog_one2one,mRpL35
FBgn0030743,LOC4815329,1,ortholog_one2one,CG9921
FBgn0003011,LOC4803277,1,ortholog_one2one,ort
FBgn0025115,LOC6902707,1,ortholog_one2one,Acyp
FBgn0035528,LOC4811985,1,ortholog_one2one,CG15012
FBgn0260862,LOC4811946,1,ortholog_one2one,Vti1a
FBgn0030065,LOC6901598,1,ortholog_one2one,CG12075
FBgn0260779,LOC4800514,1,ortholog_one2one,GatA
FBgn0030749,LOC4814892,1,ortholog_one2one,AnxB11
FBgn0287212,LOC26533432,1,ortholog_one2one,CG46442
FBgn0030482,LOC4815942,1,ortholog_one2one,Bcat
FBgn0025549,LOC4815048,1,ortholog_one2one,unc-119
FBgn0037980,LOC4802590,1,ortholog_one2one,DCAF12
FBgn0050379,LOC4804998,1,ortholog_one2many,CG30379
FBgn0050379,LOC6898744,0,ortholog_one2many,CG30379
FBgn0028935,LOC4816294,1,ortholog_one2one,CG7653
FBgn0038292,LOC4802402,1,ortholog_one2one,CG3987
FBgn0035101,LOC4812490,1,ortholog_one2one,p130CAS
FBgn0038173,LOC6897137,1,ortholog_one2one,Adgf-C
FBgn0036639,LOC4812138,1,ortholog_one2one,CG4229
FBgn0039626,LOC4801600,1,ortholog_one2one,Slu7
FBgn0030963,LOC4815321,0,ortholog_one2one,CG7101
FBgn0032074,LOC4816167,1,ortholog_one2one,Tsp29Fa
FBgn0037676,LOC4800708,1,ortholog_one2one,CG8861
FBgn0260934,LOC6898374,0,ortholog_one2one,par-1
FBgn0037765,LOC4801489,0,ortholog_one2many,CG9458
FBgn0001134,LOC4813718,1,ortholog_one2one,Grd
FBgn0038829,LOC6896958,1,ortholog_one2one,CG17271
FBgn0037310,LOC6897620,1,ortholog_one2one,Tim17b1
FBgn0261274,LOC6900301,1,ortholog_one2one,Ero1L
FBgn0014143,LOC4813990,0,ortholog_one2one,croc
FBgn0261793,LOC6896989,0,ortholog_one2many,Trf2
FBgn0261793,LOC4815987,0,ortholog_one2many,Trf2
FBgn0040551,LOC4801387,1,ortholog_one2one,CG11686
FBgn0024698,LOC4803957,1,ortholog_one2one,Cpsf160
FBgn0040730,LOC4804954,1,ortholog_one2one,CG15127
FBgn0036921,LOC4813340,1,ortholog_one2one,RhoGDI
FBgn0033792,LOC6896808,0,ortholog_many2many,CG13325
FBgn0033792,LOC6896809,0,ortholog_many2many,CG13325
FBgn0033792,LOC6896807,0,ortholog_many2many,CG13325
FBgn0003149,LOC4812715,1,ortholog_one2one,Prm
FBgn0051898,LOC6903283,0,ortholog_one2one,CG31898
FBgn0015035,LOC4816996,1,ortholog_one2one,Cyp4e3
FBgn0038874,LOC6896931,1,ortholog_one2one,ETHR
FBgn0051712,LOC4817257,1,ortholog_one2one,Arglu1
FBgn0002941,LOC4800645,0,ortholog_one2one,slou
FBgn0003114,LOC4804496,1,ortholog_one2one,plu
FBgn0038324,LOC4800693,1,ortholog_one2one,Tmtc4
FBgn0024361,LOC4815655,1,ortholog_one2one,Tsp2A
FBgn0015321,LOC4812684,1,ortholog_one2one,Ubc4
FBgn0036343,LOC4813887,1,ortholog_one2one,CG14115
FBgn0005593,LOC4817486,1,ortholog_one2one,RpL7
FBgn0030711,LOC6903926,0,ortholog_one2one,Rrp47
FBgn0028833,LOC4802200,1,ortholog_one2one,Cmpk
FBgn0039029,LOC4800919,1,ortholog_one2one,CG4704
FBgn0038697,LOC4803251,1,ortholog_one2one,CG3581
FBgn0052202,LOC4813821,1,ortholog_one2one,CG32202
FBgn0263077,LOC4804900,1,ortholog_one2one,M7BP
FBgn0035370,LOC4814041,1,ortholog_one2one,Non2
FBgn0029718,LOC4814558,1,ortholog_one2one,mRpL30
FBgn0284246,LOC4805671,1,ortholog_one2one,l(2)k09848
FBgn0032313,LOC4811730,1,ortholog_one2one,CG14070
FBgn0011740,LOC4800594,1,ortholog_one2one,alpha-Man-IIa
FBgn0028852,LOC4816277,1,ortholog_one2one,CG15262
FBgn0031417,LOC4817478,1,ortholog_one2one,CG3597
FBgn0036150,LOC4813210,1,ortholog_one2one,Ir68a
FBgn0034462,LOC4804949,1,ortholog_one2one,CG15905
FBgn0085277,LOC6900008,1,ortholog_one2one,CG34248
FBgn0029175,LOC4803873,1,ortholog_one2one,sotv
FBgn0031628,LOC4817686,1,ortholog_one2one,CG3294
FBgn0033268,LOC4804338,1,ortholog_one2one,Obp44a
FBgn0034973,LOC4804319,1,ortholog_one2one,CG13564
FBgn0034822,LOC26533083,0,ortholog_one2many,RpL37-2
FBgn0052488,LOC4812131,1,ortholog_one2one,CG32488
FBgn0003559,LOC6901172,1,ortholog_one2one,su(f)
FBgn0034710,LOC4805226,1,ortholog_one2one,Alp7
FBgn0037930,LOC4802379,1,ortholog_one2one,CG14715
FBgn0003447,LOC4815723,1,ortholog_one2one,sn
FBgn0053194,LOC6898458,0,ortholog_many2many,CheA29a
FBgn0053194,LOC117183538,0,ortholog_many2many,CheA29a
FBgn0003310,LOC4817591,1,ortholog_one2one,S
FBgn0040508,LOC6902466,1,ortholog_many2many,ACXC
FBgn0040508,LOC6902469,0,ortholog_many2many,ACXC
FBgn0040508,LOC6902467,1,ortholog_many2many,ACXC
FBgn0034554,LOC4804403,1,ortholog_one2one,CAH14
FBgn0050094,LOC6898960,0,ortholog_one2one,CG30094
FBgn0032728,LOC4816927,1,ortholog_one2one,Tango6
FBgn0039827,LOC4800345,1,ortholog_one2one,CG1544
FBgn0036505,LOC4813341,1,ortholog_one2one,CG7945
FBgn0035312,LOC6900859,1,ortholog_one2many,CG15820
FBgn0261618,LOC6897035,1,ortholog_one2one,larp
FBgn0036738,LOC4813167,1,ortholog_one2one,CG7542
FBgn0035815,LOC4812316,1,ortholog_one2one,Snmp2
FBgn0038613,LOC4801443,0,ortholog_one2one,Vha100-4
FBgn0045476,LOC6900613,1,ortholog_one2one,Gr64e
FBgn0259717,LOC6902937,1,ortholog_one2one,CG42371
FBgn0040628,LOC6896882,1,ortholog_many2many,CAH16
FBgn0040628,LOC6903469,0,ortholog_many2many,CAH16
FBgn0031844,LOC117183991,0,ortholog_one2many,CG13771
FBgn0031844,LOC6902356,0,ortholog_one2many,CG13771
FBgn0036367,LOC4812111,1,ortholog_one2one,CG10116
FBgn0038993,LOC4800704,1,ortholog_one2one,CG13843
FBgn0263390,LOC4800916,0,ortholog_one2one,Nha2
FBgn0260477,LOC6898861,0,ortholog_one2many,CG30283
FBgn0038241,LOC4801727,0,ortholog_one2many,CG8087
FBgn0035686,LOC4813749,1,ortholog_one2one,Cpr65Az
FBgn0015946,LOC4813236,1,ortholog_one2one,grim
FBgn0039360,LOC4802666,1,ortholog_one2one,CLS
FBgn0031188,LOC6900222,0,ortholog_one2many,CG14613
FBgn0031188,LOC6901883,1,ortholog_one2many,CG14613
FBgn0031188,LOC6900220,0,ortholog_one2many,CG14613
FBgn0030745,LOC4815197,1,ortholog_one2one,CG4239
FBgn0052847,LOC6900180,0,ortholog_one2one,CG32847
FBgn0085250,LOC6898407,1,ortholog_one2one,CG34221
FBgn0262029,LOC6903380,1,ortholog_one2one,dachs
FBgn0038358,LOC4803319,1,ortholog_one2one,Ttc26
FBgn0031495,LOC4816880,1,ortholog_one2one,GABPI
FBgn0039465,LOC4800733,0,ortholog_one2one,Tsp97E
FBgn0039009,LOC4800941,1,ortholog_one2one,CG13842
FBgn0033557,LOC4805310,1,ortholog_one2one,CG12325
FBgn0085190,LOC6902569,1,ortholog_one2one,CG34161
FBgn0003870,LOC4801984,1,ortholog_one2one,ttk
FBgn0038244,LOC4801730,1,ortholog_one2one,CG7987
FBgn0034324,LOC6902899,0,ortholog_many2many,CG18538
FBgn0034324,LOC6898652,1,ortholog_many2many,CG18538
FBgn0034324,LOC6898651,1,ortholog_many2many,CG18538
FBgn0034324,LOC4804796,1,ortholog_many2many,CG18538
FBgn0063495,LOC4804809,1,ortholog_one2one,GstE5
FBgn0283521,LOC6898874,1,ortholog_one2one,lola
FBgn0029965,LOC4814780,1,ortholog_one2one,Ir7b
FBgn0028343,LOC4815635,1,ortholog_one2one,Ankle2
FBgn0035020,LOC4805587,1,ortholog_one2one,CG13585
FBgn0003118,LOC6897112,1,ortholog_one2one,pnt
FBgn0051523,LOC4802729,1,ortholog_one2one,CG31523
FBgn0037181,LOC4812587,1,ortholog_one2one,CG11370
FBgn0285910,LOC4814484,1,ortholog_one2one,VhaAC39-1
FBgn0020385,LOC4803236,0,ortholog_one2one,pug
FBgn0031235,LOC4817960,1,ortholog_one2one,CG13693
FBgn0020235,LOC4800999,1,ortholog_one2one,ATPsyngamma
FBgn0025382,LOC4816090,1,ortholog_one2one,Rab27
FBgn0036085,LOC4813117,1,ortholog_one2one,CG6527
FBgn0259964,LOC4817555,1,ortholog_one2many,Sfp33A3
FBgn0000721,LOC4817047,1,ortholog_one2one,for
FBgn0026061,LOC4811883,1,ortholog_one2one,Mipp1
FBgn0000256,LOC6902849,1,ortholog_many2many,capu
FBgn0038042,LOC4800829,1,ortholog_one2one,Scgbeta
FBgn0260464,LOC4801873,0,ortholog_one2one,CG9288
FBgn0039501,LOC4801247,1,ortholog_one2one,TTLL6B
FBgn0036655,LOC6900162,1,ortholog_one2one,CG13031
FBgn0015338,LOC4817782,1,ortholog_one2one,CG5861
FBgn0051217,LOC4802072,1,ortholog_one2one,modSP
FBgn0250845,LOC6897852,0,ortholog_one2one,CG1288
FBgn0033925,LOC4803895,0,ortholog_one2one,CG8617
FBgn0053696,LOC6900308,1,ortholog_one2one,CNMaR
FBgn0038339,LOC4801255,1,ortholog_one2one,CG6118
FBgn0287183,LOC26531986,0,ortholog_one2one,l(3)80Fg
FBgn0264776,LOC6898003,0,ortholog_one2many,CG44014
FBgn0031621,LOC4817693,1,ortholog_one2one,Elba3
FBgn0033687,LOC4803377,1,ortholog_one2one,CG8407
FBgn0026394,LOC4817383,1,ortholog_one2one,Or24a
FBgn0028342,LOC6903640,1,ortholog_one2one,ATPsyndelta
FBgn0001311,LOC4802475,1,ortholog_one2one,kkv
FBgn0028397,LOC4815072,1,ortholog_one2one,Tob
FBgn0032228,LOC117184253,0,ortholog_one2one,CtsL4
FBgn0036768,LOC6900794,1,ortholog_one2one,CG7402
FBgn0035148,LOC4812543,1,ortholog_one2one,CG3402
FBgn0034180,LOC4804245,1,ortholog_one2one,Ehbp1
FBgn0003002,LOC4802512,1,ortholog_one2one,opa
FBgn0265351,LOC4801806,1,ortholog_one2one,nac
FBgn0033629,LOC4805020,1,ortholog_one2one,Tsp47F
FBgn0033926,LOC4803892,0,ortholog_one2one,Arc1
FBgn0037301,LOC6897625,1,ortholog_one2one,Mms19
FBgn0033680,LOC4804353,1,ortholog_one2one,CG13186
FBgn0032612,LOC4817275,1,ortholog_one2one,CG13282
FBgn0035876,LOC4813933,1,ortholog_one2one,Pex2
FBgn0016119,LOC4800643,0,ortholog_one2one,ATPsynCF6
FBgn0026371,LOC4813961,1,ortholog_one2one,SAK
FBgn0013810,LOC6903238,1,ortholog_one2one,Dhc36C
FBgn0054003,LOC6902701,1,ortholog_one2one,NimB3
FBgn0030259,LOC4814529,1,ortholog_one2one,CG1545
FBgn0260859,LOC6900035,1,ortholog_one2one,Bet3
FBgn0051337,LOC4801998,1,ortholog_one2one,CG31337
FBgn0083956,LOC4814395,1,ortholog_one2one,ldd
FBgn0026702,LOC6902271,1,ortholog_one2one,Pop1
FBgn0259720,LOC6900242,1,ortholog_one2one,CG42374
FBgn0030996,LOC4814541,1,ortholog_one2one,CG14194
FBgn0000229,LOC26533386,0,ortholog_one2one,bsk
FBgn0263021,LOC4803677,1,ortholog_one2one,CG43316
FBgn0263117,LOC13036449,1,ortholog_one2one,CG34377
FBgn0037188,LOC6900452,0,ortholog_one2one,CG7369
FBgn0030105,LOC4815827,1,ortholog_one2one,CG15369
FBgn0020493,LOC4802099,1,ortholog_one2one,Dad
FBgn0053299,LOC6902786,1,ortholog_one2one,CG33299
FBgn0043865,LOC4814100,1,ortholog_one2one,SA2
FBgn0040493,LOC4801419,1,ortholog_one2one,grsm
FBgn0031979,LOC4816876,1,ortholog_one2one,CCDC53
FBgn0283432,LOC4814506,1,ortholog_one2many,SdicA
FBgn0031097,LOC4815177,1,ortholog_one2one,obst-A
FBgn0051363,LOC6899286,1,ortholog_one2one,Jupiter
FBgn0037736,LOC4802130,0,ortholog_one2one,side-VII
FBgn0031191,LOC4815853,1,ortholog_one2one,Cp110
FBgn0051279,LOC4802554,1,ortholog_one2one,CG31279
FBgn0041004,LOC6903360,0,ortholog_one2one,CG17715
FBgn0005596,LOC6897083,1,ortholog_one2one,yem
FBgn0037249,LOC4802734,1,ortholog_one2one,eIF3a
FBgn0024806,LOC4812044,1,ortholog_one2one,DIP2
FBgn0034840,LOC4803715,1,ortholog_one2one,CG3124
FBgn0037963,LOC6897810,1,ortholog_one2one,Cad87A
FBgn0000146,LOC117184134,0,ortholog_one2many,aub
FBgn0000146,LOC4817993,0,ortholog_one2many,aub
FBgn0000146,LOC117183186,0,ortholog_one2many,aub
FBgn0033199,LOC4804899,1,ortholog_one2one,CG17985
FBgn0025613,LOC4815275,1,ortholog_one2one,CG3081
FBgn0035413,LOC4813041,1,ortholog_one2one,CG14958
FBgn0034528,LOC6898488,1,ortholog_one2one,CG11180
FBgn0033942,LOC4803959,1,ortholog_one2one,Cpr51A
FBgn0250874,LOC4814998,1,ortholog_one2one,ttm50
FBgn0039510,LOC4801176,1,ortholog_one2one,CG3339
FBgn0265974,LOC4803961,1,ortholog_one2one,ttv
FBgn0030163,LOC4814388,1,ortholog_one2one,CG1791
FBgn0037322,LOC4802448,1,ortholog_one2one,Or83a
FBgn0267433,LOC6897086,0,ortholog_one2one,kl-5
FBgn0034181,LOC6898432,1,ortholog_one2one,Paip1
FBgn0033260,LOC4804345,1,ortholog_one2one,Cul4
FBgn0042126,LOC6903304,1,ortholog_one2one,CG18788
FBgn0000083,LOC4803297,1,ortholog_one2one,AnxB9
FBgn0034085,LOC4803870,1,ortholog_one2one,Ptp52F
FBgn0034422,LOC4804606,1,ortholog_one2one,CG7137
FBgn0036714,LOC6900699,1,ortholog_one2many,CG7692
FBgn0034251,LOC15382901,1,ortholog_one2one,ND-51L1
FBgn0036974,LOC4813018,1,ortholog_one2one,eRF1
FBgn0283440,LOC4817921,1,ortholog_one2one,solo
FBgn0032620,LOC6897406,0,ortholog_one2one,CG12288
FBgn0022710,LOC4815863,1,ortholog_one2one,Ac13E
FBgn0037009,LOC4812083,1,ortholog_one2one,CG5104
FBgn0051200,LOC4800894,1,ortholog_one2one,CG31200
FBgn0034543,LOC4804417,1,ortholog_one2one,galla-1
FBgn0031655,LOC4816716,1,ortholog_one2one,Marcal1
FBgn0035551,LOC4812126,1,ortholog_one2one,CG7465
FBgn0260397,LOC117185142,1,ortholog_one2many,Su(var)3-3
FBgn0260397,LOC4812867,1,ortholog_one2many,Su(var)3-3
FBgn0036353,LOC4813840,1,ortholog_one2one,CG10171
FBgn0038775,LOC4803060,1,ortholog_one2one,CG17199
FBgn0036860,LOC4812340,1,ortholog_one2one,CG14086
FBgn0017566,LOC4814404,1,ortholog_one2one,ND-75
FBgn0037419,LOC4801895,1,ortholog_one2one,Osi12
FBgn0003656,LOC6901966,1,ortholog_one2one,sws
FBgn0026756,LOC6902429,0,ortholog_one2many,Ugt37A1
FBgn0052506,LOC117183163,1,ortholog_one2one,tbc
FBgn0033085,LOC4803420,1,ortholog_one2one,CG15908
FBgn0005636,LOC6899068,1,ortholog_one2one,nvy
FBgn0032387,LOC4817014,1,ortholog_one2one,CG16965
FBgn0026666,LOC4815801,1,ortholog_one2one,MagR
FBgn0027495,LOC4805144,0,ortholog_one2one,Smyd4-4
FBgn0037908,LOC4802820,1,ortholog_one2one,dpr5
FBgn0034184,LOC4804092,1,ortholog_one2one,CG9646
FBgn0013763,LOC4805683,1,ortholog_one2one,Idgf6
FBgn0040397,LOC4815429,1,ortholog_one2one,CG3655
FBgn0263050,LOC4818182,1,ortholog_one2one,CG43345
FBgn0030995,LOC4814540,1,ortholog_one2one,CG7914
FBgn0260639,LOC4816635,1,ortholog_one2one,gammaTub23C
FBgn0265266,LOC6896656,1,ortholog_one2one,CG13639
FBgn0036745,LOC4813719,1,ortholog_one2one,CG7484
FBgn0037448,LOC6897552,1,ortholog_one2one,CG15186
FBgn0030050,LOC4814796,0,ortholog_one2one,CG12111
FBgn0030719,LOC6897805,0,ortholog_one2one,eIF5
FBgn0004915,LOC6903311,0,ortholog_one2one,TfIIB
FBgn0034936,LOC4803529,1,ortholog_one2one,Stoml2
FBgn0039637,LOC4801159,1,ortholog_one2one,Ctl2
FBgn0266446,LOC4802114,1,ortholog_one2one,CG45076
FBgn0033475,LOC4804081,1,ortholog_one2one,CG12129
FBgn0035495,LOC4812912,1,ortholog_one2one,CG14989
FBgn0002031,LOC4811693,1,ortholog_one2one,Phb1
FBgn0262359,LOC26533557,1,ortholog_one2many,CG43057
FBgn0262359,LOC26533500,0,ortholog_one2many,CG43057
FBgn0032503,LOC4816130,1,ortholog_one2one,CG16825
FBgn0053757,LOC6898478,0,ortholog_one2many,CG33757
FBgn0265297,LOC4804151,1,ortholog_one2one,pAbp
FBgn0027660,LOC6900697,1,ortholog_one2one,blot
FBgn0040502,LOC4805569,1,ortholog_one2many,CG8343
FBgn0040502,LOC6899046,1,ortholog_one2many,CG8343
FBgn0032406,LOC4817732,1,ortholog_one2one,CG14947
FBgn0035085,LOC4803558,1,ortholog_one2one,CG3770
FBgn0035006,LOC4805603,1,ortholog_one2one,CG4563
FBgn0086371,LOC4801273,1,ortholog_one2one,Elp6
FBgn0002723,LOC4815426,1,ortholog_one2one,Met
FBgn0260006,LOC4815585,1,ortholog_one2one,drd
FBgn0038063,LOC6896785,1,ortholog_one2one,Octbeta2R
FBgn0053117,LOC6897249,0,ortholog_one2many,TotE
FBgn0038810,LOC4800530,1,ortholog_one2one,Srp72
FBgn0266099,LOC4812404,1,ortholog_one2one,CG44836
FBgn0038330,LOC6897127,1,ortholog_one2one,CG14868
FBgn0000715,LOC4804717,1,ortholog_one2one,FMRFa
FBgn0261698,LOC4804232,0,ortholog_one2one,SLO2
FBgn0033969,LOC4803947,1,ortholog_one2one,Pgm2b
FBgn0034636,LOC4805287,1,ortholog_one2one,twz
FBgn0262734,LOC4814827,1,ortholog_one2one,eIF4H1
FBgn0031799,LOC4816248,1,ortholog_one2one,Pez
FBgn0051326,LOC6897279,1,ortholog_one2one,CG31326
FBgn0033993,LOC6898985,0,ortholog_one2one,CG8089
FBgn0040629,LOC6896883,1,ortholog_one2one,CAH5
FBgn0030274,LOC4814535,1,ortholog_one2one,Lint-1
FBgn0033117,LOC4803443,1,ortholog_one2one,CG3358
FBgn0053144,LOC4805321,1,ortholog_one2one,CG33144
FBgn0040715,LOC4816848,1,ortholog_one2one,CG15386
FBgn0039297,LOC4803216,1,ortholog_one2one,Jhbp7
FBgn0034179,LOC4804246,1,ortholog_one2one,CG6805
FBgn0039498,LOC4802742,0,ortholog_one2many,CG17991
FBgn0030037,LOC4815920,1,ortholog_one2one,Miga
FBgn0032388,LOC4817013,1,ortholog_one2one,CG6686
FBgn0036279,LOC4812996,1,ortholog_one2one,Ncc69
FBgn0010497,LOC4817802,1,ortholog_one2one,dmGlut
FBgn0015663,LOC4817186,1,ortholog_one2one,Ugt36A1
FBgn0039114,LOC4801568,1,ortholog_one2one,Lsd-1
FBgn0043792,LOC6898126,1,ortholog_one2one,CG30427
FBgn0038851,LOC4803295,1,ortholog_one2one,dmrt93B
FBgn0038516,LOC4801193,1,ortholog_one2one,P5cr-2
FBgn0052698,LOC6901062,1,ortholog_one2one,CARPB
FBgn0027539,LOC4800244,1,ortholog_one2one,lili
FBgn0032231,LOC6903321,0,ortholog_one2one,CG5056
FBgn0051321,LOC4801581,1,ortholog_one2one,CG31321
FBgn0032178,LOC4816780,1,ortholog_one2one,Spn31A
FBgn0287825,LOC4803802,1,ortholog_one2one,Vha44
FBgn0003388,LOC4813495,1,ortholog_one2one,shd
FBgn0038046,LOC4800833,1,ortholog_one2one,CG5641
FBgn0039509,LOC4801172,1,ortholog_one2one,bigmax
FBgn0013685,LOC117185115,0,ortholog_one2many,mt:ND6
FBgn0013685,GeneID_44805038,1,ortholog_one2many,mt:ND6
FBgn0261674,LOC4813782,1,ortholog_one2one,CG42709
FBgn0000451,LOC4813231,1,ortholog_one2one,ect
FBgn0038134,LOC4801279,1,ortholog_one2one,wntD
FBgn0037019,LOC4812387,1,ortholog_one2one,Pex16
FBgn0027866,LOC4802752,1,ortholog_one2one,CG9776
FBgn0028879,LOC4817920,1,ortholog_one2one,wwk
FBgn0052647,LOC4814258,0,ortholog_one2one,CG32647
FBgn0001142,LOC117183175,1,ortholog_one2one,Gs1
FBgn0014010,LOC4816854,1,ortholog_one2one,Rab5
FBgn0004583,LOC4817226,1,ortholog_one2one,ex
FBgn0052987,LOC4816221,1,ortholog_one2one,CG32987
FBgn0036941,LOC4812990,1,ortholog_one2one,CG7335
FBgn0033221,LOC4803638,1,ortholog_one2many,CG12825
FBgn0031265,LOC4816923,1,ortholog_one2one,CG2794
FBgn0035216,LOC6900970,1,ortholog_one2one,CG9168
FBgn0000588,LOC4817553,1,ortholog_one2one,esc
FBgn0033186,LOC4804916,1,ortholog_one2one,CG1602
FBgn0053517,LOC4815096,1,ortholog_one2one,Dop2R
FBgn0034985,LOC6898452,1,ortholog_one2one,CG3328
FBgn0037603,LOC4802025,1,ortholog_one2one,Sys1
FBgn0033286,LOC4803591,1,ortholog_one2one,CG2127
FBgn0036810,LOC4812847,1,ortholog_one2one,CG6885
FBgn0003863,LOC5495520,1,ortholog_one2one,alphaTry
FBgn0014022,LOC4802533,1,ortholog_one2one,Rlb1
FBgn0035964,LOC4814035,1,ortholog_one2one,Dhpr
FBgn0038808,LOC4800534,1,ortholog_one2one,Srp14
FBgn0035440,LOC4812425,0,ortholog_one2one,CG14969
FBgn0020443,LOC6902888,1,ortholog_one2one,eRF3
FBgn0285970,LOC6901885,1,ortholog_one2many,CG32500
FBgn0040359,LOC4815685,1,ortholog_one2one,CG11380
FBgn0037461,LOC4802279,1,ortholog_one2many,CG15177
FBgn0033065,LOC4805568,1,ortholog_one2one,Cyp6w1
FBgn0042103,LOC4802979,1,ortholog_one2one,CG18746
FBgn0003046,LOC4817814,1,ortholog_one2one,Pcp
FBgn0003268,LOC4801121,1,ortholog_one2one,rod
FBgn0024326,LOC4802028,1,ortholog_one2one,Mkk4
FBgn0030309,LOC4815405,0,ortholog_one2one,CG1572
FBgn0261284,LOC4815317,1,ortholog_one2one,bou
FBgn0260229,LOC13036285,1,ortholog_one2one,Mocs2A
FBgn0263606,LOC6900002,1,ortholog_one2one,Hsc20
FBgn0010620,LOC4805398,1,ortholog_one2one,CG10939
FBgn0003093,LOC4801599,1,ortholog_one2one,Pkc98E
FBgn0036760,LOC4812775,1,ortholog_one2one,CG5567
FBgn0034278,LOC6898902,1,ortholog_one2one,CG14488
FBgn0015801,LOC4804694,1,ortholog_one2one,Reg-5
FBgn0038658,LOC4801829,1,ortholog_one2one,CG14292
FBgn0039004,LOC117184398,0,ortholog_one2many,Nup133
FBgn0039004,LOC117184399,0,ortholog_one2many,Nup133
FBgn0039004,LOC6899001,0,ortholog_one2many,Nup133
FBgn0039004,LOC6899993,0,ortholog_one2many,Nup133
FBgn0039722,LOC4800261,1,ortholog_one2one,Capa
FBgn0026378,LOC4804140,0,ortholog_one2one,Rep
FBgn0036685,LOC4812584,1,ortholog_one2one,CG6664
FBgn0033897,LOC4803648,1,ortholog_one2one,Rcd1
FBgn0058045,LOC6897801,0,ortholog_one2one,CG40045
FBgn0032683,LOC4817425,1,ortholog_one2one,kon
FBgn0037700,LOC4802537,1,ortholog_one2one,CG8149
FBgn0261501,LOC117183767,1,ortholog_one2one,CG42649
FBgn0033710,LOC6898178,1,ortholog_one2one,CG17739
FBgn0085329,LOC6901431,0,ortholog_one2one,CG34300
FBgn0038426,LOC4802551,1,ortholog_one2one,mRpS33
FBgn0040011,LOC6902744,0,ortholog_one2one,Slmap
FBgn0039325,LOC6897571,1,ortholog_many2many,CG10560
FBgn0039325,LOC4802345,1,ortholog_many2many,CG10560
FBgn0266525,LOC117183672,1,ortholog_one2one,CG45092
FBgn0037501,LOC4802952,1,ortholog_one2one,Ir84a
FBgn0026389,LOC4803481,1,ortholog_one2one,Or43a
FBgn0036956,LOC4812868,1,ortholog_one2many,CG13813
FBgn0036956,LOC117185406,1,ortholog_one2many,CG13813
FBgn0003074,LOC4805043,1,ortholog_one2one,Pgi
FBgn0085430,LOC4815035,0,ortholog_one2one,Dora
FBgn0029095,LOC4817180,1,ortholog_one2one,aru
FBgn0035726,LOC4814040,1,ortholog_one2one,CG9953
FBgn0259183,LOC6898166,1,ortholog_one2one,CG42287
FBgn0039852,LOC6896893,1,ortholog_one2one,nyo
FBgn0085362,LOC6901840,1,ortholog_one2one,Vml
FBgn0039186,LOC4802162,1,ortholog_one2one,CG5746
FBgn0262867,LOC6899047,1,ortholog_one2one,Ptr
FBgn0033101,LOC4803407,1,ortholog_one2one,CG9436
FBgn0036365,LOC4812345,1,ortholog_one2one,cmb
FBgn0000551,LOC4813122,1,ortholog_one2one,Edg78E
FBgn0037295,LOC4802499,0,ortholog_one2one,dpr16
FBgn0038388,LOC4802334,1,ortholog_one2one,CG4287
FBgn0028572,LOC4816745,1,ortholog_one2one,qtc
FBgn0085413,LOC6897879,1,ortholog_one2one,CG34384
FBgn0035267,LOC4812465,1,ortholog_one2one,CG13921
FBgn0038738,LOC4802909,1,ortholog_one2one,CG4572
FBgn0261380,LOC13036531,1,ortholog_one2one,mRpL37
FBgn0037570,LOC4801808,1,ortholog_one2one,CG11693
FBgn0262624,LOC4813399,1,ortholog_one2one,Tmhs
FBgn0032222,LOC4811682,0,ortholog_one2one,Cox10
FBgn0029753,LOC4815637,1,ortholog_one2one,CG4198
FBgn0039196,LOC4802152,1,ortholog_one2one,CG17781
FBgn0029167,LOC4812368,0,ortholog_one2one,Hml
FBgn0283659,LOC4817877,1,ortholog_one2one,THG
FBgn0032067,LOC6902370,1,ortholog_one2one,LManIV
FBgn0036277,LOC4813061,1,ortholog_one2one,CG10418
FBgn0267398,LOC6898025,0,ortholog_one2one,Yeti
FBgn0037008,LOC4812563,1,ortholog_one2one,mTerf3
FBgn0026404,LOC4812801,1,ortholog_one2one,Dronc
FBgn0035253,LOC6900648,1,ortholog_one2one,Srrm234
FBgn0031403,LOC4817051,1,ortholog_one2one,CG15387
FBgn0052669,LOC4815799,1,ortholog_one2one,CG32669
FBgn0052152,LOC6902828,0,ortholog_one2one,CG32152
FBgn0027586,LOC4816513,1,ortholog_one2one,Jhbp14
FBgn0032642,LOC4817681,1,ortholog_one2one,Lamtor3
FBgn0037747,LOC4801508,1,ortholog_one2one,Naa80
FBgn0040601,LOC4801285,1,ortholog_one2one,CG13643
FBgn0052150,LOC4813158,1,ortholog_one2one,meru
FBgn0036465,LOC6897719,0,ortholog_one2many,Rpn12R
FBgn0036465,LOC6897709,0,ortholog_one2many,Rpn12R
FBgn0027556,LOC4814190,1,ortholog_one2one,CG4928
FBgn0052085,LOC26532051,1,ortholog_one2one,CG32085
FBgn0021967,LOC4817335,1,ortholog_one2one,ND-PDSW
FBgn0036144,LOC4813756,1,ortholog_one2one,GlcAT-P
FBgn0032434,LOC4816785,1,ortholog_one2one,CG5421
FBgn0034172,LOC4804188,1,ortholog_one2one,CG6665
FBgn0010355,LOC4802276,1,ortholog_one2one,Taf1
FBgn0037838,LOC13036512,1,ortholog_one2one,TTLL15
FBgn0035505,LOC4812652,1,ortholog_one2one,Teh2
FBgn0038246,LOC4801368,0,ortholog_one2one,CG14853
FBgn0030559,LOC4814498,1,ortholog_one2one,CG13404
FBgn0039315,LOC6897576,1,ortholog_many2many,CG13658
FBgn0039315,LOC6897577,1,ortholog_many2many,CG13658
FBgn0039802,LOC4800312,1,ortholog_one2one,dj-1beta
FBgn0051156,LOC4800703,1,ortholog_one2one,CG31156
FBgn0036775,LOC4813377,1,ortholog_one2one,Polr3D
FBgn0031090,LOC4814496,1,ortholog_one2one,Rab35
FBgn0259916,LOC6900987,1,ortholog_one2one,CG42445
FBgn0051272,LOC117183962,1,ortholog_one2many,CG31272
FBgn0051272,LOC4803225,1,ortholog_one2many,CG31272
FBgn0053723,LOC117183537,0,ortholog_many2many,CG33723
FBgn0053723,LOC6898801,0,ortholog_many2many,CG33723
FBgn0053723,LOC117183751,0,ortholog_many2many,CG33723
FBgn0053723,LOC6898794,0,ortholog_many2many,CG33723
FBgn0053238,LOC6899057,0,ortholog_one2many,Ste:CG33238
FBgn0045038,LOC4817173,1,ortholog_one2one,Proc
FBgn0260799,LOC26533614,0,ortholog_one2many,p120ctn
FBgn0260799,LOC26532209,0,ortholog_one2many,p120ctn
FBgn0025640,LOC4814728,1,ortholog_one2one,CG13369
FBgn0035647,LOC4811971,1,ortholog_one2one,CG10486
FBgn0035056,LOC4804707,1,ortholog_one2one,spz6
FBgn0085320,LOC117183231,1,ortholog_one2one,CG34291
FBgn0051388,LOC6897940,0,ortholog_one2one,CG31388
FBgn0011661,LOC4815377,1,ortholog_one2one,Moe
FBgn0014906,LOC4816768,1,ortholog_one2one,Hydr2
FBgn0025827,LOC4804178,1,ortholog_one2one,CG6421
FBgn0003676,LOC4801658,1,ortholog_one2one,CCT1
FBgn0261931,LOC6901052,1,ortholog_one2one,Hecw
FBgn0034739,LOC4805200,0,ortholog_one2many,CG3927
FBgn0039341,LOC4802415,1,ortholog_one2one,CG5112
FBgn0030768,LOC6902230,1,ortholog_one2many,Nemp
FBgn0030768,LOC6902228,1,ortholog_one2many,Nemp
FBgn0030768,LOC117184587,1,ortholog_one2many,Nemp
FBgn0030768,LOC117184586,1,ortholog_one2many,Nemp
FBgn0030768,LOC117184588,1,ortholog_one2many,Nemp
FBgn0039396,LOC6897513,1,ortholog_one2one,CCAP-R
FBgn0032454,LOC4816525,1,ortholog_one2one,CG5787
FBgn0283508,LOC4803936,1,ortholog_one2one,nw
FBgn0034520,LOC4803902,0,ortholog_one2one,lms
FBgn0020261,LOC4815797,0,ortholog_one2one,pcm
FBgn0016697,LOC4803918,1,ortholog_one2one,Prosalpha5
FBgn0027287,LOC6901878,1,ortholog_one2one,Gmap
FBgn0010520,LOC4817422,1,ortholog_one2one,Bka
FBgn0030949,LOC4814271,1,ortholog_one2one,Cyp308a1
FBgn0037371,LOC4802056,1,ortholog_one2one,Sym
FBgn0030631,LOC4814431,1,ortholog_one2one,Prp5
FBgn0035286,LOC4813722,1,ortholog_one2one,CG13924
FBgn0032082,LOC4816168,1,ortholog_one2one,CG18088
FBgn0052473,LOC4801277,1,ortholog_one2one,CG32473
FBgn0034408,LOC4804062,1,ortholog_one2one,sano
FBgn0028838,LOC4817955,0,ortholog_one2one,CSN1a
FBgn0051809,LOC4816951,1,ortholog_one2many,CG31809
FBgn0030327,LOC4815427,1,ortholog_one2one,FucT6
FBgn0003464,LOC6901909,1,ortholog_one2one,sol
FBgn0032216,LOC4817770,0,ortholog_one2one,Usp14
FBgn0039194,LOC6897482,1,ortholog_one2one,CG13614
FBgn0050074,LOC4803887,1,ortholog_one2one,Obp50d
FBgn0259711,LOC117184869,0,ortholog_one2one,CG42365
FBgn0032964,LOC4818040,1,ortholog_one2one,CG11630
FBgn0051244,LOC4803258,1,ortholog_one2one,CG31244
FBgn0028490,LOC4817251,1,ortholog_one2one,CG31705
FBgn0015010,LOC4815394,1,ortholog_one2one,Ag5r
FBgn0029667,LOC4814503,1,ortholog_one2one,Gas8
FBgn0039023,LOC4800926,1,ortholog_one2one,Nepl14
FBgn0032590,LOC4817502,0,ortholog_one2one,CG4631
FBgn0010772,LOC4802046,1,ortholog_one2one,Xe7
FBgn0031255,LOC4816831,0,ortholog_many2many,BBS8
FBgn0261790,LOC4817452,1,ortholog_one2one,SmE
FBgn0039209,LOC4803322,0,ortholog_one2one,REPTOR
FBgn0033807,LOC4804163,1,ortholog_one2one,AQP
FBgn0010808,LOC4800334,1,ortholog_one2one,Chchd3
FBgn0038373,LOC4802321,1,ortholog_one2one,CG4546
FBgn0031969,LOC4817071,0,ortholog_one2one,pes
FBgn0038533,LOC4802681,1,ortholog_one2one,CG7523
FBgn0016754,LOC4801690,1,ortholog_one2one,sba
FBgn0050082,LOC4805729,0,ortholog_one2many,CG30082
FBgn0026077,LOC4801916,1,ortholog_one2one,Gasp
FBgn0051785,LOC4817653,1,ortholog_one2one,Grl36b
FBgn0263322,LOC26532384,1,ortholog_one2one,CG43403
FBgn0083978,LOC6900566,1,ortholog_one2one,CG17672
FBgn0046258,LOC4800668,1,ortholog_one2one,CG12880
FBgn0033528,LOC4805335,1,ortholog_one2one,trsn
FBgn0035679,LOC4813658,1,ortholog_one2one,CG10467
FBgn0031826,LOC4817844,1,ortholog_one2one,CG9550
FBgn0004779,LOC117184116,1,ortholog_one2one,Ccp84Ae
FBgn0039709,LOC4800299,1,ortholog_one2one,Cad99C
FBgn0022700,LOC4805523,1,ortholog_one2one,Cht4
FBgn0042180,LOC4805291,1,ortholog_one2one,CG18870
FBgn0003507,LOC6897840,1,ortholog_one2one,srp
FBgn0033845,LOC4804386,1,ortholog_one2one,mars
FBgn0032292,LOC4816336,1,ortholog_one2one,EMC3
FBgn0038225,LOC4801948,1,ortholog_one2one,soti
FBgn0033769,LOC6898638,1,ortholog_one2one,CG8768
FBgn0259726,LOC26534282,1,ortholog_one2one,CG42380
FBgn0053080,LOC4814402,1,ortholog_one2one,CG33080
FBgn0031785,LOC4818175,1,ortholog_one2one,CG13991
FBgn0001105,LOC117184417,0,ortholog_one2one,Gbeta13F
FBgn0031692,LOC4816814,1,ortholog_one2one,TpnC25D
FBgn0259713,LOC26534002,1,ortholog_one2one,CG42367
FBgn0031284,LOC4817248,1,ortholog_one2one,PGAP2
FBgn0015794,LOC4814925,1,ortholog_one2one,Rab18
FBgn0053850,LOC26534208,1,ortholog_one2many,His2A:CG33850
FBgn0053850,LOC117185601,1,ortholog_one2many,His2A:CG33850
FBgn0026059,LOC4802883,1,ortholog_one2one,Mhcl
FBgn0039559,LOC4801107,1,ortholog_one2one,NSD
FBgn0033668,LOC6898956,1,ortholog_one2one,exp
FBgn0015808,LOC4817196,1,ortholog_one2one,ScpX
FBgn0000117,LOC6901160,1,ortholog_one2one,arm
FBgn0023215,LOC4814819,1,ortholog_one2one,Mnt
FBgn0264598,LOC6902156,1,ortholog_one2one,PsGEF
FBgn0052819,LOC6901886,1,ortholog_one2many,CG32819
FBgn0033777,LOC4805192,1,ortholog_one2one,CG17574
FBgn0051374,LOC4802817,1,ortholog_one2one,sals
FBgn0038718,LOC4803268,1,ortholog_one2many,CG17752
FBgn0039543,LOC4800672,1,ortholog_one2one,CROT
FBgn0017579,LOC4812733,1,ortholog_one2one,RpL14
FBgn0266347,LOC4811728,0,ortholog_one2one,nAChRalpha4
FBgn0034727,LOC4804458,1,ortholog_one2one,mRpS29
FBgn0029826,LOC6901467,1,ortholog_one2one,CG6041
FBgn0029531,LOC4815398,0,ortholog_one2one,CG13362
FBgn0024897,LOC4815611,1,ortholog_one2one,b6
FBgn0040726,LOC6898484,1,ortholog_one2one,dpr1
FBgn0034499,LOC4804598,1,ortholog_one2one,Cpr56F
FBgn0031377,LOC4817527,1,ortholog_one2one,CG15356
FBgn0040294,LOC4804000,1,ortholog_one2one,POSH
FBgn0033402,LOC4804513,1,ortholog_one2one,Myd88
FBgn0030970,LOC4814564,1,ortholog_one2one,CG7326
FBgn0005411,LOC4814531,1,ortholog_one2one,U2af50
FBgn0036194,LOC4812993,1,ortholog_one2one,Dph1
FBgn0029689,LOC4814737,1,ortholog_one2one,CG6428
FBgn0036134,LOC4813401,1,ortholog_one2one,FoxK
FBgn0033021,LOC6899342,0,ortholog_one2one,CG10417
FBgn0026144,LOC4814889,1,ortholog_one2one,CBP
FBgn0036934,LOC4812785,1,ortholog_one2one,sNPF-R
FBgn0053988,LOC6898864,1,ortholog_one2one,Mid1
FBgn0000382,LOC6901166,0,ortholog_one2one,csw
FBgn0010401,LOC6897423,1,ortholog_one2one,Os-C
FBgn0030899,LOC4814220,1,ortholog_one2one,Hesr
FBgn0002466,LOC4813883,1,ortholog_one2one,sti
FBgn0025808,LOC6896742,0,ortholog_one2one,Rad17
FBgn0050053,LOC6898640,1,ortholog_one2one,CG30053
FBgn0029830,LOC4815390,1,ortholog_one2one,Grip
FBgn0038901,LOC4800962,1,ortholog_one2one,Burs
FBgn0265193,LOC6898613,1,ortholog_one2one,Atf-2
FBgn0261532,LOC4803175,1,ortholog_one2one,cdm
FBgn0040524,LOC6897763,1,ortholog_one2one,CG11052
FBgn0038871,LOC4800851,1,ortholog_one2one,CG3337
FBgn0030078,LOC4815141,1,ortholog_one2many,CG10970
FBgn0030078,LOC6902860,0,ortholog_one2many,CG10970
FBgn0086710,LOC6901671,0,ortholog_one2many,RpL30
FBgn0086710,LOC6897229,0,ortholog_one2many,RpL30
FBgn0086710,LOC6902051,0,ortholog_one2many,RpL30
FBgn0031914,LOC4818165,1,ortholog_one2one,CG5973
FBgn0264707,LOC4812112,1,ortholog_one2one,RhoGEF3
FBgn0029823,LOC4815362,1,ortholog_one2one,Shmt
FBgn0037001,LOC4812025,1,ortholog_one2one,ND-39
FBgn0002783,LOC4802338,1,ortholog_one2one,mor
FBgn0038869,LOC4802808,0,ortholog_one2one,Smyd5
FBgn0259227,LOC4802377,1,ortholog_one2one,CG42327
FBgn0034442,LOC4803661,1,ortholog_one2one,CG11257
FBgn0031088,LOC4814964,1,ortholog_one2one,CG15322
FBgn0053230,LOC26532360,1,ortholog_one2one,CG33230
FBgn0037478,LOC4802923,1,ortholog_one2one,CG2656
FBgn0037653,LOC4803035,1,ortholog_one2one,Iru
FBgn0034871,LOC4804471,1,ortholog_one2one,CG3906
FBgn0085692,LOC117184076,0,ortholog_one2one,CG41561
FBgn0034971,LOC4804315,1,ortholog_one2one,Gpat4
FBgn0085267,LOC6900687,1,ortholog_one2one,CG34238
FBgn0031872,LOC4816196,1,ortholog_one2one,ihog
FBgn0040905,LOC4814358,1,ortholog_one2many,CG15578
FBgn0000454,LOC4801875,0,ortholog_one2one,Dip-B
FBgn0053126,LOC6903194,1,ortholog_one2one,NLaz
FBgn0035480,LOC4812622,1,ortholog_one2one,CG14984
FBgn0286203,LOC4811747,0,ortholog_one2one,stw
FBgn0261705,LOC26532019,1,ortholog_one2one,CG42741
FBgn0032289,LOC4816664,1,ortholog_one2one,CG6431
FBgn0038924,LOC4800993,1,ortholog_one2one,CG6028
FBgn0002609,LOC5384074,1,ortholog_one2one,E(spl)m3-HLH
FBgn0085414,LOC6898664,1,ortholog_one2one,dpr12
FBgn0263846,LOC4816905,1,ortholog_one2one,CG43707
FBgn0259958,LOC117183917,0,ortholog_many2many,Sfp24F
FBgn0259958,LOC26533356,0,ortholog_many2many,Sfp24F
FBgn0259958,LOC117183207,0,ortholog_many2many,Sfp24F
FBgn0040964,LOC4816263,0,ortholog_one2one,CG18661
FBgn0053111,LOC4801572,1,ortholog_one2one,CG33111
FBgn0027872,LOC4804664,1,ortholog_one2one,rdgBbeta
FBgn0015396,LOC4801028,1,ortholog_one2one,jumu
FBgn0038243,LOC4801728,1,ortholog_one2many,CG8066
FBgn0013278,LOC6896929,0,ortholog_many2many,Hsp70Bb
FBgn0013278,LOC4800844,1,ortholog_many2many,Hsp70Bb
FBgn0010292,LOC4814451,1,ortholog_one2one,bys
FBgn0037881,LOC4803150,1,ortholog_one2one,GCC88
FBgn0033188,LOC4804913,1,ortholog_one2one,Drat
FBgn0016698,LOC4817481,1,ortholog_one2one,Ptpa
FBgn0000206,LOC4802218,1,ortholog_one2one,boss
FBgn0030694,LOC117185063,0,ortholog_one2one,CG15602
FBgn0039226,LOC4800429,1,ortholog_one2one,Ude
FBgn0265464,LOC4814971,1,ortholog_one2one,Traf6
FBgn0053511,LOC6903592,1,ortholog_one2one,CG33511
FBgn0052445,LOC4812832,1,ortholog_one2one,CG32445
FBgn0261710,LOC6901476,1,ortholog_one2one,nocte
FBgn0017558,LOC6898780,1,ortholog_one2one,Pdk
FBgn0038331,LOC4801261,1,ortholog_one2one,Ccm3
FBgn0004167,LOC4812160,0,ortholog_one2one,kst
FBgn0004908,LOC4801817,1,ortholog_one2one,Arl2
FBgn0035917,LOC4812728,1,ortholog_one2one,Zasp66
FBgn0000046,LOC4801993,1,ortholog_one2one,Act87E
FBgn0020379,LOC4801027,1,ortholog_one2one,Rfx
FBgn0260653,LOC4811936,1,ortholog_one2one,serp
FBgn0025456,LOC4801206,1,ortholog_one2one,CREG
FBgn0052823,LOC4814506,1,ortholog_one2many,Sdic3
FBgn0036550,LOC4812400,1,ortholog_one2one,CG17026
FBgn0029783,LOC4814510,1,ortholog_one2one,Sirt4
FBgn0044020,LOC4803913,1,ortholog_one2one,Roc2
FBgn0033640,LOC4803915,1,ortholog_one2one,CG13198
FBgn0022153,LOC4817582,1,ortholog_one2one,l(2)k05819
FBgn0085332,LOC13036429,1,ortholog_one2one,CG34303
FBgn0039302,LOC6897972,1,ortholog_one2one,Nup358
FBgn0026565,LOC4802277,1,ortholog_one2one,Ass
FBgn0004635,LOC4814082,1,ortholog_one2one,rho
FBgn0002917,LOC4814578,1,ortholog_one2one,na
FBgn0054029,LOC6898846,1,ortholog_one2one,CG34029
FBgn0261722,LOC4813142,1,ortholog_one2one,fwe
FBgn0035781,LOC4813344,1,ortholog_one2one,CG8560
FBgn0035673,LOC4813875,1,ortholog_one2one,CG6602
FBgn0028837,LOC4800611,1,ortholog_one2one,CSN6
FBgn0034215,LOC4803922,1,ortholog_one2one,Mtap
FBgn0031708,LOC4818012,1,ortholog_one2one,CG7382
FBgn0052590,LOC6903309,0,ortholog_one2one,CG32590
FBgn0030847,LOC4815025,0,ortholog_one2one,CG12991
FBgn0031044,LOC4815769,1,ortholog_one2one,MKP-4
FBgn0036880,LOC4812153,1,ortholog_one2one,Cpr76Bc
FBgn0085408,LOC6898267,0,ortholog_one2one,Shrm
FBgn0002535,LOC6898147,1,ortholog_many2many,Lcp4
FBgn0002535,LOC4803601,1,ortholog_many2many,Lcp4
FBgn0029848,LOC4814650,1,ortholog_one2one,Btnd
FBgn0033471,LOC4804710,1,ortholog_one2one,CG12134
FBgn0053198,LOC6898649,1,ortholog_one2one,pen-2
FBgn0264001,LOC6900229,1,ortholog_one2one,bru3
FBgn0051191,LOC4801539,1,ortholog_one2one,CG31191
FBgn0035880,LOC4813938,1,ortholog_one2one,Culd
FBgn0053852,LOC117183568,0,ortholog_many2many,His1:CG33852
FBgn0053852,LOC117185631,0,ortholog_many2many,His1:CG33852
FBgn0053852,LOC26534267,0,ortholog_many2many,His1:CG33852
FBgn0053852,LOC117183621,0,ortholog_many2many,His1:CG33852
FBgn0053852,LOC117185633,0,ortholog_many2many,His1:CG33852
FBgn0053852,LOC117185630,0,ortholog_many2many,His1:CG33852
FBgn0053852,LOC117185606,0,ortholog_many2many,His1:CG33852
FBgn0053852,LOC117185608,0,ortholog_many2many,His1:CG33852
FBgn0053852,LOC117185600,0,ortholog_many2many,His1:CG33852
FBgn0053852,LOC26532116,0,ortholog_many2many,His1:CG33852
FBgn0053852,LOC26533245,0,ortholog_many2many,His1:CG33852
FBgn0053852,LOC117185634,0,ortholog_many2many,His1:CG33852
FBgn0053852,LOC117185607,0,ortholog_many2many,His1:CG33852
FBgn0053852,LOC26532398,1,ortholog_many2many,His1:CG33852
FBgn0053852,LOC117183574,0,ortholog_many2many,His1:CG33852
FBgn0036842,LOC4812352,1,ortholog_one2one,Ugt316A1
FBgn0038858,LOC6897520,1,ortholog_one2one,CG5793
FBgn0005626,LOC4811895,1,ortholog_one2one,ple
FBgn0034438,LOC4804261,1,ortholog_one2one,CG9416
FBgn0038272,LOC4801072,1,ortholog_one2one,Dph2
FBgn0031585,LOC6897206,0,ortholog_one2one,CG2955
FBgn0024958,LOC4800939,1,ortholog_one2one,Irp-1A
FBgn0003401,LOC4803393,1,ortholog_one2one,shu
FBgn0034882,LOC6897762,0,ortholog_one2one,Eglp1
FBgn0037917,LOC6899287,1,ortholog_one2one,wkd
FBgn0038365,LOC117183339,1,ortholog_one2one,CG9593
FBgn0030537,LOC4815385,1,ortholog_one2one,CG12480
FBgn0029501,LOC4805596,1,ortholog_one2one,Crtp
FBgn0039259,LOC4801370,1,ortholog_one2one,EMC6
FBgn0031397,LOC4817072,1,ortholog_one2one,CG15385
FBgn0039373,LOC6897694,1,ortholog_one2many,CG5024
FBgn0034225,LOC4803932,1,ortholog_one2one,veil
FBgn0031945,LOC4816834,1,ortholog_one2one,CG7191
FBgn0030048,LOC6902631,0,ortholog_one2many,CG12112
FBgn0030048,LOC117184699,0,ortholog_one2many,CG12112
FBgn0030048,LOC6901918,0,ortholog_one2many,CG12112
FBgn0030048,LOC26532751,0,ortholog_one2many,CG12112
FBgn0025366,LOC26533276,0,ortholog_one2one,Ip259
FBgn0011277,LOC4814559,1,ortholog_one2one,HLH4C
FBgn0015296,LOC4814147,1,ortholog_one2one,Shc
FBgn0003449,LOC4815870,1,ortholog_one2one,snf
FBgn0031734,LOC4818105,1,ortholog_one2one,CG11147
FBgn0001220,LOC4805483,1,ortholog_one2one,Hsc70-5
FBgn0004797,LOC4817308,1,ortholog_one2one,mdy
FBgn0038147,LOC4801263,1,ortholog_one2one,CCHa2
FBgn0028950,LOC4816346,0,ortholog_one2one,CG15255
FBgn0031980,LOC4816965,1,ortholog_one2one,RpL36A
FBgn0036819,LOC4813549,1,ortholog_one2one,Dysb
FBgn0037000,LOC4812024,1,ortholog_one2one,ZnT77C
FBgn0030668,LOC6902260,1,ortholog_one2one,CG8128
FBgn0036897,LOC6900270,1,ortholog_one2many,Rnf146
FBgn0036897,LOC6903667,0,ortholog_one2many,Rnf146
FBgn0035851,LOC4814045,1,ortholog_one2one,MED24
FBgn0035643,LOC4812183,1,ortholog_one2one,CG13287
FBgn0044452,LOC4814001,1,ortholog_one2one,Atg2
FBgn0030167,LOC4814227,1,ortholog_one2one,CG15252
FBgn0036044,LOC4813356,1,ortholog_one2one,Zasp67
FBgn0051373,LOC4803232,1,ortholog_one2one,CG31373
FBgn0003862,LOC6897275,1,ortholog_one2one,trx
FBgn0263971,LOC6903026,1,ortholog_one2one,CG43725
FBgn0265968,LOC6902517,1,ortholog_one2one,Tfb5
FBgn0040733,LOC15382870,1,ortholog_one2one,BomS6
FBgn0003375,LOC4800646,1,ortholog_one2many,Sgs5
FBgn0034397,LOC4803624,1,ortholog_one2one,CG15082
FBgn0024251,LOC4815857,1,ortholog_one2one,bbx
FBgn0036980,LOC4813974,1,ortholog_one2one,RhoBTB
FBgn0030049,LOC4815218,1,ortholog_one2one,Trf4-1
FBgn0029924,LOC4816031,0,ortholog_one2one,CG4586
FBgn0028963,LOC4805188,1,ortholog_one2one,Or49b
FBgn0041252,LOC6901130,1,ortholog_one2one,Femcoat
FBgn0035975,LOC6900906,1,ortholog_one2one,PGRP-LA
FBgn0025832,LOC6903886,1,ortholog_one2one,Fen1
FBgn0037935,LOC4802848,1,ortholog_one2many,CG6834
FBgn0035542,LOC4812335,1,ortholog_one2one,TP53INP
FBgn0264495,LOC4802292,1,ortholog_one2one,gpp
FBgn0033775,LOC4805187,1,ortholog_one2one,Cyp9h1
FBgn0038861,LOC4803193,0,ortholog_one2one,Trm7-34
FBgn0013749,LOC4811758,0,ortholog_one2one,Arf4
FBgn0050148,LOC4804641,1,ortholog_one2one,CG30148
FBgn0039765,LOC4800393,1,ortholog_one2one,mRpS18C
FBgn0262738,LOC4815604,1,ortholog_one2one,norpA
FBgn0010612,LOC4811739,1,ortholog_one2one,ATPsynG
FBgn0035198,LOC6899943,1,ortholog_one2one,CG9133
FBgn0033498,LOC6898409,1,ortholog_one2many,CG12209
FBgn0033498,LOC6898691,0,ortholog_one2many,CG12209
FBgn0037424,LOC4801890,1,ortholog_one2one,Osi15
FBgn0020621,LOC6898506,1,ortholog_one2one,Pkn
FBgn0026620,LOC4802714,1,ortholog_one2one,tacc
FBgn0031724,LOC4816524,1,ortholog_one2one,CG18266
FBgn0051029,LOC4800417,1,ortholog_one2one,CG31029
FBgn0052463,LOC4817395,1,ortholog_one2one,Tengl2
FBgn0051294,LOC4803315,1,ortholog_one2one,CG31294
FBgn0010051,LOC4802432,1,ortholog_one2one,Itpr
FBgn0045495,LOC4817820,1,ortholog_one2one,Gr28b
FBgn0030870,LOC4814612,1,ortholog_one2one,CG6398
FBgn0039566,LOC4801096,1,ortholog_one2one,CG4849
FBgn0086856,LOC4817843,1,ortholog_one2one,CG11555
FBgn0037291,LOC4802504,1,ortholog_one2one,CG14662
FBgn0037391,LOC4801926,1,ortholog_one2one,CG2017
FBgn0033665,LOC4805421,1,ortholog_one2one,Zip48C
FBgn0034282,LOC4805386,1,ortholog_one2one,Mapmodulin
FBgn0001269,LOC4803906,1,ortholog_one2one,inv
FBgn0030063,LOC4815075,1,ortholog_one2one,CG1789
FBgn0003275,LOC4802479,1,ortholog_one2one,Polr2F
FBgn0261067,LOC4805542,1,ortholog_one2one,LSm1
FBgn0037153,LOC4811904,1,ortholog_one2one,olf413
FBgn0035674,LOC4813874,1,ortholog_one2one,CG13295
FBgn0034054,LOC4805665,1,ortholog_one2one,CG8366
FBgn0038966,LOC4801671,1,ortholog_one2one,pinta
FBgn0033729,LOC4804278,1,ortholog_one2one,Cpr49Af
FBgn0028948,LOC4816542,1,ortholog_one2one,CG15253
FBgn0036834,LOC4812626,1,ortholog_one2one,CG6836
FBgn0261111,LOC4813717,1,ortholog_one2many,BHD
FBgn0261111,LOC117184393,1,ortholog_one2many,BHD
FBgn0053531,LOC6902426,0,ortholog_one2one,Ddr
FBgn0034033,LOC4805741,1,ortholog_one2one,CG8204
FBgn0026086,LOC4815776,0,ortholog_one2one,Adar
FBgn0031462,LOC4816355,1,ortholog_one2one,CG2964
FBgn0038731,LOC6897994,0,ortholog_many2many,Acsx1R
FBgn0038731,LOC4803281,1,ortholog_many2many,Acsx1R
FBgn0286852,LOC4801458,1,ortholog_one2one,naz
FBgn0038210,LOC4801624,0,ortholog_one2one,CG3199
FBgn0030539,LOC6901506,1,ortholog_one2one,CG1368
FBgn0259683,LOC6902333,1,ortholog_one2one,Ir40a
FBgn0261955,LOC4815860,1,ortholog_one2one,kdn
FBgn0063491,LOC4804810,1,ortholog_one2one,GstE9
FBgn0259189,LOC26533428,1,ortholog_one2one,Ir7e
FBgn0263848,LOC26532794,1,ortholog_one2one,CG43709
FBgn0034903,LOC6898036,1,ortholog_one2one,sona
FBgn0038380,LOC4802324,1,ortholog_one2one,CG14877
FBgn0052850,LOC4811848,1,ortholog_one2one,Rnf11
FBgn0261570,LOC4815313,0,ortholog_one2one,raskol
FBgn0050398,LOC4805240,1,ortholog_one2one,CG30398
FBgn0028380,LOC4812365,1,ortholog_one2one,fal
FBgn0031547,LOC6902834,0,ortholog_one2many,Sr-CIV
FBgn0000473,LOC4803409,1,ortholog_one2one,Cyp6a2
FBgn0032849,LOC6902609,1,ortholog_one2one,mRpS18B
FBgn0085407,LOC4817741,1,ortholog_one2one,Pvf3
FBgn0050438,LOC6898026,0,ortholog_one2one,Ugt50B3
FBgn0045443,LOC117183222,1,ortholog_one2many,mthl11
FBgn0045443,LOC117183192,1,ortholog_one2many,mthl11
FBgn0045443,LOC4801024,1,ortholog_one2many,mthl11
FBgn0002901,LOC6900805,1,ortholog_one2one,mus304
FBgn0263256,LOC6902871,1,ortholog_one2one,CG43394
FBgn0035521,LOC4812672,1,ortholog_one2one,VhaM9.7-a
FBgn0035027,LOC4805449,1,ortholog_many2many,CG3511
FBgn0259226,LOC4803371,1,ortholog_one2one,CG42326
FBgn0039599,LOC4800627,1,ortholog_one2one,intr
FBgn0032897,LOC4817460,1,ortholog_one2one,bero
FBgn0037538,LOC4802723,1,ortholog_one2one,CG3223
FBgn0037602,LOC4802027,1,ortholog_one2one,SLIRP2
FBgn0033648,LOC4805404,1,ortholog_one2one,Ir48b
FBgn0016650,LOC6897829,1,ortholog_one2one,Lgr1
FBgn0037801,LOC6897009,1,ortholog_one2one,CG3999
FBgn0040362,LOC4815578,1,ortholog_one2one,CG11379
FBgn0086687,LOC4800837,1,ortholog_one2one,Desat1
FBgn0038209,LOC6897284,1,ortholog_one2one,Recs1
FBgn0053849,LOC117183568,0,ortholog_many2many,His1:CG33849
FBgn0053849,LOC117185631,0,ortholog_many2many,His1:CG33849
FBgn0053849,LOC26534267,0,ortholog_many2many,His1:CG33849
FBgn0053849,LOC117183621,0,ortholog_many2many,His1:CG33849
FBgn0053849,LOC117185633,0,ortholog_many2many,His1:CG33849
FBgn0053849,LOC117185630,1,ortholog_many2many,His1:CG33849
FBgn0053849,LOC117185606,0,ortholog_many2many,His1:CG33849
FBgn0053849,LOC117185608,0,ortholog_many2many,His1:CG33849
FBgn0053849,LOC117185600,0,ortholog_many2many,His1:CG33849
FBgn0053849,LOC26532116,1,ortholog_many2many,His1:CG33849
FBgn0053849,LOC26533245,0,ortholog_many2many,His1:CG33849
FBgn0053849,LOC117185634,0,ortholog_many2many,His1:CG33849
FBgn0053849,LOC117185607,0,ortholog_many2many,His1:CG33849
FBgn0053849,LOC26532398,1,ortholog_many2many,His1:CG33849
FBgn0053849,LOC117183574,0,ortholog_many2many,His1:CG33849
FBgn0032723,LOC4817487,1,ortholog_one2one,ssp3
FBgn0032582,LOC4817736,1,ortholog_one2one,CG13258
FBgn0034127,LOC4803791,1,ortholog_one2one,CG7848
FBgn0011640,LOC4812437,1,ortholog_one2one,lark
FBgn0284251,LOC4818194,1,ortholog_one2one,l(2)05287
FBgn0036105,LOC4813687,1,ortholog_one2one,Blos4
FBgn0052475,LOC4811893,1,ortholog_one2one,mthl8
FBgn0039671,LOC6896776,1,ortholog_one2one,CG11470
FBgn0034259,LOC4804669,1,ortholog_one2one,P32
FBgn0051025,LOC4800418,1,ortholog_one2one,Ppi1
FBgn0030341,LOC4815254,1,ortholog_one2one,p24-1
FBgn0041229,LOC4800967,1,ortholog_one2one,Gr93a
FBgn0069973,LOC6902279,1,ortholog_one2one,CG40485
FBgn0041775,LOC6900482,1,ortholog_one2one,tral
FBgn0037082,LOC26532333,0,ortholog_one2many,CG5664
FBgn0037082,LOC4813929,1,ortholog_one2many,CG5664
FBgn0040764,LOC4805645,1,ortholog_one2one,CG13230
FBgn0053223,LOC6901335,0,ortholog_one2many,CG33223
FBgn0034381,LOC6898221,1,ortholog_one2one,List
FBgn0050410,LOC6898192,1,ortholog_one2one,Rpi
FBgn0032391,LOC4817087,1,ortholog_one2one,escl
FBgn0032635,LOC4817112,1,ortholog_one2one,CG15141
FBgn0032749,LOC4817886,1,ortholog_one2one,Phlpp
FBgn0037109,LOC4812815,1,ortholog_one2one,MED1
FBgn0020440,LOC4803502,0,ortholog_one2one,Fak
FBgn0035901,LOC4813576,1,ortholog_one2one,Pus7
FBgn0010825,LOC4813137,1,ortholog_one2one,Gug
FBgn0065035,LOC117185137,0,ortholog_one2many,AlkB
FBgn0065035,LOC6899672,0,ortholog_one2many,AlkB
FBgn0026192,LOC4815868,1,ortholog_one2one,par-6
FBgn0266432,LOC4804463,1,ortholog_many2many,CG45062
FBgn0266432,LOC26533547,0,ortholog_many2many,CG45062
FBgn0261401,LOC4813853,1,ortholog_one2one,Ir75c
FBgn0002641,LOC4815144,1,ortholog_one2one,mal
FBgn0038745,LOC6903962,1,ortholog_one2one,ClpX
FBgn0030421,LOC4815155,0,ortholog_one2one,Agpat1
FBgn0031261,LOC4817377,1,ortholog_one2one,nAChRbeta3
FBgn0038237,LOC4801723,1,ortholog_one2one,Pde6
FBgn0038011,LOC117183310,0,ortholog_one2one,CG4066
FBgn0052054,LOC6900641,1,ortholog_one2many,CG32054
FBgn0030925,LOC4814421,1,ortholog_one2many,Hayan
FBgn0264959,LOC6898659,1,ortholog_one2one,Src42A
FBgn0030091,LOC4815335,1,ortholog_one2one,CG7065
FBgn0027889,LOC4800746,1,ortholog_one2one,ball
FBgn0085370,LOC6902916,1,ortholog_one2one,Pde11
FBgn0037796,LOC4801044,1,ortholog_one2one,CG12814
FBgn0260462,LOC6897624,1,ortholog_one2one,CtsF
FBgn0036702,LOC4813952,1,ortholog_one2many,Afg3l2
FBgn0036702,LOC117184715,1,ortholog_one2many,Afg3l2
FBgn0023214,LOC4803756,1,ortholog_one2one,edl
FBgn0032949,LOC4816487,0,ortholog_one2one,Lamp1
FBgn0027521,LOC4814553,1,ortholog_one2one,CG3679
FBgn0050015,LOC4804882,1,ortholog_one2one,CG30015
FBgn0052551,LOC4814290,1,ortholog_one2one,CG32551
FBgn0039883,LOC4801934,1,ortholog_one2one,RhoGAP100F
FBgn0036504,LOC4812819,1,ortholog_one2one,yellow-k
FBgn0022987,LOC4803930,1,ortholog_one2one,qkr54B
FBgn0013432,LOC4814373,1,ortholog_one2one,bcn92
FBgn0039627,LOC4801598,1,ortholog_one2one,CG11837
FBgn0037901,LOC4802815,1,ortholog_one2one,Exd2
FBgn0037811,LOC6902483,0,ortholog_one2one,CG12592
FBgn0003721,LOC13036326,1,ortholog_one2one,Tm1
FBgn0037540,LOC4802721,1,ortholog_one2one,Pbp95
FBgn0027348,LOC4816403,1,ortholog_one2one,bgm
FBgn0053837,LOC117183568,0,ortholog_many2many,His1:CG33837
FBgn0053837,LOC117185631,0,ortholog_many2many,His1:CG33837
FBgn0053837,LOC26534267,0,ortholog_many2many,His1:CG33837
FBgn0053837,LOC117183621,0,ortholog_many2many,His1:CG33837
FBgn0053837,LOC117185633,0,ortholog_many2many,His1:CG33837
FBgn0053837,LOC117185630,0,ortholog_many2many,His1:CG33837
FBgn0053837,LOC117185606,0,ortholog_many2many,His1:CG33837
FBgn0053837,LOC117185608,1,ortholog_many2many,His1:CG33837
FBgn0053837,LOC117185600,0,ortholog_many2many,His1:CG33837
FBgn0053837,LOC26532116,0,ortholog_many2many,His1:CG33837
FBgn0053837,LOC26533245,1,ortholog_many2many,His1:CG33837
FBgn0053837,LOC117185634,0,ortholog_many2many,His1:CG33837
FBgn0053837,LOC117185607,0,ortholog_many2many,His1:CG33837
FBgn0053837,LOC26532398,0,ortholog_many2many,His1:CG33837
FBgn0053837,LOC117183574,0,ortholog_many2many,His1:CG33837
FBgn0051989,LOC4817819,0,ortholog_one2one,Cap-D3
FBgn0033266,LOC4804341,1,ortholog_one2one,Socs44A
FBgn0039806,LOC4800318,1,ortholog_one2one,CG15545
FBgn0053703,LOC6900330,1,ortholog_one2one,CG33703
FBgn0001941,LOC4818051,1,ortholog_one2one,ifc
FBgn0052280,LOC4812167,0,ortholog_one2one,CG32280
FBgn0029887,LOC4815706,1,ortholog_one2one,CG3198
FBgn0033140,LOC4803471,1,ortholog_one2one,CG12836
FBgn0000360,LOC4815092,1,ortholog_one2one,Cp38
FBgn0087041,LOC6903118,1,ortholog_one2one,Hyls1
FBgn0036874,LOC6900260,1,ortholog_one2many,brv1
FBgn0036874,LOC6900263,0,ortholog_one2many,brv1
FBgn0262605,LOC6897634,1,ortholog_one2one,CG43131
FBgn0039551,LOC6898222,0,ortholog_one2many,Or98a
FBgn0039551,LOC6898223,0,ortholog_one2many,Or98a
FBgn0039551,LOC117183697,0,ortholog_one2many,Or98a
FBgn0039551,LOC117183391,0,ortholog_one2many,Or98a
FBgn0039551,LOC117183690,0,ortholog_one2many,Or98a
FBgn0039551,LOC4800683,1,ortholog_one2many,Or98a
FBgn0037063,LOC6900873,1,ortholog_one2one,CG9391
FBgn0002562,LOC6897260,0,ortholog_one2many,Lsp1alpha
FBgn0061515,LOC4813387,0,ortholog_one2one,endos
FBgn0038218,LOC4801614,1,ortholog_one2one,CG14841
FBgn0037730,LOC4802804,0,ortholog_one2one,CG9444
FBgn0035669,LOC4813269,1,ortholog_one2one,CG6592
FBgn0035789,LOC6897003,0,ortholog_one2many,mthl6
FBgn0026175,LOC117183193,0,ortholog_many2many,SkpC
FBgn0026175,LOC4811669,0,ortholog_many2many,SkpC
FBgn0026175,LOC6896928,0,ortholog_many2many,SkpC
FBgn0026175,LOC6899915,0,ortholog_many2many,SkpC
FBgn0026175,LOC6899917,0,ortholog_many2many,SkpC
FBgn0026175,LOC6899916,0,ortholog_many2many,SkpC
FBgn0026175,LOC117184947,0,ortholog_many2many,SkpC
FBgn0026175,LOC6899792,0,ortholog_many2many,SkpC
FBgn0026175,LOC26533389,0,ortholog_many2many,SkpC
FBgn0026175,LOC6899918,0,ortholog_many2many,SkpC
FBgn0033736,LOC4803535,1,ortholog_one2one,CG13154
FBgn0039358,LOC4802668,1,ortholog_one2one,Idh3g
FBgn0265137,LOC6898085,1,ortholog_one2one,Spn42Da
FBgn0038045,LOC4800832,1,ortholog_one2one,NANS
FBgn0038057,LOC4800842,1,ortholog_one2one,Polr3C
FBgn0034766,LOC4803841,1,ortholog_one2one,Obp59a
FBgn0035762,LOC4812604,1,ortholog_one2one,Rint1
FBgn0010441,LOC4801246,1,ortholog_one2one,pll
FBgn0038486,LOC6902756,0,ortholog_one2many,CG5265
FBgn0051730,LOC4816457,1,ortholog_one2one,CG31730
FBgn0261565,LOC6900155,1,ortholog_one2one,Lmpt
FBgn0030878,LOC4815046,1,ortholog_one2one,CG6769
FBgn0036536,LOC6900494,1,ortholog_one2one,CG12713
FBgn0039319,LOC6897572,0,ortholog_one2many,CG13659
FBgn0046113,LOC4817774,1,ortholog_one2one,GluRIIC
FBgn0034153,LOC4805680,1,ortholog_one2one,Acp53C14b
FBgn0032005,LOC4817065,1,ortholog_one2one,Snx6
FBgn0015278,LOC4811995,1,ortholog_one2one,Pi3K68D
FBgn0000279,LOC6896733,1,ortholog_many2many,CecC
FBgn0000279,LOC6896731,1,ortholog_many2many,CecC
FBgn0000279,LOC6896732,1,ortholog_many2many,CecC
FBgn0016975,LOC6902278,1,ortholog_one2one,stnB
FBgn0040797,LOC6900010,1,ortholog_one2one,CG13066
FBgn0038205,LOC4801634,1,ortholog_one2one,Kif19A
FBgn0038160,LOC4802000,1,ortholog_one2one,CG9759
FBgn0052547,LOC4814259,1,ortholog_one2one,CG32547
FBgn0267728,LOC4804145,1,ortholog_one2one,otk2
FBgn0037094,LOC4813959,1,ortholog_one2one,CG7611
FBgn0261065,LOC4801431,1,ortholog_one2one,Cpsf73
FBgn0036804,LOC4813284,1,ortholog_one2one,Sgf11
FBgn0011754,LOC4816048,1,ortholog_one2one,PhKgamma
FBgn0086448,LOC4814879,1,ortholog_one2one,PIG-Q
FBgn0050394,LOC4803779,1,ortholog_one2one,CG30394
FBgn0036746,LOC4813854,1,ortholog_one2one,Crtc
FBgn0032204,LOC117184252,0,ortholog_one2one,CG4953
FBgn0015269,LOC6897511,1,ortholog_one2one,Nf1
FBgn0051956,LOC4817245,1,ortholog_one2one,Pgant4
FBgn0039366,LOC4802659,1,ortholog_one2many,CG17198
FBgn0032330,LOC6903024,1,ortholog_one2one,Samuel
FBgn0036831,LOC4812079,1,ortholog_one2one,CG6839
FBgn0054001,LOC6900690,1,ortholog_one2one,CG34001
FBgn0043455,LOC4801759,1,ortholog_one2one,CG5986
FBgn0038832,LOC6897252,1,ortholog_one2many,CG15695
FBgn0038832,LOC117185006,1,ortholog_one2many,CG15695
FBgn0038832,LOC4801552,1,ortholog_one2many,CG15695
FBgn0262714,LOC4813189,1,ortholog_one2one,Sap130
FBgn0243516,LOC6899112,1,ortholog_one2one,Vrp1
FBgn0004244,LOC6900907,1,ortholog_one2one,Rdl
FBgn0034321,LOC4804794,1,ortholog_one2one,CG14502
FBgn0032233,LOC4817717,0,ortholog_one2one,dpr19
FBgn0261439,LOC4803660,1,ortholog_one2one,SdhA
FBgn0034647,LOC4803698,1,ortholog_one2one,pirk
FBgn0261848,LOC6901755,1,ortholog_one2one,CG42780
FBgn0033028,LOC4816606,0,ortholog_one2one,hrm
FBgn0032247,LOC117184173,0,ortholog_one2one,CG5188
FBgn0030417,LOC4815401,1,ortholog_one2one,CG15725
FBgn0034911,LOC4803395,1,ortholog_one2one,GlyT
FBgn0266557,LOC4818122,1,ortholog_one2one,kis
FBgn0033973,LOC4803657,1,ortholog_one2one,HPS1
FBgn0033447,LOC4804366,0,ortholog_one2one,dila
FBgn0034761,LOC4803835,1,ortholog_one2one,CG4250
FBgn0029762,LOC4815002,1,ortholog_one2one,NAAT1
FBgn0036778,LOC4813716,1,ortholog_one2one,Cyp312a1
FBgn0030854,LOC4815079,1,ortholog_one2one,CG8289
FBgn0087011,LOC26532507,0,ortholog_one2one,CG41520
FBgn0025383,LOC4815539,1,ortholog_one2many,CG14780
FBgn0003423,LOC4815786,1,ortholog_one2one,slgA
FBgn0031832,LOC4817829,1,ortholog_one2one,Trmt6
FBgn0035092,LOC4804614,1,ortholog_one2one,Nplp1
FBgn0028381,LOC4800805,1,ortholog_one2one,Decay
FBgn0000455,LOC4800827,1,ortholog_one2one,Dip-C
FBgn0023522,LOC4816063,1,ortholog_one2one,CG11596
FBgn0036070,LOC4813362,1,ortholog_one2one,CG8072
FBgn0037491,LOC4802938,1,ortholog_one2one,CG1227
FBgn0033574,LOC4805656,1,ortholog_one2one,Spn47C
FBgn0265262,LOC4816651,1,ortholog_one2one,Vha68-1
FBgn0039039,LOC4800912,1,ortholog_one2one,lmd
FBgn0051627,LOC4818178,1,ortholog_one2one,CG31627
FBgn0263776,LOC4813316,1,ortholog_one2one,CG43693
FBgn0085410,LOC4818076,1,ortholog_one2one,TrissinR
FBgn0026252,LOC4814054,1,ortholog_one2one,msk
FBgn0036839,LOC4811852,1,ortholog_one2one,SmydA-2
FBgn0001491,LOC6896875,0,ortholog_one2one,l(1)10Bb
FBgn0036381,LOC6901500,0,ortholog_one2one,CG8745
FBgn0051205,LOC4815539,0,ortholog_one2many,CG31205
FBgn0086909,LOC4817340,1,ortholog_one2one,CG31751
FBgn0050481,LOC4804376,1,ortholog_one2one,mRpL53
FBgn0051021,LOC4800288,1,ortholog_one2one,CG31021
FBgn0011829,LOC4817996,1,ortholog_one2one,Ret
FBgn0264751,LOC26532833,1,ortholog_one2many,Vti1b
FBgn0264751,LOC117183245,1,ortholog_one2many,Vti1b
FBgn0028570,LOC4817302,1,ortholog_one2one,robl22E
FBgn0024993,LOC4815332,1,ortholog_one2one,Lint-O
FBgn0034300,LOC4804118,1,ortholog_one2one,CG5098
FBgn0032472,LOC4816399,1,ortholog_one2one,CG9928
FBgn0053912,LOC117183537,0,ortholog_many2many,CG33912
FBgn0053912,LOC6898801,0,ortholog_many2many,CG33912
FBgn0053912,LOC117183751,0,ortholog_many2many,CG33912
FBgn0053912,LOC6898794,0,ortholog_many2many,CG33912
FBgn0260222,LOC6898824,1,ortholog_one2one,CG42496
FBgn0033699,LOC4803680,1,ortholog_one2one,RpS11
FBgn0036767,LOC6900793,1,ortholog_one2many,CG16775
FBgn0036767,LOC4813742,1,ortholog_one2many,CG16775
FBgn0261617,LOC4814381,1,ortholog_one2one,nej
FBgn0001086,LOC4817764,1,ortholog_one2many,fzy
FBgn0001086,LOC6903998,0,ortholog_one2many,fzy
FBgn0028965,LOC4816566,1,ortholog_one2one,CG9933
FBgn0053626,LOC26533904,1,ortholog_one2one,CG33626
FBgn0261934,LOC6900175,1,ortholog_one2one,dikar
FBgn0014037,LOC6900845,1,ortholog_one2one,Su(Tpl)
FBgn0263396,LOC4802004,1,ortholog_one2one,sqd
FBgn0038360,LOC4802542,1,ortholog_one2one,CG9590
FBgn0032297,LOC4816497,1,ortholog_one2one,CG17124
FBgn0039809,LOC4800321,1,ortholog_one2one,CG15547
FBgn0261113,LOC4801832,1,ortholog_one2one,Xrp1
FBgn0037918,LOC6899285,1,ortholog_one2one,CG6791
FBgn0003510,LOC4800250,1,ortholog_one2one,Sry-alpha
FBgn0033917,LOC6898978,1,ortholog_one2one,SmydA-1
FBgn0263782,LOC4801558,1,ortholog_one2one,Hmgcr
FBgn0034598,LOC4805540,1,ortholog_one2one,Isha
FBgn0039017,LOC4800933,1,ortholog_one2one,CG6985
FBgn0036765,LOC6900792,1,ortholog_one2one,CG7408
FBgn0024740,LOC4816414,1,ortholog_one2one,Lip2
FBgn0001079,LOC4814263,1,ortholog_one2one,fu
FBgn0260000,LOC6899226,0,ortholog_one2one,CG17570
FBgn0016983,LOC4812878,1,ortholog_one2one,smid
FBgn0032563,LOC4816452,1,ortholog_one2one,CG15258
FBgn0005533,LOC4814065,1,ortholog_one2one,RpS17
FBgn0034740,LOC4805200,0,ortholog_one2many,nsr
FBgn0011586,LOC4815126,1,ortholog_one2one,e(r)
FBgn0034202,LOC6898921,1,ortholog_one2one,CG17287
FBgn0015872,LOC6898282,1,ortholog_one2one,Drip
FBgn0038127,LOC6903952,1,ortholog_one2one,CG8476
FBgn0030545,LOC6901561,0,ortholog_one2one,CG11590
FBgn0020388,LOC4813891,1,ortholog_one2one,Gcn5
FBgn0053810,LOC117183568,1,ortholog_many2many,His1:CG33810
FBgn0053810,LOC117185631,1,ortholog_many2many,His1:CG33810
FBgn0053810,LOC26534267,1,ortholog_many2many,His1:CG33810
FBgn0053810,LOC117183621,1,ortholog_many2many,His1:CG33810
FBgn0053810,LOC117185633,0,ortholog_many2many,His1:CG33810
FBgn0053810,LOC117185630,0,ortholog_many2many,His1:CG33810
FBgn0053810,LOC117185606,0,ortholog_many2many,His1:CG33810
FBgn0053810,LOC117185608,0,ortholog_many2many,His1:CG33810
FBgn0053810,LOC117185600,0,ortholog_many2many,His1:CG33810
FBgn0053810,LOC26532116,0,ortholog_many2many,His1:CG33810
FBgn0053810,LOC26533245,0,ortholog_many2many,His1:CG33810
FBgn0053810,LOC117185634,1,ortholog_many2many,His1:CG33810
FBgn0053810,LOC117185607,0,ortholog_many2many,His1:CG33810
FBgn0053810,LOC26532398,0,ortholog_many2many,His1:CG33810
FBgn0053810,LOC117183574,0,ortholog_many2many,His1:CG33810
FBgn0030769,LOC4815345,1,ortholog_one2one,CG13012
FBgn0032217,LOC4811828,0,ortholog_one2one,CG4972
FBgn0027343,LOC4815504,1,ortholog_one2one,fz3
FBgn0030014,LOC4815205,1,ortholog_one2one,CG15337
FBgn0024889,LOC4813403,1,ortholog_one2one,Kap-alpha1
FBgn0046704,LOC4818041,1,ortholog_one2one,Liprin-alpha
FBgn0037382,LOC4801481,1,ortholog_one2one,Hpr1
FBgn0025865,LOC4803298,1,ortholog_one2one,Cortactin
FBgn0031189,LOC4816017,1,ortholog_one2one,CG14618
FBgn0000592,LOC4813130,1,ortholog_many2many,Est-6
FBgn0000592,LOC6900444,1,ortholog_many2many,Est-6
FBgn0000592,LOC4813124,1,ortholog_many2many,Est-6
FBgn0262366,LOC117183930,0,ortholog_one2many,CG43064
FBgn0262366,LOC6902652,0,ortholog_one2many,CG43064
FBgn0262366,LOC26532971,0,ortholog_one2many,CG43064
FBgn0262366,LOC117183967,0,ortholog_one2many,CG43064
FBgn0262366,LOC6902649,0,ortholog_one2many,CG43064
FBgn0040346,LOC6903072,0,ortholog_one2one,CG3704
FBgn0033725,LOC26532645,1,ortholog_one2one,Cpr49Ac
FBgn0026593,LOC4813833,1,ortholog_one2one,CG5707
FBgn0035923,LOC4812720,1,ortholog_one2one,CG6511
FBgn0031542,LOC4817476,1,ortholog_one2one,CG15414
FBgn0051431,LOC4800975,1,ortholog_one2one,CG31431
FBgn0032408,LOC4817727,1,ortholog_one2one,CG6712
FBgn0038695,LOC4803248,1,ortholog_one2one,CG14280
FBgn0262509,LOC4813557,1,ortholog_one2one,nrm
FBgn0085451,LOC6901726,1,ortholog_one2one,htk
FBgn0261563,LOC4816591,1,ortholog_one2one,wb
FBgn0026430,LOC4815237,1,ortholog_one2many,Grip84
FBgn0026430,LOC6900775,0,ortholog_one2many,Grip84
FBgn0051975,LOC4817800,1,ortholog_one2one,CG31975
FBgn0013799,LOC4813411,1,ortholog_one2one,Deaf1
FBgn0030359,LOC6901691,1,ortholog_one2one,CG18130
FBgn0036259,LOC4813153,1,ortholog_one2one,CG9760
FBgn0039260,LOC4801842,0,ortholog_one2one,Smg6
FBgn0032809,LOC4816217,1,ortholog_one2one,CG13078
FBgn0031695,LOC6903061,1,ortholog_one2many,Cyp4ac3
FBgn0034053,LOC4805666,0,ortholog_one2one,Cyp4aa1
FBgn0040296,LOC4812818,1,ortholog_one2one,Ocho
FBgn0028402,LOC4813584,1,ortholog_one2one,Polr3E
FBgn0035550,LOC4812328,1,ortholog_one2one,CG11349
FBgn0038881,LOC4800862,1,ortholog_one2one,aus
FBgn0086680,LOC4812608,1,ortholog_many2many,vvl
FBgn0033252,LOC4804034,1,ortholog_one2one,CG12769
FBgn0043070,LOC6898855,1,ortholog_one2one,MESK2
FBgn0260484,LOC4815909,0,ortholog_one2many,HIP
FBgn0030590,LOC4816099,1,ortholog_one2one,CG9518
FBgn0040367,LOC4815404,1,ortholog_one2one,CG11382
FBgn0032512,LOC4818046,1,ortholog_one2one,Bdp1
FBgn0034617,LOC4803777,1,ortholog_one2one,Panx
FBgn0031493,LOC4816946,1,ortholog_one2one,Sf3b2
FBgn0034377,LOC4803754,1,ortholog_one2one,CG15071
FBgn0039896,LOC6899869,0,ortholog_one2one,yellow-h
FBgn0051797,LOC4817393,0,ortholog_one2many,CG31797
FBgn0029913,LOC4816023,1,ortholog_one2one,Cht11
FBgn0037750,LOC4801506,1,ortholog_one2one,Whamy
FBgn0067102,LOC4805276,1,ortholog_one2one,GlcT
FBgn0035240,LOC4812389,1,ortholog_one2one,CG33791
FBgn0050284,LOC4803702,1,ortholog_one2one,CG30284
FBgn0001123,LOC4803526,1,ortholog_one2one,Galphas
FBgn0035423,LOC6900076,1,ortholog_one2one,eIF1
FBgn0026160,LOC6900608,1,ortholog_one2one,tna
FBgn0034963,LOC4804306,1,ortholog_one2one,Not11
FBgn0040890,LOC6903323,0,ortholog_one2one,ksh
FBgn0030706,LOC6899744,0,ortholog_one2one,Lrp4
FBgn0033915,LOC4805479,1,ortholog_one2one,Snrk
FBgn0052751,LOC4815185,1,ortholog_one2many,CG32751
FBgn0262003,LOC13036525,1,ortholog_many2many,CG42821
FBgn0262003,LOC6897100,1,ortholog_many2many,CG42821
FBgn0030697,LOC6902261,0,ortholog_one2one,CG8565
FBgn0066292,LOC6898089,1,ortholog_one2many,CheB42c
FBgn0013953,LOC4800640,0,ortholog_one2one,Esp
FBgn0029137,LOC6902797,1,ortholog_one2one,Patsas
FBgn0015550,LOC4813439,1,ortholog_one2one,tap
FBgn0040571,LOC4803065,0,ortholog_one2one,CG17193
FBgn0038099,LOC4801413,1,ortholog_one2one,CG7091
FBgn0034712,LOC4805224,1,ortholog_one2many,Alp8
FBgn0003353,LOC117183506,1,ortholog_one2one,sei
FBgn0011232,LOC4817815,1,ortholog_one2one,scat
FBgn0040900,LOC4816032,1,ortholog_one2one,CG17777
FBgn0036707,LOC4813493,1,ortholog_one2one,CG13724
FBgn0039451,LOC6897150,1,ortholog_one2one,CG6420
FBgn0036985,LOC6900892,1,ortholog_one2one,zye
FBgn0035032,LOC4805444,1,ortholog_one2one,ATPsynF
FBgn0037141,LOC4812902,1,ortholog_one2one,PolH
FBgn0037655,LOC4803032,1,ortholog_one2one,Kcmf1
FBgn0039882,LOC6897393,1,ortholog_one2one,Rift
FBgn0031882,LOC4818089,1,ortholog_one2one,Rab30
FBgn0031902,LOC4817223,1,ortholog_one2one,Wnt6
FBgn0053137,LOC6898585,1,ortholog_one2one,CG33137
FBgn0036448,LOC6900366,1,ortholog_one2one,mop
FBgn0000038,LOC4811870,1,ortholog_one2one,nAChRbeta1
FBgn0002561,LOC4815131,1,ortholog_one2one,l(1)sc
FBgn0032051,LOC6899795,1,ortholog_one2one,CG13097
FBgn0034142,LOC6899104,0,ortholog_one2one,CG8306
FBgn0035911,LOC4812738,0,ortholog_one2one,CG6638
FBgn0015034,LOC4803604,1,ortholog_many2many,Cyp4e1
FBgn0015034,LOC6898148,1,ortholog_many2many,Cyp4e1
FBgn0015034,LOC6898149,1,ortholog_many2many,Cyp4e1
FBgn0053775,LOC6898695,1,ortholog_one2one,CG33775
FBgn0036316,LOC6900831,1,ortholog_one2one,nebu
FBgn0250862,LOC4814442,1,ortholog_one2one,CG42237
FBgn0028504,LOC4814119,1,ortholog_one2one,CG12182
FBgn0050287,LOC6898861,0,ortholog_one2many,CG30287
FBgn0037580,LOC4801704,1,ortholog_one2one,DppIII
FBgn0010622,LOC4803619,1,ortholog_one2one,DCTN3-p24
FBgn0035612,LOC4813683,1,ortholog_one2one,frm
FBgn0027580,LOC4805429,0,ortholog_one2one,PCB
FBgn0035199,LOC4811957,1,ortholog_one2one,tfc
FBgn0040350,LOC6902113,1,ortholog_one2one,CG3690
FBgn0026080,LOC4814810,1,ortholog_one2one,Tip60
FBgn0037798,LOC6897013,1,ortholog_one2one,CG12817
FBgn0003068,LOC4814831,1,ortholog_one2one,per
FBgn0034098,LOC6903898,0,ortholog_one2one,krimp
FBgn0029580,LOC4815573,1,ortholog_one2one,CG14778
FBgn0035086,LOC4803560,1,ortholog_one2one,CG12851
FBgn0261836,LOC6902868,1,ortholog_one2one,Msp300
FBgn0030672,LOC4815529,1,ortholog_one2one,CG9281
FBgn0037485,LOC4802933,1,ortholog_one2one,CG14606
FBgn0031908,LOC4817928,1,ortholog_one2one,CG5177
FBgn0031423,LOC4816392,1,ortholog_one2one,CG3557
FBgn0028468,LOC4802248,1,ortholog_one2one,rtet
FBgn0035173,LOC4813386,1,ortholog_one2one,CG13907
FBgn0038915,LOC4800982,1,ortholog_one2one,CG17819
FBgn0260745,LOC4802585,1,ortholog_one2one,mfas
FBgn0013469,LOC6900606,1,ortholog_one2many,klu
FBgn0004118,LOC4802144,1,ortholog_one2one,nAChRbeta2
FBgn0035149,LOC4812005,1,ortholog_one2one,MED30
FBgn0033476,LOC4804082,1,ortholog_one2one,oys
FBgn0004666,LOC6897167,1,ortholog_one2one,sim
FBgn0035068,LOC4804691,1,ortholog_one2one,CG12849
FBgn0083977,LOC15382889,1,ortholog_one2one,CG34141
FBgn0025378,LOC6902073,1,ortholog_one2one,CG3795
FBgn0030593,LOC4815982,1,ortholog_one2one,CG9512
FBgn0029813,LOC4816089,0,ortholog_one2one,AgmNAT
FBgn0034937,LOC26533021,1,ortholog_one2one,fzr2
FBgn0033929,LOC4803891,1,ortholog_one2one,Tfb1
FBgn0040602,LOC4802652,1,ortholog_one2one,CG14545
FBgn0029503,LOC4801786,1,ortholog_one2one,mora
FBgn0039480,LOC6899810,1,ortholog_one2one,Cpr97Ea
FBgn0050350,LOC4805076,1,ortholog_one2one,CG30350
FBgn0039993,LOC6899751,0,ortholog_one2one,BckdhB
FBgn0003053,LOC4815432,0,ortholog_one2one,peb
FBgn0034458,LOC4804944,1,ortholog_one2one,Ir56d
FBgn0262513,LOC117183165,1,ortholog_one2many,Vha16-4
FBgn0262513,LOC4804185,1,ortholog_one2many,Vha16-4
FBgn0029906,LOC4815638,1,ortholog_one2one,xit
FBgn0027330,LOC4815006,1,ortholog_one2one,l(1)G0020
FBgn0024841,LOC6896781,1,ortholog_one2one,Pcd
FBgn0259176,LOC6902896,1,ortholog_one2one,bun
FBgn0030738,LOC4814897,1,ortholog_one2one,CG9915
FBgn0261041,LOC4805159,1,ortholog_one2one,stj
FBgn0011648,LOC6902511,1,ortholog_one2one,Mad
FBgn0025455,LOC4813330,1,ortholog_one2one,CycT
FBgn0083960,LOC4816458,1,ortholog_one2one,CG34124
FBgn0024804,LOC26532891,0,ortholog_one2one,Dbp80
FBgn0037814,LOC4801023,1,ortholog_one2many,CG6325
FBgn0037814,LOC117185660,1,ortholog_one2many,CG6325
FBgn0031683,LOC4817203,1,ortholog_one2one,CG4230
FBgn0033212,LOC6898380,1,ortholog_one2one,LRR
FBgn0039175,LOC4801797,0,ortholog_one2one,beta-PheRS
FBgn0038151,LOC4801990,1,ortholog_one2one,yellow-e2
FBgn0031592,LOC4817805,1,ortholog_one2one,Art2
FBgn0038133,LOC4801280,1,ortholog_one2one,Osi22
FBgn0038450,LOC6896918,1,ortholog_one2one,CG17560
FBgn0004428,LOC6899956,0,ortholog_many2many,LysE
FBgn0004428,LOC6899953,1,ortholog_many2many,LysE
FBgn0004428,LOC6899949,1,ortholog_many2many,LysE
FBgn0053839,LOC117183558,0,ortholog_one2many,His3:CG33839
FBgn0040670,LOC4802914,1,ortholog_one2one,e(y)2b
FBgn0053689,LOC6899999,1,ortholog_one2many,CG33689
FBgn0030101,LOC4815163,1,ortholog_one2one,CG12118
FBgn0033767,LOC4804762,1,ortholog_one2one,CG13148
FBgn0032638,LOC6902656,0,ortholog_many2many,SPH93
FBgn0032638,LOC6902665,0,ortholog_many2many,SPH93
FBgn0032638,LOC117184065,0,ortholog_many2many,SPH93
FBgn0032638,LOC6902659,0,ortholog_many2many,SPH93
FBgn0051810,LOC4816951,1,ortholog_one2many,CG31810
FBgn0261258,LOC6900880,1,ortholog_one2one,rgn
FBgn0032514,LOC4817980,1,ortholog_one2one,CG9302
FBgn0037326,LOC4802444,1,ortholog_one2one,CG14669
FBgn0036427,LOC4813499,1,ortholog_one2one,CG4613
FBgn0261807,LOC117183716,1,ortholog_one2one,CG42753
FBgn0033168,LOC6896828,0,ortholog_one2many,CG11145
FBgn0033168,LOC6898113,1,ortholog_one2many,CG11145
FBgn0010482,LOC6898078,1,ortholog_one2one,hlk
FBgn0031254,LOC4817274,1,ortholog_one2one,CG13692
FBgn0053306,LOC6902710,1,ortholog_one2one,CG33306
FBgn0039312,LOC4802361,1,ortholog_one2one,CG10514
FBgn0036126,LOC4813757,1,ortholog_one2one,Irbp18
FBgn0029002,LOC4812169,1,ortholog_one2one,miple2
FBgn0045487,LOC4816269,1,ortholog_one2many,Gr36a
FBgn0030452,LOC4814735,1,ortholog_one2one,MFS10
FBgn0030603,LOC6902206,1,ortholog_one2one,CG5541
FBgn0032908,LOC4818201,0,ortholog_one2one,CG9270
FBgn0037445,LOC4802291,1,ortholog_one2one,CG9727
FBgn0035375,LOC4812047,1,ortholog_one2one,Pgant6
FBgn0027088,LOC4812816,1,ortholog_one2one,GlyRS
FBgn0035553,LOC6900050,1,ortholog_one2one,CG13722
FBgn0267383,LOC4801302,1,ortholog_one2one,Ubc87F
FBgn0036952,LOC117183180,1,ortholog_one2many,CG6933
FBgn0036952,LOC4813026,1,ortholog_one2many,CG6933
FBgn0043841,LOC4817021,1,ortholog_one2one,vir-1
FBgn0261859,LOC4802398,1,ortholog_one2one,CG42788
FBgn0035918,LOC4812729,1,ortholog_one2one,Cdc6
FBgn0259211,LOC6898906,1,ortholog_one2one,grh
FBgn0261612,LOC4803823,1,ortholog_one2one,CngA
FBgn0024996,LOC4815120,1,ortholog_one2one,eIF2Bbeta
FBgn0286782,LOC6898644,1,ortholog_one2one,flz
FBgn0038716,LOC4803270,1,ortholog_one2one,CG7342
FBgn0265194,LOC4803359,1,ortholog_one2one,Trpm
FBgn0035260,LOC4813165,0,ortholog_one2one,CG7991
FBgn0046763,LOC4803308,1,ortholog_one2one,peg
FBgn0003411,LOC4815153,1,ortholog_one2one,sisA
FBgn0040389,LOC4815436,1,ortholog_one2one,mRpL14
FBgn0261673,LOC4804765,1,ortholog_one2one,nemy
FBgn0261287,LOC4802419,1,ortholog_one2one,ymp
FBgn0032741,LOC4817192,1,ortholog_one2one,Sidpn
FBgn0264002,LOC4812972,1,ortholog_one2one,MsR2
FBgn0020660,LOC26532752,0,ortholog_one2one,eIF4B
FBgn0038941,LOC4801473,1,ortholog_one2one,CG7080
FBgn0039197,LOC4802151,1,ortholog_one2one,CG17780
FBgn0050203,LOC6898177,1,ortholog_one2one,CG30203
FBgn0036488,LOC4813527,1,ortholog_one2one,CG6878
FBgn0267488,LOC4816654,1,ortholog_one2one,Mcr
FBgn0038980,LOC4800620,1,ortholog_one2one,Octbeta1R
FBgn0038076,LOC6896948,1,ortholog_one2many,Cyp313a4
FBgn0038076,LOC4800870,1,ortholog_one2many,Cyp313a4
FBgn0039244,LOC4801287,1,ortholog_one2one,CG11069
FBgn0034002,LOC4803366,1,ortholog_one2one,CG8079
FBgn0015331,LOC4802769,1,ortholog_one2one,abs
FBgn0039398,LOC4802219,1,ortholog_one2one,CG14540
FBgn0029133,LOC4815668,1,ortholog_one2many,REG
FBgn0029133,LOC6903172,0,ortholog_one2many,REG
FBgn0029133,LOC6903267,0,ortholog_one2many,REG
FBgn0005614,LOC4805132,1,ortholog_one2one,trpl
FBgn0028552,LOC117183508,1,ortholog_one2one,gammaSnap1
FBgn0034631,LOC4805282,1,ortholog_one2one,TAF1C-like
FBgn0030943,LOC4814331,1,ortholog_one2one,Nup35
FBgn0037129,LOC4813538,1,ortholog_one2one,CG14565
FBgn0017414,LOC4804363,0,ortholog_one2one,cag
FBgn0004783,LOC4802264,1,ortholog_many2many,Ccp84Aa
FBgn0004783,LOC6897538,0,ortholog_many2many,Ccp84Aa
FBgn0036035,LOC4812171,1,ortholog_one2one,CG18178
FBgn0031201,LOC6902291,0,ortholog_one2one,CG12446
FBgn0036198,LOC4812978,1,ortholog_one2one,crim
FBgn0036652,LOC4812136,1,ortholog_one2one,CG13032
FBgn0033571,LOC6898394,0,ortholog_one2many,Polr2E
FBgn0033571,LOC6902289,0,ortholog_one2many,Polr2E
FBgn0033571,LOC6902259,0,ortholog_one2many,Polr2E
FBgn0039679,LOC4800492,1,ortholog_one2one,ppk19
FBgn0033521,LOC4804223,0,ortholog_one2many,CG12896
FBgn0038673,LOC6901672,0,ortholog_one2one,CG14286
FBgn0028688,LOC4801666,1,ortholog_one2one,Rpn7
FBgn0039929,LOC6901905,0,ortholog_one2one,CG11076
FBgn0014930,LOC4802994,1,ortholog_one2one,Rfk
FBgn0034494,LOC6898073,0,ortholog_one2one,CG10444
FBgn0032694,LOC4816888,1,ortholog_one2one,MESR3
FBgn0000274,LOC4800307,1,ortholog_one2one,Pka-C2
FBgn0262820,LOC26533012,1,ortholog_one2one,CG43191
FBgn0028743,LOC4805378,1,ortholog_one2one,Dhit
FBgn0003044,LOC4804150,1,ortholog_one2one,Pcl
FBgn0030291,LOC4815181,1,ortholog_one2one,CG1738
FBgn0032311,LOC4817926,1,ortholog_one2one,CG12517
FBgn0040212,LOC4802414,1,ortholog_one2one,Gnpat
FBgn0052246,LOC6897098,0,ortholog_one2one,CG32246
FBgn0004919,LOC4804617,1,ortholog_one2one,gol
FBgn0003884,LOC4802911,1,ortholog_one2one,alphaTub84B
FBgn0000212,LOC6900296,1,ortholog_many2many,brm
FBgn0000212,LOC4812909,0,ortholog_many2many,brm
FBgn0040528,LOC4801709,0,ortholog_one2many,CG15864
FBgn0030701,LOC26532991,0,ortholog_one2many,CG16952
FBgn0030701,LOC4811768,0,ortholog_one2many,CG16952
FBgn0027610,LOC4801272,1,ortholog_one2one,Dic1
FBgn0037466,LOC4802252,1,ortholog_one2one,CG1965
FBgn0051457,LOC4800588,1,ortholog_one2one,CG31457
FBgn0001124,LOC6898959,0,ortholog_one2one,Got1
FBgn0038956,LOC4801681,1,ortholog_one2one,CAH8
FBgn0010621,LOC4803373,0,ortholog_one2one,CCT5
FBgn0011273,LOC6897693,1,ortholog_one2many,Acam
FBgn0011273,LOC4802654,1,ortholog_one2many,Acam
FBgn0013531,LOC6901215,0,ortholog_one2one,MED20
FBgn0263199,LOC4814010,1,ortholog_one2one,Galk
FBgn0037342,LOC4802425,1,ortholog_one2one,CG2931
FBgn0034159,LOC4804768,1,ortholog_one2one,CG15615
FBgn0040093,LOC6898493,0,ortholog_one2one,lectin-46Ca
FBgn0030729,LOC4815056,1,ortholog_one2one,CG12507
FBgn0263027,LOC4817832,1,ortholog_one2one,CG43322
FBgn0039633,LOC4801254,0,ortholog_one2one,Bicra
FBgn0288433,LOC4803876,1,ortholog_one2one,L
FBgn0264494,LOC4817511,1,ortholog_one2one,CG17646
FBgn0037659,LOC6897677,1,ortholog_one2one,Kdm2
FBgn0031483,LOC6897705,0,ortholog_one2one,CG9641
FBgn0027054,LOC4804024,1,ortholog_one2one,CSN4
FBgn0037134,LOC4813843,1,ortholog_one2one,CG7407
FBgn0030930,LOC4814237,1,ortholog_one2one,Pgant7
FBgn0036648,LOC4812545,1,ortholog_one2one,CG4098
FBgn0010551,LOC4803622,1,ortholog_one2one,Phb2
FBgn0032598,LOC4817129,1,ortholog_one2one,ChLD3
FBgn0260936,LOC4813226,1,ortholog_one2one,scny
FBgn0000591,LOC4802205,1,ortholog_one2one,E(spl)m8-HLH
FBgn0033883,LOC6898804,1,ortholog_one2one,CG16935
FBgn0001235,LOC4801015,1,ortholog_one2one,hth
FBgn0001104,LOC4814006,1,ortholog_one2one,Galphai
FBgn0050042,LOC4804270,1,ortholog_one2one,Cpr49Ab
FBgn0039647,LOC4800456,1,ortholog_one2one,jus
FBgn0041781,LOC4811740,1,ortholog_one2one,SCAR
FBgn0020509,LOC6898131,0,ortholog_one2many,Acp62F
FBgn0034382,LOC4803748,1,ortholog_one2one,CG18609
FBgn0028542,LOC4816402,1,ortholog_one2one,NimB4
FBgn0035969,LOC4814023,1,ortholog_one2one,CG4476
FBgn0031260,LOC4816873,1,ortholog_one2one,Spp
FBgn0030425,LOC4814304,1,ortholog_one2one,Nep6
FBgn0033292,LOC4803603,1,ortholog_one2one,Cyp4ad1
FBgn0021795,LOC4805022,1,ortholog_one2one,Tapdelta
FBgn0030257,LOC4815001,1,ortholog_one2one,SmydA-4
FBgn0039694,LOC4800997,1,ortholog_one2one,fig
FBgn0034023,LOC4804859,1,ortholog_one2many,Ir52a
FBgn0031002,LOC6901622,1,ortholog_one2one,CG14196
FBgn0051469,LOC4801301,1,ortholog_one2one,Argp
FBgn0029091,LOC4812360,1,ortholog_one2one,Chs2
FBgn0036697,LOC6900899,1,ortholog_one2one,rogdi
FBgn0015031,LOC4817161,1,ortholog_one2one,cype
FBgn0029161,LOC4818128,1,ortholog_one2one,slmo
FBgn0034726,LOC4805204,1,ortholog_one2one,PolE4
FBgn0002773,LOC4800410,1,ortholog_one2one,Mlc2
FBgn0034069,LOC4805353,1,ortholog_one2one,CG8401
FBgn0029931,LOC4814573,0,ortholog_one2one,CG14427
FBgn0051419,LOC6897109,1,ortholog_one2many,CG31419
FBgn0266465,LOC4800755,1,ortholog_one2one,GckIII
FBgn0036534,LOC4813367,1,ortholog_one2one,DCP2
FBgn0036330,LOC6901088,0,ortholog_one2one,CG11263
FBgn0030162,LOC4814312,1,ortholog_one2one,CG1986
FBgn0052600,LOC6901434,1,ortholog_one2one,dpr8
FBgn0051360,LOC4802386,1,ortholog_one2one,CG31360
FBgn0034312,LOC4804779,1,ortholog_one2one,CG10916
FBgn0040950,LOC6903602,1,ortholog_one2one,Muc26B
FBgn0033226,LOC4803633,1,ortholog_one2one,puml
FBgn0037435,LOC4801879,1,ortholog_one2one,CG18048
FBgn0030352,LOC4815024,1,ortholog_one2one,sicily
FBgn0260386,LOC4801710,1,ortholog_one2one,mtg
FBgn0052971,LOC6897372,0,ortholog_many2many,CG32971
FBgn0052971,LOC6901149,0,ortholog_many2many,CG32971
FBgn0035374,LOC4812214,1,ortholog_one2one,mRpS35
FBgn0261444,LOC6902093,1,ortholog_one2one,CG3638
FBgn0036107,LOC4813772,1,ortholog_one2one,galla-2
FBgn0038080,LOC4801348,1,ortholog_one2one,CG12279
FBgn0039873,LOC4801821,1,ortholog_one2one,Smvt
FBgn0034326,LOC4804792,1,ortholog_one2one,CG18540
FBgn0036522,LOC26532009,1,ortholog_one2one,Phs
FBgn0034560,LOC4804404,1,ortholog_one2one,CAH15
FBgn0038783,LOC4803054,1,ortholog_one2one,CG4367
FBgn0032191,LOC4817410,0,ortholog_one2one,Snx17
FBgn0031430,LOC4816335,1,ortholog_one2one,CG3528
FBgn0065108,LOC6902784,1,ortholog_one2one,ppk16
FBgn0011290,LOC4802851,1,ortholog_one2one,Taf12
FBgn0052528,LOC6901537,1,ortholog_one2one,parvin
FBgn0029867,LOC6902200,1,ortholog_one2one,CG3847
FBgn0053771,LOC6899913,1,ortholog_one2one,CG33771
FBgn0016794,LOC4814063,1,ortholog_one2one,dos
FBgn0030588,LOC4815829,1,ortholog_one2one,CG9521
FBgn0042627,LOC4817023,1,ortholog_one2one,FASN2
FBgn0034722,LOC4805210,1,ortholog_one2one,Rtf1
FBgn0030718,LOC4811676,0,ortholog_one2one,ND-20
FBgn0033454,LOC4805428,1,ortholog_one2one,CG1671
FBgn0001254,LOC4812384,1,ortholog_one2one,ImpE2
FBgn0288833,LOC4815722,0,ortholog_one2one,RPA3
FBgn0036757,LOC4813186,1,ortholog_one2one,Ir75a
FBgn0002869,LOC6897367,1,ortholog_one2one,MtnB
FBgn0260400,LOC4814760,1,ortholog_one2one,elav
FBgn0037175,LOC4811933,1,ortholog_one2one,CG14455
FBgn0035787,LOC4812763,1,ortholog_one2one,CG8543
FBgn0034670,LOC4805255,1,ortholog_one2one,CG13488
FBgn0033309,LOC4803367,1,ortholog_one2one,Lnpk
FBgn0031108,LOC26532514,1,ortholog_one2one,CG15459
FBgn0035761,LOC4812588,1,ortholog_one2one,RhoGEF4
FBgn0053477,LOC4804225,1,ortholog_one2many,CG33477
FBgn0033095,LOC4803432,1,ortholog_one2one,chk
FBgn0263600,LOC4812120,1,ortholog_one2one,PolD1
FBgn0052264,LOC4813429,1,ortholog_one2one,CG32264
FBgn0003965,LOC4814467,1,ortholog_one2one,v
FBgn0030390,LOC6902012,1,ortholog_one2one,CG15731
FBgn0033523,LOC6898885,1,ortholog_one2one,CG12895
FBgn0260444,LOC4800526,1,ortholog_one2one,Not10
FBgn0260750,LOC4811834,0,ortholog_one2one,Mulk
FBgn0035359,LOC6900991,1,ortholog_one2one,CG1143
FBgn0032798,LOC4817871,1,ortholog_one2one,CG10132
FBgn0260763,LOC6898602,1,ortholog_one2one,CG42561
FBgn0035687,LOC4813748,1,ortholog_one2one,Prdm13
FBgn0030791,LOC6902191,1,ortholog_one2one,CG9132
FBgn0085321,LOC6901596,0,ortholog_one2many,CG34292
FBgn0085321,LOC13036432,0,ortholog_one2many,CG34292
FBgn0037986,LOC6897658,1,ortholog_many2many,CG14736
FBgn0037986,LOC6897657,0,ortholog_many2many,CG14736
FBgn0039435,LOC4801325,1,ortholog_one2one,TwdlP
FBgn0250837,LOC4817270,1,ortholog_one2one,dUTPase
FBgn0052707,LOC6897108,0,ortholog_one2many,APC4
FBgn0052707,LOC4814976,1,ortholog_one2many,APC4
FBgn0005649,LOC4801758,1,ortholog_one2one,Rox8
FBgn0036502,LOC4812784,1,ortholog_one2one,CG7841
FBgn0029736,LOC4814562,1,ortholog_one2one,CG4041
FBgn0015615,LOC4814811,0,ortholog_one2one,SMC3
FBgn0050290,LOC4805234,1,ortholog_one2one,Ppcdc
FBgn0003162,LOC6899006,1,ortholog_one2one,Pu
FBgn0015904,LOC4813906,1,ortholog_one2one,ara
FBgn0024509,LOC4800642,1,ortholog_one2one,Sec13
FBgn0053500,LOC117184652,0,ortholog_many2many,CG33500
FBgn0053500,LOC117184653,0,ortholog_many2many,CG33500
FBgn0036289,LOC6900478,1,ortholog_one2one,CG10657
FBgn0027553,LOC4815245,1,ortholog_one2one,NELF-B
FBgn0038488,LOC4801051,1,ortholog_one2one,m-cup
FBgn0031357,LOC4817370,1,ortholog_one2one,mRpL48
FBgn0036838,LOC4811859,1,ortholog_one2one,CG3808
FBgn0037972,LOC4802581,1,ortholog_one2one,CG10005
FBgn0037288,LOC4802507,1,ortholog_one2one,Jhbp3
FBgn0038082,LOC6902429,0,ortholog_one2many,Ugt37A2
FBgn0054010,LOC26532338,1,ortholog_one2one,Glyat
FBgn0039488,LOC4801143,1,ortholog_one2one,CG6066
FBgn0052428,LOC4812338,1,ortholog_one2one,CG32428
FBgn0031089,LOC4814497,1,ortholog_one2one,aspr
FBgn0030723,LOC4814662,0,ortholog_one2one,dpr18
FBgn0052076,LOC4813740,1,ortholog_one2one,Alg10
FBgn0265011,LOC6898643,1,ortholog_one2one,Np
FBgn0259709,LOC26533612,1,ortholog_one2one,CG42363
FBgn0037251,LOC4802732,1,ortholog_one2one,Lipt2
FBgn0265003,LOC4803415,1,ortholog_one2one,koi
FBgn0022984,LOC4805200,1,ortholog_one2many,qkr58E-3
FBgn0038921,LOC4800989,1,ortholog_one2one,Theg
FBgn0036188,LOC4813619,1,ortholog_one2one,Polr3H
FBgn0033556,LOC4805311,1,ortholog_one2one,CG12343
FBgn0014007,LOC4813120,1,ortholog_one2one,Ptp69D
FBgn0038575,LOC6897966,0,ortholog_one2many,CG7208
FBgn0053861,LOC117183568,1,ortholog_many2many,His1:CG33861
FBgn0053861,LOC117185631,1,ortholog_many2many,His1:CG33861
FBgn0053861,LOC26534267,1,ortholog_many2many,His1:CG33861
FBgn0053861,LOC117183621,1,ortholog_many2many,His1:CG33861
FBgn0053861,LOC117185633,0,ortholog_many2many,His1:CG33861
FBgn0053861,LOC117185630,0,ortholog_many2many,His1:CG33861
FBgn0053861,LOC117185606,1,ortholog_many2many,His1:CG33861
FBgn0053861,LOC117185608,0,ortholog_many2many,His1:CG33861
FBgn0053861,LOC117185600,1,ortholog_many2many,His1:CG33861
FBgn0053861,LOC26532116,0,ortholog_many2many,His1:CG33861
FBgn0053861,LOC26533245,0,ortholog_many2many,His1:CG33861
FBgn0053861,LOC117185634,0,ortholog_many2many,His1:CG33861
FBgn0053861,LOC117185607,0,ortholog_many2many,His1:CG33861
FBgn0053861,LOC26532398,0,ortholog_many2many,His1:CG33861
FBgn0053861,LOC117183574,0,ortholog_many2many,His1:CG33861
FBgn0261019,LOC6897519,1,ortholog_one2one,moi
FBgn0040666,LOC4804705,1,ortholog_one2one,CG12848
FBgn0045502,LOC6901495,1,ortholog_one2one,Gr10a
FBgn0029851,LOC4815063,1,ortholog_one2one,CG14445
FBgn0054028,LOC6902242,1,ortholog_one2one,CG34028
FBgn0267432,LOC26532531,0,ortholog_one2one,kl-3
FBgn0035432,LOC4812212,1,ortholog_one2one,ZnT63C
FBgn0037176,LOC4812300,1,ortholog_one2one,CG14456
FBgn0052554,LOC6901804,1,ortholog_one2one,CG32554
FBgn0243586,LOC4801323,1,ortholog_one2one,Tb
FBgn0032900,LOC6903079,1,ortholog_one2one,CG14401
FBgn0031494,LOC4817009,1,ortholog_one2one,CG17219
FBgn0032079,LOC4816174,1,ortholog_one2one,CG31886
FBgn0261995,LOC6897080,1,ortholog_one2one,CG42813
FBgn0033388,LOC4805178,1,ortholog_one2one,CG8046
FBgn0004856,LOC4815146,1,ortholog_one2one,Bx42
FBgn0015399,LOC4816359,1,ortholog_one2one,kek1
FBgn0036958,LOC4813463,1,ortholog_one2one,CG17233
FBgn0034120,LOC6898250,0,ortholog_one2one,CG15710
FBgn0037697,LOC4800590,1,ortholog_one2one,GstZ2
FBgn0051922,LOC4817613,1,ortholog_one2many,CG31922
FBgn0051922,LOC117184192,1,ortholog_one2many,CG31922
FBgn0086558,LOC26532072,0,ortholog_one2one,Ubi-p5E
FBgn0036213,LOC4812231,1,ortholog_one2one,RpL10Ab
FBgn0035933,LOC4812703,1,ortholog_one2one,CG13309
FBgn0000577,LOC4803908,1,ortholog_one2one,en
FBgn0014075,LOC4813540,1,ortholog_one2one,Uggt
FBgn0029929,LOC4815883,0,ortholog_one2one,CG4593
FBgn0030385,LOC4815841,0,ortholog_one2one,Ir11a
FBgn0053554,LOC26533571,0,ortholog_one2one,Nipped-A
FBgn0036939,LOC4813699,1,ortholog_one2one,CG7365
FBgn0005666,LOC6899878,1,ortholog_one2one,bt
FBgn0036684,LOC4811955,1,ortholog_one2one,CG3764
FBgn0034880,LOC4803362,0,ortholog_one2many,ItgaPS5
FBgn0261277,LOC4815247,1,ortholog_one2one,rtv
FBgn0032059,LOC4816170,1,ortholog_one2one,PrBP
FBgn0037191,LOC4813659,1,ortholog_one2one,CG14448
FBgn0010226,LOC4805388,1,ortholog_one2one,GstS1
FBgn0035321,LOC4812792,1,ortholog_one2one,CG1275
FBgn0029993,LOC4815450,1,ortholog_one2one,CG1571
FBgn0030776,LOC4815758,1,ortholog_one2one,CG4653
FBgn0000541,LOC4812096,0,ortholog_one2one,E(bx)
FBgn0283476,LOC4815323,1,ortholog_one2one,Dhc16F
FBgn0053658,LOC117183537,0,ortholog_many2many,CG33658
FBgn0053658,LOC6898801,0,ortholog_many2many,CG33658
FBgn0053658,LOC117183751,0,ortholog_many2many,CG33658
FBgn0053658,LOC6898794,0,ortholog_many2many,CG33658
FBgn0051288,LOC4802356,1,ortholog_one2one,CG31288
FBgn0260749,LOC6903319,0,ortholog_one2one,Utx
FBgn0037719,LOC4802455,1,ortholog_one2one,bocks
FBgn0260407,LOC4816411,1,ortholog_one2one,mRpS23
FBgn0015520,LOC6897027,0,ortholog_many2many,nonA-l
FBgn0015520,LOC6901688,0,ortholog_many2many,nonA-l
FBgn0027363,LOC4818014,1,ortholog_one2one,Stam
FBgn0038252,LOC6902032,0,ortholog_one2one,BigH1
FBgn0052574,LOC4815584,1,ortholog_one2one,Twdlalpha
FBgn0066293,LOC6898089,1,ortholog_one2many,CheB42b
FBgn0052815,LOC6901151,1,ortholog_one2one,CG32815
FBgn0052576,LOC26533264,1,ortholog_one2one,CG32576
FBgn0032401,LOC4817759,1,ortholog_one2one,Plzf
FBgn0021906,LOC6903212,0,ortholog_one2one,RFeSP
FBgn0028945,LOC4816666,1,ortholog_one2one,CG7631
FBgn0031469,LOC4816401,1,ortholog_one2one,CG18558
FBgn0005355,LOC4801352,1,ortholog_one2one,Su(fu)
FBgn0035482,LOC4812510,1,ortholog_one2one,CG14985
FBgn0035265,LOC4812228,1,ortholog_one2one,PIG-Wb
FBgn0051076,LOC6897054,1,ortholog_one2one,CG31076
FBgn0032105,LOC4816122,1,ortholog_one2one,borr
FBgn0033524,LOC4805340,1,ortholog_one2one,Cyp49a1
FBgn0023516,LOC4815260,1,ortholog_one2one,Pex5
FBgn0000449,LOC4813322,1,ortholog_one2one,dib
FBgn0034441,LOC26534343,1,ortholog_one2one,CG10081
FBgn0040338,LOC6897283,0,ortholog_one2one,TfIIA-S-2
FBgn0034387,LOC4803745,1,ortholog_one2one,Cyp12b2
FBgn0034269,LOC4805362,1,ortholog_one2one,Hyccin
FBgn0039217,LOC4800442,1,ortholog_one2one,CG13627
FBgn0032008,LOC4817050,1,ortholog_one2one,CG14277
FBgn0032467,LOC4816545,1,ortholog_one2one,Ube4B
FBgn0039867,LOC4801983,1,ortholog_one2one,CstF50
FBgn0038423,LOC4802556,1,ortholog_one2one,CG10317
FBgn0032369,LOC4816992,1,ortholog_one2one,CG6614
FBgn0038165,LOC4802009,1,ortholog_one2one,Task6
FBgn0035334,LOC4812770,1,ortholog_one2one,CG8993
FBgn0032649,LOC117184072,1,ortholog_many2many,CG15145
FBgn0032649,LOC6903237,1,ortholog_many2many,CG15145
FBgn0032649,LOC6903236,1,ortholog_many2many,CG15145
FBgn0032649,LOC117183167,1,ortholog_many2many,CG15145
FBgn0051851,LOC4816445,1,ortholog_one2one,Naa20B
FBgn0030844,LOC4816093,0,ortholog_one2one,ppk23
FBgn0013733,LOC6898462,1,ortholog_one2one,shot
FBgn0037332,LOC6897601,1,ortholog_one2one,Hcs
FBgn0288857,LOC4815817,1,ortholog_one2one,Ype
FBgn0039628,LOC4801596,1,ortholog_one2one,CG11841
FBgn0037633,LOC4803022,1,ortholog_one2one,CG9839
FBgn0011692,LOC4812666,1,ortholog_one2one,pav
FBgn0051559,LOC4801911,1,ortholog_one2one,CG31559
FBgn0015829,LOC4812485,1,ortholog_one2one,TfIIEbeta
FBgn0031114,LOC6901644,1,ortholog_one2one,cactin
FBgn0052793,LOC6901278,1,ortholog_one2one,CG32793
FBgn0039223,LOC4800432,1,ortholog_one2one,CG5805
FBgn0001977,LOC4817989,1,ortholog_one2one,CIAPIN1
FBgn0264894,LOC6902632,1,ortholog_one2one,CG44085
FBgn0005660,LOC4817049,1,ortholog_one2one,Ets21C
FBgn0027600,LOC4817396,1,ortholog_one2one,obst-B
FBgn0029092,LOC4805087,1,ortholog_one2one,ced-6
FBgn0038277,LOC4802390,1,ortholog_one2one,RpS5b
FBgn0010247,LOC6897803,0,ortholog_one2one,Parp1
FBgn0039941,LOC6901179,1,ortholog_one2one,CG17167
FBgn0041709,LOC4812858,1,ortholog_one2one,yellow-g
FBgn0000615,LOC6901249,0,ortholog_one2many,exu
FBgn0000615,LOC117185001,0,ortholog_one2many,exu
FBgn0000615,LOC4804418,1,ortholog_one2many,exu
FBgn0051371,LOC4800382,1,ortholog_one2one,CG31371
FBgn0038930,LOC6897033,0,ortholog_one2one,BomT3
FBgn0036671,LOC4812189,1,ortholog_one2one,CG9951
FBgn0040377,LOC4814344,1,ortholog_one2one,Vha36-3
FBgn0037184,LOC4812060,1,ortholog_one2one,CG14450
FBgn0263977,LOC6897807,0,ortholog_one2one,Tim17b
FBgn0041702,LOC6898353,1,ortholog_one2one,CG15107
FBgn0035914,LOC4812731,1,ortholog_one2one,CG6282
FBgn0038153,LOC4801992,1,ortholog_one2one,Ir87a
FBgn0050503,LOC4803500,1,ortholog_one2one,CG30503
FBgn0033826,LOC4803343,1,ortholog_one2one,CG4734
FBgn0261349,LOC6902853,0,ortholog_one2many,Mst36Fb
FBgn0260635,LOC6900407,1,ortholog_one2one,Diap1
FBgn0015391,LOC6902881,1,ortholog_one2one,glu
FBgn0035019,LOC4805588,1,ortholog_one2one,Ir60e
FBgn0024230,LOC4816494,1,ortholog_one2one,Hs2st
FBgn0036111,LOC4813379,1,ortholog_one2one,Aps
FBgn0085218,LOC4805678,1,ortholog_one2one,CG34189
FBgn0016926,LOC6903175,1,ortholog_one2one,Pino
FBgn0030838,LOC4814511,0,ortholog_one2one,CG5445
FBgn0263774,LOC6898064,1,ortholog_one2one,CG43691
FBgn0030443,LOC4814228,1,ortholog_one2one,CG12715
FBgn0040649,LOC6898674,0,ortholog_one2many,CG15461
FBgn0002577,LOC6901956,1,ortholog_one2one,m
FBgn0036619,LOC4812151,1,ortholog_one2one,Cpr72Ec
FBgn0016061,LOC4801180,1,ortholog_one2one,side
FBgn0036948,LOC117185412,1,ortholog_one2many,CG7298
FBgn0036948,LOC6900421,1,ortholog_one2many,CG7298
FBgn0038833,LOC4801551,1,ortholog_one2one,CG15696
FBgn0036514,LOC4813100,1,ortholog_one2one,CG12301
FBgn0028531,LOC4816328,1,ortholog_one2one,CG15286
FBgn0035449,LOC4812076,1,ortholog_one2one,CG14971
FBgn0035520,LOC4812671,1,ortholog_one2one,CG11586
FBgn0037589,LOC26532407,1,ortholog_one2one,Obp85a
FBgn0052248,LOC6900048,1,ortholog_one2one,CG32248
FBgn0262656,LOC4815560,0,ortholog_one2one,Myc
FBgn0039224,LOC4800431,1,ortholog_one2one,CG13634
FBgn0034558,LOC4804405,1,ortholog_one2one,Cib2
FBgn0050385,LOC6900544,0,ortholog_one2one,CG30385
FBgn0034182,LOC4804465,0,ortholog_one2one,SmydA-7
FBgn0035243,LOC4812041,1,ortholog_one2one,CG13926
FBgn0031281,LOC4817119,1,ortholog_one2one,Saf6
FBgn0085303,LOC6898008,1,ortholog_one2one,CG34274
FBgn0032374,LOC6901192,0,ortholog_one2many,CG14931
FBgn0032374,LOC4816820,1,ortholog_one2many,CG14931
FBgn0066114,LOC4814302,1,ortholog_one2one,GlcAT-I
FBgn0033902,LOC4803654,1,ortholog_one2one,eIF3m
FBgn0035097,LOC117184960,1,ortholog_one2one,CG13405
FBgn0026566,LOC4802275,1,ortholog_one2one,CG1307
FBgn0051148,LOC4800570,1,ortholog_one2one,Gba1a
FBgn0285912,LOC4801376,1,ortholog_one2one,mah
FBgn0036323,LOC6902048,0,ortholog_one2one,CG14118
FBgn0014464,LOC6901337,1,ortholog_one2one,Cp7Fa
FBgn0003231,LOC4817909,1,ortholog_one2one,ref(2)P
FBgn0044812,LOC4801544,0,ortholog_one2many,TotC
FBgn0039675,LOC4800491,1,ortholog_one2one,ppk21
FBgn0053476,LOC6898421,1,ortholog_one2one,CG33476
FBgn0051718,LOC117184168,0,ortholog_one2many,Ir31a
FBgn0051718,LOC117184169,0,ortholog_one2many,Ir31a
FBgn0020224,LOC4813950,1,ortholog_one2one,Cbl
FBgn0039482,LOC6897068,1,ortholog_one2one,CG14258
FBgn0038638,LOC4801428,1,ortholog_one2one,CG7702
FBgn0052857,LOC6901885,1,ortholog_one2many,CG32857
FBgn0284248,LOC4817344,1,ortholog_one2one,Cyt-c-p
FBgn0039654,LOC4800462,1,ortholog_one2one,Brd8
FBgn0034261,LOC4804666,0,ortholog_one2one,HPS4
FBgn0036620,LOC4812453,1,ortholog_one2many,CG4842
FBgn0261562,LOC6900551,1,ortholog_one2one,CG42676
FBgn0034755,LOC4803828,1,ortholog_one2one,CG3746
FBgn0036109,LOC4813084,1,ortholog_one2many,Cpr67Fa2
FBgn0034908,LOC4803392,1,ortholog_one2one,CG5543
FBgn0037779,LOC4800776,1,ortholog_one2one,CG12811
FBgn0085367,LOC6901784,1,ortholog_one2one,CG34338
FBgn0038608,LOC4801455,1,ortholog_one2one,WRNexo
FBgn0033907,LOC4805344,1,ortholog_one2one,mRpS16
FBgn0046706,LOC6899753,0,ortholog_one2one,Haspin
FBgn0010223,LOC6900166,1,ortholog_one2one,Galphaf
FBgn0025644,LOC4814967,1,ortholog_one2one,CG14424
FBgn0034693,LOC4805712,1,ortholog_one2one,flap
FBgn0026196,LOC6902353,1,ortholog_one2one,nop5
FBgn0030695,LOC6901862,0,ortholog_one2one,PGRP-LE
FBgn0036481,LOC4813678,1,ortholog_one2one,CG16959
FBgn0086694,LOC4812749,1,ortholog_one2one,Bre1
FBgn0004177,LOC6902986,1,ortholog_one2one,mts
FBgn0032877,LOC4816866,1,ortholog_one2many,CG2617
FBgn0032877,LOC6903085,1,ortholog_one2many,CG2617
FBgn0038837,LOC4801547,1,ortholog_one2one,KaiR1D
FBgn0001986,LOC4816314,1,ortholog_one2one,Mtr4
FBgn0045468,LOC4800970,1,ortholog_one2many,Gr93d
FBgn0032400,LOC4817798,1,ortholog_one2one,CG6770
FBgn0027527,LOC6897379,1,ortholog_one2one,Osi6
FBgn0037878,LOC4803146,1,ortholog_one2one,CG6693
FBgn0010926,LOC4801192,1,ortholog_one2one,l(3)07882
FBgn0030678,LOC4815691,0,ortholog_one2one,CG11679
FBgn0263005,LOC4815615,1,ortholog_one2one,Chpf
FBgn0036128,LOC6900500,1,ortholog_one2many,Elo68beta
FBgn0035208,LOC4812605,1,ortholog_one2one,CG9184
FBgn0000542,LOC6901553,1,ortholog_one2one,ec
FBgn0034580,LOC6898988,1,ortholog_one2one,Cht8
FBgn0000377,LOC6901837,1,ortholog_one2one,crn
FBgn0019990,LOC4800725,1,ortholog_one2one,Gcn2
FBgn0028540,LOC4816407,1,ortholog_one2one,CG9008
FBgn0263697,LOC4805147,1,ortholog_one2one,Uba3
FBgn0038581,LOC4803183,1,ortholog_one2one,CG14314
FBgn0034759,LOC4803833,1,ortholog_one2one,CG13511
FBgn0053108,LOC13036518,1,ortholog_one2one,CG33108
FBgn0033243,LOC4804022,1,ortholog_one2one,CG14763
FBgn0003866,LOC4817939,1,ortholog_one2one,tsh
FBgn0031103,LOC6902685,0,ortholog_one2one,CG12679
FBgn0052988,LOC4816116,1,ortholog_one2many,CG32988
FBgn0264693,LOC6900299,1,ortholog_one2one,ens
FBgn0052451,LOC4813494,0,ortholog_one2one,SPoCk
FBgn0031831,LOC4817919,1,ortholog_one2one,COX5BL
FBgn0034664,LOC4805249,1,ortholog_one2one,CG4377
FBgn0267347,LOC4817506,0,ortholog_one2many,squ
FBgn0053883,LOC117183610,1,ortholog_one2many,His4:CG33883
FBgn0015600,LOC6903567,0,ortholog_one2many,toc
FBgn0015600,LOC117183986,0,ortholog_one2many,toc
FBgn0039461,LOC4800742,1,ortholog_one2one,CG5500
FBgn0051454,LOC4802643,1,ortholog_one2many,CG31454
FBgn0015320,LOC4816709,1,ortholog_one2one,Ubc2
FBgn0053826,LOC26532855,1,ortholog_one2one,His2A:CG33826
FBgn0042693,LOC6897965,1,ortholog_one2one,wrd
FBgn0030013,LOC4815231,1,ortholog_one2one,GIIIspla2
FBgn0259992,LOC6897433,1,ortholog_one2one,CG42489
FBgn0039066,LOC4801227,1,ortholog_one2one,EloA
FBgn0003463,LOC6902299,0,ortholog_one2one,sog
FBgn0034366,LOC4804442,1,ortholog_one2one,Atg7
FBgn0063498,LOC4804806,1,ortholog_one2one,GstE2
FBgn0031399,LOC4816847,1,ortholog_one2one,mio
FBgn0029935,LOC4814241,0,ortholog_one2one,CG4615
FBgn0050098,LOC6898230,0,ortholog_one2many,CG30098
FBgn0050098,LOC6898229,0,ortholog_one2many,CG30098
FBgn0050098,LOC6898240,0,ortholog_one2many,CG30098
FBgn0030098,LOC4815223,1,ortholog_one2one,CG12057
FBgn0011570,LOC4816782,1,ortholog_one2one,cpb
FBgn0052588,LOC6902823,0,ortholog_one2many,CG32588
FBgn0053893,LOC26532676,1,ortholog_one2one,His4:CG33893
FBgn0053247,LOC6899057,0,ortholog_one2many,Ste:CG33247
FBgn0004511,LOC4815816,1,ortholog_one2one,dy
FBgn0035753,LOC4813449,1,ortholog_one2one,RpL18
FBgn0013680,GeneID_44805047,0,ortholog_one2one,mt:ND2
FBgn0037100,LOC4813138,1,ortholog_one2one,CapaR
FBgn0000017,LOC4812679,1,ortholog_one2one,Abl
FBgn0262721,LOC4817314,1,ortholog_one2many,CG43165
FBgn0032455,LOC4816556,1,ortholog_one2one,Pih1D1
FBgn0032505,LOC4816138,0,ortholog_one2one,CG16826
FBgn0031716,LOC4818078,1,ortholog_one2one,CG14015
FBgn0028509,LOC4816443,1,ortholog_many2many,CenG1A
FBgn0038130,LOC4801283,1,ortholog_one2one,CG8630
FBgn0051133,LOC4801776,1,ortholog_one2one,Slimp
FBgn0032750,LOC4817962,1,ortholog_one2one,Dus4
FBgn0038607,LOC4801456,1,ortholog_one2one,hmw
FBgn0031650,LOC4817159,1,ortholog_one2one,synr
FBgn0023517,LOC4815173,1,ortholog_one2one,Pgam5
FBgn0032650,LOC4817672,1,ortholog_one2one,CG7094
FBgn0020638,LOC6900713,1,ortholog_many2many,Lcp65Ag1
FBgn0020638,LOC6900714,1,ortholog_many2many,Lcp65Ag1
FBgn0033566,LOC6898687,1,ortholog_one2one,CG18004
FBgn0031800,LOC4816246,1,ortholog_one2one,CG9497
FBgn0038965,LOC6897297,1,ortholog_one2one,mats
FBgn0053241,LOC6899057,0,ortholog_one2many,Ste:CG33241
FBgn0031049,LOC4815583,0,ortholog_one2many,Sec61gamma
FBgn0038047,LOC26533837,0,ortholog_one2many,CG5245
FBgn0038047,LOC6903241,0,ortholog_one2many,CG5245
FBgn0038047,LOC117184127,0,ortholog_one2many,CG5245
FBgn0038047,LOC26533994,0,ortholog_one2many,CG5245
FBgn0038047,LOC6902418,0,ortholog_one2many,CG5245
FBgn0038047,LOC6903279,0,ortholog_one2many,CG5245
FBgn0038047,LOC6903257,0,ortholog_one2many,CG5245
FBgn0038047,LOC117184073,0,ortholog_one2many,CG5245
FBgn0038047,LOC26532842,0,ortholog_one2many,CG5245
FBgn0038047,LOC6903239,0,ortholog_one2many,CG5245
FBgn0038047,LOC117184074,0,ortholog_one2many,CG5245
FBgn0038047,LOC6902419,0,ortholog_one2many,CG5245
FBgn0038047,LOC6903240,0,ortholog_one2many,CG5245
FBgn0038047,LOC6903258,0,ortholog_one2many,CG5245
FBgn0038047,LOC6903259,0,ortholog_one2many,CG5245
FBgn0026401,LOC6903313,0,ortholog_one2one,Nipped-B
FBgn0260466,LOC6897908,1,ortholog_one2one,Indy-2
FBgn0017551,LOC4816209,1,ortholog_one2one,Rca1
FBgn0260012,LOC4804143,1,ortholog_one2one,pds5
FBgn0285949,LOC4805113,1,ortholog_one2one,RpL31
FBgn0004363,LOC4816719,1,ortholog_one2one,porin
FBgn0011225,LOC6897317,1,ortholog_one2one,jar
FBgn0000339,LOC4817758,1,ortholog_one2one,cni
FBgn0027567,LOC4813008,1,ortholog_one2one,Ciz1
FBgn0052495,LOC4815777,0,ortholog_one2many,Gss2
FBgn0035518,LOC4812669,1,ortholog_one2one,CG15011
FBgn0038401,LOC4802879,1,ortholog_one2one,CG5916
FBgn0011737,LOC4816185,1,ortholog_one2one,Wee1
FBgn0010220,LOC4804574,1,ortholog_one2one,Dbp45A
FBgn0031822,LOC4818118,1,ortholog_one2one,Phf5a
FBgn0035750,LOC4812810,1,ortholog_one2one,CG14826
FBgn0032864,LOC4817229,0,ortholog_one2one,CG2493
FBgn0036888,LOC4812553,1,ortholog_one2one,CG9330
FBgn0038321,LOC4801525,1,ortholog_one2one,Nagk
FBgn0045470,LOC4800968,1,ortholog_one2one,Gr93b
FBgn0028579,LOC4803403,1,ortholog_one2one,phtf
FBgn0032979,LOC4816201,1,ortholog_one2one,Clamp
FBgn0263200,LOC4816204,1,ortholog_one2one,Galt
FBgn0037743,LOC4801513,1,ortholog_one2one,Alg12
FBgn0052091,LOC4813242,1,ortholog_one2one,CG32091
FBgn0036910,LOC4813404,1,ortholog_one2one,Cyp305a1
FBgn0058298,LOC13036438,0,ortholog_one2one,CG40298
FBgn0261356,LOC13036329,1,ortholog_one2one,CG42633
FBgn0053642,LOC6903432,1,ortholog_one2many,CG33642
FBgn0032770,LOC4816380,1,ortholog_one2one,CG13086
FBgn0260463,LOC6896930,0,ortholog_one2many,Unc-115b
FBgn0035283,LOC4813582,1,ortholog_one2one,CG12024
FBgn0052654,LOC6902022,1,ortholog_one2one,Sec16
FBgn0034649,LOC4803696,1,ortholog_one2one,PIG-M
FBgn0287788,LOC4817435,1,ortholog_one2one,Datp
FBgn0004865,LOC4813880,1,ortholog_one2one,Eip78C
FBgn0001185,LOC4817505,1,ortholog_one2one,her
FBgn0010421,LOC4803222,1,ortholog_one2one,TfIIFbeta
FBgn0264545,LOC6902666,0,ortholog_one2many,CG43924
FBgn0030608,LOC4815935,1,ortholog_one2one,Lsd-2
FBgn0035685,LOC6900709,1,ortholog_one2one,CG13297
FBgn0011741,LOC4816025,1,ortholog_one2one,Arp6
FBgn0051961,LOC4816901,1,ortholog_one2one,Tbcc
FBgn0266129,LOC4804618,1,ortholog_one2one,lov
FBgn0085477,LOC6902523,1,ortholog_one2one,CG34448
FBgn0028952,LOC6903149,1,ortholog_one2one,Kebab
FBgn0011476,LOC4803103,1,ortholog_one2one,l(3)neo43
FBgn0031774,LOC4818120,1,ortholog_one2one,CG9147
FBgn0264294,LOC4804912,1,ortholog_one2one,Cyt-b5
FBgn0040805,LOC6900346,1,ortholog_one2one,CG12355
FBgn0259734,LOC6901611,1,ortholog_one2one,Nost
FBgn0027525,LOC4805307,1,ortholog_one2one,LTV1
FBgn0034237,LOC6898328,1,ortholog_one2one,eIF3b
FBgn0053558,LOC6898088,1,ortholog_one2one,mim
FBgn0032235,LOC117184171,0,ortholog_one2one,CG5096
FBgn0028887,LOC6897355,0,ortholog_one2many,CG3491
FBgn0028887,LOC4818103,1,ortholog_one2many,CG3491
FBgn0030722,LOC6902024,0,ortholog_one2one,CG12395
FBgn0000064,LOC4802184,1,ortholog_one2one,Ald1
FBgn0034577,LOC4805518,1,ortholog_one2one,cpa
FBgn0050389,LOC4805539,1,ortholog_one2one,CG30389
FBgn0250851,LOC6898903,1,ortholog_one2one,CG33981
FBgn0052418,LOC4812766,1,ortholog_one2one,vito
FBgn0033739,LOC4805091,1,ortholog_one2one,Dyb
FBgn0032863,LOC4816339,0,ortholog_one2many,Cdc23
FBgn0085288,LOC6900856,1,ortholog_one2one,Grl62c
FBgn0037498,LOC4802950,1,ortholog_one2one,CG10029
FBgn0058470,LOC13036301,0,ortholog_one2one,CG40470
FBgn0051721,LOC4816752,0,ortholog_one2one,Trim9
FBgn0263510,LOC4804884,1,ortholog_one2one,nclb
FBgn0051729,LOC4816194,0,ortholog_one2one,CG31729
FBgn0033538,LOC4805331,1,ortholog_one2one,CG11883
FBgn0042098,LOC4805245,1,ortholog_one2one,CG18735
FBgn0039404,LOC4802198,1,ortholog_one2one,CG14543
FBgn0028569,LOC117184264,1,ortholog_one2one,robl37BC
FBgn0037263,LOC6897560,1,ortholog_one2one,slx1
FBgn0037644,LOC4802622,1,ortholog_one2one,CG11964
FBgn0033108,LOC4803416,1,ortholog_one2one,CG15236
FBgn0035229,LOC4814150,1,ortholog_one2one,pns
FBgn0037635,LOC4803024,1,ortholog_one2one,CG9837
FBgn0033225,LOC4803634,1,ortholog_one2one,TTLL12
FBgn0051081,LOC6897148,1,ortholog_one2one,TwdlR
FBgn0030598,LOC4815865,1,ortholog_one2one,CG9503
FBgn0000411,LOC4813823,1,ortholog_one2one,D
FBgn0034406,LOC4804057,1,ortholog_one2one,Jheh3
FBgn0051496,LOC4802951,1,ortholog_one2one,CG31496
FBgn0037376,LOC4802063,1,ortholog_one2one,Hat1
FBgn0003415,LOC4813724,1,ortholog_one2one,skd
FBgn0035076,LOC4803547,1,ortholog_one2one,Ance-5
FBgn0050157,LOC4803447,1,ortholog_one2one,Ufsp1
FBgn0033079,LOC4805584,1,ortholog_one2one,Fmo-2
FBgn0266670,LOC4817143,1,ortholog_one2one,Sec5
FBgn0004618,LOC4801453,1,ortholog_one2one,gl
FBgn0040064,LOC4816893,1,ortholog_one2one,yip2
FBgn0052438,LOC6896688,0,ortholog_one2one,SMC5
FBgn0051436,LOC4802353,1,ortholog_one2one,CG31436
FBgn0002938,LOC4817001,1,ortholog_one2one,ninaC
FBgn0064117,LOC6902320,1,ortholog_one2one,SLIRP1
FBgn0264301,LOC26533818,1,ortholog_one2one,CG43779
FBgn0035849,LOC4814087,1,ortholog_one2one,ERR
FBgn0038438,LOC6897609,1,ortholog_one2one,Der-2
FBgn0034293,LOC4804113,1,ortholog_one2one,CG14495
FBgn0261552,LOC4800592,1,ortholog_one2one,ps
FBgn0261808,LOC4803139,1,ortholog_one2one,cu
FBgn0037936,LOC4802849,1,ortholog_one2one,CG6908
FBgn0030346,LOC4815165,1,ortholog_one2one,BORCS5
FBgn0052713,LOC6901335,0,ortholog_one2many,CG32713
FBgn0036136,LOC4813640,1,ortholog_one2one,Ufd1
FBgn0285925,LOC4801486,0,ortholog_one2one,Fas1
FBgn0266435,LOC6902142,1,ortholog_one2one,CG45065
FBgn0032117,LOC6903365,1,ortholog_one2many,FucTB
FBgn0032117,LOC117183169,1,ortholog_one2many,FucTB
FBgn0032117,LOC26533099,1,ortholog_one2many,FucTB
FBgn0036291,LOC4813195,1,ortholog_one2one,CG10681
FBgn0004435,LOC4804929,1,ortholog_one2one,Galphaq
FBgn0038419,LOC4802561,1,ortholog_one2one,CG14879
FBgn0034982,LOC4804330,1,ortholog_one2one,Naa35
FBgn0017448,LOC4801823,1,ortholog_one2one,CG2187
FBgn0039305,LOC4802365,1,ortholog_one2one,CG11858
FBgn0051065,LOC4801151,1,ortholog_one2one,ppk31
FBgn0028484,LOC4812637,1,ortholog_one2one,Ack
FBgn0039876,LOC4801705,1,ortholog_one2one,CG2126
FBgn0261403,LOC6899221,0,ortholog_one2one,sxc
FBgn0031196,LOC4815864,1,ortholog_one2one,Cluap1
FBgn0036766,LOC4813273,1,ortholog_one2one,CG5506
FBgn0023172,LOC6898428,0,ortholog_one2one,RhoGEF2
FBgn0039752,LOC6896741,1,ortholog_one2one,CG15530
FBgn0083976,LOC4812215,1,ortholog_one2one,CG34140
FBgn0025802,LOC4802833,1,ortholog_one2one,Sbf
FBgn0036596,LOC13036484,1,ortholog_one2one,CG13045
FBgn0026384,LOC4804482,1,ortholog_one2one,Or59a
FBgn0031356,LOC4816781,1,ortholog_many2many,CG17660
FBgn0034013,LOC4805229,0,ortholog_one2one,unc-5
FBgn0039282,LOC4811824,1,ortholog_one2one,Bili
FBgn0062449,LOC4805403,1,ortholog_one2one,CG13197
FBgn0261446,LOC4815417,1,ortholog_one2one,CG13377
FBgn0036816,LOC6900518,1,ortholog_one2one,Indy
FBgn0038397,LOC4802886,1,ortholog_one2one,CG10185
FBgn0027932,LOC6903542,1,ortholog_one2one,Akap200
FBgn0025592,LOC4812494,1,ortholog_one2one,Gk1
FBgn0026369,LOC4805280,1,ortholog_one2one,Sara
FBgn0284237,LOC26532956,1,ortholog_one2one,CG46321
FBgn0262518,LOC6900604,1,ortholog_one2one,Rab8
FBgn0028554,LOC13036504,1,ortholog_one2one,x16
FBgn0028744,LOC4805377,1,ortholog_one2one,CG5033
FBgn0031463,LOC4816619,1,ortholog_one2one,G6P
FBgn0260742,LOC4802577,1,ortholog_one2one,CG12213
FBgn0002036,LOC4811692,1,ortholog_one2one,CG10561
FBgn0038236,LOC6897665,0,ortholog_many2many,Cyp313a1
FBgn0038236,LOC6897664,0,ortholog_many2many,Cyp313a1
FBgn0010019,LOC4814429,1,ortholog_one2one,Cyp4g1
FBgn0050488,LOC6898814,1,ortholog_one2one,antr
FBgn0020445,LOC4817330,1,ortholog_one2one,E23
FBgn0020371,LOC6902547,1,ortholog_one2many,Tim17b2
FBgn0262475,LOC6902992,1,ortholog_one2one,bru2
FBgn0266615,LOC26533060,1,ortholog_one2one,CG45122
FBgn0034527,LOC4804433,1,ortholog_one2one,CG9945
FBgn0040899,LOC4815474,1,ortholog_one2one,CG17776
FBgn0000250,LOC4817779,1,ortholog_one2one,cact
FBgn0034476,LOC4804967,1,ortholog_one2one,Toll-7
FBgn0052639,LOC4815508,1,ortholog_one2one,CG32639
FBgn0037856,LOC4803120,1,ortholog_one2one,Leash
FBgn0035385,LOC4812496,1,ortholog_one2one,FMRFaR
FBgn0015561,LOC4804593,0,ortholog_one2one,unpg
FBgn0261806,LOC6896680,0,ortholog_one2one,CG42752
FBgn0031320,LOC6902183,0,ortholog_one2one,CG5126
FBgn0259239,LOC4813086,1,ortholog_one2one,CG42337
FBgn0032197,LOC6899734,0,ortholog_one2one,ova
FBgn0041241,LOC4805024,1,ortholog_one2many,Gr47b
FBgn0041241,LOC26532250,0,ortholog_one2many,Gr47b
FBgn0036870,LOC6900255,0,ortholog_one2one,CG14095
FBgn0035695,LOC6900950,1,ortholog_one2one,CG10226
FBgn0038499,LOC4801208,1,ortholog_one2one,Brf
FBgn0053147,LOC4803746,0,ortholog_one2one,Hs3st-A
FBgn0029147,LOC4805705,1,ortholog_one2one,NtR
FBgn0000075,LOC117183959,1,ortholog_one2many,amd
FBgn0000075,LOC4816707,1,ortholog_one2many,amd
FBgn0038194,LOC4801644,1,ortholog_one2one,Cyp6d5
FBgn0035155,LOC4812377,1,ortholog_one2one,RabX6
FBgn0029176,LOC4800464,1,ortholog_one2one,eEF1gamma
FBgn0029659,LOC4815646,0,ortholog_one2one,CG16782
FBgn0004868,LOC4818091,1,ortholog_one2one,Gdi
FBgn0085344,LOC15382885,1,ortholog_one2one,CG34315
FBgn0053886,LOC6901701,0,ortholog_many2many,His2B:CG33886
FBgn0053886,LOC6901707,0,ortholog_many2many,His2B:CG33886
FBgn0266758,LOC4803323,1,ortholog_one2one,Esyt2
FBgn0033809,LOC4804165,1,ortholog_one2one,CG4630
FBgn0000546,LOC6899016,1,ortholog_one2one,EcR
FBgn0038742,LOC4802905,1,ortholog_one2one,Arc42
FBgn0029822,LOC6901470,1,ortholog_one2one,CG12236
FBgn0038188,LOC6897291,1,ortholog_one2one,Art9
FBgn0000492,LOC4800483,1,ortholog_one2one,Dr
FBgn0037835,LOC13036540,1,ortholog_one2one,CG14687
FBgn0010235,LOC4812781,1,ortholog_one2one,Klc
FBgn0030720,LOC117184492,0,ortholog_one2one,CG8939
FBgn0026143,LOC4815418,1,ortholog_one2one,Cdc45
FBgn0032096,LOC4816187,1,ortholog_one2one,Or30a
FBgn0025833,LOC4804180,1,ortholog_one2one,CG8910
FBgn0261396,LOC4817964,1,ortholog_one2one,Rpn3
FBgn0264922,LOC4816112,1,ortholog_one2many,Sumo
FBgn0264922,LOC117184543,0,ortholog_one2many,Sumo
FBgn0030224,LOC26533930,0,ortholog_one2one,CG12637
FBgn0267824,LOC4803956,1,ortholog_one2one,PRAS40
FBgn0052843,LOC4803341,1,ortholog_one2one,Dh31-R
FBgn0036607,LOC4811901,1,ortholog_one2one,CG13059
FBgn0031977,LOC6901616,0,ortholog_one2many,baf
FBgn0031977,LOC6902920,1,ortholog_one2many,baf
FBgn0031977,LOC117184366,0,ortholog_one2many,baf
FBgn0085324,LOC6896833,1,ortholog_one2one,CG34295
FBgn0037722,LOC6897605,1,ortholog_one2one,CG8319
FBgn0015299,LOC4817062,1,ortholog_one2one,Ssb-c31a
FBgn0035089,LOC4803565,1,ortholog_one2one,Phk-3
FBgn0035316,LOC4813595,1,ortholog_one2one,CG15878
FBgn0031016,LOC4815605,0,ortholog_one2one,kek5
FBgn0035077,LOC4803548,1,ortholog_one2one,CG9083
FBgn0013303,LOC117184694,1,ortholog_one2one,Nca
FBgn0039718,LOC4800272,1,ortholog_one2one,CG15517
FBgn0036480,LOC4813677,1,ortholog_one2one,Cep135
FBgn0032287,LOC4816772,1,ortholog_one2one,CG6415
FBgn0000489,LOC6900498,1,ortholog_one2one,Pka-C3
FBgn0259171,LOC4814257,1,ortholog_one2one,Pde9
FBgn0015509,LOC4805007,1,ortholog_one2one,Cul1
FBgn0035710,LOC4812236,1,ortholog_one2one,SP1173
FBgn0040236,LOC4815543,1,ortholog_one2one,c11.1
FBgn0032214,LOC4811769,0,ortholog_one2one,CG4968
FBgn0025692,LOC4805195,1,ortholog_one2one,Lfg
FBgn0036629,LOC4812613,1,ortholog_one2one,GluRS-m
FBgn0003137,LOC4801310,1,ortholog_one2one,Ppn
FBgn0054045,LOC6898435,1,ortholog_one2one,CG34045
FBgn0085211,LOC6903364,1,ortholog_one2one,RpS28-like
FBgn0004580,LOC4804190,1,ortholog_one2one,Cbp53E
FBgn0031590,LOC4817795,1,ortholog_one2one,CG3702
FBgn0037541,LOC4802720,1,ortholog_one2one,CG2747
FBgn0036929,LOC6899110,0,ortholog_one2one,CG7668
FBgn0033712,LOC4803667,1,ortholog_one2one,mIF3
FBgn0039349,LOC4802423,1,ortholog_one2one,Ssadh
FBgn0039337,LOC4803044,1,ortholog_one2one,MED28
FBgn0051053,LOC4801108,1,ortholog_one2many,nenya
FBgn0000244,LOC6897644,1,ortholog_one2one,by
FBgn0036640,LOC6897885,0,ortholog_one2one,nxf2
FBgn0030752,LOC4815058,1,ortholog_one2one,Cdc50
FBgn0027091,LOC4803874,1,ortholog_one2one,CysRS
FBgn0031715,LOC4818077,1,ortholog_one2one,tomb
FBgn0031564,LOC4817374,1,ortholog_one2one,CG2816
FBgn0040823,LOC6900643,1,ortholog_one2one,dpr6
FBgn0035360,LOC4814107,1,ortholog_one2one,CG1246
FBgn0039215,LOC4800448,1,ortholog_one2one,CG6695
FBgn0004430,LOC4812049,1,ortholog_one2one,LysS
FBgn0045473,LOC6899180,1,ortholog_one2one,Gr85a
FBgn0037940,LOC4802843,1,ortholog_one2one,CG14720
FBgn0038087,LOC4801422,1,ortholog_one2one,beat-Va
FBgn0039155,LOC6897336,1,ortholog_one2one,Kal1
FBgn0010350,LOC4814164,1,ortholog_one2one,Cds
FBgn0040773,LOC4804083,1,ortholog_one2one,COX7C
FBgn0015245,LOC6902137,1,ortholog_one2one,Hsp60A
FBgn0000636,LOC4816969,1,ortholog_one2one,Fas3
FBgn0033264,LOC4804343,1,ortholog_one2many,Nup50
FBgn0033264,LOC6901740,0,ortholog_one2many,Nup50
FBgn0015793,LOC4814072,1,ortholog_one2one,Rab19
FBgn0033820,LOC6898069,1,ortholog_one2one,CG4716
FBgn0036690,LOC4812108,1,ortholog_one2one,Ilp8
FBgn0053903,LOC117185641,1,ortholog_one2one,His4:CG33903
FBgn0034346,LOC4804815,1,ortholog_one2one,PIG-O
FBgn0032435,LOC4817467,1,ortholog_one2one,Oatp33Eb
FBgn0028717,LOC4802232,1,ortholog_one2one,Lnk
FBgn0035091,LOC4803568,1,ortholog_one2one,CG3829
FBgn0261445,LOC4814032,1,ortholog_one2one,sgl
FBgn0029114,LOC4812856,1,ortholog_one2one,Tollo
FBgn0051164,LOC6897220,0,ortholog_many2many,Ir94a
FBgn0051164,LOC4801462,0,ortholog_many2many,Ir94a
FBgn0029706,LOC4816016,1,ortholog_one2one,CG3626
FBgn0046687,LOC4814990,1,ortholog_one2one,Tre1
FBgn0025336,LOC4803511,1,ortholog_one2one,CG4882
FBgn0033381,LOC4804585,1,ortholog_one2one,GstE13
FBgn0041171,LOC4812667,1,ortholog_one2one,ago
FBgn0038876,LOC4800858,1,ortholog_one2one,Idi
FBgn0033672,LOC4804896,1,ortholog_one2one,rho-7
FBgn0263993,LOC6901832,1,ortholog_one2one,CG43736
FBgn0001148,LOC4804616,1,ortholog_one2one,gsb
FBgn0037254,LOC6903324,0,ortholog_one2one,sac
FBgn0032163,LOC4817313,1,ortholog_one2one,TbCMF46
FBgn0086347,LOC6903022,1,ortholog_one2one,Myo31DF
FBgn0031077,LOC4814596,0,ortholog_one2one,THADA
FBgn0051481,LOC4802258,1,ortholog_one2one,pb
FBgn0031379,LOC4817529,1,ortholog_one2one,CG7289
FBgn0033050,LOC4804828,1,ortholog_one2one,Pngl
FBgn0034853,LOC4804490,1,ortholog_one2one,Ice1
FBgn0041183,LOC4817206,0,ortholog_one2many,Tep1
FBgn0000018,LOC4811738,1,ortholog_one2one,abo
FBgn0265631,LOC117183529,1,ortholog_one2one,CG44438
FBgn0037680,LOC4800606,1,ortholog_one2one,pasi2
FBgn0086712,LOC4803910,1,ortholog_one2one,Egm
FBgn0042110,LOC4802846,1,ortholog_one2one,CG18765
FBgn0035678,LOC4813060,1,ortholog_one2one,CG10469
FBgn0039283,LOC4811819,1,ortholog_one2one,danr
FBgn0052536,LOC4815305,1,ortholog_one2one,CG32536
FBgn0015527,LOC4815077,0,ortholog_one2one,peng
FBgn0053958,LOC6898647,1,ortholog_one2one,CG33958
FBgn0000182,LOC4816374,1,ortholog_one2one,BicC
FBgn0032052,LOC6903377,1,ortholog_one2one,PIG-U
FBgn0263979,LOC4803088,1,ortholog_one2one,Caf1-55
FBgn0050159,LOC4803451,1,ortholog_one2one,CG30159
FBgn0038564,LOC4803164,1,ortholog_one2one,CG7785
FBgn0013759,LOC4800966,1,ortholog_one2one,CASK
FBgn0036876,LOC4812040,1,ortholog_one2one,CG9451
FBgn0037042,LOC4813650,1,ortholog_one2one,CG12984
FBgn0039523,LOC4801185,1,ortholog_one2one,CG12885
FBgn0030395,LOC4815618,1,ortholog_one2one,Mks1
FBgn0005674,LOC4801744,1,ortholog_one2one,GluProRS
FBgn0030874,LOC4815221,1,ortholog_one2one,Spt7
FBgn0085444,LOC6898398,1,ortholog_one2one,mute
FBgn0024945,LOC6899980,1,ortholog_one2one,NitFhit
FBgn0040736,LOC6898654,1,ortholog_one2one,BomS3
FBgn0052529,LOC6901578,1,ortholog_one2one,Hers
FBgn0038601,LOC6897032,0,ortholog_one2one,Polr1E
FBgn0069354,LOC4816581,1,ortholog_one2one,Porin2
FBgn0052570,LOC4815812,1,ortholog_one2one,TwdlY
FBgn0024987,LOC6902088,1,ortholog_one2one,ssx
FBgn0010053,LOC4804056,1,ortholog_one2one,Jheh1
FBgn0027584,LOC4803137,1,ortholog_one2one,CG4757
FBgn0261261,LOC4802051,1,ortholog_one2one,plx
FBgn0051473,LOC4802984,1,ortholog_one2one,CG31473
FBgn0051259,LOC4802643,1,ortholog_one2many,CG31259
FBgn0030339,LOC4815281,1,ortholog_one2one,Cyp28c1
FBgn0085235,LOC6899106,1,ortholog_one2one,CG34206
FBgn0002283,LOC4811853,1,ortholog_one2one,l(3)73Ah
FBgn0011592,LOC4804937,1,ortholog_one2one,fra
FBgn0250838,LOC4804489,1,ortholog_one2one,roh
FBgn0036987,LOC6901289,0,ortholog_one2many,CG5274
FBgn0036987,LOC4813965,1,ortholog_one2many,CG5274
FBgn0037026,LOC4813442,1,ortholog_one2one,CG3634
FBgn0087040,LOC4812687,1,ortholog_one2one,alphaTub67C
FBgn0026056,LOC6897967,0,ortholog_one2one,Rlip
FBgn0040507,LOC4813255,1,ortholog_one2one,ACXD
FBgn0031676,LOC4816620,1,ortholog_one2one,senju
FBgn0030081,LOC4815392,1,ortholog_one2one,CG7246
FBgn0038732,LOC4803283,1,ortholog_one2one,Acsx2
FBgn0085599,LOC6897795,0,ortholog_one2many,CG41284
FBgn0264298,LOC6898450,1,ortholog_one2many,CG43776
FBgn0001263,LOC4805492,1,ortholog_one2one,inaD
FBgn0039518,LOC6897088,1,ortholog_many2many,CG13978
FBgn0039518,LOC6897505,0,ortholog_many2many,CG13978
FBgn0031975,LOC4816791,1,ortholog_one2one,Tg
FBgn0031001,LOC6901621,1,ortholog_one2one,CG7884
FBgn0053647,LOC6903429,0,ortholog_one2many,CG33647
FBgn0250815,LOC5495512,1,ortholog_one2one,Jon65Aiv
FBgn0016977,LOC6903561,1,ortholog_one2one,spen
FBgn0020647,LOC4801754,1,ortholog_one2one,KrT95D
FBgn0039560,LOC6897046,1,ortholog_one2one,BOD1
FBgn0031227,LOC4817266,1,ortholog_one2one,Pus10
FBgn0032609,LOC4816794,1,ortholog_one2one,CG13280
FBgn0003683,LOC4813126,0,ortholog_one2many,term
FBgn0000482,LOC4815465,1,ortholog_one2one,dor
FBgn0026679,LOC4814202,0,ortholog_one2one,IntS4
FBgn0037447,LOC4802289,1,ortholog_one2one,Neurochondrin
FBgn0039141,LOC4801757,1,ortholog_one2one,spas
FBgn0039150,LOC4801769,1,ortholog_one2one,CG13605
FBgn0261524,LOC4815748,1,ortholog_one2one,lic
FBgn0033846,LOC4804388,1,ortholog_one2one,mip120
FBgn0003227,LOC4802461,0,ortholog_one2one,rec
FBgn0033404,LOC4804515,1,ortholog_one2one,Or45a
FBgn0036905,LOC4812277,1,ortholog_one2many,Vtld
FBgn0051548,LOC4802044,1,ortholog_one2one,CG31548
FBgn0051973,LOC4817712,1,ortholog_one2one,Cda5
FBgn0036994,LOC4812443,1,ortholog_one2one,CG5199
FBgn0020508,LOC4814563,1,ortholog_one2one,Ag5r2
FBgn0025741,LOC4811803,0,ortholog_one2one,PlexA
FBgn0005671,LOC4800524,1,ortholog_one2one,Vha55
FBgn0031422,LOC4816295,1,ortholog_one2one,PIG-Wa
FBgn0032296,LOC6898813,0,ortholog_one2one,CG6729
FBgn0004397,LOC4815906,1,ortholog_one2one,Vinc
FBgn0036484,LOC4813526,1,ortholog_one2one,Pex3
FBgn0028647,LOC4802340,1,ortholog_one2one,CG11902
FBgn0039045,LOC6896960,1,ortholog_one2one,Ctns
FBgn0053339,LOC6897485,1,ortholog_one2one,CG33339
FBgn0263036,LOC6899899,1,ortholog_one2one,CG43331
FBgn0030514,LOC4814667,1,ortholog_one2one,Mrgn1
FBgn0039007,LOC4800944,1,ortholog_one2one,CCAP
FBgn0053928,LOC6902907,1,ortholog_one2one,CG33928
FBgn0052238,LOC4812073,1,ortholog_one2one,TTLL1B
FBgn0050343,LOC4804507,1,ortholog_one2one,Tsen15
FBgn0260049,LOC4812418,0,ortholog_one2one,flr
FBgn0011802,LOC6900677,1,ortholog_one2one,Gem3
FBgn0039369,LOC4802659,1,ortholog_one2many,CG17195
FBgn0038307,LOC4803090,1,ortholog_one2one,mRpS10
FBgn0042106,LOC117183241,1,ortholog_one2many,CG18754
FBgn0035204,LOC4812438,1,ortholog_one2one,Nt5a
FBgn0028737,LOC6899499,0,ortholog_one2many,eEF1beta
FBgn0028737,LOC6898393,1,ortholog_one2many,eEF1beta
FBgn0052206,LOC4812408,1,ortholog_one2one,CG32206
FBgn0025625,LOC4815523,1,ortholog_one2one,Sik2
FBgn0035046,LOC4803400,1,ortholog_one2one,ND-19
FBgn0261823,LOC6898308,1,ortholog_one2one,Asx
FBgn0050269,LOC4803834,1,ortholog_one2one,CG30269
FBgn0029657,LOC6902823,0,ortholog_one2many,CG12535
FBgn0004087,LOC4802470,1,ortholog_one2one,Dhfr
FBgn0039685,LOC4800502,1,ortholog_one2one,Obp99b
FBgn0039470,LOC4801129,1,ortholog_one2one,CG6296
FBgn0004425,LOC6899956,0,ortholog_many2many,LysB
FBgn0004425,LOC6899953,1,ortholog_many2many,LysB
FBgn0004425,LOC6899949,1,ortholog_many2many,LysB
FBgn0034997,LOC4805622,1,ortholog_one2one,CG3376
FBgn0050169,LOC4805589,0,ortholog_one2one,Brca2
FBgn0028978,LOC4813969,1,ortholog_one2one,trbl
FBgn0037996,LOC4802604,1,ortholog_one2one,CG4830
FBgn0004389,LOC4800342,1,ortholog_one2one,bnk
FBgn0032618,LOC4817708,0,ortholog_one2one,CG31743
FBgn0032734,LOC4817048,1,ortholog_one2one,CG15169
FBgn0288888,LOC4802175,1,ortholog_one2one,tx
FBgn0030614,LOC6901930,0,ortholog_one2many,CG9072
FBgn0030614,LOC4811659,1,ortholog_one2many,CG9072
FBgn0053977,LOC6897128,1,ortholog_one2one,Dpm3
FBgn0037383,LOC4801480,1,ortholog_one2one,Sec20
FBgn0033216,LOC4803645,1,ortholog_one2one,CG1946
FBgn0004647,LOC6901287,1,ortholog_one2one,N
FBgn0032420,LOC4817277,1,ortholog_one2one,CG6583
FBgn0052683,LOC4814725,1,ortholog_one2one,CG32683
FBgn0034924,LOC4803517,1,ortholog_one2one,CG17658
FBgn0035168,LOC4813311,1,ortholog_one2one,Cep290
FBgn0015402,LOC4802437,1,ortholog_many2many,ksr
FBgn0038421,LOC6897650,1,ortholog_one2one,CG17931
FBgn0051717,LOC4817793,0,ortholog_one2one,CG31717
FBgn0022764,LOC4804932,1,ortholog_one2one,Sin3A
FBgn0015522,LOC4805381,1,ortholog_one2one,olf186-M
FBgn0025679,LOC4815692,1,ortholog_many2many,Klf15
FBgn0039068,LOC4801225,1,ortholog_one2many,Pex11c
FBgn0030334,LOC4815768,1,ortholog_one2one,Karl
FBgn0035475,LOC4812227,1,ortholog_one2one,CG10866
FBgn0034568,LOC4805507,1,ortholog_one2one,CG3216
FBgn0035604,LOC4812879,0,ortholog_one2one,Ir64a
FBgn0032856,LOC4816381,1,ortholog_one2one,CG16798
FBgn0261800,LOC6903564,0,ortholog_one2one,LanB1
FBgn0034428,LOC6902428,0,ortholog_one2many,AANATL6
FBgn0039783,LOC6896720,0,ortholog_many2many,PH4alphaNE2
FBgn0039783,LOC6903737,0,ortholog_many2many,PH4alphaNE2
FBgn0033653,LOC4805409,1,ortholog_one2one,CG13192
FBgn0030012,LOC6901388,1,ortholog_one2one,CG18262
FBgn0039799,LOC4800309,1,ortholog_one2one,CG15543
FBgn0042085,LOC4805583,0,ortholog_one2one,Bap170
FBgn0286198,LOC4817347,1,ortholog_one2one,LKRSDH
FBgn0001186,LOC4815359,0,ortholog_one2one,Hex-A
FBgn0036236,LOC4813074,1,ortholog_one2one,CG6931
FBgn0025814,LOC4814313,1,ortholog_one2one,Mgstl
FBgn0033793,LOC26532346,1,ortholog_one2one,CG3955
FBgn0038878,LOC4800860,1,ortholog_one2one,CG3301
FBgn0033287,LOC4803594,1,ortholog_one2one,CG8701
FBgn0267001,LOC4815803,0,ortholog_one2one,Ten-a
FBgn0260450,LOC4815308,1,ortholog_one2one,CalpC
FBgn0034681,LOC4805267,1,ortholog_one2one,CG9308
FBgn0037860,LOC6899191,1,ortholog_one2one,SdhCL
FBgn0003274,LOC6899833,0,ortholog_one2one,RpLP2
FBgn0039187,LOC4802163,1,ortholog_one2one,CG6454
FBgn0086704,LOC4800341,1,ortholog_one2one,stops
FBgn0082582,LOC4800370,1,ortholog_one2one,tmod
FBgn0033330,LOC4805073,1,ortholog_one2one,CG8746
FBgn0262636,LOC26533625,1,ortholog_one2one,dati
FBgn0004034,LOC4815371,1,ortholog_one2one,y
FBgn0033686,LOC4803379,1,ortholog_one2one,Hen1
FBgn0085259,LOC6898947,1,ortholog_one2one,CG34230
FBgn0034072,LOC4805356,1,ortholog_one2one,Dg
FBgn0034262,LOC4804665,1,ortholog_one2one,swi2
FBgn0034688,LOC4805274,1,ortholog_one2one,CG11474
FBgn0031697,LOC4817089,1,ortholog_one2one,CG14024
FBgn0002570,LOC6898150,1,ortholog_one2one,Mal-A1
FBgn0053243,LOC6899057,0,ortholog_one2many,Ste:CG33243
FBgn0021760,LOC4814007,0,ortholog_one2one,chb
FBgn0029681,LOC4815227,1,ortholog_one2one,CG15239
FBgn0052117,LOC6898455,0,ortholog_one2many,CG32117
FBgn0287724,LOC4817060,1,ortholog_one2one,Ca-beta
FBgn0051357,LOC4800422,1,ortholog_one2one,Kaz
FBgn0250839,LOC4802506,1,ortholog_one2one,Jhbp2
FBgn0031997,LOC4817455,1,ortholog_one2one,PGAP5
FBgn0035785,LOC4813908,1,ortholog_one2one,ppk26
FBgn0285952,LOC4804310,1,ortholog_one2one,eEF5
FBgn0037517,LOC4802980,1,ortholog_one2one,CG10086
FBgn0050491,LOC4804898,1,ortholog_one2one,CG30491
FBgn0031304,LOC4817599,1,ortholog_one2one,TBC1D23
FBgn0030859,LOC4815556,1,ortholog_one2one,CG12990
FBgn0011739,LOC4800311,1,ortholog_one2one,wts
FBgn0039163,LOC4801787,1,ortholog_one2one,CG5515
FBgn0037855,LOC4803122,1,ortholog_one2one,CG6621
FBgn0037788,LOC4800768,1,ortholog_one2one,CAH7
FBgn0031729,LOC4816303,1,ortholog_one2many,CG12511
FBgn0031729,LOC6902586,1,ortholog_one2many,CG12511
FBgn0027537,LOC4814743,1,ortholog_one2one,Nup93-1
FBgn0053721,LOC6897227,1,ortholog_one2one,CG33721
FBgn0037615,LOC6897886,1,ortholog_one2one,CG11760
FBgn0039237,LOC4800367,1,ortholog_one2one,CG13640
FBgn0030530,LOC6901533,1,ortholog_one2one,jub
FBgn0085371,LOC4813293,1,ortholog_one2one,CG34342
FBgn0260475,LOC6898764,1,ortholog_one2many,CG30059
FBgn0036916,LOC4813014,1,ortholog_one2one,Mtr3
FBgn0033427,LOC6898692,0,ortholog_one2one,Smyd4-1
FBgn0029975,LOC4814472,1,ortholog_one2one,spidey
FBgn0085342,LOC6903277,1,ortholog_one2one,CG34313
FBgn0031491,LOC4816947,1,ortholog_one2many,alpha4GT1
FBgn0031491,LOC26532247,1,ortholog_one2many,alpha4GT1
FBgn0031491,LOC6903067,1,ortholog_one2many,alpha4GT1
FBgn0031258,LOC6902812,1,ortholog_one2one,CG4297
FBgn0036500,LOC4813761,1,ortholog_one2one,CG7275
FBgn0029522,LOC4814619,1,ortholog_one2many,CG13373
FBgn0039851,LOC6896892,1,ortholog_one2one,mey
FBgn0038766,LOC4803069,1,ortholog_one2one,CG4854
FBgn0033250,LOC4804032,1,ortholog_one2one,CG14762
FBgn0032731,LOC4816967,1,ortholog_one2one,Swip-1
FBgn0262732,LOC4812080,1,ortholog_one2one,mbf1
FBgn0032211,LOC6904036,0,ortholog_one2one,CG13138
FBgn0025739,LOC6901801,1,ortholog_one2one,pon
FBgn0003357,LOC6896707,0,ortholog_many2many,Jon99Ciii
FBgn0003357,LOC4800234,0,ortholog_many2many,Jon99Ciii
FBgn0003357,LOC6896708,0,ortholog_many2many,Jon99Ciii
FBgn0028880,LOC4816293,1,ortholog_one2one,CG15256
FBgn0286785,LOC4803362,1,ortholog_one2many,scb
FBgn0287209,LOC6897786,1,ortholog_one2one,Gfat1
FBgn0034365,LOC4804443,1,ortholog_one2one,CG5335
FBgn0267431,LOC6899765,0,ortholog_one2one,Myo81F
FBgn0019890,LOC4816442,1,ortholog_one2one,Smg5
FBgn0033727,LOC6898061,0,ortholog_one2many,Or49a
FBgn0033727,LOC4804274,1,ortholog_one2many,Or49a
FBgn0036300,LOC4813373,1,ortholog_one2one,Pmm2
FBgn0046685,LOC4800453,1,ortholog_one2one,Wsck
FBgn0037408,LOC4801907,1,ortholog_one2one,NPFR
FBgn0267408,LOC6898005,1,ortholog_one2many,AOX1
FBgn0267408,LOC4803309,1,ortholog_one2many,AOX1
FBgn0267408,LOC117183732,1,ortholog_one2many,AOX1
FBgn0010399,LOC4802433,1,ortholog_one2one,Nmdar1
FBgn0033169,LOC4803498,1,ortholog_one2one,CG11123
FBgn0033645,LOC4805400,1,ortholog_one2one,CG13196
FBgn0032881,LOC4817280,1,ortholog_one2one,Amacr
FBgn0004168,LOC4804073,1,ortholog_one2one,5-HT1A
FBgn0035554,LOC6900051,1,ortholog_one2one,CG13721
FBgn0034477,LOC4804968,1,ortholog_one2one,CG13872
FBgn0085285,LOC6900234,1,ortholog_one2one,CG34256
FBgn0032732,LOC4816966,1,ortholog_one2one,EMC5
FBgn0003396,LOC6899084,1,ortholog_one2one,shn
FBgn0032452,LOC4817506,0,ortholog_one2many,CG15484
FBgn0035120,LOC4812422,1,ortholog_one2one,wac
FBgn0010042,LOC6896921,1,ortholog_one2many,GstD6
FBgn0038037,LOC4800823,1,ortholog_one2many,Cyp9f2
FBgn0039033,LOC4800918,1,ortholog_one2one,Or94a
FBgn0035150,LOC4812004,1,ortholog_one2one,Rev1
FBgn0000157,LOC4804689,1,ortholog_one2one,Dll
FBgn0030685,LOC6899357,0,ortholog_one2one,Graf
FBgn0000084,LOC4814884,1,ortholog_one2one,AnxB10
FBgn0037755,LOC117184220,1,ortholog_one2many,CG12945
FBgn0037755,LOC4801499,1,ortholog_one2many,CG12945
FBgn0038337,LOC4801257,1,ortholog_one2one,CG6125
FBgn0030499,LOC4815191,1,ortholog_one2one,CG11178
FBgn0039195,LOC4802153,1,ortholog_one2one,CG17782
FBgn0002526,LOC4814167,1,ortholog_one2one,LanA
FBgn0039250,LOC6897162,1,ortholog_one2one,Mink
FBgn0035427,LOC4812472,1,ortholog_one2one,ckd
FBgn0046247,LOC4801239,1,ortholog_one2one,CG5938
FBgn0039830,LOC4800349,1,ortholog_one2one,ATPsynC
FBgn0038774,LOC4803061,1,ortholog_one2one,CG5023
FBgn0004055,LOC4804613,1,ortholog_one2one,uzip
FBgn0031452,LOC4816691,1,ortholog_one2one,Cwc25
FBgn0040993,LOC6902955,1,ortholog_one2one,CG17325
FBgn0085434,LOC6898122,1,ortholog_one2one,NaCP60E
FBgn0036376,LOC4812156,1,ortholog_one2one,Liprin-beta
FBgn0039923,LOC4811809,1,ortholog_one2one,MED26
FBgn0030186,LOC6903644,1,ortholog_one2one,CG2962
FBgn0036160,LOC6900764,1,ortholog_one2one,CG12289
FBgn0026577,LOC4816565,1,ortholog_one2one,CG8677
FBgn0051019,LOC4800287,1,ortholog_one2one,CG31019
FBgn0035971,LOC4812481,0,ortholog_one2one,CG4477
FBgn0037617,LOC4802997,1,ortholog_one2one,nom
FBgn0040763,LOC4804747,1,ortholog_one2one,CG18336
FBgn0034858,LOC4804488,1,ortholog_one2one,eIF2Bdelta
FBgn0051075,LOC4801126,1,ortholog_one2one,CG31075
FBgn0031116,LOC4814807,1,ortholog_one2one,CG1695
FBgn0038655,LOC4801827,1,ortholog_one2one,CG14297
FBgn0002985,LOC4817151,1,ortholog_one2one,odd
FBgn0038596,LOC4802381,1,ortholog_one2one,CG14312
FBgn0033401,LOC4804510,1,ortholog_one2one,Cog6
FBgn0026575,LOC6901315,1,ortholog_one2one,hang
FBgn0034314,LOC4804780,1,ortholog_one2one,nopo
FBgn0031426,LOC4816626,1,ortholog_one2one,CG18641
FBgn0030164,LOC4814291,1,ortholog_one2one,CG1889
FBgn0008646,LOC6897293,1,ortholog_one2one,E5
FBgn0039965,LOC6901183,1,ortholog_one2one,Coa7
FBgn0029768,LOC4815587,1,ortholog_one2one,SPR
FBgn0035088,LOC4803564,1,ortholog_one2one,CG3776
FBgn0085210,LOC6903369,1,ortholog_one2one,CG34181
FBgn0035570,LOC4812085,1,ortholog_one2one,CG13712
FBgn0000395,LOC4805716,1,ortholog_one2one,cv-2
FBgn0051848,LOC117183909,1,ortholog_one2many,CG31848
FBgn0051848,LOC4816456,1,ortholog_one2many,CG31848
FBgn0030607,LOC4815609,1,ortholog_one2one,dob
FBgn0085256,LOC6898633,1,ortholog_one2one,CG34227
FBgn0028582,LOC4813094,1,ortholog_many2many,lqf
FBgn0051992,LOC4811745,0,ortholog_one2one,gw
FBgn0033222,LOC4803638,1,ortholog_one2many,CG12824
FBgn0036806,LOC4813032,1,ortholog_one2one,Cyp12c1
FBgn0035281,LOC4812885,1,ortholog_one2one,Cpr62Bc
FBgn0083951,LOC6898473,1,ortholog_one2one,CG34115
FBgn0015270,LOC4801647,1,ortholog_one2one,Orc2
FBgn0264078,LOC6902140,0,ortholog_one2one,Flo2
FBgn0015721,LOC4805531,1,ortholog_one2one,ktub
FBgn0033340,LOC4805082,1,ortholog_one2one,CG13751
FBgn0028476,LOC4800465,1,ortholog_one2one,Usp1
FBgn0026533,LOC6903885,1,ortholog_one2one,Dek
FBgn0262599,LOC4818112,1,ortholog_one2one,SmydA-3
FBgn0036577,LOC117184400,1,ortholog_one2one,CG13073
FBgn0031894,LOC4817742,1,ortholog_one2one,CG4496
FBgn0034468,LOC4804957,1,ortholog_one2one,Obp56a
FBgn0025790,LOC4811752,1,ortholog_one2many,TBPH
FBgn0032922,LOC4818186,1,ortholog_one2one,Coq3
FBgn0026238,LOC6899551,0,ortholog_one2one,gus
FBgn0030244,LOC4816003,1,ortholog_one2one,CG2157
FBgn0034661,LOC4805246,1,ortholog_one2one,tpr
FBgn0036606,LOC6900019,0,ortholog_many2many,CG13060
FBgn0036606,LOC6900020,1,ortholog_many2many,CG13060
FBgn0032338,LOC4817230,1,ortholog_one2one,CG16854
FBgn0063923,LOC4812471,1,ortholog_one2one,Kaz1-ORFB
FBgn0038074,LOC4800872,1,ortholog_one2one,Gnmt
FBgn0034614,LOC4803774,1,ortholog_one2one,CG9752
FBgn0016687,LOC6898971,1,ortholog_one2one,Nurf-38
FBgn0002631,LOC4802209,1,ortholog_one2one,E(spl)m5-HLH
FBgn0031771,LOC4817872,1,ortholog_one2one,ND-51
FBgn0050373,LOC4803572,1,ortholog_one2one,CG30373
FBgn0036659,LOC4812375,1,ortholog_one2one,CG9701
FBgn0040634,LOC4812313,1,ortholog_one2one,CG4186
FBgn0033948,LOC26534363,0,ortholog_one2one,CG12863
FBgn0001280,LOC4800256,1,ortholog_one2one,janA
FBgn0083952,LOC6900602,1,ortholog_one2one,CG34116
FBgn0002578,LOC4802213,1,ortholog_one2one,Kaz-m1
FBgn0011576,LOC6901833,1,ortholog_one2many,Cyp4d2
FBgn0011576,LOC6901834,0,ortholog_one2many,Cyp4d2
FBgn0024179,LOC4813253,1,ortholog_one2one,wit
FBgn0287767,LOC4803334,0,ortholog_one2one,Cndp2
FBgn0082598,LOC4813004,1,ortholog_one2many,akirin
FBgn0082598,LOC6897384,0,ortholog_one2many,akirin
FBgn0034962,LOC4804305,1,ortholog_one2one,MAN1
FBgn0023540,LOC4814876,0,ortholog_one2one,CG3630
FBgn0267363,LOC6902253,0,ortholog_one2one,JYalpha
FBgn0038784,LOC4803053,1,ortholog_one2one,CG4362
FBgn0037340,LOC117183380,1,ortholog_one2many,CG14671
FBgn0037340,LOC117183381,1,ortholog_one2many,CG14671
FBgn0037340,LOC117183382,1,ortholog_one2many,CG14671
FBgn0037340,LOC4802430,1,ortholog_one2many,CG14671
FBgn0261293,LOC4800868,0,ortholog_one2many,CheB53b
FBgn0264502,LOC4814466,1,ortholog_one2one,CG43901
FBgn0030508,LOC6901005,1,ortholog_one2one,CG15760
FBgn0266673,LOC6897334,1,ortholog_one2one,Sec10
FBgn0034950,LOC4804291,1,ortholog_one2one,Pask
FBgn0001991,LOC4816326,0,ortholog_one2one,Ca-alpha1D
FBgn0034093,LOC6898582,1,ortholog_one2one,CG15706
FBgn0037721,LOC4802453,1,ortholog_one2one,CG9427
FBgn0035813,LOC6899991,1,ortholog_one2one,CG8492
FBgn0085440,LOC6901714,1,ortholog_one2one,Lgr4
FBgn0039916,LOC6899823,1,ortholog_one2one,Ekar
FBgn0037958,LOC4802797,1,ortholog_one2one,CG6962
FBgn0035544,LOC6900043,1,ortholog_one2one,CG15021
FBgn0033320,LOC4805060,1,ortholog_one2one,CG8586
FBgn0283724,LOC4813435,1,ortholog_one2one,Girdin
FBgn0036263,LOC4813132,1,ortholog_one2one,thoc6
FBgn0032373,LOC4816825,1,ortholog_one2one,Vha100-5
FBgn0000404,LOC4811997,0,ortholog_one2one,CycA
FBgn0037566,LOC4801804,1,ortholog_one2one,mRpL1
FBgn0037978,LOC4802588,1,ortholog_one2one,KLHL18
FBgn0263121,LOC4804438,0,ortholog_one2many,Prosalpha1
FBgn0041237,LOC4805261,1,ortholog_one2one,Gr58c
FBgn0262880,LOC6902824,1,ortholog_one2one,CG43235
FBgn0032194,LOC6903769,0,ortholog_one2one,ath
FBgn0039085,LOC4800551,1,ortholog_one2many,Ugt303B3
FBgn0053499,LOC4814506,1,ortholog_one2many,Sdic4
FBgn0027507,LOC6902742,0,ortholog_one2one,CG1344
FBgn0036066,LOC4813848,1,ortholog_one2one,CG14160
FBgn0053876,LOC6901701,0,ortholog_many2many,His2B:CG33876
FBgn0053876,LOC6901707,0,ortholog_many2many,His2B:CG33876
FBgn0085341,LOC26533992,1,ortholog_one2many,CG34312
FBgn0001223,LOC4814177,1,ortholog_one2one,Hsp22
FBgn0035954,LOC4813991,1,ortholog_one2one,Doc3
FBgn0020653,LOC4814288,1,ortholog_one2one,Trxr1
FBgn0032886,LOC4816935,1,ortholog_one2one,CG9328
FBgn0052298,LOC4813633,1,ortholog_one2one,CG32298
FBgn0287864,LOC4804455,1,ortholog_one2one,hbs
FBgn0003292,LOC4813592,1,ortholog_one2one,rt
FBgn0033166,LOC6898111,1,ortholog_one2one,Eaf
FBgn0259927,LOC6901037,1,ortholog_one2one,CG42450
FBgn0011695,LOC4804300,1,ortholog_one2one,EbpIII
FBgn0262476,LOC4804372,1,ortholog_one2one,CG43066
FBgn0038049,LOC4800836,1,ortholog_one2one,Srlp
FBgn0032911,LOC4818197,1,ortholog_one2one,tadr
FBgn0262737,LOC4813190,1,ortholog_one2one,mub
FBgn0002629,LOC4802211,1,ortholog_one2one,E(spl)m4-BFM
FBgn0031738,LOC4818067,1,ortholog_one2one,CG9171
FBgn0040321,LOC4812469,1,ortholog_one2one,GNBP3
FBgn0052767,LOC6901545,1,ortholog_one2one,CG32767
FBgn0030277,LOC4815333,1,ortholog_one2many,CG1394
FBgn0037354,LOC4802043,1,ortholog_one2one,CG12171
FBgn0013765,LOC4804379,0,ortholog_one2one,cnn
FBgn0263234,LOC4817091,1,ortholog_one2one,Phae1
FBgn0034623,LOC4805718,1,ortholog_one2one,CG9822
FBgn0265342,LOC117183725,1,ortholog_one2one,COX7CL
FBgn0036679,LOC4812019,1,ortholog_one2one,CG13022
FBgn0040251,LOC4803128,1,ortholog_one2one,Ugt302K1
FBgn0000711,LOC6901473,1,ortholog_one2one,flw
FBgn0037533,LOC4802016,1,ortholog_one2one,CD98hc
FBgn0034391,LOC4803740,1,ortholog_one2one,CG15080
FBgn0039861,LOC4801988,1,ortholog_one2one,pasha
FBgn0031855,LOC4817987,1,ortholog_one2one,meng
FBgn0039801,LOC4800310,1,ortholog_one2many,Npc2h
FBgn0024314,LOC117184190,0,ortholog_one2many,Plap
FBgn0024314,LOC117184189,1,ortholog_one2many,Plap
FBgn0024314,LOC4817612,1,ortholog_one2many,Plap
FBgn0036661,LOC4811956,1,ortholog_one2one,CG9705
FBgn0028893,LOC6901588,0,ortholog_one2one,CG31819
FBgn0037792,LOC4801054,1,ortholog_one2one,TAF1B
FBgn0261791,LOC26534035,0,ortholog_many2many,SNRPG
FBgn0053631,LOC6896912,1,ortholog_one2one,CG33631
FBgn0035694,LOC4814093,1,ortholog_one2one,CG13299
FBgn0027603,LOC117183309,0,ortholog_one2one,Ulp1
FBgn0025632,LOC4815666,0,ortholog_one2one,CG4313
FBgn0030833,LOC4814507,1,ortholog_one2one,CG8915
FBgn0040333,LOC6900380,0,ortholog_one2one,brv3
FBgn0260985,LOC4812640,1,ortholog_one2one,RfC4
FBgn0265413,LOC4815142,1,ortholog_one2one,CG44325
FBgn0051041,LOC4800486,1,ortholog_one2one,CG31041
FBgn0025628,LOC4815740,0,ortholog_one2one,CG4199
FBgn0036202,LOC4812059,1,ortholog_one2one,loaf
FBgn0015295,LOC4803900,1,ortholog_one2one,Shark
FBgn0040384,LOC6901266,1,ortholog_one2one,CG32795
FBgn0003612,LOC6898534,1,ortholog_one2one,Su(var)2-10
FBgn0020370,LOC4804053,1,ortholog_one2one,TppII
FBgn0034939,LOC6898118,0,ortholog_one2one,thoc5
FBgn0263772,LOC6901826,1,ortholog_one2one,CG43689
FBgn0030653,LOC4815446,0,ortholog_one2one,CG7860
FBgn0034758,LOC4803831,1,ortholog_one2one,CG13510
FBgn0030373,LOC6901501,0,ortholog_one2one,moon
FBgn0027597,LOC4817512,1,ortholog_one2one,CG17712
FBgn0065110,LOC26532118,1,ortholog_one2one,ppk10
FBgn0030009,LOC4814724,1,ortholog_one2many,CG15336
FBgn0032127,LOC4816939,1,ortholog_one2one,CG13114
FBgn0036206,LOC4812450,1,ortholog_one2one,twy
FBgn0011706,LOC4813234,1,ortholog_one2one,rpr
FBgn0041096,LOC4812739,0,ortholog_one2one,rols
FBgn0011566,LOC4814717,1,ortholog_one2one,Smyd3
FBgn0033968,LOC4803945,1,ortholog_one2one,hui
FBgn0000052,LOC4817941,1,ortholog_one2one,Pfas
FBgn0038960,LOC4801677,1,ortholog_one2one,CG13855
FBgn0034964,LOC4804307,1,ortholog_one2one,IntS1
FBgn0035252,LOC4813016,1,ortholog_one2one,CG7970
FBgn0259246,LOC4805049,0,ortholog_one2one,brp
FBgn0039944,LOC6901174,1,ortholog_one2one,CG17162
FBgn0031455,LOC4816618,1,ortholog_one2one,Snapin
FBgn0263314,LOC26534324,1,ortholog_one2one,CG43400
FBgn0263352,LOC6900888,1,ortholog_one2one,Unr
FBgn0261648,LOC6903053,1,ortholog_one2one,salm
FBgn0038349,LOC6898345,0,ortholog_many2many,AOX3
FBgn0038349,LOC5384076,1,ortholog_many2many,AOX3
FBgn0038349,LOC5384075,1,ortholog_many2many,AOX3
FBgn0038000,LOC4802607,1,ortholog_one2one,Rsbp15
FBgn0031747,LOC4818047,1,ortholog_one2one,CG9021
FBgn0003687,LOC4803693,1,ortholog_one2one,Tbp
FBgn0032075,LOC4816117,1,ortholog_one2one,Tsp29Fb
FBgn0014455,LOC4814720,1,ortholog_one2one,Ahcy
FBgn0053246,LOC6899057,0,ortholog_one2many,Ste:CG33246
FBgn0267365,LOC26532478,0,ortholog_one2one,l(2)SH0834
FBgn0032358,LOC4817466,1,ortholog_one2one,Ppt2
FBgn0029154,LOC6898246,1,ortholog_one2one,Menl-1
FBgn0265726,LOC4814756,1,ortholog_one2one,Nna1
FBgn0034717,LOC4805215,1,ortholog_one2one,CG5819
FBgn0262477,LOC6897474,0,ortholog_one2one,FoxP
FBgn0037737,LOC4802131,0,ortholog_one2one,Pnn
FBgn0036773,LOC4813375,1,ortholog_one2one,CG13698
FBgn0033327,LOC6898773,1,ortholog_many2many,PGRP-SC1b
FBgn0033327,LOC5495516,1,ortholog_many2many,PGRP-SC1b
FBgn0038102,LOC4801411,1,ortholog_one2one,CG14383
FBgn0027532,LOC4812394,1,ortholog_one2one,CG7139
FBgn0003882,LOC4802744,1,ortholog_one2one,tub
FBgn0262647,LOC4817252,1,ortholog_one2one,Nup160
FBgn0085345,LOC6897917,1,ortholog_one2one,CG34316
FBgn0011274,LOC4817470,1,ortholog_one2one,Dif
FBgn0038009,LOC6897666,1,ortholog_one2one,CG17738
FBgn0000097,LOC4817298,1,ortholog_one2one,aop
FBgn0086683,LOC6902743,0,ortholog_one2one,Spf45
FBgn0037027,LOC4813075,1,ortholog_one2one,HIPP1
FBgn0039034,LOC4800917,1,ortholog_one2one,Or94b
FBgn0025837,LOC6901856,0,ortholog_one2one,CG17636
FBgn0261479,LOC4801977,1,ortholog_one2one,nero
FBgn0052694,LOC4814318,1,ortholog_one2one,CG32694
FBgn0011230,LOC4816331,1,ortholog_one2one,poe
FBgn0027496,LOC4817836,1,ortholog_one2one,epsilonCOP
FBgn0031957,LOC6902981,1,ortholog_one2one,TwdlE
FBgn0038449,LOC4800793,1,ortholog_one2one,CG17562
FBgn0033363,LOC4804563,1,ortholog_one2one,CG13744
FBgn0033088,LOC4803423,1,ortholog_one2one,PGAP3
FBgn0051204,LOC4800724,1,ortholog_one2one,CG31204
FBgn0015019,LOC4802069,1,ortholog_one2one,CCT3
FBgn0027572,LOC4805369,1,ortholog_one2one,ACOX1
FBgn0013269,LOC6897243,1,ortholog_one2one,Fkbp39
FBgn0004606,LOC4800313,1,ortholog_one2one,zfh1
FBgn0026741,LOC4804753,1,ortholog_one2one,mRpL18
FBgn0259991,LOC6897594,1,ortholog_one2one,CG42488
FBgn0034595,LOC4805538,1,ortholog_one2one,CG15657
FBgn0039380,LOC4802650,1,ortholog_one2one,CG5890
FBgn0027360,LOC4803689,1,ortholog_one2one,Tim10
FBgn0037875,LOC6897938,1,ortholog_one2one,ZnT86D
FBgn0283682,LOC4817260,1,ortholog_one2one,Ge-1
FBgn0264962,LOC6898823,0,ortholog_one2one,Pcf11
FBgn0082585,LOC6898752,1,ortholog_one2one,sprt
FBgn0261458,LOC6903177,1,ortholog_one2one,capt
FBgn0033936,LOC4803880,1,ortholog_one2one,Achl
FBgn0034804,LOC4805555,1,ortholog_one2one,GrlHz
FBgn0261547,LOC4812289,1,ortholog_one2one,Exn
FBgn0266669,LOC4813487,1,ortholog_one2one,Sec3
FBgn0050376,LOC4803583,1,ortholog_one2one,CG30376
FBgn0036826,LOC4812568,1,ortholog_one2many,arx
FBgn0036826,LOC6903223,0,ortholog_one2many,arx
FBgn0263239,LOC6900620,1,ortholog_one2one,dar1
FBgn0085428,LOC4803806,1,ortholog_one2one,Nox
FBgn0050460,LOC6898360,1,ortholog_one2one,CG30460
FBgn0286075,LOC6896924,1,ortholog_one2one,DNAlig3
FBgn0027873,LOC6897270,1,ortholog_one2one,Cpsf100
FBgn0027903,LOC4812566,1,ortholog_one2one,PolD2
FBgn0034483,LOC4804973,1,ortholog_one2one,CG16894
FBgn0029950,LOC4814961,1,ortholog_one2one,rumpel
FBgn0037606,LOC4802021,0,ortholog_one2one,CG8032
FBgn0020637,LOC6900713,1,ortholog_many2many,Lcp65Ag2
FBgn0020637,LOC6900714,1,ortholog_many2many,Lcp65Ag2
FBgn0034001,LOC4804006,1,ortholog_one2one,mRpL41
FBgn0086695,LOC4802478,1,ortholog_one2one,hd
FBgn0028902,LOC4816684,1,ortholog_one2one,Tektin-A
FBgn0033667,LOC4805422,1,ortholog_one2one,reb
FBgn0031492,LOC4816990,1,ortholog_one2one,Prp40
FBgn0032167,LOC4816783,1,ortholog_one2one,CG5853
FBgn0028675,LOC6902767,1,ortholog_one2one,Sur
FBgn0051195,LOC4800897,1,ortholog_one2one,CG31195
FBgn0259707,LOC6898966,1,ortholog_one2one,CG42361
FBgn0037976,LOC4802586,1,ortholog_one2one,Tk
FBgn0266137,LOC4800490,1,ortholog_one2one,Dop1R2
FBgn0036415,LOC26532615,1,ortholog_one2one,CG7768
FBgn0085478,LOC6902245,1,ortholog_one2one,Zdhhc8
FBgn0039474,LOC26533605,1,ortholog_many2many,CG6283
FBgn0039474,LOC6897057,1,ortholog_many2many,CG6283
FBgn0039474,LOC6897058,1,ortholog_many2many,CG6283
FBgn0260746,LOC4802587,1,ortholog_one2one,Ect3
FBgn0283658,LOC4818036,1,ortholog_one2one,muc
FBgn0030468,LOC4815944,1,ortholog_one2one,CG1622
FBgn0008636,LOC4804399,1,ortholog_one2one,hbn
FBgn0029722,LOC4815476,0,ortholog_one2one,CG7024
FBgn0001324,LOC4813424,1,ortholog_one2one,kto
FBgn0028988,LOC6898086,1,ortholog_one2one,Spn42Dd
FBgn0052269,LOC4813457,1,ortholog_one2one,CG32269
FBgn0022800,LOC26532232,1,ortholog_one2one,Cad96Ca
FBgn0015277,LOC4804547,1,ortholog_one2one,Pi3K59F
FBgn0000179,LOC6902035,1,ortholog_one2one,bi
FBgn0035558,LOC4812301,1,ortholog_one2one,CG11357
FBgn0038107,LOC6898039,1,ortholog_one2one,CG17327
FBgn0050413,LOC117183774,0,ortholog_one2one,CG30413
FBgn0038043,LOC4800830,1,ortholog_one2one,CG17202
FBgn0266431,LOC117184663,0,ortholog_many2many,CG45061
FBgn0266431,LOC6901066,1,ortholog_many2many,CG45061
FBgn0031107,LOC4815715,1,ortholog_one2one,HERC2
FBgn0051211,LOC4802574,1,ortholog_one2one,CG31211
FBgn0033205,LOC4804123,0,ortholog_one2one,Rdh1
FBgn0000319,LOC4811773,0,ortholog_one2one,Chc
FBgn0052831,LOC6903042,1,ortholog_one2one,CG33695
FBgn0037943,LOC4802839,1,ortholog_one2one,CG14722
FBgn0052037,LOC4812309,1,ortholog_one2one,CG32037
FBgn0030041,LOC4814899,1,ortholog_one2one,CG12116
FBgn0004133,LOC4804905,1,ortholog_one2one,blow
FBgn0030493,LOC4814895,1,ortholog_one2one,CG15756
FBgn0030817,LOC4815387,1,ortholog_one2one,CG4991
FBgn0031961,LOC4817451,0,ortholog_one2one,CG7102
FBgn0031092,LOC4814580,1,ortholog_one2one,CG9577
FBgn0263233,LOC6898296,1,ortholog_one2one,robls54B
FBgn0032321,LOC6896866,0,ortholog_one2one,YL-1
FBgn0250746,LOC4802482,1,ortholog_one2one,Prosbeta7
FBgn0038300,LOC4802411,1,ortholog_one2one,Mau2
FBgn0259185,LOC6899055,1,ortholog_one2many,Ir60b
FBgn0031701,LOC6897249,0,ortholog_one2many,TotM
FBgn0030954,LOC6901041,1,ortholog_one2one,CCKLR-17D3
FBgn0264006,LOC6900585,1,ortholog_one2one,dysc
FBgn0287630,LOC4816504,1,ortholog_one2one,dbf
FBgn0036953,LOC4813811,1,ortholog_one2many,CG17145
FBgn0036953,LOC117185413,1,ortholog_one2many,CG17145
FBgn0040973,LOC6901137,0,ortholog_one2many,CG16824
FBgn0036828,LOC4812348,1,ortholog_one2one,Prp6
FBgn0028979,LOC6903395,1,ortholog_one2one,tio
FBgn0030156,LOC4814292,1,ortholog_one2one,CG15247
FBgn0033884,LOC6898461,1,ortholog_one2one,CG13344
FBgn0029969,LOC4814560,1,ortholog_one2one,Acat1
FBgn0003209,LOC4816101,1,ortholog_one2one,raw
FBgn0027526,LOC4800577,1,ortholog_one2one,Ublcp1
FBgn0034869,LOC4804472,1,ortholog_one2one,CG13558
FBgn0041094,LOC4813279,1,ortholog_one2one,scyl
FBgn0051482,LOC6896978,0,ortholog_one2many,CG31482
FBgn0051482,LOC4802282,1,ortholog_one2many,CG31482
FBgn0024994,LOC4815007,1,ortholog_one2one,Ugalt
FBgn0035845,LOC4814090,1,ortholog_one2one,CG13675
FBgn0028968,LOC4801123,1,ortholog_one2one,gammaCOP
FBgn0037004,LOC117185101,1,ortholog_one2many,CG17637
FBgn0020376,LOC6902834,0,ortholog_one2many,Sr-CIII
FBgn0036665,LOC4812518,1,ortholog_one2one,CG13024
FBgn0036771,LOC4813303,1,ortholog_one2one,Wdr92
FBgn0020620,LOC4804875,1,ortholog_one2one,RN-tre
FBgn0038415,LOC6897651,1,ortholog_one2many,CG17929
FBgn0264303,LOC26532415,1,ortholog_one2one,wrm2
FBgn0037365,LOC4802049,1,ortholog_one2one,CG2104
FBgn0040309,LOC4815456,1,ortholog_one2one,Prx2
FBgn0035867,LOC4814048,1,ortholog_one2one,CG13671
FBgn0033043,LOC4804840,1,ortholog_one2one,Or42b
FBgn0052364,LOC4814139,1,ortholog_one2one,tut
FBgn0038427,LOC4802550,1,ortholog_one2one,ema
FBgn0033234,LOC4805004,1,ortholog_one2one,MFS12
FBgn0266420,LOC4804789,1,ortholog_one2one,Ote
FBgn0051798,LOC4816469,1,ortholog_one2one,CG31798
FBgn0003319,LOC4802881,1,ortholog_one2one,Sb
FBgn0027342,LOC4815054,1,ortholog_one2one,fz4
FBgn0036152,LOC4813278,1,ortholog_one2one,Dyro
FBgn0036713,LOC4813415,1,ortholog_one2one,Mip
FBgn0038296,LOC4802406,1,ortholog_one2one,Kpc1
FBgn0086348,LOC4813077,1,ortholog_one2one,se
FBgn0036740,LOC4813731,1,ortholog_one2one,Vps60
FBgn0261952,LOC4812285,1,ortholog_one2one,srw
FBgn0051665,LOC4817520,0,ortholog_one2one,wry
FBgn0037944,LOC4802838,1,ortholog_one2one,CG6923
FBgn0029088,LOC4801928,1,ortholog_one2one,disp
FBgn0026255,LOC6902595,0,ortholog_one2one,clumsy
FBgn0261341,LOC4811862,1,ortholog_one2one,verm
FBgn0036014,LOC6902901,0,ortholog_one2one,CG3222
FBgn0027561,LOC4804586,1,ortholog_one2one,CG18659
FBgn0028550,LOC4815607,1,ortholog_one2one,Atf3
FBgn0040038,LOC13036341,0,ortholog_one2one,klhl10
FBgn0004880,LOC6899936,1,ortholog_one2one,scrt
FBgn0259704,LOC4801011,1,ortholog_one2one,Nsun5
FBgn0029976,LOC4815277,1,ortholog_one2one,snz
FBgn0035515,LOC4812665,1,ortholog_one2one,Sqor
FBgn0029999,LOC4814770,1,ortholog_one2one,CG1575
FBgn0013334,LOC4802333,1,ortholog_one2one,Sap47
FBgn0032965,LOC4818028,0,ortholog_one2one,CG11629
FBgn0033742,LOC4805463,1,ortholog_one2one,Nepl10
FBgn0039768,LOC4800390,1,ortholog_one2one,CG15533
FBgn0044051,LOC4813355,1,ortholog_one2one,Ilp1
FBgn0034308,LOC4804157,1,ortholog_one2one,Naus
FBgn0003557,LOC4817538,1,ortholog_one2one,Su(dx)
FBgn0038326,LOC4800694,1,ortholog_one2one,Hibch
FBgn0004636,LOC4813583,1,ortholog_one2one,Rap1
FBgn0053271,LOC117184652,0,ortholog_many2many,CG33271
FBgn0053271,LOC117184653,0,ortholog_many2many,CG33271
FBgn0027865,LOC4802649,1,ortholog_one2one,Tsp96F
FBgn0051611,LOC26532710,1,ortholog_one2many,His4:CG31611
FBgn0037504,LOC6902751,0,ortholog_one2one,CG1142
FBgn0035335,LOC4812771,1,ortholog_one2one,mRpL23
FBgn0040250,LOC4803131,1,ortholog_one2one,Ugt304A1
FBgn0262514,LOC6897582,1,ortholog_one2one,VhaPPA1-2
FBgn0024754,LOC4804077,0,ortholog_one2one,Flo1
FBgn0025674,LOC4816229,1,ortholog_one2one,CycK
FBgn0052057,LOC4813636,1,ortholog_one2one,dpr10
FBgn0067312,LOC6898089,0,ortholog_one2many,CheB38a
FBgn0031657,LOC4816522,1,ortholog_one2one,Polr1C
FBgn0034240,LOC4803996,1,ortholog_one2one,MESR4
FBgn0033259,LOC4804346,1,ortholog_one2one,Tmem63
FBgn0028857,LOC4816391,0,ortholog_one2one,CG12448
FBgn0040071,LOC4802792,0,ortholog_one2one,tara
FBgn0021765,LOC4814601,1,ortholog_one2one,scu
FBgn0027509,LOC4817198,1,ortholog_one2one,Tbcd
FBgn0259994,LOC4815622,1,ortholog_one2one,OtopLa
FBgn0016917,LOC6897369,1,ortholog_one2one,Stat92E
FBgn0260237,LOC6896825,1,ortholog_one2one,BBIP1
FBgn0022344,LOC6896919,1,ortholog_one2one,CG10340
FBgn0010238,LOC4805092,1,ortholog_one2one,Lac
FBgn0033677,LOC4804142,1,ortholog_one2one,CG8321
FBgn0040361,LOC4815454,1,ortholog_one2one,CG14627
FBgn0027569,LOC4814051,1,ortholog_one2one,cert
FBgn0032200,LOC4811825,0,ortholog_one2one,CG5676
FBgn0032913,LOC4818195,1,ortholog_one2one,CG9259
FBgn0032483,LOC4816351,1,ortholog_one2one,CG15482
FBgn0050340,LOC6898789,1,ortholog_one2one,CG30340
FBgn0032390,LOC4817088,1,ortholog_one2one,dgt2
FBgn0030864,LOC6901913,1,ortholog_one2many,CG8173
FBgn0030864,LOC6902552,0,ortholog_one2many,CG8173
FBgn0030206,LOC4815381,1,ortholog_one2one,CG2889
FBgn0050411,LOC4804485,1,ortholog_one2one,CG30411
FBgn0029703,LOC4814366,0,ortholog_one2one,CG12692
FBgn0085471,LOC6898275,1,ortholog_one2one,CG34442
FBgn0037487,LOC4802934,1,ortholog_one2one,thw
FBgn0003308,LOC4801405,1,ortholog_one2one,ry
FBgn0033856,LOC6898812,1,ortholog_one2one,CG13334
FBgn0036287,LOC4813525,1,ortholog_one2one,CG10663
FBgn0038629,LOC4801438,1,ortholog_one2one,CG14304
FBgn0040228,LOC4818155,1,ortholog_one2one,DCTN5-p25
FBgn0033706,LOC4803675,1,ortholog_one2one,Vha36-2
FBgn0037671,LOC4800355,1,ortholog_one2one,ATP6AP2
FBgn0284408,LOC4814253,1,ortholog_one2one,trol
FBgn0011282,LOC4802940,1,ortholog_one2one,Obp84a
FBgn0030512,LOC4815021,1,ortholog_one2one,Nadsyn
FBgn0031263,LOC4817263,1,ortholog_one2one,Tspo
FBgn0035533,LOC4812811,0,ortholog_one2one,Cip4
FBgn0036741,LOC6900507,1,ortholog_one2one,anchor
FBgn0039818,LOC4800339,0,ortholog_one2one,Mayo
FBgn0011824,LOC6899871,0,ortholog_one2one,Gar1
FBgn0261635,LOC26533572,1,ortholog_one2one,CG42718
FBgn0026616,LOC4802463,0,ortholog_one2one,alpha-Man-IIb
FBgn0259168,LOC4815045,1,ortholog_one2one,mnb
FBgn0030317,LOC4814351,0,ortholog_one2one,pkm
FBgn0035033,LOC4805443,1,ortholog_one2one,CG3548
FBgn0031053,LOC4815681,1,ortholog_one2one,CG14223
FBgn0032119,LOC4817923,1,ortholog_one2one,CG3769
FBgn0029911,LOC6902307,1,ortholog_one2one,CG14435
FBgn0053095,LOC6903676,1,ortholog_one2one,CG33095
FBgn0031465,LOC6903325,0,ortholog_one2one,CG3123
FBgn0025630,LOC4815074,0,ortholog_one2one,Rtca
FBgn0001145,LOC4814594,1,ortholog_one2one,Gs2
FBgn0250844,LOC4817961,1,ortholog_one2one,CG4218
FBgn0032895,LOC4817154,1,ortholog_one2one,twit
FBgn0267978,LOC4805230,0,ortholog_one2one,ap
FBgn0039094,LOC4800558,1,ortholog_one2one,CG10184
FBgn0032891,LOC4817448,1,ortholog_one2one,Oseg5
FBgn0015618,LOC6900100,0,ortholog_one2one,Cdk8
FBgn0028868,LOC4818007,0,ortholog_one2one,CG4701
FBgn0035112,LOC4812145,1,ortholog_one2one,CG13877
FBgn0287774,LOC6898553,1,ortholog_one2one,CG9143
FBgn0270926,LOC6900934,1,ortholog_one2one,AsnS
FBgn0031579,LOC4817271,1,ortholog_one2one,CG15422
FBgn0030433,LOC4814234,1,ortholog_one2one,mRpL49
FBgn0029690,LOC4815249,1,ortholog_one2one,CG6414
FBgn0003515,LOC4812029,1,ortholog_one2one,st
FBgn0033133,LOC4803465,1,ortholog_one2one,Tsp42Ek
FBgn0040532,LOC4802629,1,ortholog_one2one,CG8369
FBgn0031315,LOC4817611,1,ortholog_one2one,CG14341
FBgn0037046,LOC4813097,1,ortholog_one2one,CG10581
FBgn0011288,LOC13036368,0,ortholog_one2one,Snap25
FBgn0037601,LOC4802029,1,ortholog_one2one,Cyp313b1
FBgn0086378,LOC13036425,0,ortholog_one2one,Alg-2
FBgn0032577,LOC4816711,1,ortholog_one2one,CG13244
FBgn0000121,LOC4812725,1,ortholog_one2one,Arr2
FBgn0041711,LOC4801991,1,ortholog_one2one,yellow-e
FBgn0040759,LOC6898041,1,ortholog_one2one,CG13177
FBgn0010280,LOC4812233,1,ortholog_one2one,Taf4
FBgn0037205,LOC6902171,0,ortholog_one2one,BoYb
FBgn0034931,LOC4803523,1,ortholog_one2one,CG2812
FBgn0259727,LOC26533072,1,ortholog_one2one,CG42381
FBgn0035645,LOC4812574,1,ortholog_one2one,CG5592
FBgn0030358,LOC4814848,1,ortholog_one2one,Pdzd8
FBgn0260430,LOC13036433,1,ortholog_one2one,CG42525
FBgn0035171,LOC4813264,1,ortholog_one2one,CG12502
FBgn0039690,LOC4800510,1,ortholog_one2one,Gnpnat
FBgn0029726,LOC4815989,0,ortholog_one2one,CG15471
FBgn0038771,LOC6897907,1,ortholog_one2one,CG4390
FBgn0011703,LOC117184255,0,ortholog_one2one,RnrL
FBgn0031378,LOC4817528,0,ortholog_one2one,CG15362
FBgn0038452,LOC4802071,0,ortholog_one2one,Ccdc114
FBgn0040255,LOC6897937,1,ortholog_one2many,Ugt35E2
FBgn0032588,LOC4817499,1,ortholog_one2one,CG5968
FBgn0030897,LOC6901152,1,ortholog_one2one,Frq1
FBgn0037852,LOC6897925,1,ortholog_one2one,Tpc1
FBgn0020407,LOC4802572,1,ortholog_one2one,asun
FBgn0286813,LOC4804852,1,ortholog_one2one,SRPK
FBgn0259718,LOC26533608,1,ortholog_one2one,CG42372
FBgn0052783,LOC4815270,1,ortholog_one2many,Gem4c
FBgn0030053,LOC4814192,0,ortholog_one2one,CG12081
FBgn0014427,LOC4800458,1,ortholog_one2one,CG11899
FBgn0031732,LOC4816474,1,ortholog_one2one,CG11149
FBgn0002566,LOC6902747,0,ortholog_one2one,lt
FBgn0001187,LOC4803365,1,ortholog_one2one,Hex-C
FBgn0035665,LOC5495507,1,ortholog_one2one,Jon65Aiii
FBgn0035594,LOC4814052,1,ortholog_one2one,CG4597
FBgn0052029,LOC4812727,1,ortholog_one2one,Cpr66D
FBgn0021874,LOC6902805,1,ortholog_one2one,Nle
FBgn0261434,LOC4802748,1,ortholog_one2one,hkb
FBgn0026400,LOC4801870,0,ortholog_one2one,Noa36
FBgn0039909,LOC6899378,1,ortholog_one2one,ND-49
FBgn0038570,LOC6897963,1,ortholog_one2one,Prx5
FBgn0029915,LOC4815505,1,ortholog_one2one,CG14434
FBgn0031779,LOC4817942,1,ortholog_one2one,CG9175
FBgn0086408,LOC4803854,1,ortholog_one2one,stl
FBgn0002183,LOC6900554,1,ortholog_one2one,dre4
FBgn0040718,LOC4817534,1,ortholog_one2one,CG15353
FBgn0041147,LOC6899933,1,ortholog_one2one,ida
FBgn0050192,LOC4803723,1,ortholog_one2one,CG30192
FBgn0052392,LOC6900174,1,ortholog_one2one,Rsph3
FBgn0033357,LOC6903341,0,ortholog_one2many,Tom7
FBgn0033357,LOC4803354,1,ortholog_one2many,Tom7
FBgn0034486,LOC4805548,1,ortholog_one2one,CG13869
FBgn0037236,LOC4802750,1,ortholog_one2one,Skp2
FBgn0023076,LOC4812248,1,ortholog_one2one,Clk
FBgn0031100,LOC4815356,1,ortholog_one2one,CG1504
FBgn0044809,LOC4801544,0,ortholog_one2many,TotZ
FBgn0030592,LOC4815828,1,ortholog_one2one,CG9514
FBgn0032629,LOC4816535,1,ortholog_one2one,beat-IIIc
FBgn0039665,LOC4800479,1,ortholog_one2one,CG2310
FBgn0003334,LOC6897820,1,ortholog_one2one,Scm
FBgn0030228,LOC4815156,1,ortholog_one2one,BTBD9
FBgn0266709,LOC4812783,1,ortholog_one2one,Zmynd10
FBgn0039663,LOC4800476,1,ortholog_one2one,CG2321
FBgn0034403,LOC4804055,1,ortholog_one2one,CG18190
FBgn0001139,LOC4802203,1,ortholog_one2one,gro
FBgn0038722,LOC4803274,1,ortholog_one2one,Nup58
FBgn0032436,LOC4815397,0,ortholog_one2many,CG5418
FBgn0032698,LOC4817133,1,ortholog_one2one,CG10336
FBgn0039324,LOC6897571,1,ortholog_many2many,CG10553
FBgn0039324,LOC4802345,1,ortholog_many2many,CG10553
FBgn0052436,LOC4813921,1,ortholog_one2one,CG32436
FBgn0053823,LOC117185609,1,ortholog_one2many,His2A:CG33823
FBgn0038079,LOC4801350,1,ortholog_one2one,NijC
FBgn0031803,LOC4816243,1,ortholog_one2one,ppk14
FBgn0053643,LOC6903430,1,ortholog_many2many,CG33643
FBgn0053643,LOC6903431,1,ortholog_many2many,CG33643
FBgn0029514,LOC4812209,0,ortholog_one2one,CG9166
FBgn0053644,LOC6903429,1,ortholog_one2many,CG33644
FBgn0027108,LOC4814473,1,ortholog_one2one,Inx2
FBgn0037127,LOC4812752,1,ortholog_one2one,CG14566
FBgn0032382,LOC4817559,1,ortholog_one2one,Mal-B2
FBgn0033247,LOC4804026,1,ortholog_one2one,Nup44A
FBgn0029710,LOC4815375,0,ortholog_one2one,CG3568
FBgn0001992,LOC4817737,1,ortholog_one2one,Cyp303a1
FBgn0035393,LOC4811973,1,ortholog_one2one,CG16753
FBgn0030196,LOC4815423,1,ortholog_one2one,Psf3
FBgn0042101,LOC4802975,1,ortholog_one2one,CG18744
FBgn0032704,LOC6903114,1,ortholog_one2one,Jwa
FBgn0039147,LOC4801767,1,ortholog_one2one,CG10694
FBgn0034721,LOC4805211,1,ortholog_one2one,CG11298
FBgn0027621,LOC4815678,1,ortholog_one2one,Pfrx
FBgn0035593,LOC4814165,1,ortholog_one2one,Yod1
FBgn0003321,LOC4815800,0,ortholog_one2one,sbr
FBgn0004052,LOC4812997,1,ortholog_one2one,Z600
FBgn0038250,LOC4801362,1,ortholog_one2one,CG3505
FBgn0000617,LOC6901805,1,ortholog_one2one,Taf9
FBgn0031253,LOC4816913,1,ortholog_one2one,CG11885
FBgn0037643,LOC6897672,1,ortholog_one2one,ScsbetaA
FBgn0040496,LOC4816577,1,ortholog_one2one,CG17104
FBgn0285926,LOC4814754,0,ortholog_one2one,Imp
FBgn0285943,LOC4803786,1,ortholog_one2one,knon
FBgn0023178,LOC4801721,0,ortholog_one2one,Pdf
FBgn0033518,LOC4804223,0,ortholog_one2many,Prx6c
FBgn0027575,LOC4800961,1,ortholog_one2one,GABA-B-R2
FBgn0038795,LOC4801861,1,ortholog_one2one,Tmlh
FBgn0035047,LOC4805300,1,ortholog_one2one,Pof
FBgn0012344,LOC6897821,0,ortholog_one2one,Dh44
FBgn0005198,LOC4812863,1,ortholog_one2one,gig
FBgn0053764,LOC117183537,0,ortholog_many2many,CG33764
FBgn0053764,LOC6898801,0,ortholog_many2many,CG33764
FBgn0053764,LOC117183751,0,ortholog_many2many,CG33764
FBgn0053764,LOC6898794,0,ortholog_many2many,CG33764
FBgn0038737,LOC4802910,1,ortholog_one2one,Mrm2
FBgn0039024,LOC4800924,1,ortholog_one2one,Nepl15
FBgn0035005,LOC4805604,1,ortholog_one2one,CG3483
FBgn0026088,LOC4814980,1,ortholog_one2one,CG14818
FBgn0038958,LOC4801679,1,ortholog_one2one,CG13857
FBgn0038972,LOC4801664,1,ortholog_one2one,CG7054
FBgn0053899,LOC117185617,1,ortholog_one2many,His4:CG33899
FBgn0033972,LOC4803656,1,ortholog_one2one,Ciao1
FBgn0030700,LOC6899788,0,ortholog_one2one,CG15914
FBgn0004854,LOC6901232,1,ortholog_one2one,B-H2
FBgn0040388,LOC6901117,1,ortholog_one2one,boi
FBgn0000566,LOC6899855,0,ortholog_one2one,Cth
FBgn0053516,LOC4817542,1,ortholog_one2one,dpr3
FBgn0086359,LOC4801047,1,ortholog_one2one,Invadolysin
FBgn0051776,LOC6902973,1,ortholog_one2one,CG31776
FBgn0039081,LOC4800548,1,ortholog_one2one,Irk2
FBgn0037374,LOC4802061,1,ortholog_one2one,jagn
FBgn0036512,LOC4812951,1,ortholog_one2one,Ufsp2
FBgn0001258,LOC4814156,1,ortholog_one2one,Ldh
FBgn0039026,LOC6896965,0,ortholog_one2one,CG7029
FBgn0033051,LOC4804827,1,ortholog_one2one,Strica
FBgn0036850,LOC4811877,1,ortholog_one2one,Gem2
FBgn0052036,LOC117185098,1,ortholog_one2one,CG32036
FBgn0030241,LOC4815480,1,ortholog_one2many,feo
FBgn0266053,LOC4802098,1,ortholog_one2one,Patr-1
FBgn0033058,LOC4805672,0,ortholog_one2one,CCHa2-R
FBgn0051759,LOC26532603,0,ortholog_one2one,CG31759
FBgn0037937,LOC4802845,1,ortholog_one2one,Fer3
FBgn0001170,LOC4817870,1,ortholog_one2one,H2.0
FBgn0262166,LOC4803898,1,ortholog_one2one,caly
FBgn0030744,LOC4815265,1,ortholog_one2one,CG9992
FBgn0035742,LOC4813479,1,ortholog_one2one,Acbp4
FBgn0039158,LOC4801781,1,ortholog_one2one,TBC1d7
FBgn0261244,LOC6901414,0,ortholog_one2one,inaE
FBgn0002593,LOC4816929,1,ortholog_one2one,RpLP1
FBgn0030997,LOC6901618,1,ortholog_one2one,CG7990
FBgn0259241,LOC4814513,1,ortholog_one2one,vex
FBgn0266377,LOC4804538,1,ortholog_one2one,Pde8
FBgn0039576,LOC4815029,0,ortholog_one2many,UQCR-14L
FBgn0261292,LOC4800868,0,ortholog_one2many,CheB53a
FBgn0031424,LOC4816663,1,ortholog_one2one,VGlut
FBgn0027779,LOC4816883,1,ortholog_one2one,VhaSFD
FBgn0036712,LOC4813029,1,ortholog_one2one,brv2
FBgn0029532,LOC4815399,1,ortholog_one2one,CG13361
FBgn0064225,LOC6902749,0,ortholog_one2one,RpL5
FBgn0035578,LOC4812064,1,ortholog_one2one,CG13707
FBgn0029587,LOC4815475,1,ortholog_one2one,CG14797
FBgn0033999,LOC4804008,1,ortholog_one2one,CG8093
FBgn0034075,LOC4805634,1,ortholog_one2one,Asph
FBgn0262617,LOC6897007,1,ortholog_one2one,Nuak
FBgn0037549,LOC4801591,1,ortholog_one2one,CG7878
FBgn0061359,LOC6898119,0,ortholog_one2one,Mvk
FBgn0033195,LOC4804904,1,ortholog_one2one,CG1360
FBgn0050037,LOC6897132,0,ortholog_one2many,CG30037
FBgn0035915,LOC4812730,1,ortholog_one2one,S-Lap1
FBgn0015282,LOC4801738,1,ortholog_one2one,Rpt2
FBgn0261089,LOC4817669,1,ortholog_one2one,Sytalpha
FBgn0038159,LOC6897416,1,ortholog_one2one,CG14369
FBgn0050384,LOC6896859,0,ortholog_one2one,CG30384
FBgn0035439,LOC4812541,0,ortholog_one2one,CG14961
FBgn0046302,LOC4817384,1,ortholog_one2one,CG10650
FBgn0008635,LOC4814235,1,ortholog_one2one,betaCOP
FBgn0001087,LOC4814676,1,ortholog_one2one,g
FBgn0053490,LOC6900749,1,ortholog_many2many,CG33490
FBgn0053490,LOC6900790,0,ortholog_many2many,CG33490
FBgn0259703,LOC6900854,1,ortholog_one2one,Grl62a
FBgn0039528,LOC4800655,1,ortholog_one2one,dsd
FBgn0263512,LOC4815481,0,ortholog_one2one,Vsx2
FBgn0000533,LOC4801521,1,ortholog_one2one,ea
FBgn0036466,LOC4813700,1,ortholog_one2one,CG18581
FBgn0051161,LOC6896880,0,ortholog_one2many,CG31161
FBgn0029868,LOC4815861,1,ortholog_one2one,ND-B16.6
FBgn0036915,LOC4813766,1,ortholog_one2one,Prp3
FBgn0041235,LOC4803727,1,ortholog_one2one,Gr59c
FBgn0004598,LOC4815117,1,ortholog_one2one,Fur2
FBgn0038986,LOC4800613,1,ortholog_one2one,sit
FBgn0035722,LOC4814014,1,ortholog_one2one,Uqcc1
FBgn0001112,LOC4802941,1,ortholog_one2one,Gld
FBgn0032753,LOC4816574,0,ortholog_one2many,CG17572
FBgn0032753,LOC6902740,0,ortholog_one2many,CG17572
FBgn0024330,LOC4801509,1,ortholog_one2one,MED6
FBgn0034582,LOC4805524,1,ortholog_one2one,Cht9
FBgn0086698,LOC4816975,1,ortholog_one2one,frtz
FBgn0031048,LOC4815527,0,ortholog_one2one,CG12237
FBgn0086673,LOC4816853,1,ortholog_one2one,CG13272
FBgn0004838,LOC4816111,1,ortholog_one2one,Hrb27C
FBgn0085214,LOC6898272,1,ortholog_one2one,CG34185
FBgn0034542,LOC6898485,1,ortholog_one2one,Fem-1
FBgn0263216,LOC4814232,1,ortholog_one2one,CG43386
FBgn0025574,LOC4801575,1,ortholog_one2one,Pli
FBgn0033539,LOC4805330,1,ortholog_one2one,Git
FBgn0035458,LOC26532302,1,ortholog_one2one,ppk27
FBgn0037607,LOC6897425,0,ortholog_one2one,CG8036
FBgn0033573,LOC4805657,1,ortholog_one2one,Obp47a
FBgn0037135,LOC4813343,1,ortholog_one2one,eIF2A
FBgn0263863,LOC4800700,1,ortholog_one2one,mRpL45
FBgn0053196,LOC6903256,0,ortholog_one2one,dpy
FBgn0085452,LOC26534038,1,ortholog_one2one,CG34423
FBgn0085343,LOC6902533,1,ortholog_one2one,Sws1
FBgn0028697,LOC6899764,0,ortholog_one2one,RpL15
FBgn0026063,LOC4803204,1,ortholog_one2many,KP78b
FBgn0052523,LOC4816070,0,ortholog_one2many,CG32523
FBgn0037204,LOC4813645,1,ortholog_one2one,CG11131
FBgn0032181,LOC4817405,1,ortholog_one2one,CG13133
FBgn0038217,LOC6897276,1,ortholog_one2one,CG14840
FBgn0041087,LOC6898511,1,ortholog_one2one,wun2
FBgn0032894,LOC4816793,1,ortholog_one2one,CG14402
FBgn0085376,LOC6896886,1,ortholog_one2one,CG34347
FBgn0028577,LOC4814174,1,ortholog_one2one,hfp
FBgn0031051,LOC4815412,1,ortholog_one2one,Ranbp21
FBgn0033918,LOC4805484,1,ortholog_one2one,CG8531
FBgn0010288,LOC4817031,1,ortholog_one2one,Uch
FBgn0010333,LOC4812255,1,ortholog_one2one,Rac1
FBgn0032031,LOC4818135,1,ortholog_one2one,CG13390
FBgn0053858,LOC117183568,0,ortholog_many2many,His1:CG33858
FBgn0053858,LOC117185631,0,ortholog_many2many,His1:CG33858
FBgn0053858,LOC26534267,0,ortholog_many2many,His1:CG33858
FBgn0053858,LOC117183621,0,ortholog_many2many,His1:CG33858
FBgn0053858,LOC117185633,0,ortholog_many2many,His1:CG33858
FBgn0053858,LOC117185630,0,ortholog_many2many,His1:CG33858
FBgn0053858,LOC117185606,0,ortholog_many2many,His1:CG33858
FBgn0053858,LOC117185608,0,ortholog_many2many,His1:CG33858
FBgn0053858,LOC117185600,0,ortholog_many2many,His1:CG33858
FBgn0053858,LOC26532116,0,ortholog_many2many,His1:CG33858
FBgn0053858,LOC26533245,0,ortholog_many2many,His1:CG33858
FBgn0053858,LOC117185634,0,ortholog_many2many,His1:CG33858
FBgn0053858,LOC117185607,0,ortholog_many2many,His1:CG33858
FBgn0053858,LOC26532398,0,ortholog_many2many,His1:CG33858
FBgn0053858,LOC117183574,0,ortholog_many2many,His1:CG33858
FBgn0032171,LOC4817391,1,ortholog_one2one,CG5846
FBgn0250788,LOC4815641,1,ortholog_one2one,beta-Spec
FBgn0261387,LOC6902745,0,ortholog_one2one,CG17528
FBgn0035318,LOC4813837,1,ortholog_one2one,CG9018
FBgn0036544,LOC6900497,1,ortholog_one2one,sff
FBgn0032677,LOC4816970,1,ortholog_one2one,CG5790
FBgn0030348,LOC6901420,1,ortholog_one2one,CG10352
FBgn0034144,LOC4805691,0,ortholog_one2one,CG5089
FBgn0014163,LOC4812347,1,ortholog_one2one,fax
FBgn0284421,LOC4811921,1,ortholog_one2one,Psn
FBgn0035059,LOC4804704,1,ortholog_one2one,CG3894
FBgn0030594,LOC4816072,1,ortholog_one2one,fiz
FBgn0051157,LOC4801397,1,ortholog_one2one,CG31157
FBgn0283741,LOC4815930,0,ortholog_one2one,prage
FBgn0037513,LOC26532955,0,ortholog_one2one,pyd3
FBgn0005617,LOC4816993,0,ortholog_one2one,msl-1
FBgn0053346,LOC6897213,0,ortholog_one2many,CG33346
FBgn0038474,LOC4802101,1,ortholog_one2one,mRpS11
FBgn0037469,LOC4803289,1,ortholog_one2one,Dpck
FBgn0025457,LOC4800496,1,ortholog_one2one,Bub3
FBgn0039562,LOC4801103,1,ortholog_one2one,Gp93
FBgn0003499,LOC6897959,1,ortholog_one2one,sr
FBgn0031939,LOC4816861,1,ortholog_one2one,CG13796
FBgn0035769,LOC4812536,1,ortholog_one2one,CTCF
FBgn0259735,LOC6903125,1,ortholog_one2one,mtgo
FBgn0034368,LOC4803631,0,ortholog_one2one,zda
FBgn0034683,LOC4805269,1,ortholog_one2one,Grl58a
FBgn0023542,LOC4816087,1,ortholog_one2one,Nmd3
FBgn0031119,LOC4814846,1,ortholog_one2one,CG1812
FBgn0042132,LOC6900668,0,ortholog_one2many,CG18809
FBgn0042132,LOC4814919,1,ortholog_one2many,CG18809
FBgn0042132,LOC117184821,1,ortholog_one2many,CG18809
FBgn0038631,LOC6897099,0,ortholog_one2one,CG7695
FBgn0036809,LOC4813957,0,ortholog_one2many,CG12477
FBgn0037411,LOC4801904,1,ortholog_one2one,Osi3
FBgn0028949,LOC4816280,1,ortholog_one2one,CG15254
FBgn0022343,LOC4803554,1,ortholog_one2one,CG3760
FBgn0039203,LOC4802140,1,ortholog_one2one,Jhbp12
FBgn0288746,LOC4815815,0,ortholog_one2many,CG46521
FBgn0036487,LOC4812838,1,ortholog_one2one,Prp31
FBgn0030466,LOC6901163,0,ortholog_one2one,Remo
FBgn0053087,LOC6898133,1,ortholog_one2one,LRP1
FBgn0014020,LOC6899080,1,ortholog_one2one,Rho1
FBgn0034990,LOC4805627,1,ortholog_one2one,CG11406
FBgn0035011,LOC117183539,1,ortholog_one2many,CG13589
FBgn0035011,LOC117183739,1,ortholog_one2many,CG13589
FBgn0035011,LOC4805597,1,ortholog_one2many,CG13589
FBgn0038582,LOC4803185,1,ortholog_one2one,CG7988
FBgn0037460,LOC4802279,1,ortholog_one2many,sowi
FBgn0039059,LOC4801236,1,ortholog_one2one,CG13829
FBgn0039108,LOC117183241,0,ortholog_one2many,CG10232
FBgn0043457,LOC4800252,1,ortholog_one2one,CG5180
FBgn0259795,LOC4803784,1,ortholog_one2one,loopin-1
FBgn0053200,LOC6898816,0,ortholog_one2one,VepD
FBgn0004362,LOC15382902,1,ortholog_one2one,HmgD
FBgn0037882,LOC4803151,1,ortholog_one2one,CG17187
FBgn0027841,LOC4801432,1,ortholog_one2one,CstF64
FBgn0039723,LOC4800276,1,ortholog_one2one,CG15522
FBgn0031344,LOC6903204,1,ortholog_one2many,CG7420
FBgn0031344,LOC6903205,1,ortholog_one2many,CG7420
FBgn0050172,LOC4804303,1,ortholog_one2one,CG30172
FBgn0086472,LOC6897939,1,ortholog_one2one,RpS25
FBgn0039251,LOC4801381,1,ortholog_one2one,Trf4-2
FBgn0041234,LOC4804554,1,ortholog_one2one,Gr59f
FBgn0027079,LOC4804652,1,ortholog_one2one,ValRS
FBgn0029791,LOC4814368,1,ortholog_one2one,AdamTS-B
FBgn0053970,LOC6897496,1,ortholog_one2one,osy
FBgn0036372,LOC4812370,1,ortholog_one2one,Abp1
FBgn0263132,LOC6901073,1,ortholog_one2one,Cht6
FBgn0032110,LOC4818005,0,ortholog_one2one,CG3748
FBgn0259977,LOC4803425,1,ortholog_one2one,Tdc1
FBgn0038523,LOC4800646,1,ortholog_one2many,Sgs5bis
FBgn0034802,LOC4805557,1,ortholog_one2one,CNBP
FBgn0052557,LOC6901803,1,ortholog_one2one,Mco4
FBgn0031476,LOC4816278,1,ortholog_one2one,CG8813
FBgn0085224,LOC6898897,1,ortholog_one2one,CG34195
FBgn0028480,LOC4815932,1,ortholog_one2one,CG17841
FBgn0034474,LOC4804965,1,ortholog_one2one,Obp56g
FBgn0034425,LOC4804610,0,ortholog_one2one,CG11906
FBgn0261597,LOC4816943,1,ortholog_one2one,RpS26
FBgn0263750,LOC117184825,0,ortholog_one2many,CG43675
FBgn0032414,LOC6903008,0,ortholog_one2one,CG17211
FBgn0266569,LOC6902105,1,ortholog_one2one,CG42259
FBgn0031504,LOC6902763,0,ortholog_one2many,CG15403
FBgn0036286,LOC4813200,1,ortholog_one2one,CG10616
FBgn0032486,LOC4816564,1,ortholog_one2one,mRF1
FBgn0036294,LOC4813204,0,ortholog_one2one,CG10654
FBgn0000536,LOC4815030,1,ortholog_one2one,eas
FBgn0039743,LOC4800277,1,ortholog_one2one,Jasper
FBgn0267366,LOC6901605,0,ortholog_one2many,mil
FBgn0267366,LOC6896874,1,ortholog_one2many,mil
FBgn0267366,LOC6901606,0,ortholog_one2many,mil
FBgn0042185,LOC6900178,1,ortholog_one2one,MCU
FBgn0028894,LOC4817761,1,ortholog_one2one,GMF
FBgn0033274,LOC6898130,1,ortholog_one2one,CG14757
FBgn0286980,LOC4812976,0,ortholog_one2one,Iyd
FBgn0027259,LOC4815566,1,ortholog_one2one,Kmn1
FBgn0004832,LOC4814435,1,ortholog_one2one,Xpac
FBgn0015400,LOC4817030,1,ortholog_one2one,kek2
FBgn0033605,LOC4804741,1,ortholog_one2one,CG9067
FBgn0034076,LOC4805635,1,ortholog_one2many,Jhedup
FBgn0034076,LOC6899081,1,ortholog_one2many,Jhedup
FBgn0029153,LOC4803794,1,ortholog_one2one,Menl-2
FBgn0028379,LOC6900207,1,ortholog_one2many,fan
FBgn0028379,LOC6902496,0,ortholog_one2many,fan
FBgn0042137,LOC4812453,1,ortholog_one2many,CG18814
FBgn0015351,LOC4802070,1,ortholog_one2one,Mettl4
FBgn0051423,LOC6897220,1,ortholog_many2many,Ir94c
FBgn0051423,LOC4801462,0,ortholog_many2many,Ir94c
FBgn0032987,LOC4816555,0,ortholog_one2one,RpL21
FBgn0001323,LOC4812027,1,ortholog_one2one,knrl
FBgn0035430,LOC4812582,1,ortholog_one2one,CG12009
FBgn0035850,LOC4814128,1,ortholog_one2one,Atg18a
FBgn0039188,LOC4802161,1,ortholog_one2one,Golgin84
FBgn0051465,LOC4800979,1,ortholog_one2many,CG31465
FBgn0051465,LOC26533957,0,ortholog_one2many,CG31465
FBgn0010296,LOC117185043,0,ortholog_one2one,ng4
FBgn0025639,LOC6901853,1,ortholog_one2one,Hmt4-20
FBgn0015513,LOC4801571,1,ortholog_many2many,mbc
FBgn0037087,LOC4812278,1,ortholog_one2one,CG7519
FBgn0035134,LOC6901670,0,ortholog_one2one,CG1231
FBgn0263316,LOC6897832,0,ortholog_one2one,Mrp4
FBgn0036772,LOC4813864,1,ortholog_one2one,CG5290
FBgn0050466,LOC4804075,0,ortholog_one2one,CG30466
FBgn0037638,LOC4802627,1,ortholog_one2one,CG8379
FBgn0000635,LOC4814416,1,ortholog_one2one,Fas2
FBgn0031420,LOC4817190,1,ortholog_one2one,Atxn7
FBgn0010340,LOC4801631,1,ortholog_one2one,140up
FBgn0038850,LOC6898002,1,ortholog_one2one,Jhbp15
FBgn0004379,LOC4814187,1,ortholog_one2one,Klp67A
FBgn0031209,LOC6903287,1,ortholog_one2many,Ir21a
FBgn0031209,LOC117184011,1,ortholog_one2many,Ir21a
FBgn0038233,LOC4801955,1,ortholog_one2one,HtrA2
FBgn0051668,LOC4817241,0,ortholog_many2many,CG31668
FBgn0051668,LOC6902923,0,ortholog_many2many,CG31668
FBgn0036601,LOC4812161,0,ortholog_many2many,CG13063
FBgn0036601,LOC6900029,0,ortholog_many2many,CG13063
FBgn0036601,LOC6900017,1,ortholog_many2many,CG13063
FBgn0036601,LOC6900030,0,ortholog_many2many,CG13063
FBgn0039204,LOC4802139,1,ortholog_one2one,CG6607
FBgn0032945,LOC4816568,1,ortholog_one2one,CG8665
FBgn0050323,LOC15382892,1,ortholog_one2one,CG30323
FBgn0039748,LOC4800414,1,ortholog_one2one,CG15529
FBgn0050277,LOC6898819,1,ortholog_one2one,Oatp58Da
FBgn0025642,LOC4816008,1,ortholog_one2one,CG32812
FBgn0037613,LOC4803006,1,ortholog_one2one,Cks85A
FBgn0085207,LOC6903163,1,ortholog_one2one,CG34178
FBgn0037822,LOC13036434,1,ortholog_one2one,CG14683
FBgn0031604,LOC4817575,1,ortholog_one2one,Elp3
FBgn0001150,LOC4816094,0,ortholog_one2one,gt
FBgn0025724,LOC4817970,1,ortholog_one2one,beta'COP
FBgn0014011,LOC6900389,1,ortholog_one2one,Rac2
FBgn0037305,LOC4802489,1,ortholog_one2one,Enoph
FBgn0027617,LOC6896749,1,ortholog_one2one,CG5808
FBgn0039681,LOC4800497,1,ortholog_one2one,CG7582
FBgn0031347,LOC4817321,0,ortholog_one2one,nis
FBgn0001098,LOC4801742,1,ortholog_one2one,Gdh
FBgn0034021,LOC4804858,1,ortholog_one2one,CG8180
FBgn0004106,LOC6904123,0,ortholog_one2one,Cdk1
FBgn0042178,LOC6896971,0,ortholog_many2many,Apl
FBgn0042178,LOC6900034,1,ortholog_many2many,Apl
FBgn0042178,LOC117183993,0,ortholog_many2many,Apl
FBgn0038008,LOC4802613,1,ortholog_one2one,CG3942
FBgn0034785,LOC4803862,1,ortholog_one2one,CG3649
FBgn0024227,LOC4817918,1,ortholog_one2one,aurB
FBgn0032120,LOC6903362,0,ortholog_one2one,CG33298
FBgn0037841,LOC4802104,1,ortholog_one2one,CG4565
FBgn0003462,LOC4813641,1,ortholog_one2one,Sod1
FBgn0030280,LOC4815333,0,ortholog_one2many,CG11106
FBgn0034136,LOC4803781,1,ortholog_one2one,DAT
FBgn0042086,LOC5495518,1,ortholog_one2many,Tsp42Eb
FBgn0035532,LOC4813139,1,ortholog_one2one,CG15014
FBgn0022936,LOC4812829,1,ortholog_one2one,CycH
FBgn0038767,LOC4803068,0,ortholog_one2one,trem
FBgn0028327,LOC4815591,1,ortholog_one2one,l(1)G0320
FBgn0036764,LOC4813653,1,ortholog_one2one,CG5535
FBgn0050122,LOC4804657,0,ortholog_one2one,CG30122
FBgn0015572,LOC4802961,1,ortholog_many2many,alpha-Est4
FBgn0015572,LOC6899467,0,ortholog_many2many,alpha-Est4
FBgn0084001,LOC6903396,1,ortholog_one2many,Grl40a
FBgn0084001,LOC26533926,1,ortholog_one2many,Grl40a
FBgn0262937,LOC4812549,1,ortholog_one2one,Rabex-5
FBgn0037684,LOC4800603,1,ortholog_one2one,Srr
FBgn0035192,LOC4811972,0,ortholog_one2one,galene
FBgn0052816,LOC4815282,1,ortholog_one2one,CG32816
FBgn0053002,LOC4817568,1,ortholog_one2one,mRpL27
FBgn0052099,LOC4813248,1,ortholog_one2one,CG32099
FBgn0035268,LOC4812274,1,ortholog_one2one,CG8001
FBgn0038928,LOC4801958,1,ortholog_one2one,Fadd
FBgn0085325,LOC6896780,1,ortholog_one2one,CG34296
FBgn0020299,LOC4801731,1,ortholog_one2one,stumps
FBgn0052820,LOC6901886,0,ortholog_one2many,CG32820
FBgn0020496,LOC4801406,1,ortholog_one2one,CtBP
FBgn0003386,LOC4817262,1,ortholog_one2one,Shaw
FBgn0036881,LOC6900265,1,ortholog_one2one,Cpr76Bd
FBgn0031741,LOC4818020,1,ortholog_one2one,CG11034
FBgn0032350,LOC4817059,1,ortholog_one2one,CG6287
FBgn0041181,LOC4817234,1,ortholog_one2one,Tep3
FBgn0026760,LOC4817965,1,ortholog_one2one,Tehao
FBgn0038359,LOC4803320,0,ortholog_one2one,CG5614
FBgn0032453,LOC4816304,1,ortholog_one2one,CG6180
FBgn0052212,LOC6900256,0,ortholog_one2many,CG32212
FBgn0010039,LOC4800811,1,ortholog_one2many,GstD3
FBgn0260780,LOC6901417,1,ortholog_one2one,wisp
FBgn0261987,LOC6901199,0,ortholog_one2one,Pxt
FBgn0034709,LOC4805227,1,ortholog_one2one,Swim
FBgn0016701,LOC4804002,1,ortholog_one2one,Rab4
FBgn0029568,LOC4815524,1,ortholog_one2one,CG11381
FBgn0034401,LOC4803628,1,ortholog_one2one,MetRS
FBgn0038067,LOC4800879,1,ortholog_one2many,CG11598
FBgn0040382,LOC4814855,0,ortholog_one2one,CG5273
FBgn0263607,LOC4812137,1,ortholog_one2one,l(3)72Dp
FBgn0032700,LOC4817327,1,ortholog_one2one,CG10338
FBgn0036575,LOC4812173,1,ortholog_one2one,CG5157
FBgn0037660,LOC4802631,0,ortholog_one2one,beag
FBgn0031626,LOC6903247,0,ortholog_one2one,CG15631
FBgn0036918,LOC4813047,1,ortholog_one2one,Pfdn6
FBgn0037998,LOC4802605,1,ortholog_one2one,Cog1
FBgn0039631,LOC4801594,1,ortholog_one2one,Sirt7
FBgn0036829,LOC4812349,1,ortholog_one2one,Ir75d
FBgn0039527,LOC4800654,1,ortholog_one2one,CG5639
FBgn0037338,LOC4802429,1,ortholog_one2one,Snm1
FBgn0044823,LOC4802039,1,ortholog_one2one,Spec2
FBgn0013751,LOC4812758,1,ortholog_one2one,Awh
FBgn0037846,LOC4803111,1,ortholog_one2one,CG6574
FBgn0086361,LOC4800487,1,ortholog_one2one,alph
FBgn0038870,LOC4800850,1,ortholog_one2one,Oga
FBgn0264747,LOC26533006,1,ortholog_one2many,CG44005
FBgn0029701,LOC26532027,0,ortholog_one2one,CG12691
FBgn0037832,LOC6903806,1,ortholog_one2one,Desi
FBgn0011653,LOC4812647,1,ortholog_one2one,mas
FBgn0036494,LOC4813832,1,ortholog_one2one,Toll-6
FBgn0037213,LOC4802777,1,ortholog_one2one,CG12581
FBgn0032668,LOC4816799,1,ortholog_one2one,CG17681
FBgn0038717,LOC4803268,1,ortholog_one2many,CG17751
FBgn0015609,LOC6903230,1,ortholog_one2one,CadN
FBgn0053556,LOC6900433,1,ortholog_one2one,form3
FBgn0040334,LOC6902177,0,ortholog_one2one,Tsp3A
FBgn0032129,LOC4817016,1,ortholog_one2one,jp
FBgn0262017,LOC26532348,1,ortholog_one2one,CG42830
FBgn0036733,LOC4813741,0,ortholog_one2one,U4-U6-60K
FBgn0063261,LOC4802075,1,ortholog_one2one,CG31275
FBgn0036698,LOC4813984,1,ortholog_one2one,CG7724
FBgn0030586,LOC4815593,1,ortholog_one2one,CG12539
FBgn0035965,LOC4814000,1,ortholog_one2one,Use1
FBgn0259145,LOC4803848,1,ortholog_one2one,CG42260
FBgn0015001,LOC4805104,1,ortholog_one2one,iotaTry
FBgn0030814,LOC4815310,0,ortholog_one2many,CG4955
FBgn0030814,LOC6903229,0,ortholog_one2many,CG4955
FBgn0033241,LOC4804019,1,ortholog_one2one,CG2915
FBgn0031900,LOC4817032,1,ortholog_one2one,CG13786
FBgn0051099,LOC4802347,1,ortholog_one2one,CG31099
FBgn0259098,LOC6901763,1,ortholog_one2one,CG42246
FBgn0037430,LOC4801884,1,ortholog_one2one,Osi20
FBgn0037020,LOC4811990,1,ortholog_one2one,Pex14
FBgn0033052,LOC4804826,1,ortholog_one2one,SCAP
FBgn0261993,LOC13036535,1,ortholog_one2one,CG42811
FBgn0004593,LOC4812968,1,ortholog_one2many,Eig71Ef
FBgn0033214,LOC6898378,1,ortholog_one2one,CG1941
FBgn0003042,LOC4813219,1,ortholog_one2one,Pc
FBgn0034062,LOC4805472,1,ortholog_one2one,CG8388
FBgn0005536,LOC4813317,1,ortholog_one2one,Mbs
FBgn0003140,LOC4805268,0,ortholog_one2one,PpY-55A
FBgn0034946,LOC4804285,1,ortholog_one2one,CG3065
FBgn0027490,LOC4818066,1,ortholog_one2one,D12
FBgn0000239,LOC4818100,1,ortholog_one2one,bur
FBgn0039688,LOC4800507,1,ortholog_one2one,Kul
FBgn0038565,LOC4803165,1,ortholog_one2one,CG7794
FBgn0005771,LOC4817885,1,ortholog_one2one,noc
FBgn0030051,LOC4815243,1,ortholog_one2one,spirit
FBgn0051755,LOC4817219,1,ortholog_one2one,SoYb
FBgn0263116,LOC4804068,1,ortholog_one2one,5-HT1B
FBgn0033326,LOC6898774,1,ortholog_many2many,CG14743
FBgn0033326,LOC6898772,1,ortholog_many2many,CG14743
FBgn0031117,LOC6901645,1,ortholog_one2one,GstT3
FBgn0032615,LOC4817441,1,ortholog_one2one,CG6012
FBgn0010228,LOC4805236,1,ortholog_one2one,HmgZ
FBgn0033673,LOC4804147,1,ortholog_one2one,CG8298
FBgn0004050,LOC6901118,1,ortholog_one2one,z
FBgn0000317,LOC4818109,1,ortholog_one2one,ck
FBgn0011204,LOC4814131,1,ortholog_one2one,cue
FBgn0040512,LOC6900165,1,ortholog_one2one,zetaCOP
FBgn0263456,LOC6900909,1,ortholog_one2one,nwk
FBgn0064912,LOC4800976,1,ortholog_one2one,CG31178
FBgn0038303,LOC4802896,1,ortholog_one2one,SIDL
FBgn0042710,LOC6897492,0,ortholog_one2one,Hex-t2
FBgn0038569,LOC4803171,1,ortholog_one2one,CG7218
FBgn0034186,LOC4804095,1,ortholog_one2one,CG8950
FBgn0030813,LOC4814452,1,ortholog_one2one,CG4949
FBgn0026190,LOC4800381,1,ortholog_one2one,PH4alphaMP
FBgn0026076,LOC26532244,1,ortholog_one2one,UBL3
FBgn0053060,LOC4812218,1,ortholog_one2one,CG33060
FBgn0083945,LOC4816779,1,ortholog_one2one,CG34109
FBgn0085194,LOC6903500,1,ortholog_one2one,CG34165
FBgn0032631,LOC6900536,0,ortholog_one2one,CG15140
FBgn0034541,LOC4804420,1,ortholog_one2one,CG13437
FBgn0028541,LOC4816285,1,ortholog_one2one,TM9SF4
FBgn0032485,LOC4816350,1,ortholog_one2one,CG9426
FBgn0033249,LOC4804029,1,ortholog_one2one,CG11191
FBgn0264750,LOC4817556,1,ortholog_one2one,CG44008
FBgn0040609,LOC4801174,1,ortholog_one2one,CG3348
FBgn0039536,LOC4800663,1,ortholog_one2one,unc80
FBgn0026479,LOC4816592,1,ortholog_many2many,Drp1
FBgn0037623,LOC4803011,1,ortholog_one2one,CG9801
FBgn0052808,LOC4815734,1,ortholog_one2one,CG32808
FBgn0039555,LOC4800687,1,ortholog_one2one,mRpS22
FBgn0036923,LOC4812890,0,ortholog_one2one,CG17732
FBgn0036133,LOC4813851,0,ortholog_one2one,emei
FBgn0039395,LOC4802222,1,ortholog_one2one,CG14546
FBgn0037070,LOC4813644,1,ortholog_one2one,CG11309
FBgn0034389,LOC4803742,1,ortholog_one2one,Mctp
FBgn0033500,LOC4804207,1,ortholog_one2one,Csgalnact
FBgn0030900,LOC4814287,1,ortholog_one2one,Him
FBgn0020503,LOC6902903,1,ortholog_one2one,CLIP-190
FBgn0035050,LOC4805298,1,ortholog_one2one,SiaT
FBgn0028938,LOC6902706,1,ortholog_one2one,Vajk1
FBgn0023550,LOC4815751,1,ortholog_one2one,FarO
FBgn0250871,LOC4814643,1,ortholog_one2one,pot
FBgn0033128,LOC4803461,1,ortholog_one2one,Tsp42Eg
FBgn0037556,LOC4801583,1,ortholog_one2one,CG9636
FBgn0085484,LOC4814189,1,ortholog_one2one,Pdxk
FBgn0028695,LOC4813337,1,ortholog_one2one,Rpn1
FBgn0033834,LOC6898062,1,ortholog_one2one,CG4744
FBgn0085294,LOC6900074,1,ortholog_one2one,CG34265
FBgn0050345,LOC4805177,1,ortholog_one2one,CG30345
FBgn0004777,LOC4802269,1,ortholog_one2one,Ccp84Ag
FBgn0031782,LOC4818151,1,ortholog_one2one,WDR79
FBgn0038642,LOC6897152,1,ortholog_one2one,Muc91C
FBgn0039733,LOC4800265,1,ortholog_one2one,CG11504
FBgn0037475,LOC6897848,1,ortholog_one2one,Fer1
FBgn0038803,LOC6898018,1,ortholog_one2one,CG5191
FBgn0033451,LOC6898688,0,ortholog_one2many,Marc
FBgn0033451,LOC4804889,0,ortholog_one2many,Marc
FBgn0022960,LOC6898096,1,ortholog_one2one,vimar
FBgn0030642,LOC6901873,1,ortholog_one2one,CG15642
FBgn0027101,LOC6899812,0,ortholog_one2one,Dyrk3
FBgn0261811,LOC4814851,1,ortholog_one2one,pico
FBgn0037807,LOC4801033,1,ortholog_one2one,CG6293
FBgn0027868,LOC4816699,1,ortholog_one2one,Nup107
FBgn0010341,LOC4814629,1,ortholog_one2one,Cdc42
FBgn0030157,LOC6901068,1,ortholog_one2one,CG1468
FBgn0033473,LOC4804080,0,ortholog_one2one,CG12128
FBgn0011581,LOC4802164,1,ortholog_one2one,Ms
FBgn0036993,LOC4812261,1,ortholog_one2one,CG5910
FBgn0034925,LOC4803518,1,ortholog_one2one,CG5339
FBgn0040319,LOC4815137,0,ortholog_one2one,Gclc
FBgn0038492,LOC6897111,1,ortholog_one2one,Mur89F
FBgn0033178,LOC4804927,1,ortholog_one2one,CG11127
FBgn0028685,LOC4814835,0,ortholog_one2one,Rpt4
FBgn0032692,LOC4817261,0,ortholog_one2one,IFT46
FBgn0038646,LOC4801340,1,ortholog_one2one,CG7715
FBgn0023531,LOC6902076,1,ortholog_one2one,CG32809
FBgn0010549,LOC6902791,0,ortholog_one2many,l(2)03659
FBgn0036551,LOC4812631,1,ortholog_one2one,CG17029
FBgn0040509,LOC6902466,1,ortholog_many2many,ACXB
FBgn0040509,LOC6902469,0,ortholog_many2many,ACXB
FBgn0040509,LOC6902467,1,ortholog_many2many,ACXB
FBgn0035344,LOC4813305,1,ortholog_one2many,Cyp4d20
FBgn0039234,LOC4800251,0,ortholog_one2many,Nct
FBgn0039234,LOC117183374,1,ortholog_one2many,Nct
FBgn0036598,LOC4812121,1,ortholog_one2one,CG4982
FBgn0014391,LOC4811665,0,ortholog_one2one,sun
FBgn0030630,LOC4815204,1,ortholog_many2many,CG12608
FBgn0030630,LOC6903221,0,ortholog_many2many,CG12608
FBgn0030630,LOC6903222,0,ortholog_many2many,CG12608
FBgn0037468,LOC4803291,1,ortholog_one2one,CG1943
FBgn0261004,LOC6897435,1,ortholog_one2one,asl
FBgn0038627,LOC4801440,1,ortholog_one2one,CG7694
FBgn0039731,LOC4800267,1,ortholog_one2one,Sas-6
FBgn0034545,LOC26532548,1,ortholog_one2one,CG13438
FBgn0283652,LOC4818121,1,ortholog_one2one,Rpp30
FBgn0259164,LOC4812864,1,ortholog_one2one,CG42269
FBgn0011604,LOC4803384,1,ortholog_one2one,Iswi
FBgn0267428,LOC6899530,0,ortholog_one2one,DIP-lambda
FBgn0027568,LOC4811679,0,ortholog_one2one,Cand1
FBgn0036301,LOC4813873,1,ortholog_one2one,CG4069
FBgn0037656,LOC4803033,1,ortholog_one2one,CG11986
FBgn0034457,LOC4804943,1,ortholog_one2one,Ir56c
FBgn0015790,LOC4802247,1,ortholog_one2one,Rab11
FBgn0032644,LOC4817679,1,ortholog_one2one,CG5131
FBgn0026259,LOC4812430,1,ortholog_one2one,eIF5B
FBgn0052270,LOC6900512,1,ortholog_one2one,CG32270
FBgn0002931,LOC4817791,1,ortholog_one2one,net
FBgn0085433,LOC6897048,0,ortholog_one2one,CG34404
FBgn0033307,LOC4803369,1,ortholog_one2one,CG14752
FBgn0036285,LOC6900472,1,ortholog_one2one,toe
FBgn0036997,LOC4812230,1,ortholog_one2one,Tdh
FBgn0004646,LOC6901546,1,ortholog_one2one,ogre
FBgn0037235,LOC4802749,1,ortholog_one2one,CG1103
FBgn0050108,LOC4804670,1,ortholog_one2many,CG30108
FBgn0032192,LOC6903316,0,ortholog_one2one,CG5731
FBgn0038674,LOC4800516,1,ortholog_one2one,CG14285
FBgn0050265,LOC4803860,1,ortholog_one2many,CG30265
FBgn0032457,LOC4816668,0,ortholog_one2one,CG15483
FBgn0003961,LOC4817128,1,ortholog_one2one,Uro
FBgn0034532,LOC4804429,1,ortholog_one2one,CG13436
FBgn0032157,LOC4817424,1,ortholog_one2one,Etl1
FBgn0011676,LOC4816551,1,ortholog_one2one,Nos
FBgn0086855,LOC4817855,1,ortholog_one2one,CG17078
FBgn0035563,LOC4812013,1,ortholog_one2one,CG13716
FBgn0033958,LOC4803980,1,ortholog_one2one,jef
FBgn0263987,LOC6901749,1,ortholog_one2one,spoon
FBgn0038186,LOC4801656,1,ortholog_one2one,CG14362
FBgn0036437,LOC6900374,1,ortholog_one2one,Dnaaf6
FBgn0004057,LOC4815169,1,ortholog_one2one,Zw
FBgn0050036,LOC6897132,0,ortholog_one2many,CG30036
FBgn0015924,LOC4817152,1,ortholog_one2one,crq
FBgn0039651,LOC4800460,1,ortholog_one2one,Cyt-c1L
FBgn0029756,LOC4814969,1,ortholog_one2one,CG3309
FBgn0016126,LOC4811749,1,ortholog_one2one,CaMKI
FBgn0086656,LOC4805176,1,ortholog_many2many,shrb
FBgn0035517,LOC4812668,1,ortholog_one2one,CG1265
FBgn0029795,LOC4814371,1,ortholog_one2one,CG15773
FBgn0016032,LOC6898100,1,ortholog_one2one,lbm
FBgn0031602,LOC4817579,1,ortholog_one2one,CG15431
FBgn0027588,LOC4815501,1,ortholog_one2one,GCS2alpha
FBgn0029118,LOC4813460,1,ortholog_one2one,ScsbetaG
FBgn0030340,LOC6901382,0,ortholog_one2one,CG15740
FBgn0010385,LOC4804084,1,ortholog_one2one,Def
FBgn0283503,LOC4812986,1,ortholog_one2one,Neurl4
FBgn0265630,LOC6901710,1,ortholog_one2one,sno
FBgn0022359,LOC6897523,0,ortholog_one2many,Sodh2
FBgn0031940,LOC4816919,1,ortholog_one2one,CG7214
FBgn0036116,LOC4813019,1,ortholog_one2one,CG7888
FBgn0038929,LOC6897399,0,ortholog_one2many,CG13408
FBgn0038929,LOC4801075,1,ortholog_one2many,CG13408
FBgn0026619,LOC4804755,1,ortholog_one2one,Taz
FBgn0037415,LOC4801900,1,ortholog_one2one,Osi8
FBgn0010278,LOC4803391,1,ortholog_one2one,Ssrp
FBgn0032499,LOC4816222,0,ortholog_one2one,Uvrag
FBgn0027493,LOC4801557,1,ortholog_one2one,Adss
FBgn0035724,LOC4813995,1,ortholog_one2one,CG10064
FBgn0031876,LOC4816141,1,ortholog_one2one,Atac1
FBgn0030160,LOC4814387,1,ortholog_one2one,CG9691
FBgn0036078,LOC4813609,1,ortholog_one2one,Or67c
FBgn0032888,LOC6898089,0,ortholog_one2many,CheB38c
FBgn0035357,LOC4814068,1,ortholog_one2one,MEP-1
FBgn0061492,LOC4812920,1,ortholog_one2one,loj
FBgn0051108,LOC4811817,1,ortholog_one2many,TTLL5
FBgn0051108,LOC117184592,0,ortholog_one2many,TTLL5
FBgn0034590,LOC4805534,1,ortholog_one2one,Magi
FBgn0003159,LOC6902155,1,ortholog_one2one,CG2841
FBgn0031522,LOC4816900,1,ortholog_one2one,CG3285
FBgn0052407,LOC4812270,1,ortholog_one2one,CG32407
FBgn0264753,LOC4804251,1,ortholog_one2one,Rgk1
FBgn0016660,LOC6903579,1,ortholog_one2one,H15
FBgn0040588,LOC4800925,1,ortholog_one2one,CG13841
FBgn0040732,LOC6898699,1,ortholog_one2one,CG16926
FBgn0030480,LOC6903126,0,ortholog_one2many,Tim9a
FBgn0030480,LOC6902152,1,ortholog_one2many,Tim9a
FBgn0041188,LOC4801256,1,ortholog_one2one,Atx2
FBgn0052409,LOC4811951,1,ortholog_one2one,CG32409
FBgn0261641,LOC6897557,1,ortholog_one2one,CG42724
FBgn0031489,LOC6896895,0,ortholog_one2one,CG17224
FBgn0036503,LOC4812825,1,ortholog_one2one,CG13454
FBgn0015519,LOC6901253,1,ortholog_one2one,nAChRalpha3
FBgn0004650,LOC6902192,0,ortholog_one2one,fs(1)N
FBgn0000261,LOC4813007,1,ortholog_one2one,Cat
FBgn0030159,LOC6901069,1,ortholog_one2one,CG9689
FBgn0086679,LOC4802023,1,ortholog_one2one,p
FBgn0283531,LOC4816533,1,ortholog_one2one,Duox
FBgn0051080,LOC6897147,1,ortholog_one2one,TwdlH
FBgn0037780,LOC4800775,1,ortholog_one2one,ohgt
FBgn0030310,LOC4815489,0,ortholog_one2one,PGRP-SA
FBgn0035642,LOC6897633,0,ortholog_many2many,CG18586
FBgn0035642,LOC6897632,0,ortholog_many2many,CG18586
FBgn0035642,LOC6897583,0,ortholog_many2many,CG18586
FBgn0035642,LOC6897630,0,ortholog_many2many,CG18586
FBgn0035102,LOC6899959,1,ortholog_one2one,CG7049
FBgn0032523,LOC6903446,1,ortholog_one2one,CG16956
FBgn0032083,LOC4816124,1,ortholog_one2one,CG9541
FBgn0036861,LOC6900245,1,ortholog_one2one,CG14089
FBgn0267350,LOC4815648,1,ortholog_one2one,Pi4KIIIalpha
FBgn0030278,LOC4815333,0,ortholog_one2many,CG15200
FBgn0030724,LOC4814663,0,ortholog_one2one,Nipsnap
FBgn0026427,LOC4803970,1,ortholog_one2one,Su(var)2-HP2
FBgn0002873,LOC6901440,1,ortholog_one2one,mud
FBgn0000253,LOC6898181,1,ortholog_one2one,Cam
FBgn0015903,LOC4804545,1,ortholog_one2one,apt
FBgn0052602,LOC26533400,1,ortholog_one2one,Muc12Ea
FBgn0040682,LOC26533253,0,ortholog_one2one,CG14664
FBgn0039727,LOC4800269,1,ortholog_one2one,Vps13B
FBgn0033391,LOC4805184,1,ortholog_one2one,CG8026
FBgn0033889,LOC6898685,1,ortholog_one2one,CG6701
FBgn0034392,LOC6898212,1,ortholog_one2one,MFS15
FBgn0004959,LOC4814243,1,ortholog_one2one,phtm
FBgn0038976,LOC4801660,1,ortholog_one2one,Pfdn5
FBgn0026150,LOC6897470,0,ortholog_one2one,ApepP
FBgn0038903,LOC4800964,1,ortholog_one2one,Polr1H
FBgn0039381,LOC4802233,1,ortholog_one2one,SppL
FBgn0031992,LOC4817139,1,ortholog_one2one,Acbp1
FBgn0029994,LOC4815761,1,ortholog_one2one,Ldsdh1
FBgn0264488,LOC6900418,1,ortholog_one2one,CG43896
FBgn0036389,LOC6900588,1,ortholog_one2one,ssp2
FBgn0030863,LOC6901912,1,ortholog_one2one,CG8188
FBgn0040324,LOC4811850,1,ortholog_one2one,Ephrin
FBgn0033368,LOC4804568,1,ortholog_one2one,CG13743
FBgn0035741,LOC4812980,1,ortholog_one2one,BBS1
FBgn0021750,LOC4801526,1,ortholog_one2one,SerRS-m
FBgn0033369,LOC4804569,1,ortholog_one2one,CG8197
FBgn0030801,LOC4814215,0,ortholog_one2one,Polr3I
FBgn0034177,LOC4804248,1,ortholog_one2one,AsnRS-m
FBgn0267698,LOC4802301,1,ortholog_one2one,Pak
FBgn0034416,LOC4804072,1,ortholog_one2many,CG15109
FBgn0034416,LOC6898572,0,ortholog_one2many,CG15109
FBgn0052736,LOC4814605,1,ortholog_one2one,sloth1
FBgn0002524,LOC4816481,1,ortholog_one2one,lace
FBgn0032654,LOC4817668,1,ortholog_one2one,CG15147
FBgn0039374,LOC6897694,1,ortholog_one2many,CG17770
FBgn0002872,LOC6903021,0,ortholog_one2many,mu2
FBgn0002872,LOC4812928,1,ortholog_one2many,mu2
FBgn0261564,LOC4805558,1,ortholog_one2one,ReepA
FBgn0029895,LOC4815435,1,ortholog_one2one,CG14441
FBgn0029521,LOC4815080,1,ortholog_one2one,Or1a
FBgn0033474,LOC6898358,0,ortholog_one2one,CG1407
FBgn0028567,LOC117184609,1,ortholog_one2one,robl62A
FBgn0038273,LOC4802855,0,ortholog_one2many,CG14860
FBgn0038273,LOC6897825,0,ortholog_one2many,CG14860
FBgn0036999,LOC4812334,1,ortholog_one2one,isoQC
FBgn0034073,LOC4805357,1,ortholog_one2one,CG8414
FBgn0037477,LOC4800665,0,ortholog_one2many,CG14610
FBgn0037283,LOC4802514,1,ortholog_one2one,CG14658
FBgn0019662,LOC4812535,1,ortholog_one2one,qm
FBgn0036492,LOC4812750,1,ortholog_one2one,Best3
FBgn0052182,LOC4813144,1,ortholog_one2one,CG32182
FBgn0039869,LOC4801980,1,ortholog_one2one,Tbca
FBgn0038593,LOC4802234,1,ortholog_one2one,Vps39
FBgn0086384,LOC4814816,1,ortholog_one2one,Mer
FBgn0031229,LOC4817232,0,ortholog_one2one,CG3436
FBgn0035169,LOC6900614,1,ortholog_one2many,Dci
FBgn0035169,LOC4812842,1,ortholog_one2many,Dci
FBgn0287598,LOC4800790,1,ortholog_one2one,CG46467
FBgn0261984,LOC4803287,1,ortholog_one2one,Ire1
FBgn0034838,LOC6902416,0,ortholog_one2one,CG12782
FBgn0263197,LOC6898302,1,ortholog_one2one,Patronin
FBgn0028516,LOC4818061,1,ortholog_one2one,ZnT35C
FBgn0028895,LOC6903293,1,ortholog_one2one,CG17328
FBgn0002734,LOC4802204,1,ortholog_one2one,E(spl)mdelta-HLH
FBgn0033869,LOC4805160,1,ortholog_one2one,Cpr50Cb
FBgn0034249,LOC6898612,1,ortholog_one2one,RhoGAP54D
FBgn0030394,LOC4815623,1,ortholog_one2one,Cpr11A
FBgn0263829,LOC6903416,0,ortholog_one2one,CG34334
FBgn0029639,LOC6901274,1,ortholog_one2one,CG14419
FBgn0000181,LOC4805193,1,ortholog_one2one,bic
FBgn0038261,LOC4801062,1,ortholog_one2one,CG14856
FBgn0263998,LOC6898348,1,ortholog_one2one,Ack-like
FBgn0035209,LOC4811941,1,ortholog_one2one,msd1
FBgn0037783,LOC4800771,1,ortholog_one2one,Npc2c
FBgn0051694,LOC4816422,1,ortholog_one2one,Ifrd1
FBgn0263006,LOC4803524,1,ortholog_one2one,SERCA
FBgn0013433,LOC4816281,0,ortholog_one2one,beat-Ia
FBgn0026373,LOC4816412,1,ortholog_one2one,Polr2C
FBgn0283433,LOC4814506,1,ortholog_one2many,SdicB
FBgn0032850,LOC4816409,0,ortholog_one2one,Kua
FBgn0032797,LOC4817874,1,ortholog_one2one,Hasp
FBgn0036875,LOC4812240,1,ortholog_one2one,CG9449
FBgn0052448,LOC4812835,1,ortholog_one2one,CG32448
FBgn0085638,LOC117184109,0,ortholog_one2one,CG41378
FBgn0028916,LOC6902690,1,ortholog_one2one,CG33090
FBgn0261850,LOC6899003,1,ortholog_one2one,Xpd
FBgn0051475,LOC4803240,1,ortholog_one2one,myd
FBgn0052255,LOC4813095,1,ortholog_one2one,Gr64f
FBgn0038202,LOC4801636,1,ortholog_one2one,CG12402
FBgn0263742,LOC26533119,1,ortholog_one2one,CG43667
FBgn0263078,LOC6902853,0,ortholog_one2many,CG43339
FBgn0047199,LOC4801651,1,ortholog_one2one,CG31517
FBgn0266409,LOC4800936,1,ortholog_one2one,CG45049
FBgn0031268,LOC4817414,1,ortholog_one2one,cold
FBgn0053341,LOC6897483,1,ortholog_one2one,CG33341
FBgn0038420,LOC4802559,1,ortholog_one2one,CG10311
FBgn0035371,LOC6900916,1,ortholog_one2one,AhcyL1
FBgn0259233,LOC4800433,1,ortholog_one2one,CG42331
FBgn0000227,LOC4817695,1,ortholog_one2one,Elba1
FBgn0026326,LOC4804511,1,ortholog_one2one,Mad1
FBgn0036843,LOC4812294,1,ortholog_one2one,Sfxn2
FBgn0265174,LOC4804187,1,ortholog_one2one,PIG-V
FBgn0033705,LOC6898182,1,ortholog_one2one,CG13168
FBgn0265192,LOC6903743,0,ortholog_one2many,Snp
FBgn0265192,LOC117184527,0,ortholog_one2many,Snp
FBgn0265192,LOC117184525,0,ortholog_one2many,Snp
FBgn0265192,LOC117184526,0,ortholog_one2many,Snp
FBgn0265192,LOC6898852,1,ortholog_one2many,Snp
FBgn0265192,LOC117184524,0,ortholog_one2many,Snp
FBgn0265192,LOC117184529,0,ortholog_one2many,Snp
FBgn0265192,LOC117183185,0,ortholog_one2many,Snp
FBgn0265192,LOC117184948,0,ortholog_one2many,Snp
FBgn0265192,LOC26532852,0,ortholog_one2many,Snp
FBgn0265192,LOC26532367,0,ortholog_one2many,Snp
FBgn0265192,LOC117184528,0,ortholog_one2many,Snp
FBgn0265192,LOC6903741,0,ortholog_one2many,Snp
FBgn0026174,LOC117183193,0,ortholog_many2many,SkpD
FBgn0026174,LOC4811669,0,ortholog_many2many,SkpD
FBgn0026174,LOC6896928,0,ortholog_many2many,SkpD
FBgn0026174,LOC6899915,0,ortholog_many2many,SkpD
FBgn0026174,LOC6899917,0,ortholog_many2many,SkpD
FBgn0026174,LOC6899916,0,ortholog_many2many,SkpD
FBgn0026174,LOC117184947,0,ortholog_many2many,SkpD
FBgn0026174,LOC6899792,0,ortholog_many2many,SkpD
FBgn0026174,LOC26533389,0,ortholog_many2many,SkpD
FBgn0026174,LOC6899918,0,ortholog_many2many,SkpD
FBgn0039019,LOC4800931,1,ortholog_one2one,HP1c
FBgn0025885,LOC4804173,0,ortholog_one2one,Inos
FBgn0050354,LOC6897798,0,ortholog_one2many,UQCR-11L
FBgn0020414,LOC4817494,1,ortholog_one2one,Idgf3
FBgn0003278,LOC4816875,1,ortholog_one2one,Polr1B
FBgn0043825,LOC6902571,0,ortholog_many2many,CG18284
FBgn0043825,LOC26534034,0,ortholog_many2many,CG18284
FBgn0043825,LOC6902874,0,ortholog_many2many,CG18284
FBgn0033038,LOC4804848,1,ortholog_one2one,CG7791
FBgn0034707,LOC4805696,1,ortholog_one2one,MED16
FBgn0264954,LOC6902173,0,ortholog_one2one,fd3F
FBgn0265416,LOC4814838,1,ortholog_one2one,Neto
FBgn0283499,LOC6897736,0,ortholog_one2one,InR
FBgn0032645,LOC4817677,1,ortholog_one2one,CG15142
FBgn0039486,LOC4801141,1,ortholog_one2one,CAH9
FBgn0036709,LOC4813492,1,ortholog_one2one,Or74a
FBgn0030554,LOC6901442,1,ortholog_one2one,Dus2
FBgn0033627,LOC6898755,1,ortholog_one2many,CG13204
FBgn0033627,LOC6898754,0,ortholog_one2many,CG13204
FBgn0033461,LOC4804721,1,ortholog_one2one,CG12923
FBgn0030959,LOC4814348,1,ortholog_one2many,CG6961
FBgn0267592,LOC6896880,0,ortholog_one2many,CCY
FBgn0286898,LOC4816181,1,ortholog_one2one,Tango1
FBgn0040529,LOC4801816,1,ortholog_one2one,COX7A
FBgn0042083,LOC4803404,1,ortholog_one2one,Mccc2
FBgn0031169,LOC6900491,0,ortholog_one2one,CG1494
FBgn0003016,LOC4818069,0,ortholog_one2one,osp
FBgn0030484,LOC4814426,1,ortholog_one2one,GstT4
FBgn0044811,LOC6897249,0,ortholog_one2many,TotF
FBgn0050356,LOC117183534,0,ortholog_one2one,CG30356
FBgn0085459,LOC4804997,1,ortholog_one2one,CG34430
FBgn0052685,LOC4814248,1,ortholog_one2one,ZAP3
FBgn0011642,LOC4811703,1,ortholog_one2one,Zyx
FBgn0085279,LOC117184418,1,ortholog_one2one,CG34250
FBgn0030787,LOC4815927,1,ortholog_one2one,CG9609
FBgn0045064,LOC4816272,1,ortholog_one2one,bwa
FBgn0053082,LOC6902107,1,ortholog_one2one,Rpp21
FBgn0033693,LOC6898187,1,ortholog_one2one,CG13175
FBgn0005777,LOC6897241,1,ortholog_one2one,PpD3
FBgn0259821,LOC6897787,1,ortholog_one2one,CG42402
FBgn0010100,LOC4818181,1,ortholog_one2one,mAcon1
FBgn0288734,LOC4815815,0,ortholog_one2many,CG46509
FBgn0039293,LOC4803221,1,ortholog_one2one,Alg9
FBgn0032430,LOC4817434,1,ortholog_one2one,Trm1
FBgn0036302,LOC117183184,1,ortholog_one2one,sowah
FBgn0035830,LOC13036322,0,ortholog_one2many,CG8209
FBgn0035830,LOC4812320,1,ortholog_one2many,CG8209
FBgn0030038,LOC4814434,1,ortholog_one2one,CG1440
FBgn0036340,LOC6900567,1,ortholog_one2one,Srrm1
FBgn0042127,LOC4817357,1,ortholog_one2many,CG18789
FBgn0039207,LOC4802136,1,ortholog_one2one,Cftr
FBgn0039344,LOC4802418,1,ortholog_one2one,CG4582
FBgn0032701,LOC4816802,1,ortholog_one2one,CG10341
FBgn0037428,LOC4801886,1,ortholog_one2one,Osi18
FBgn0033631,LOC4805018,1,ortholog_one2one,Sod3
FBgn0028670,LOC4801449,1,ortholog_one2one,Vha100-2
FBgn0038927,LOC4801960,1,ortholog_one2one,CG6015
FBgn0032448,LOC117183927,1,ortholog_one2one,CG5781
FBgn0039070,LOC4801221,1,ortholog_one2one,wam
FBgn0032671,LOC4817342,1,ortholog_one2one,JMJD4
FBgn0029646,LOC4815060,1,ortholog_one2one,CG14423
FBgn0035147,LOC4812247,1,ortholog_one2one,Gale
FBgn0031144,LOC4815791,0,ortholog_one2many,CG1529
FBgn0038860,LOC4803186,0,ortholog_one2one,Ice2
FBgn0032516,LOC4818142,1,ortholog_one2one,Ing5
FBgn0260771,LOC6899268,0,ortholog_one2many,Larp7
FBgn0260771,LOC4814593,1,ortholog_one2many,Larp7
FBgn0028481,LOC4817768,0,ortholog_one2one,Tmtc2
FBgn0035425,LOC4812517,1,ortholog_one2one,CG17746
FBgn0024997,LOC4815134,1,ortholog_one2one,CG2681
FBgn0038156,LOC4801995,1,ortholog_one2one,side-IV
FBgn0027780,LOC6902343,0,ortholog_one2one,Aasdh
FBgn0013342,LOC6900118,1,ortholog_one2one,nSyb
FBgn0034958,LOC4804297,1,ortholog_one2one,CG3907
FBgn0034951,LOC4804292,1,ortholog_one2one,CG3860
FBgn0022959,LOC6900599,1,ortholog_one2one,yps
FBgn0029849,LOC4814651,1,ortholog_one2one,Efr
FBgn0031296,LOC4817590,1,ortholog_one2one,gNacalpha
FBgn0259229,LOC6898357,0,ortholog_one2one,CG42329
FBgn0050106,LOC4804673,1,ortholog_one2one,CCHa1-R
FBgn0016984,LOC4804409,1,ortholog_one2one,sktl
FBgn0053851,LOC117183558,1,ortholog_one2many,His3:CG33851
FBgn0085302,LOC13036548,1,ortholog_one2one,CG34273
FBgn0013548,LOC4804528,1,ortholog_one2one,l(2)dtl
FBgn0037817,LOC4801019,1,ortholog_one2one,Cyp12e1
FBgn0038319,LOC4801522,1,ortholog_one2one,mRpL9
FBgn0030240,LOC4815451,1,ortholog_one2one,CG2202
FBgn0031925,LOC4813305,0,ortholog_one2many,Cyp4d21
FBgn0259166,LOC6901629,1,ortholog_one2one,CG42271
FBgn0043002,LOC4818065,1,ortholog_one2one,Chrac-14
FBgn0027339,LOC4813776,1,ortholog_one2one,jim
FBgn0265767,LOC6901181,1,ortholog_one2one,zyd
FBgn0032397,LOC6902310,0,ortholog_one2many,Tom70
FBgn0032397,LOC6901720,0,ortholog_one2many,Tom70
FBgn0032397,LOC6902305,0,ortholog_one2many,Tom70
FBgn0032397,LOC6902190,0,ortholog_one2many,Tom70
FBgn0032397,LOC4817749,1,ortholog_one2many,Tom70
FBgn0039132,LOC4801745,1,ortholog_one2one,AP-1sigma
FBgn0002413,LOC4800333,1,ortholog_one2one,dco
FBgn0001233,LOC4813013,1,ortholog_one2one,Hsp83
FBgn0011704,LOC4804895,1,ortholog_one2one,RnrS
FBgn0034849,LOC4803706,1,ortholog_one2one,CG3500
FBgn0034968,LOC4804311,1,ortholog_one2one,RpL12
FBgn0038301,LOC4802412,1,ortholog_one2one,CG6654
FBgn0036780,LOC4812820,1,ortholog_one2one,CG7330
FBgn0034407,LOC4804060,1,ortholog_one2one,DptB
FBgn0259990,LOC6897045,1,ortholog_one2one,CG42487
FBgn0030268,LOC6901320,1,ortholog_one2one,Klp10A
FBgn0085225,LOC6898372,1,ortholog_one2one,CG34196
FBgn0031873,LOC4816142,1,ortholog_one2one,Gas41
FBgn0004110,LOC4800866,1,ortholog_one2one,tin
FBgn0039532,LOC4800657,1,ortholog_one2one,Mtl
FBgn0038947,LOC4801732,1,ortholog_one2one,Sar1
FBgn0032363,LOC4816824,1,ortholog_one2one,Dlg5
FBgn0033924,LOC4803896,0,ortholog_one2one,CG8613
FBgn0003889,LOC4800596,1,ortholog_one2one,betaTub85D
FBgn0000562,LOC6898512,0,ortholog_one2one,egl
FBgn0035718,LOC4812166,1,ortholog_one2one,CG14820
FBgn0040007,LOC26532275,0,ortholog_one2one,RpL38
FBgn0035711,LOC4812258,1,ortholog_one2one,CG8519
FBgn0043577,LOC4812297,1,ortholog_one2one,PGRP-SB2
FBgn0025391,LOC4816000,1,ortholog_one2one,Scgdelta
FBgn0023525,LOC6901838,1,ortholog_one2one,CG3191
FBgn0031020,LOC4815667,0,ortholog_one2one,Naa15-16
FBgn0033047,LOC4804849,0,ortholog_one2one,CG7882
FBgn0044826,LOC4802547,1,ortholog_one2one,Pak3
FBgn0027791,LOC4815662,1,ortholog_one2one,O-fut2
FBgn0033633,LOC4805015,1,ortholog_one2one,Smyd4-3
FBgn0031881,LOC4817900,1,ortholog_one2one,MME1
FBgn0027844,LOC4816526,1,ortholog_one2one,CAH1
FBgn0031292,LOC6903288,1,ortholog_one2one,CG15824
FBgn0042630,LOC6900547,1,ortholog_one2one,Sox21b
FBgn0032771,LOC4816593,1,ortholog_one2one,CG17349
FBgn0037385,LOC6897390,1,ortholog_one2one,glob3
FBgn0051467,LOC6897978,0,ortholog_many2many,CG31467
FBgn0051467,LOC6897977,0,ortholog_many2many,CG31467
FBgn0051467,LOC4803229,0,ortholog_many2many,CG31467
FBgn0030311,LOC4815649,1,ortholog_one2one,CG11699
FBgn0004611,LOC4817453,0,ortholog_one2one,Plc21C
FBgn0023415,LOC4817438,1,ortholog_one2one,Acp32CD
FBgn0033459,LOC4805639,0,ortholog_one2one,CG12744
FBgn0259150,LOC4815915,1,ortholog_one2one,OtopLc
FBgn0085385,LOC6900645,1,ortholog_one2one,bma
FBgn0003980,LOC4817842,1,ortholog_one2one,Vm26Ab
FBgn0259148,LOC6900842,1,ortholog_one2one,CG42263
FBgn0285971,LOC4817998,1,ortholog_one2one,prg
FBgn0000579,LOC4817507,1,ortholog_one2one,Eno
FBgn0266518,LOC6898974,1,ortholog_one2one,Dpit47
FBgn0039452,LOC6896901,1,ortholog_one2one,CG14245
FBgn0036727,LOC6900693,1,ortholog_one2one,SecCl
FBgn0036836,LOC4812381,1,ortholog_one2one,CG11619
FBgn0029117,LOC4814013,1,ortholog_one2one,Surf1
FBgn0004921,LOC4805047,1,ortholog_one2one,Ggamma1
FBgn0050372,LOC4804344,1,ortholog_one2one,Asap
FBgn0037231,LOC4802756,1,ortholog_one2one,Vps24
FBgn0069969,LOC26533936,0,ortholog_one2many,CG40498
FBgn0069969,LOC117184005,0,ortholog_one2many,CG40498
FBgn0034138,LOC4803780,1,ortholog_one2one,RpS15
FBgn0050273,LOC4803832,1,ortholog_one2one,CG30273
FBgn0260442,LOC4814055,0,ortholog_one2one,rhea
FBgn0030940,LOC6901031,0,ortholog_one2one,CG15040
FBgn0035428,LOC4812054,1,ortholog_one2one,CG14960
FBgn0052594,LOC6902205,1,ortholog_one2one,be
FBgn0031008,LOC6901627,0,ortholog_one2many,CG8010
FBgn0031008,LOC6901625,0,ortholog_one2many,CG8010
FBgn0031008,LOC6896876,0,ortholog_one2many,CG8010
FBgn0032087,LOC6902399,1,ortholog_one2many,CG9568
FBgn0032087,LOC6898271,0,ortholog_one2many,CG9568
FBgn0033224,LOC4803636,1,ortholog_one2one,Nop17l
FBgn0050052,LOC6898639,1,ortholog_one2one,Obp49a
FBgn0032774,LOC4816615,1,ortholog_one2one,CG17549
FBgn0285911,LOC4800352,1,ortholog_one2one,Vps16A
FBgn0035631,LOC117183985,0,ortholog_one2many,Txl
FBgn0035631,LOC4813220,1,ortholog_one2many,Txl
FBgn0000116,LOC4814030,1,ortholog_one2one,Argk1
FBgn0004513,LOC4814152,1,ortholog_one2one,Mdr65
FBgn0035875,LOC4813932,1,ortholog_one2one,Cpr66Cb
FBgn0037992,LOC4802599,1,ortholog_one2one,CG4702
FBgn0263131,LOC6900031,1,ortholog_one2one,CG43373
FBgn0010314,LOC6903372,1,ortholog_one2one,Cks30A
FBgn0031332,LOC6903189,1,ortholog_one2many,CG5556
FBgn0042104,LOC4802973,1,ortholog_one2one,CG18747
FBgn0035469,LOC4812014,1,ortholog_one2one,Lamtor4
FBgn0039581,LOC4801082,1,ortholog_one2one,Moca-cyp
FBgn0040697,LOC4812651,1,ortholog_one2one,Teh3
FBgn0035825,LOC4812062,1,ortholog_one2one,Tmem43
FBgn0024250,LOC4814479,1,ortholog_one2one,brk
FBgn0034734,LOC4804240,0,ortholog_one2one,CG4554
FBgn0036249,LOC6900598,1,ortholog_one2one,CG11560
FBgn0051637,LOC4818115,1,ortholog_one2one,CG31637
FBgn0023094,LOC4813542,1,ortholog_one2one,cyc
FBgn0035409,LOC4813822,1,ortholog_one2one,CG14963
FBgn0039115,LOC4801567,1,ortholog_one2one,CG10214
FBgn0025519,LOC4803821,1,ortholog_one2one,fidipidine
FBgn0261822,LOC4816706,1,ortholog_one2one,Bsg
FBgn0014024,LOC4815542,1,ortholog_one2one,Rnp4F
FBgn0266098,LOC4815673,0,ortholog_one2one,rg
FBgn0052945,LOC4802310,0,ortholog_one2one,CG32945
FBgn0262483,LOC6897125,1,ortholog_one2one,Rbp
FBgn0013767,LOC4801582,1,ortholog_one2one,Crz
FBgn0085201,LOC6902939,1,ortholog_one2one,COX7AL2
FBgn0264090,LOC4814891,1,ortholog_one2one,CG43759
FBgn0053995,LOC6902519,1,ortholog_one2one,CG33995
FBgn0043576,LOC6898773,1,ortholog_many2many,PGRP-SC1a
FBgn0043576,LOC5495516,1,ortholog_many2many,PGRP-SC1a
FBgn0050419,LOC6899070,1,ortholog_one2one,CG30419
FBgn0038065,LOC4800525,1,ortholog_one2one,Snx3
FBgn0038539,LOC6903723,1,ortholog_one2one,Atg8b
FBgn0261963,LOC4817830,1,ortholog_one2one,mid
FBgn0032719,LOC4817012,1,ortholog_one2one,CG17321
FBgn0263232,LOC6903559,0,ortholog_one2one,Nxf3
FBgn0000535,LOC6902148,0,ortholog_many2many,eag
FBgn0260995,LOC26533897,0,ortholog_one2one,dpr21
FBgn0085473,LOC6898274,1,ortholog_one2one,CG34444
FBgn0035800,LOC4813616,1,ortholog_one2one,t-Grip84
FBgn0031848,LOC4816177,1,ortholog_one2one,Nse1
FBgn0035790,LOC4812901,1,ortholog_one2one,Cyp316a1
FBgn0038704,LOC4803259,1,ortholog_one2one,Aptx
FBgn0002736,LOC4805533,1,ortholog_one2one,mago
FBgn0032021,LOC4817404,1,ortholog_one2one,CG7781
FBgn0015772,LOC4816953,1,ortholog_one2one,Nak
FBgn0263911,LOC4813955,1,ortholog_one2one,COX8
FBgn0260439,LOC6902793,1,ortholog_one2one,Pp2A-29B
FBgn0041239,LOC4805263,1,ortholog_one2one,Gr58a
FBgn0259194,LOC4800544,1,ortholog_one2one,Ir94e
FBgn0024913,LOC4811783,1,ortholog_one2one,Actbeta
FBgn0037637,LOC4802628,1,ortholog_one2one,IscU
FBgn0031824,LOC4817856,1,ortholog_one2one,CG9547
FBgn0053129,LOC4811736,1,ortholog_one2one,Tmem214
FBgn0038460,LOC4802083,1,ortholog_one2one,CG18622
FBgn0011481,LOC4803181,1,ortholog_one2one,Ssdp
FBgn0031860,LOC4816254,1,ortholog_one2one,Daao2
FBgn0260634,LOC6897256,1,ortholog_one2one,eIF4G2
FBgn0025578,LOC4804699,1,ortholog_one2one,Lcp9
FBgn0020391,LOC4803629,0,ortholog_one2one,Nrk
FBgn0036090,LOC6900691,1,ortholog_one2many,Cnep1r2
FBgn0036090,LOC6897168,0,ortholog_one2many,Cnep1r2
FBgn0050161,LOC4803427,0,ortholog_one2many,CG30161
FBgn0039313,LOC4802357,1,ortholog_one2one,CG11892
FBgn0033983,LOC6898739,1,ortholog_one2one,Agps
FBgn0031517,LOC4817401,1,ortholog_one2one,CG15406
FBgn0266674,LOC4802249,1,ortholog_one2one,Sec15
FBgn0032084,LOC4816125,1,ortholog_one2one,CG13101
FBgn0085456,LOC6900315,1,ortholog_one2one,CG34427
FBgn0036868,LOC6903020,0,ortholog_one2one,ms(3)76Ba
FBgn0040370,LOC4815338,1,ortholog_one2one,CG13375
FBgn0036889,LOC4812466,1,ortholog_one2one,CG14100
FBgn0037892,LOC4803202,1,ortholog_one2one,mRpL40
FBgn0037884,LOC4803153,1,ortholog_one2one,Arfip
FBgn0031145,LOC4814308,1,ortholog_one2one,Ntf-2
FBgn0032549,LOC6899119,0,ortholog_one2many,CG4650
FBgn0023170,LOC4804312,1,ortholog_one2one,RpL39
FBgn0039261,LOC4802127,1,ortholog_one2one,Ythdf
FBgn0053808,LOC117185637,1,ortholog_one2one,His2A:CG33808
FBgn0010409,LOC4803995,1,ortholog_one2one,RpL18A
FBgn0261804,LOC4817320,0,ortholog_one2one,CG42750
FBgn0035902,LOC4813768,1,ortholog_one2one,CG6683
FBgn0031549,LOC4816829,1,ortholog_one2one,Spindly
FBgn0051816,LOC4817498,1,ortholog_one2one,CG31816
FBgn0039104,LOC6896817,1,ortholog_one2one,CG10252
FBgn0038070,LOC4800876,1,ortholog_one2one,CG6753
FBgn0028903,LOC4816683,1,ortholog_one2one,CG13243
FBgn0024973,LOC4815090,1,ortholog_one2one,CG2701
FBgn0034723,LOC4805208,1,ortholog_one2one,CG13506
FBgn0034842,LOC4803714,1,ortholog_one2one,Prosbeta5R1
FBgn0038590,LOC4802239,1,ortholog_one2one,CG12320
FBgn0083973,LOC6902408,1,ortholog_one2one,dunk
FBgn0039625,LOC4801602,1,ortholog_one2one,beta4GalNAcTB
FBgn0034230,LOC4803938,1,ortholog_one2one,CG4853
FBgn0038617,LOC4801448,1,ortholog_one2many,Wdr37
FBgn0038617,LOC117183243,1,ortholog_one2many,Wdr37
FBgn0029979,LOC4815647,1,ortholog_one2one,mahe
FBgn0037146,LOC4812591,1,ortholog_one2one,P5CS
FBgn0031756,LOC4817876,1,ortholog_one2one,CG13992
FBgn0053288,LOC6900881,1,ortholog_one2one,CG33288
FBgn0261477,LOC4804817,1,ortholog_one2one,slim
FBgn0037942,LOC4802841,1,ortholog_one2one,CG14721
FBgn0036538,LOC4813233,1,ortholog_one2many,CG15715
FBgn0259741,LOC6902194,0,ortholog_many2many,CG42395
FBgn0259741,LOC4802908,0,ortholog_many2many,CG42395
FBgn0259741,LOC6901468,0,ortholog_many2many,CG42395
FBgn0261385,LOC4804903,1,ortholog_one2one,scra
FBgn0051835,LOC4817956,1,ortholog_one2many,CG31835
FBgn0038626,LOC4801441,1,ortholog_one2many,CG7691
FBgn0038626,LOC6901895,0,ortholog_one2many,CG7691
FBgn0045759,LOC6900937,1,ortholog_one2one,bin
FBgn0034290,LOC4804108,1,ortholog_one2one,CG5773
FBgn0266455,LOC26533297,0,ortholog_one2many,CG45080
FBgn0031337,LOC4817629,1,ortholog_one2one,CG14346
FBgn0032857,LOC4816728,1,ortholog_one2one,CG10947
FBgn0038959,LOC4801678,1,ortholog_one2one,CG13856
FBgn0004828,LOC6901557,1,ortholog_one2one,His3.3B
FBgn0031321,LOC4817617,1,ortholog_one2one,Tgt
FBgn0010329,LOC6901962,1,ortholog_one2one,Tbh
FBgn0033110,LOC6898084,1,ortholog_one2one,CG9447
FBgn0265595,LOC4815236,1,ortholog_one2one,CG44422
FBgn0032250,LOC4817825,0,ortholog_one2one,holn1
FBgn0037147,LOC6900209,1,ortholog_one2one,CG7140
FBgn0031437,LOC4816299,1,ortholog_one2one,Arpc5
FBgn0030806,LOC4814204,1,ortholog_one2one,CG13001
FBgn0028940,LOC6901699,0,ortholog_one2one,Cyp28a5
FBgn0034792,LOC4805498,1,ortholog_one2one,YME1L
FBgn0264711,LOC6900539,1,ortholog_one2one,CG43980
FBgn0032025,LOC6903109,1,ortholog_one2one,CG7778
FBgn0026085,LOC4814700,1,ortholog_one2one,dgt4
FBgn0053270,LOC117184652,0,ortholog_many2many,CG33270
FBgn0053270,LOC117184653,0,ortholog_many2many,CG33270
FBgn0264991,LOC26533297,0,ortholog_one2many,CG44142
FBgn0032223,LOC4811654,0,ortholog_one2one,GATAd
FBgn0034245,LOC4804001,1,ortholog_one2one,UQCR-6.4
FBgn0036732,LOC4813129,1,ortholog_one2one,Oatp74D
FBgn0028899,LOC6903115,0,ortholog_one2one,CG31817
FBgn0020912,LOC4800323,1,ortholog_one2one,Ptx1
FBgn0034948,LOC4804287,1,ortholog_one2one,PPP1R15
FBgn0085339,LOC26532983,1,ortholog_one2one,CG34310
FBgn0033750,LOC4805468,1,ortholog_one2one,CG13151
FBgn0039443,LOC4801321,1,ortholog_one2one,TwdlS
FBgn0037130,LOC4813760,1,ortholog_one2one,Syn1
FBgn0038371,LOC4802319,1,ortholog_one2one,Pbp45
FBgn0022986,LOC4805199,1,ortholog_one2one,qkr58E-1
FBgn0050493,LOC4804132,1,ortholog_one2one,Coq9
FBgn0040582,LOC4801074,1,ortholog_one2one,BomBc3
FBgn0032132,LOC4817085,1,ortholog_one2one,CG4382
FBgn0030654,LOC4815594,0,ortholog_one2one,CG15643
FBgn0023496,LOC6902579,1,ortholog_one2one,Lip1
FBgn0029766,LOC6902306,1,ortholog_one2one,CG15784
FBgn0016047,LOC6898783,1,ortholog_one2one,nompA
FBgn0000370,LOC6902604,1,ortholog_one2one,crc
FBgn0040366,LOC117183905,0,ortholog_one2one,CG11398
FBgn0038128,LOC4801386,1,ortholog_one2one,Ravus
FBgn0016034,LOC117183288,0,ortholog_one2many,mael
FBgn0016034,LOC6896659,0,ortholog_one2many,mael
FBgn0016034,LOC117183290,0,ortholog_one2many,mael
FBgn0016034,LOC6899889,0,ortholog_one2many,mael
FBgn0016034,LOC117183289,0,ortholog_one2many,mael
FBgn0016034,LOC6899927,1,ortholog_one2many,mael
FBgn0011674,LOC4804410,1,ortholog_one2one,insc
FBgn0031436,LOC4816548,1,ortholog_one2one,ND-B17.2
FBgn0016054,LOC4817210,1,ortholog_one2one,phr6-4
FBgn0085464,LOC4815482,1,ortholog_one2one,CG34435
FBgn0039467,LOC6897053,1,ortholog_one2one,CG14253
FBgn0016976,LOC6902277,1,ortholog_one2one,stnA
FBgn0032536,LOC6902705,1,ortholog_one2one,Ance-3
FBgn0035060,LOC4804702,1,ortholog_one2one,Eps-15
FBgn0031195,LOC6901882,1,ortholog_one2one,CG17600
FBgn0259729,LOC117183542,1,ortholog_one2one,CG42383
FBgn0038466,LOC4802090,1,ortholog_one2one,CG8907
FBgn0038436,LOC5384072,1,ortholog_one2one,Gyc89Db
FBgn0000326,LOC6898305,0,ortholog_one2one,clt
FBgn0028534,LOC4816357,1,ortholog_one2one,CG7916
FBgn0052441,LOC4812458,1,ortholog_one2one,EMC10
FBgn0000115,LOC4812206,1,ortholog_one2one,Arl1
FBgn0033584,LOC4805641,1,ortholog_one2one,CG7737
FBgn0026090,LOC4815624,0,ortholog_one2one,Lamtor5
FBgn0263351,LOC4801665,1,ortholog_one2one,AP-2mu
FBgn0034745,LOC4804216,1,ortholog_one2one,tous
FBgn0005586,LOC4805325,1,ortholog_one2one,Rab3
FBgn0040358,LOC4815634,1,ortholog_one2one,CG14625
FBgn0035772,LOC4813191,1,ortholog_one2one,Sh3beta
FBgn0035557,LOC4812565,0,ortholog_one2one,CG11353
FBgn0083167,LOC4814659,1,ortholog_one2one,Neb-cGP
FBgn0030578,LOC4813957,0,ortholog_one2many,CG5347
FBgn0010300,LOC26531963,1,ortholog_one2one,brat
FBgn0000259,LOC6901386,1,ortholog_one2one,CkIIbeta
FBgn0263112,LOC6899834,1,ortholog_one2one,Mitf
FBgn0000251,LOC4817103,1,ortholog_one2one,cad
FBgn0039054,LOC4800579,1,ortholog_one2one,Cow
FBgn0039116,LOC4801566,1,ortholog_one2one,CG10375
FBgn0034223,LOC4803929,1,ortholog_one2one,Tes
FBgn0039584,LOC4801312,1,ortholog_one2one,beat-VI
FBgn0051220,LOC117183241,0,ortholog_one2many,CG31220
FBgn0046698,LOC6898836,0,ortholog_one2one,Pp1-Y2
FBgn0036813,LOC4813707,1,ortholog_one2one,Atg3
FBgn0032684,LOC4816902,1,ortholog_one2one,Ugt301D1
FBgn0030398,LOC4815613,1,ortholog_one2one,Cpr11B
FBgn0250910,LOC6896783,1,ortholog_one2one,Octbeta3R
FBgn0037220,LOC4802770,1,ortholog_one2one,CG14641
FBgn0052676,LOC6902158,1,ortholog_one2one,stx
FBgn0036849,LOC4812544,1,ortholog_one2one,CG14079
FBgn0036759,LOC4813181,1,ortholog_one2one,CG5577
FBgn0263110,LOC4812655,0,ortholog_one2one,CG43367
FBgn0000723,LOC4800602,1,ortholog_one2one,FER
FBgn0003067,LOC4804371,1,ortholog_one2one,Pepck1
FBgn0035802,LOC6900400,1,ortholog_one2one,Pura
FBgn0025864,LOC6901591,1,ortholog_one2one,Crag
FBgn0004811,LOC4816184,1,ortholog_one2one,fs(2)ltoPP43
FBgn0263346,LOC6897751,1,ortholog_one2one,smash
FBgn0005778,LOC6898835,0,ortholog_one2one,PpD5
FBgn0032481,LOC4816742,1,ortholog_one2one,CG16972
FBgn0034515,LOC4804640,1,ortholog_one2one,CG13428
FBgn0030486,LOC4814289,1,ortholog_one2one,Set2
FBgn0031314,LOC4817610,1,ortholog_one2one,IntS14
FBgn0015778,LOC6897419,1,ortholog_one2one,rin
FBgn0038588,LOC4803187,1,ortholog_one2one,CG7156
FBgn0261402,LOC26532098,1,ortholog_one2one,Ir75b
FBgn0034198,LOC4805393,1,ortholog_one2one,CG11400
FBgn0085487,LOC6899101,1,ortholog_one2one,CG34458
FBgn0037973,LOC4802582,1,ortholog_one2one,CG18547
FBgn0033582,LOC4805643,1,ortholog_one2one,CG9084
FBgn0008651,LOC4801353,1,ortholog_one2one,lbl
FBgn0038318,LOC4803109,1,ortholog_one2one,CG6236
FBgn0033766,LOC4804763,1,ortholog_one2one,Nup188
FBgn0031554,LOC4817253,1,ortholog_one2one,CG15418
FBgn0051659,LOC4817628,1,ortholog_one2one,CG31659
FBgn0031868,LOC4816261,1,ortholog_one2one,Rat1
FBgn0003301,LOC6901423,1,ortholog_one2one,rut
FBgn0046301,LOC4812834,1,ortholog_one2one,CG7148
FBgn0010398,LOC4816486,1,ortholog_one2one,Lrr47
FBgn0035157,LOC4811945,1,ortholog_one2one,CG13894
FBgn0053510,LOC6903591,1,ortholog_one2one,CG33510
FBgn0039808,LOC6896686,1,ortholog_one2one,CG12071
FBgn0041604,LOC4813260,1,ortholog_one2one,dlp
FBgn0036795,LOC6900822,1,ortholog_one2one,CG18233
FBgn0052354,LOC4813949,1,ortholog_one2one,CG32354
FBgn0039145,LOC6897332,1,ortholog_one2one,CG6000
FBgn0034310,LOC4804158,1,ortholog_one2one,Nup75
FBgn0042173,LOC4804439,0,ortholog_one2many,CG18853
FBgn0004396,LOC4812791,1,ortholog_one2one,CrebA
FBgn0085483,LOC26533319,1,ortholog_one2one,CG34454
FBgn0026176,LOC4805143,0,ortholog_one2one,SkpB
FBgn0000422,LOC4811696,1,ortholog_one2one,Ddc
FBgn0034887,LOC6898515,1,ortholog_one2one,St1
FBgn0032624,LOC6903271,0,ortholog_one2many,CG6304
FBgn0004903,LOC4800743,1,ortholog_one2one,Rb97D
FBgn0011705,LOC6902397,1,ortholog_one2many,rost
FBgn0011705,LOC6898341,0,ortholog_one2many,rost
FBgn0011291,LOC4817400,1,ortholog_one2one,Taf11
FBgn0051296,LOC6898004,0,ortholog_one2many,CG31296
FBgn0051296,LOC4803306,0,ortholog_one2many,CG31296
FBgn0288967,LOC4815206,0,ortholog_one2one,CG10793
FBgn0004449,LOC6903600,1,ortholog_one2one,Ten-m
FBgn0259932,LOC4813911,1,ortholog_one2one,CG42455
FBgn0031559,LOC4817378,1,ortholog_one2one,CG3513
FBgn0036588,LOC6900007,1,ortholog_one2one,CG13068
FBgn0052262,LOC6900624,1,ortholog_one2one,CG32262
FBgn0053052,LOC4813869,1,ortholog_one2one,Gorab
FBgn0001168,LOC4812723,1,ortholog_one2one,hry
FBgn0027945,LOC4813801,1,ortholog_one2one,ppl
FBgn0031109,LOC4815452,1,ortholog_one2one,Obp19a
FBgn0031039,LOC4815792,1,ortholog_one2one,Shawn
FBgn0000464,LOC6902405,0,ortholog_one2one,Lar
FBgn0037388,LOC4801929,1,ortholog_one2one,CG14676
FBgn0034576,LOC4805516,1,ortholog_one2one,ND-B14.7
FBgn0023416,LOC4817810,1,ortholog_one2one,Ac3
FBgn0000042,LOC4814924,1,ortholog_one2one,Act5C
FBgn0037879,LOC26532861,0,ortholog_many2many,scpr-C
FBgn0037879,LOC4803148,1,ortholog_many2many,scpr-C
FBgn0051560,LOC4801888,0,ortholog_one2one,CG31560
FBgn0027107,LOC4814446,1,ortholog_one2one,Inx6
FBgn0262360,LOC117185004,0,ortholog_many2many,CG43058
FBgn0262360,LOC6904066,0,ortholog_many2many,CG43058
FBgn0262360,LOC26533299,0,ortholog_many2many,CG43058
FBgn0262360,LOC6899402,0,ortholog_many2many,CG43058
FBgn0262360,LOC117185072,0,ortholog_many2many,CG43058
FBgn0262360,LOC117185048,0,ortholog_many2many,CG43058
FBgn0262360,LOC6899401,0,ortholog_many2many,CG43058
FBgn0262360,LOC117185065,0,ortholog_many2many,CG43058
FBgn0262360,LOC6901379,0,ortholog_many2many,CG43058
FBgn0262360,LOC6904030,0,ortholog_many2many,CG43058
FBgn0262360,LOC26531981,0,ortholog_many2many,CG43058
FBgn0262360,LOC6897235,0,ortholog_many2many,CG43058
FBgn0262360,LOC4801479,0,ortholog_many2many,CG43058
FBgn0262360,LOC6899502,0,ortholog_many2many,CG43058
FBgn0038950,LOC4801735,1,ortholog_one2one,CG5382
FBgn0003977,LOC4803955,1,ortholog_one2one,vir
FBgn0283509,LOC4804289,1,ortholog_one2one,Phm
FBgn0085271,LOC6900484,1,ortholog_one2one,CG34242
FBgn0034518,LOC4804645,1,ortholog_one2one,CG13430
FBgn0003517,LOC4815617,1,ortholog_one2one,sta
FBgn0030525,LOC6901415,0,ortholog_one2one,CG10996
FBgn0030505,LOC4814200,1,ortholog_one2one,NFAT
FBgn0035380,LOC6903586,0,ortholog_one2one,CG9970
FBgn0030721,LOC4814826,0,ortholog_one2one,CG12698
FBgn0287478,LOC6898777,1,ortholog_one2one,Camta
FBgn0037025,LOC6903119,0,ortholog_one2many,Spc105R
FBgn0037025,LOC6900295,1,ortholog_one2many,Spc105R
FBgn0019925,LOC4800689,1,ortholog_one2one,Surf4
FBgn0040922,LOC6901766,1,ortholog_one2one,CG15036
FBgn0051719,LOC6903895,1,ortholog_one2one,RluA-1
FBgn0268063,LOC4813552,1,ortholog_one2one,ltl
FBgn0039537,LOC4800664,1,ortholog_one2one,Hsdl2
FBgn0019929,LOC4814385,1,ortholog_one2many,Ser7
FBgn0262593,LOC6900092,1,ortholog_one2one,Shab
FBgn0030025,LOC4814377,1,ortholog_one2one,CG2147
FBgn0034938,LOC4803530,1,ortholog_one2one,CG3803
FBgn0003654,LOC4814506,1,ortholog_one2many,sw
FBgn0031213,LOC4817809,1,ortholog_one2one,galectin
FBgn0035166,LOC4812860,1,ortholog_one2one,JMJD5
FBgn0027073,LOC4803762,1,ortholog_one2one,Ugt49B1
FBgn0011659,LOC4803575,1,ortholog_one2one,Mlh1
FBgn0031813,LOC4816232,1,ortholog_one2one,Acox3
FBgn0034519,LOC6898581,1,ortholog_one2one,BORCS7
FBgn0022935,LOC4814118,1,ortholog_one2one,D19A
FBgn0041627,LOC4816448,1,ortholog_one2one,Ku80
FBgn0036595,LOC4812372,1,ortholog_one2one,CG13046
FBgn0051525,LOC4802735,0,ortholog_one2one,CG31525
FBgn0015359,LOC4812793,1,ortholog_one2one,Elp5
FBgn0037514,LOC6897872,1,ortholog_one2one,CG10919
FBgn0036824,LOC4812765,1,ortholog_one2one,CG3902
FBgn0034786,LOC4803865,1,ortholog_one2one,CG13531
FBgn0030208,LOC6901477,1,ortholog_one2one,PPP4R2r
FBgn0262467,LOC4816602,1,ortholog_one2one,Scox
FBgn0069056,LOC6898861,0,ortholog_one2many,CG33226
FBgn0031664,LOC4816520,1,ortholog_one2one,CG8892
FBgn0015591,LOC4800436,1,ortholog_one2one,AstA
FBgn0031684,LOC4817019,1,ortholog_one2one,ND-13A
FBgn0031101,LOC6901571,0,ortholog_one2one,CG1631
FBgn0053296,LOC6902826,1,ortholog_one2many,CG33296
FBgn0035736,LOC6900435,1,ortholog_one2many,Cpr65Eb
FBgn0035736,LOC4816274,0,ortholog_one2many,Cpr65Eb
FBgn0262954,LOC6898494,1,ortholog_one2one,Polr2K
FBgn0250823,LOC4802569,1,ortholog_one2one,gish
FBgn0032050,LOC6899796,1,ortholog_one2one,CG13096
FBgn0267253,LOC4815507,1,ortholog_one2one,CG32700
FBgn0003941,LOC4817721,1,ortholog_one2one,RpL40
FBgn0004892,LOC6902972,1,ortholog_one2one,sob
FBgn0029909,LOC4815820,1,ortholog_one2one,mAChR-C
FBgn0037518,LOC4802981,1,ortholog_one2one,CG2641
FBgn0004510,LOC4800738,1,ortholog_one2one,Ets97D
FBgn0011205,LOC4813971,1,ortholog_one2one,fbl
FBgn0000307,LOC4817485,1,ortholog_one2one,chif
FBgn0035073,LOC4804685,0,ortholog_one2one,CG16896
FBgn0052081,LOC6898243,0,ortholog_one2many,CG32081
FBgn0052081,LOC6900605,1,ortholog_one2many,CG32081
FBgn0025582,LOC4812055,1,ortholog_one2one,eIF3e
FBgn0005619,LOC4804203,1,ortholog_one2one,Hdc
FBgn0030914,LOC4814264,1,ortholog_one2one,CG6106
FBgn0030478,LOC6903956,0,ortholog_one2many,CG1640
FBgn0030478,LOC6902153,1,ortholog_one2many,CG1640
FBgn0036377,LOC4812155,1,ortholog_one2one,CG10710
FBgn0031905,LOC4818032,1,ortholog_one2one,gudu
FBgn0003575,LOC4815951,0,ortholog_one2one,su(sable)
FBgn0053971,LOC26532947,1,ortholog_one2one,Ir62a
FBgn0046323,LOC26533267,0,ortholog_one2one,ORY
FBgn0027615,LOC4813085,1,ortholog_one2one,OXA1L
FBgn0038678,LOC6899370,1,ortholog_one2one,mRpL55
FBgn0261286,LOC4802570,1,ortholog_one2one,Mat89Ba
FBgn0013972,LOC4800498,1,ortholog_one2one,Gycalpha99B
FBgn0025838,LOC4816034,1,ortholog_one2one,CG2652
FBgn0051915,LOC4818107,1,ortholog_one2one,CG31915
FBgn0024294,LOC4803476,1,ortholog_one2one,Spn43Aa
FBgn0032269,LOC4816607,0,ortholog_one2one,w-cup
FBgn0034935,LOC4803527,1,ortholog_one2one,Orcokinin
FBgn0042182,LOC4801709,0,ortholog_one2many,CG18749
FBgn0038454,LOC4802068,1,ortholog_one2one,CG10324
FBgn0000442,LOC4817545,1,ortholog_one2one,Pkg21D
FBgn0020497,LOC4818039,1,ortholog_one2one,emb
FBgn0030973,LOC4814453,1,ortholog_one2one,CG7332
FBgn0052755,LOC6901466,1,ortholog_one2one,CG32755
FBgn0011327,LOC4812103,1,ortholog_one2one,Uch-L5
FBgn0039249,LOC4801383,1,ortholog_one2one,CG11168
FBgn0036781,LOC4813419,1,ortholog_one2one,CG13699
FBgn0033733,LOC4804281,1,ortholog_one2one,CG8834
FBgn0261394,LOC4805509,1,ortholog_one2one,Prosalpha3
FBgn0029821,LOC4814430,1,ortholog_one2one,CG4020
FBgn0052549,LOC6901020,1,ortholog_one2one,Nt5b
FBgn0032907,LOC6903074,1,ortholog_one2one,Nthl1
FBgn0019952,LOC4801717,1,ortholog_one2one,Orct
FBgn0040363,LOC4815963,1,ortholog_one2one,CG11384
FBgn0266000,LOC4815219,1,ortholog_one2one,CG44774
FBgn0045862,LOC4800671,1,ortholog_one2one,btz
FBgn0039272,LOC4802120,0,ortholog_one2one,CG11836
FBgn0035247,LOC4812324,1,ortholog_one2one,Mettl2
FBgn0041582,LOC4804328,1,ortholog_one2one,tamo
FBgn0039644,LOC6896759,1,ortholog_one2one,rdog
FBgn0086784,LOC4805071,1,ortholog_one2one,stmA
FBgn0030904,LOC4814413,1,ortholog_one2one,upd2
FBgn0037988,LOC6897659,1,ortholog_one2one,CG14740
FBgn0030178,LOC4814332,1,ortholog_one2one,Naxe
FBgn0036180,LOC4812914,1,ortholog_one2one,Duba
FBgn0051660,LOC4816810,1,ortholog_one2one,smog
FBgn0032054,LOC4817985,1,ortholog_one2one,Uba4
FBgn0027558,LOC4803469,1,ortholog_one2one,Pgant3
FBgn0015247,LOC4805563,1,ortholog_one2one,Diap2
FBgn0038579,LOC4803180,1,ortholog_one2one,CG14313
FBgn0037218,LOC4802772,1,ortholog_one2one,aux
FBgn0039241,LOC4801289,1,ortholog_one2one,CG11089
FBgn0032796,LOC4816286,1,ortholog_one2one,cyst
FBgn0026374,LOC4811677,0,ortholog_one2one,Rhp
FBgn0052365,LOC6899987,1,ortholog_one2one,CG32365
FBgn0286786,LOC4817208,1,ortholog_one2one,hoip
FBgn0028943,LOC6899288,1,ortholog_one2one,CG15638
FBgn0264075,LOC4803031,1,ortholog_one2one,tgo
FBgn0034897,LOC4804524,1,ortholog_one2one,Sesn
FBgn0033397,LOC6898503,1,ortholog_many2many,Cyp4p3
FBgn0033397,LOC6898502,1,ortholog_many2many,Cyp4p3
FBgn0033397,LOC6898504,1,ortholog_many2many,Cyp4p3
FBgn0262126,LOC6902935,1,ortholog_one2one,Sec24CD
FBgn0031639,LOC4816962,1,ortholog_one2one,mRpS2
FBgn0039270,LOC117184773,0,ortholog_one2one,PQBP1
FBgn0023515,LOC4814815,1,ortholog_one2one,Gcna
FBgn0038219,LOC4801613,1,ortholog_one2one,CG14839
FBgn0015625,LOC6903030,0,ortholog_one2many,CycB3
FBgn0015625,LOC4800363,1,ortholog_one2many,CycB3
FBgn0028494,LOC4804663,1,ortholog_one2one,CG6424
FBgn0037625,LOC4803013,1,ortholog_one2one,CG11768
FBgn0035909,LOC6900947,0,ortholog_one2one,ergic53
FBgn0051116,LOC4802832,1,ortholog_one2one,ClC-a
FBgn0020238,LOC4802241,1,ortholog_one2one,14-3-3epsilon
FBgn0037144,LOC4812359,1,ortholog_one2one,CG7458
FBgn0040514,LOC6901175,1,ortholog_one2one,CG17169
FBgn0037239,LOC6897777,1,ortholog_one2many,Sfxn1-3
FBgn0037239,LOC26532481,0,ortholog_one2many,Sfxn1-3
FBgn0038515,LOC4801194,1,ortholog_one2one,CG5823
FBgn0004373,LOC4812028,1,ortholog_one2one,fwd
FBgn0037956,LOC4802799,1,ortholog_one2one,CG6959
FBgn0085217,LOC26533367,1,ortholog_one2one,CG34188
FBgn0039151,LOC4801770,1,ortholog_one2one,CG13607
FBgn0027565,LOC4813973,1,ortholog_one2one,CG5498
FBgn0051077,LOC6897056,0,ortholog_one2one,CG31077
FBgn0020305,LOC4817296,1,ortholog_one2one,dbe
FBgn0262515,LOC4804501,1,ortholog_one2one,VhaAC45
FBgn0037897,LOC6903076,0,ortholog_one2one,Sptz
FBgn0010316,LOC4805129,1,ortholog_one2one,dap
FBgn0032001,LOC4816954,1,ortholog_one2one,CG8360
FBgn0032480,LOC4816743,1,ortholog_one2one,Edem2
FBgn0034126,LOC4803792,1,ortholog_one2one,jtb
FBgn0052791,LOC6901640,1,ortholog_one2one,DIP-alpha
FBgn0022774,LOC4812519,1,ortholog_one2one,Oat
FBgn0051976,LOC4817728,1,ortholog_one2one,ovm
FBgn0053276,LOC6900402,1,ortholog_one2one,Urm1
FBgn0037074,LOC6900879,1,ortholog_one2one,Tbc1d8-9
FBgn0002431,LOC6897462,0,ortholog_one2one,hyd
FBgn0031214,LOC4817757,1,ortholog_one2one,CG11374
FBgn0032006,LOC4817334,1,ortholog_one2one,Pvr
FBgn0026395,LOC4816660,1,ortholog_one2one,Or23a
FBgn0037375,LOC6897443,1,ortholog_one2one,kat-60L1
FBgn0051869,LOC4816678,1,ortholog_one2one,CG31869
FBgn0025726,LOC6899862,1,ortholog_one2one,unc-13
FBgn0047178,LOC4813326,1,ortholog_one2one,CG32147
FBgn0037662,LOC4802727,1,ortholog_one2one,CG11997
FBgn0050382,LOC4804438,0,ortholog_one2many,Prosalpha1R
FBgn0086706,LOC4813987,1,ortholog_one2one,pix
FBgn0032725,LOC4817338,1,ortholog_one2one,Nedd8
FBgn0050446,LOC4803426,1,ortholog_one2one,Tdc2
FBgn0035023,LOC4805454,1,ortholog_one2one,ITP
FBgn0261064,LOC4816881,1,ortholog_one2one,Rbsn-5
FBgn0083984,LOC6896977,1,ortholog_one2one,CG34148
FBgn0001565,LOC4815773,1,ortholog_one2one,Ddx56
FBgn0033903,LOC4805292,0,ortholog_one2one,CG8323
FBgn0036877,LOC6900262,1,ortholog_one2one,CG9452
FBgn0001297,LOC4800996,1,ortholog_one2one,kay
FBgn0036361,LOC6900213,1,ortholog_one2one,CG10154
FBgn0038316,LOC6897923,1,ortholog_one2one,CG6276
FBgn0032827,LOC4816609,1,ortholog_one2one,CG10481
FBgn0036668,LOC6900150,1,ortholog_one2one,Zcchc7
FBgn0043069,LOC4802084,1,ortholog_one2many,MESK4
FBgn0051612,LOC4818179,1,ortholog_one2one,CG31612
FBgn0034446,LOC6903884,1,ortholog_one2one,Arl6
FBgn0051005,LOC4800711,1,ortholog_one2one,qless
FBgn0039448,LOC4801329,1,ortholog_one2one,TwdlQ
FBgn0033842,LOC4804382,1,ortholog_one2one,cbc
FBgn0037531,LOC4802019,1,ortholog_one2one,CG10445
FBgn0032688,LOC4817463,1,ortholog_one2one,CG15160
FBgn0030992,LOC6901614,1,ortholog_one2one,CG33253
FBgn0085322,LOC6897075,1,ortholog_one2one,CG34293
FBgn0038462,LOC4802085,1,ortholog_one2many,EMC2A
FBgn0030336,LOC4815352,1,ortholog_one2one,CG1578
FBgn0002069,LOC4805197,1,ortholog_one2one,AspRS
FBgn0263598,LOC6902470,1,ortholog_one2one,Vha68-2
FBgn0051266,LOC4800763,1,ortholog_one2one,CG31266
FBgn0031874,LOC4816123,1,ortholog_one2one,CG13775
FBgn0267689,LOC4817005,0,ortholog_one2one,CG46025
FBgn0029658,LOC6903582,0,ortholog_one2one,CG14269
FBgn0040513,LOC6903879,0,ortholog_one2one,kappaB-Ras
FBgn0038105,LOC6897182,0,ortholog_one2many,yellow-f2
FBgn0032221,LOC26532178,0,ortholog_one2one,Schip1
FBgn0032299,LOC4816563,1,ortholog_one2one,CG17127
FBgn0287213,LOC26532934,1,ortholog_one2one,CG46443
FBgn0037594,LOC4802641,1,ortholog_one2one,Or85d
FBgn0040351,LOC4815871,1,ortholog_one2one,CG11638
FBgn0051950,LOC4816640,1,ortholog_one2one,Sbat
FBgn0025839,LOC4815947,1,ortholog_one2one,ND-B14.5A
FBgn0022724,LOC4815088,1,ortholog_one2one,Taf8
FBgn0051516,LOC4802773,1,ortholog_one2one,CG31516
FBgn0029831,LOC4815389,1,ortholog_one2one,CG5966
FBgn0003091,LOC4804183,1,ortholog_one2one,Pkc53E
FBgn0261803,LOC4815610,1,ortholog_one2one,CG42749
FBgn0004588,LOC6900339,0,ortholog_many2many,Eig71Ea
FBgn0004588,LOC4813572,0,ortholog_many2many,Eig71Ea
FBgn0032013,LOC4817411,1,ortholog_one2one,Scgalpha
FBgn0024187,LOC4812552,1,ortholog_one2one,syd
FBgn0024277,LOC6900190,1,ortholog_one2one,trio
FBgn0032775,LOC4816597,1,ortholog_one2one,CG17544
FBgn0030675,LOC4815840,1,ortholog_one2one,CG8191
FBgn0034114,LOC4803803,1,ortholog_one2one,CG4282
FBgn0001989,LOC4816734,1,ortholog_one2one,ND-B17
FBgn0031041,LOC6902132,1,ortholog_one2one,Pstk
FBgn0010397,LOC4803963,1,ortholog_one2one,LamC
FBgn0038890,LOC4801217,0,ortholog_one2one,sp3
FBgn0038361,LOC4802543,1,ortholog_one2one,Uros2
FBgn0032154,LOC4817443,1,ortholog_one2one,mtDNA-helicase
FBgn0053159,LOC26533666,1,ortholog_one2one,CG33159
FBgn0029717,LOC4803824,0,ortholog_one2many,CG12684
FBgn0031453,LOC6902537,1,ortholog_one2one,Bacc
FBgn0036225,LOC4813087,1,ortholog_one2one,CG5883
FBgn0017430,LOC4812734,1,ortholog_one2one,Nelf-E
FBgn0036662,LOC4812293,1,ortholog_one2one,CG9706
FBgn0005775,LOC6900072,1,ortholog_one2one,Con
FBgn0040230,LOC4813272,1,ortholog_one2one,dbo
FBgn0011284,LOC4813070,1,ortholog_one2one,RpS4
FBgn0030873,LOC4815252,1,ortholog_one2one,CG15814
FBgn0030938,LOC4814372,1,ortholog_one2one,CG15047
FBgn0027611,LOC26532411,1,ortholog_one2one,LManII
FBgn0010382,LOC4816733,1,ortholog_one2one,CycE
FBgn0085386,LOC4802304,1,ortholog_one2one,CG34357
FBgn0039719,LOC4800284,1,ortholog_one2one,CG15515
FBgn0263391,LOC4803659,1,ortholog_one2one,hts
FBgn0039006,LOC4800945,1,ortholog_one2one,Cyp6d4
FBgn0051121,LOC4801288,1,ortholog_one2one,CG31121
FBgn0015574,LOC6897864,1,ortholog_one2one,alpha-Est6
FBgn0028841,LOC4817490,1,ortholog_one2one,jhamt
FBgn0039184,LOC4802165,1,ortholog_one2one,CG6432
FBgn0054005,LOC6898368,1,ortholog_one2one,CG34005
FBgn0033888,LOC4804879,1,ortholog_one2one,CG18568
FBgn0034500,LOC4804600,1,ortholog_one2one,CG11200
FBgn0035043,LOC4805432,0,ortholog_one2one,CG4781
FBgn0261294,LOC6896947,0,ortholog_one2one,CheB74a
FBgn0038888,LOC4800868,0,ortholog_one2many,CheB93a
FBgn0036887,LOC4812245,1,ortholog_one2one,CG9231
FBgn0033362,LOC4804771,1,ortholog_one2one,CG8172
FBgn0051706,LOC4817167,1,ortholog_one2one,CG31706
FBgn0039189,LOC6897486,1,ortholog_one2one,CG18528
FBgn0043806,LOC4814044,1,ortholog_one2one,CG32032
FBgn0085400,LOC6898201,1,ortholog_one2one,side-V
FBgn0034893,LOC4804530,1,ortholog_one2one,mRpL43
FBgn0288731,LOC4815815,0,ortholog_one2many,CG46506
FBgn0015380,LOC4816685,1,ortholog_one2one,drl
FBgn0036670,LOC4802659,0,ortholog_one2many,CG13029
FBgn0000092,LOC4815382,0,ortholog_one2one,dyw
FBgn0003326,LOC4805186,1,ortholog_one2one,sca
FBgn0024238,LOC4815217,1,ortholog_one2one,Fim
FBgn0016013,LOC4813252,1,ortholog_one2one,Faa
FBgn0030693,LOC6903619,0,ortholog_one2many,sordd1
FBgn0010241,LOC4805482,1,ortholog_one2one,Mdr50
FBgn0031081,LOC4814508,1,ortholog_one2one,Nep3
FBgn0010602,LOC4817068,1,ortholog_one2many,lwr
FBgn0010602,LOC6902813,0,ortholog_one2many,lwr
FBgn0259224,LOC6900187,1,ortholog_one2one,CG42324
FBgn0004391,LOC4815122,1,ortholog_one2one,shtd
FBgn0035779,LOC4813564,1,ortholog_one2one,CG8562
FBgn0025390,LOC6902079,1,ortholog_one2one,Mur2B
FBgn0037924,LOC4802373,1,ortholog_one2one,CG14712
FBgn0031220,LOC4817719,1,ortholog_one2one,CG4822
FBgn0035588,LOC4814162,1,ortholog_one2one,Dhrs4
FBgn0036117,LOC4812837,1,ortholog_one2one,CG6321
FBgn0052719,LOC6897514,0,ortholog_one2one,CG32719
FBgn0047114,LOC4801737,1,ortholog_one2one,CG31142
FBgn0038672,LOC4801841,1,ortholog_one2one,CG6005
FBgn0051008,LOC4800330,1,ortholog_one2one,CG31008
FBgn0259213,LOC6903470,1,ortholog_one2one,side-II
FBgn0003943,LOC13036391,1,ortholog_one2one,Ubi-p63E
FBgn0261624,LOC4814986,1,ortholog_one2one,I-3
FBgn0037650,LOC6896782,0,ortholog_one2one,CG11977
FBgn0083983,LOC6898894,1,ortholog_one2one,mRpL34
FBgn0032362,LOC4816823,1,ortholog_one2one,spz4
FBgn0260942,LOC4800612,1,ortholog_one2one,bond
FBgn0250789,LOC4812090,1,ortholog_one2one,alpha-Spec
FBgn0034166,LOC4804181,1,ortholog_one2one,CG6472
FBgn0030679,LOC4815041,0,ortholog_one2one,CG8206
FBgn0033294,LOC6898151,1,ortholog_one2one,Mal-A4
FBgn0261697,LOC26533928,1,ortholog_one2one,tctn
FBgn0264746,LOC26533006,1,ortholog_one2many,CG44004
FBgn0038925,LOC4801962,0,ortholog_one2one,Cchl
FBgn0005561,LOC6899859,0,ortholog_one2one,sv
FBgn0035546,LOC6900044,1,ortholog_one2one,CG11345
FBgn0034996,LOC4805623,1,ortholog_one2one,CG13575
FBgn0039212,LOC4802538,0,ortholog_one2one,Syx18
FBgn0086446,LOC4811698,1,ortholog_one2one,DCTN6-p27
FBgn0034301,LOC6898371,1,ortholog_one2one,CG5756
FBgn0085377,LOC4814210,0,ortholog_one2one,CG34348
FBgn0032444,LOC4816499,1,ortholog_one2one,CCT4
FBgn0261112,LOC4813146,1,ortholog_one2one,APP-BP1
FBgn0023171,LOC4805002,1,ortholog_one2one,rnh1
FBgn0039053,LOC4800580,1,ortholog_one2many,CG6738
FBgn0038390,LOC4802337,1,ortholog_one2one,Rbf2
FBgn0013718,LOC6900625,1,ortholog_one2one,nuf
FBgn0003969,LOC26534030,0,ortholog_one2one,vap
FBgn0085488,LOC26533905,1,ortholog_one2one,CG34459
FBgn0037279,LOC4802517,1,ortholog_one2one,Gmppb
FBgn0038275,LOC4802388,1,ortholog_one2one,CG3817
FBgn0045497,LOC4817517,1,ortholog_one2one,Gr22e
FBgn0003525,LOC4800469,1,ortholog_one2one,stg
FBgn0035666,LOC4813497,1,ortholog_one2one,Jon65Aii
FBgn0036791,LOC4813126,1,ortholog_one2many,CG7271
FBgn0037092,LOC4813962,1,ortholog_one2one,M6
FBgn0024189,LOC4805074,1,ortholog_one2one,sns
FBgn0039149,LOC4801768,1,ortholog_one2one,CG18428
FBgn0264744,LOC4814724,0,ortholog_one2many,CG44002
FBgn0039273,LOC6904087,1,ortholog_one2one,shams
FBgn0000100,LOC4812415,1,ortholog_one2one,RpLP0
FBgn0038649,LOC4801336,1,ortholog_one2one,PGS1
FBgn0040842,LOC4814053,1,ortholog_one2one,CG15212
FBgn0038239,LOC4801726,1,ortholog_one2one,Jig
FBgn0053881,LOC26532710,0,ortholog_one2many,His4:CG33881
FBgn0031082,LOC6901295,0,ortholog_one2one,lky
FBgn0011270,LOC4802611,1,ortholog_one2one,Pglym87
FBgn0034066,LOC4805476,1,ortholog_one2one,EMC7
FBgn0033982,LOC4804981,1,ortholog_one2one,Cyp317a1
FBgn0010434,LOC4804607,1,ortholog_one2one,cora
FBgn0036214,LOC4812561,0,ortholog_one2one,CG7264
FBgn0035113,LOC4812573,1,ortholog_one2one,pyx
FBgn0051710,LOC6902785,1,ortholog_one2one,CG31710
FBgn0043458,LOC4814071,1,ortholog_one2one,CG12084
FBgn0260798,LOC26533805,0,ortholog_one2one,Gprk1
FBgn0034534,LOC4804427,1,ortholog_one2one,maf-S
FBgn0052176,LOC4812777,1,ortholog_one2one,CG32176
FBgn0036614,LOC4812399,1,ortholog_one2one,Golgin104
FBgn0039028,LOC4800920,1,ortholog_one2one,CG13840
FBgn0037317,LOC6897613,1,ortholog_one2one,CG14667
FBgn0038546,LOC4802864,1,ortholog_one2one,CG7379
FBgn0085212,LOC6902781,1,ortholog_one2one,CG34183
FBgn0033599,LOC4804735,1,ortholog_one2one,CG13223
FBgn0085485,LOC6901000,1,ortholog_one2one,CG34456
FBgn0033323,LOC4805062,1,ortholog_one2many,CG12376
FBgn0040519,LOC4818033,0,ortholog_one2one,CG15219
FBgn0032506,LOC4817953,1,ortholog_one2one,CG9395
FBgn0034191,LOC4805387,1,ortholog_one2one,CG6984
FBgn0267429,LOC6897476,0,ortholog_one2one,lovit
FBgn0039771,LOC4800387,1,ortholog_one2one,Osi23
FBgn0002306,LOC6897851,1,ortholog_one2one,sas
FBgn0261279,LOC4801673,1,ortholog_one2one,lqfR
FBgn0031322,LOC4817618,1,ortholog_one2one,CG5001
FBgn0033527,LOC4805337,1,ortholog_one2one,CG11777
FBgn0038653,LOC4801825,1,ortholog_one2one,Octalpha2R
FBgn0052064,LOC4813116,1,ortholog_one2one,S-Lap4
FBgn0261291,LOC6897267,0,ortholog_one2one,CheA86a
FBgn0039616,LOC6897273,1,ortholog_one2one,CG11828
FBgn0025879,LOC4801043,1,ortholog_one2one,Timp
FBgn0027528,LOC4815660,1,ortholog_one2one,goe
FBgn0028901,LOC6902669,0,ortholog_one2one,t-Grip91
FBgn0030056,LOC4814872,1,ortholog_one2one,CAH3
FBgn0288469,LOC4813141,1,ortholog_one2one,Pex23
FBgn0033127,LOC4803458,1,ortholog_one2one,Tsp42Ef
FBgn0039972,LOC4816434,0,ortholog_one2one,Marf1
FBgn0029664,LOC4815900,1,ortholog_one2one,CG10802
FBgn0052442,LOC4813958,1,ortholog_one2one,Arv1
FBgn0029890,LOC4815973,1,ortholog_one2one,Fum2
FBgn0027082,LOC4814106,1,ortholog_one2one,ProRS-m
FBgn0035786,LOC4813842,1,ortholog_one2one,Tsp66A
FBgn0032664,LOC4811770,0,ortholog_one2many,Slc25A46b
FBgn0000810,LOC4815790,1,ortholog_one2one,fs(1)K10
FBgn0052708,LOC4815815,0,ortholog_one2many,CG32708
FBgn0052301,LOC4813884,1,ortholog_one2many,CG32301
FBgn0289556,LOC4805072,1,ortholog_one2one,blo
FBgn0002633,LOC4802206,1,ortholog_one2one,E(spl)m7-HLH
FBgn0040477,LOC4804383,1,ortholog_one2one,cid
FBgn0036556,LOC4812598,1,ortholog_one2one,hzg
FBgn0033597,LOC4804731,1,ortholog_one2one,Cpr47Ea
FBgn0028474,LOC6901184,1,ortholog_one2one,CG4119
FBgn0010590,LOC4805474,1,ortholog_one2one,Prosbeta1
FBgn0002772,LOC4800662,1,ortholog_one2one,Mlc1
FBgn0051030,LOC4800412,1,ortholog_one2one,VhaAC45RP
FBgn0052260,LOC4812643,1,ortholog_one2one,CG32260
FBgn0029661,LOC6902237,0,ortholog_one2one,CG16781
FBgn0031428,LOC4816275,1,ortholog_one2one,CG9886
FBgn0085424,LOC4816891,1,ortholog_one2one,nub
FBgn0260760,LOC6896710,1,ortholog_one2one,CG42558
FBgn0261461,LOC6901742,0,ortholog_one2one,RhoGAP18B
FBgn0030460,LOC4814546,1,ortholog_one2one,Coq5
FBgn0038038,LOC26533820,1,ortholog_one2one,CG5167
FBgn0267849,LOC4813992,0,ortholog_one2one,Syx7
FBgn0030344,LOC4815616,0,ortholog_one2many,Nrd1
FBgn0030344,LOC6902692,0,ortholog_one2many,Nrd1
FBgn0030344,LOC6902687,0,ortholog_one2many,Nrd1
FBgn0030344,LOC6902220,0,ortholog_one2many,Nrd1
FBgn0034898,LOC4804525,1,ortholog_one2one,CG18128
FBgn0036928,LOC6903678,1,ortholog_one2one,Tom20
FBgn0024291,LOC4816584,1,ortholog_one2one,Sirt1
FBgn0036565,LOC4811772,0,ortholog_one2one,CG5235
FBgn0032997,LOC6899750,0,ortholog_one2one,CG17486
FBgn0039030,LOC117185018,1,ortholog_one2one,CG6660
FBgn0034535,LOC4804426,1,ortholog_one2one,CG11110
FBgn0037290,LOC4802505,1,ortholog_one2one,Jhbp1
FBgn0262111,LOC4814581,0,ortholog_one2one,f
FBgn0038385,LOC4802330,1,ortholog_one2one,Fbxl7
FBgn0033945,LOC4803969,1,ortholog_one2many,CG12868
FBgn0033945,LOC117183162,1,ortholog_one2many,CG12868
FBgn0010217,LOC4811700,1,ortholog_one2one,ATPsynbeta
FBgn0036292,LOC4812754,1,ortholog_one2one,CG10646
FBgn0035206,LOC4812436,1,ortholog_one2one,sturkopf
FBgn0028704,LOC4816903,0,ortholog_one2one,Nckx30C
FBgn0025637,LOC117183193,1,ortholog_many2many,SkpA
FBgn0025637,LOC4811669,0,ortholog_many2many,SkpA
FBgn0025637,LOC6896928,0,ortholog_many2many,SkpA
FBgn0025637,LOC6899915,0,ortholog_many2many,SkpA
FBgn0025637,LOC6899917,0,ortholog_many2many,SkpA
FBgn0025637,LOC6899916,0,ortholog_many2many,SkpA
FBgn0025637,LOC117184947,0,ortholog_many2many,SkpA
FBgn0025637,LOC6899792,1,ortholog_many2many,SkpA
FBgn0025637,LOC26533389,0,ortholog_many2many,SkpA
FBgn0025637,LOC6899918,0,ortholog_many2many,SkpA
FBgn0085425,LOC6898994,1,ortholog_one2one,CG34396
FBgn0051777,LOC4817462,1,ortholog_one2one,CG31777
FBgn0261119,LOC4804819,1,ortholog_one2one,Prp19
FBgn0029922,LOC26533195,1,ortholog_one2one,CG14431
FBgn0265002,LOC4817281,0,ortholog_one2one,CG44153
FBgn0033063,LOC4805567,1,ortholog_one2one,CG14589
FBgn0036922,LOC4813655,1,ortholog_one2one,CG14182
FBgn0260775,LOC6903448,0,ortholog_one2one,DnaJ-60
FBgn0019686,LOC4816397,1,ortholog_one2one,lok
FBgn0014127,LOC6902615,0,ortholog_one2many,barr
FBgn0014127,LOC6902613,0,ortholog_one2many,barr
FBgn0014127,LOC117184265,1,ortholog_one2many,barr
FBgn0014127,LOC6903865,0,ortholog_one2many,barr
FBgn0014127,LOC4816365,1,ortholog_one2many,barr
FBgn0014127,LOC117184562,0,ortholog_one2many,barr
FBgn0014127,LOC6901757,0,ortholog_one2many,barr
FBgn0250757,LOC4802223,1,ortholog_one2one,kumpel
FBgn0053688,LOC6899999,1,ortholog_one2many,CG33688
FBgn0266433,LOC4804463,0,ortholog_many2many,CG45063
FBgn0266433,LOC26533547,1,ortholog_many2many,CG45063
FBgn0033485,LOC4804560,1,ortholog_one2one,RpLP0-like
FBgn0023489,LOC4816982,1,ortholog_one2one,Pph13
FBgn0010197,LOC6903027,1,ortholog_one2one,Gyc32E
FBgn0033405,LOC4804516,1,ortholog_one2one,CG13954
FBgn0034196,LOC4805391,1,ortholog_one2one,CG15605
FBgn0031883,LOC4818088,1,ortholog_one2one,Caper
FBgn0002284,LOC4812557,1,ortholog_one2one,Prosbeta6
FBgn0038796,LOC4801862,1,ortholog_one2one,eIF3g2
FBgn0265269,LOC4817760,1,ortholog_one2one,CG15425
FBgn0030345,LOC4814582,1,ortholog_one2one,CG1847
FBgn0031174,LOC4814690,1,ortholog_one2one,CG1486
FBgn0026141,LOC6903188,1,ortholog_one2one,Cdlc2
FBgn0003514,LOC4815234,1,ortholog_one2one,sqh
FBgn0050046,LOC4803668,1,ortholog_one2one,CG30046
FBgn0031811,LOC4816235,1,ortholog_one2one,CG13982
FBgn0265597,LOC6901093,0,ortholog_one2one,rsh
FBgn0036979,LOC4813976,1,ortholog_one2one,CG13247
FBgn0035754,LOC4812946,1,ortholog_one2one,MED4
FBgn0037772,LOC6896914,1,ortholog_one2one,Spn85F
FBgn0028970,LOC4816737,1,ortholog_one2one,RabGGTb
FBgn0017577,LOC4802111,1,ortholog_one2one,Mcm5
FBgn0030456,LOC4814458,1,ortholog_one2one,CG4332
FBgn0285955,LOC4801949,1,ortholog_one2one,cv-c
FBgn0053116,LOC4818055,1,ortholog_one2one,CG33116
FBgn0031036,LOC4815408,1,ortholog_one2one,CG14220
FBgn0024963,LOC4803280,1,ortholog_one2one,GluClalpha
FBgn0284442,LOC4815244,1,ortholog_one2one,Mcm3
FBgn0036219,LOC4813066,1,ortholog_one2one,CCDC151
FBgn0020506,LOC4805687,1,ortholog_one2one,Amyrel
FBgn0051860,LOC4817346,1,ortholog_one2one,ZnT33D
FBgn0039890,LOC4811779,1,ortholog_one2one,Abcd1
FBgn0030161,LOC4814327,1,ortholog_one2one,CG15249
FBgn0036498,LOC26534170,1,ortholog_one2one,CG13455
FBgn0038498,LOC6897107,1,ortholog_one2one,beat-IIa
FBgn0261991,LOC4818145,1,ortholog_one2many,CG42809
FBgn0032652,LOC4817670,1,ortholog_one2one,CG6870
FBgn0031766,LOC4818158,1,ortholog_one2one,CG9117
FBgn0029860,LOC4814347,1,ortholog_one2one,CG15891
FBgn0028955,LOC4805504,0,ortholog_one2one,CG8788
FBgn0038897,LOC4800955,1,ortholog_one2one,CG5849
FBgn0034605,LOC4803763,1,ortholog_one2one,Ugt49C1
FBgn0270924,LOC4816867,1,ortholog_one2one,zf30C
FBgn0039277,LOC4811821,1,ortholog_one2one,Nepl16
FBgn0031762,LOC4817868,1,ortholog_one2one,CG9098
FBgn0035001,LOC4805614,1,ortholog_one2one,Slik
FBgn0039817,LOC4800337,1,ortholog_one2one,CG15553
FBgn0283535,LOC4802648,0,ortholog_one2one,Vha26
FBgn0052383,LOC117184397,0,ortholog_one2many,sphinx1
FBgn0034295,LOC4804111,1,ortholog_one2one,CG10911
FBgn0038366,LOC4802462,1,ortholog_one2one,CG4576
FBgn0024244,LOC4817188,1,ortholog_one2one,drm
FBgn0087002,LOC4811782,0,ortholog_one2one,apolpp
FBgn0050496,LOC4804133,1,ortholog_one2one,CG30496
FBgn0037108,LOC4811926,0,ortholog_one2one,Alg11
FBgn0039868,LOC4801982,1,ortholog_one2one,CG11563
FBgn0264699,LOC117184614,0,ortholog_one2one,CG43968
FBgn0041245,LOC4816629,1,ortholog_one2one,Gr39b
FBgn0033089,LOC4803424,1,ortholog_one2one,CG17266
FBgn0032017,LOC4816839,1,ortholog_one2one,CG7810
FBgn0037590,LOC4802639,1,ortholog_one2one,Or85b
FBgn0027106,LOC4815318,1,ortholog_one2one,Inx7
FBgn0028926,LOC4818082,1,ortholog_one2one,NC2beta
FBgn0027494,LOC4815470,0,ortholog_one2many,RpS10a
FBgn0029712,LOC4815125,0,ortholog_one2one,CG15912
FBgn0011272,LOC4816884,1,ortholog_one2one,RpL13
FBgn0033579,LOC4805648,0,ortholog_one2one,CG13229
FBgn0028853,LOC4816495,1,ortholog_one2one,CG15263
FBgn0011591,LOC4813082,0,ortholog_one2one,fng
FBgn0038830,LOC4801556,0,ortholog_one2one,CG17272
FBgn0035213,LOC6902491,0,ortholog_one2many,indra
FBgn0035213,LOC6901075,0,ortholog_one2many,indra
FBgn0032474,LOC4816439,1,ortholog_one2one,DnaJ-H
FBgn0036729,LOC4813792,1,ortholog_one2one,CG13733
FBgn0000346,LOC6901871,1,ortholog_one2one,comt
FBgn0033337,LOC4805078,1,ortholog_one2one,CG8272
FBgn0033031,LOC4816337,0,ortholog_one2one,CG8245
FBgn0288732,LOC4815815,0,ortholog_one2many,CG46507
FBgn0037667,LOC117183283,0,ortholog_one2many,CG16734
FBgn0037667,LOC4800359,1,ortholog_one2many,CG16734
FBgn0037667,LOC117183281,1,ortholog_one2many,CG16734
FBgn0004893,LOC4817474,1,ortholog_one2one,bowl
FBgn0030271,LOC4814727,1,ortholog_one2one,CG15202
FBgn0288743,LOC4815815,0,ortholog_one2many,CG46518
FBgn0261238,LOC6897843,1,ortholog_one2one,Alh
FBgn0020389,LOC4813425,1,ortholog_one2one,Papss
FBgn0029647,LOC4814606,1,ortholog_one2one,CG17959
FBgn0250791,LOC4813010,1,ortholog_one2one,alphaSnap
FBgn0035504,LOC4812650,1,ortholog_one2one,Teh4
FBgn0053725,LOC6897761,0,ortholog_one2many,CG33725
FBgn0053725,LOC6897749,0,ortholog_one2many,CG33725
FBgn0010173,LOC4801711,1,ortholog_one2one,RPA1
FBgn0030502,LOC4814216,0,ortholog_one2one,tth
FBgn0035026,LOC4805450,1,ortholog_one2one,Fcp1
FBgn0040009,LOC13036511,0,ortholog_one2one,CG17490
FBgn0041195,LOC117184847,0,ortholog_one2many,Pkd2
FBgn0041195,LOC6902991,1,ortholog_one2many,Pkd2
FBgn0041195,LOC6901828,0,ortholog_one2many,Pkd2
FBgn0041195,LOC6901827,0,ortholog_one2many,Pkd2
FBgn0041195,LOC6899845,0,ortholog_one2many,Pkd2
FBgn0041195,LOC6901191,0,ortholog_one2many,Pkd2
FBgn0037122,LOC4813058,1,ortholog_one2one,CG14570
FBgn0027074,LOC4816869,1,ortholog_one2one,Ugt36F1
FBgn0050441,LOC4803328,1,ortholog_one2one,IFT20
FBgn0261535,LOC4816547,1,ortholog_one2one,l(2)34Fd
FBgn0033716,LOC4803663,0,ortholog_one2one,Den1
FBgn0053245,LOC6899057,0,ortholog_one2many,Ste:CG33245
FBgn0000158,LOC4803214,1,ortholog_one2one,bam
FBgn0039788,LOC6897158,0,ortholog_one2one,Rpt6R
FBgn0030510,LOC4815396,1,ortholog_one2many,CG12177
FBgn0030510,LOC6899165,0,ortholog_one2many,CG12177
FBgn0033913,LOC4805477,1,ortholog_one2one,CG8468
FBgn0027795,LOC4815887,1,ortholog_one2one,CG14785
FBgn0039875,LOC4801703,1,ortholog_one2one,sip3
FBgn0029925,LOC4816015,0,ortholog_one2one,CG3040
FBgn0039635,LOC4801156,1,ortholog_one2one,Pdhb
FBgn0020399,LOC4802571,1,ortholog_one2one,Mst89B
FBgn0288690,LOC4814226,1,ortholog_one2one,Dna2
FBgn0002732,LOC4802214,1,ortholog_one2one,E(spl)malpha-BFM
FBgn0037547,LOC4800956,0,ortholog_one2one,CG7910
FBgn0011569,LOC6903399,0,ortholog_one2many,can
FBgn0011569,LOC6903218,0,ortholog_one2many,can
FBgn0011569,LOC117185039,0,ortholog_one2many,can
FBgn0011569,LOC6896840,0,ortholog_one2many,can
FBgn0011569,LOC6901264,0,ortholog_one2many,can
FBgn0035405,LOC4811916,1,ortholog_one2one,CG15812
FBgn0283434,LOC4814506,1,ortholog_one2many,SdicC
FBgn0031099,LOC4814624,1,ortholog_one2one,CG17065
FBgn0051774,LOC4816819,1,ortholog_one2one,fred
FBgn0000996,LOC4804851,1,ortholog_one2one,dup
FBgn0031681,LOC4817341,0,ortholog_one2one,Pgant5
FBgn0032517,LOC4817991,1,ortholog_one2one,CG7099
FBgn0010411,LOC4804495,1,ortholog_one2one,RpS18
FBgn0024249,LOC4803816,1,ortholog_one2one,cato
FBgn0038484,LOC4800765,1,ortholog_one2one,CG5246
FBgn0039310,LOC4802351,1,ortholog_one2many,CG11878
FBgn0000166,LOC4802261,1,ortholog_one2one,bcd
FBgn0035798,LOC6899990,0,ortholog_one2one,frac
FBgn0031319,LOC117184191,1,ortholog_many2many,CG4896
FBgn0031319,LOC4817616,1,ortholog_many2many,CG4896
FBgn0038224,LOC4801944,1,ortholog_one2one,ATPsynE
FBgn0016797,LOC4812483,1,ortholog_one2one,fz2
FBgn0038262,LOC4801061,1,ortholog_one2one,CG14857
FBgn0038350,LOC6898345,0,ortholog_many2many,AOX4
FBgn0038350,LOC5384076,1,ortholog_many2many,AOX4
FBgn0038350,LOC5384075,1,ortholog_many2many,AOX4
FBgn0286222,LOC6901846,1,ortholog_one2one,Fum1
FBgn0037766,LOC4801487,0,ortholog_one2one,Teh1
FBgn0026393,LOC4805006,1,ortholog_one2one,Or43b
FBgn0032816,LOC4816206,1,ortholog_one2one,Nf-YB
FBgn0003141,LOC6902611,1,ortholog_one2one,pr
FBgn0259149,LOC6901945,1,ortholog_one2one,CG42264
FBgn0032419,LOC6903496,0,ortholog_one2one,CG17217
FBgn0259831,LOC6897130,1,ortholog_one2one,CG34309
FBgn0034602,LOC4803760,1,ortholog_one2one,Lapsyn
FBgn0034906,LOC4803388,1,ortholog_one2one,CG13561
FBgn0034129,LOC6898244,1,ortholog_one2one,Parp16
FBgn0033587,LOC6898624,1,ortholog_one2one,CG13218
FBgn0262100,LOC4802963,0,ortholog_one2one,CG42853
FBgn0036046,LOC117185171,1,ortholog_one2one,Ilp2
FBgn0036587,LOC4812038,1,ortholog_one2one,CG4950
FBgn0015791,LOC4816546,1,ortholog_one2one,Rab14
FBgn0016691,LOC4803097,1,ortholog_one2one,ATPsynO
FBgn0085465,LOC4814385,0,ortholog_one2many,CG34436
FBgn0266268,LOC4801935,1,ortholog_one2one,FeCH
FBgn0027505,LOC4817738,1,ortholog_one2one,Rab3-GAP
FBgn0038029,LOC4800816,1,ortholog_one2one,GstD11
FBgn0037467,LOC4802251,1,ortholog_one2one,Ufl1
FBgn0036192,LOC4812823,1,ortholog_one2one,Pldn
FBgn0034548,LOC4804413,1,ortholog_one2one,CG13443
FBgn0031545,LOC4817090,1,ortholog_one2one,CG3213
FBgn0063485,LOC4812252,1,ortholog_one2one,Lasp
FBgn0004876,LOC4801003,1,ortholog_one2one,cdi
FBgn0051852,LOC4817950,1,ortholog_one2one,Tap42
FBgn0034856,LOC4804493,1,ortholog_one2one,yellow-d2
FBgn0037101,LOC6897646,0,ortholog_one2many,CG7634
FBgn0037101,LOC6903186,0,ortholog_one2many,CG7634
FBgn0037101,LOC117184537,1,ortholog_one2many,CG7634
FBgn0010407,LOC6899811,0,ortholog_one2one,Ror
FBgn0038090,LOC4801421,1,ortholog_one2one,CG10909
FBgn0266101,LOC4812468,1,ortholog_one2one,CG44838
FBgn0038730,LOC6897994,0,ortholog_many2many,Acsx1L
FBgn0038730,LOC4803281,1,ortholog_many2many,Acsx1L
FBgn0263051,LOC6903583,1,ortholog_one2one,CG43346
FBgn0287187,LOC26533533,0,ortholog_one2one,mRpS5
FBgn0033464,LOC4804718,1,ortholog_one2one,CG1441
FBgn0004556,LOC4812162,1,ortholog_one2one,Dbp73D
FBgn0062978,LOC26534211,1,ortholog_one2one,CG31808
FBgn0085421,LOC6898079,1,ortholog_one2one,Epac
FBgn0262614,LOC4802625,1,ortholog_one2one,pyd
FBgn0037760,LOC4801495,1,ortholog_one2one,FBXO11
FBgn0263773,LOC6902610,1,ortholog_one2one,fok
FBgn0036350,LOC4813589,1,ortholog_one2one,CG14111
FBgn0036135,LOC4813215,0,ortholog_one2one,mRpL2
FBgn0002022,LOC4816961,1,ortholog_one2one,Catsup
FBgn0027548,LOC4804021,1,ortholog_one2one,nito
FBgn0052792,LOC4814984,1,ortholog_one2one,ppk8
FBgn0052703,LOC4816096,1,ortholog_one2one,Erk7
FBgn0000055,LOC4818070,1,ortholog_one2one,Adh
FBgn0040257,LOC4803134,1,ortholog_one2one,Ugt302E1
FBgn0037358,LOC6897171,1,ortholog_one2one,elm
FBgn0250908,LOC6897149,1,ortholog_one2one,beat-VII
FBgn0259188,LOC117184476,1,ortholog_one2one,Ir7f
FBgn0260392,LOC6898433,1,ortholog_one2one,CG42518
FBgn0034497,LOC4804595,1,ortholog_one2one,Mpcp1
FBgn0038945,LOC4801477,1,ortholog_one2one,CG5386
FBgn0050197,LOC4803960,1,ortholog_one2one,CG30197
FBgn0027291,LOC4815596,1,ortholog_one2one,Idh3a
FBgn0261260,LOC4816002,1,ortholog_one2one,mgl
FBgn0033467,LOC4804714,1,ortholog_one2one,Pdrg1
FBgn0025612,LOC6901800,1,ortholog_one2one,CG3062
FBgn0034703,LOC4805700,1,ortholog_one2one,CG3045
FBgn0035574,LOC6900063,1,ortholog_one2one,RhoGEF64C
FBgn0031670,LOC4816632,1,ortholog_one2one,SelT
FBgn0062517,LOC4814062,1,ortholog_one2one,CG16984
FBgn0038651,LOC4801975,0,ortholog_one2one,Epg5
FBgn0261278,LOC6903127,1,ortholog_one2one,grp
FBgn0283657,LOC6901632,1,ortholog_one2one,Tlk
FBgn0031878,LOC4816108,1,ortholog_one2one,sip2
FBgn0050043,LOC4804265,1,ortholog_one2one,CG30043
FBgn0034032,LOC4805294,0,ortholog_one2one,CG8195
FBgn0051109,LOC4802122,0,ortholog_one2one,CG31109
FBgn0031074,LOC117183193,0,ortholog_many2many,SkpE
FBgn0031074,LOC4811669,0,ortholog_many2many,SkpE
FBgn0031074,LOC6896928,0,ortholog_many2many,SkpE
FBgn0031074,LOC6899915,0,ortholog_many2many,SkpE
FBgn0031074,LOC6899917,0,ortholog_many2many,SkpE
FBgn0031074,LOC6899916,0,ortholog_many2many,SkpE
FBgn0031074,LOC117184947,0,ortholog_many2many,SkpE
FBgn0031074,LOC6899792,0,ortholog_many2many,SkpE
FBgn0031074,LOC26533389,0,ortholog_many2many,SkpE
FBgn0031074,LOC6899918,0,ortholog_many2many,SkpE
FBgn0030096,LOC4815093,1,ortholog_one2one,Zpr1
FBgn0250822,LOC26532494,1,ortholog_one2one,CG34222
FBgn0035538,LOC4812262,1,ortholog_one2one,DopEcR
FBgn0287204,LOC4817243,1,ortholog_one2one,Cog8
FBgn0030467,LOC4814824,0,ortholog_one2one,CG1764
FBgn0019830,LOC6902759,0,ortholog_one2one,colt
FBgn0033209,LOC4804136,1,ortholog_one2one,CG12107
FBgn0039050,LOC6896822,1,ortholog_one2one,CG17110
FBgn0023510,LOC4814852,1,ortholog_one2one,Rbcn-3B
FBgn0030676,LOC4815802,1,ortholog_one2one,CG12379
FBgn0020513,LOC4814561,0,ortholog_one2one,Paics
FBgn0263240,LOC4804923,1,ortholog_one2one,Coop
FBgn0011589,LOC4804102,1,ortholog_one2one,Elk
FBgn0000500,LOC4802776,0,ortholog_one2one,Dsk
FBgn0036461,LOC4813180,1,ortholog_one2one,Zip71B
FBgn0031631,LOC4817366,1,ortholog_one2one,CG3225
FBgn0026878,LOC4815428,1,ortholog_one2one,CG4325
FBgn0014870,LOC6903880,1,ortholog_one2one,Psi
FBgn0021796,LOC4816747,1,ortholog_one2one,mTor
FBgn0053526,LOC6903291,0,ortholog_one2one,PNUTS
FBgn0033090,LOC4803427,0,ortholog_one2many,CG15909
FBgn0039879,LOC6897394,1,ortholog_one2one,Ir100a
FBgn0003435,LOC4804945,1,ortholog_one2one,sm
FBgn0029992,LOC4815449,1,ortholog_one2one,Upf2
FBgn0039698,LOC4801965,1,ortholog_one2one,CG7789
FBgn0027515,LOC4816804,1,ortholog_one2one,CG7115
FBgn0025629,LOC4814934,0,ortholog_one2one,CG4045
FBgn0031568,LOC4817390,1,ortholog_one2one,CG10019
FBgn0016078,LOC4804520,1,ortholog_one2one,wun
FBgn0000359,LOC4815150,1,ortholog_one2one,Cp36
FBgn0040373,LOC4815565,1,ortholog_one2one,CG3038
FBgn0033757,LOC4804928,1,ortholog_one2one,muskelin
FBgn0038142,LOC4801271,1,ortholog_one2one,CheA87a
FBgn0032651,LOC4817671,1,ortholog_one2one,Oli
FBgn0050360,LOC4803609,1,ortholog_one2one,Mal-A6
FBgn0031373,LOC6902209,0,ortholog_one2many,CG15358
FBgn0027512,LOC6896816,1,ortholog_one2one,CG10254
FBgn0029660,LOC6903161,0,ortholog_one2one,CG10801
FBgn0262123,LOC26534452,0,ortholog_one2one,l(2)41Ab
FBgn0033115,LOC6900236,0,ortholog_one2one,Spn42De
FBgn0033317,LOC4805054,1,ortholog_one2one,CG8635
FBgn0033321,LOC4805059,1,ortholog_one2one,CG8738
FBgn0036220,LOC6900413,1,ortholog_one2one,CG5897
FBgn0035721,LOC4814031,1,ortholog_one2one,CG9948
FBgn0034292,LOC4804109,1,ortholog_one2many,CG5767
FBgn0022023,LOC6902520,1,ortholog_one2one,eIF3h
FBgn0261381,LOC117183166,1,ortholog_one2one,mtTFB1
FBgn0001083,LOC6901690,1,ortholog_one2one,fw
FBgn0023508,LOC4814443,1,ortholog_one2one,Ocrl
FBgn0030297,LOC4814579,1,ortholog_one2one,Gr10b
FBgn0037051,LOC4812195,1,ortholog_many2many,CG10565
FBgn0037105,LOC117185167,1,ortholog_one2one,S1P
FBgn0010348,LOC4813437,1,ortholog_one2many,Arf1
FBgn0010348,LOC6900388,0,ortholog_one2many,Arf1
FBgn0030158,LOC4814306,1,ortholog_one2one,CG9686
FBgn0029003,LOC4814933,1,ortholog_one2one,mab-21
FBgn0027950,LOC4802700,1,ortholog_one2one,MBD-like
FBgn0037327,LOC4802443,1,ortholog_one2one,PEK
FBgn0031920,LOC4818038,1,ortholog_one2one,CG6441
FBgn0040660,LOC4804492,1,ortholog_one2one,CG13551
FBgn0003270,LOC4817200,1,ortholog_one2one,amos
FBgn0287873,LOC4803569,1,ortholog_one2one,zip
FBgn0035947,LOC4813996,1,ortholog_one2one,Srp68
FBgn0051119,LOC4800301,1,ortholog_one2many,HDAC11
FBgn0051119,LOC117183311,1,ortholog_one2many,HDAC11
FBgn0035325,LOC4812982,1,ortholog_one2one,CG13806
FBgn0035279,LOC4813594,1,ortholog_one2one,Cpr62Ba
FBgn0039761,LOC4800398,1,ortholog_one2one,CG18404
FBgn0027788,LOC4804028,1,ortholog_one2one,Hey
FBgn0038675,LOC4801001,1,ortholog_one2one,CG6013
FBgn0030710,LOC26533845,0,ortholog_one2one,CG8924
FBgn0026409,LOC4813787,1,ortholog_one2one,Mpcp2
FBgn0015781,LOC6902373,0,ortholog_one2many,P5cr
FBgn0015781,LOC4800513,1,ortholog_one2many,P5cr
FBgn0015781,LOC6897119,0,ortholog_one2many,P5cr
FBgn0024248,LOC4811653,0,ortholog_one2one,chico
FBgn0267378,LOC6902936,1,ortholog_one2one,sau
FBgn0038974,LOC4801662,1,ortholog_one2one,CG5377
FBgn0029959,LOC4814813,1,ortholog_one2one,Rab39
FBgn0038647,LOC4801338,1,ortholog_one2one,CG14302
FBgn0037677,LOC4800707,0,ortholog_one2many,CG12951
FBgn0039153,LOC4801771,1,ortholog_one2one,GatB
FBgn0031333,LOC6903189,1,ortholog_one2many,CG5561
FBgn0039621,LOC4801605,1,ortholog_one2one,CG14518
FBgn0004237,LOC6897421,1,ortholog_one2one,Hrb87F
FBgn0035496,LOC6902656,0,ortholog_many2many,CG14990
FBgn0035496,LOC6902665,0,ortholog_many2many,CG14990
FBgn0035496,LOC117184065,0,ortholog_many2many,CG14990
FBgn0035496,LOC6902659,0,ortholog_many2many,CG14990
FBgn0034495,LOC4804597,1,ortholog_one2one,CG11788
FBgn0030809,LOC4814195,1,ortholog_one2one,Ubr1
FBgn0083969,LOC4800238,1,ortholog_one2one,CG34133
FBgn0032445,LOC4816496,1,ortholog_one2one,CG6153
FBgn0029937,LOC4815232,1,ortholog_one2one,CG8300
FBgn0034835,LOC4803717,1,ortholog_one2one,CG3092
FBgn0039464,LOC4800734,1,ortholog_one2one,CG6330
FBgn0259748,LOC26532380,1,ortholog_one2one,CG42397
FBgn0262125,LOC6897172,1,ortholog_one2one,Sec23
FBgn0038545,LOC4802863,1,ortholog_one2one,pasi1
FBgn0029903,LOC4815484,1,ortholog_one2one,pod1
FBgn0285913,LOC4801577,1,ortholog_one2one,red
FBgn0038183,LOC6897373,1,ortholog_one2one,CG9286
FBgn0034742,LOC4804213,1,ortholog_one2one,CG4294
FBgn0261680,LOC13036356,1,ortholog_one2one,CG42727
FBgn0002715,LOC4805707,1,ortholog_one2one,mei-S332
FBgn0028360,LOC4815978,1,ortholog_one2one,Cdc7
FBgn0034521,LOC4805014,0,ortholog_one2one,Mgat1
FBgn0031519,LOC4817382,1,ortholog_one2one,Fign
FBgn0036147,LOC4813297,0,ortholog_one2one,Plod
FBgn0029997,LOC4815672,0,ortholog_one2one,CG2258
FBgn0052113,LOC6900489,1,ortholog_one2one,Vps13D
FBgn0038161,LOC4802001,1,ortholog_one2one,CG9269
FBgn0039795,LOC4800270,1,ortholog_one2one,Spn100A
FBgn0040843,LOC4814149,1,ortholog_one2one,CG15213
FBgn0002441,LOC4801241,1,ortholog_one2one,l(3)mbt
FBgn0029761,LOC6901746,1,ortholog_one2one,SK
FBgn0036173,LOC4813271,1,ortholog_one2one,CG7394
FBgn0031530,LOC4817480,1,ortholog_one2one,Pgant2
FBgn0086917,LOC26532957,0,ortholog_one2one,spok
FBgn0030805,LOC4814203,1,ortholog_one2one,wus
FBgn0017429,LOC4812732,1,ortholog_one2one,CG5989
FBgn0024329,LOC4801337,1,ortholog_one2one,Mekk1
FBgn0030485,LOC4814340,0,ortholog_one2one,CG1998
FBgn0039598,LOC6896834,1,ortholog_one2one,aqrs
FBgn0028669,LOC4804061,1,ortholog_one2one,Vha100-3
FBgn0039805,LOC4800317,1,ortholog_one2one,Cpr100A
FBgn0037987,LOC4802595,1,ortholog_one2one,CG14739
FBgn0052086,LOC6900749,1,ortholog_many2many,CG32086
FBgn0052086,LOC6900790,0,ortholog_many2many,CG32086
FBgn0050428,LOC4804621,0,ortholog_one2one,CG30428
FBgn0032304,LOC4816769,1,ortholog_one2one,CG17134
FBgn0015025,LOC4813502,1,ortholog_one2one,CkIIalpha-i1
FBgn0034684,LOC4805270,1,ortholog_one2one,CG13501
FBgn0039064,LOC4801230,1,ortholog_one2one,CG4467
FBgn0004623,LOC4811861,1,ortholog_one2one,Gbeta76C
FBgn0034907,LOC4803389,1,ortholog_one2one,CG5539
FBgn0036332,LOC4813684,1,ortholog_one2one,Cul6
FBgn0034481,LOC4804972,1,ortholog_one2one,CG11041
FBgn0250754,LOC6897607,1,ortholog_one2one,CG42232
FBgn0001301,LOC4817651,1,ortholog_one2one,kel
FBgn0035926,LOC4812711,1,ortholog_one2one,Acbp5
FBgn0035636,LOC4813524,1,ortholog_one2one,Cralbp
FBgn0038547,LOC4815047,0,ortholog_one2one,CG17803
FBgn0031312,LOC4817608,1,ortholog_one2one,Tango14
FBgn0002533,LOC4803600,1,ortholog_many2many,Lcp2
FBgn0002533,LOC6898146,1,ortholog_many2many,Lcp2
FBgn0024943,LOC6901007,0,ortholog_one2one,PIP82
FBgn0034117,LOC4803800,1,ortholog_one2one,CG7997
FBgn0034371,LOC4803758,0,ortholog_one2one,Ntan1
FBgn0085328,LOC6896728,1,ortholog_one2one,CG34299
FBgn0035806,LOC4813090,1,ortholog_one2one,PGRP-SD
FBgn0086450,LOC4815980,0,ortholog_one2one,su(r)
FBgn0036605,LOC6900019,1,ortholog_many2many,CG13041
FBgn0036605,LOC6900020,0,ortholog_many2many,CG13041
FBgn0032824,LOC4816218,0,ortholog_one2one,CG13962
FBgn0039848,LOC4800728,1,ortholog_one2one,Loxl1
FBgn0288730,LOC4815815,0,ortholog_one2many,CG46505
FBgn0030944,LOC4814418,1,ortholog_one2one,Hou
FBgn0030061,LOC4815331,1,ortholog_one2one,CG1785
FBgn0052369,LOC4811920,1,ortholog_one2one,CG32369
FBgn0037773,LOC4800782,1,ortholog_one2one,CG5359
FBgn0039438,LOC4801328,1,ortholog_one2one,TwdlO
FBgn0010768,LOC4803237,1,ortholog_one2one,sqz
FBgn0039167,LOC4801791,1,ortholog_one2one,CG17786
FBgn0032790,LOC4816450,1,ortholog_one2one,CG10194
FBgn0263397,LOC4805489,1,ortholog_one2one,Ih
FBgn0040877,LOC4814989,1,ortholog_one2one,CG12994
FBgn0004390,LOC4814011,0,ortholog_one2one,RasGAP1
FBgn0039544,LOC4800673,1,ortholog_one2one,CG12877
FBgn0039938,LOC4811787,1,ortholog_one2one,Sox102F
FBgn0034470,LOC4804960,1,ortholog_one2one,Obp56d
FBgn0034275,LOC6898900,1,ortholog_one2one,CG5002
FBgn0035791,LOC4813176,1,ortholog_one2one,CG8539
FBgn0288700,LOC6901083,1,ortholog_one2one,stg1
FBgn0003964,LOC4815658,1,ortholog_one2one,usp
FBgn0051813,LOC4817858,1,ortholog_one2one,nur
FBgn0028525,LOC4817713,1,ortholog_one2one,c(2)M
FBgn0053056,LOC4812936,1,ortholog_one2one,Targ2
FBgn0036593,LOC6900015,1,ortholog_one2one,CG13048
FBgn0266599,LOC4803092,1,ortholog_one2many,Hsc70-4
FBgn0266599,LOC6897906,0,ortholog_one2many,Hsc70-4
FBgn0032030,LOC4818096,1,ortholog_one2one,Wdr82
FBgn0038295,LOC6897592,1,ortholog_one2one,Gyc88E
FBgn0000228,LOC4817332,1,ortholog_one2one,Nin
FBgn0035435,LOC4811964,1,ortholog_one2one,PIG-C
FBgn0261560,LOC4817177,1,ortholog_one2one,Thor
FBgn0003486,LOC4813730,1,ortholog_one2one,spo
FBgn0036272,LOC4813516,1,ortholog_one2one,Sms
FBgn0038811,LOC4800529,1,ortholog_one2one,Pus1
FBgn0046114,LOC4801531,0,ortholog_one2one,Gclm
FBgn0052437,LOC4813924,0,ortholog_one2many,CG32437
FBgn0052437,LOC6901722,0,ortholog_one2many,CG32437
FBgn0000278,LOC6896733,0,ortholog_many2many,CecB
FBgn0000278,LOC6896731,0,ortholog_many2many,CecB
FBgn0000278,LOC6896732,0,ortholog_many2many,CecB
FBgn0261885,LOC6897828,1,ortholog_one2one,osa
FBgn0086676,LOC4805638,1,ortholog_one2one,spin
FBgn0035401,LOC4812504,1,ortholog_one2one,Alg2
FBgn0034029,LOC4804870,1,ortholog_one2one,eIF2Bgamma
FBgn0062442,LOC4800463,1,ortholog_one2one,Cisd2
FBgn0014469,LOC4803604,1,ortholog_many2many,Cyp4e2
FBgn0014469,LOC6898148,1,ortholog_many2many,Cyp4e2
FBgn0014469,LOC6898149,1,ortholog_many2many,Cyp4e2
FBgn0036428,LOC4813808,1,ortholog_one2one,Gbs-70E
FBgn0031393,LOC13036414,1,ortholog_one2one,CG15382
FBgn0037320,LOC6897611,0,ortholog_one2one,CG14668
FBgn0259140,LOC6900125,0,ortholog_one2one,Cubn2
FBgn0035853,LOC4814171,1,ortholog_one2one,UbcE2M
FBgn0032781,LOC4816348,1,ortholog_one2one,RtcB
FBgn0051855,LOC4817949,1,ortholog_one2one,CG31855
FBgn0035766,LOC4811960,1,ortholog_one2one,eco
FBgn0053998,LOC6898218,1,ortholog_one2one,CG33998
FBgn0051624,LOC4818072,1,ortholog_one2many,CG31624
FBgn0266417,LOC4812374,1,ortholog_one2one,ringer
FBgn0001320,LOC4812075,1,ortholog_one2one,kni
FBgn0030993,LOC4815315,1,ortholog_one2one,Mec2
FBgn0035619,LOC4813729,1,ortholog_one2one,Alp10
FBgn0032899,LOC6903080,1,ortholog_one2one,CG9338
FBgn0051219,LOC117183241,0,ortholog_one2many,CG31219
FBgn0085188,LOC6903280,1,ortholog_one2one,CG34159
FBgn0038708,LOC6902103,0,ortholog_one2one,Scsalpha2
FBgn0000273,LOC4817464,1,ortholog_one2one,Pka-C1
FBgn0000037,LOC4805615,1,ortholog_one2one,mAChR-A
FBgn0011455,LOC4813825,1,ortholog_one2one,ND-SGDH
FBgn0037815,LOC4801021,1,ortholog_one2one,Rrp46
FBgn0038862,LOC4803194,0,ortholog_one2one,Usp8
FBgn0052241,LOC6900047,1,ortholog_one2one,CG32241
FBgn0029864,LOC4815599,1,ortholog_one2one,CG15894
FBgn0035082,LOC4803556,1,ortholog_one2one,CG2811
FBgn0039862,LOC4801987,1,ortholog_one2one,kek6
FBgn0263929,LOC4801060,1,ortholog_one2one,jvl
FBgn0039265,LOC4802128,0,ortholog_one2one,CG11790
FBgn0039332,LOC4803048,1,ortholog_one2one,alrm
FBgn0004698,LOC4803356,1,ortholog_one2one,Xpc
FBgn0002909,LOC4812434,1,ortholog_one2one,mus312
FBgn0085383,LOC13036342,1,ortholog_one2one,CG34354
FBgn0038938,LOC4801468,1,ortholog_one2one,CG7084
FBgn0003502,LOC4817015,1,ortholog_one2one,Btk
FBgn0045442,LOC6897003,0,ortholog_one2many,mthl12
FBgn0270925,LOC6897909,1,ortholog_one2one,CG4836
FBgn0266671,LOC4804441,0,ortholog_one2one,Sec6
FBgn0036703,LOC6902476,0,ortholog_one2one,CG7707
FBgn0035719,LOC4812165,1,ortholog_one2one,tow
FBgn0036991,LOC4812281,1,ortholog_one2one,CtIP
FBgn0265185,LOC26532284,1,ortholog_one2one,CG44250
FBgn0011278,LOC4801355,1,ortholog_one2one,lbe
FBgn0051055,LOC4800667,0,ortholog_one2one,CG31055
FBgn0030961,LOC4814345,1,ortholog_one2one,CG7058
FBgn0001217,LOC4801399,1,ortholog_one2one,Hsc70-2
FBgn0266668,LOC4802202,1,ortholog_one2one,Exo84
FBgn0032168,LOC4817371,1,ortholog_one2one,CG13126
FBgn0005642,LOC4800625,1,ortholog_one2one,wdn
FBgn0259742,LOC6898965,1,ortholog_one2one,CG42360
FBgn0027602,LOC6901237,1,ortholog_one2one,CG8611
FBgn0025109,LOC4816376,1,ortholog_one2one,Bem46
FBgn0051708,LOC6902400,1,ortholog_one2one,DIP-zeta
FBgn0031998,LOC4817241,1,ortholog_many2many,SLC5A11
FBgn0031998,LOC6902923,1,ortholog_many2many,SLC5A11
FBgn0032131,LOC4817082,1,ortholog_one2one,CG3841
FBgn0045482,LOC4803733,1,ortholog_one2one,Gr59b
FBgn0040360,LOC4815975,1,ortholog_one2one,CG14626
FBgn0267486,LOC26534320,1,ortholog_one2one,Ptp36E
FBgn0030686,LOC6903689,0,ortholog_one2many,mRpL3
FBgn0030686,LOC117185100,0,ortholog_one2many,mRpL3
FBgn0016684,LOC4803948,1,ortholog_one2one,NaPi-T
FBgn0035470,LOC4811977,1,ortholog_one2one,Ccz1
FBgn0266442,LOC6901384,0,ortholog_one2many,CG45072
FBgn0266442,LOC6901383,0,ortholog_one2many,CG45072
FBgn0034628,LOC5495513,1,ortholog_one2one,Acox57D-p
FBgn0037632,LOC4803021,1,ortholog_one2one,CCT7
FBgn0266708,LOC4805735,1,ortholog_one2one,Cep89
FBgn0050423,LOC6898614,1,ortholog_one2one,CG30423
FBgn0035143,LOC6900977,1,ortholog_one2one,Ppm1
FBgn0030001,LOC4815171,1,ortholog_one2one,cyr
FBgn0028418,LOC4813809,1,ortholog_one2one,Lk
FBgn0039080,LOC6896802,1,ortholog_one2one,Ir94h
FBgn0031696,LOC4817418,1,ortholog_one2one,Bub1
FBgn0035313,LOC4813506,1,ortholog_one2one,CG13810
FBgn0013681,GeneID_44805025,1,ortholog_one2one,mt:ND3
FBgn0029963,LOC6901822,1,ortholog_one2one,CG10920
FBgn0052638,LOC4814943,1,ortholog_one2one,CG32638
FBgn0053530,LOC6899094,1,ortholog_one2one,Acp53C14c
FBgn0033177,LOC4804171,1,ortholog_one2one,CG11141
FBgn0051086,LOC4802188,1,ortholog_one2one,CG31086
FBgn0039192,LOC4802157,1,ortholog_one2one,CG17784
FBgn0287454,LOC4814730,1,ortholog_one2one,Pa1
FBgn0025454,LOC4803683,1,ortholog_one2one,Cyp6g1
FBgn0010269,LOC4815680,1,ortholog_one2one,Dsor1
FBgn0030054,LOC4815084,1,ortholog_one2one,Caf1-180
FBgn0064115,LOC6902715,1,ortholog_one2one,GatC
FBgn0261647,LOC4816997,1,ortholog_one2one,Axud1
FBgn0263143,LOC6901708,0,ortholog_one2many,vret
FBgn0263143,LOC4800932,1,ortholog_one2many,vret
FBgn0037899,LOC4803195,1,ortholog_one2one,RpL24-like
FBgn0052571,LOC4815553,1,ortholog_one2one,TwdlX
FBgn0085246,LOC6898134,1,ortholog_one2one,CG34217
FBgn0028870,LOC4803590,0,ortholog_one2many,CG4691
FBgn0032370,LOC6902861,1,ortholog_one2one,CG12307
FBgn0031986,LOC6902474,0,ortholog_one2many,CG8673
FBgn0031986,LOC6902478,0,ortholog_one2many,CG8673
FBgn0031986,LOC26533173,1,ortholog_one2many,CG8673
FBgn0031986,LOC117183910,0,ortholog_one2many,CG8673
FBgn0028372,LOC6898713,1,ortholog_one2one,Kpc2
FBgn0030615,LOC4815970,1,ortholog_one2one,Cyp4s3
FBgn0044323,LOC4817083,1,ortholog_one2one,Cka
FBgn0030321,LOC4815425,0,ortholog_one2one,CG1703
FBgn0261802,LOC6902406,1,ortholog_one2one,CG42748
FBgn0034564,LOC4805173,0,ortholog_one2one,CG9344
FBgn0038510,LOC4801199,1,ortholog_one2one,CG14331
FBgn0034413,LOC6898354,1,ortholog_one2one,CG15115
FBgn0287182,LOC13036350,0,ortholog_one2one,l(3)80Fj
FBgn0037537,LOC4801291,1,ortholog_one2one,CG2767
FBgn0029093,LOC4803632,1,ortholog_one2one,cathD
FBgn0035513,LOC6900304,1,ortholog_one2one,Cpr64Ad
FBgn0035942,LOC4812185,1,ortholog_one2one,ValRS-m
FBgn0019985,LOC6899877,1,ortholog_one2one,mGluR
FBgn0031086,LOC6901676,0,ortholog_one2one,fd19B
FBgn0051176,LOC4802695,1,ortholog_one2one,CG31176
FBgn0053969,LOC4813970,1,ortholog_one2one,CG33969
FBgn0036977,LOC4813915,1,ortholog_one2one,CG5665
FBgn0085466,LOC4814385,0,ortholog_one2many,CG34437
FBgn0034008,LOC4803357,1,ortholog_one2one,CG8152
FBgn0033844,LOC4804384,1,ortholog_one2one,bbc
FBgn0026309,LOC4805375,1,ortholog_one2one,aft
FBgn0036072,LOC4812795,1,ortholog_one2one,CG6628
FBgn0050089,LOC6899116,1,ortholog_one2one,CG30089
FBgn0261862,LOC4805336,1,ortholog_one2one,whd
FBgn0085482,LOC6899977,1,ortholog_one2one,CG34453
FBgn0260990,LOC4800998,1,ortholog_one2one,yata
FBgn0265625,LOC6898227,0,ortholog_one2many,CG44433
FBgn0003371,LOC6902166,1,ortholog_one2one,sgg
FBgn0267796,LOC4812746,0,ortholog_one2one,Tmc
FBgn0262823,LOC13036497,1,ortholog_one2one,hemo
FBgn0011224,LOC4801843,0,ortholog_one2one,heph
FBgn0051248,LOC4802919,1,ortholog_one2one,CG31248
FBgn0024371,LOC4818188,1,ortholog_one2one,E2f2
FBgn0288447,LOC6898765,0,ortholog_one2many,BaraA2
FBgn0283666,LOC6898447,1,ortholog_one2one,Rap2l
FBgn0038306,LOC4803089,1,ortholog_one2one,Art3
FBgn0023528,LOC4815983,1,ortholog_one2one,CG2924
FBgn0031031,LOC6901901,0,ortholog_one2one,CG14218
FBgn0029084,LOC6899108,1,ortholog_one2one,gom
FBgn0052177,LOC4812776,1,ortholog_one2one,Ndfip
FBgn0040259,LOC6897936,1,ortholog_one2many,Ugt302C1
FBgn0040259,LOC4803135,1,ortholog_one2many,Ugt302C1
FBgn0263033,LOC117183684,1,ortholog_one2one,CG43328
FBgn0051103,LOC4802115,1,ortholog_one2one,CG31103
FBgn0031563,LOC6902962,1,ortholog_one2one,CG10031
FBgn0026737,LOC4800698,1,ortholog_one2one,CG6171
FBgn0263231,LOC6897432,1,ortholog_one2one,bel
FBgn0025394,LOC4816033,1,ortholog_one2one,inc
FBgn0031955,LOC4817387,1,ortholog_one2one,CG14535
FBgn0041180,LOC6903413,1,ortholog_one2many,Tep4
FBgn0041180,LOC4817973,1,ortholog_one2many,Tep4
FBgn0010044,LOC4800814,1,ortholog_one2one,GstD8
FBgn0283437,LOC4804100,1,ortholog_one2one,PPO1
FBgn0261986,LOC4802672,1,ortholog_one2one,RASSF8
FBgn0053844,LOC117185611,1,ortholog_one2one,His2A:CG33844
FBgn0041240,LOC4804416,1,ortholog_one2one,Gr57a
FBgn0029939,LOC26533794,1,ortholog_one2one,Cph
FBgn0039522,LOC4801184,1,ortholog_one2one,CG13972
FBgn0038181,LOC4801308,1,ortholog_one2one,CG9297
FBgn0039839,LOC6896884,1,ortholog_one2one,ppk24
FBgn0027784,LOC4800512,1,ortholog_one2one,Prp18
FBgn0283450,LOC6898453,0,ortholog_one2one,Glo1
FBgn0050109,LOC4804670,1,ortholog_one2many,CG30109
FBgn0028863,LOC4816419,0,ortholog_one2one,stol
FBgn0264489,LOC6900735,0,ortholog_one2one,CG43897
FBgn0010416,LOC4814833,1,ortholog_one2one,TH1
FBgn0032149,LOC4816986,1,ortholog_one2one,CG4036
FBgn0029928,LOC4815201,0,ortholog_one2one,CG3032
FBgn0034068,LOC4805352,1,ortholog_one2one,casp
FBgn0038845,LOC4801537,1,ortholog_one2one,Alp5
FBgn0026084,LOC4814844,1,ortholog_one2one,cib
FBgn0036545,LOC4813354,1,ortholog_one2one,GXIVsPLA2
FBgn0050342,LOC4805175,1,ortholog_one2one,Prp38
FBgn0002930,LOC4803479,1,ortholog_one2one,nec
FBgn0031937,LOC6902826,1,ortholog_one2many,CG13795
FBgn0037232,LOC4802755,1,ortholog_one2one,Suv3
FBgn0266696,LOC4812804,1,ortholog_one2one,Svil
FBgn0032923,LOC4818185,1,ortholog_one2one,Pld3
FBgn0052487,LOC4812525,1,ortholog_one2one,CG32487
FBgn0043791,LOC4800454,0,ortholog_one2one,phu
FBgn0039228,LOC4800427,1,ortholog_one2one,CG6980
FBgn0025463,LOC4814457,1,ortholog_one2one,Bap60
FBgn0033233,LOC4805005,1,ortholog_one2one,Kdm4A
FBgn0034396,LOC4803623,1,ortholog_one2one,CG15097
FBgn0031596,LOC4817588,1,ortholog_one2one,CG15429
FBgn0052263,LOC4813352,1,ortholog_one2one,CG32263
FBgn0029827,LOC4815031,1,ortholog_one2one,CG6048
FBgn0061360,LOC4803537,1,ortholog_one2one,CG33672
FBgn0001313,LOC6899617,0,ortholog_one2one,kl-2
FBgn0085462,LOC6896694,1,ortholog_one2many,CG34433
FBgn0029644,LOC4815100,1,ortholog_one2one,CG14421
FBgn0039407,LOC4802195,1,ortholog_one2one,Trmt61
FBgn0034502,LOC4804602,1,ortholog_one2one,CG13871
FBgn0038700,LOC4803255,1,ortholog_one2one,CG3734
FBgn0035414,LOC6900513,1,ortholog_one2one,CG14965
FBgn0029708,LOC6902033,1,ortholog_one2one,CG3556
FBgn0000276,LOC6896734,1,ortholog_one2many,CecA1
FBgn0263031,LOC4803830,1,ortholog_one2one,CG43326
FBgn0037503,LOC4802954,1,ortholog_one2one,CG14598
FBgn0033356,LOC6898058,1,ortholog_one2one,CG8229
FBgn0039156,LOC4801778,1,ortholog_one2one,CG6178
FBgn0032364,LOC6902858,0,ortholog_one2one,CG4970
FBgn0023388,LOC4818191,1,ortholog_one2one,Dap160
FBgn0035890,LOC6900886,1,ortholog_one2one,CG13667
FBgn0259923,LOC4815009,0,ortholog_one2one,Septin4
FBgn0033598,LOC4804733,1,ortholog_one2one,Cpr47Eb
FBgn0028992,LOC4801207,1,ortholog_one2one,sds22
FBgn0029857,LOC6901319,0,ortholog_one2one,wuho
FBgn0033194,LOC4804906,1,ortholog_one2one,Vps13
FBgn0011217,LOC6897020,1,ortholog_one2one,eff
FBgn0017418,LOC6902169,0,ortholog_one2one,ari-1
FBgn0085346,LOC6896717,1,ortholog_one2one,Rpp14a
FBgn0050404,LOC4805239,1,ortholog_one2one,Tango11
FBgn0263102,LOC6898873,1,ortholog_one2one,psq
FBgn0262801,LOC4802274,1,ortholog_one2one,twr
FBgn0033970,LOC4803946,1,ortholog_one2one,CG10205
FBgn0035285,LOC4813721,1,ortholog_one2one,CG12025
FBgn0027590,LOC4804703,1,ortholog_one2one,GstE12
FBgn0040832,LOC6900944,1,ortholog_one2one,CG8012
FBgn0035486,LOC4813522,1,ortholog_one2one,Gr64d
FBgn0050103,LOC6898299,1,ortholog_one2one,CG30103
FBgn0036576,LOC6899996,1,ortholog_one2one,CG5151
FBgn0003978,LOC4816378,1,ortholog_one2many,vls
FBgn0003978,LOC6901050,0,ortholog_one2many,vls
FBgn0259818,LOC4817755,1,ortholog_one2one,CG42399
FBgn0040238,LOC4801045,1,ortholog_one2one,Best1
FBgn0036299,LOC4813566,1,ortholog_one2one,Tsf2
FBgn0033726,LOC4804273,1,ortholog_one2one,Cpr49Ad
FBgn0037999,LOC4802606,1,ortholog_one2one,CG4860
FBgn0032471,LOC4816455,1,ortholog_one2one,CG5122
FBgn0051826,LOC4816410,1,ortholog_one2one,CG31826
FBgn0032870,LOC4817297,1,ortholog_one2one,CG2608
FBgn0051547,LOC4802434,1,ortholog_one2one,NKCC
FBgn0283477,LOC4802563,1,ortholog_one2one,SF2
FBgn0032633,LOC4816789,1,ortholog_one2one,Lrch
FBgn0053094,LOC4801553,1,ortholog_one2one,Synd
FBgn0033558,LOC4805309,1,ortholog_one2one,alka
FBgn0039161,LOC4801785,1,ortholog_one2one,CG13606
FBgn0052405,LOC5495511,1,ortholog_one2one,Cpr65Av
FBgn0052040,LOC4813993,1,ortholog_one2one,CG32040
FBgn0005613,LOC4805348,1,ortholog_one2one,Sox15
FBgn0036325,LOC6897508,0,ortholog_one2one,CG10752
FBgn0011556,LOC6898784,0,ortholog_one2many,zetaTry
FBgn0011722,LOC4816234,1,ortholog_one2one,Tig
FBgn0036723,LOC4813901,1,ortholog_one2one,CG12229